K0_thermo,K1_thermo,K2_thermo,L11,L12,L22,branch,c_v_electronic,cauchy_schwarz_determinant,cauchy_schwarz_ok,charge_diffusivity_proxy,chemical_potential,disorder_full_width,dmu_dT_fixed_density,electronic_energy_density,final_residual,half_filling,ill_conditioned,index,interaction,iterations,kappa_e,kappa_e_over_T,kappa_from_variance,kappa_half_filling_formula,kappa_half_relative_difference,lorenz,lorenz_over_L0,max_imag_sigma_global,max_imag_sigma_relevant,particle_density_thermo,rho_arith_zero,rho_floor_count_final,rho_typ_zero,rho_zero,scalar_diffusivities_decoupled,sigma,sigma_T0,status,sum_rule_arith_bath,sum_rule_medium,target_filling,tau_symmetry_relative_error,temperature,temperatures,thermal_diffusivity_proxy,thermodynamic_energy_variance,thermodynamic_ill_conditioned,thermodynamic_mean_energy,thermodynamic_moment_determinant,thermodynamic_moment_ok,thermodynamic_status,thermoelectric_coupling,thermopower,transport_energy_variance,transport_mean_energy,variance_identity_relative_error
0.49491545371144696,1.0701597476116511e-20,4.0652290385971104e-05,0.01712601383777674,1.1922427202952416e-21,1.4046310699174726e-06,arith,0.00813045807719422,2.4055731140377782e-08,True,0.03460391812247149,0.64583333335,1.52,-4.32461641513256e-18,-0.022859469018911532,4.444177300073187e-09,True,False,0,1.2916666667,338,0.0002809262139834945,0.056185242796698905,0.0002809262139834945,0.0002809262139834945,0.0,3.2806958658859022,0.9972119649062515,-2.1652062390121866e-05,-2.1652062390121866e-05,0.49995838766205425,0.4951154082865418,0.0,0.274137003755265,0.4951154082865418,True,0.01712601383777674,0.017140889142050426,success,0.9999167753241083,0.9999167753241083,0.5,2.112629762722102e-15,0.005,"[0.005, 0.0075, 0.01, 0.015, 0.02, 0.03, 0.05, 0.08]",0.034552323044563404,8.213986870103436e-05,False,2.16230820756628e-20,2.0119446740782383e-05,True,success,7.686973763072008e-18,-1.392317828992267e-17,8.201739664714757e-05,6.961589144961334e-20,0.0
0.4946639094296,-4.934231615552316e-19,9.126990166841873e-05,0.017107342249059517,9.433167705554728e-21,3.145802065335365e-06,arith,0.01216932022245583,5.381631257949038e-08,True,0.03458376874267237,0.64583333335,1.52,1.3299889807989724e-16,-0.022834088731925564,4.444177300073187e-09,True,False,0,1.2916666667,338,0.0004194402753780487,0.055925370050406494,0.0004194402753780487,0.0004194402753780487,0.0,3.269085825034044,0.9936829356625131,-2.1652062390121866e-05,-2.1652062390121866e-05,0.49995838766205425,0.4951154082865418,0.0,0.274137003755265,0.4951154082865418,True,0.017107342249059517,0.017140889142050426,success,0.9999167753241083,0.9999167753241083,0.5,2.112629762722102e-15,0.0075,"[0.005, 0.0075, 0.01, 0.015, 0.02, 0.03, 0.05, 0.08]",0.03446702590700695,0.00018450891590951647,False,-9.974917355992293e-19,4.5147926372555176e-05,True,success,4.0663109588310145e-17,-7.35213965888307e-17,0.00018388607765816497,5.514104744162302e-19,0.0
0.49430879909849834,1.482307657694934e-19,0.00016175649636669413,0.017081064421346007,-1.5392176838386932e-20,5.5557634363385465e-06,arith,0.016175649636669412,9.489835316585738e-08,True,0.03455545289199344,0.64583333335,1.52,-2.998748273140819e-17,-0.02279864950535719,4.444177300073187e-09,True,False,0,1.2916666667,338,0.0005555763436338547,0.05555763436338547,0.0005555763436338547,0.0005555763436338547,0.0,3.2525861967920298,0.9886676500730948,-2.1652062390121866e-05,-2.1652062390121866e-05,0.49995838766205425,0.4951154082865418,0.0,0.274137003755265,0.4951154082865418,True,0.017081064421346007,0.017140889142050426,success,0.9999167753241083,0.9999167753241083,0.5,2.112629762722102e-15,0.01,"[0.005, 0.0075, 0.01, 0.015, 0.02, 0.03, 0.05, 0.08]",0.034346462498445196,0.00032723774422324566,False,2.9987482731408192e-19,7.995765946540119e-05,True,success,-4.996555391325765e-17,9.011251558276138e-17,0.000325258619679203,-9.01125155827614e-19,0.0
0.4932763002711047,-5.288200482058419e-19,0.0003606225476736356,0.01700522198981982,2.9588952973392263e-21,1.226033544168646e-05,arith,0.024041503178242375,2.084897258555339e-07,True,0.03447403003240527,0.64583333335,1.52,7.147043119852604e-17,-0.022698010922363482,4.444177300073187e-09,True,False,0,1.2916666667,338,0.0008173556961124307,0.054490379740828716,0.0008173556961124307,0.0008173556961124307,0.0,3.204332161817669,0.9740001822557317,-2.1652062390121866e-05,-2.1652062390121866e-05,0.49995838766205425,0.4951154082865418,0.0,0.274137003755265,0.4951154082865418,True,0.01700522198981982,0.017140889142050426,success,0.9999167753241083,0.9999167753241083,0.5,2.112629762722102e-15,0.015,"[0.005, 0.0075, 0.01, 0.015, 0.02, 0.03, 0.05, 0.08]",0.03399769515460829,0.000731076168620786,False,-1.0720564679778905e-18,0.00017788655611079105,True,success,6.480182969711315e-18,-1.1599947745896602e-17,0.0007209747364089756,1.7399921618844904e-19,0.0
0.49179412625103736,1.1279381599016601e-18,0.0006325738350685868,0.016897816260164733,1.494040573840269e-20,2.119858831985157e-05,arith,0.03162869175342934,3.582098504037261e-07,True,0.03435953249173051,0.64583333335,1.52,-1.1467584703582875e-16,-0.022558700037785734,4.444177300073187e-09,True,False,0,1.2916666667,338,0.0010599294159925785,0.05299647079962892,0.0010599294159925787,0.0010599294159925785,0.0,3.136291103162479,0.9533181804580669,-2.1652062390121866e-05,-2.1652062390121866e-05,0.4999583876620542,0.4951154082865418,0.0,0.274137003755265,0.4951154082865418,True,0.016897816260164733,0.017140889142050426,success,0.9999167753241083,0.9999167753241083,0.5,2.112629762722102e-15,0.02,"[0.005, 0.0075, 0.01, 0.015, 0.02, 0.03, 0.05, 0.08]",0.03351164266469086,0.0012862574018334006,False,2.293516940716575e-18,0.00031109609650682344,True,success,2.4962819108996467e-17,-4.4208096207151675e-17,0.0012545164412649918,8.841619241430336e-19,2.045800703568917e-16
0.4874647092396678,8.519681604359717e-19,0.0013707553346558317,0.016592576140623483,-7.422895048135407e-20,4.418878314590815e-05,arith,0.04569184448852772,7.332057489099806e-07,True,0.034038517714449656,0.64583333335,1.52,-5.825845059736701e-17,-0.022170783971247193,4.444177300073187e-09,True,False,0,1.2916666667,338,0.0014729594381969382,0.04909864793989794,0.0014729594381969382,0.0014729594381969382,0.0,2.9590732339440695,0.8994504076427202,-2.1652062390121866e-05,-2.1652062390121866e-05,0.4999583876620542,0.4951154082865418,0.0,0.274137003755265,0.4951154082865418,True,0.016592576140623483,0.017140889142050426,success,0.9999167753241083,0.9999167753241083,0.5,2.112629762722102e-15,0.03,"[0.005, 0.0075, 0.01, 0.015, 0.02, 0.03, 0.05, 0.08]",0.032236812820431615,0.0028120093797023645,False,1.74775351792101e-18,0.0006681948506467285,True,success,-8.668828065169731e-17,1.4912080730614594e-16,0.002663165910549663,-4.473624219184378e-18,0.0
0.47463176828094006,2.559098350110018e-19,0.0034789152655055854,0.015733500184244315,-1.3075657532919531e-20,0.00010225483146839698,arith,0.06957830531011171,1.6088264097478953e-06,True,0.03314885609370225,0.64583333335,1.52,-1.0783510591289617e-17,-0.021010102864168753,4.444177300073187e-09,True,False,0,1.2916666667,338,0.0020450966293679394,0.04090193258735879,0.0020450966293679394,0.0020450966293679394,0.0,2.5996715357920417,0.7902053912632312,-2.1652062390121866e-05,-2.1652062390121866e-05,0.49995838766205425,0.4951154082865418,0.0,0.274137003755265,0.4951154082865418,True,0.015733500184244315,0.017140889142050426,success,0.9999167753241083,0.9999167753241083,0.5,2.112629762722102e-15,0.05,"[0.005, 0.0075, 0.01, 0.015, 0.02, 0.03, 0.05, 0.08]",0.029392734132470007,0.007329714313278699,False,5.3917552956448085e-19,0.001651203704166472,True,success,-1.0308819700500284e-17,1.662142228976312e-17,0.006499178839480105,-8.31071114488156e-19,0.0
0.45243046026665606,4.591044250551416e-18,0.008002669810763054,0.014328888284370704,-1.7974775048613002e-21,0.0002091485304465884,arith,0.10003337263453818,2.99686592760947e-06,True,0.031670918611283294,0.64583333335,1.52,-1.2684392005363432e-16,-0.018457671661083946,4.444177300073187e-09,True,False,0,1.2916666667,338,0.002614356630582355,0.03267945788227944,0.002614356630582355,0.002614356630582355,0.0,2.2806694583504217,0.6932403870509822,-2.1652062390121866e-05,-2.1652062390121866e-05,0.4999583876620542,0.4951154082865418,0.0,0.274137003755265,0.4951154082865418,True,0.014328888284370704,0.017140889142050426,success,0.9999167753241083,0.9999167753241083,0.5,2.112629762722102e-15,0.08,"[0.005, 0.0075, 0.01, 0.015, 0.02, 0.03, 0.05, 0.08]",0.026134844419708238,0.01768817644604741,False,1.0147513604290746e-17,0.003620651585845602,True,success,-1.0383166229276994e-18,1.5680538758386323e-18,0.0145962845334427,-1.2544431006709058e-19,0.0
0.6283850646326953,4.513943214265654e-19,5.168842770212917e-05,0.0003362430709630234,-2.077224559769006e-22,2.682933846586497e-08,typ,0.010337685540425834,9.021179157668808e-12,True,0.000535090806398406,0.64583333335,1.52,-1.436680617768709e-16,-0.005054921262437673,4.331708330101925e-09,True,False,1,1.2916666667,314,5.365867693172994e-06,0.0010731735386345987,5.365867693172994e-06,5.365867693172994e-06,0.0,3.191659936845555,0.9701482877550619,-1.3543291253019691,-1.3543291253019691,0.4999596273326681,0.6278713549229294,0.0,0.07360490592852756,0.07360490592852756,True,0.0003362430709630234,0.00033936205500584987,success,0.9999192546653366,0.01956133833061254,0.5,9.264990749050491e-15,0.005,"[0.005, 0.0075, 0.01, 0.015, 0.02, 0.03, 0.05, 0.08]",0.0005190589007751886,8.225597744329296e-05,False,7.183403088843546e-19,3.2480235982364835e-05,True,success,-6.915949204353659e-17,1.235549362441695e-16,7.979149842113888e-05,-6.177746812208476e-19,0.0
0.6284083910063261,9.910814878467348e-19,0.00011629721478912987,0.00033234449491044383,-7.178861429451911e-22,5.7456466101130484e-08,typ,0.015506295305217318,1.909534020571925e-11,True,0.0005288670547161713,0.64583333335,1.52,-2.1028394953153065e-16,-0.00502261639407138,4.331708330101925e-09,True,False,1,1.2916666667,314,7.660862146817399e-06,0.0010214482862423199,7.660862146817399e-06,7.660862146817399e-06,0.0,3.073462331661511,0.9342205239722507,-1.3543291253019691,-1.3543291253019691,0.4999596273326681,0.6278713549229294,0.0,0.07360490592852756,0.07360490592852756,True,0.00033234449491044383,0.00033936205500584987,success,0.9999192546653366,0.01956133833061254,0.5,9.264990749050491e-15,0.0075,"[0.005, 0.0075, 0.01, 0.015, 0.02, 0.03, 0.05, 0.08]",0.0004940485135891738,0.00018506629837149825,False,1.5771296214864798e-18,7.30821456241542e-05,True,success,-1.6428271451942856e-16,2.8800883979885125e-16,0.00017288225615595996,-2.1600662984913843e-18,0.0
0.6284154308147858,1.3552527156067905e-19,0.00020669629318191158,0.00032704740876994564,-1.5057789075762178e-21,9.544005147015432e-08,typ,0.020669629318191156,3.121342152618421e-11,True,0.0005204318556371303,0.64583333335,1.52,-2.156619091688452e-17,-0.0049773933887918564,4.331708330101925e-09,True,False,1,1.2916666667,314,9.544005147015432e-06,0.0009544005147015432,9.544005147015432e-06,9.544005147015432e-06,0.0,2.9182329200868105,0.887036440821694,-1.3543291253019691,-1.3543291253019691,0.4999596273326681,0.6278713549229294,0.0,0.07360490592852756,0.07360490592852756,True,0.00032704740876994564,0.00033936205500584987,success,0.9999192546653366,0.01956133833061254,0.5,9.264990749050491e-15,0.01,"[0.005, 0.0075, 0.01, 0.015, 0.02, 0.03, 0.05, 0.08]",0.00046174050826425987,0.00032891664183661907,False,2.156619091688452e-19,0.00012989114012773023,True,success,-2.6951970381045307e-16,4.604160947917569e-16,0.00029182329200868104,-4.60416094791757e-18,0.0
0.6282477618650271,1.7344408453420122e-18,0.0004618267077609211,0.00031300125443373643,-2.2449684048214217e-21,1.7907594901766374e-07,typ,0.030788447184061405,5.605099668144058e-11,True,0.0004982130831704924,0.64583333335,1.52,-1.8405061937062553e-16,-0.004848538877215813,4.331708330101925e-09,True,False,1,1.2916666667,314,1.1938396601177584e-05,0.0007958931067451723,1.1938396601177582e-05,1.1938396601177584e-05,0.0,2.5427792875305104,0.7729122214614349,-1.3543291253019691,-1.3543291253019691,0.49995962733266813,0.6278713549229294,0.0,0.07360490592852756,0.07360490592852756,True,0.00031300125443373643,0.00033936205500584987,success,0.9999192546653366,0.01956133833061254,0.5,9.264990749050491e-15,0.015,"[0.005, 0.0075, 0.01, 0.015, 0.02, 0.03, 0.05, 0.08]",0.0003877557231063561,0.0007351028301158358,False,2.760759290559383e-18,0.0002901415955202926,True,success,-2.9986001851674123e-16,4.781596182168423e-16,0.0005721253396943647,-7.172394273252634e-18,1.4190062125608232e-16
0.6270886599389783,1.3634557260263277e-18,0.0007999414303388318,0.0002958906203544447,-2.2812557776788674e-21,2.55027172420809e-07,typ,0.03999707151694159,7.546014825483312e-11,True,0.0004718481440618583,0.64583333335,1.52,-1.0871315438545843e-16,-0.004671041369424145,4.331708330101925e-09,True,False,1,1.2916666667,314,1.275135862104045e-05,0.0006375679310520225,1.275135862104045e-05,1.275135862104045e-05,0.0,2.154741945818646,0.6549630131824178,-1.3543291253019691,-1.3543291253019691,0.4999596273326681,0.6278713549229294,0.0,0.07360490592852756,0.07360490592852756,True,0.0002958906203544447,0.00033936205500584987,success,0.9999192546653366,0.01956133833061254,0.5,9.264990749050491e-15,0.02,"[0.005, 0.0075, 0.01, 0.015, 0.02, 0.03, 0.05, 0.08]",0.0003188073060708794,0.0012756432725424722,False,2.1742630877091685e-18,0.0005016341995808477,True,success,-2.626123552352529e-16,3.8548970814724906e-16,0.0008618967783274585,-7.709794162944981e-18,0.0
0.6185396202894355,4.48798145603821e-19,0.0016239441741071209,0.00025911634990986485,-2.4792715967400524e-21,3.5326376337709734e-07,typ,0.05413147247023736,9.153641692169565e-11,True,0.00041891633358686963,0.64583333335,1.52,-2.4185901268206192e-17,-0.004195729664179373,4.331708330101925e-09,True,False,1,1.2916666667,314,1.1775458779236579e-05,0.00039251529264121933,1.1775458779236579e-05,1.1775458779236579e-05,0.0,1.5148225605129049,0.46045084451785306,-1.3543291253019691,-1.3543291253019691,0.4999596273326681,0.6278713549229294,0.0,0.07360490592852756,0.07360490592852756,True,0.00025911634990986485,0.00033936205500584987,success,0.9999192546653366,0.01956133833061254,0.5,9.264990749050491e-15,0.03,"[0.005, 0.0075, 0.01, 0.015, 0.02, 0.03, 0.05, 0.08]",0.00021753442575778772,0.00262544891359946,False,7.255770380461857e-19,0.0010044738128234594,True,success,-2.59135642002147e-16,3.189392972954018e-16,0.0013633403044616143,-9.568178918862054e-18,0.0
0.5815263138846029,8.203514150645091e-19,0.0036152792599158544,0.00019669335212650404,-2.275663807888621e-21,3.948676720905899e-07,typ,0.07230558519831708,7.766784606988734e-11,True,0.00033823637457192616,0.64583333335,1.52,-2.821373325600871e-17,-0.0029202949489380986,4.331708330101925e-09,True,False,1,1.2916666667,314,7.897353441811797e-06,0.00015794706883623594,7.897353441811797e-06,7.897353441811797e-06,0.0,0.8030117293168693,0.24408629667919723,-1.3543291253019691,-1.3543291253019691,0.4999596273326681,0.6278713549229294,0.0,0.07360490592852756,0.07360490592852756,True,0.00019669335212650404,0.00033936205500584987,success,0.9999192546653366,0.01956133833061254,0.5,9.264990749050491e-15,0.05,"[0.005, 0.0075, 0.01, 0.015, 0.02, 0.03, 0.05, 0.08]",0.00010922190063397218,0.006216879913422567,False,1.4106866628004357e-18,0.002102380021682322,True,success,-2.5821857014930227e-16,2.313920407869219e-16,0.002007529323292174,-1.1569602039346096e-17,0.0
0.5232732071368261,1.9596751165613974e-17,0.0077961771403398505,0.00013857263089775646,-1.7263671222977158e-21,3.490181998276857e-07,typ,0.09745221425424813,4.83643701813213e-11,True,0.0002648188919436158,0.64583333335,1.52,-4.681290504257031e-16,-0.0003817328018268089,4.331708330101925e-09,True,False,1,1.2916666667,314,4.3627274978460714e-06,5.4534093723075894e-05,4.3627274978460714e-06,4.3627274978460714e-06,0.0,0.39354159165321023,0.11962229963637845,-1.3543291253019691,-1.3543291253019691,0.4999596273326681,0.6278713549229294,0.0,0.07360490592852756,0.07360490592852756,True,0.00013857263089775646,0.00033936205500584987,success,0.9999192546653366,0.01956133833061254,0.5,9.264990749050491e-15,0.08,"[0.005, 0.0075, 0.01, 0.015, 0.02, 0.03, 0.05, 0.08]",4.476786424230367e-05,0.014898865514246167,False,3.745032403405625e-17,0.004079530615632443,True,success,-2.482392144273444e-16,1.5572764180715882e-16,0.0025186661865805454,-1.2458211344572707e-17,0.0
0.49234258889980664,-1.4880945615616583e-19,4.043435382043968e-05,0.01692652550504355,1.2686054656625942e-20,1.387775200194732e-06,arith,0.008086870764087936,2.3490212321363048e-08,True,0.03437956798104288,0.64583333335,1.5,6.044955667503671e-17,-0.022130721178102386,4.39360453538522e-09,True,False,2,1.2916666667,339,0.00027755504003894636,0.05551100800778927,0.00027755504003894636,0.00027755504003894636,0.0,3.2795276261066575,0.996856862594618,-2.142161019974228e-05,-2.142161019974228e-05,0.49995840277899384,0.49256653622556057,0.0,0.2699713404240758,0.49256653622556057,True,0.01692652550504355,0.016943108867224596,success,0.9999168055579877,0.9999168055579877,0.5,2.0477038654134166e-15,0.005,"[0.005, 0.0075, 0.01, 0.015, 0.02, 0.03, 0.05, 0.08]",0.03432168611764008,8.21264597702073e-05,False,-3.0224778337518357e-19,1.990755444044606e-05,True,success,8.277193481299837e-17,-1.498955547947027e-16,8.198819065266645e-05,7.4947777397351355e-19,0.0
0.4920609792233904,-2.064642808932357e-19,9.075609938404194e-05,0.016905725286398433,-9.410006648403243e-21,3.1062334061878146e-06,arith,0.012100813251205593,5.251312864044487e-08,True,0.03435697200188559,0.64583333335,1.5,5.59454456827943e-17,-0.022105480356073653,4.39360453538522e-09,True,False,2,1.2916666667,339,0.0004141644541583753,0.05522192722111671,0.0004141644541583753,0.0004141644541583753,0.0,3.2664630641754084,0.9928857119586897,-2.142161019974228e-05,-2.142161019974228e-05,0.4999584027789939,0.49256653622556057,0.0,0.2699713404240758,0.49256653622556057,True,0.016905725286398433,0.016943108867224596,success,0.9999168055579877,0.9999168055579877,0.5,2.0477038654134166e-15,0.0075,"[0.005, 0.0075, 0.01, 0.015, 0.02, 0.03, 0.05, 0.08]",0.03422616691627007,0.00018444075676815583,False,-4.1959084262095723e-19,4.465753513340702e-05,True,success,-4.106350191792236e-17,7.421554129534331e-17,0.0001837385473598667,-5.566165597150748e-19,0.0
0.49166368979837216,1.5246593050568147e-20,0.00016078472914999106,0.01687648365852744,1.0759965408089587e-20,5.481402555181216e-06,arith,0.016078472914999104,9.250680064832633e-08,True,0.03432525933621083,0.64583333335,1.5,-3.1010207519739085e-18,-0.022070247327367468,4.39360453538522e-09,True,False,2,1.2916666667,339,0.0005481402555181215,0.054814025551812154,0.0005481402555181215,0.0005481402555181215,0.0,3.2479529895503694,0.9872593239477389,-2.142161019974228e-05,-2.142161019974228e-05,0.4999584027789938,0.49256653622556057,0.0,0.2699713404240758,0.49256653622556057,True,0.01687648365852744,0.016943108867224596,success,0.9999168055579877,0.9999168055579877,0.5,2.0477038654134166e-15,0.01,"[0.005, 0.0075, 0.01, 0.015, 0.02, 0.03, 0.05, 0.08]",0.034091561954666644,0.00032702176810316775,False,3.1010207519739086e-20,7.90520131971165e-05,True,success,3.537724787764078e-17,-6.37571524128057e-17,0.000324795298955037,6.37571524128057e-19,0.0
0.490510995035054,3.6564359591697154e-19,0.0003580740298258064,0.016792340599117862,-8.528927406039234e-22,1.2069063932686038e-05,arith,0.023871601988387094,2.0266783227019287e-07,True,0.03423438163280684,0.64583333335,1.5,-4.96956031047909e-17,-0.021970267064301635,4.39360453538522e-09,True,False,2,1.2916666667,339,0.0008046042621790692,0.053640284145271284,0.0008046042621790692,0.0008046042621790692,0.0,3.194330404904312,0.970960012708839,-2.142161019974228e-05,-2.142161019974228e-05,0.49995840277899384,0.49256653622556057,0.0,0.2699713404240758,0.49256653622556057,True,0.016792340599117862,0.016943108867224596,success,0.9999168055579877,0.9999168055579877,0.5,2.0477038654134166e-15,0.015,"[0.005, 0.0075, 0.01, 0.015, 0.02, 0.03, 0.05, 0.08]",0.03370549921913444,0.0007300020457242083,False,7.454340465718635e-19,0.00017563924866606788,True,success,-1.894532268510717e-18,3.3860387540762788e-18,0.0007187243411034702,-5.079058131114418e-20,0.0
0.4888654193299477,1.8849896161039534e-18,0.0006272753147336115,0.016673976974235474,4.669217503139277e-20,2.081087559924785e-05,arith,0.03136376573668057,3.4700006055553755e-07,True,0.034107499354503905,0.64583333335,1.5,-1.9279228408992106e-16,-0.021832034704707473,4.39360453538522e-09,True,False,2,1.2916666667,339,0.0010405437799623925,0.052027188998119624,0.0010405437799623925,0.0010405437799623925,0.0,3.1202627350698466,0.9484461407770652,-2.142161019974228e-05,-2.142161019974228e-05,0.4999584027789938,0.49256653622556057,0.0,0.2699713404240758,0.49256653622556057,True,0.016673976974235474,0.016943108867224596,success,0.9999168055579877,0.9999168055579877,0.5,2.0477038654134166e-15,0.02,"[0.005, 0.0075, 0.01, 0.015, 0.02, 0.03, 0.05, 0.08]",0.03317662135020525,0.0012831247413518678,False,3.8558456817984214e-18,0.0003066532097725719,True,success,7.926461044421772e-17,-1.400151118822499e-16,0.0012481050940279387,2.800302237644998e-18,0.0
0.48413568375996174,-1.5830690451948645e-18,0.001356171892618369,0.016343242684845053,3.838801733477563e-20,4.317108740453694e-05,arith,0.045205729753945635,7.055555584210047e-07,True,0.03375756680011251,0.64583333335,1.5,1.089962379210317e-16,-0.021447869852526794,4.39360453538522e-09,True,False,2,1.2916666667,339,0.001439036246817898,0.04796787489392994,0.001439036246817898,0.001439036246817898,0.0,2.9350280001905698,0.8921415330081363,-2.142161019974228e-05,-2.142161019974228e-05,0.49995840277899384,0.49256653622556057,0.0,0.2699713404240758,0.49256653622556057,True,0.016343242684845053,0.016943108867224596,success,0.9999168055579877,0.9999168055579877,0.5,2.0477038654134166e-15,0.03,"[0.005, 0.0075, 0.01, 0.015, 0.02, 0.03, 0.05, 0.08]",0.03183304980697268,0.0028012227524438576,False,-3.269887137630951e-18,0.0006565712065288355,True,success,4.5701459891896915e-17,-7.829539109839057e-17,0.0026415252001715126,2.348861732951717e-18,0.0
0.47065548176301786,-1.3798696048384907e-18,0.0034418051911209295,0.015447201762524313,-1.7648725549419045e-20,9.976626484452726e-05,arith,0.06883610382241859,1.541109622146849e-06,True,0.03282061372080696,0.64583333335,1.5,5.863607918342597e-17,-0.020300119295365723,4.39360453538522e-09,True,False,2,1.2916666667,339,0.001995325296890545,0.0399065059378109,0.001995325296890545,0.001995325296890545,0.0,2.5834132648300154,0.7852634694896802,-2.142161019974228e-05,-2.142161019974228e-05,0.49995840277899384,0.49256653622556057,0.0,0.2699713404240758,0.49256653622556057,True,0.015447201762524313,0.016943108867224596,success,0.9999168055579877,0.9999168055579877,0.5,2.0477038654134166e-15,0.05,"[0.005, 0.0075, 0.01, 0.015, 0.02, 0.03, 0.05, 0.08]",0.02898661002136362,0.007312791042459228,False,-2.9318039591712986e-18,0.0016199044803614769,True,success,-1.421662747502851e-17,2.2850385229298602e-17,0.006458533162075038,-1.1425192614649301e-18,0.0
0.4484099092243249,-3.067448530089334e-18,0.007963524278994681,0.01404638852132345,8.756447873035028e-20,0.00020623011819194417,arith,0.09954405348743352,2.896788364922503e-06,True,0.031324884290852055,0.64583333335,1.5,8.550905284953207e-17,-0.017767561075891045,4.39360453538522e-09,True,False,2,1.2916666667,339,0.002577876477399302,0.03222345596749128,0.002577876477399302,0.002577876477399302,0.0,2.294074090188642,0.697314906543397,-2.142161019974228e-05,-2.142161019974228e-05,0.4999584027789939,0.49256653622556057,0.0,0.2699713404240758,0.49256653622556057,True,0.01404638852132345,0.016943108867224596,success,0.9999168055579877,0.9999168055579877,0.5,2.0477038654134166e-15,0.08,"[0.005, 0.0075, 0.01, 0.015, 0.02, 0.03, 0.05, 0.08]",0.02589684051518692,0.017759474345181762,False,-6.840724227962566e-18,0.003570923199049712,True,success,5.14481286953962e-17,-7.792437055743989e-17,0.014682074177207308,6.23394964459519e-18,0.0
0.6368407340674346,-1.2181302616809292e-18,5.237831919519369e-05,0.0002797903127534834,7.9706754196944e-22,2.2216167019019022e-08,typ,0.010475663839038737,6.215868318434955e-12,True,0.0004393411064749144,0.64583333335,1.5,3.825541290051784e-16,-0.004325094156510112,4.2558191734903805e-09,True,False,3,1.2916666667,313,4.443233403803804e-06,0.0008886466807607608,4.443233403803804e-06,4.443233403803804e-06,0.0,3.1761166854398075,0.9654237058648196,-1.6199944643926787,-1.6199944643926787,0.49995849770020373,0.6361734491916157,0.0,0.06720545680868772,0.06720545680868772,True,0.0002797903127534834,0.00028281161214700626,success,0.9999169954004036,0.017825351956622416,0.5,9.392454936428623e-15,0.005,"[0.005, 0.0075, 0.01, 0.015, 0.02, 0.03, 0.05, 0.08]",0.0004241481467976851,8.224712458428797e-05,False,-1.912770645025892e-18,3.335664724548555e-05,True,success,3.1970116694429713e-16,-5.697606426221892e-16,7.94029171359952e-05,2.8488032131109456e-18,0.0
0.6368404445630339,-2.0017506125987253e-18,0.00011784173859277064,0.0002760382471946619,2.5084413634383954e-22,4.721462343256552e-08,typ,0.01571223181236942,1.3033041894281397e-11,True,0.00043344961764177006,0.64583333335,1.5,4.1910039470398697e-16,-0.004292358674348226,4.2558191734903805e-09,True,False,3,1.2916666667,313,6.295283124342069e-06,0.0008393710832456092,6.295283124342069e-06,6.295283124342069e-06,0.0,3.0407781956885325,0.9242857379429229,-1.6199944643926787,-1.6199944643926787,0.49995849770020373,0.6361734491916157,0.0,0.06720545680868772,0.06720545680868772,True,0.0002760382471946619,0.00028281161214700626,success,0.9999169954004036,0.017825351956622416,0.5,9.392454936428623e-15,0.0075,"[0.005, 0.0075, 0.01, 0.015, 0.02, 0.03, 0.05, 0.08]",0.0004006612936671493,0.00018504122908466873,False,-3.1432529602799023e-18,7.504638519350089e-05,True,success,6.948339943556392e-17,-1.2116395168333055e-16,0.00017104377350747995,9.08729637624979e-19,0.0
0.6368233212534566,-1.708465454611934e-18,0.00020933272044993805,0.00027097719323513746,-2.643617538931192e-22,7.765490038596849e-08,typ,0.020933272044993803,2.1042706947543936e-11,True,0.0004255139285756279,0.64583333335,1.5,2.6827934806928375e-16,-0.004246544469911212,4.2558191734903805e-09,True,False,3,1.2916666667,313,7.765490038596848e-06,0.0007765490038596848,7.765490038596848e-06,7.765490038596848e-06,0.0,2.86573565320622,0.8710791851667067,-1.6199944643926787,-1.6199944643926787,0.49995849770020373,0.6361734491916157,0.0,0.06720545680868772,0.06720545680868772,True,0.00027097719323513746,0.00028281161214700626,success,0.9999169954004036,0.017825351956622416,0.5,9.392454936428623e-15,0.01,"[0.005, 0.0075, 0.01, 0.015, 0.02, 0.03, 0.05, 0.08]",0.0003709639860364767,0.00032871396738095167,False,-2.6827934806928375e-18,0.00013330795828395093,True,success,-5.762989403125865e-17,9.755867301486224e-17,0.00028657356532062206,-9.755867301486225e-19,0.0
0.636414115668186,-2.1958156324208563e-18,0.0004652841545521743,0.0002577589814871687,-3.2011913887147477e-22,1.4242057210679324e-07,typ,0.03101894363681162,3.671018160906689e-11,True,0.00040501770017552414,0.64583333335,1.5,2.300195819421152e-16,-0.004116334571010599,4.2558191734903805e-09,True,False,3,1.2916666667,313,9.494704807119549e-06,0.0006329803204746366,9.494704807119549e-06,9.494704807119549e-06,0.0,2.4557061671433806,0.7464451665982677,-1.6199944643926787,-1.6199944643926787,0.49995849770020373,0.6361734491916157,0.0,0.06720545680868772,0.06720545680868772,True,0.0002577589814871687,0.00028281161214700626,success,0.9999169954004036,0.017825351956622416,0.5,9.392454936428623e-15,0.015,"[0.005, 0.0075, 0.01, 0.015, 0.02, 0.03, 0.05, 0.08]",0.0003060937509119989,0.0007311028198418598,False,-3.4502937291317282e-18,0.00029611340375374157,True,success,-5.28345938732935e-17,8.279546963459491e-17,0.0005525338876072606,-1.2419320445189235e-18,0.0
0.634409414104977,-1.0770535728194226e-18,0.0007974754296219965,0.000242030170816905,-1.0271997585390423e-21,1.9841072172474167e-07,typ,0.03987377148109982,4.802138087094463e-11,True,0.00038150469623525447,0.64583333335,1.5,8.488631701177753e-17,-0.003938444381619166,4.2558191734903805e-09,True,False,3,1.2916666667,313,9.920536086237083e-06,0.0004960268043118541,9.920536086237083e-06,9.920536086237083e-06,0.0,2.0494420288084525,0.6229556764956795,-1.6199944643926787,-1.6199944643926787,0.49995849770020373,0.6361734491916157,0.0,0.06720545680868772,0.06720545680868772,True,0.000242030170816905,0.00028281161214700626,success,0.9999169954004036,0.017825351956622416,0.5,9.392454936428623e-15,0.02,"[0.005, 0.0075, 0.01, 0.015, 0.02, 0.03, 0.05, 0.08]",0.00024879853893277736,0.0012570359327770577,False,-1.6977263402355507e-18,0.0005059259200696056,True,success,-1.4823050443814203e-16,2.1220489889174093e-16,0.0008197768115233811,-4.244097977834819e-18,0.0
0.622412333335939,3.660054031870192e-18,0.001587995672949365,0.00020936027959968646,-1.8505380079195543e-22,2.6577592863461825e-07,typ,0.05293318909831217,5.564292272980999e-11,True,0.0003363691051518527,0.64583333335,1.5,-1.960144337250638e-16,-0.003469787574968894,4.2558191734903805e-09,True,False,3,1.2916666667,313,8.859197621153943e-06,0.0002953065873717981,8.859197621153943e-06,8.859197621153943e-06,0.0,1.4105186902522668,0.42874626973799906,-1.6199944643926787,-1.6199944643926787,0.49995849770020373,0.6361734491916157,0.0,0.06720545680868772,0.06720545680868772,True,0.00020936027959968646,0.00028281161214700626,success,0.9999169954004036,0.017825351956622416,0.5,9.392454936428623e-15,0.03,"[0.005, 0.0075, 0.01, 0.015, 0.02, 0.03, 0.05, 0.08]",0.00016736565039940937,0.002551356372451998,False,5.8804330117519136e-18,0.000988388092127789,True,success,-2.4808073645373148e-17,2.946337308200535e-17,0.0012694668212270398,-8.839011924601602e-19,0.0
0.5787777466432135,1.806006593006827e-17,0.0035205080583251567,0.00015647287983628255,5.356404674921706e-23,2.88127030271952e-07,typ,0.07041016116650313,4.508406618532809e-11,True,0.00027035054603220603,0.64583333335,1.5,-6.240760303868892e-16,-0.0022290052257899345,4.2558191734903805e-09,True,False,3,1.2916666667,313,5.762540605439039e-06,0.00011525081210878079,5.762540605439039e-06,5.762540605439039e-06,0.0,0.7365545532834036,0.2238857374674834,-1.6199944643926787,-1.6199944643926787,0.49995849770020373,0.6361734491916157,0.0,0.06720545680868772,0.06720545680868772,True,0.00015647287983628255,0.00028281161214700626,success,0.9999169954004036,0.017825351956622416,0.5,9.392454936428623e-15,0.05,"[0.005, 0.0075, 0.01, 0.015, 0.02, 0.03, 0.05, 0.08]",8.184245725289585e-05,0.006082659671598203,False,3.1203801519344464e-17,0.0020375917210367087,True,success,7.977408674294344e-18,-6.846432021352337e-18,0.0018413863832085092,3.423216010676168e-19,0.0
0.5177641825882744,2.8062685836352536e-17,0.007726848426432817,0.00010919624871928615,-5.996522964528594e-23,2.5422565685368246e-07,typ,0.0965856053304102,2.7760488056618604e-11,True,0.00021089958013978518,0.64583333335,1.5,-6.774967924603418e-16,0.00026633729465891387,4.2558191734903805e-09,True,False,3,1.2916666667,313,3.1778207106710308e-06,3.972275888338788e-05,3.1778207106710308e-06,3.1778207106710308e-06,0.0,0.3637740247424094,0.11057404429571396,-1.6199944643926787,-1.6199944643926787,0.4999584977002038,0.6361734491916157,0.0,0.06720545680868772,0.06720545680868772,True,0.00010919624871928615,0.00028281161214700626,success,0.9999169954004036,0.017825351956622416,0.5,9.392454936428623e-15,0.08,"[0.005, 0.0075, 0.01, 0.015, 0.02, 0.03, 0.05, 0.08]",3.290159749788809e-05,0.014923489662430357,False,5.419974339682735e-17,0.0040006853594954815,True,success,-1.1381144899772116e-17,6.8643875532116765e-18,0.0023281537583514198,-5.491510042569341e-19,0.0
0.48887264275281606,5.935873925074669e-20,4.0141983014909104e-05,0.016659957354165596,1.4641621908007105e-21,1.3653719049854979e-06,arith,0.008028396602981821,2.2747037709634234e-08,True,0.03407831794463739,0.64583333335,1.48,-2.4283927575288628e-17,-0.021435448098815993,4.54813706529443e-09,True,False,4,1.2916666667,343,0.0002730743809970996,0.05461487619941992,0.0002730743809970996,0.0002730743809970996,0.0,3.2782122449889832,0.9964570346792675,-2.1194727991673875e-05,-2.1194727991673875e-05,0.49995841882652925,0.4891231045084673,0.0,0.2651794849567395,0.4891231045084673,True,0.016659957354165596,0.01667836899947589,success,0.9999168376530584,0.9999168376530584,0.5,2.1972192503452607e-15,0.005,"[0.005, 0.0075, 0.01, 0.015, 0.02, 0.03, 0.05, 0.08]",0.03401356391582314,8.211133024108634e-05,False,1.2141963787644315e-19,1.9624317321837267e-05,True,success,9.70793285891705e-18,-1.7577022073644344e-17,8.195530612472458e-05,8.788511036822172e-20,0.0
0.4885578925954648,-5.805087364448144e-19,9.00725567516736e-05,0.016636886892408324,-1.8230233520056177e-20,3.0540863164970453e-06,arith,0.012009674233556481,5.0810488607213316e-08,True,0.03405305112158731,0.64583333335,1.48,1.5842782612335818e-16,-0.021410393582050602,4.54813706529443e-09,True,False,4,1.2916666667,343,0.00040721150886627273,0.054294867848836366,0.00040721150886627273,0.00040721150886627273,0.0,3.263523290142219,0.9919921278046384,-2.1194727991673875e-05,-2.1194727991673875e-05,0.49995841882652936,0.4891231045084673,0.0,0.2651794849567395,0.4891231045084673,True,0.016636886892408324,0.01667836899947589,success,0.9999168376530584,0.9999168376530584,0.5,2.1972192503452607e-15,0.0075,"[0.005, 0.0075, 0.01, 0.015, 0.02, 0.03, 0.05, 0.08]",0.03390695708701861,0.0001843641421350558,False,-1.1882086959251863e-18,4.4005658507283055e-05,True,success,-8.087523324195234e-17,1.461029228841679e-16,0.00018357318507049978,-1.0957719216312591e-18,0.0
0.4881142946761841,2.6681537838501093e-20,0.00015950627725100356,0.01660450128680337,1.5749518863007621e-21,5.3845044816652e-06,arith,0.015950627725100357,8.940701159460833e-08,True,0.034017650103484114,0.64583333335,1.48,-5.466247993454417e-18,-0.021375433317285683,4.54813706529443e-09,True,False,4,1.2916666667,343,0.00053845044816652,0.05384504481665199,0.00053845044816652,0.00053845044816652,0.0,3.2427980754499384,0.9856924179530481,-2.1194727991673875e-05,-2.1194727991673875e-05,0.49995841882652925,0.4891231045084673,0.0,0.2651794849567395,0.4891231045084673,True,0.01660450128680337,0.01667836899947589,success,0.9999168376530584,0.9999168376530584,0.5,2.1972192503452607e-15,0.01,"[0.005, 0.0075, 0.01, 0.015, 0.02, 0.03, 0.05, 0.08]",0.0337573202413344,0.0003267805901009728,False,5.466247993454417e-20,7.785729401679748e-05,True,success,5.267220524074881e-18,-9.485089971069918e-18,0.0003242798075449939,9.48508997106992e-20,0.0
0.4868311626427839,5.393224958501373e-20,0.000354818479804356,0.01651168043317178,-3.9393036903604285e-20,1.1827067113104906e-05,arith,0.0236545653202904,1.9528475263326374e-07,True,0.03391664646843356,0.64583333335,1.48,-7.385483061826499e-18,-0.021276305962312184,4.54813706529443e-09,True,False,4,1.2916666667,343,0.0007884711408736604,0.0525647427249107,0.0007884711408736604,0.0007884711408736604,0.0,3.183488375859596,0.9676644310611532,-2.1194727991673875e-05,-2.1194727991673875e-05,0.49995841882652925,0.4891231045084673,0.0,0.2651794849567395,0.4891231045084673,True,0.01651168043317178,0.01667836899947589,success,0.9999168376530584,0.9999168376530584,0.5,2.1972192503452607e-15,0.015,"[0.005, 0.0075, 0.01, 0.015, 0.02, 0.03, 0.05, 0.08]",0.03333272584794979,0.0007288327186743934,False,1.1078224592739748e-19,0.00017273669305029976,True,success,-8.91425995976874e-17,1.5905119232832745e-16,0.000716284884568409,-2.3857678849249115e-18,0.0
0.4850128362157408,8.147926308745089e-20,0.0006207443919054054,0.016382207764158125,4.686223726389389e-21,2.033721649990225e-05,arith,0.03103721959527027,3.331685060460634e-07,True,0.033776854014789574,0.64583333335,1.48,-8.399701719565183e-18,-0.02113942564758002,4.54813706529443e-09,True,False,4,1.2916666667,343,0.0010168608249951124,0.050843041249755624,0.0010168608249951124,0.0010168608249951124,0.0,3.103552462629168,0.9433668270290387,-2.1194727991673875e-05,-2.1194727991673875e-05,0.49995841882652925,0.4891231045084673,0.0,0.2651794849567395,0.4891231045084673,True,0.016382207764158125,0.01667836899947589,success,0.9999168376530584,0.9999168376530584,0.5,2.1972192503452607e-15,0.02,"[0.005, 0.0075, 0.01, 0.015, 0.02, 0.03, 0.05, 0.08]",0.0327626262356977,0.0012798514710429007,False,1.6799403439130365e-19,0.000301068998083056,True,success,8.118785133939742e-18,-1.4302784441063437e-17,0.0012414209850516672,2.8605568882126876e-19,0.0
0.4798857488891026,8.59198187509954e-19,0.0013394200026868915,0.01602744448813157,6.837047090451884e-21,4.200920059405718e-05,arith,0.04464733342289639,6.733001305120353e-07,True,0.033398458956603386,0.64583333335,1.48,-5.968074619836975e-17,-0.02075970551605294,4.54813706529443e-09,True,False,4,1.2916666667,343,0.0014003066864685726,0.04667688954895242,0.0014003066864685726,0.0014003066864685726,0.0,2.912310167944551,0.8852361400492722,-2.1194727991673875e-05,-2.1194727991673875e-05,0.49995841882652925,0.4891231045084673,0.0,0.2651794849567395,0.4891231045084673,True,0.01602744448813157,0.01667836899947589,success,0.9999168376530584,0.9999168376530584,0.5,2.1972192503452607e-15,0.03,"[0.005, 0.0075, 0.01, 0.015, 0.02, 0.03, 0.05, 0.08]",0.031363724977815956,0.0027911226907394986,False,1.7904223859510924e-18,0.0006427685710664428,True,success,8.332287024803631e-18,-1.421945774639819e-17,0.0026210791511500956,4.265837323919457e-19,0.0
0.46587717099551806,-8.80067226422548e-19,0.003403202609143345,0.015104527993946277,-3.75188446338617e-20,9.718000039236866e-05,arith,0.06806405218286689,1.4678580363782425e-06,True,0.03242169596262872,0.64583333335,1.48,3.778108399439107e-17,-0.019625990267712917,4.54813706529443e-09,True,False,4,1.2916666667,343,0.0019436000078473731,0.03887200015694746,0.0019436000078473731,0.0019436000078473731,0.0,2.5735329281740493,0.7822602072753784,-2.1194727991673875e-05,-2.1194727991673875e-05,0.4999584188265292,0.4891231045084673,0.0,0.2651794849567395,0.4891231045084673,True,0.015104527993946277,0.01667836899947589,success,0.9999168376530584,0.9999168376530584,0.5,2.1972192503452607e-15,0.05,"[0.005, 0.0075, 0.01, 0.015, 0.02, 0.03, 0.05, 0.08]",0.028555455420513694,0.007304935337078548,False,-1.8890541997195538e-18,0.0015854744038722674,True,success,-3.096759144255733e-17,4.9678936870981765e-17,0.006433832320435123,-2.4839468435490883e-18,0.0
0.443845859629524,3.635175236767063e-19,0.00792771032743902,0.013725791938868104,9.084671221237912e-20,0.0002034990057528586,arith,0.09909637909298774,2.7931850127302606e-06,True,0.03092468171343303,0.64583333335,1.48,-1.0237718675018525e-17,-0.01711302033488625,4.54813706529443e-09,True,False,4,1.2916666667,343,0.0025437375719107327,0.031796719648884156,0.0025437375719107327,0.0025437375719107327,0.0,2.316567218161276,0.7041519975934146,-2.1194727991673875e-05,-2.1194727991673875e-05,0.49995841882652925,0.4891231045084673,0.0,0.2651794849567395,0.4891231045084673,True,0.013725791938868104,0.01667836899947589,success,0.9999168376530584,0.9999168376530584,0.5,2.1972192503452607e-15,0.08,"[0.005, 0.0075, 0.01, 0.015, 0.02, 0.03, 0.05, 0.08]",0.025669329143941776,0.01786140425880336,False,8.19017494001482e-19,0.003518681405176027,True,success,5.435748604639653e-17,-8.273357979724591e-17,0.01482603019623217,6.618686383779673e-18,0.0
0.6459226686908188,-7.979003575732112e-19,5.311686672840039e-05,0.00022186382652585716,-1.2558615124020574e-22,1.7504435730737473e-08,typ,0.01062337334568008,3.883601092397355e-12,True,0.0003434835736227363,0.64583333335,1.48,2.47057549223478e-16,-0.003643117723869785,4.384802400767071e-09,True,False,5,1.2916666667,311,3.5008871461474947e-06,0.0007001774292294989,3.5008871461474947e-06,3.5008871461474947e-06,0.0,3.1558881868824913,0.9592749796134159,-1.9706448092964453,-1.9706448092964453,0.49995709603796357,0.6477444500144409,0.0,0.05994226463365025,0.05994226463365025,True,0.00022186382652585716,0.0002248997491041078,success,0.9999141920759256,0.016096434414723842,0.5,9.882689787112297e-15,0.005,"[0.005, 0.0075, 0.01, 0.015, 0.02, 0.03, 0.05, 0.08]",0.0003295457132334623,8.223409597322188e-05,False,-1.2352877461173898e-18,3.430938830970294e-05,True,success,-6.372714227723613e-17,1.132101192039697e-16,7.889720467206228e-05,-5.660505960198486e-19,0.0
0.6458863779543179,-1.2108335981000223e-18,0.00011948454407974454,0.00021836646364689516,-1.3919979524975613e-22,3.683781621089821e-08,typ,0.015931272543965938,8.044143654448109e-12,True,0.00033808804628844444,0.64583333335,1.48,2.499580193315182e-16,-0.0036099219416522305,4.384802400767071e-09,True,False,5,1.2916666667,311,4.911708828119761e-06,0.0006548945104159682,4.911708828119761e-06,4.911708828119761e-06,0.0,2.9990617582879,0.9116054614986021,-1.9706448092964453,-1.9706448092964453,0.49995709603796357,0.6477444500144409,0.0,0.05994226463365025,0.05994226463365025,True,0.00021836646364689516,0.0002248997491041078,success,0.9999141920759256,0.016096434414723842,0.5,9.882689787112297e-15,0.0075,"[0.005, 0.0075, 0.01, 0.015, 0.02, 0.03, 0.05, 0.08]",0.0003083061202151174,0.00018499313216386709,False,-1.8746851449863864e-18,7.717343939718923e-05,True,success,-4.907933703096554e-17,8.499461130615502e-17,0.00016869722390369437,-6.374595847961627e-19,0.0
0.6458213150345088,-7.496241583200672e-19,0.00021201501718650737,0.0002136958963723384,-9.114496374568675e-23,5.9845700927081e-08,typ,0.021201501718650737,1.2788780703643458e-11,True,0.0003308901261038741,0.64583333335,1.48,1.1607299741725183e-16,-0.003563490162697594,4.384802400767071e-09,True,False,5,1.2916666667,311,5.984570092708101e-06,0.0005984570092708101,5.984570092708101e-06,5.984570092708101e-06,0.0,2.8005077281787076,0.851252273455743,-1.9706448092964453,-1.9706448092964453,0.49995709603796357,0.6477444500144409,0.0,0.05994226463365025,0.05994226463365025,True,0.0002136958963723384,0.0002248997491041078,success,0.9999141920759256,0.016096434414723842,0.5,9.882689787112297e-15,0.01,"[0.005, 0.0075, 0.01, 0.015, 0.02, 0.03, 0.05, 0.08]",0.0002822710472175439,0.0003282874260277064,False,-1.1607299741725182e-18,0.00013692381720645418,True,success,-2.5486964049356872e-17,4.26517145593091e-17,0.0002800507728178708,-4.26517145593091e-19,0.0
0.6449410022993376,-5.424325682771016e-19,0.0004672706846632922,0.00020174061970371998,-2.431913638945873e-22,1.068357478192777e-07,typ,0.031151378977552813,2.1553109971571435e-11,True,0.00031280476661349834,0.64583333335,1.48,5.607051046459816e-17,-0.0034321096598917966,4.384802400767071e-09,True,False,5,1.2916666667,311,7.122383187951847e-06,0.0004748255458634565,7.122383187951847e-06,7.122383187951847e-06,0.0,2.353643736005144,0.7154219076132454,-1.9706448092964453,-1.9706448092964453,0.49995709603796357,0.6477444500144409,0.0,0.05994226463365025,0.05994226463365025,True,0.00020174061970371998,0.0002248997491041078,success,0.9999141920759256,0.016096434414723842,0.5,9.882689787112297e-15,0.015,"[0.005, 0.0075, 0.01, 0.015, 0.02, 0.03, 0.05, 0.08]",0.00022863781385357363,0.0007245169449567994,False,-8.410576569689725e-19,0.00030136202371184136,True,success,-5.238333880228045e-17,8.036436894455287e-17,0.0005295698406011574,-1.2054655341682933e-18,0.0
0.6415522098443517,1.158492605932264e-19,0.0007899468703150606,0.00018792375972963383,-5.79232940141507e-22,1.452376457740029e-07,typ,0.03949734351575303,2.729360444813139e-11,True,0.0002929204464516246,0.64583333335,1.48,-9.028825621326502e-18,-0.003254713254684058,4.384802400767071e-09,True,False,5,1.2916666667,311,7.261882288700146e-06,0.00036309411443500726,7.261882288700146e-06,7.261882288700146e-06,0.0,1.9321352177999804,0.5872986816736203,-1.9706448092964453,-1.9706448092964453,0.49995709603796357,0.6477444500144409,0.0,0.05994226463365025,0.05994226463365025,True,0.00018792375972963383,0.0002248997491041078,success,0.9999141920759256,0.016096434414723842,0.5,9.882689787112297e-15,0.02,"[0.005, 0.0075, 0.01, 0.015, 0.02, 0.03, 0.05, 0.08]",0.0001838574861573623,0.0012313056649071652,False,1.8057651242653005e-19,0.0005067921603102567,True,success,-1.108722356870656e-16,1.5411381215841207e-16,0.0007728540871199922,-3.0822762431682413e-18,0.0
0.6249016530919606,8.541855747798721e-19,0.0015418931269393576,0.00016033837499065392,9.138991257404762e-23,1.8800766605460382e-07,typ,0.05139643756464526,3.01448436609807e-11,True,0.00025658177442372445,0.64583333335,1.48,-4.556373367198044e-17,-0.0027959732896886413,4.384802400767071e-09,True,False,5,1.2916666667,311,6.266922201820127e-06,0.0002088974067273376,6.266922201820127e-06,6.266922201820127e-06,0.0,1.3028534606235977,0.3960199642286965,-1.9706448092964453,-1.9706448092964453,0.49995709603796357,0.6477444500144409,0.0,0.05994226463365025,0.05994226463365025,True,0.00016033837499065392,0.0002248997491041078,success,0.9999141920759256,0.016096434414723842,0.5,9.882689787112297e-15,0.03,"[0.005, 0.0075, 0.01, 0.015, 0.02, 0.03, 0.05, 0.08]",0.00012193300739837731,0.0024674172636769335,False,1.3669120101594133e-18,0.0009635315639155368,True,success,1.6645304486186226e-17,-1.899938439136913e-17,0.001172568114561238,5.699815317410739e-19,0.0
0.5741123299987514,4.159964098027847e-18,0.0034250095277434437,0.00011793508348710743,-2.7286169858276408e-22,1.9903696046392857e-07,typ,0.06850019055486888,2.3473440549333517e-11,True,0.0002054216175558604,0.64583333335,1.48,-1.449181242296919e-16,-0.0015934964712663868,4.384802400767071e-09,True,False,5,1.2916666667,311,3.9807392092785714e-06,7.961478418557142e-05,3.9807392092785714e-06,3.9807392092785714e-06,0.0,0.6750729454842405,0.20519756964414781,-1.9706448092964453,-1.9706448092964453,0.49995709603796346,0.6477444500144409,0.0,0.05994226463365025,0.05994226463365025,True,0.00011793508348710743,0.0002248997491041078,success,0.9999141920759256,0.016096434414723842,0.5,9.882689787112297e-15,0.05,"[0.005, 0.0075, 0.01, 0.015, 0.02, 0.03, 0.05, 0.08]",5.8112819497779155e-05,0.005965748075382552,False,7.245906211484596e-18,0.0019663402002407116,True,success,-5.631890515353717e-17,4.6273202259206114e-17,0.0016876823637106012,-2.3136601129603058e-18,0.0
0.5111011605210674,4.1991615377462604e-18,0.007672481567724015,8.158874958918179e-05,-6.545358737670549e-23,1.7810227627183282e-07,typ,0.09590601959655018,1.453114202000584e-11,True,0.00015963327006732309,0.64583333335,1.48,-1.0269888483194837e-16,0.0008621684626451827,4.384802400767071e-09,True,False,5,1.2916666667,311,2.22627845339791e-06,2.7828480667473877e-05,2.22627845339791e-06,2.22627845339791e-06,0.0,0.34108232823271234,0.10367659564806833,-1.9706448092964453,-1.9706448092964453,0.4999570960379635,0.6477444500144409,0.0,0.05994226463365025,0.05994226463365025,True,8.158874958918179e-05,0.0002248997491041078,success,0.9999141920759256,0.016096434414723842,0.5,9.882689787112297e-15,0.08,"[0.005, 0.0075, 0.01, 0.015, 0.02, 0.03, 0.05, 0.08]",2.321312533627442e-05,0.015011669235698709,False,8.21591078655587e-18,0.003921414233340242,True,success,-1.7170525254740536e-17,1.0027973787176455e-17,0.002182926900689359,-8.022379029741163e-19,0.0
0.563684543250598,2.5730393871408705e-19,4.631542179705761e-05,0.023086675301964475,-4.32026740413643e-21,1.8945321747572278e-06,arith,0.009263084359411521,4.3738449167744736e-08,True,0.040956729394832456,0.4270833333,0.88,-9.129359383540772e-17,-0.025084341922131444,4.629974125894393e-09,True,False,6,0.8541666666,474,0.00037890643495144555,0.0757812869902891,0.00037890643495144555,0.00037890643495144555,0.0,3.282468610100857,0.9977508145327145,-8.12523374285612e-06,-8.12523374285612e-06,0.49995941204744143,0.5638623796866425,0.0,0.430056583982419,0.5638623796866425,True,0.023086675301964475,0.023103294703953933,success,0.9999188240948829,0.9999188240948829,0.5,2.70307962285904e-15,0.005,"[0.005, 0.0075, 0.01, 0.015, 0.02, 0.03, 0.05, 0.08]",0.040904996678181746,8.216549903953478e-05,False,4.564679691770386e-19,2.610728738113321e-05,True,success,-2.0657555979486517e-17,3.74265011971543e-17,8.206171525252142e-05,-1.871325059857715e-19,0.0
0.5634688091519059,-1.5312767499581648e-19,0.0001040507468521306,0.023066557306129085,6.042554374699867e-21,4.247928125671143e-06,arith,0.013873432913617414,9.798507754311094e-08,True,0.040936706578039814,0.4270833333,0.88,3.623452265885989e-17,-0.025055417124456265,4.629974125894393e-09,True,False,6,0.8541666666,474,0.0005663904167561524,0.07551872223415367,0.0005663904167561524,0.0005663904167561524,0.0,3.2739485668321793,0.9951610319267153,-8.12523374285612e-06,-8.12523374285612e-06,0.4999594120474414,0.5638623796866425,0.0,0.430056583982419,0.5638623796866425,True,0.023066557306129085,0.023103294703953933,success,0.9999188240948829,0.9999188240948829,0.5,2.70307962285904e-15,0.0075,"[0.005, 0.0075, 0.01, 0.015, 0.02, 0.03, 0.05, 0.08]",0.04082554190320221,0.00018466105871723504,False,-2.7175891994144917e-19,5.8629350420136454e-05,True,success,1.930370165663885e-17,-3.492822556630811e-17,0.0001841596068843101,2.619616917473108e-19,0.0
0.5631780862708018,5.149960319306008e-19,0.00018461481729627424,0.023039514229773683,8.735027268559485e-21,7.518193251526982e-06,arith,0.018461481729627423,1.7321552040074438e-07,True,0.040909820164229956,0.4270833333,0.88,-9.144461485366943e-17,-0.025014993405675912,4.629974125894393e-09,True,False,6,0.8541666666,474,0.0007518193251526982,0.07518193251526982,0.0007518193251526982,0.0007518193251526982,0.0,3.263173509887336,0.99188580735632,-8.12523374285612e-06,-8.12523374285612e-06,0.49995941204744143,0.5638623796866425,0.0,0.430056583982419,0.5638623796866425,True,0.023039514229773683,0.023103294703953933,success,0.9999188240948829,0.9999188240948829,0.5,2.70307962285904e-15,0.01,"[0.005, 0.0075, 0.01, 0.015, 0.02, 0.03, 0.05, 0.08]",0.04072367192207334,0.00032780895030688924,False,9.144461485366943e-19,0.00010397101950214945,True,success,2.0987990725347943e-17,-3.7913244096402497e-17,0.00032631735098873364,3.79132440964025e-19,0.0
0.5624099711259817,5.416949900474997e-19,0.00041339029574550634,0.022968390447511373,2.9631743028348246e-20,1.6733242436695567e-05,arith,0.027559353049700423,3.843356457388904e-07,True,0.04083923050213201,0.4270833333,0.88,-6.421116479176105e-17,-0.02489989638723124,4.629974125894393e-09,True,False,6,0.8541666666,474,0.0011155494957797046,0.07436996638531364,0.0011155494957797046,0.0011155494957797046,0.0,3.2379267739839226,0.984211719861802,-8.12523374285612e-06,-8.12523374285612e-06,0.49995941204744143,0.5638623796866425,0.0,0.430056583982419,0.5638623796866425,True,0.022968390447511373,0.023103294703953933,success,0.9999188240948829,0.9999188240948829,0.5,2.70307962285904e-15,0.015,"[0.005, 0.0075, 0.01, 0.015, 0.02, 0.03, 0.05, 0.08]",0.04047807268073119,0.0007350337244517053,False,9.631674718764157e-19,0.00023249482429399125,True,success,4.7797135058808995e-17,-8.600731251663552e-17,0.0007285335241463824,1.2901096877495327e-18,0.0
0.5614583087442651,1.060850246144515e-18,0.0007310113023544236,0.022880830333088888,4.7395937835101597e-20,2.9394158567965507e-05,arith,0.03655056511772118,6.725627549775298e-07,True,0.04075250107931117,0.4270833333,0.88,-9.447275333026684e-17,-0.02473957847822683,4.629974125894393e-09,True,False,6,0.8541666666,474,0.0014697079283982754,0.07348539641991376,0.0014697079283982754,0.0014697079283982754,0.0,3.2116577654808087,0.9762268987578636,-8.12523374285612e-06,-8.12523374285612e-06,0.49995941204744143,0.5638623796866425,0.0,0.430056583982419,0.5638623796866425,True,0.022880830333088888,0.023103294703953933,success,0.9999188240948829,0.9999188240948829,0.5,2.70307962285904e-15,0.02,"[0.005, 0.0075, 0.01, 0.015, 0.02, 0.03, 0.05, 0.08]",0.04021026552297278,0.0013019867921972227,False,1.889455066605337e-18,0.0004104323694928572,True,success,5.779293019901071e-17,-1.0357128029256968e-16,0.0012846631061923235,2.0714256058513938e-18,0.0
0.5592636994667356,-2.0432197519519e-19,0.001627687993116267,0.022680864155709052,-1.2956912383461856e-21,6.46155556122406e-05,arith,0.054256266437208905,1.4655366391868928e-06,True,0.04055486558011099,0.4270833333,0.88,1.2178034285079552e-17,-0.02428526869158187,4.629974125894393e-09,True,False,6,0.8541666666,474,0.0021538518537413532,0.07179506179137844,0.0021538518537413532,0.0021538518537413532,0.0,3.1654464882153417,0.9621803548273795,-8.12523374285612e-06,-8.12523374285612e-06,0.49995941204744143,0.5638623796866425,0.0,0.430056583982419,0.5638623796866425,True,0.022680864155709052,0.023103294703953933,success,0.9999188240948829,0.9999188240948829,0.5,2.70307962285904e-15,0.03,"[0.005, 0.0075, 0.01, 0.015, 0.02, 0.03, 0.05, 0.08]",0.039697752815963085,0.0029104123773244827,False,-3.6534102855238656e-19,0.0009103068086077899,True,success,-1.070294224160089e-18,1.9042355550637814e-18,0.002848901839393808,-5.712706665191344e-20,0.0
0.5547153351978557,-1.795630434155189e-18,0.004445549217282971,0.02227409164133224,2.1910360065312647e-20,0.00017300290950956538,arith,0.08891098434565942,3.853482660633168e-06,True,0.040154093871206074,0.4270833333,0.88,6.474060910952548e-17,-0.022852256738253696,4.629974125894393e-09,True,False,6,0.8541666666,474,0.0034600581901913074,0.06920116380382614,0.0034600581901913074,0.0034600581901913074,0.0,3.106800713498687,0.9443541768976395,-8.12523374285612e-06,-8.12523374285612e-06,0.49995941204744143,0.5638623796866425,0.0,0.430056583982419,0.5638623796866425,True,0.02227409164133224,0.023103294703953933,success,0.9999188240948829,0.9999188240948829,0.5,2.70307962285904e-15,0.05,"[0.005, 0.0075, 0.01, 0.015, 0.02, 0.03, 0.05, 0.08]",0.038915981142888176,0.00801410910281998,False,-3.2370304554762744e-18,0.002466014324203688,True,success,1.1161506334054076e-17,-1.9673403897338156e-17,0.0077670017837467185,9.836701948669078e-19,0.0
0.5487573103191496,-4.596746442828662e-18,0.011163903359707811,0.021759188123305146,5.823512632030608e-20,0.0004262544355011941,arith,0.13954879199634765,9.274950450463722e-06,True,0.039651750808841715,0.4270833333,0.88,1.0470809127251667e-16,-0.019421056412434363,4.629974125894393e-09,True,False,6,0.8541666666,474,0.005328180443764927,0.06660225554706159,0.005328180443764927,0.005328180443764927,0.0,3.0608796233406954,0.9303958392707768,-8.12523374285612e-06,-8.12523374285612e-06,0.4999594120474414,0.5638623796866425,0.0,0.430056583982419,0.5638623796866425,True,0.021759188123305146,0.023103294703953933,success,0.9999188240948829,0.9999188240948829,0.5,2.70307962285904e-15,0.08,"[0.005, 0.0075, 0.01, 0.015, 0.02, 0.03, 0.05, 0.08]",0.0381814874033763,0.02034397200688778,False,-8.376647301801333e-18,0.0061262735803361765,True,success,1.9121819870288032e-17,-3.345433087295054e-17,0.019589629589380448,2.676346469836043e-18,0.0
0.6038575321847622,-1.544609867456754e-20,4.950343443697972e-05,0.00835861134325138,-2.0001873446385766e-21,6.845236515225434e-07,typ,0.009900686887395944,5.721667158340186e-09,True,0.01384202547413766,0.4270833333,0.88,5.11580889574513e-18,-0.010572408991006001,4.278848426248946e-09,True,False,7,0.8541666666,337,0.00013690473030450868,0.027380946060901735,0.00013690473030450868,0.00013690473030450868,0.0,3.2757769127534213,0.9957167824452591,-0.0036496182738814903,-0.0036496182738814903,0.49995879212066907,0.6045065482694152,0.0,0.35602522735796827,0.35602522735796827,True,0.00835861134325138,0.008370093095255493,success,0.9999175842413385,0.35238487224162574,0.5,3.7305466274063465e-15,0.005,"[0.005, 0.0075, 0.01, 0.015, 0.02, 0.03, 0.05, 0.08]",0.013827801228498103,8.197866516275094e-05,False,-2.5579044478725652e-20,2.9893021753784748e-05,True,success,-2.644291810356255e-17,4.7859321662407436e-17,8.189442281883554e-05,-2.392966083120372e-19,0.0
0.6031018565051288,2.9259694371715737e-19,0.00011086233841915019,0.008344746543728892,-6.665421375952297e-21,1.5300274134369205e-06,typ,0.01478164512255336,1.2767690970088199e-08,True,0.01383638013002523,0.4270833333,0.88,-6.468712607689104e-17,-0.010541543491882865,4.278848426248946e-09,True,False,7,0.8541666666,337,0.00020400365512492275,0.027200487349989703,0.00020400365512492275,0.00020400365512492275,0.0,3.25959418988357,0.9907978245380713,-0.0036496182738814903,-0.0036496182738814903,0.49995879212066907,0.6045065482694152,0.0,0.35602522735796827,0.35602522735796827,True,0.008344746543728892,0.008370093095255493,success,0.9999175842413385,0.35238487224162574,0.5,3.7305466274063465e-15,0.0075,"[0.005, 0.0075, 0.01, 0.015, 0.02, 0.03, 0.05, 0.08]",0.013801146857034237,0.00018382025726396915,False,4.851534455766828e-19,6.686128211708934e-05,True,success,-5.898905362127088e-17,1.0650087998117229e-16,0.00018335217318095082,-7.987565998587921e-19,0.0
0.6021288660595652,-1.6093625997847782e-20,0.00019599537289060682,0.008326140157654224,-1.5881867761018135e-21,2.6969002740805244e-06,typ,0.01959953728906068,2.2454769673210538e-08,True,0.013827837572614509,0.4270833333,0.88,2.6727876547701887e-18,-0.010498553580777482,4.278848426248946e-09,True,False,7,0.8541666666,337,0.00026969002740805245,0.026969002740805242,0.00026969002740805245,0.00026969002740805245,0.0,3.2390762382269807,0.9845611150947856,-0.0036496182738814903,-0.0036496182738814903,0.49995879212066907,0.6045065482694152,0.0,0.35602522735796827,0.35602522735796827,True,0.008326140157654224,0.008370093095255493,success,0.9999175842413385,0.35238487224162574,0.5,3.7305466274063465e-15,0.01,"[0.005, 0.0075, 0.01, 0.015, 0.02, 0.03, 0.05, 0.08]",0.013760020118361556,0.0003255040306790708,False,-2.6727876547701887e-20,0.00011801447163154272,True,success,-1.059857001719073e-17,1.9074706238782116e-17,0.00032390762382269805,-1.9074706238782117e-19,0.0
0.5997491570972943,2.976782089360655e-19,0.00043575810264431255,0.008277191255695288,-8.682099499172359e-21,5.941223723654468e-06,typ,0.029050540176287505,4.917664505356216e-08,True,0.013801088601367589,0.4270833333,0.88,-3.308919019597996e-17,-0.010376831377805047,4.278848426248946e-09,True,False,7,0.8541666666,337,0.00039608158157696454,0.026405438771797636,0.0003960815815769645,0.00039608158157696454,0.0,3.190144815565165,0.9696877461105895,-0.0036496182738814903,-0.0036496182738814903,0.49995879212066907,0.6045065482694152,0.0,0.35602522735796827,0.35602522735796827,True,0.008277191255695288,0.008370093095255493,success,0.9999175842413385,0.35238487224162574,0.5,3.7305466274063465e-15,0.015,"[0.005, 0.0075, 0.01, 0.015, 0.02, 0.03, 0.05, 0.08]",0.013634224326756789,0.0007265672614753199,False,4.963378529396994e-19,0.0002613455547592427,True,success,-3.9151220946341344e-17,6.992790372940794e-17,0.000717782583502162,-1.048918555941119e-18,1.3686601737056888e-16
0.5970790761502373,-1.47560715363312e-18,0.0007659597971291655,0.008216555068562443,7.331694439124939e-22,1.0309580500268949e-05,typ,0.03829798985645828,8.470923591423735e-08,True,0.013761251058302016,0.4270833333,0.88,1.2356882133161766e-16,-0.010208387839546647,4.278848426248946e-09,True,False,7,0.8541666666,337,0.0005154790250134474,0.025773951250672368,0.0005154790250134475,0.0005154790250134474,0.0,3.136831803061443,0.953482533519342,-0.0036496182738814903,-0.0036496182738814903,0.499958792120669,0.6045065482694152,0.0,0.35602522735796827,0.35602522735796827,True,0.008216555068562443,0.008370093095255493,success,0.9999175842413385,0.35238487224162574,0.5,3.7305466274063465e-15,0.02,"[0.005, 0.0075, 0.01, 0.015, 0.02, 0.03, 0.05, 0.08]",0.013459688796865692,0.0012828448152425868,False,-2.4713764266323533e-18,0.00045733856803810527,True,success,2.5190626837625573e-18,-4.461537942572131e-18,0.0012547327212245776,8.923075885144261e-20,2.103290570275329e-16
0.591685122802018,-1.9722729506426056e-18,0.0016921364449292281,0.008074985771219253,-2.065997075784115e-20,2.203233786271554e-05,typ,0.05640454816430761,1.779108147481232e-07,True,0.013647437564390477,0.4270833333,0.88,1.1111050312834167e-16,-0.009734548111842937,4.278848426248946e-09,True,False,7,0.8541666666,337,0.000734411262090518,0.024480375403017268,0.000734411262090518,0.000734411262090518,0.0,3.0316307788763996,0.9215052566468975,-0.0036496182738814903,-0.0036496182738814903,0.4999587921206691,0.6045065482694152,0.0,0.35602522735796827,0.35602522735796827,True,0.008074985771219253,0.008370093095255493,success,0.9999175842413385,0.35238487224162574,0.5,3.7305466274063465e-15,0.03,"[0.005, 0.0075, 0.01, 0.015, 0.02, 0.03, 0.05, 0.08]",0.013020426295254826,0.002859859712064163,False,-3.33331509385025e-18,0.0010012119602157206,True,success,-4.898109933236854e-17,8.528382729571742e-17,0.0027284677009887593,-2.5585148188715225e-18,0.0
0.5825466727068748,2.5401724040928146e-18,0.004598809255050981,0.007765652677253302,1.7655512630988296e-20,5.516159563153113e-05,typ,0.09197618510101961,4.283657927975638e-07,True,0.013330524473119451,0.4270833333,0.88,-8.720923225909405e-17,-0.008250019390516176,4.278848426248946e-09,True,False,7,0.8541666666,337,0.0011032319126306226,0.022064638252612453,0.0011032319126306226,0.0011032319126306226,0.0,2.841311499449738,0.863655132662499,-0.0036496182738814903,-0.0036496182738814903,0.49995879212066907,0.6045065482694152,0.0,0.35602522735796827,0.35602522735796827,True,0.007765652677253302,0.008370093095255493,success,0.9999175842413385,0.35238487224162574,0.5,3.7305466274063465e-15,0.05,"[0.005, 0.0075, 0.01, 0.015, 0.02, 0.03, 0.05, 0.08]",0.011994756158008914,0.00789431897994035,False,4.360461612954703e-18,0.0026790210299435305,True,success,2.697571349841915e-17,-4.547077590195038e-17,0.007103278748624346,2.273538795097519e-18,0.0
0.5732110142902691,3.493838535480841e-18,0.011599339535431758,0.007305211995941434,-2.6787480974834215e-20,0.00011889320409942928,typ,0.14499174419289698,8.685400608230641e-07,True,0.01274436780491126,0.4270833333,0.88,-7.619006021296528e-17,-0.00469469222081699,4.278848426248946e-09,True,False,7,0.8541666666,337,0.001486165051242866,0.018577063140535827,0.001486165051242866,0.001486165051242866,0.0,2.542987547911917,0.7729755250264847,-0.0036496182738814903,-0.0036496182738814903,0.49995879212066907,0.6045065482694152,0.0,0.35602522735796827,0.35602522735796827,True,0.007305211995941434,0.008370093095255493,success,0.9999175842413385,0.35238487224162574,0.5,3.7305466274063465e-15,0.08,"[0.005, 0.0075, 0.01, 0.015, 0.02, 0.03, 0.05, 0.08]",0.010249997746531502,0.020235723400733457,False,6.095204817037223e-18,0.006648869180202057,True,success,-2.874332121038906e-17,4.5836248471838616e-17,0.016275120306636266,-3.6668998777470894e-18,0.0
0.5451686553826665,-1.0757426997585012e-19,4.482407829592125e-05,0.021355777640673507,5.236783522845185e-21,1.7552029215788105e-06,arith,0.00896481565918425,3.748372330749758e-08,True,0.03917279071314801,0.4270833333,0.86,3.946458363434019e-17,-0.0245432723307354,4.664663387542683e-09,True,False,8,0.8541666666,480,0.0003510405843157621,0.07020811686315243,0.0003510405843157621,0.0003510405843157621,0.0,3.2875467259706044,0.9992943766645017,-8.018146130954712e-06,-8.018146130954712e-06,0.4999594203661525,0.5452245582552522,0.0,0.4132353908816146,0.5452245582552522,True,0.021355777640673507,0.021360647722102527,success,0.9999188407323052,0.9999188407323052,0.5,2.7611802296698325e-15,0.005,"[0.005, 0.0075, 0.01, 0.015, 0.02, 0.03, 0.05, 0.08]",0.03915759092671683,8.222057129175594e-05,False,-1.9732291817170094e-19,2.443668249335475e-05,True,success,2.704850460190541e-17,-4.904324825775841e-17,8.21886681492651e-05,2.4521624128879205e-19,0.0
0.5451017038567573,3.2772234124860914e-19,0.00010080581883153652,0.021349955687131696,-2.718942673461802e-21,3.945015061940058e-06,arith,0.01344077584420487,8.422589675748735e-08,True,0.03916692157825666,0.4270833333,0.86,-8.016176037850693e-17,-0.024515264104756716,4.664663387542683e-09,True,False,8,0.8541666666,480,0.0005260020082586745,0.0701336011011566,0.0005260020082586745,0.0005260020082586745,0.0,3.2849530054729046,0.9985059801719087,-8.018146130954712e-06,-8.018146130954712e-06,0.4999594203661525,0.5452245582552522,0.0,0.4132353908816146,0.5452245582552522,True,0.021349955687131696,0.021360647722102527,success,0.9999188407323052,0.9999188407323052,0.5,2.7611802296698325e-15,0.0075,"[0.005, 0.0075, 0.01, 0.015, 0.02, 0.03, 0.05, 0.08]",0.03913479507103496,0.0001849302948758099,False,6.01213202838802e-19,5.494942360374615e-05,True,success,-9.36865462815903e-18,1.698016122878479e-17,0.00018477860655785087,-1.273512092158859e-19,0.0
0.5450126844963901,1.7025362239810045e-19,0.00017910201394280025,0.021342231983855414,4.155755397465907e-21,7.004015402302864e-06,arith,0.017910201394280026,1.4948132153444413e-07,True,0.03915914728402395,0.4270833333,0.86,-3.1238469716612285e-17,-0.024476073916983244,4.664663387542683e-09,True,False,8,0.8541666666,480,0.0007004015402302864,0.07004015402302864,0.0007004015402302864,0.0007004015402302864,0.0,3.281763316789516,0.9975364310733542,-8.018146130954712e-06,-8.018146130954712e-06,0.4999594203661526,0.5452245582552522,0.0,0.4132353908816146,0.5452245582552522,True,0.021342231983855414,0.021360647722102527,success,0.9999188407323052,0.9999188407323052,0.5,2.7611802296698325e-15,0.01,"[0.005, 0.0075, 0.01, 0.015, 0.02, 0.03, 0.05, 0.08]",0.03910629058889161,0.00032861990011901556,False,3.123846971661228e-19,9.761286941767545e-05,True,success,1.0748714144887361e-17,-1.947198119020343e-17,0.0003281763316789516,1.9471981190203433e-19,0.0
0.5447822444869832,-7.051426146544565e-19,0.00040240266038960563,0.021322325589832648,6.7613926265163695e-21,1.5709742722852718e-05,arith,0.02682684402597371,3.349682492691697e-07,True,0.03913917130304366,0.4270833333,0.86,8.629045479978682e-17,-0.02436421867949098,4.664663387542683e-09,True,False,8,0.8541666666,480,0.0010473161815235145,0.0698210787682343,0.0010473161815235145,0.0010473161815235145,0.0,3.2745526970814027,0.9953446655024918,-8.018146130954712e-06,-8.018146130954712e-06,0.4999594203661526,0.5452245582552522,0.0,0.4132353908816146,0.5452245582552522,True,0.021322325589832648,0.021360647722102527,success,0.9999188407323052,0.9999188407323052,0.5,2.7611802296698325e-15,0.015,"[0.005, 0.0075, 0.01, 0.015, 0.02, 0.03, 0.05, 0.08]",0.039039858006014595,0.0007386486333976336,False,-1.2943568219968022e-18,0.0002192218245145826,True,success,1.1682460841025609e-17,-2.114026007788593e-17,0.0007367743568433156,3.171039011682889e-19,0.0
0.5445027791901385,-2.3581984846863874e-19,0.0007142715163985855,0.021298350234770447,-1.382986572513867e-20,2.783496495328679e-05,arith,0.035713575819929275,5.928388323476629e-07,True,0.03911522777982578,0.4270833333,0.86,2.1654604666975563e-17,-0.024207855485334634,4.664663387542683e-09,True,False,8,0.8541666666,480,0.0013917482476643395,0.06958741238321697,0.0013917482476643395,0.0013917482476643395,0.0,3.26726772807091,0.9931303004536692,-8.018146130954712e-06,-8.018146130954712e-06,0.49995942036615254,0.5452245582552522,0.0,0.4132353908816146,0.5452245582552522,True,0.021298350234770447,0.021360647722102527,success,0.9999188407323052,0.9999188407323052,0.5,2.7611802296698325e-15,0.02,"[0.005, 0.0075, 0.01, 0.015, 0.02, 0.03, 0.05, 0.08]",0.03896972553747197,0.0013117867230373942,False,-4.330920933395113e-19,0.00038892282577538437,True,success,-1.7961791133114573e-17,3.246698822371893e-17,0.0013069070912283642,-6.493397644743786e-19,0.0
0.5438687706176605,1.6192953522669647e-18,0.001602172225313879,0.021244652618193534,4.8980989951664203e-20,6.222560730945999e-05,arith,0.053405740843795964,1.3219614112456018e-06,True,0.03906209322161745,0.4270833333,0.86,-9.924546997050805e-17,-0.023762173887661647,4.664663387542683e-09,True,False,8,0.8541666666,480,0.002074186910315333,0.06913956367717777,0.002074186910315333,0.002074186910315333,0.0,3.254445479516474,0.9892328042521941,-8.018146130954712e-06,-8.018146130954712e-06,0.4999594203661525,0.5452245582552522,0.0,0.4132353908816146,0.5452245582552522,True,0.021244652618193534,0.021360647722102527,success,0.9999188407323052,0.9999188407323052,0.5,2.7611802296698325e-15,0.03,"[0.005, 0.0075, 0.01, 0.015, 0.02, 0.03, 0.05, 0.08]",0.03883827613930174,0.002945880167920517,False,2.9773640991152416e-18,0.0008713714384992207,True,success,4.260084066504207e-17,-7.685226463327808e-17,0.0029290009315648263,2.3055679389983423e-18,0.0
0.5425345404660453,6.637032584102644e-19,0.004425255126148939,0.02113524542826886,-2.929873729654801e-21,0.0001709490653816656,arith,0.08850510252297877,3.613050452574682e-06,True,0.03895649742431766,0.4270833333,0.86,-2.4466765114720008e-17,-0.022342442027715133,4.664663387542683e-09,True,False,8,0.8541666666,480,0.003418981307633312,0.06837962615266623,0.003418981307633312,0.003418981307633312,0.0,3.2353362720456973,0.9834243016939758,-8.018146130954712e-06,-8.018146130954712e-06,0.49995942036615254,0.5452245582552522,0.0,0.4132353908816146,0.5452245582552522,True,0.02113524542826886,0.021360647722102527,success,0.9999188407323052,0.9999188407323052,0.5,2.7611802296698325e-15,0.05,"[0.005, 0.0075, 0.01, 0.015, 0.02, 0.03, 0.05, 0.08]",0.03863032989251251,0.00815663298109569,False,1.2233382557360005e-18,0.002400853756310226,True,success,-1.5413877057419405e-18,2.7725003143195397e-18,0.008088340680114244,-1.3862501571597698e-19,0.0
0.5405590675298587,6.4198986117797575e-18,0.011216199119729712,0.020984297338995962,1.920663267217833e-19,0.00043036248893283665,arith,0.14020248899662138,9.030854431317003e-06,True,0.038819619537391,0.4270833333,0.86,-1.4845506711033811e-16,-0.018907885305839228,4.664663387542683e-09,True,False,8,0.8541666666,480,0.005379531111660458,0.06724413889575571,0.005379531111660458,0.005379531111660458,0.0,3.204498001979472,0.9740505916201997,-8.018146130954712e-06,-8.018146130954712e-06,0.49995942036615254,0.5452245582552522,0.0,0.4132353908816146,0.5452245582552522,True,0.020984297338995962,0.021360647722102527,success,0.9999188407323052,0.9999188407323052,0.5,2.7611802296698325e-15,0.08,"[0.005, 0.0075, 0.01, 0.015, 0.02, 0.03, 0.05, 0.08]",0.03836972617362089,0.020749257192157203,False,1.1876405368827049e-17,0.006063018137390315,True,success,6.391264773151701e-17,-1.1441074462668492e-16,0.020508787212668626,9.152859570134795e-18,0.0
0.5704087141948764,2.848590309782418e-19,4.685365987609585e-05,0.006835173358606319,-8.766442360378514e-22,5.612751309636712e-07,typ,0.00937073197521917,3.836412822011158e-09,True,0.011982939931508703,0.4270833333,0.86,-9.987891976030421e-17,-0.010359785620517311,4.290359126873552e-09,True,False,9,0.8541666666,335,0.00011225502619273424,0.022451005238546845,0.00011225502619273424,0.00011225502619273424,0.0,3.2846285032812355,0.9984073433334454,-0.0033678635682123466,-0.0033678635682123466,0.49995869631603634,0.5706604080097089,0.0,0.32343337976416026,0.32343337976416026,True,0.006835173358606319,0.0068387329962570215,success,0.9999173926320727,0.36474958368290195,0.5,4.439076777264077e-15,0.005,"[0.005, 0.0075, 0.01, 0.015, 0.02, 0.03, 0.05, 0.08]",0.01197932311900413,8.214050506263585e-05,False,4.993945988015211e-19,2.6725735885247906e-05,True,success,-1.4153397848298302e-17,2.5650972990584042e-17,8.211571258203088e-05,-1.282548649529202e-19,0.0
0.5701283690532961,1.7102124600656358e-19,0.00010523989348907827,0.006830979715289285,-2.137021112530747e-21,1.259909782059083e-06,typ,0.01403198579854377,8.60641816434014e-09,True,0.011981476604351745,0.4270833333,0.86,-3.9995962380787115e-17,-0.010330528151644053,4.290359126873552e-09,True,False,9,0.8541666666,335,0.00016798797094121106,0.02239839612549481,0.00016798797094121106,0.00016798797094121106,0.0,3.2789434398937103,0.9966792912789281,-0.0033678635682123466,-0.0033678635682123466,0.4999586963160363,0.5706604080097089,0.0,0.32343337976416026,0.32343337976416026,True,0.006830979715289285,0.0068387329962570215,success,0.9999173926320727,0.36474958368290195,0.5,4.439076777264077e-15,0.0075,"[0.005, 0.0075, 0.01, 0.015, 0.02, 0.03, 0.05, 0.08]",0.01197178883680489,0.00018458982082198466,False,2.9996971785590334e-19,6.000024883427079e-05,True,success,-2.3035497224168364e-17,4.171233998831545e-17,0.00018444056849402122,-3.1284254991236586e-19,0.0
0.5697821272254611,-5.429481191900229e-19,0.0001867381990774858,0.006825488444763539,4.764560328305432e-22,2.233356602178883e-06,typ,0.01867381990774858,1.5243749681208328e-08,True,0.011979119945372933,0.4270833333,0.86,9.529047915804139e-17,-0.010289641948041967,4.290359126873552e-09,True,False,9,0.8541666666,335,0.00022333566021788832,0.02233356602178883,0.00022333566021788832,0.00022333566021788832,0.0,3.2720831926575116,0.9945940261687759,-0.0033678635682123466,-0.0033678635682123466,0.49995869631603623,0.5706604080097089,0.0,0.32343337976416026,0.32343337976416026,True,0.006825488444763539,0.0068387329962570215,success,0.9999173926320727,0.36474958368290195,0.5,4.439076777264077e-15,0.01,"[0.005, 0.0075, 0.01, 0.015, 0.02, 0.03, 0.05, 0.08]",0.011959827251264037,0.0003277361471248712,False,-9.52904791580414e-19,0.00010640008830462148,True,success,3.859019081552771e-18,-6.98054119769372e-18,0.00032720831926575115,6.98054119769372e-20,0.0
0.5689835108356539,6.727643292730484e-20,0.0004185964922683276,0.0068115559634553844,-1.185848088475186e-20,4.9912026367964596e-06,typ,0.027906432817888505,3.3997856085485164e-08,True,0.011971447034469238,0.4270833333,0.86,-7.882645881775774e-18,-0.010173165762008964,4.290359126873552e-09,True,False,9,0.8541666666,335,0.00033274684245309733,0.02218312283020649,0.00033274684245309733,0.00033274684245309733,0.0,3.256689506659118,0.9899149067108487,-0.0033678635682123466,-0.0033678635682123466,0.4999586963160363,0.5706604080097089,0.0,0.32343337976416026,0.32343337976416026,True,0.0068115559634553844,0.0068387329962570215,success,0.9999173926320727,0.36474958368290195,0.5,4.439076777264077e-15,0.015,"[0.005, 0.0075, 0.01, 0.015, 0.02, 0.03, 0.05, 0.08]",0.011923660921642442,0.0007356917806871835,False,1.1823968822663662e-19,0.0002381745017943227,True,success,-6.431366990737044e-17,1.1606237936798079e-16,0.0007327551389983014,-1.7409356905197117e-18,0.0
0.5681421455050554,1.4588088489666637e-18,0.0007417567596157367,0.006794945102072017,-1.3131799436384108e-20,8.808139774422354e-06,typ,0.03708783798078684,5.98508262185769e-08,True,0.011959938469327224,0.4270833333,0.86,-1.2838414299205366e-16,-0.010010662719177773,4.290359126873552e-09,True,False,9,0.8541666666,335,0.0004404069887211177,0.022020349436055884,0.0004404069887211177,0.0004404069887211177,0.0,3.2406957091295863,0.9850533752209646,-0.0033678635682123466,-0.0033678635682123466,0.4999586963160363,0.5706604080097089,0.0,0.32343337976416026,0.32343337976416026,True,0.006794945102072017,0.0068387329962570215,success,0.9999173926320727,0.36474958368290195,0.5,4.439076777264077e-15,0.02,"[0.005, 0.0075, 0.01, 0.015, 0.02, 0.03, 0.05, 0.08]",0.011874701052923825,0.0013055830578390642,False,2.567682859841073e-18,0.0004214232768509623,True,success,-5.36771150509355e-17,9.66291797735037e-17,0.0012962782836518345,-1.932583595470074e-18,0.0
0.5665491372470067,-4.1360661401304335e-19,0.0016607763670690185,0.0067574166914593425,-6.906102299146014e-21,1.951382767099469e-05,typ,0.05535921223563396,1.318630648182407e-07,True,0.01192732677044606,0.4270833333,0.86,2.433484798999392e-17,-0.009548350934522387,4.290359126873552e-09,True,False,9,0.8541666666,335,0.0006504609223664897,0.021682030745549655,0.0006504609223664897,0.0006504609223664897,0.0,3.20862716264833,0.9753057059594539,-0.0033678635682123466,-0.0033678635682123466,0.49995869631603623,0.5706604080097089,0.0,0.32343337976416026,0.32343337976416026,True,0.0067574166914593425,0.0068387329962570215,success,0.9999173926320727,0.36474958368290195,0.5,4.439076777264077e-15,0.03,"[0.005, 0.0075, 0.01, 0.015, 0.02, 0.03, 0.05, 0.08]",0.01174982258775346,0.0029313898087271213,False,-7.300454396998176e-19,0.0009409114179231706,True,success,-1.901828820325334e-17,3.406677736219619e-17,0.0028877644463834967,-1.0220033208658857e-18,0.0
0.5640184298954877,1.4409883363465611e-18,0.004586976214253726,0.0066738353948473175,2.2733449203448453e-20,5.220708254219971e-05,typ,0.09173952428507452,3.484214753318479e-07,True,0.0118326548231482,0.4270833333,0.86,-5.109720746584737e-17,-0.008077149443388477,4.290359126873552e-09,True,False,9,0.8541666666,335,0.001044141650843994,0.02088283301687988,0.001044141650843994,0.001044141650843994,0.0,3.1290602451781977,0.9511202631889158,-0.0033678635682123466,-0.0033678635682123466,0.49995869631603623,0.5706604080097089,0.0,0.32343337976416026,0.32343337976416026,True,0.0066738353948473175,0.0068387329962570215,success,0.9999173926320727,0.36474958368290195,0.5,4.439076777264077e-15,0.05,"[0.005, 0.0075, 0.01, 0.015, 0.02, 0.03, 0.05, 0.08]",0.011381589985134355,0.008132670797838451,False,2.5548603732923685e-18,0.0025871391223313348,True,success,3.8513490060746033e-17,-6.812708992193699e-17,0.007822650612945495,3.4063544960968496e-18,0.0
0.5614942857307152,-2.0300537471775793e-18,0.011687612842961832,0.006518975977978357,3.707592804435045e-20,0.00012095184811299418,typ,0.14609516053702287,7.88482192340696e-07,True,0.011610048657030797,0.4270833333,0.86,4.519310789903489e-17,-0.0045084809674732565,4.290359126873552e-09,True,False,9,0.8541666666,335,0.0015118981014124273,0.01889872626765534,0.0015118981014124275,0.0015118981014124273,0.0,2.8990329664500702,0.8812003547366364,-0.0033678635682123466,-0.0033678635682123466,0.49995869631603623,0.5706604080097089,0.0,0.32343337976416026,0.32343337976416026,True,0.006518975977978357,0.0068387329962570215,success,0.9999173926320727,0.36474958368290195,0.5,4.439076777264077e-15,0.08,"[0.005, 0.0075, 0.01, 0.015, 0.02, 0.03, 0.05, 0.08]",0.010348721311882797,0.020815194633284382,False,-3.615448631922791e-18,0.006562527825155988,True,success,4.175380762674945e-17,-7.10923160508568e-17,0.018553810985280448,5.687385284068544e-18,1.4342265149650416e-16
0.523486835484904,-2.1226379926420984e-19,4.309676200414293e-05,0.019450245311772016,2.9581998188813635e-21,1.6032782186483545e-06,arith,0.008619352400828586,3.118415465573135e-08,True,0.03715517562873443,0.4270833333,0.84,8.109613647403018e-17,-0.024038895246188137,4.5702248652852326e-09,True,False,10,0.8541666666,486,0.0003206556437296709,0.06413112874593418,0.00032065564372967095,0.0003206556437296709,0.0,3.29718868415092,1.0022251805108802,-7.913631069916285e-06,-7.913631069916285e-06,0.4999594286117175,0.5233195021043557,0.0,0.39426005754752647,0.5233195021043557,True,0.019450245311772016,0.019435986255651082,success,0.999918857223435,0.999918857223435,0.5,2.8116668864002734e-15,0.005,"[0.005, 0.0075, 0.01, 0.015, 0.02, 0.03, 0.05, 0.08]",0.03720182547575686,8.232635299075392e-05,False,-4.0548068237015094e-19,2.2560587561194835e-05,True,success,1.6751762932176514e-17,-3.0418123488560324e-17,8.242971710377302e-05,1.5209061744280162e-19,1.690602042544341e-16
0.5236815666500065,-5.114755512435889e-19,9.710222007193848e-05,0.01946687896883058,6.809350802536524e-21,3.618910727926134e-06,arith,0.012946962676258464,7.044889713954063e-08,True,0.03717312238687395,0.4270833333,0.84,1.3022558842784314e-16,-0.024011940627420486,4.5702248652852326e-09,True,False,10,0.8541666666,486,0.00048252143039015117,0.06433619071868682,0.00048252143039015117,0.00048252143039015117,0.0,3.304905260966527,1.0045707386007532,-7.913631069916285e-06,-7.913631069916285e-06,0.4999594286117175,0.5233195021043557,0.0,0.39426005754752647,0.5233195021043557,True,0.01946687896883058,0.019435986255651082,success,0.999918857223435,0.999918857223435,0.5,2.8116668864002734e-15,0.0075,"[0.005, 0.0075, 0.01, 0.015, 0.02, 0.03, 0.05, 0.08]",0.03726908329433717,0.00018542226088480036,False,-9.766919132088235e-19,5.0850642732466455e-05,True,success,2.565479857917607e-17,-4.6638880417960685e-17,0.00018590092092936713,3.497916031347051e-19,0.0
0.5239328901173953,3.2780175058740017e-19,0.0001729117699901688,0.01948840309262257,2.0778776987331535e-20,6.458238082899316e-06,arith,0.01729117699901688,1.258607470276679e-07,True,0.037196372780215974,0.4270833333,0.84,-6.256559890980524e-17,-0.023974146534858812,4.5702248652852326e-09,True,False,10,0.8541666666,486,0.0006458238082899316,0.06458238082899316,0.0006458238082899316,0.0006458238082899316,0.0,3.313887778390685,1.007301096493264,-7.913631069916285e-06,-7.913631069916285e-06,0.4999594286117175,0.5233195021043557,0.0,0.39426005754752647,0.5233195021043557,True,0.01948840309262257,0.019435986255651082,success,0.999918857223435,0.999918857223435,0.5,2.8116668864002734e-15,0.01,"[0.005, 0.0075, 0.01, 0.015, 0.02, 0.03, 0.05, 0.08]",0.03734990442389497,0.00033002656113347885,False,6.256559890980524e-19,9.059416338626344e-05,True,success,5.856994677847794e-17,-1.0662123976282819e-16,0.0003313887778390685,1.0662123976282818e-18,0.0
0.5245530010510815,-4.883072856937943e-19,0.000390453898593331,0.019541753670818996,1.0149048272405235e-20,1.4652992358131452e-05,arith,0.02603025990622207,2.86345167202998e-07,True,0.037254107081004004,0.4270833333,0.84,6.206011400377601e-17,-0.023865870187892768,4.5702248652852326e-09,True,False,10,0.8541666666,486,0.0009768661572087634,0.06512441048058423,0.0009768661572087634,0.0009768661572087634,0.0,3.332577596545605,1.0129821199858136,-7.913631069916285e-06,-7.913631069916285e-06,0.4999594286117175,0.5233195021043557,0.0,0.39426005754752647,0.5233195021043557,True,0.019541753670818996,0.019435986255651082,success,0.999918857223435,0.999918857223435,0.5,2.8116668864002734e-15,0.015,"[0.005, 0.0075, 0.01, 0.015, 0.02, 0.03, 0.05, 0.08]",0.037528098479541534,0.0007443554756353557,False,-9.3090171005664e-19,0.00020481376427922642,True,success,1.8966202768972205e-17,-3.4623464687854317e-17,0.0007498299592227613,5.193519703178148e-19,0.0
0.5252604904010199,-2.2943046767683834e-19,0.0006965708338775437,0.019603010411441555,3.4284561057184005e-20,2.6263914759403373e-05,arith,0.03482854169387718,5.148517944737978e-07,True,0.03732055003123359,0.4270833333,0.84,2.1839684486993815e-17,-0.02371374500403725,4.5702248652852326e-09,True,False,10,0.8541666666,486,0.0013131957379701686,0.06565978689850843,0.0013131957379701686,0.0013131957379701686,0.0,3.3494746735524474,1.0181182155131008,-7.913631069916285e-06,-7.913631069916285e-06,0.4999594286117174,0.5233195021043557,0.0,0.39426005754752647,0.5233195021043557,True,0.019603010411441555,0.019435986255651082,success,0.999918857223435,0.999918857223435,0.5,2.8116668864002734e-15,0.02,"[0.005, 0.0075, 0.01, 0.015, 0.02, 0.03, 0.05, 0.08]",0.03770458578232768,0.0013261435927642946,False,-4.367936897398763e-19,0.0003658811378015659,True,success,4.7781246821929636e-17,-8.744718371718399e-17,0.001339789869420979,1.74894367434368e-18,0.0
0.5267299098405719,-1.6764661519454818e-18,0.0015763899794453932,0.019731561345566865,1.490843521440171e-20,5.991607349875853e-05,arith,0.052546332648179775,1.182237679826247e-06,True,0.03746049156680531,0.4270833333,0.84,1.060927128322057e-16,-0.02327697465580959,4.5702248652852326e-09,True,False,10,0.8541666666,486,0.0019972024499586177,0.06657341499862059,0.0019972024499586177,0.0019972024499586177,0.0,3.3739557571087904,1.0255595726014275,-7.913631069916285e-06,-7.913631069916285e-06,0.49995942861171744,0.5233195021043557,0.0,0.39426005754752647,0.5233195021043557,True,0.019731561345566865,0.019435986255651082,success,0.999918857223435,0.999918857223435,0.5,2.8116668864002734e-15,0.03,"[0.005, 0.0075, 0.01, 0.015, 0.02, 0.03, 0.05, 0.08]",0.038008407995487416,0.002992786150918461,False,-3.182781384966171e-18,0.0008303317517468529,True,success,1.3711332542344441e-17,-2.5185429159751083e-17,0.0030365601813979112,7.555628747925324e-19,0.0
0.5293089138714323,8.99496055094581e-19,0.004407195339636798,0.019962796341523082,9.581977497753817e-20,0.00016923677373730558,arith,0.08814390679273595,3.3784392476142533e-06,True,0.03771483120416897,0.4270833333,0.84,-3.398756497469703e-17,-0.021870101194312663,4.5702248652852326e-09,True,False,10,0.8541666666,486,0.0033847354747461116,0.06769470949492223,0.0033847354747461107,0.0033847354747461116,0.0,3.3910434358394794,1.0307536041055079,-7.913631069916285e-06,-7.913631069916285e-06,0.4999594286117175,0.5233195021043557,0.0,0.39426005754752647,0.5233195021043557,True,0.019962796341523082,0.019435986255651082,success,0.999918857223435,0.999918857223435,0.5,2.8116668864002734e-15,0.05,"[0.005, 0.0075, 0.01, 0.015, 0.02, 0.03, 0.05, 0.08]",0.038400107255344075,0.008326319893995387,False,1.6993782487348514e-18,0.0023327677784423916,True,success,5.21311241116513e-17,-9.59983494679358e-17,0.008477608589598699,4.799917473396791e-18,2.562568757469782e-16
0.5318134252274757,3.4007181842553833e-19,0.011274762345268323,0.020203895035143162,5.1670610597033047e-20,0.00043529453667641134,arith,0.14093452931585404,8.79464512838149e-06,True,0.037990569768902,0.4270833333,0.84,-7.993212522795881e-18,-0.018430259320062044,4.5702248652852326e-09,True,False,10,0.8541666666,486,0.005441181708455142,0.06801477135568927,0.005441181708455142,0.005441181708455142,0.0,3.36641876417308,1.0232686014653771,-7.913631069916285e-06,-7.913631069916285e-06,0.4999594286117174,0.5233195021043557,0.0,0.39426005754752647,0.5233195021043557,True,0.020203895035143162,0.019435986255651082,success,0.999918857223435,0.999918857223435,0.5,2.8116668864002734e-15,0.08,"[0.005, 0.0075, 0.01, 0.015, 0.02, 0.03, 0.05, 0.08]",0.038607868028286314,0.02120059744720755,False,6.394570018236704e-19,0.005996069981462913,True,success,1.742346124463458e-17,-3.196822352023947e-17,0.021545080090707713,2.5574578816191574e-18,0.0
0.523729509456856,-8.201521622857412e-20,4.332706923972288e-05,0.005213011921766756,1.1332535950689868e-23,4.318075059330823e-07,typ,0.008665413847944576,2.251017676337527e-09,True,0.00995363413295732,0.4270833333,0.84,3.131968497006388e-17,-0.010221689989644667,4.382814177673394e-09,True,False,11,0.8541666666,331,8.636150118661645e-05,0.01727230023732329,8.636150118661645e-05,8.636150118661645e-05,0.0,3.3133053398944634,1.0071240564197559,-0.003095319929182142,-0.003095319929182142,0.4999586720158461,0.5226148621538816,0.0,0.2835637554901681,0.2835637554901681,True,0.005213011921766756,0.005200374936360891,success,0.9999173440316924,0.37807032795495016,0.5,5.367899114744568e-15,0.005,"[0.005, 0.0075, 0.01, 0.015, 0.02, 0.03, 0.05, 0.08]",0.00996622927675881,8.272795108424589e-05,False,-1.565984248503194e-19,2.26916647191233e-05,True,success,2.38856823697797e-19,-4.34778823480961e-19,8.283263349736159e-05,2.173894117404805e-21,0.0
0.5248809136213872,-1.5741577929129138e-19,9.815545677145855e-05,0.005227186370617347,3.416255929844004e-21,9.80917951633801e-07,typ,0.013087394236194472,5.127440947474091e-09,True,0.009958804435376892,0.4270833333,0.84,3.998768106723734e-17,-0.010194512421404817,4.382814177673394e-09,True,False,11,0.8541666666,331,0.00013078906021784015,0.017438541362378688,0.00013078906021784015,0.00013078906021784015,0.0,3.336123896481453,1.0140600659069663,-0.003095319929182142,-0.003095319929182142,0.4999586720158462,0.5226148621538816,0.0,0.2835637554901681,0.2835637554901681,True,0.005227186370617347,0.005200374936360891,success,0.9999173440316924,0.37807032795495016,0.5,5.367899114744568e-15,0.0075,"[0.005, 0.0075, 0.01, 0.015, 0.02, 0.03, 0.05, 0.08]",0.009993514205916574,0.00018700519341471254,False,-2.9990760800428003e-19,5.1519925827127744e-05,True,success,4.770897266979322e-17,-8.714072128866359e-17,0.0001876569691770817,6.53555409664977e-19,0.0
0.526216457898388,-6.725441601199312e-19,0.0001756919839491296,0.005244959615487091,-3.0771118786972645e-21,1.7630277199219288e-06,typ,0.017569198394912958,9.247009191974803e-09,True,0.009967304398715498,0.4270833333,0.84,1.2780751153355204e-16,-0.010156203024387842,4.382814177673394e-09,True,False,11,0.8541666666,331,0.0001763027719921929,0.01763027719921929,0.0001763027719921929,0.0001763027719921929,0.0,3.361375204331672,1.02173554310667,-0.003095319929182142,-0.003095319929182142,0.4999586720158462,0.5226148621538816,0.0,0.2835637554901681,0.2835637554901681,True,0.005244959615487091,0.005200374936360891,success,0.9999173440316924,0.37807032795495016,0.5,5.367899114744568e-15,0.01,"[0.005, 0.0075, 0.01, 0.015, 0.02, 0.03, 0.05, 0.08]",0.01003476470749173,0.000333877782254875,False,-1.2780751153355204e-18,9.245201347485142e-05,True,success,-3.199945945146686e-17,5.866798039037899e-17,0.0003361375204331672,-5.8667980390379e-19,0.0
0.5290557201931665,-1.4957658679808156e-19,0.00040000476329854945,0.00528743342982229,-4.235531789250249e-22,4.0589029952532164e-06,typ,0.026666984219903298,2.146117938550768e-08,True,0.00999409557067404,0.4270833333,0.84,1.884824617256683e-17,-0.010045674687941285,4.382814177673394e-09,True,False,11,0.8541666666,331,0.0002705935330168811,0.018039568867792073,0.0002705935330168811,0.0002705935330168811,0.0,3.411781747651881,1.037057295004237,-0.003095319929182142,-0.003095319929182142,0.4999586720158461,0.5226148621538816,0.0,0.2835637554901681,0.2835637554901681,True,0.00528743342982229,0.005200374936360891,success,0.9999173440316924,0.37807032795495016,0.5,5.367899114744568e-15,0.015,"[0.005, 0.0075, 0.01, 0.015, 0.02, 0.03, 0.05, 0.08]",0.010147136653529783,0.0007560730335785832,False,-2.8272369258850243e-19,0.00021162480812761118,True,success,-2.891220092156382e-18,5.340375244393516e-18,0.0007676508932216733,-8.010562866590274e-20,0.0
0.5318005268021324,-2.0022614691590146e-19,0.0007175683437838985,0.00533480559446238,2.1634676667776308e-20,7.3765568442824215e-06,typ,0.035878417189194926,3.935249672074762e-08,True,0.010031591406165167,0.4270833333,0.84,1.8825305431711224e-17,-0.00988934557747163,4.382814177673394e-09,True,False,11,0.8541666666,331,0.00036882784221412105,0.018441392110706053,0.00036882784221412105,0.00036882784221412105,0.0,3.4568067728369583,1.0507432615400714,-0.003095319929182142,-0.003095319929182142,0.4999586720158461,0.5226148621538816,0.0,0.2835637554901681,0.2835637554901681,True,0.00533480559446238,0.005200374936360891,success,0.9999173440316924,0.37807032795495016,0.5,5.367899114744568e-15,0.02,"[0.005, 0.0075, 0.01, 0.015, 0.02, 0.03, 0.05, 0.08]",0.010279936271135074,0.0013493186027829659,False,-3.7650610863422447e-19,0.00038160322324081087,True,success,1.0905969111326836e-16,-2.0276911955548553e-16,0.0013827227091347835,4.0553823911097106e-18,0.0
0.536535598385858,1.9303286137989776e-19,0.0016336725688651768,0.005432862665100418,1.4226351154255856e-20,1.7230820690110396e-05,typ,0.054455752295505894,9.36126824163406e-08,True,0.01012581957552291,0.4270833333,0.84,-1.1992547618500868e-17,-0.009437780118250201,4.382814177673394e-09,True,False,11,0.8541666666,331,0.0005743606896703465,0.019145356322344886,0.0005743606896703465,0.0005743606896703465,0.0,3.5239904820953196,1.0711646603706908,-0.003095319929182142,-0.003095319929182142,0.49995867201584615,0.5226148621538816,0.0,0.2835637554901681,0.2835637554901681,True,0.005432862665100418,0.005200374936360891,success,0.9999173440316924,0.37807032795495016,0.5,5.367899114744568e-15,0.03,"[0.005, 0.0075, 0.01, 0.015, 0.02, 0.03, 0.05, 0.08]",0.01054729143311729,0.003044854011141113,False,3.5977642855502603e-19,0.0008765234893026394,True,success,4.649713344605689e-17,-8.728578916380483e-17,0.003171591433885787,2.6185736749141446e-18,0.0
0.5431606279552252,-3.619133550997328e-18,0.004586878062456107,0.005610482434677483,5.008648887049648e-20,4.99502813430525e-05,typ,0.09173756124912213,2.8024517608239445e-07,True,0.010329324597400635,0.4270833333,0.84,1.3326199892734737e-16,-0.007975843024583821,4.382814177673394e-09,True,False,11,0.8541666666,331,0.00099900562686105,0.019980112537220998,0.00099900562686105,0.00099900562686105,0.0,3.5612111382306733,1.0824783831774263,-0.003095319929182142,-0.003095319929182142,0.49995867201584615,0.5226148621538816,0.0,0.2835637554901681,0.2835637554901681,True,0.005610482434677483,0.005200374936360891,success,0.9999173440316924,0.37807032795495016,0.5,5.367899114744568e-15,0.05,"[0.005, 0.0075, 0.01, 0.015, 0.02, 0.03, 0.05, 0.08]",0.010889821064113035,0.00844479114718569,False,-6.663099946367369e-18,0.002491411568757706,True,success,9.461315291404232e-17,-1.7854610348985322e-16,0.008903027845576684,8.92730517449266e-18,0.0
0.5488173577870971,-3.684642185994654e-18,0.01179284644754466,0.005781968004717443,3.998119250931679e-20,0.00012466956235132918,typ,0.14741058059430825,7.208354206775116e-07,True,0.010535322767543449,0.4270833333,0.84,8.392232255671565e-17,-0.004386951162098789,4.382814177673394e-09,True,False,11,0.8541666666,331,0.0015583695293916147,0.019479619117395184,0.0015583695293916147,0.0015583695293916147,0.0,3.369029213150606,1.0240620828060998,-0.003095319929182142,-0.003095319929182142,0.4999586720158461,0.5226148621538816,0.0,0.2835637554901681,0.2835637554901681,True,0.005781968004717443,0.005200374936360891,success,0.9999173440316924,0.37807032795495016,0.5,5.367899114744568e-15,0.08,"[0.005, 0.0075, 0.01, 0.015, 0.02, 0.03, 0.05, 0.08]",0.010571626019711816,0.021487743199477053,False,-6.7137858045372524e-18,0.006472118828130415,True,success,4.709097517685192e-17,-8.64350868006719e-17,0.021561786964163877,6.914806944053752e-18,0.0
0.1325536824651098,-8.515010150317938e-20,1.8515500105185042e-05,0.0014559906623850042,3.7955182406995675e-21,2.858819430471229e-07,arith,0.0037031000210370085,4.162414396210925e-10,True,0.010984158533417158,0.4791666667,0.8,1.2847640279717197e-16,-0.01930422601685681,4.673546420207205e-09,True,False,12,0.9583333334,587,5.717638860942458e-05,0.011435277721884915,5.717638860942458e-05,5.717638860942458e-05,0.0,7.8539499031904585,2.387314501376644,-9.270107725508226e-06,-9.270107725508226e-06,0.49995931731023696,0.022117307431641198,0.0,0.015153587572415878,0.022117307431641198,True,0.0014559906623850042,3.057960767550897e-05,success,0.999918634620474,0.999918634620474,0.5,2.418225366009327e-15,0.005,"[0.005, 0.0075, 0.01, 0.015, 0.02, 0.03, 0.05, 0.08]",0.015440141579922278,0.00013968303076045143,False,-6.423820139858598e-19,2.454297721625405e-06,True,success,1.860366135745569e-16,-5.21365739321744e-16,0.0001963487475797615,2.60682869660872e-18,0.0
0.1649320150687419,1.0495267612072815e-19,4.9340156559668745e-05,0.002180153823408981,5.1243838947660064e-21,9.025641623746241e-07,arith,0.006578687541289166,1.967728709472961e-09,True,0.013218499892215083,0.4791666667,0.8,-8.484520208886067e-17,-0.01929145664697135,4.673546420207205e-09,True,False,12,0.9583333334,587,0.00012034188831661655,0.016045585108882206,0.00012034188831661655,0.00012034188831661655,0.0,7.3598408225125365,2.237123350668501,-9.270107725508226e-06,-9.270107725508226e-06,0.49995931731023696,0.022117307431641198,0.0,0.015153587572415878,0.022117307431641198,True,0.002180153823408981,3.057960767550897e-05,success,0.999918634620474,0.999918634620474,0.5,2.418225366009327e-15,0.0075,"[0.005, 0.0075, 0.01, 0.015, 0.02, 0.03, 0.05, 0.08]",0.018292689470555738,0.00029915451247657587,False,6.36339015666455e-19,8.137771445193369e-06,True,success,1.1552049643255963e-16,-3.133958616279838e-16,0.0004139910462663302,2.3504689622098788e-18,0.0
0.1898180220174253,2.439454888092237e-19,9.795457235280036e-05,0.0028364295268690685,3.1631386624022072e-21,2.0066470079807895e-06,arith,0.009795457235280037,5.691712823440183e-09,True,0.014942888439795693,0.4791666667,0.8,-1.2851545191363838e-16,-0.01927104988216448,4.673546420207205e-09,True,False,12,0.9583333334,587,0.00020066470079807894,0.020066470079807892,0.00020066470079807894,0.00020066470079807894,0.0,7.07455266902324,2.1504061504964835,-9.270107725508226e-06,-9.270107725508226e-06,0.4999593173102369,0.022117307431641198,0.0,0.015153587572415878,0.022117307431641198,True,0.0028364295268690685,3.057960767550897e-05,success,0.999918634620474,0.999918634620474,0.5,2.418225366009327e-15,0.01,"[0.005, 0.0075, 0.01, 0.015, 0.02, 0.03, 0.05, 0.08]",0.02048548587148645,0.0005160446374465336,False,1.2851545191363839e-18,1.8593543171571336e-05,True,success,4.192728501193378e-17,-1.11518323738992e-16,0.0007074552669023241,1.11518323738992e-18,0.0
0.2274740810627613,4.3324405397985203e-19,0.000254235619830129,0.003999422278090111,7.606439191015721e-21,6.045363704440144e-06,arith,0.016949041322008602,2.417796227869527e-08,True,0.017581881238533936,0.4791666667,0.8,-1.2697243042833165e-16,-0.01920452882943821,4.673546420207205e-09,True,False,12,0.9583333334,587,0.00040302424696267626,0.026868283130845085,0.00040302424696267626,0.00040302424696267626,0.0,6.718041072591064,2.042039619698301,-9.270107725508226e-06,-9.270107725508226e-06,0.49995931731023696,0.022117307431641198,0.0,0.015153587572415878,0.022117307431641198,True,0.003999422278090111,3.057960767550897e-05,success,0.999918634620474,0.999918634620474,0.5,2.418225366009327e-15,0.015,"[0.005, 0.0075, 0.01, 0.015, 0.02, 0.03, 0.05, 0.08]",0.023778586605918698,0.0011176465408381366,False,1.9045864564249748e-18,5.783201399428013e-05,True,success,4.8918321823390164e-17,-1.267922991892404e-16,0.0015115592413329894,1.901884487838606e-18,0.0
0.255873112913242,-2.4172285214966805e-20,0.0004954596554762817,0.005014235996543159,2.8026785905181098e-21,1.2983943225367648e-05,arith,0.024772982773814085,6.510455549771115e-08,True,0.019596572455204853,0.4791666667,0.8,4.723490666868702e-18,-0.019100450770519153,4.673546420207205e-09,True,False,12,0.9583333334,587,0.0006491971612683823,0.03245985806341912,0.0006491971612683823,0.0006491971612683823,0.0,6.473540153633996,1.9677202521671928,-9.270107725508226e-06,-9.270107725508226e-06,0.49995931731023696,0.022117307431641198,0.0,0.015153587572415878,0.022117307431641198,True,0.005014235996543159,3.057960767550897e-05,success,0.999918634620474,0.999918634620474,0.5,2.418225366009327e-15,0.02,"[0.005, 0.0075, 0.01, 0.015, 0.02, 0.03, 0.05, 0.08]",0.026205853659035626,0.0019363490357983627,False,-9.446981333737404e-20,0.00012677480436963862,True,success,1.0984179134514361e-17,-2.794721461505094e-17,0.0025894160614535985,5.589442923010187e-19,0.0
0.29776822989918855,3.3743165156943733e-19,0.001249858346014428,0.006728299555880409,2.3303028890359507e-21,3.701337356407362e-05,arith,0.0416619448671476,2.490370649127922e-07,True,0.022595760327279776,0.4791666667,0.8,-3.77734109605623e-17,-0.01876936064028148,4.673546420207205e-09,True,False,12,0.9583333334,587,0.0012337791188024542,0.04112597062674847,0.0012337791188024542,0.0012337791188024542,0.0,6.112386983544027,1.8579428521580983,-9.270107725508226e-06,-9.270107725508226e-06,0.499959317310237,0.022117307431641198,0.0,0.015153587572415878,0.022117307431641198,True,0.006728299555880409,3.057960767550897e-05,success,0.999918634620474,0.999918634620474,0.5,2.418225366009327e-15,0.03,"[0.005, 0.0075, 0.01, 0.015, 0.02, 0.03, 0.05, 0.08]",0.02961405481037317,0.004197420075464652,False,1.133202328816869e-18,0.00037216810731744376,True,success,4.669607512354877e-18,-1.1544783689064048e-17,0.0055011482851896245,3.4634351067192144e-19,0.0
0.3519021938925737,-3.3931609994894067e-19,0.0038933488934411392,0.009319070000461569,2.5093351062416977e-20,0.0001305610768841179,arith,0.07786697786882278,1.2167078148187396e-06,True,0.02648198892248575,0.4791666667,0.8,1.9284682268990044e-17,-0.01757743499741246,4.673546420207205e-09,True,False,12,0.9583333334,587,0.0026112215376823578,0.052224430753647154,0.0026112215376823578,0.0026112215376823578,0.0,5.604038895625905,1.7034235622475482,-9.270107725508226e-06,-9.270107725508226e-06,0.49995931731023696,0.022117307431641198,0.0,0.015153587572415878,0.022117307431641198,True,0.009319070000461569,3.057960767550897e-05,success,0.999918634620474,0.999918634620474,0.5,2.418225366009327e-15,0.05,"[0.005, 0.0075, 0.01, 0.015, 0.02, 0.03, 0.05, 0.08]",0.033534389148649195,0.01106372441266926,False,-9.642341134495022e-19,0.001370078017191161,True,success,2.2749167782929693e-17,-5.385376665520082e-17,0.014010097239064765,2.692688332760041e-18,0.0
0.3998896543431686,-2.6630074053177192e-18,0.010694531825060763,0.011955348887316926,-3.02797619813094e-20,0.00038861300707042503,arith,0.13368164781325953,4.6460040816762905e-06,True,0.029896619623615832,0.4791666667,0.8,8.324194488388907e-17,-0.014403953352183932,4.673546420207205e-09,True,False,12,0.9583333334,587,0.004857662588380313,0.06072078235475391,0.004857662588380313,0.004857662588380313,0.0,5.078963644396089,1.5438198243798398,-9.270107725508226e-06,-9.270107725508226e-06,0.4999593173102369,0.022117307431641198,0.0,0.015153587572415878,0.022117307431641198,True,0.011955348887316926,3.057960767550897e-05,success,0.999918634620474,0.999918634620474,0.5,2.418225366009327e-15,0.08,"[0.005, 0.0075, 0.01, 0.015, 0.02, 0.03, 0.05, 0.08]",0.036337542720643316,0.026743707192492562,False,-6.659355590711126e-18,0.004276632634885564,True,success,-1.4047940641889524e-17,3.1659220348467094e-17,0.032505367324134976,-2.5327376278773678e-18,0.0
0.006125779981529095,3.708974469111207e-21,5.874229148300495e-07,1.0545258438178587e-06,3.2228438966261305e-25,9.426075332284013e-11,typ,0.0001174845829660099,9.940040043667501e-17,True,0.0001721455630136151,0.4791666667,0.8,-1.210939498413192e-16,-0.006691154630974243,4.378630234070702e-09,True,False,13,0.9583333334,328,1.8852150664568025e-08,3.770430132913605e-06,1.8852150664568025e-08,1.8852150664568025e-08,0.0,3.5754743755382505,1.0868138874371522,-0.004323827604807325,-0.004323827604807325,0.49995868441139807,0.0059348824883431114,0.0,0.004063322144785599,0.004063322144785599,True,1.0545258438178587e-06,1.0319186847159728e-06,success,0.999917368822796,0.3260345149425232,0.5,3.791080428394716e-15,0.005,"[0.005, 0.0075, 0.01, 0.015, 0.02, 0.03, 0.05, 0.08]",0.0001604648898487578,9.589357054959377e-05,False,6.054697492065959e-19,3.5984235323573877e-09,True,success,3.232549644180927e-17,-6.112403817355454e-17,8.938685938845627e-05,3.0562019086777273e-19,0.0
0.0067310483313261634,-6.538035561619131e-21,3.0223686314173584e-06,1.1011954777211615e-06,1.34416849539867e-24,3.2896211568801485e-10,typ,0.00040298248418898114,3.622515941372275e-16,True,0.00016359940138837214,0.4791666667,0.8,1.2951000081599462e-16,-0.006690605299881795,4.378630234070702e-09,True,False,13,0.9583333334,328,4.386161542506865e-08,5.848215390009153e-06,4.386161542506865e-08,4.386161542506865e-08,0.0,5.3107876924009725,1.6142858852016786,-0.004323827604807325,-0.004323827604807325,0.4999586844113981,0.0059348824883431114,0.0,0.004063322144785599,0.004063322144785599,True,1.1011954777211615e-06,1.0319186847159728e-06,success,0.999917368822796,0.3260345149425232,0.5,3.791080428394716e-15,0.0075,"[0.005, 0.0075, 0.01, 0.015, 0.02, 0.03, 0.05, 0.08]",0.00010884248607812808,0.00044901900605160056,False,-9.713250061199597e-19,2.034370933315435e-08,True,success,7.062338986975169e-17,-1.627526353668315e-16,0.00029873180769755467,1.2206447652512362e-18,0.0
0.009254911625461415,-5.251604272978372e-20,1.5548375437220074e-05,1.305520381751693e-06,-4.135903063042051e-25,1.893321627474136e-09,typ,0.0015548375437220074,2.4717699738787706e-15,True,0.00014106243631328082,0.4791666667,0.8,5.674396996434363e-16,-0.006688410918910162,4.378630234070702e-09,True,False,13,0.9583333334,328,1.893321627474136e-07,1.893321627474136e-05,1.893321627474136e-07,1.893321627474136e-07,0.0,14.502428716844358,4.408209729837901,-0.004323827604807325,-0.004323827604807325,0.49995868441139807,0.0059348824883431114,0.0,0.004063322144785599,0.004063322144785599,True,1.305520381751693e-06,1.0319186847159728e-06,success,0.999917368822796,0.3260345149425232,0.5,3.791080428394716e-15,0.01,"[0.005, 0.0075, 0.01, 0.015, 0.02, 0.03, 0.05, 0.08]",0.0001217697395537451,0.0016800133881823957,False,-5.674396996434363e-18,1.4389884059096677e-07,True,success,-8.318908070931962e-18,3.1680111018203086e-17,0.0014502428716844358,-3.168011101820309e-19,0.0
0.026018774258560154,-9.537620002610253e-20,0.00011885362172764739,4.0759456131449455e-06,-4.043775865407884e-23,3.475443459707016e-08,typ,0.007923574781843159,1.4165718523326104e-13,True,0.00015665402115566467,0.4791666667,0.8,2.4437789697112997e-16,-0.006666934023548857,4.378630234070702e-09,True,False,13,0.9583333334,328,2.316962306471344e-06,0.0001544641537647563,2.316962306471344e-06,2.316962306471344e-06,0.0,37.89651983250429,11.519160736063988,-0.004323827604807325,-0.004323827604807325,0.49995868441139807,0.0059348824883431114,0.0,0.004063322144785599,0.004063322144785599,True,4.0759456131449455e-06,1.0319186847159728e-06,success,0.999917368822796,0.3260345149425232,0.5,3.791080428394716e-15,0.015,"[0.005, 0.0075, 0.01, 0.015, 0.02, 0.03, 0.05, 0.08]",0.0002924137614982387,0.004567994654419381,False,-3.6656684545669494e-18,3.092425553543958e-06,True,success,-1.0744043844016901e-16,6.614049432466561e-16,0.008526716962313463,-9.92107414869984e-18,0.0
0.05781136447209471,-5.643704329730677e-20,0.00036632927719442684,1.4976854662815453e-05,7.046399292104263e-24,2.122432505943701e-07,typ,0.01831646385972134,3.1787363173154006e-12,True,0.0002590641961070598,0.4791666667,0.8,4.8811374556423664e-17,-0.006602429356344704,4.378630234070702e-09,True,False,13,0.9583333334,328,1.0612162529718504e-05,0.0005306081264859252,1.0612162529718504e-05,1.0612162529718504e-05,0.0,35.42854213597462,10.768985471818157,-0.004323827604807325,-0.004323827604807325,0.49995868441139807,0.0059348824883431114,0.0,0.004063322144785599,0.004063322144785599,True,1.4976854662815453e-05,1.0319186847159728e-06,success,0.999917368822796,0.3260345149425232,0.5,3.791080428394716e-15,0.02,"[0.005, 0.0075, 0.01, 0.015, 0.02, 0.03, 0.05, 0.08]",0.0005793783456781244,0.0063366308776754855,False,-9.762274911284733e-19,2.1177995360686022e-05,True,success,3.9522098611093335e-18,-2.3524296158121467e-17,0.014171416854389848,4.704859231624294e-19,0.0
0.1369181275885273,-7.151003925125686e-19,0.0012719241637361176,7.934990167323956e-05,-1.1635928825611994e-21,1.7979303169989316e-06,typ,0.042397472124537254,1.4266559386920166e-10,True,0.0005795427024221771,0.4791666667,0.8,1.740944034967674e-16,-0.006299561488654001,4.378630234070702e-09,True,False,13,0.9583333334,328,5.993101056663106e-05,0.0019977003522210356,5.993101056663106e-05,5.993101056663106e-05,0.0,25.175839038181845,7.652537431612678,-0.004323827604807325,-0.004323827604807325,0.499958684411398,0.0059348824883431114,0.0,0.004063322144785599,0.004063322144785599,True,7.934990167323956e-05,1.0319186847159728e-06,success,0.999917368822796,0.3260345149425232,0.5,3.791080428394716e-15,0.03,"[0.005, 0.0075, 0.01, 0.015, 0.02, 0.03, 0.05, 0.08]",0.001413551505867879,0.009289669572158939,False,-5.2228321049030215e-18,0.00017414947493335264,True,success,-9.741849855946109e-17,4.888024887343649e-16,0.022658255134363658,-1.4664074662030948e-17,0.0
0.26401518432668813,-2.4327844989415664e-18,0.004378704527911523,0.0003829336944024229,-1.2876307005298996e-20,1.5510863027239322e-05,typ,0.08757409055823046,5.939632082390703e-09,True,0.0014504229950978384,0.4791666667,0.8,1.8429125621284554e-16,-0.004990372214037413,4.378630234070702e-09,True,False,13,0.9583333334,328,0.00031021726054478643,0.006204345210895728,0.00031021726054478643,0.00031021726054478643,0.0,16.202139695692633,4.924859914518252,-0.004323827604807325,-0.004323827604807325,0.49995868441139807,0.0059348824883431114,0.0,0.004063322144785599,0.004063322144785599,True,0.0003829336944024229,1.0319186847159728e-06,success,0.999917368822796,0.3260345149425232,0.5,3.791080428394716e-15,0.05,"[0.005, 0.0075, 0.01, 0.015, 0.02, 0.03, 0.05, 0.08]",0.0035423406462727048,0.016585048087587966,False,-9.214562810642278e-18,0.0011560444830486648,True,success,-1.67075031115002e-16,6.725084365006207e-16,0.04050534923923159,-3.362542182503104e-17,0.0
0.36719688319350685,-2.8268776459925096e-18,0.011886442663917345,0.0010512187357430783,-3.724076702043007e-21,7.303780840790693e-05,typ,0.14858053329896684,7.677871261600508e-08,True,0.0028628204210249327,0.4791666667,0.8,9.623167350329845e-17,-0.0014360792919963714,4.378630234070702e-09,True,False,13,0.9583333334,328,0.0009129726050988366,0.011412157563735457,0.0009129726050988366,0.0009129726050988366,0.0,10.856120782197161,3.2998650222491945,-0.004323827604807325,-0.004323827604807325,0.49995868441139807,0.0059348824883431114,0.0,0.004063322144785599,0.004063322144785599,True,0.0010512187357430783,1.0319186847159728e-06,success,0.999917368822796,0.3260345149425232,0.5,3.791080428394716e-15,0.08,"[0.005, 0.0075, 0.01, 0.015, 0.02, 0.03, 0.05, 0.08]",0.006144631364741407,0.032370761321667815,False,-7.698533880263877e-18,0.0043646646984487735,True,success,-1.3439967060669795e-17,4.4282847320669157e-17,0.06947917300606182,-3.542627785653533e-18,0.0
0.19640645135348495,-3.911887043249293e-20,2.1606583428975707e-05,0.0026247146213555653,-4.150220395945695e-21,3.7848992471115106e-07,arith,0.0043213166857951416,9.934280394251253e-10,True,0.013363688429112253,0.4791666667,0.82,3.983460844887244e-17,-0.01953607442081195,4.6345418732534766e-09,True,False,14,0.9583333334,493,7.569798494223021e-05,0.015139596988446042,7.56979849422302e-05,7.569798494223021e-05,0.0,5.7680926014832865,1.7532899092226937,-9.372841554339782e-06,-9.372841554339782e-06,0.4999593102654659,0.11445150769430659,0.0,0.0748252471634379,0.11445150769430659,True,0.0026247146213555653,0.0008231428137634742,success,0.9999186205309316,0.9999186205309316,0.5,3.0134842902615226e-15,0.005,"[0.005, 0.0075, 0.01, 0.015, 0.02, 0.03, 0.05, 0.08]",0.017517342617138332,0.00011000954031845416,False,-1.9917304224436223e-19,4.2436723771581315e-06,True,success,-1.3167488674731033e-16,3.162416486865352e-16,0.00014420231503708215,-1.581208243432676e-18,1.7903418652968864e-16
0.21974137614966532,3.766120241729433e-19,5.4863334081806096e-05,0.0033315558428296706,-4.577617509868455e-21,1.0951206939109796e-06,arith,0.007315111210907479,3.6484557464028073e-09,True,0.01516125866327767,0.4791666667,0.82,-2.2851834932621503e-16,-0.019521602149662823,4.6345418732534766e-09,True,False,14,0.9583333334,493,0.00014601609252146394,0.019468812336195192,0.00014601609252146394,0.00014601609252146394,0.0,5.843759869160493,1.7762900005948024,-9.372841554339782e-06,-9.372841554339782e-06,0.4999593102654658,0.11445150769430659,0.0,0.0748252471634379,0.11445150769430659,True,0.0033315558428296706,0.0008231428137634742,success,0.9999186205309316,0.9999186205309316,0.5,3.0134842902615226e-15,0.0075,"[0.005, 0.0075, 0.01, 0.015, 0.02, 0.03, 0.05, 0.08]",0.01996088484666385,0.0002496722967841924,False,1.7138876199466128e-18,1.2055744531294907e-05,True,success,-7.5785297577024e-17,1.8320239254863928e-16,0.0003287114926402777,-1.3740179441147943e-18,0.0
0.23848463539923762,1.0926725019579018e-19,0.00010611729406050566,0.003961187165451342,6.696854239228761e-21,2.321416574841746e-06,arith,0.010611729406050565,9.195565541929139e-09,True,0.016609821252509944,0.4791666667,0.82,-4.581731230310508e-17,-0.01949924785204544,4.6345418732534766e-09,True,False,14,0.9583333334,493,0.00023214165748417458,0.02321416574841746,0.00023214165748417458,0.00023214165748417458,0.0,5.860406180976911,1.7813498726443588,-9.372841554339782e-06,-9.372841554339782e-06,0.4999593102654659,0.11445150769430659,0.0,0.0748252471634379,0.11445150769430659,True,0.003961187165451342,0.0008231428137634742,success,0.9999186205309316,0.9999186205309316,0.5,3.0134842902615226e-15,0.01,"[0.005, 0.0075, 0.01, 0.015, 0.02, 0.03, 0.05, 0.08]",0.021875949583845658,0.00044496490888337075,False,4.581731230310508e-19,2.5307344183573376e-05,True,success,6.983636469884386e-17,-1.690617978781044e-16,0.0005860406180976911,1.690617978781044e-18,0.0
0.26794450886718707,3.519349468026367e-19,0.0002677096976224516,0.005062444316578927,1.0571630973786434e-20,6.635946905229479e-06,arith,0.017847313174830105,3.35941116954985e-08,True,0.018893629647354502,0.4791666667,0.82,-8.756413738813396e-17,-0.019428403972243782,4.6345418732534766e-09,True,False,14,0.9583333334,493,0.00044239646034863195,0.029493097356575463,0.00044239646034863195,0.00044239646034863195,0.0,5.8258610884842605,1.7708494236631909,-9.372841554339782e-06,-9.372841554339782e-06,0.4999593102654658,0.11445150769430659,0.0,0.0748252471634379,0.11445150769430659,True,0.005062444316578927,0.0008231428137634742,success,0.9999186205309316,0.9999186205309316,0.5,3.0134842902615226e-15,0.015,"[0.005, 0.0075, 0.01, 0.015, 0.02, 0.03, 0.05, 0.08]",0.02478784655230567,0.0009991236571866011,False,1.3134620608220094e-18,7.173134344843094e-05,True,success,5.767802936312706e-17,-1.392164247504649e-16,0.0013108187449089584,2.0882463712569733e-18,0.0
0.29086103279083025,2.917041506955511e-20,0.000513618176907626,0.006013004683415992,2.648002544041748e-20,1.3841422280389306e-05,arith,0.0256809088453813,8.322853699711936e-08,True,0.02067311879395059,0.4791666667,0.82,-5.014493483307665e-18,-0.019319785591962325,4.6345418732534766e-09,True,False,14,0.9583333334,493,0.0006920711140194653,0.03460355570097326,0.0006920711140194653,0.0006920711140194653,0.0,5.754786088294706,1.7492452142234356,-9.372841554339782e-06,-9.372841554339782e-06,0.4999593102654659,0.11445150769430659,0.0,0.0748252471634379,0.11445150769430659,True,0.006013004683415992,0.0008231428137634742,success,0.9999186205309316,0.9999186205309316,0.5,3.0134842902615226e-15,0.02,"[0.005, 0.0075, 0.01, 0.015, 0.02, 0.03, 0.05, 0.08]",0.026948855984274635,0.0017658542018483077,False,1.0028986966615331e-19,0.00014939151339549546,True,success,9.178723084606244e-17,-2.201896292667958e-16,0.0023019144353178824,4.403792585335916e-18,0.0
0.3254775699766905,-1.0017095341029937e-19,0.0012734720189313982,0.007602076937155553,1.8114095120426584e-20,3.8188837793876416e-05,arith,0.04244906729771328,2.9031448304960227e-07,True,0.02335668457184311,0.4791666667,0.82,1.0258869084534586e-17,-0.01898009344123342,4.6345418732534766e-09,True,False,14,0.9583333334,493,0.0012729612597958805,0.04243204199319602,0.0012729612597958805,0.0012729612597958805,0.0,5.581638063383333,1.6966145257353757,-9.372841554339782e-06,-9.372841554339782e-06,0.4999593102654659,0.11445150769430659,0.0,0.0748252471634379,0.11445150769430659,True,0.007602076937155553,0.0008231428137634742,success,0.9999186205309316,0.9999186205309316,0.5,3.0134842902615226e-15,0.03,"[0.005, 0.0075, 0.01, 0.015, 0.02, 0.03, 0.05, 0.08]",0.029987967718302606,0.003912626049846076,False,-3.0776607253603757e-19,0.0004144865781551015,True,success,3.3618806605214646e-17,-7.942607996109145e-17,0.005023474257044999,2.3827823988327433e-18,0.0
0.37116174617432074,1.0816610784166713e-18,0.003905289390260542,0.009971481570258687,6.08838018063614e-20,0.00013070997374174076,arith,0.07810578780521084,1.3033720942147649e-06,True,0.02686559612631916,0.4791666667,0.82,-5.828515947915902e-17,-0.017777437859373815,4.6345418732534766e-09,True,False,14,0.9583333334,493,0.002614199474834815,0.0522839894966963,0.002614199474834815,0.002614199474834815,0.0,5.24335216670715,1.5937879433531545,-9.372841554339782e-06,-9.372841554339782e-06,0.49995931026546586,0.11445150769430659,0.0,0.0748252471634379,0.11445150769430659,True,0.009971481570258687,0.0008231428137634742,success,0.9999186205309316,0.9999186205309316,0.5,3.0134842902615226e-15,0.05,"[0.005, 0.0075, 0.01, 0.015, 0.02, 0.03, 0.05, 0.08]",0.03346998408561482,0.010521799270839658,False,2.914257973957951e-18,0.001449494029405151,True,success,5.332950521649547e-17,-1.2211585886686228e-16,0.013108380416767876,6.1057929433431145e-18,0.0
0.41214547148592795,2.610465976859369e-18,0.010625647802610761,0.012347067016773431,1.6307055415114345e-20,0.0003818257880732668,arith,0.1328205975326345,4.714428594072955e-06,True,0.029958031498582175,0.4791666667,0.82,-7.917307593626257e-17,-0.014612985475843943,4.6345418732534766e-09,True,False,14,0.9583333334,493,0.004772822350915835,0.05966027938644793,0.004772822350915835,0.004772822350915835,0.0,4.831939383288334,1.4687334528084048,-9.372841554339782e-06,-9.372841554339782e-06,0.49995931026546586,0.11445150769430659,0.0,0.0748252471634379,0.11445150769430659,True,0.012347067016773431,0.0008231428137634742,success,0.9999186205309316,0.9999186205309316,0.5,3.0134842902615226e-15,0.08,"[0.005, 0.0075, 0.01, 0.015, 0.02, 0.03, 0.05, 0.08]",0.03593435385459048,0.025781304266917212,False,6.333846074901006e-18,0.0043793126234504265,True,success,7.510364514547279e-18,-1.6509037523811615e-17,0.030924412053045337,1.3207230019049292e-18,0.0
0.007712635770063242,4.7236148879840645e-21,8.225236015594644e-07,1.4261034431427728e-06,9.848265758523947e-25,1.3186681875272574e-10,typ,0.0001645047203118929,1.8805572425954614e-16,True,0.00018490480889532255,0.4791666667,0.82,-1.2249028811444395e-16,-0.006293052670133026,4.267379500982351e-09,True,False,15,0.9583333334,330,2.637336375054515e-08,5.274672750109029e-06,2.637336375054515e-08,2.637336375054515e-08,0.0,3.6986606935644017,1.1242580380900054,-0.0051624332714445605,-0.0051624332714445605,0.49995874545539887,0.007374369511740386,0.0,0.0047110951395446625,0.0047110951395446625,True,1.4261034431427728e-06,1.3871637491861267e-06,success,0.9999174909107978,0.301049304109501,0.5,3.817590086495246e-15,0.005,"[0.005, 0.0075, 0.01, 0.015, 0.02, 0.03, 0.05, 0.08]",0.0001603197993379311,0.00010664623950635749,False,6.124514405722198e-19,6.343824951108771e-09,True,success,7.18152176277421e-17,-1.381143255193445e-16,9.246651733911005e-05,6.905716275967226e-19,0.0
0.009053737688408024,9.820288232229545e-21,5.272718678276695e-06,1.5209594328125186e-06,-9.04728794979874e-25,5.407947727200507e-10,typ,0.0007030291571035593,8.225269107842632e-16,True,0.00016799243419211084,0.4791666667,0.82,-1.4462223330964514e-16,-0.006292148954893925,4.267379500982351e-09,True,False,15,0.9583333334,330,7.210596969600676e-08,9.614129292800902e-06,7.210596969600676e-08,7.210596969600676e-08,0.0,6.32109514914721,1.9213825272823049,-0.0051624332714445605,-0.0051624332714445605,0.49995874545539887,0.007374369511740386,0.0,0.0047110951395446625,0.0047110951395446625,True,1.5209594328125186e-06,1.3871637491861267e-06,success,0.9999174909107978,0.301049304109501,0.5,3.817590086495246e-15,0.0075,"[0.005, 0.0075, 0.01, 0.015, 0.02, 0.03, 0.05, 0.08]",0.0001025646930393034,0.0005823803228834025,False,1.0846667498223385e-18,4.773781181788666e-08,True,success,-3.1545931434102055e-17,7.9312112732849e-17,0.00035556160213953046,-5.948408454963675e-19,0.0
0.01393727760307554,8.470329472526142e-21,2.5024170917084464e-05,1.920092474998795e-06,-1.571643163852483e-23,3.1183702113620047e-09,typ,0.0025024170917084462,5.987559177096587e-15,True,0.00013776668081685392,0.4791666667,0.82,-6.07746341412974e-17,-0.006288465110071702,4.267379500982351e-09,True,False,15,0.9583333334,330,3.118370211362005e-07,3.118370211362005e-05,3.118370211362005e-07,3.118370211362005e-07,0.0,16.240729298019676,4.936589747070442,-0.0051624332714445605,-0.0051624332714445605,0.4999587454553989,0.007374369511740386,0.0,0.0047110951395446625,0.0047110951395446625,True,1.920092474998795e-06,1.3871637491861267e-06,success,0.9999174909107978,0.301049304109501,0.5,3.817590086495246e-15,0.01,"[0.005, 0.0075, 0.01, 0.015, 0.02, 0.03, 0.05, 0.08]",0.00012461432675210174,0.0017954848593646708,False,6.07746341412974e-19,3.487688168582156e-07,True,success,-2.0310893945428159e-16,8.185247243643664e-16,0.001624072929801968,-8.185247243643664e-18,0.0
0.03956278288155567,4.015621738326457e-20,0.00015637744918257178,6.129956373351202e-06,-1.725048461750022e-22,4.567029502496453e-08,typ,0.010425163278838119,2.79956916061111e-13,True,0.00015494249713684857,0.4791666667,0.82,-6.766665446409662e-17,-0.006258206262686493,4.267379500982351e-09,True,False,15,0.9583333334,330,3.0446863349976354e-06,0.00020297908899984238,3.0446863349976354e-06,3.0446863349976354e-06,0.0,33.11264822083476,10.065038133801982,-0.0051624332714445605,-0.0051624332714445605,0.4999587454553989,0.007374369511740386,0.0,0.0047110951395446625,0.0047110951395446625,True,6.129956373351202e-06,1.3871637491861267e-06,success,0.9999174909107978,0.301049304109501,0.5,3.817590086495246e-15,0.015,"[0.005, 0.0075, 0.01, 0.015, 0.02, 0.03, 0.05, 0.08]",0.0002920516689822977,0.003952640279394389,False,1.0149998169614493e-18,6.1867270695815925e-06,True,success,-3.2602860055301536e-16,1.8760856322451018e-15,0.007450345849687821,-2.8141284483676525e-17,0.0
0.08026184684805701,1.276774472832367e-19,0.0004313356100607244,1.997821737239306e-05,-3.359241939974517e-22,2.442186107714246e-07,typ,0.02156678050303622,4.879052492375374e-12,True,0.00024891300358704236,0.4791666667,0.82,-7.953806964157063e-17,-0.006178916259779392,4.267379500982351e-09,True,False,15,0.9583333334,330,1.221093053857123e-05,0.0006105465269285614,1.221093053857123e-05,1.221093053857123e-05,0.0,30.560610866725597,9.289311797548583,-0.0051624332714445605,-0.0051624332714445605,0.49995874545539887,0.007374369511740386,0.0,0.0047110951395446625,0.0047110951395446625,True,1.997821737239306e-05,1.3871637491861267e-06,success,0.9999174909107978,0.301049304109501,0.5,3.817590086495246e-15,0.02,"[0.005, 0.0075, 0.01, 0.015, 0.02, 0.03, 0.05, 0.08]",0.0005661916268333211,0.005374105219348889,False,1.5907613928314127e-18,3.46197926748071e-05,True,success,-1.520805023846913e-16,8.407261462217576e-16,0.012224244346690241,-1.681452292443515e-17,0.0
0.16760602047100973,-7.221233659394712e-19,0.0013550029362344625,9.032827841530858e-05,-1.708645359857075e-21,1.823964523859586e-06,typ,0.045166764541148756,1.6475557533083445e-10,True,0.0005389321825162741,0.4791666667,0.82,1.43615240055249e-16,-0.005844628534329946,4.267379500982351e-09,True,False,15,0.9583333334,330,6.07988174619862e-05,0.0020266272487328733,6.079881746198621e-05,6.07988174619862e-05,0.0,22.43624349193183,6.819800241270692,-0.0051624332714445605,-0.0051624332714445605,0.49995874545539887,0.007374369511740386,0.0,0.0047110951395446625,0.0047110951395446625,True,9.032827841530858e-05,1.3871637491861267e-06,success,0.9999174909107978,0.301049304109501,0.5,3.817590086495246e-15,0.03,"[0.005, 0.0075, 0.01, 0.015, 0.02, 0.03, 0.05, 0.08]",0.0013460963626605578,0.008084452649293902,False,-4.30845720165747e-18,0.0002271066498687916,True,success,-1.3311649423451045e-16,6.30531726362634e-16,0.020192619142738646,-1.891595179087902e-17,1.1145387132358597e-16
0.29141101863629365,2.805531986943056e-19,0.004410309743826044,0.00038366008383249083,2.2704815345644436e-22,1.4373503718046216e-05,typ,0.08820619487652087,5.51453964143223e-09,True,0.001316559976448015,0.4791666667,0.82,-1.9254810611294036e-17,-0.0045022536775120095,4.267379500982351e-09,True,False,15,0.9583333334,330,0.00028747007436092433,0.005749401487218486,0.00028747007436092433,0.00028747007436092433,0.0,14.985664992266235,4.555095944051878,-0.0051624332714445605,-0.0051624332714445605,0.4999587454553989,0.007374369511740386,0.0,0.0047110951395446625,0.0047110951395446625,True,0.00038366008383249083,1.3871637491861267e-06,success,0.9999174909107978,0.301049304109501,0.5,3.817590086495246e-15,0.05,"[0.005, 0.0075, 0.01, 0.015, 0.02, 0.03, 0.05, 0.08]",0.0032590689890132016,0.015134327330740004,False,9.62740530564702e-19,0.0012852128549499186,True,success,3.0574780136548168e-18,-1.1835901779950373e-17,0.037464162480665586,5.917950889975186e-19,0.0
0.3850629011333136,-1.6604161218981243e-18,0.011778940669144297,0.0009833521582541505,1.3643407269917866e-20,6.460619214448625e-05,typ,0.14723675836430372,6.35306384818629e-08,True,0.002553744220385702,0.4791666667,0.82,5.3900808056657843e-17,-0.0009616159258049108,4.267379500982351e-09,True,False,15,0.9583333334,330,0.0008075774018060781,0.010094717522575975,0.0008075774018060781,0.0008075774018060781,0.0,10.265617904879774,3.120373670827183,-0.0051624332714445605,-0.0051624332714445605,0.499958745455399,0.007374369511740386,0.0,0.0047110951395446625,0.0047110951395446625,True,0.0009833521582541505,1.3871637491861267e-06,success,0.9999174909107978,0.301049304109501,0.5,3.817590086495246e-15,0.08,"[0.005, 0.0075, 0.01, 0.015, 0.02, 0.03, 0.05, 0.08]",0.005484889852083759,0.03058965336436366,False,-4.3120646445326275e-18,0.004535633066337877,True,success,5.4129153256114737e-17,-1.734298231233414e-16,0.06569995459123056,1.3874385849867311e-17,0.0
0.2590107059653544,1.9660560631070487e-19,2.4663080235369964e-05,0.004373559209336328,2.234766557511952e-21,4.882159860793295e-07,arith,0.004932616047073993,2.135241522062468e-09,True,0.01688563101295643,0.4791666667,0.84,-1.5181272571567221e-16,-0.01979327412814505,4.560520372699675e-09,True,False,16,0.9583333334,486,9.76431972158659e-05,0.01952863944317318,9.76431972158659e-05,9.76431972158659e-05,0.0,4.4651594978947555,1.3572457364355697,-9.478222424416714e-06,-9.478222424416714e-06,0.4999593023985328,0.22944234654420037,0.0,0.1498260687330256,0.22944234654420037,True,0.004373559209336328,0.003363857588833245,success,0.9999186047970657,0.9999186047970657,0.5,2.953255057212074e-15,0.005,"[0.005, 0.0075, 0.01, 0.015, 0.02, 0.03, 0.05, 0.08]",0.01979541814810164,9.522031200775511e-05,False,7.590636285783611e-19,6.388001823043354e-06,True,success,4.836249085219577e-17,-1.0219441194445702e-16,0.00011162898744736889,5.109720597222851e-19,0.0
0.2735827889878354,-2.0117032497289633e-21,6.032977885070731e-05,0.0049364085185699316,1.9314667303113196e-21,1.3129736806810062e-06,arith,0.008043970513427642,6.481374461971836e-09,True,0.018043563839790465,0.4791666667,0.84,9.804238817661452e-19,-0.019777116721023252,4.560520372699675e-09,True,False,16,0.9583333334,486,0.00017506315742413418,0.023341754323217893,0.00017506315742413418,0.00017506315742413418,0.0,4.728489191161989,1.4372883650655992,-9.478222424416714e-06,-9.478222424416714e-06,0.4999593023985328,0.22944234654420037,0.0,0.1498260687330256,0.22944234654420037,True,0.0049364085185699316,0.003363857588833245,success,0.9999186047970657,0.9999186047970657,0.5,2.953255057212074e-15,0.0075,"[0.005, 0.0075, 0.01, 0.015, 0.02, 0.03, 0.05, 0.08]",0.021763276870782246,0.0002205174494854273,False,-7.353179113246089e-21,1.650518915699583e-05,True,success,2.3991294120783266e-17,-5.216928388443999e-17,0.0002659775170028619,3.912696291332999e-19,0.0
0.2863476735294126,5.454892180317551e-19,0.00011418896191529876,0.005461100823878243,3.758708703440426e-21,2.6680960975511487e-06,arith,0.011418896191529875,1.4570741796522904e-08,True,0.019071573924686693,0.4791666667,0.84,-1.9049891738538062e-16,-0.01975283564674723,4.560520372699675e-09,True,False,16,0.9583333334,486,0.00026680960975511485,0.026680960975511484,0.00026680960975511485,0.00026680960975511485,0.0,4.885637866060087,1.4850558343110998,-9.478222424416714e-06,-9.478222424416714e-06,0.4999593023985329,0.22944234654420037,0.0,0.1498260687330256,0.22944234654420037,True,0.005461100823878243,0.003363857588833245,success,0.9999186047970657,0.9999186047970657,0.5,2.953255057212074e-15,0.01,"[0.005, 0.0075, 0.01, 0.015, 0.02, 0.03, 0.05, 0.08]",0.023365621797404954,0.0003987773342379528,False,1.904989173853806e-18,3.26977435871845e-05,True,success,3.1138510790392007e-17,-6.882694212503386e-17,0.0004885637866060088,6.882694212503386e-19,0.0
0.30778784952937766,-2.3081772055547095e-19,0.00028099600723735914,0.006406296573212022,-2.5568263907511144e-21,7.266718527688179e-06,arith,0.018733067149157276,4.655275400242509e-08,True,0.02081400088732403,0.4791666667,0.84,4.9994982129931873e-17,-0.019677723064857773,4.560520372699675e-09,True,False,16,0.9583333334,486,0.0004844479018458786,0.03229652678972524,0.0004844479018458786,0.0004844479018458786,0.0,5.041372409259574,1.5323934590640123,-9.478222424416714e-06,-9.478222424416714e-06,0.4999593023985328,0.22944234654420037,0.0,0.1498260687330256,0.22944234654420037,True,0.006406296573212022,0.003363857588833245,success,0.9999186047970657,0.9999186047970657,0.5,2.953255057212074e-15,0.015,"[0.005, 0.0075, 0.01, 0.015, 0.02, 0.03, 0.05, 0.08]",0.025860575739604496,0.0009129535414312667,False,-7.499247319489781e-19,8.648715679392821e-05,True,success,-1.1850278337581978e-17,2.660743079386931e-17,0.001134308792083404,-3.991114619080396e-19,0.0
0.32531502772490334,-2.508246991827993e-19,0.0005314680210436895,0.007236505211044952,2.259372398577644e-20,1.474169256381976e-05,arith,0.026573401052184472,1.0667833505770431e-07,True,0.02224460782415613,0.4791666667,0.84,3.855104710915854e-17,-0.019564634545659654,4.560520372699675e-09,True,False,16,0.9583333334,486,0.000737084628190988,0.036854231409549396,0.000737084628190988,0.000737084628190988,0.0,5.092821788243781,1.5480321949930416,-9.478222424416714e-06,-9.478222424416714e-06,0.4999593023985328,0.22944234654420037,0.0,0.1498260687330256,0.22944234654420037,True,0.007236505211044952,0.003363857588833245,success,0.9999186047970657,0.9999186047970657,0.5,2.953255057212074e-15,0.02,"[0.005, 0.0075, 0.01, 0.015, 0.02, 0.03, 0.05, 0.08]",0.027737685016062174,0.0016337026443583652,False,-7.710209421831709e-19,0.00017289453400072736,True,success,6.917508547488038e-17,-1.5610936029792412e-16,0.0020371287152975127,3.122187205958483e-18,0.0
0.3527543698022351,-1.4935875513545447e-18,0.001296523654475698,0.008635777376782275,-2.862993844633987e-20,3.940359715518007e-05,arith,0.04321745514918993,3.4028069287654643e-07,True,0.0244809933371591,0.4791666667,0.84,1.4113574763008564e-16,-0.019216514211237004,4.560520372699675e-09,True,False,16,0.9583333334,486,0.0013134532385060023,0.04378177461686675,0.0013134532385060023,0.0013134532385060023,0.0,5.069812792369598,1.54103829890386,-9.478222424416714e-06,-9.478222424416714e-06,0.4999593023985328,0.22944234654420037,0.0,0.1498260687330256,0.22944234654420037,True,0.008635777376782275,0.003363857588833245,success,0.9999186047970657,0.9999186047970657,0.5,2.953255057212074e-15,0.03,"[0.005, 0.0075, 0.01, 0.015, 0.02, 0.03, 0.05, 0.08]",0.030391730238901436,0.003675429039199624,False,-4.234072428902569e-18,0.0004573543846682657,True,success,-4.907968425145833e-17,1.1050901845969657e-16,0.004562831513132638,-3.3152705537908972e-18,0.0
0.3900931804962514,-1.5789223054325523e-19,0.00391647313191454,0.010724352212513047,-1.787123713419978e-20,0.0001309184827789103,arith,0.0783294626382908,1.4040159204488578e-06,True,0.027491770553051496,0.4791666667,0.84,8.095103346456602e-18,-0.018003488068457432,4.560520372699675e-09,True,False,16,0.9583333334,486,0.0026183696555782056,0.05236739311156411,0.0026183696555782056,0.0026183696555782056,0.0,4.883035550665937,1.4842648252832622,-9.478222424416714e-06,-9.478222424416714e-06,0.49995930239853287,0.22944234654420037,0.0,0.1498260687330256,0.22944234654420037,True,0.010724352212513047,0.003363857588833245,success,0.9999186047970657,0.9999186047970657,0.5,2.953255057212074e-15,0.05,"[0.005, 0.0075, 0.01, 0.015, 0.02, 0.03, 0.05, 0.08]",0.033427647367750925,0.0100398400375322,False,-4.0475516732283015e-19,0.0015277894603566578,True,success,-1.508233564186959e-17,3.332832935745589e-17,0.012207588876664845,-1.6664164678727944e-18,0.0
0.42416923673992685,1.0670617828511343e-18,0.010557247240610463,0.012804714501440958,1.3086826698749717e-19,0.00037535775405482037,arith,0.1319655905076308,4.806348876574067e-06,True,0.030187749116025547,0.4791666667,0.84,-3.144563803861463e-17,-0.014848227796267162,4.560520372699675e-09,True,False,16,0.9583333334,486,0.004691971925685255,0.05864964907106568,0.004691971925685255,0.004691971925685255,0.0,4.580316809442775,1.392249361768914,-9.478222424416714e-06,-9.478222424416714e-06,0.4999593023985329,0.22944234654420037,0.0,0.1498260687330256,0.22944234654420037,True,0.012804714501440958,0.003363857588833245,success,0.9999186047970657,0.9999186047970657,0.5,2.953255057212074e-15,0.08,"[0.005, 0.0075, 0.01, 0.015, 0.02, 0.03, 0.05, 0.08]",0.03555451013886795,0.024889233650585284,False,2.5156510430891704e-18,0.004478059504124439,True,success,5.969345354097244e-17,-1.2775398757696835e-16,0.02931402758043376,1.0220319006157467e-17,0.0
0.010314838492878457,1.4749095610915045e-20,1.3437286675568234e-06,2.0552856853587906e-06,7.167501832416729e-24,2.03737799908875e-10,typ,0.0002687457335113647,4.187393837192043e-16,True,0.0001992552463887627,0.4791666667,0.84,-2.8597821713055567e-16,-0.005912131574913847,4.264634362307395e-09,True,False,17,0.9583333334,333,4.0747559981775e-08,8.149511996355e-06,4.0747559981775e-08,4.0747559981775e-08,0.0,3.965148034849638,1.2052604766241648,-0.006188517370747617,-0.006188517370747617,0.4999587935528295,0.009597106039398546,0.0,0.005624826628878179,0.005624826628878179,True,2.0552856853587906e-06,1.9774428912508884e-06,success,0.9999175871056593,0.27712332023835035,0.5,4.906690142176038e-15,0.005,"[0.005, 0.0075, 0.01, 0.015, 0.02, 0.03, 0.05, 0.08]",0.0001516212348727459,0.0001302714209713082,False,1.4298910856527783e-18,1.3860344184099402e-08,True,success,3.502643265491074e-16,-6.974701262676774e-16,9.912870087124096e-05,3.487350631338387e-18,0.0
0.013546890063535072,7.025079506290353e-20,9.77598837636486e-06,2.2845336862085564e-06,1.455320890210483e-23,1.0210752616616296e-09,typ,0.001303465116848648,2.332680831420209e-15,True,0.00016863897732203234,0.4791666667,0.84,-6.914334309294261e-16,-0.00591046477870346,4.264634362307395e-09,True,False,17,0.9583333334,333,1.3614336822155061e-07,1.815244909620675e-05,1.3614336822155061e-07,1.3614336822155061e-07,0.0,7.945800583195954,2.4152337602261755,-0.006188517370747617,-0.006188517370747617,0.4999587935528295,0.009597106039398546,0.0,0.005624826628878179,0.005624826628878179,True,2.2845336862085564e-06,1.9774428912508884e-06,success,0.9999175871056593,0.27712332023835035,0.5,4.906690142176038e-15,0.0075,"[0.005, 0.0075, 0.01, 0.015, 0.02, 0.03, 0.05, 0.08]",0.00010444726633782171,0.0007216407847495152,False,5.185750731970695e-18,1.3243423979701147e-07,True,success,3.0132218160499213e-16,-8.49375899041497e-16,0.0004469512828047724,6.370319242811226e-18,0.0
0.023071856743238153,1.4399560103321445e-19,4.017011450728707e-05,3.1528614608261865e-06,1.9025154088709886e-23,5.599241031362201e-09,typ,0.004017011450728707,1.7653631257658552e-14,True,0.00013665399780840004,0.4791666667,0.84,-6.241179573699301e-16,-0.005904180033838684,4.264634362307395e-09,True,False,17,0.9583333334,333,5.599241031362201e-07,5.5992410313622e-05,5.599241031362201e-07,5.599241031362201e-07,0.0,17.759235859018546,5.3981603934576246,-0.006188517370747617,-0.006188517370747617,0.4999587935528296,0.009597106039398546,0.0,0.005624826628878179,0.005624826628878179,True,3.1528614608261865e-06,1.9774428912508884e-06,success,0.9999175871056593,0.27712332023835035,0.5,4.906690142176038e-15,0.01,"[0.005, 0.0075, 0.01, 0.015, 0.02, 0.03, 0.05, 0.08]",0.0001393882267959796,0.0017410872022278847,False,6.241179573699301e-18,9.267991272716e-07,True,success,1.431894949979938e-16,-6.034249942502856e-16,0.0017759235859018546,6.034249942502856e-18,0.0
0.06157247444827215,5.822647708889385e-19,0.00020181968024272765,1.0078534065915673e-05,2.621914415072072e-23,6.359160607530274e-08,typ,0.013454645349515177,6.409101681362288e-13,True,0.00016368570787881495,0.4791666667,0.84,-6.304383856654506e-16,-0.0058620945878041855,4.264634362307395e-09,True,False,17,0.9583333334,333,4.239440405020183e-06,0.0002826293603346789,4.239440405020183e-06,4.239440405020183e-06,0.0,28.042705267078034,8.523960270580698,-0.006188517370747617,-0.006188517370747617,0.4999587935528296,0.009597106039398546,0.0,0.005624826628878179,0.005624826628878179,True,1.0078534065915673e-05,1.9774428912508884e-06,success,0.9999175871056593,0.27712332023835035,0.5,4.906690142176038e-15,0.015,"[0.005, 0.0075, 0.01, 0.015, 0.02, 0.03, 0.05, 0.08]",0.0003150912041819777,0.003277758154941118,False,9.456575784981758e-18,1.2426537104903804e-05,True,success,3.275065049459846e-17,-1.734322602820487e-16,0.006309608685092558,2.60148390423073e-18,0.0
0.11195335108970034,4.846260087200293e-19,0.0004984105425735434,2.8661449852203908e-05,-1.2802138982027231e-22,2.9299800725493533e-07,typ,0.02492052712867717,8.397747691733005e-12,True,0.000256012433511164,0.4791666667,0.84,-2.1644104620492003e-16,-0.0057664152209079556,4.264634362307395e-09,True,False,17,0.9583333334,333,1.4649900362746766e-05,0.0007324950181373383,1.4649900362746766e-05,1.4649900362746766e-05,0.0,25.556802670993054,7.7683364902160275,-0.006188517370747617,-0.006188517370747617,0.4999587935528296,0.009597106039398546,0.0,0.005624826628878179,0.005624826628878179,True,2.8661449852203908e-05,1.9774428912508884e-06,success,0.9999175871056593,0.27712332023835035,0.5,4.906690142176038e-15,0.02,"[0.005, 0.0075, 0.01, 0.015, 0.02, 0.03, 0.05, 0.08]",0.0005878647866115347,0.004451948402814688,False,4.328820924098401e-18,5.579873045954394e-05,True,success,-4.417749908331583e-17,2.2333376448230893e-16,0.010222721068397222,-4.466675289646179e-18,0.0
0.20475649301764945,2.6908272244937794e-19,0.0014254044943027974,0.00010808048938399666,-1.057930880763634e-21,1.893072054673651e-06,typ,0.04751348314342658,2.0460415410829627e-10,True,0.0005278488989097915,0.4791666667,0.84,-4.380532187017284e-17,-0.005402835813454444,4.264634362307395e-09,True,False,17,0.9583333334,333,6.310240182245504e-05,0.0021034133940818346,6.310240182245504e-05,6.310240182245504e-05,0.0,19.461545798600763,5.915600567471385,-0.006188517370747617,-0.006188517370747617,0.4999587935528296,0.009597106039398546,0.0,0.005624826628878179,0.005624826628878179,True,0.00010808048938399666,1.9774428912508884e-06,success,0.9999175871056593,0.27712332023835035,0.5,4.906690142176038e-15,0.03,"[0.005, 0.0075, 0.01, 0.015, 0.02, 0.03, 0.05, 0.08]",0.0013280946301488983,0.006961461750470259,False,1.3141596561051851e-18,0.00029186082538503686,True,success,-7.396053955781667e-17,3.2627871036770753e-16,0.017515391218740687,-9.788361311031226e-18,0.0
0.3210401276682598,1.3719287237654962e-19,0.00442016565109062,0.0003946227736050396,1.7740439200619138e-22,1.340953214678129e-05,typ,0.0884033130218124,5.291706768508773e-09,True,0.0012292007745923117,0.4791666667,0.84,-8.546774097866984e-18,-0.004036781509054586,4.264634362307395e-09,True,False,17,0.9583333334,333,0.00026819064293562576,0.005363812858712515,0.00026819064293562576,0.00026819064293562576,0.0,13.592253710326707,4.131549702891777,-0.006188517370747617,-0.006188517370747617,0.4999587935528296,0.009597106039398546,0.0,0.005624826628878179,0.005624826628878179,True,0.0003946227736050396,1.9774428912508884e-06,success,0.9999175871056593,0.27712332023835035,0.5,4.906690142176038e-15,0.05,"[0.005, 0.0075, 0.01, 0.015, 0.02, 0.03, 0.05, 0.08]",0.0030337171059353074,0.013768265304386209,False,4.273387048933492e-19,0.0014190505449409893,True,success,2.4387455067930543e-18,-8.991087381274532e-18,0.03398063427581677,4.495543690637266e-19,0.0
0.40346230271318256,3.51087811162257e-18,0.011653064430664887,0.0009308992338545608,2.6104722214051988e-21,5.701513294724494e-05,typ,0.14566330538331107,5.307534357870624e-08,True,0.002307276857328423,0.4791666667,0.84,-1.0877342467972837e-16,-0.0005195017248282098,4.264634362307395e-09,True,False,17,0.9583333334,333,0.0007126891618405618,0.008908614523007022,0.0007126891618405618,0.0007126891618405618,0.0,9.569902089315567,2.9089014210922035,-0.006188517370747617,-0.006188517370747617,0.4999587935528296,0.009597106039398546,0.0,0.005624826628878179,0.005624826628878179,True,0.0009308992338545608,1.9774428912508884e-06,success,0.9999175871056593,0.27712332023835035,0.5,4.906690142176038e-15,0.08,"[0.005, 0.0075, 0.01, 0.015, 0.02, 0.03, 0.05, 0.08]",0.004892715841955732,0.02888265979820409,False,8.70187397437827e-18,0.004701572208861137,True,success,1.1331115568753295e-17,-3.505309874673619e-17,0.061247373371619625,2.8042478997388952e-18,0.0
0.4633924237936835,5.288894608966318e-20,3.811091619713664e-05,0.014786936659773656,-1.945740442639261e-21,1.2160863021267404e-06,arith,0.007622183239427327,1.7982191122366482e-08,True,0.03191018217068921,0.45833333335,2.0,-2.2826849716995355e-17,-0.09274508776090214,4.312876833639121e-09,True,False,18,0.9166666667,285,0.0002432172604253481,0.048643452085069615,0.0002432172604253481,0.0002432172604253481,0.0,3.2896233482489405,0.9999255941461589,-1.9720500814261028e-05,-1.9720500814261028e-05,0.4999585644408375,0.463398431653073,0.0,0.28109843651664534,0.463398431653073,True,0.014786936659773656,0.014787280067209835,success,0.999917128881675,0.999917128881675,0.5,2.815484878504708e-15,0.005,"[0.005, 0.0075, 0.01, 0.015, 0.02, 0.03, 0.05, 0.08]",0.03190913322147075,8.224328720165866e-05,False,1.1413424858497677e-19,1.76603098295891e-05,True,success,-1.45098726680861e-17,2.6317018695730917e-17,8.22405837062235e-05,-1.315850934786546e-19,0.0
0.4633849018058642,3.222166270914562e-19,8.574369596840406e-05,0.014786506659721936,-1.1317485140950525e-20,2.735858786050413e-06,arith,0.01143249279578721,4.04537941599932e-08,True,0.03190977220469899,0.45833333335,2.0,-9.271389028451035e-17,-0.09272126925230054,4.312876833639121e-09,True,False,18,0.9166666667,285,0.0003647811714733884,0.04863748952978512,0.0003647811714733884,0.0003647811714733884,0.0,3.289315769374547,0.9998321013793081,-1.9720500814261028e-05,-1.9720500814261028e-05,0.4999585644408375,0.463398431653073,0.0,0.28109843651664534,0.463398431653073,True,0.014786506659721936,0.014787280067209835,success,0.999917128881675,0.999917128881675,0.5,2.815484878504708e-15,0.0075,"[0.005, 0.0075, 0.01, 0.015, 0.02, 0.03, 0.05, 0.08]",0.031907404447069285,0.00018503774213240662,False,6.953541771338276e-19,3.973233413679079e-05,True,success,-5.626914326828161e-17,1.0205236798113209e-16,0.00018502401202731826,-7.653927598584906e-19,0.0
0.46337434562591445,6.225692162318341e-20,0.0001524185570674962,0.014785903088530856,-9.423241538204227e-21,4.862909127790452e-06,arith,0.01524185570674962,7.190250309184173e-08,True,0.031909196588253995,0.45833333335,2.0,-1.3435556415858179e-17,-0.09268792608554455,4.312876833639121e-09,True,False,18,0.9166666667,285,0.0004862909127790452,0.048629091277904525,0.0004862909127790452,0.0004862909127790452,0.0,3.288882051149461,0.9997002668475092,-1.9720500814261028e-05,-1.9720500814261028e-05,0.49995856444083764,0.463398431653073,0.0,0.28109843651664534,0.463398431653073,True,0.014785903088530856,0.014787280067209835,success,0.999917128881675,0.999917128881675,0.5,2.815484878504708e-15,0.01,"[0.005, 0.0075, 0.01, 0.015, 0.02, 0.03, 0.05, 0.08]",0.03190496761911339,0.0003289317988927786,False,1.343555641585818e-19,7.062684914239714e-05,True,success,-3.514214921562701e-17,6.373125457256416e-17,0.0003288882051149462,-6.373125457256416e-19,0.0
0.4633440167536298,-2.1706703438339533e-19,0.00034284616703742486,0.01478416816074895,9.736880731120545e-21,1.093607138576523e-05,arith,0.022856411135828324,1.6168071838510796e-07,True,0.03190754089009855,0.45833333335,2.0,3.123194667959705e-17,-0.09259267772103558,4.312876833639121e-09,True,False,18,0.9166666667,285,0.0007290714257176821,0.04860476171451214,0.0007290714257176821,0.0007290714257176821,0.0,3.287622352913624,0.9993173644986477,-1.9720500814261028e-05,-1.9720500814261028e-05,0.4999585644408375,0.463398431653073,0.0,0.28109843651664534,0.463398431653073,True,0.01478416816074895,0.014787280067209835,success,0.999917128881675,0.999917128881675,0.5,2.815484878504708e-15,0.015,"[0.005, 0.0075, 0.01, 0.015, 0.02, 0.03, 0.05, 0.08]",0.03189789601635376,0.0007399386948806198,False,-4.684792001939557e-19,0.00015885572016370635,True,success,2.4215349142879402e-17,-4.390679103597392e-17,0.0007397150294055653,6.586018655396088e-19,0.0
0.46330112525029904,1.075610734861705e-18,0.0006092607535206042,0.014781712525101905,1.3215248127561627e-20,1.942793034327743e-05,arith,0.030463037676030213,2.8717808129203137e-07,True,0.031905194525733274,0.45833333335,2.0,-1.1608117013320492e-16,-0.09245937516991273,4.312876833639121e-09,True,False,18,0.9166666667,285,0.0009713965171638715,0.048569825858193576,0.0009713965171638715,0.0009713965171638715,0.0,3.2858050632302316,0.9987649746734207,-1.9720500814261028e-05,-1.9720500814261028e-05,0.4999585644408375,0.463398431653073,0.0,0.28109843651664534,0.463398431653073,True,0.014781712525101905,0.014787280067209835,success,0.999917128881675,0.999917128881675,0.5,2.815484878504708e-15,0.02,"[0.005, 0.0075, 0.01, 0.015, 0.02, 0.03, 0.05, 0.08]",0.03188771019799556,0.001315042680268584,False,2.3216234026640985e-18,0.00028227119267694103,True,success,2.4660375032637394e-17,-4.470134331566741e-17,0.0013143220252920928,8.940268663133484e-19,0.0
0.4631756152401583,-9.967957072560072e-19,0.0013691781145720387,0.014774512700317044,3.372054276178624e-20,4.361725282248148e-05,arith,0.04563927048573462,6.444236557786921e-07,True,0.031898295623046566,0.45833333335,2.0,7.173634034678652e-17,-0.0920788141289152,4.312876833639121e-09,True,False,18,0.9166666667,285,0.0014539084274160495,0.04846361424720165,0.0014539084274160495,0.0014539084274160495,0.0,3.2802174413618173,0.99706654128906,-1.9720500814261028e-05,-1.9720500814261028e-05,0.49995856444083764,0.463398431653073,0.0,0.28109843651664534,0.463398431653073,True,0.014774512700317044,0.014787280067209835,success,0.999917128881675,0.999917128881675,0.5,2.815484878504708e-15,0.03,"[0.005, 0.0075, 0.01, 0.015, 0.02, 0.03, 0.05, 0.08]",0.03185652206843435,0.002956066920453303,False,-2.1520902104035957e-18,0.0006341699155902639,True,success,4.2005757340804656e-17,-7.607818375190277e-17,0.0029521956972256356,2.282345512557083e-18,0.0
0.4627365462711216,-2.6215802009743936e-18,0.003784544325993753,0.014749176493804987,-1.048534144471038e-20,0.00012007115509329061,arith,0.07569088651987506,1.7709506582859749e-06,True,0.03187380943359358,0.45833333335,2.0,1.133076789417184e-16,-0.090864564885862,4.312876833639121e-09,True,False,18,0.9166666667,285,0.002401423101865812,0.048028462037316234,0.002401423101865812,0.002401423101865812,0.0,3.256348722756783,0.9898113208257961,-1.9720500814261028e-05,-1.9720500814261028e-05,0.4999585644408375,0.463398431653073,0.0,0.28109843651664534,0.463398431653073,True,0.014749176493804987,0.014787280067209835,success,0.999917128881675,0.999917128881675,0.5,2.815484878504708e-15,0.05,"[0.005, 0.0075, 0.01, 0.015, 0.02, 0.03, 0.05, 0.08]",0.031726713905448074,0.008178615578325974,False,-5.665383947085921e-18,0.001751246970620319,True,success,-7.879149606975393e-18,1.4218205944059963e-17,0.008140871806891959,-7.109102972029983e-19,0.0
0.46128097715559435,1.8597527116471446e-18,0.009476566304570791,0.014665230658379243,-7.691883989083596e-20,0.00029545893602859146,arith,0.11845707880713488,4.332973446938611e-06,True,0.03179240286215515,0.45833333335,2.0,-5.039641790332903e-17,-0.08794160780225448,4.312876833639121e-09,True,False,18,0.9166666667,285,0.003693236700357393,0.04616545875446741,0.003693236700357393,0.003693236700357393,0.0,3.1479531300852703,0.9568630115725251,-1.9720500814261028e-05,-1.9720500814261028e-05,0.4999585644408375,0.463398431653073,0.0,0.28109843651664534,0.463398431653073,True,0.014665230658379243,0.014787280067209835,success,0.999917128881675,0.999917128881675,0.5,2.815484878504708e-15,0.08,"[0.005, 0.0075, 0.01, 0.015, 0.02, 0.03, 0.05, 0.08]",0.031177847179318954,0.020544021483405454,False,4.031713432266323e-18,0.004371359765052194,True,success,-3.695214995658642e-17,6.556224862962434e-17,0.020146900032545732,-5.244979890369948e-18,0.0
0.5100719982262375,3.711851506679243e-19,3.9331878013274614e-05,0.00020154506654525734,2.9799630902394436e-23,1.590692531679257e-08,typ,0.007866375602654923,3.2059623215033972e-12,True,0.00039513062321814413,0.45833333335,2.0,-1.455422575474487e-16,-0.07428615519987158,4.369333648017376e-09,True,False,19,0.9166666667,374,3.1813850633585138e-06,0.0006362770126717028,3.1813850633585138e-06,3.1813850633585138e-06,0.0,3.156996217165283,0.9596117804327079,-0.6253580843559515,-0.6253580843559515,0.49995788284382736,0.5489947140151575,0.0,0.0579626559711445,0.0579626559711445,True,0.00020154506654525734,0.00021027005473209752,success,0.9999157656876534,0.0286729184248479,0.5,1.1214814815930156e-14,0.005,"[0.005, 0.0075, 0.01, 0.015, 0.02, 0.03, 0.05, 0.08]",0.00040442831922299615,7.711044352571839e-05,False,7.277112877372435e-19,2.00620896122216e-05,True,success,1.6643002483008552e-17,-2.957118366943789e-17,7.892490542913209e-05,1.4785591834718947e-19,0.0
0.4997800143067584,1.0265509925130086e-18,9.023246264292043e-05,0.00019881760221458175,3.735108206589054e-22,3.5718281554131716e-08,typ,0.012030995019056058,7.101423093817793e-12,True,0.0003978102295474147,0.45833333335,2.0,-2.7386742516756586e-16,-0.07426131651632334,4.369333648017376e-09,True,False,19,0.9166666667,374,4.7624375405508956e-06,0.0006349916720734528,4.7624375405508956e-06,4.7624375405508956e-06,0.0,3.1938403089084284,0.970811041389635,-0.6253580843559515,-0.6253580843559515,0.49995788284382736,0.5489947140151575,0.0,0.0579626559711445,0.0579626559711445,True,0.00019881760221458175,0.00021027005473209752,success,0.9999157656876534,0.0286729184248479,0.5,1.1214814815930156e-14,0.0075,"[0.005, 0.0075, 0.01, 0.015, 0.02, 0.03, 0.05, 0.08]",0.0003958473536899987,0.00018054435963807256,False,2.054005688756744e-18,4.509638147061282e-05,True,success,1.4016206710664096e-16,-2.5048809662622606e-16,0.00017965351737609907,1.878660724696695e-18,0.0
0.496541732315501,-3.2653120116654073e-19,0.00016217768261180926,0.00019734969075424784,4.2062134148321457e-22,6.282530338939359e-08,typ,0.016217768261180925,1.2398554195438623e-11,True,0.000397448347058274,0.45833333335,2.0,6.576107906254772e-17,-0.07422599343958342,4.369333648017376e-09,True,False,19,0.9166666667,374,6.282530338939359e-06,0.0006282530338939359,6.282530338939359e-06,6.282530338939359e-06,0.0,3.183450815113137,0.9676530139632841,-0.6253580843559515,-0.6253580843559515,0.4999578828438273,0.5489947140151575,0.0,0.0579626559711445,0.0579626559711445,True,0.00019734969075424784,0.00021027005473209752,success,0.9999157656876534,0.0286729184248479,0.5,1.1214814815930156e-14,0.01,"[0.005, 0.0075, 0.01, 0.015, 0.02, 0.03, 0.05, 0.08]",0.000387385627773293,0.00032661440530996915,False,-6.576107906254773e-19,8.052798746698128e-05,True,success,1.1945539859818282e-16,-2.1313503957145718e-16,0.00031834508151131375,2.131350395714572e-18,0.0
0.49544883787926286,7.722505316987312e-19,0.00036664878603396667,0.0001949413227612975,1.207683630475545e-21,1.3539057798120892e-07,typ,0.024443252402264446,2.6393218361073467e-11,True,0.00039346408318512036,0.45833333335,2.0,-1.0391258358842195e-16,-0.07412428582075975,4.369333648017376e-09,True,False,19,0.9166666667,374,9.026038532080595e-06,0.0006017359021387063,9.026038532080595e-06,9.026038532080595e-06,0.0,3.0867539709655207,0.9382606978527387,-0.6253580843559515,-0.6253580843559515,0.4999578828438273,0.5489947140151575,0.0,0.0579626559711445,0.0579626559711445,True,0.0001949413227612975,0.00021027005473209752,success,0.9999157656876534,0.0286729184248479,0.5,1.1214814815930156e-14,0.015,"[0.005, 0.0075, 0.01, 0.015, 0.02, 0.03, 0.05, 0.08]",0.00036926503820107075,0.0007400335978249205,False,1.5586887538263291e-18,0.00018165571495037128,True,success,2.350753028435792e-16,-4.130075701306744e-16,0.0006945196434672422,6.195113551960116e-18,0.0
0.4954094073874665,-6.203863487105498e-19,0.0006521821011050074,0.00019202524438382158,8.627317101888534e-22,2.2654160345381022e-07,typ,0.032609105055250366,4.35017067663207e-11,True,0.00038760920063360036,0.45833333335,2.0,6.26135010215235e-17,-0.07398164984995154,4.369333648017376e-09,True,False,19,0.9166666667,374,1.1327080172690511e-05,0.0005663540086345255,1.1327080172690511e-05,1.1327080172690511e-05,0.0,2.949372674680693,0.8965017912030463,-0.6253580843559515,-0.6253580843559515,0.4999578828438273,0.5489947140151575,0.0,0.0579626559711445,0.0579626559711445,True,0.00019202524438382158,0.00021027005473209752,success,0.9999157656876534,0.0286729184248479,0.5,1.1214814815930156e-14,0.02,"[0.005, 0.0075, 0.01, 0.015, 0.02, 0.03, 0.05, 0.08]",0.0003473594308552405,0.0013164507806670024,False,-1.2522700204304702e-18,0.00032309714821714445,True,success,1.308044782279648e-16,-2.246401802422442e-16,0.0011797490698722771,4.492803604844884e-18,0.0
0.49548371779096934,-5.139222238641372e-19,0.0014683056941580885,0.00018450850312774376,1.6313022452414516e-21,4.3619081600564694e-07,typ,0.04894352313860295,8.048091453927102e-11,True,0.000372380557630317,0.45833333335,2.0,3.457377140836385e-17,-0.07357390521591277,4.369333648017376e-09,True,False,19,0.9166666667,374,1.4539693866854899e-05,0.00048465646222849666,1.4539693866854899e-05,1.4539693866854899e-05,0.0,2.6267432341204704,0.7984342008167653,-0.6253580843559515,-0.6253580843559515,0.4999578828438273,0.5489947140151575,0.0,0.0579626559711445,0.0579626559711445,True,0.00018450850312774376,0.00021027005473209752,success,0.9999157656876534,0.0286729184248479,0.5,1.1214814815930156e-14,0.03,"[0.005, 0.0075, 0.01, 0.015, 0.02, 0.03, 0.05, 0.08]",0.0002970708468550579,0.002963378293648643,False,-1.0372131422509155e-18,0.0007275215641950997,True,success,1.8183939698771323e-16,-2.947113037408409e-16,0.0023640689107084236,8.841339112225228e-18,0.0
0.4956919672537005,2.503988216262679e-18,0.004080870802139262,0.00016597513238492516,1.6918770326969533e-21,8.268557623005484e-07,typ,0.08161741604278523,1.3723749461107174e-10,True,0.00033483522701504117,0.45833333335,2.0,-1.0103000983193704e-16,-0.0722680586934763,4.369333648017376e-09,True,False,19,0.9166666667,374,1.6537115246010967e-05,0.0003307423049202193,1.6537115246010967e-05,1.6537115246010967e-05,0.0,1.992722043162288,0.6057148682501422,-0.6253580843559515,-0.6253580843559515,0.49995788284382736,0.5489947140151575,0.0,0.0579626559711445,0.0579626559711445,True,0.00016597513238492516,0.00021027005473209752,success,0.9999157656876534,0.0286729184248479,0.5,1.1214814815930156e-14,0.05,"[0.005, 0.0075, 0.01, 0.015, 0.02, 0.03, 0.05, 0.08]",0.0002026174810207411,0.008232674870138915,False,5.051500491596852e-18,0.0020228548760205974,True,success,1.4442168389564158e-16,-2.038711472479138e-16,0.0049818051079057206,1.019355736239569e-17,0.0
0.49553411102166833,5.16422410433444e-18,0.010255788744282013,0.0001384054358576473,1.2010508329547555e-21,1.162949883982319e-06,typ,0.12819735930352516,1.6095858557317323e-10,True,0.00027930556702199504,0.45833333335,2.0,-1.3026913762019055e-16,-0.06910648214728315,4.369333648017376e-09,True,False,19,0.9166666667,374,1.4536873549778988e-05,0.00018171091937223735,1.4536873549778988e-05,1.4536873549778988e-05,0.0,1.312888603299733,0.39907028183059373,-0.6253580843559515,-0.6253580843559515,0.4999578828438273,0.5489947140151575,0.0,0.0579626559711445,0.0579626559711445,True,0.0001384054358576473,0.00021027005473209752,success,0.9999157656876534,0.0286729184248479,0.5,1.1214814815930156e-14,0.08,"[0.005, 0.0075, 0.01, 0.015, 0.02, 0.03, 0.05, 0.08]",0.00011339448510293343,0.02069643343651383,False,1.0421531009615245e-17,0.00508209315822382,True,success,9.466824264318134e-17,-1.0847215153728317e-16,0.008402487061118291,8.677772122982654e-18,0.0
0.4485994463344787,3.2526861335904715e-20,3.6894592000886914e-05,0.013766064931993909,-3.856390332730374e-22,1.1321467132116556e-06,arith,0.0073789184001773825,1.558520516661514e-08,True,0.030686763090050362,0.45833333335,2.08,-1.4501516487228328e-17,-0.10015999842356979,4.344411209316416e-09,True,False,20,0.9166666667,279,0.00022642934264233112,0.04528586852846622,0.00022642934264233112,0.00022642934264233112,0.0,3.289674191730469,0.9999410487113458,-2.08657067870112e-05,-2.08657067870112e-05,0.49995848233508483,0.44860412251278,0.0,0.25888237807131814,0.44860412251278,True,0.013766064931993909,0.013766317848256462,success,0.9999169646701698,0.9999169646701698,0.5,3.4023283762335825e-15,0.005,"[0.005, 0.0075, 0.01, 0.015, 0.02, 0.03, 0.05, 0.08]",0.030685980026136074,8.224395349203811e-05,False,7.250758243614165e-20,1.6550893544334355e-05,True,success,-3.0890484754555352e-18,5.602749008930913e-18,8.224185479326174e-05,-2.801374504465457e-20,0.0
0.4485935845727534,2.755504056536646e-19,8.300826062339566e-05,0.013765747751191746,-7.718422295732301e-21,2.547082654026522e-06,arith,0.011067768083119421,3.50624973167651e-08,True,0.03068645701721845,0.45833333335,2.08,-8.190053391456101e-17,-0.10013693993804637,4.344411209316416e-09,True,False,20,0.9166666667,279,0.0003396110205368696,0.045281469404915946,0.0003396110205368696,0.0003396110205368696,0.0,3.2894304198619198,0.9998669509485655,-2.08657067870112e-05,-2.08657067870112e-05,0.49995848233508483,0.44860412251278,0.0,0.25888237807131814,0.44860412251278,True,0.013765747751191746,0.013766317848256462,success,0.9999169646701698,0.9999169646701698,0.5,3.4023283762335825e-15,0.0075,"[0.005, 0.0075, 0.01, 0.015, 0.02, 0.03, 0.05, 0.08]",0.030684688908041442,0.00018504112291854074,False,6.142540043592075e-19,3.7236973182198395e-05,True,success,-4.1219917063970043e-17,7.475968551546445e-17,0.000185030461117233,-5.606976413659833e-19,0.0
0.4485853580165052,3.8412944157981755e-19,0.0001475588070197916,0.013765302492621562,-1.1342300559327252e-20,4.5275277279137425e-06,arith,0.01475588070197916,6.232278871846427e-08,True,0.030686027188865768,0.45833333335,2.08,-8.563129284431168e-17,-0.10010466019719852,4.344411209316416e-09,True,False,20,0.9166666667,279,0.00045275277279137425,0.045275277279137424,0.00045275277279137425,0.00045275277279137425,0.0,3.2890869854408034,0.9997625594024123,-2.08657067870112e-05,-2.08657067870112e-05,0.49995848233508483,0.44860412251278,0.0,0.25888237807131814,0.44860412251278,True,0.013765302492621562,0.013766317848256462,success,0.9999169646701698,0.9999169646701698,0.5,3.4023283762335825e-15,0.01,"[0.005, 0.0075, 0.01, 0.015, 0.02, 0.03, 0.05, 0.08]",0.030682870235637507,0.0003289425398819244,False,8.563129284431168e-19,6.619272027546161e-05,True,success,-4.543365881469996e-17,8.239775744417473e-17,0.0003289086985440803,-8.239775744417473e-19,0.0
0.44856173451667286,5.3983851255246283e-20,0.0003319329704788558,0.013764023268890917,-3.815646005658066e-21,1.018290702352919e-05,arith,0.02212886469859039,1.4015776921680852e-07,True,0.03068479143394099,0.45833333335,2.08,-8.023251071325275e-18,-0.10001244623929947,4.344411209316416e-09,True,False,20,0.9166666667,279,0.0006788604682352794,0.04525736454901863,0.0006788604682352794,0.0006788604682352794,0.0,3.2880912553604973,0.9994598937514376,-2.08657067870112e-05,-2.08657067870112e-05,0.49995848233508483,0.44860412251278,0.0,0.25888237807131814,0.44860412251278,True,0.013764023268890917,0.013766317848256462,success,0.9999169646701698,0.9999169646701698,0.5,3.4023283762335825e-15,0.015,"[0.005, 0.0075, 0.01, 0.015, 0.02, 0.03, 0.05, 0.08]",0.0306776003867258,0.0007399939516385966,False,1.2034876606987913e-19,0.00014889242898126712,True,success,-1.0192001718256013e-17,1.848125329402336e-17,0.0007398205324561118,-2.7721879941035037e-19,0.0
0.44852836204255214,5.653191216336244e-19,0.0005899141263022111,0.013762214627835298,2.7160836806315675e-21,1.8092684164909522e-05,arith,0.029495706315110552,2.489954026711219e-07,True,0.030683042127288417,0.45833333335,2.08,-6.301932826044925e-17,-0.0998833817744964,4.344411209316416e-09,True,False,20,0.9166666667,279,0.0009046342082454761,0.0452317104122738,0.0009046342082454761,0.0009046342082454761,0.0,3.2866592794439247,0.9990246252669943,-2.08657067870112e-05,-2.08657067870112e-05,0.4999584823350848,0.44860412251278,0.0,0.25888237807131814,0.44860412251278,True,0.013762214627835298,0.013766317848256462,success,0.9999169646701698,0.9999169646701698,0.5,3.4023283762335825e-15,0.02,"[0.005, 0.0075, 0.01, 0.015, 0.02, 0.03, 0.05, 0.08]",0.03067003036242041,0.001315221458049615,False,1.2603865652089851e-18,0.000264593216816094,True,success,5.443114646817328e-18,-9.867901911433816e-18,0.00131466371177757,1.9735803822867635e-19,0.0
0.44843097005414395,1.59373335249655e-18,0.001326028918781927,0.013756926220909047,-5.711676225212553e-20,4.063882554863923e-05,arith,0.04420096395939757,5.590653247770235e-07,True,0.030677912855233937,0.45833333335,2.08,-1.1846738657859435e-16,-0.09951486061012031,4.344411209316416e-09,True,False,20,0.9166666667,279,0.0013546275182879743,0.04515425060959915,0.0013546275182879743,0.0013546275182879743,0.0,3.282292125763497,0.9976971697268475,-2.08657067870112e-05,-2.08657067870112e-05,0.4999584823350848,0.44860412251278,0.0,0.25888237807131814,0.44860412251278,True,0.013756926220909047,0.013766317848256462,success,0.9999169646701698,0.9999169646701698,0.5,3.4023283762335825e-15,0.03,"[0.005, 0.0075, 0.01, 0.015, 0.02, 0.03, 0.05, 0.08]",0.030647013027415362,0.0029570413448960072,False,3.55402159735783e-18,0.0005946324343692272,True,success,-7.63892599299775e-17,1.3839516506071973e-16,0.002954062913187147,-4.151854951821592e-18,0.0
0.4480940525576624,-3.0749942385011504e-19,0.0036693792322613945,0.01373851711824777,2.280433551233357e-20,0.00011211159443043627,arith,0.07338758464522789,1.5402470592366e-06,True,0.030659896153118094,0.45833333335,2.08,1.372477148915271e-17,-0.09833827908411562,4.344411209316416e-09,True,False,20,0.9166666667,279,0.002242231888608725,0.0448446377721745,0.0022422318886087256,0.002242231888608725,0.0,3.2641541577009767,0.9921838885479631,-2.08657067870112e-05,-2.08657067870112e-05,0.49995848233508483,0.44860412251278,0.0,0.25888237807131814,0.44860412251278,True,0.01373851711824777,0.013766317848256462,success,0.9999169646701698,0.9999169646701698,0.5,3.4023283762335825e-15,0.05,"[0.005, 0.0075, 0.01, 0.015, 0.02, 0.03, 0.05, 0.08]",0.030553286355562443,0.008188859484559228,False,-6.862385744576356e-19,0.0016442270105549322,True,success,1.8374783378717936e-17,-3.319766655463041e-17,0.008160385394252444,1.6598833277315206e-18,1.9341481636999412e-16
0.4470016720985186,2.594041268925315e-18,0.009232812145052956,0.013678546568168585,-6.691316919043701e-20,0.000278325367004131,arith,0.11541015181316194,3.8070864936686185e-06,True,0.030600660852010974,0.45833333335,2.08,-7.254003258945281e-17,-0.09549788937644675,4.344411209316416e-09,True,False,20,0.9166666667,279,0.0034790670875516376,0.04348833859439547,0.0034790670875516376,0.0034790670875516376,0.0,3.179309905308025,0.9663943283148537,-2.08657067870112e-05,-2.08657067870112e-05,0.4999584823350849,0.44860412251278,0.0,0.25888237807131814,0.44860412251278,True,0.013678546568168585,0.013766317848256462,success,0.9999169646701698,0.9999169646701698,0.5,3.4023283762335825e-15,0.08,"[0.005, 0.0075, 0.01, 0.015, 0.02, 0.03, 0.05, 0.08]",0.0301452431427689,0.020654983462831556,False,5.803202607156225e-18,0.004127082467010181,True,success,-3.429376976799547e-17,6.114791587776492e-17,0.020347583393971358,-4.8918332702211936e-18,0.0
0.4028856738507525,-4.796103051507559e-19,4.6474326049740717e-05,4.1805618057398504e-05,-1.0020083450213428e-22,4.034334987221608e-09,typ,0.009294865209948143,1.6865786759138622e-13,True,0.0001037654619431448,0.45833333335,2.08,2.3808754506789725e-16,-0.08193276439272627,4.377586244018461e-09,True,False,21,0.9166666667,328,8.068669974443216e-07,0.00016137339948886433,8.068669974443216e-07,8.068669974443216e-07,0.0,3.860088834646602,1.1733263090728978,-1.8212391175237315,-1.8212391175237315,0.4999658641506073,0.22811939904748244,0.0,0.023031106282470286,0.023031106282470286,True,4.1805618057398504e-05,3.315922491380287e-05,success,0.9999317283012136,0.01659093192349297,0.5,1.097191707497672e-14,0.005,"[0.005, 0.0075, 0.01, 0.015, 0.02, 0.03, 0.05, 0.08]",8.680782122378117e-05,0.00011535363272052447,False,-1.1904377253394862e-18,1.872384016730937e-05,True,success,-2.439877577936755e-16,4.793654018680456e-16,9.650222086616504e-05,-2.3968270093402277e-18,0.0
0.45536113107225545,-8.108752283183824e-19,9.610550765871413e-05,4.413107138098717e-05,-1.5376835222963295e-22,8.59900961574424e-09,typ,0.012814067687828551,3.794835071582041e-13,True,9.691444519445506e-05,0.45833333335,2.08,2.3743066707193767e-16,-0.08190494386368291,4.377586244018461e-09,True,False,21,0.9166666667,328,1.1465346154325654e-06,0.0001528712820576754,1.1465346154325654e-06,1.1465346154325654e-06,0.0,3.4640283427049625,1.0529383555604175,-1.8212391175237315,-1.8212391175237315,0.4999658641506073,0.22811939904748244,0.0,0.023031106282470286,0.023031106282470286,True,4.413107138098717e-05,3.315922491380287e-05,success,0.9999317283012136,0.01659093192349297,0.5,1.097191707497672e-14,0.0075,"[0.005, 0.0075, 0.01, 0.015, 0.02, 0.03, 0.05, 0.08]",8.947468074650501e-05,0.00021105338400844839,False,-1.7807300030395324e-18,4.376271266974537e-05,True,success,-2.4961490116740965e-16,4.645807663936311e-16,0.0001948515942771541,-3.4843557479522336e-18,0.0
0.47233895791857244,-1.2362445865176546e-18,0.00016177073275052672,4.47649491787738e-05,-2.1103445377759119e-22,1.4656751167351959e-08,typ,0.016177073275052672,6.56108721132444e-13,True,9.477293462312911e-05,0.45833333335,2.08,2.617282707243415e-16,-0.08186876410109474,4.377586244018461e-09,True,False,21,0.9166666667,328,1.465675116735196e-06,0.0001465675116735196,1.465675116735196e-06,1.465675116735196e-06,0.0,3.274157892778699,0.9952246593847207,-1.8212391175237315,-1.8212391175237315,0.4999658641506073,0.22811939904748244,0.0,0.023031106282470286,0.023031106282470286,True,4.47649491787738e-05,3.315922491380287e-05,success,0.9999317283012136,0.01659093192349297,0.5,1.097191707497672e-14,0.01,"[0.005, 0.0075, 0.01, 0.015, 0.02, 0.03, 0.05, 0.08]",9.060199529388753e-05,0.0003424886515044028,False,-2.617282707243415e-18,7.641061932910767e-05,True,success,-2.605346311310958e-16,4.714278864358846e-16,0.0003274157892778699,-4.7142788643588455e-18,0.0
0.4782861019079819,-1.338125768332127e-22,0.00035504761511878137,4.460887951330682e-05,-1.4227512306537765e-22,3.1281915638311004e-08,typ,0.02366984100791876,1.395451205654844e-12,True,9.326819101653342e-05,0.45833333335,2.08,1.8651678190021514e-20,-0.08176944456752155,4.377586244018461e-09,True,False,21,0.9166666667,328,2.085461042554067e-06,0.00013903073617027112,2.085461042554067e-06,2.085461042554067e-06,0.0,3.116660577157027,0.9473512160668848,-1.8212391175237315,-1.8212391175237315,0.4999658641506073,0.22811939904748244,0.0,0.023031106282470286,0.023031106282470286,True,4.460887951330682e-05,3.315922491380287e-05,success,0.9999317283012136,0.01659093192349297,0.5,1.097191707497672e-14,0.015,"[0.005, 0.0075, 0.01, 0.015, 0.02, 0.03, 0.05, 0.08]",8.810625478457479e-05,0.0007423331217495621,False,-2.797751728503227e-22,0.0001698143398268874,True,success,-1.2044024833701492e-16,2.1262601320280044e-16,0.0007012486298603311,-3.1893901980420065e-18,0.0
0.4786670196748707,-1.9578816824439876e-18,0.0006300965816763913,4.404274836983156e-05,-5.610119627634665e-23,5.269672463507443e-08,typ,0.03150482908381957,2.320908583016887e-12,True,9.20112448936781e-05,0.45833333335,2.08,2.0451395249393378e-16,-0.08163154808728029,4.377586244018461e-09,True,False,21,0.9166666667,328,2.6348362317537212e-06,0.00013174181158768605,2.6348362317537212e-06,2.6348362317537212e-06,0.0,2.9912259444264535,0.9092236596928738,-1.8212391175237315,-1.8212391175237315,0.4999658641506073,0.22811939904748244,0.0,0.023031106282470286,0.023031106282470286,True,4.404274836983156e-05,3.315922491380287e-05,success,0.9999317283012136,0.01659093192349297,0.5,1.097191707497672e-14,0.02,"[0.005, 0.0075, 0.01, 0.015, 0.02, 0.03, 0.05, 0.08]",8.363277339939405e-05,0.0013163567903725173,False,-4.090279049878676e-18,0.000301606452858362,True,success,-3.682502961249706e-17,6.368948164321971e-17,0.0011964903777705815,-1.2737896328643943e-18,0.0
0.47871641517411556,-4.397358889161093e-18,0.0014178545991911464,4.253076949479764e-05,4.6327269610289084e-23,1.0378800682186324e-07,typ,0.047261819973038216,4.414183794465151e-12,True,8.884334889441515e-05,0.45833333335,2.08,3.0619094100917874e-16,-0.08123773288690116,4.377586244018461e-09,True,False,21,0.9166666667,328,3.4596002273954415e-06,0.00011532000757984806,3.4596002273954415e-06,3.4596002273954415e-06,0.0,2.711448886292875,0.8241816316346778,-1.8212391175237315,-1.8212391175237315,0.4999658641506073,0.22811939904748244,0.0,0.023031106282470286,0.023031106282470286,True,4.253076949479764e-05,3.315922491380287e-05,success,0.9999317283012136,0.01659093192349297,0.5,1.097191707497672e-14,0.03,"[0.005, 0.0075, 0.01, 0.015, 0.02, 0.03, 0.05, 0.08]",7.320074066908688e-05,0.0029617839586207916,False,-9.185728230275361e-18,0.0006787502709629181,True,success,2.205014749978373e-17,-3.6308826261228616e-17,0.0024403039976635876,1.0892647878368585e-18,0.0
0.4787871775328679,-3.524067336555747e-18,0.003938620295123924,3.879798244427116e-05,-1.9751848336138227e-22,2.0951914102426468e-07,typ,0.07877240590247847,8.128919955198194e-12,True,8.10338794873172e-05,0.45833333335,2.08,1.4720809169179667e-16,-0.07997723387290964,4.377586244018461e-09,True,False,21,0.9166666667,328,4.190382820485294e-06,8.380765640970587e-05,4.190382820485294e-06,4.190382820485294e-06,0.0,2.16010346749566,0.656592720349735,-1.8212391175237315,-1.8212391175237315,0.4999658641506073,0.22811939904748244,0.0,0.023031106282470286,0.023031106282470286,True,3.879798244427116e-05,3.315922491380287e-05,success,0.9999317283012136,0.01659093192349297,0.5,1.097191707497672e-14,0.05,"[0.005, 0.0075, 0.01, 0.015, 0.02, 0.03, 0.05, 0.08]",5.319607510367344e-05,0.008226244310507969,False,-7.360404584589834e-18,0.0018857608944760549,True,success,-6.927735829312535e-17,1.0181894568620667e-16,0.00540025866873915,-5.0909472843103334e-18,0.0
0.4785904427263588,5.228977695036494e-18,0.009947151216149091,3.3141279002393474e-05,-2.062039777307725e-22,3.246253277530356e-07,typ,0.12433939020186364,1.0758498558306778e-11,True,6.92476824518255e-05,0.45833333335,2.08,-1.3657234945104825e-16,-0.07692003348846664,4.377586244018461e-09,True,False,21,0.9166666667,328,4.057816596912945e-06,5.072270746141181e-05,4.057816596912945e-06,4.057816596912945e-06,0.0,1.5304993949614496,0.46521603078412765,-1.8212391175237315,-1.8212391175237315,0.4999658641506073,0.22811939904748244,0.0,0.023031106282470286,0.023031106282470286,True,3.3141279002393474e-05,3.315922491380287e-05,success,0.9999317283012136,0.01659093192349297,0.5,1.097191707497672e-14,0.08,"[0.005, 0.0075, 0.01, 0.015, 0.02, 0.03, 0.05, 0.08]",3.263500480680438e-05,0.020784266312306038,False,1.0925787956083861e-17,0.004760611504402832,True,success,-6.28667784189482e-17,7.777460011270249e-17,0.009795196127753278,-6.221968009016199e-18,0.0
0.47891249985594897,5.469961860114762e-19,3.9386918038082605e-05,0.015909791144173898,-8.023272278787904e-21,1.3084034093985299e-06,arith,0.007877383607616521,2.0816424975855666e-08,True,0.033220663793405616,0.45833333335,1.92,-2.2843262022854106e-16,-0.0855207086627093,4.291757192100524e-09,True,False,22,0.9166666667,293,0.000261680681879706,0.0523361363759412,0.000261680681879706,0.000261680681879706,0.0,3.289555211735541,0.9999048831295982,-1.8632100940173626e-05,-1.8632100940173626e-05,0.4999586422788699,0.47892030089023147,0.0,0.30478483997434136,0.47892030089023147,True,0.015909791144173898,0.015910263275976357,success,0.9999172845577399,0.9999172845577399,0.5,2.616761438907646e-15,0.005,"[0.005, 0.0075, 0.01, 0.015, 0.02, 0.03, 0.05, 0.08]",0.03321923812707191,8.224240973023195e-05,False,1.1421631011427054e-18,1.886288737923951e-05,True,success,-5.560943183951829e-17,1.0085955505111699e-16,8.223888029338851e-05,-5.042977752555849e-19,0.0
0.47890272842427417,-2.1472285212896514e-19,8.86129423865071e-05,0.01590919966731245,-4.572902580376903e-20,2.9434460986277774e-06,arith,0.011815058984867614,4.682787169304117e-08,True,0.03322010655411847,0.45833333335,1.92,5.978189706998587e-17,-0.08549609289679788,4.291757192100524e-09,True,False,22,0.9166666667,293,0.000392459479817037,0.052327930642271606,0.000392459479817037,0.000392459479817037,0.0,3.2891617263303474,0.9997852779085976,-1.8632100940173626e-05,-1.8632100940173626e-05,0.4999586422788699,0.47892030089023147,0.0,0.30478483997434136,0.47892030089023147,True,0.01590919966731245,0.015910263275976357,success,0.9999172845577399,0.9999172845577399,0.5,2.616761438907646e-15,0.0075,"[0.005, 0.0075, 0.01, 0.015, 0.02, 0.03, 0.05, 0.08]",0.03321688705233616,0.00018503327946798052,False,-4.48364228024894e-19,4.243697988260126e-05,True,success,-2.1131958033850485e-16,3.8325016770202756e-16,0.000185015347106082,-2.8743762577652066e-18,0.0
0.47888901067927775,-2.1175823681358288e-19,0.0001575150273735369,0.01590836914226037,-8.523269031746537e-21,5.23163650606723e-06,arith,0.01575150273735369,8.322680475664278e-08,True,0.03321932386733039,0.45833333335,1.92,4.4218646093635656e-17,-0.08546163439377236,4.291757192100524e-09,True,False,22,0.9166666667,293,0.000523163650606723,0.0523163650606723,0.000523163650606723,0.000523163650606723,0.0,3.288606430541933,0.9996164882289363,-1.8632100940173626e-05,-1.8632100940173626e-05,0.4999586422788699,0.47892030089023147,0.0,0.30478483997434136,0.47892030089023147,True,0.01590836914226037,0.015910263275976357,success,0.9999172845577399,0.9999172845577399,0.5,2.616761438907646e-15,0.01,"[0.005, 0.0075, 0.01, 0.015, 0.02, 0.03, 0.05, 0.08]",0.03321357075132099,0.00032891760692129997,False,-4.421864609363566e-19,7.543221562603244e-05,True,success,-2.9544359969716843e-17,5.3577264617933635e-17,0.0003288606430541933,-5.357726461793364e-19,0.0
0.47884957067357165,-1.2220344778917075e-19,0.0003542842982028825,0.015905980169529044,-2.0332932209193625e-20,1.1763631499894614e-05,arith,0.0236189532135255,1.8711208935897092e-07,True,0.03321707096271375,0.45833333335,1.92,1.7013477756319703e-17,-0.08536320473326806,4.291757192100524e-09,True,False,22,0.9166666667,293,0.0007842420999929743,0.052282806666198285,0.0007842420999929743,0.0007842420999929743,0.0,3.2869905600885905,0.9991253225081003,-1.8632100940173626e-05,-1.8632100940173626e-05,0.49995864227886994,0.47892030089023147,0.0,0.30478483997434136,0.47892030089023147,True,0.015905980169529044,0.015910263275976357,success,0.9999172845577399,0.9999172845577399,0.5,2.616761438907646e-15,0.015,"[0.005, 0.0075, 0.01, 0.015, 0.02, 0.03, 0.05, 0.08]",0.03320393130479104,0.0007398655442136661,False,-2.552021663447955e-19,0.00016964888409083792,True,success,-4.70055445817212e-17,8.522133181977789e-17,0.0007395728760199328,-1.2783199772966685e-18,0.0
0.47879372310134155,-1.044638897156804e-19,0.0006295205485559273,0.015902594501748128,6.6001054569047295e-22,2.0893789778159305e-05,arith,0.031476027427796364,3.322654664468374e-07,True,0.03321387423114188,0.45833333335,1.92,1.0909070511516454e-17,-0.08522546212689602,4.291757192100524e-09,True,False,22,0.9166666667,293,0.0010446894889079652,0.05223447444539826,0.0010446894889079652,0.0010446894889079652,0.0,3.2846510951188668,0.9984142104286338,-1.8632100940173626e-05,-1.8632100940173626e-05,0.49995864227886994,0.47892030089023147,0.0,0.30478483997434136,0.47892030089023147,True,0.015902594501748128,0.015910263275976357,success,0.9999172845577399,0.9999172845577399,0.5,2.616761438907646e-15,0.02,"[0.005, 0.0075, 0.01, 0.015, 0.02, 0.03, 0.05, 0.08]",0.03319000440269676,0.0013148053497407336,False,-2.181814102303291e-19,0.0003014104872118913,True,success,1.1450073430739554e-18,-2.0751662428980373e-18,0.0013138604380475468,4.1503324857960746e-20,0.0
0.4786297842748012,5.971583901807887e-19,0.0014142366490662304,0.015892636780256986,-1.2019814972088306e-20,4.6877738948606805e-05,arith,0.04714122163554101,7.450108781899139e-07,True,0.03320444590454564,0.45833333335,1.92,-4.1588050569925486e-17,-0.08483231003078101,4.291757192100524e-09,True,False,22,0.9166666667,293,0.0015625912982868936,0.05208637660956312,0.0015625912982868936,0.0015625912982868936,0.0,3.277390487792981,0.9962072504439708,-1.8632100940173626e-05,-1.8632100940173626e-05,0.4999586422788699,0.47892030089023147,0.0,0.30478483997434136,0.47892030089023147,True,0.015892636780256986,0.015910263275976357,success,0.9999172845577399,0.9999172845577399,0.5,2.616761438907646e-15,0.03,"[0.005, 0.0075, 0.01, 0.015, 0.02, 0.03, 0.05, 0.08]",0.03314702598009922,0.002954761060699596,False,1.2476415170977645e-18,0.0006768957822560875,True,success,-1.3925682054766658e-17,2.5210448373635547e-17,0.0029496514390136832,-7.563134512090665e-19,0.0
0.4780489325415892,5.631975061466559e-19,0.003903075125817438,0.01585717636031485,-1.1346271026266234e-19,0.00012866384529888134,arith,0.07806150251634875,2.0402452861006285e-06,True,0.033170613468392826,0.45833333335,1.92,-2.3562337150398672e-17,-0.08357897866892741,4.291757192100524e-09,True,False,22,0.9166666667,293,0.002573276905977627,0.05146553811955253,0.002573276905977627,0.002573276905977627,0.0,3.245567618731502,0.9865342581633583,-1.8632100940173626e-05,-1.8632100940173626e-05,0.4999586422788699,0.47892030089023147,0.0,0.30478483997434136,0.47892030089023147,True,0.01585717636031485,0.015910263275976357,success,0.9999172845577399,0.9999172845577399,0.5,2.616761438907646e-15,0.05,"[0.005, 0.0075, 0.01, 0.015, 0.02, 0.03, 0.05, 0.08]",0.03296473707303667,0.008164593329528833,False,1.1781168575199337e-18,0.0018658608975266552,True,success,-7.943501130911671e-17,1.4310581869622275e-16,0.008113919046828755,-7.155290934811138e-18,0.0
0.47609063302461174,1.0527204073988968e-18,0.009713903998176359,0.015738473370268263,1.248866748624516e-19,0.00031306424372032614,arith,0.12142379997720448,4.927153262975526e-06,True,0.03305772531226141,0.45833333335,1.92,-2.763970592928248e-17,-0.08057321539809396,4.291757192100524e-09,True,False,22,0.9166666667,293,0.0039133030465040766,0.048916288081300954,0.0039133030465040766,0.0039133030465040766,0.0,3.1080707086691963,0.9447402091393277,-1.8632100940173626e-05,-1.8632100940173626e-05,0.4999586422788699,0.47892030089023147,0.0,0.30478483997434136,0.47892030089023147,True,0.015738473370268263,0.015910263275976357,success,0.9999172845577399,0.9999172845577399,0.5,2.616761438907646e-15,0.08,"[0.005, 0.0075, 0.01, 0.015, 0.02, 0.03, 0.05, 0.08]",0.032228467954706914,0.020403476406296348,False,2.2111764743425985e-18,0.004624698703632089,True,success,5.626237574191156e-17,-9.918900004175158e-17,0.01989165253548286,7.935120003340128e-18,0.0
0.5115939503891286,2.3857641454952165e-19,4.201395246979747e-05,0.0007103346254078171,5.436787959362907e-22,5.80731655566541e-08,typ,0.008402790493959493,4.1251380301932034e-11,True,0.0013884734658561196,0.45833333335,1.92,-9.326787948452308e-17,-0.06715534655894584,4.477302295284013e-09,True,False,23,0.9166666667,364,1.161463311133082e-05,0.002322926622266164,1.161463311133082e-05,1.161463311133082e-05,0.0,3.2701863870602197,0.9940174664040048,-0.19317046086314738,-0.19317046086314738,0.499958209712212,0.5128316455654177,0.0,0.10649520166668036,0.10649520166668036,True,0.0007103346254078171,0.0007121559312123662,success,0.9999164194244251,0.05194121833740272,0.5,9.286776901376926e-15,0.005,"[0.005, 0.0075, 0.01, 0.015, 0.02, 0.03, 0.05, 0.08]",0.0013822352371727251,8.212363034754578e-05,False,4.663393974226154e-19,2.149408391548477e-05,True,success,8.464925747071585e-17,-1.5307681098162828e-16,8.17546596765055e-05,7.653840549081414e-19,0.0
0.5113507432078098,-5.156313066410553e-19,9.45951661788955e-05,0.0007087020298136982,2.133815787657104e-21,1.2952119742413683e-07,typ,0.012612688823852733,9.179193551838652e-11,True,0.001385941135761068,0.45833333335,1.92,1.3444947875539536e-16,-0.06712907773663833,4.477302295284013e-09,True,False,23,0.9166666667,364,1.726949298988491e-05,0.0023025990653179882,1.726949298988491e-05,1.726949298988491e-05,0.0,3.249036927301153,0.9875888015154509,-0.19317046086314738,-0.19317046086314738,0.49995820971221205,0.5128316455654177,0.0,0.10649520166668036,0.10649520166668036,True,0.0007087020298136982,0.0007121559312123662,success,0.9999164194244251,0.05194121833740272,0.5,9.286776901376926e-15,0.0075,"[0.005, 0.0075, 0.01, 0.015, 0.02, 0.03, 0.05, 0.08]",0.0013692158136198026,0.00018499076697430866,False,-1.008371090665465e-18,4.837130852944449e-05,True,success,2.2271766273017e-16,-4.014504823168135e-16,0.00018275832716068986,3.010878617376101e-18,0.0
0.5113008357558542,-5.831821841846022e-19,0.00016822279974189672,0.0007065622820124196,2.2623389753325307e-21,2.274012590343805e-07,typ,0.016822279974189672,1.6067315251582924e-10,True,0.0013818915061382818,0.45833333335,1.92,1.140585235544327e-16,-0.06709228373503362,4.477302295284013e-09,True,False,23,0.9166666667,364,2.274012590343805e-05,0.0022740125903438053,2.274012590343805e-05,2.274012590343805e-05,0.0,3.2184177506149894,0.9782816878434629,-0.19317046086314738,-0.19317046086314738,0.49995820971221205,0.5128316455654177,0.0,0.10649520166668036,0.10649520166668036,True,0.0007065622820124196,0.0007121559312123662,success,0.9999164194244251,0.05194121833740272,0.5,9.286776901376926e-15,0.01,"[0.005, 0.0075, 0.01, 0.015, 0.02, 0.03, 0.05, 0.08]",0.0013517861989176317,0.0003290094362807242,False,-1.140585235544327e-18,8.601245810122148e-05,True,success,1.784785463454911e-16,-3.201896043599967e-16,0.00032184177506149893,3.2018960435999674e-18,0.0
0.5113185601331306,-6.509108641418267e-19,0.0003786179570259762,0.0007005979790581902,2.660212778209305e-21,4.937409628220337e-07,typ,0.02524119713506508,3.459139207313618e-10,True,0.0013701790501713402,0.45833333335,1.92,8.486697138112243e-17,-0.0669871265470883,4.477302295284013e-09,True,False,23,0.9166666667,364,3.291606418813558e-05,0.0021944042792090388,3.291606418813558e-05,3.291606418813558e-05,0.0,3.1321875666255328,0.952070854920938,-0.19317046086314738,-0.19317046086314738,0.4999582097122121,0.5128316455654177,0.0,0.10649520166668036,0.10649520166668036,True,0.0007005979790581902,0.0007121559312123662,success,0.9999164194244251,0.05194121833740272,0.5,9.286776901376926e-15,0.015,"[0.005, 0.0075, 0.01, 0.015, 0.02, 0.03, 0.05, 0.08]",0.001304061135135646,0.0007404737213673536,False,-1.2730045707168363e-18,0.00019359438862706966,True,success,1.430317180683064e-16,-2.5313735387260786e-16,0.0007047422024907448,3.797060308089118e-18,0.0
0.5113611336103209,-4.3029597130961456e-19,0.0006733358668988538,0.0006924556221893358,3.2702104075334318e-21,8.357036334750606e-07,typ,0.033666793344942686,5.786876794838617e-10,True,0.0013541420664891922,0.45833333335,1.92,4.2073589781025333e-17,-0.06683986028127303,4.477302295284013e-09,True,False,23,0.9166666667,364,4.178518167375303e-05,0.0020892590836876514,4.178518167375302e-05,4.178518167375303e-05,0.0,3.0171739772753154,0.9171109158971846,-0.19317046086314738,-0.19317046086314738,0.49995820971221205,0.5128316455654177,0.0,0.10649520166668036,0.10649520166668036,True,0.0006924556221893358,0.0007121559312123662,success,0.9999164194244251,0.05194121833740272,0.5,9.286776901376926e-15,0.02,"[0.005, 0.0075, 0.01, 0.015, 0.02, 0.03, 0.05, 0.08]",0.0012411393400503306,0.001316752139813513,False,-8.414717956205067e-19,0.000344317792197886,True,success,1.3594197597454122e-16,-2.361314070347218e-16,0.0012068695909101261,4.7226281406944364e-18,1.6216905866155058e-16
0.511483350977428,-8.72720369092887e-19,0.001516515076010455,0.0006704913945128483,2.039444902333288e-21,1.6454472194754625e-06,typ,0.05055050253368184,1.1032582007833918e-09,True,0.0013108762841088789,0.45833333335,1.92,5.687512391981392e-17,-0.06641881413412179,4.477302295284013e-09,True,False,23,0.9166666667,364,5.484824064918209e-05,0.0018282746883060697,5.484824064918209e-05,5.484824064918209e-05,0.0,2.7267683124172226,0.8288381787975986,-0.19317046086314738,-0.19317046086314738,0.49995820971221205,0.5128316455654177,0.0,0.10649520166668036,0.10649520166668036,True,0.0006704913945128483,0.0007121559312123662,success,0.9999164194244251,0.05194121833740272,0.5,9.286776901376926e-15,0.03,"[0.005, 0.0075, 0.01, 0.015, 0.02, 0.03, 0.05, 0.08]",0.0010850187020917678,0.002964935365173557,False,-1.7062537175944177e-18,0.0007756722128856165,True,success,6.140071023321026e-17,-1.0139055817984885e-16,0.0024540914811755,3.0417167453954656e-18,0.0
0.5118444279448736,6.735235473715803e-19,0.004217815848580246,0.0006118269149748415,1.1745357717201196e-21,3.19670225239748e-06,typ,0.08435631697160491,1.9558284771774775e-09,True,0.0011953376486511956,0.45833333335,1.92,-2.6317510188627853e-17,-0.06506941450364132,4.477302295284013e-09,True,False,23,0.9166666667,364,6.39340450479496e-05,0.0012786809009589918,6.39340450479496e-05,6.39340450479496e-05,0.0,2.089938951135504,0.6352652648078256,-0.19317046086314738,-0.19317046086314738,0.4999582097122121,0.5128316455654177,0.0,0.10649520166668036,0.10649520166668036,True,0.0006118269149748415,0.0007121559312123662,success,0.9999164194244251,0.05194121833740272,0.5,9.286776901376926e-15,0.05,"[0.005, 0.0075, 0.01, 0.015, 0.02, 0.03, 0.05, 0.08]",0.00075790465187652,0.00824042544629305,False,1.3158755094313926e-18,0.0021588655401933777,True,success,2.6558336278781052e-17,-3.839438059923914e-17,0.0052248473778387615,1.919719029961957e-18,0.0
0.5117387014206496,6.92756596518581e-18,0.010539712359569188,0.0005165022691030167,2.7244288379260648e-21,4.487420696103179e-06,typ,0.13174640449461486,2.3177629719571307e-09,True,0.0010093085937591644,0.45833333335,1.92,-1.6921638782532067e-16,-0.061809108165769164,4.477302295284013e-09,True,False,23,0.9166666667,364,5.609275870128973e-05,0.0007011594837661216,5.609275870128973e-05,5.609275870128973e-05,0.0,1.3575148178608967,0.41263502447303585,-0.19317046086314738,-0.19317046086314738,0.4999582097122121,0.5128316455654177,0.0,0.10649520166668036,0.10649520166668036,True,0.0005165022691030167,0.0007121559312123662,success,0.9999164194244251,0.05194121833740272,0.5,9.286776901376926e-15,0.08,"[0.005, 0.0075, 0.01, 0.015, 0.02, 0.03, 0.05, 0.08]",0.0004257631084238244,0.020595886788139436,False,1.3537311026025654e-17,0.005393578716233107,True,success,5.659016476668983e-17,-6.593458056480182e-17,0.00868809483430974,5.274766445184146e-18,0.0
0.3236902438348043,1.0781110212498171e-19,2.7541615132595125e-05,0.006854668697815967,1.9052110160048635e-21,6.061554550782676e-07,arith,0.005508323026519025,4.154994823935394e-09,True,0.021176630523699856,0.55208333335,1.04,-6.661374828461202e-17,-0.018097413105232982,4.535965715087215e-09,True,False,24,1.1041666667,427,0.00012123109101565353,0.024246218203130707,0.00012123109101565353,0.00012123109101565353,0.0,3.5371830896591736,1.0751747322117866,-1.3237749294681242e-05,-1.3237749294681242e-05,0.4999590110550024,0.31879925450122887,0.0,0.17907685827478054,0.31879925450122887,True,0.006854668697815967,0.006635300911086261,success,0.9999180221100047,0.9999180221100047,0.5,3.5463086225957946e-15,0.005,"[0.005, 0.0075, 0.01, 0.015, 0.02, 0.03, 0.05, 0.08]",0.02200871125967086,8.508633070402646e-05,False,3.330687414230601e-19,8.914952117874052e-06,True,success,2.955682909536875e-17,-5.558871186909155e-17,8.842957724147934e-05,2.779435593454577e-19,0.0
0.3277999177877437,1.007042764946558e-19,6.393782606632246e-05,0.007044956759493449,-9.313226516734539e-21,1.4589342731796348e-06,arith,0.008525043475509662,1.027812886949353e-08,True,0.021491636749143984,0.55208333335,1.04,-4.0961684665975064e-17,-0.01807990506580457,4.535965715087215e-09,True,False,24,1.1041666667,427,0.00019452456975728466,0.02593660930097129,0.00019452456975728466,0.00019452456975728466,0.0,3.6815853079609533,1.1190677432485332,-1.3237749294681242e-05,-1.3237749294681242e-05,0.4999590110550024,0.31879925450122887,0.0,0.17907685827478054,0.31879925450122887,True,0.007044956759493449,0.006635300911086261,success,0.9999180221100047,0.9999180221100047,0.5,3.5463086225957946e-15,0.0075,"[0.005, 0.0075, 0.01, 0.015, 0.02, 0.03, 0.05, 0.08]",0.022818014983279036,0.00019505137920053825,False,3.0721263499481296e-19,2.095881412806756e-05,True,success,-9.186353144544254e-17,1.7626276185318864e-16,0.0002070891735728036,-1.3219707138989147e-18,0.0
0.33208680993058465,-4.599388903590976e-19,0.00011687036024012934,0.00724798676092185,1.3724580723479453e-20,2.753748559253195e-06,arith,0.011687036024012934,1.9959133100374777e-08,True,0.021825578566149258,0.55208333335,1.04,1.384995960710507e-16,-0.018054666945472878,4.535965715087215e-09,True,False,24,1.1041666667,427,0.0002753748559253195,0.027537485592531948,0.0002753748559253195,0.0002753748559253195,0.0,3.7993289034415314,1.1548575046297236,-1.3237749294681242e-05,-1.3237749294681242e-05,0.4999590110550024,0.31879925450122887,0.0,0.17907685827478054,0.31879925450122887,True,0.00724798676092185,0.006635300911086261,success,0.9999180221100047,0.9999180221100047,0.5,3.5463086225957946e-15,0.01,"[0.005, 0.0075, 0.01, 0.015, 0.02, 0.03, 0.05, 0.08]",0.023562420391236637,0.00035192713695722657,False,-1.384995960710507e-18,3.8811105107582785e-05,True,success,9.714674389440146e-17,-1.8935714393791008e-16,0.00037993289034415315,1.8935714393791006e-18,0.0
0.3404007401802615,5.3838623851856236e-20,0.00027502602452893926,0.007652996122248116,-2.128899721385426e-21,6.823567916718375e-06,arith,0.018335068301929283,5.2220738806542374e-08,True,0.022482313399775276,0.55208333335,1.04,-1.0544165057405699e-17,-0.017979765725005564,4.535965715087215e-09,True,False,24,1.1041666667,427,0.000454904527781225,0.030326968518748332,0.000454904527781225,0.000454904527781225,0.0,3.962757596411743,1.2045338704683097,-1.3237749294681242e-05,-1.3237749294681242e-05,0.4999590110550024,0.31879925450122887,0.0,0.17907685827478054,0.31879925450122887,True,0.007652996122248116,0.006635300911086261,success,0.9999180221100047,0.9999180221100047,0.5,3.5463086225957946e-15,0.015,"[0.005, 0.0075, 0.01, 0.015, 0.02, 0.03, 0.05, 0.08]",0.024810626297659236,0.0008079477864334178,False,1.5816247586108548e-19,9.361906231848568e-05,True,success,-9.316090509384037e-18,1.8545239776061705e-17,0.0008916204591926422,-2.7817859664092556e-19,0.0
0.3479682447730188,-7.157143914388233e-19,0.000505661758028627,0.008032969476422734,1.1982839349919782e-20,1.3037107621778762e-05,arith,0.02528308790143135,1.0472668758658698e-07,True,0.02308535217534771,0.55208333335,1.04,1.0284191189711676e-16,-0.017870819854877276,4.535965715087215e-09,True,False,24,1.1041666667,427,0.0006518553810889381,0.032592769054446906,0.0006518553810889381,0.0006518553810889381,0.0,4.057374940874444,1.2332940944704769,-1.3237749294681242e-05,-1.3237749294681242e-05,0.4999590110550024,0.31879925450122887,0.0,0.17907685827478054,0.31879925450122887,True,0.008032969476422734,0.006635300911086261,success,0.9999180221100047,0.9999180221100047,0.5,3.5463086225957946e-15,0.02,"[0.005, 0.0075, 0.01, 0.015, 0.02, 0.03, 0.05, 0.08]",0.025782269303111296,0.0014531836327722155,False,-2.0568382379423353e-18,0.0001759542343900603,True,success,3.702806805074627e-17,-7.458536587926895e-17,0.0016229499763497778,1.4917073175853788e-18,0.0
0.36072842511968817,-2.7737837464100447e-19,0.001191030139293911,0.008695040624796356,-1.387735215747366e-20,3.234172171187746e-05,arith,0.03970100464313037,2.812125841606329e-07,True,0.024104118276543855,0.55208333335,1.04,2.563132034382666e-17,-0.01754633473327763,4.535965715087215e-09,True,False,24,1.1041666667,427,0.0010780573903959156,0.035935246346530524,0.0010780573903959156,0.0010780573903959156,0.0,4.132843985116188,1.256233933143265,-1.3237749294681242e-05,-1.3237749294681242e-05,0.4999590110550024,0.31879925450122887,0.0,0.17907685827478054,0.31879925450122887,True,0.008695040624796356,0.006635300911086261,success,0.9999180221100047,0.9999180221100047,0.5,3.5463086225957946e-15,0.03,"[0.005, 0.0075, 0.01, 0.015, 0.02, 0.03, 0.05, 0.08]",0.027154410828806475,0.003301736310075183,False,-7.689396103147998e-19,0.0004296384264175754,True,success,-2.6169126925531415e-17,5.320025807929517e-17,0.003719559586604568,-1.596007742378855e-18,0.0
0.37905133347310543,-1.6821544430124552e-19,0.003471263400554365,0.009686883738345756,-4.724442068595675e-20,9.951444794703772e-05,arith,0.0694252680110873,9.63984887548615e-07,True,0.025555598629843794,0.55208333335,1.04,8.875602296921125e-18,-0.016456153644861367,4.535965715087215e-09,True,False,24,1.1041666667,427,0.0019902889589407543,0.03980577917881508,0.0019902889589407543,0.0019902889589407543,0.0,4.109245063120039,1.249060721015266,-1.3237749294681242e-05,-1.3237749294681242e-05,0.4999590110550024,0.31879925450122887,0.0,0.17907685827478054,0.31879925450122887,True,0.009686883738345756,0.006635300911086261,success,0.9999180221100047,0.9999180221100047,0.5,3.5463086225957946e-15,0.05,"[0.005, 0.0075, 0.01, 0.015, 0.02, 0.03, 0.05, 0.08]",0.028668077430005785,0.009157765964700554,False,-4.437801148460563e-19,0.0013157870208165186,True,success,-4.811886947220018e-17,9.754307362839218e-17,0.010273112657800098,-4.877153681419609e-18,0.0
0.3960710624056011,-1.5252043889600804e-18,0.009150833017426573,0.010647465664449846,-7.009009651556905e-20,0.0002715150352895891,arith,0.11438541271783216,2.8909470156277883e-06,True,0.02688271543944856,0.55208333335,1.04,4.813544000464548e-17,-0.013698503639448023,4.535965715087215e-09,True,False,24,1.1041666667,427,0.003393937941119864,0.0424242242639983,0.003393937941119864,0.003393937941119864,0.0,3.984443397234506,1.2111255634910927,-1.3237749294681242e-05,-1.3237749294681242e-05,0.4999590110550024,0.31879925450122887,0.0,0.17907685827478054,0.31879925450122887,True,0.010647465664449846,0.006635300911086261,success,0.9999180221100047,0.9999180221100047,0.5,3.5463086225957946e-15,0.08,"[0.005, 0.0075, 0.01, 0.015, 0.02, 0.03, 0.05, 0.08]",0.029671073089468904,0.023104018157366818,False,-3.8508352003716385e-18,0.003624380155108395,True,success,-4.122271501646676e-17,8.22849524999978e-17,0.02550043774230084,-6.582796199999825e-18,0.0
0.016790961965762286,1.1712401844898654e-19,4.065571928468072e-06,1.4300714093594997e-06,-1.9571189407817327e-24,1.3488880960519006e-10,typ,0.0008131143856936143,1.9290063005891938e-16,True,8.516911730700692e-05,0.55208333335,1.04,-1.3950840778248319e-15,-0.0008789076106999541,4.3068774142083556e-09,True,False,25,1.1041666667,352,2.6977761921038012e-08,5.395552384207602e-06,2.6977761921038012e-08,2.6977761921038012e-08,0.0,3.7729251482792474,1.1468317254527882,-0.4050324419132225,-0.4050324419132225,0.4999589574825448,0.013157862325793506,0.0,0.004699658394669815,0.004699658394669815,True,1.4300714093594997e-06,1.3804368524864557e-06,success,0.9999179149650897,0.03540003256629457,0.5,1.290169817751056e-14,0.005,"[0.005, 0.0075, 0.01, 0.015, 0.02, 0.03, 0.05, 0.08]",3.317831094333064e-05,0.00024212858898483606,False,6.97542038912416e-18,6.826486361997822e-08,True,success,-1.4091278453090753e-16,2.7370926066668055e-16,9.432312870698119e-05,-1.3685463033334029e-18,0.0
0.030880935468789027,1.0103514873967701e-18,2.5598661333293942e-05,1.5158887367548065e-06,-3.370518658083504e-24,3.870650678819529e-10,typ,0.0034131548444391925,5.867475767934871e-16,True,4.9088174102980014e-05,0.55208333335,1.04,-4.3623526816101786e-15,-0.0008740507037702933,4.3068774142083556e-09,True,False,25,1.1041666667,352,5.160867571759372e-08,6.88115676234583e-06,5.1608675717593715e-08,5.160867571759372e-08,0.0,4.5393547662851,1.3797983936774816,-0.4050324419132225,-0.4050324419132225,0.4999589574825448,0.013157862325793506,0.0,0.004699658394669815,0.004699658394669815,True,1.5158887367548065e-06,1.3804368524864557e-06,success,0.9999179149650897,0.03540003256629457,0.5,1.290169817751056e-14,0.0075,"[0.005, 0.0075, 0.01, 0.015, 0.02, 0.03, 0.05, 0.08]",1.5120519891348036e-05,0.0008289470815793838,False,3.271764511207634e-17,7.905106087208351e-07,True,success,-1.3914611437210696e-16,2.964613938002744e-16,0.00025533870560353684,-2.2234604535020582e-18,1.2822349747231148e-16
0.05632015508507424,2.3204467590031427e-18,7.577296045261182e-05,1.6548616752734733e-06,-2.3393701698767015e-24,8.924385485900607e-10,typ,0.007577296045261182,1.4768623515983749e-15,True,2.9383116448698106e-05,0.55208333335,1.04,-4.120100087611618e-15,-0.0008605310853871881,4.3068774142083556e-09,True,False,25,1.1041666667,352,8.924385485900608e-08,8.924385485900607e-06,8.924385485900608e-08,8.924385485900608e-08,0.0,5.392828669154969,1.639223351817344,-0.4050324419132225,-0.4050324419132225,0.4999589574825448,0.013157862325793506,0.0,0.004699658394669815,0.004699658394669815,True,1.6548616752734733e-06,1.3804368524864557e-06,success,0.9999179149650897,0.03540003256629457,0.5,1.290169817751056e-14,0.01,"[0.005, 0.0075, 0.01, 0.015, 0.02, 0.03, 0.05, 0.08]",1.1777797030224115e-05,0.0013453968714779495,False,4.1201000876116176e-17,4.267544883946295e-06,True,success,-6.08735932403682e-17,1.413634870413027e-16,0.0005392828669154969,-1.4136348704130271e-18,0.0
0.11877033099219153,5.379951400459881e-18,0.0002596828831327982,2.0615931374480883e-06,-2.4863232833029265e-24,3.1397799580289356e-09,typ,0.017312192208853213,6.4729488145695e-15,True,1.7357812512820446e-05,0.55208333335,1.04,-3.0198065771232506e-15,-0.0007985184916590796,4.3068774142083556e-09,True,False,25,1.1041666667,352,2.0931866386859572e-07,1.3954577591239716e-05,2.0931866386859572e-07,2.0931866386859572e-07,0.0,6.7688319958773135,2.057478209095251,-0.4050324419132225,-0.4050324419132225,0.4999589574825448,0.013157862325793506,0.0,0.004699658394669815,0.004699658394669815,True,2.0615931374480883e-06,1.3804368524864557e-06,success,0.9999179149650897,0.03540003256629457,0.5,1.290169817751056e-14,0.015,"[0.005, 0.0075, 0.01, 0.015, 0.02, 0.03, 0.05, 0.08]",1.2090823700626029e-05,0.002186428891486973,False,4.5297098656848755e-17,3.0842621982689034e-05,True,success,-3.0903417598373495e-17,8.040135686457785e-17,0.0015229871990723952,-1.2060203529686676e-18,0.0
0.1751686223988607,7.143160092174245e-18,0.0005374976715715691,2.5895975396691626e-06,-8.943976610765131e-24,7.976336565610581e-09,typ,0.026874883578578458,2.065550154587834e-14,True,1.4783455531051808e-05,0.55208333335,1.04,-2.0389382511410055e-15,-0.0006878290606032247,4.3068774142083556e-09,True,False,25,1.1041666667,352,3.9881682828052906e-07,1.994084141402645e-05,3.9881682828052906e-07,3.9881682828052906e-07,0.0,7.70036312923514,2.340629720189761,-0.4050324419132225,-0.4050324419132225,0.4999589574825448,0.013157862325793506,0.0,0.004699658394669815,0.004699658394669815,True,2.5895975396691626e-06,1.3804368524864557e-06,success,0.9999179149650897,0.03540003256629457,0.5,1.290169817751056e-14,0.02,"[0.005, 0.0075, 0.01, 0.015, 0.02, 0.03, 0.05, 0.08]",1.4839760221265464e-05,0.003068458632663569,False,4.0778765022820114e-17,9.415272667178704e-05,True,success,-6.223186014090758e-17,1.7269047552284477e-16,0.003080145251694056,-3.4538095104568952e-18,0.0
0.2546108716971842,9.222417619346509e-18,0.0013378524249984768,3.906473434888316e-06,-2.8941365743561143e-23,3.133608913668631e-08,typ,0.04459508083328256,1.2241359976575742e-13,True,1.5342916855233086e-05,0.55208333335,1.04,-1.2073872517529398e-15,-0.00032921697796686744,4.3068774142083556e-09,True,False,25,1.1041666667,352,1.0445363045562104e-06,3.481787681854035e-05,1.0445363045562104e-06,1.0445363045562104e-06,0.0,8.912866655532696,2.7091865975546914,-0.4050324419132225,-0.4050324419132225,0.4999589574825448,0.013157862325793506,0.0,0.004699658394669815,0.004699658394669815,True,3.906473434888316e-06,1.3804368524864557e-06,success,0.9999179149650897,0.03540003256629457,0.5,1.290169817751056e-14,0.03,"[0.005, 0.0075, 0.01, 0.015, 0.02, 0.03, 0.05, 0.08]",2.3422679924298816e-05,0.005254498427661887,False,3.6221617552588196e-17,0.00034063177213105396,True,success,-8.271879267018752e-17,2.469521955112485e-16,0.008021579989979426,-7.408565865337456e-18,0.0
0.3355147425544484,6.683751703273262e-18,0.0038768906280742844,7.415448538219922e-06,-4.314001348608051e-23,1.8314866150783988e-07,typ,0.07753781256148568,1.3581294742552465e-12,True,2.2101707012223222e-05,0.55208333335,1.04,-3.984177656329722e-16,0.0008950943049755578,4.3068774142083556e-09,True,False,25,1.1041666667,352,3.6629732301567977e-06,7.325946460313595e-05,3.6629732301567977e-06,3.6629732301567977e-06,0.0,9.879303217539675,3.002948086688028,-0.4050324419132225,-0.4050324419132225,0.4999589574825448,0.013157862325793506,0.0,0.004699658394669815,0.004699658394669815,True,7.415448538219922e-06,1.3804368524864557e-06,success,0.9999179149650897,0.03540003256629457,0.5,1.290169817751056e-14,0.05,"[0.005, 0.0075, 0.01, 0.015, 0.02, 0.03, 0.05, 0.08]",4.7241121578612314e-05,0.011555052986815117,False,1.992088828164861e-17,0.0013007539609900974,True,success,-3.701772197769124e-17,1.1635173048193324e-16,0.02469825804384919,-5.8175865240966625e-18,0.0
0.3868588444341753,-3.3382006594617765e-18,0.01002808885570344,1.398274387114078e-05,7.905276206953655e-23,7.851406650334301e-07,typ,0.12535111069629298,1.0978420821979591e-11,True,3.614430449843307e-05,0.55208333335,1.04,1.0786236076443694e-16,0.003940605187248446,4.3068774142083556e-09,True,False,25,1.1041666667,352,9.814258312917876e-06,0.00012267822891147344,9.814258312917876e-06,9.814258312917876e-06,0.0,8.77354473785872,2.6668378127365484,-0.4050324419132225,-0.4050324419132225,0.4999589574825447,0.013157862325793506,0.0,0.004699658394669815,0.004699658394669815,True,1.398274387114078e-05,1.3804368524864557e-06,success,0.9999179149650897,0.03540003256629457,0.5,1.290169817751056e-14,0.08,"[0.005, 0.0075, 0.01, 0.015, 0.02, 0.03, 0.05, 0.08]",7.829414720302206e-05,0.025921829111521674,False,-8.628988861154956e-18,0.0038794548666006637,True,success,2.3858718415156144e-17,-7.066992966299597e-17,0.0561506863222958,5.6535943730396775e-18,0.0
0.3639020201692812,1.0165638722909848e-19,3.0340299261221128e-05,0.008768379120398878,5.39506420993978e-21,7.425823063388493e-07,arith,0.006068059852244226,6.5112431900792095e-09,True,0.02409543952605697,0.55208333335,1.06,-5.587019669844625e-17,-0.01841725668366815,4.568350228638379e-09,True,False,26,1.1041666667,422,0.00014851646126776984,0.02970329225355397,0.00014851646126776984,0.00014851646126776984,0.0,3.3875465289191045,1.0296906718607295,-1.3380061962575056e-05,-1.3380061962575056e-05,0.49995900083470346,0.3619992363507824,0.0,0.20551851175512315,0.3619992363507824,True,0.008768379120398878,0.008670396780441063,success,0.9999180016694069,0.9999180016694069,0.5,3.7865208470340065e-15,0.005,"[0.005, 0.0075, 0.01, 0.015, 0.02, 0.03, 0.05, 0.08]",0.024475114762231975,8.337491297000035e-05,False,2.7935098349223124e-19,1.1040896193698919e-05,True,success,6.685973635714743e-17,-1.2305727514424252e-16,8.468866322297761e-05,6.152863757212126e-19,0.0
0.3657678851359679,2.8110905937002093e-19,6.93061348276041e-05,0.008865924528635038,3.008869478161638e-21,1.726355706994905e-06,arith,0.00924081797701388,1.530573940779521e-08,True,0.02423920986212139,0.55208333335,1.06,-1.0247265940821949e-16,-0.01839814100839165,4.568350228638379e-09,True,False,26,1.1041666667,422,0.000230180760932654,0.03069076812435387,0.000230180760932654,0.000230180760932654,0.0,3.461654565773627,1.05221681389526,-1.3380061962575056e-05,-1.3380061962575056e-05,0.4999590008347034,0.3619992363507824,0.0,0.20551851175512315,0.3619992363507824,True,0.008865924528635038,0.008670396780441063,success,0.9999180016694069,0.9999180016694069,0.5,3.7865208470340065e-15,0.0075,"[0.005, 0.0075, 0.01, 0.015, 0.02, 0.03, 0.05, 0.08]",0.0249091326660928,0.00018948119188167854,False,7.685449455616462e-19,2.5349958362841e-05,True,success,2.4320706763516164e-17,-4.5249944976689634e-17,0.0001947180693247665,3.3937458732517227e-19,0.0
0.3678824050012074,-4.713738351470305e-19,0.00012505650681533508,0.00897782440502853,1.0124690697648689e-20,3.1695404072126625e-06,arith,0.012505650681533507,2.8455577220597907e-08,True,0.024404060327372995,0.55208333335,1.06,1.2813166075324625e-16,-0.01837097572936748,4.568350228638379e-09,True,False,26,1.1041666667,422,0.00031695404072126624,0.03169540407212662,0.00031695404072126624,0.00031695404072126624,0.0,3.5304103357572743,1.0731160618862103,-1.3380061962575056e-05,-1.3380061962575056e-05,0.49995900083470346,0.3619992363507824,0.0,0.20551851175512315,0.3619992363507824,True,0.00897782440502853,0.008670396780441063,success,0.9999180016694069,0.9999180016694069,0.5,3.7865208470340065e-15,0.01,"[0.005, 0.0075, 0.01, 0.015, 0.02, 0.03, 0.05, 0.08]",0.025344865996400893,0.00033993609130321043,False,-1.2813166075324626e-18,4.6006088488275355e-05,True,success,6.002028659665594e-17,-1.1277443443845695e-16,0.00035304103357572744,1.1277443443845695e-18,0.0
0.3723308494621609,-4.882571215531726e-19,0.0002888500308125111,0.009217070636436491,9.729920857103905e-21,7.548065735504683e-06,arith,0.019256668720834074,6.957105505261263e-08,True,0.02475505494575786,0.55208333335,1.06,8.74235235066643e-17,-0.018291677848897216,4.568350228638379e-09,True,False,26,1.1041666667,422,0.0005032043823669789,0.03354695882446526,0.0005032043823669789,0.0005032043823669789,0.0,3.6396551732878124,1.1063225106224375,-1.3380061962575056e-05,-1.3380061962575056e-05,0.49995900083470346,0.3619992363507824,0.0,0.20551851175512315,0.3619992363507824,True,0.009217070636436491,0.008670396780441063,success,0.9999180016694069,0.9999180016694069,0.5,3.7865208470340065e-15,0.015,"[0.005, 0.0075, 0.01, 0.015, 0.02, 0.03, 0.05, 0.08]",0.026131434759666124,0.0007757886063692025,False,-1.3113528525999644e-18,0.00010754777733959362,True,success,3.688884121338635e-17,-7.037608976428323e-17,0.0008189224139897577,1.0556413464642485e-18,0.0
0.37666708036929725,3.123800877562911e-19,0.0005244292761569225,0.009454484474302784,2.6451738611736918e-20,1.4043125259387942e-05,arith,0.026221463807846124,1.3277050973557255e-07,True,0.02510037369082874,0.55208333335,1.06,-4.146633778694212e-17,-0.018178054529807884,4.568350228638379e-09,True,False,26,1.1041666667,422,0.0007021562629693971,0.035107813148469856,0.0007021562629693971,0.0007021562629693971,0.0,3.713350341194448,1.1287231555455008,-1.3380061962575056e-05,-1.3380061962575056e-05,0.4999590008347034,0.3619992363507824,0.0,0.20551851175512315,0.3619992363507824,True,0.009454484474302784,0.008670396780441063,success,0.9999180016694069,0.9999180016694069,0.5,3.7865208470340065e-15,0.02,"[0.005, 0.0075, 0.01, 0.015, 0.02, 0.03, 0.05, 0.08]",0.02677792010830815,0.0013922885845047944,False,8.293267557388424e-19,0.0001975352443102119,True,success,7.259444865346451e-17,-1.3988990454018164e-16,0.0014853401364777793,2.797798090803633e-18,0.0
0.3843980251486526,-8.521160044301814e-20,0.001215915324741449,0.009886378958919945,-6.5804108975281965e-21,3.370874238816539e-05,arith,0.04053051082471497,3.332574014780112e-07,True,0.02571912005816557,0.55208333335,1.06,7.389181253820222e-18,-0.017844611552890223,4.568350228638379e-09,True,False,26,1.1041666667,422,0.0011236247462721796,0.037454158209072656,0.0011236247462721796,0.0011236247462721796,0.0,3.7884607058562927,1.151553968699538,-1.3380061962575056e-05,-1.3380061962575056e-05,0.4999590008347034,0.3619992363507824,0.0,0.20551851175512315,0.3619992363507824,True,0.009886378958919945,0.008670396780441063,success,0.9999180016694069,0.9999180016694069,0.5,3.7865208470340065e-15,0.03,"[0.005, 0.0075, 0.01, 0.015, 0.02, 0.03, 0.05, 0.08]",0.027722935719502656,0.0031631674597475774,False,-2.2167543761460665e-19,0.0004673954495785956,True,success,-1.1398904393083297e-17,2.2186791628061313e-17,0.003409614635270664,-6.656037488418394e-19,0.0
0.39607657642294325,1.6979304874097819e-18,0.0034892571326020872,0.010556661211946117,-1.434000309920982e-20,0.00010044487804935108,arith,0.06978514265204175,1.0603625480422425e-06,True,0.02665308134928276,0.55208333335,1.06,-8.573748555111107e-17,-0.0167422029242461,4.568350228638379e-09,True,False,26,1.1041666667,422,0.0020088975609870215,0.04017795121974043,0.002008897560987022,0.0020088975609870215,0.0,3.8059335629975797,1.156865080401044,-1.3380061962575056e-05,-1.3380061962575056e-05,0.49995900083470346,0.3619992363507824,0.0,0.20551851175512315,0.3619992363507824,True,0.010556661211946117,0.008670396780441063,success,0.9999180016694069,0.9999180016694069,0.5,3.7865208470340065e-15,0.05,"[0.005, 0.0075, 0.01, 0.015, 0.02, 0.03, 0.05, 0.08]",0.02878689481231928,0.00880955183998598,False,4.286874277555554e-18,0.0013820130193403705,True,success,-1.3925860973591152e-17,2.7167686470761045e-17,0.00951483390749395,-1.3583843235380521e-18,2.1588003162347583e-16
0.40724338663004583,8.962678642062438e-19,0.009109494422276083,0.011216233116570296,1.4841961104204935e-21,0.0002686179653083121,arith,0.11386868027845104,3.0128817181968208e-06,True,0.027541842261417777,0.55208333335,1.06,-2.7510203162011227e-17,-0.013986755684219657,4.568350228638379e-09,True,False,26,1.1041666667,422,0.003357724566353901,0.041971557079423766,0.003357724566353901,0.003357724566353901,0.0,3.742036799985648,1.1374427934231954,-1.3380061962575056e-05,-1.3380061962575056e-05,0.4999590008347034,0.3619992363507824,0.0,0.20551851175512315,0.3619992363507824,True,0.011216233116570296,0.008670396780441063,success,0.9999180016694069,0.9999180016694069,0.5,3.7865208470340065e-15,0.08,"[0.005, 0.0075, 0.01, 0.015, 0.02, 0.03, 0.05, 0.08]",0.02948769194604717,0.022368673676096962,False,2.200816252960898e-18,0.0037097813590152248,True,success,8.550672012174439e-19,-1.6540714861612242e-18,0.023949035519908148,1.3232571889289793e-19,0.0
0.039670975828681725,6.442679731567666e-20,1.1287527451456945e-05,2.3973963709660583e-06,-3.947134170172087e-24,2.4471473769672354e-10,typ,0.0022575054902913886,5.866782240760358e-16,True,6.0431998983820414e-05,0.55208333335,1.06,-3.248057098161761e-16,-0.0008101241990117816,4.42121400153135e-09,True,False,27,1.1041666667,328,4.8942947539344705e-08,9.78858950786894e-06,4.8942947539344705e-08,4.8942947539344705e-08,0.0,4.08300839461291,1.241085730091344,-0.5296502062286257,-0.5296502062286257,0.49995936259338036,0.022301840352109557,0.0,0.005997037289537141,0.005997037289537141,True,2.3973963709660583e-06,2.247811760660998e-06,success,0.9999187251867607,0.030921036342739468,0.5,1.2459906892952379e-14,0.005,"[0.005, 0.0075, 0.01, 0.015, 0.02, 0.03, 0.05, 0.08]",2.1680101222268732e-05,0.00028452860600661537,False,1.6240285490808805e-18,4.477872286923299e-07,True,success,-1.6296033349249418e-16,3.2928507091896066e-16,0.00010207520986532274,-1.6464253545948031e-18,0.0
0.07658815470422971,6.96419901320645e-20,4.7660483201684713e-05,2.6211251452778355e-06,-6.220010465486634e-26,7.118270282028926e-10,typ,0.006354731093557962,1.865787722710997e-15,True,3.422363621894496e-05,0.55208333335,1.06,-1.2124066339154735e-16,-0.0007996198851062397,4.42121400153135e-09,True,False,27,1.1041666667,328,9.491027042705235e-08,1.265470272360698e-05,9.491027042705235e-08,9.491027042705235e-08,0.0,4.827965862830102,1.4675256474202396,-0.5296502062286257,-0.5296502062286257,0.49995936259338036,0.022301840352109557,0.0,0.005997037289537141,0.005997037289537141,True,2.6211251452778355e-06,2.247811760660998e-06,success,0.9999187251867607,0.030921036342739468,0.5,1.2459906892952379e-14,0.0075,"[0.005, 0.0075, 0.01, 0.015, 0.02, 0.03, 0.05, 0.08]",1.4935371619936299e-05,0.0006222957503773437,False,9.09304975436605e-19,3.6502284607289702e-06,True,success,-1.4399917366476735e-18,3.164040947169819e-18,0.0002715730797841932,-2.373030710377364e-20,0.0
0.11998793276138915,-1.4187801866510672e-19,0.00011069925307473606,2.916486360378908e-06,-4.316848821761239e-24,1.5773639556906906e-09,typ,0.011069925307473605,4.600360462125219e-15,True,2.430649727234406e-05,0.55208333335,1.06,1.1824357283265202e-16,-0.0007778689980298334,4.42121400153135e-09,True,False,27,1.1041666667,328,1.5773639556906906e-07,1.5773639556906905e-05,1.5773639556906906e-07,1.5773639556906906e-07,0.0,5.408439336866162,1.6439684258071798,-0.5296502062286257,-0.5296502062286257,0.49995936259338036,0.022301840352109557,0.0,0.005997037289537141,0.005997037289537141,True,2.916486360378908e-06,2.247811760660998e-06,success,0.9999187251867607,0.030921036342739468,0.5,1.2459906892952379e-14,0.01,"[0.005, 0.0075, 0.01, 0.015, 0.02, 0.03, 0.05, 0.08]",1.4249093032504652e-05,0.0009225865512232402,False,-1.1824357283265203e-18,1.3282574534667431e-05,True,success,-6.364596982792196e-17,1.4801539552547048e-16,0.0005408439336866161,-1.4801539552547047e-18,0.0
0.19497090355790933,-3.2394149997122047e-18,0.0003041873284247679,3.6121773755484603e-06,-8.275378069540268e-24,4.987320886850771e-09,typ,0.02027915522831786,1.8015087672082638e-14,True,1.8526750964538606e-05,0.55208333335,1.06,1.1076575839772416e-15,-0.0006992298446642092,4.42121400153135e-09,True,False,27,1.1041666667,328,3.324880591233848e-07,2.2165870608225654e-05,3.324880591233848e-07,3.324880591233848e-07,0.0,6.136429168254803,1.8652507999948287,-0.5296502062286257,-0.5296502062286257,0.49995936259338036,0.022301840352109557,0.0,0.005997037289537141,0.005997037289537141,True,3.6121773755484603e-06,2.247811760660998e-06,success,0.9999187251867607,0.030921036342739468,0.5,1.2459906892952379e-14,0.015,"[0.005, 0.0075, 0.01, 0.015, 0.02, 0.03, 0.05, 0.08]",1.639555767387675e-05,0.001560167814139609,False,-1.6614863759658625e-17,5.930767827384351e-05,True,success,-6.165519194143966e-17,1.5273111310568397e-16,0.0013806965628573305,-2.2909666965852594e-18,0.0
0.2481066961819778,-3.4171389764265847e-18,0.0005780739577618691,4.370213279469995e-06,-4.698890213707509e-23,1.1489346046710963e-08,typ,0.028903697888093452,5.021089266576234e-14,True,1.7614249622124638e-05,0.55208333335,1.06,6.886430372520518e-16,-0.0005760753804466348,4.42121400153135e-09,True,False,27,1.1041666667,328,5.744673023355481e-07,2.8723365116777405e-05,5.744673023355481e-07,5.744673023355481e-07,0.0,6.572531654624617,1.997810060319897,-0.5296502062286257,-0.5296502062286257,0.49995936259338036,0.022301840352109557,0.0,0.005997037289537141,0.005997037289537141,True,4.370213279469995e-06,2.247811760660998e-06,success,0.9999187251867607,0.030921036342739468,0.5,1.2459906892952379e-14,0.02,"[0.005, 0.0075, 0.01, 0.015, 0.02, 0.03, 0.05, 0.08]",1.9875218200789226e-05,0.0023299409756271615,False,-1.3772860745041036e-17,0.00014342401980913753,True,success,-2.096989842998704e-16,5.376042212609557e-16,0.002629012661849847,-1.0752084425219116e-17,0.0
0.31258343154626894,-7.73604844183595e-18,0.0013572409350651065,5.973606196346632e-06,-2.9794073241731686e-23,3.8225779493139035e-08,typ,0.04524136450217023,2.2834575324039533e-13,True,1.9110437705532746e-05,0.55208333335,1.06,8.249582523261848e-16,-0.0002046933798165937,4.42121400153135e-09,True,False,27,1.1041666667,328,1.2741926497713011e-06,4.247308832571004e-05,1.2741926497713011e-06,1.2741926497713011e-06,0.0,7.110125262640504,2.1612189223680707,-0.5296502062286257,-0.5296502062286257,0.4999593625933805,0.022301840352109557,0.0,0.005997037289537141,0.005997037289537141,True,5.973606196346632e-06,2.247811760660998e-06,success,0.9999187251867607,0.030921036342739468,0.5,1.2459906892952379e-14,0.03,"[0.005, 0.0075, 0.01, 0.015, 0.02, 0.03, 0.05, 0.08]",2.8164328458974266e-05,0.004342011757792755,False,-2.4748747569785544e-17,0.0004242510289177178,True,success,-6.234956265721008e-17,1.6625397491581828e-16,0.006399112736376454,-4.987619247474548e-18,0.0
0.3717548902272189,-5.290223676458232e-18,0.0038378933706839364,9.387023803615471e-06,-9.676336994388314e-23,1.7522014225503777e-07,typ,0.07675786741367872,1.6447956462209286e-12,True,2.5250572488442757e-05,0.55208333335,1.06,2.846081552941947e-16,0.0010165455305528454,4.42121400153135e-09,True,False,27,1.1041666667,328,3.5044028451007553e-06,7.00880569020151e-05,3.5044028451007553e-06,3.5044028451007553e-06,0.0,7.4664833464063705,2.26953879091109,-0.5296502062286257,-0.5296502062286257,0.49995936259338036,0.022301840352109557,0.0,0.005997037289537141,0.005997037289537141,True,9.387023803615471e-06,2.247811760660998e-06,success,0.9999187251867607,0.030921036342739468,0.5,1.2459906892952379e-14,0.05,"[0.005, 0.0075, 0.01, 0.015, 0.02, 0.03, 0.05, 0.08]",4.565529193527658e-05,0.010323719933685855,False,-1.4230407764709737e-17,0.001426755628722378,True,success,-7.544926460325728e-17,2.061641090259388e-16,0.01866620836601593,-1.030820545129694e-17,0.0
0.407505620899075,-7.761005969546432e-18,0.009869542056841863,1.4427777531554664e-05,-5.280439244681174e-22,6.208196273963271e-07,typ,0.12336927571052328,8.957047471296867e-12,True,3.540510067007867e-05,0.55208333335,1.06,2.380643840084774e-16,0.004019422123435139,4.42121400153135e-09,True,False,27,1.1041666667,328,7.76024534245409e-06,9.700306678067612e-05,7.76024534245409e-06,7.76024534245409e-06,0.0,6.7233547626114225,2.0436547877854148,-0.5296502062286257,-0.5296502062286257,0.4999593625933804,0.022301840352109557,0.0,0.005997037289537141,0.005997037289537141,True,1.4427777531554664e-05,2.247811760660998e-06,success,0.9999187251867607,0.030921036342739468,0.5,1.2459906892952379e-14,0.08,"[0.005, 0.0075, 0.01, 0.015, 0.02, 0.03, 0.05, 0.08]",6.290257681874473e-05,0.024219401035663765,False,-1.904515072067819e-17,0.004021893863862877,True,success,-1.7643616610548092e-16,4.574889681668266e-16,0.0430294704807131,-3.659911745334613e-17,0.0
0.3974093178337881,-3.1710847661621154e-20,3.28347967899775e-05,0.010581306310170926,5.262615145528994e-21,8.788763891229335e-07,arith,0.0065669593579955,9.299660282086734e-09,True,0.02662571267288815,0.55208333335,1.08,1.595878417470013e-17,-0.01877028588438944,4.625712780564661e-09,True,False,28,1.1041666667,417,0.0001757752778245867,0.03515505556491734,0.0001757752778245867,0.0001757752778245867,0.0,3.322373867121276,1.009880558157296,-1.3525295700621883e-05,-1.3525295700621883e-05,0.499958990144297,0.3967718027626967,0.0,0.22779570194300996,0.3967718027626967,True,0.010581306310170926,0.010544740791409615,success,0.9999179802885941,0.9999179802885941,0.5,3.2253320926766223e-15,0.005,"[0.005, 0.0075, 0.01, 0.015, 0.02, 0.03, 0.05, 0.08]",0.02676661575658668,8.262211104901743e-05,False,-7.979392087350064e-20,1.3048854193516014e-05,True,success,5.457177366872332e-17,-9.947004634901234e-17,8.30593466780319e-05,4.973502317450617e-19,0.0
0.3980963796867898,1.4132215329345967e-19,7.43053603796652e-05,0.01062094970666978,-1.7718208720885853e-21,2.0023291964157847e-06,arith,0.00990738138395536,2.1266637691328563e-08,True,0.026679342613027582,0.55208333335,1.08,-4.733264288232502e-17,-0.01874970226944532,4.625712780564661e-09,True,False,28,1.1041666667,417,0.0002669772261887713,0.03559696349183617,0.0002669772261887713,0.0002669772261887713,0.0,3.351580082286038,1.0187581830279158,-1.3525295700621883e-05,-1.3525295700621883e-05,0.499958990144297,0.3967718027626967,0.0,0.22779570194300996,0.3967718027626967,True,0.01062094970666978,0.010544740791409615,success,0.9999179802885941,0.9999179802885941,0.5,3.2253320926766223e-15,0.0075,"[0.005, 0.0075, 0.01, 0.015, 0.02, 0.03, 0.05, 0.08]",0.026947304826796217,0.0001866516858006255,False,3.5499482161743764e-19,2.9580694958466945e-05,True,success,-1.2149835480260744e-17,2.224309402357759e-17,0.00018852637962858964,-1.6682320517683192e-19,0.0
0.39892621467256995,-1.876177978168397e-19,0.00013291781598123161,0.010669088906717618,4.513097422088961e-21,3.607820427111581e-06,arith,0.013291781598123161,3.849215689632539e-08,True,0.0267445169414965,0.55208333335,1.08,4.703070164762984e-17,-0.01872071219403952,4.625712780564661e-09,True,False,28,1.1041666667,417,0.0003607820427111581,0.036078204271115806,0.0003607820427111581,0.0003607820427111581,0.0,3.3815637479972405,1.0278721245273013,-1.3525295700621883e-05,-1.3525295700621883e-05,0.499958990144297,0.3967718027626967,0.0,0.22779570194300996,0.3967718027626967,True,0.010669088906717618,0.010544740791409615,success,0.9999179802885941,0.9999179802885941,0.5,3.2253320926766223e-15,0.01,"[0.005, 0.0075, 0.01, 0.015, 0.02, 0.03, 0.05, 0.08]",0.027143241863235367,0.00033318897353067583,False,-4.703070164762984e-19,5.302440119193795e-05,True,success,2.30032174508415e-17,-4.230068248140066e-17,0.00033815637479972407,4.230068248140066e-19,0.0
0.4007995410165446,3.1134719640019086e-19,0.0003026363741164211,0.010778593630719166,-3.398746426854111e-21,8.329833066161372e-06,arith,0.020175758274428076,8.978388563188086e-08,True,0.026892729476140385,0.55208333335,1.08,-5.178768345734188e-17,-0.018637101314725832,4.625712780564661e-09,True,False,28,1.1041666667,417,0.0005553222044107582,0.03702148029405055,0.0005553222044107582,0.0005553222044107582,0.0,3.4347227071014843,1.044030510500211,-1.3525295700621883e-05,-1.3525295700621883e-05,0.4999589901442971,0.3967718027626967,0.0,0.22779570194300996,0.3967718027626967,True,0.010778593630719166,0.010544740791409615,success,0.9999179802885941,0.9999179802885941,0.5,3.2253320926766223e-15,0.015,"[0.005, 0.0075, 0.01, 0.015, 0.02, 0.03, 0.05, 0.08]",0.027524229664993842,0.0007550816384391234,False,7.768152518601282e-19,0.00012129651984077286,True,success,-1.1342781486206423e-17,2.1021582489003198e-17,0.0007728126090978338,-3.1532373733504793e-19,0.0
0.4027458937164919,2.3495104210097336e-19,0.0005435491534978676,0.010893369008062146,-1.2631699251473387e-20,1.5141559420402905e-05,arith,0.02717745767489338,1.6494259412394843e-07,True,0.02704774692434332,0.55208333335,1.08,-2.916864526325429e-17,-0.01851875886056744,4.625712780564661e-09,True,False,28,1.1041666667,417,0.0007570779710201452,0.037853898551007265,0.0007570779710201452,0.0007570779710201452,0.0,3.4749487071439256,1.0562577483127018,-1.3525295700621883e-05,-1.3525295700621883e-05,0.4999589901442971,0.3967718027626967,0.0,0.22779570194300996,0.3967718027626967,True,0.010893369008062146,0.010544740791409615,success,0.9999179802885941,0.9999179802885941,0.5,3.2253320926766223e-15,0.02,"[0.005, 0.0075, 0.01, 0.015, 0.02, 0.03, 0.05, 0.08]",0.027856835620041688,0.0013496081821767559,False,5.833729052650859e-19,0.0002189121896043413,True,success,-3.110250486467172e-17,5.797884585624845e-17,0.0013899794828575703,-1.159576917124969e-18,0.0
0.4064148158105914,3.1075377949813367e-19,0.0012419072868570234,0.01111200505441006,2.3914613034965614e-20,3.522597341080894e-05,arith,0.04139690956190078,3.9143119458742327e-07,True,0.027341535352856775,0.55208333335,1.08,-2.5487405757943602e-17,-0.018176068272085177,4.625712780564661e-09,True,False,28,1.1041666667,417,0.0011741991136936312,0.03913997045645438,0.0011741991136936312,0.0011741991136936312,0.0,3.5223139536748826,1.070655056838785,-1.3525295700621883e-05,-1.3525295700621883e-05,0.4999589901442971,0.3967718027626967,0.0,0.22779570194300996,0.3967718027626967,True,0.01111200505441006,0.010544740791409615,success,0.9999179802885941,0.9999179802885941,0.5,3.2253320926766223e-15,0.03,"[0.005, 0.0075, 0.01, 0.015, 0.02, 0.03, 0.05, 0.08]",0.02836441478651569,0.003055762827888172,False,7.64622172738308e-19,0.0005047295212418284,True,success,3.822395677464928e-17,-7.173806742607789e-17,0.0031700825583073945,2.1521420227823366e-18,0.0
0.4122528264557612,-1.1215245108097352e-19,0.003509489749513381,0.011465288003379205,8.269324583693569e-20,0.00010160728204053527,arith,0.07018979499026762,1.1649567518353164e-06,True,0.027811302355278195,0.55208333335,1.08,5.440954864769548e-18,-0.01706058645237276,4.625712780564661e-09,True,False,28,1.1041666667,417,0.0020321456408107052,0.0406429128162141,0.0020321456408107052,0.0020321456408107052,0.0,3.5448662784777207,1.0775101415675148,-1.3525295700621883e-05,-1.3525295700621883e-05,0.49995899014429707,0.3967718027626967,0.0,0.22779570194300996,0.3967718027626967,True,0.011465288003379205,0.010544740791409615,success,0.9999179802885941,0.9999179802885941,0.5,3.2253320926766223e-15,0.05,"[0.005, 0.0075, 0.01, 0.015, 0.02, 0.03, 0.05, 0.08]",0.028952152390421978,0.008512954973978774,False,-2.7204774323847743e-19,0.0014467970686544128,True,success,7.661523492419231e-17,-1.442497490033625e-16,0.008862165696194304,7.212487450168125e-18,0.0
0.41798099394548466,2.3216862801460313e-18,0.009072092631614594,0.011819115929694975,-2.435029996901549e-20,0.00026611352161372146,arith,0.11340115789518243,3.1452265624119633e-06,True,0.028276682674323914,0.55208333335,1.08,-6.943157445481954e-17,-0.014305943619908057,4.625712780564661e-09,True,False,28,1.1041666667,417,0.0033264190201715183,0.04158023775214398,0.0033264190201715183,0.0033264190201715183,0.0,3.5180497424240995,1.0693588920450938,-1.3525295700621883e-05,-1.3525295700621883e-05,0.4999589901442971,0.3967718027626967,0.0,0.22779570194300996,0.3967718027626967,True,0.011819115929694975,0.010544740791409615,success,0.9999179802885941,0.9999179802885941,0.5,3.2253320926766223e-15,0.08,"[0.005, 0.0075, 0.01, 0.015, 0.02, 0.03, 0.05, 0.08]",0.029333201546726296,0.021704557774217422,False,5.554525956385563e-18,0.0037919622953277755,True,success,-1.3730246942980454e-17,2.5753089437760422e-17,0.022515518351514236,-2.060247155020834e-18,0.0
0.1317975670010225,1.082162396793737e-19,2.5594744868894147e-05,5.173316670563709e-06,-2.109651034376914e-23,5.517811240247731e-10,typ,0.005118948973778829,2.8545384874197396e-15,True,3.925198915488003e-05,0.55208333335,1.08,-1.6421583818544109e-16,-0.0007718711698815675,4.366352389400961e-09,True,False,29,1.1041666667,304,1.103562248049546e-07,2.207124496099092e-05,1.103562248049546e-07,1.103562248049546e-07,0.0,4.266362638609929,1.2968187371742161,-0.6412199131456673,-0.6412199131456673,0.49995954479889915,0.05198409668002812,0.0,0.008548479175169585,0.008548479175169585,True,5.173316670563709e-06,4.567418272863403e-06,success,0.9999190895977997,0.028082732911090643,0.5,1.4091055270133629e-14,0.005,"[0.005, 0.0075, 0.01, 0.015, 0.02, 0.03, 0.05, 0.08]",2.1558375629497473e-05,0.0001941974002349799,False,8.210791909272054e-19,3.373325101732153e-06,True,success,-3.9485957289908394e-16,8.155893670228529e-16,0.00010665906596524825,-4.077946835114264e-18,0.0
0.19440542735003138,-1.1763964148382147e-18,7.145623271241206e-05,5.734702946648173e-06,-2.7334118718329444e-23,1.4948630771235965e-09,typ,0.009527497694988275,8.572595693216244e-15,True,2.949867719651011e-05,0.55208333335,1.08,8.068337260427654e-16,-0.0007535423509837103,4.366352389400961e-09,True,False,29,1.1041666667,304,1.9931507694981287e-07,2.6575343593308382e-05,1.9931507694981284e-07,1.9931507694981287e-07,0.0,4.634127319330668,1.4086057954316313,-0.6412199131456673,-0.6412199131456673,0.49995954479889915,0.05198409668002812,0.0,0.008548479175169585,0.008548479175169585,True,5.734702946648173e-06,4.567418272863403e-06,success,0.9999190895977997,0.028082732911090643,0.5,1.4091055270133629e-14,0.0075,"[0.005, 0.0075, 0.01, 0.015, 0.02, 0.03, 0.05, 0.08]",2.0919981650025282e-05,0.00036756295174698747,False,-6.0512529453207405e-18,1.3891479457279759e-05,True,success,-2.9522212739547574e-16,6.35525361357051e-16,0.00026066966171235006,-4.766440210177883e-18,1.3280369958345862e-16
0.2414184283969603,-2.051513798249926e-18,0.0001377204715447111,6.302938302820396e-06,-2.7426207184961424e-23,3.0578565753364096e-09,typ,0.01377204715447111,1.9273481333219056e-14,True,2.610794190266445e-05,0.55208333335,1.08,8.497751442887599e-16,-0.0007243808656890866,4.366352389400961e-09,True,False,29,1.1041666667,304,3.0578565753364093e-07,3.057856575336409e-05,3.0578565753364093e-07,3.0578565753364093e-07,0.0,4.851477879718575,1.4746724435631158,-0.6412199131456673,-0.6412199131456673,0.49995954479889915,0.05198409668002812,0.0,0.008548479175169585,0.008548479175169585,True,6.302938302820396e-06,4.567418272863403e-06,success,0.9999190895977997,0.028082732911090643,0.5,1.4091055270133629e-14,0.01,"[0.005, 0.0075, 0.01, 0.015, 0.02, 0.03, 0.05, 0.08]",2.2203355398356104e-05,0.0005704637896087188,False,-8.497751442887599e-18,3.324825979841244e-05,True,success,-1.975539277410179e-16,4.351336768232196e-16,0.00048514778797185764,-4.351336768232196e-18,0.0
0.30143844442211803,-3.9847746642004975e-18,0.0003280609947874271,7.377764647150624e-06,-3.763949995414354e-23,8.463341810291198e-09,typ,0.021870732985828475,6.244054400471816e-14,True,2.447519479903898e-05,0.55208333335,1.08,8.812799070447332e-16,-0.0006351162713642833,4.366352389400961e-09,True,False,29,1.1041666667,304,5.642227873527466e-07,3.76148524901831e-05,5.642227873527466e-07,5.642227873527466e-07,0.0,5.098407754808279,1.549730125225346,-0.6412199131456673,-0.6412199131456673,0.49995954479889915,0.05198409668002812,0.0,0.008548479175169585,0.008548479175169585,True,7.377764647150624e-06,4.567418272863403e-06,success,0.9999190895977997,0.028082732911090643,0.5,1.4091055270133629e-14,0.015,"[0.005, 0.0075, 0.01, 0.015, 0.02, 0.03, 0.05, 0.08]",2.579807397028461e-05,0.0010883183643557697,False,-1.3219198605670998e-17,9.88901959442946e-05,True,success,-1.5062966355651109e-16,3.4011656876477114e-16,0.0011471417448318626,-5.101748531471567e-18,0.0
0.33662009198421594,-2.8249446678066167e-18,0.0005943845149700113,8.364720649178139e-06,-3.778264103950856e-23,1.7545178918199448e-08,typ,0.029719225748500566,1.4676052039058788e-13,True,2.4849142544855462e-05,0.55208333335,1.08,4.1960428611894587e-16,-0.0005060776865115496,4.366352389400961e-09,True,False,29,1.1041666667,304,8.772589459099724e-07,4.3862947295498616e-05,8.772589459099726e-07,8.772589459099724e-07,0.0,5.243803007313615,1.5939249824647976,-0.6412199131456673,-0.6412199131456673,0.49995954479889915,0.05198409668002812,0.0,0.008548479175169585,0.008548479175169585,True,8.364720649178139e-06,4.567418272863403e-06,success,0.9999190895977997,0.028082732911090643,0.5,1.4091055270133629e-14,0.02,"[0.005, 0.0075, 0.01, 0.015, 0.02, 0.03, 0.05, 0.08]",2.9518230162985758e-05,0.0017657428333121656,False,-8.392085722378917e-18,0.00020008177010319878,True,success,-9.862515316882207e-17,2.2584520526229905e-16,0.002097521202925446,-4.516904105245981e-18,2.41386238123705e-16
0.3751995403561959,-1.3861037025594043e-18,0.0013544644578388036,1.0142603631286883e-05,-8.336465550895786e-23,4.9406171508338926e-08,typ,0.045148815261293454,5.011072145484609e-13,True,2.703255878634072e-05,0.55208333335,1.08,1.2314369230867625e-16,-0.0001315587564328924,4.366352389400961e-09,True,False,29,1.1041666667,304,1.6468723836112977e-06,5.489574612037659e-05,1.6468723836112977e-06,1.6468723836112977e-06,0.0,5.4123919376125205,1.6451698723654398,-0.6412199131456673,-0.6412199131456673,0.49995954479889915,0.05198409668002812,0.0,0.008548479175169585,0.008548479175169585,True,1.0142603631286883e-05,4.567418272863403e-06,success,0.9999190895977997,0.028082732911090643,0.5,1.4091055270133629e-14,0.03,"[0.005, 0.0075, 0.01, 0.015, 0.02, 0.03, 0.05, 0.08]",3.647653596401628e-05,0.0036099843207508782,False,-3.694310769260287e-18,0.0005081944420099232,True,success,-1.1776510730894024e-16,2.739751992009986e-16,0.004871152743851267,-8.219255976029958e-18,0.0
0.40837521472805355,-3.2960434208146223e-18,0.0037847648818384563,1.317908740460184e-05,2.0173230704061144e-23,1.797035989778354e-07,typ,0.07569529763676912,2.3683294378504107e-12,True,3.2272006060353335e-05,0.55208333335,1.08,1.6142230487761276e-16,0.0010772242264202314,4.366352389400961e-09,True,False,29,1.1041666667,304,3.594071979556708e-06,7.188143959113415e-05,3.594071979556708e-06,3.594071979556708e-06,0.0,5.454204633777205,1.6578794079654895,-0.6412199131456673,-0.6412199131456673,0.4999595447988991,0.05198409668002812,0.0,0.008548479175169585,0.008548479175169585,True,1.317908740460184e-05,4.567418272863403e-06,success,0.9999190895977997,0.028082732911090643,0.5,1.4091055270133629e-14,0.05,"[0.005, 0.0075, 0.01, 0.015, 0.02, 0.03, 0.05, 0.08]",4.748078271391698e-05,0.009267861381741344,False,-8.071115243880639e-18,0.0015456041713159758,True,success,1.3108542262958523e-17,-3.061400244908779e-17,0.013635511584443014,1.53070012245439e-18,0.0
0.42786249859103,1.4704498702026547e-18,0.009705187335616785,1.6685081582653475e-05,2.721781308976406e-22,5.28598345898385e-07,typ,0.12131484169520981,8.819706525770234e-12,True,3.899636363924901e-05,0.55208333335,1.08,-4.295918300402906e-17,0.004032777236419378,4.366352389400961e-09,True,False,29,1.1041666667,304,6.607479323729812e-06,8.259349154662265e-05,6.607479323729812e-06,6.607479323729812e-06,0.0,4.950140107944716,1.5046621647971048,-0.6412199131456673,-0.6412199131456673,0.49995954479889915,0.05198409668002812,0.0,0.008548479175169585,0.008548479175169585,True,1.6685081582653475e-05,4.567418272863403e-06,success,0.9999190895977997,0.028082732911090643,0.5,1.4091055270133629e-14,0.08,"[0.005, 0.0075, 0.01, 0.015, 0.02, 0.03, 0.05, 0.08]",5.4465547919770415e-05,0.02268295858500428,False,3.436734640322325e-18,0.004152485702711019,True,success,9.164866859142498e-17,-2.0390830091940383e-16,0.03168089669084618,1.6312664073552306e-17,0.0
0.6483227311346429,-1.51261400437532e-19,5.3319745354183256e-05,0.03240094244251585,-1.6968511667274316e-21,2.6646842158432053e-06,arith,0.010663949070836651,8.633827990501619e-08,True,0.04997656396500289,0.0,1.36,4.6662377600984716e-17,-0.19983157291090237,4.6313947946452094e-09,True,False,30,0.0,553,0.000532936843168641,0.10658736863372821,0.000532936843168641,0.000532936843168641,0.0,3.2896379117005696,0.9999300209046298,-4.991389054823385e-06,-4.991389054823385e-06,0.49995965780952106,0.648332838247381,0.0,0.37306149983471987,0.648332838247381,True,0.03240094244251585,0.032401650400531376,success,0.9999193156190421,0.9999193156190421,0.5,3.854744703630337e-15,0.005,"[0.005, 0.0075, 0.01, 0.015, 0.02, 0.03, 0.05, 0.08]",0.04997556155121706,8.224259738798187e-05,False,-2.333118880049236e-19,3.456840293142778e-05,True,success,-5.7748679153658986e-18,1.0474085250686154e-17,8.224094779251424e-05,-5.2370426253430774e-20,0.0
0.6483100849645579,-9.324773958085779e-19,0.00011995958063776708,0.03240005647181862,-2.679899748549299e-20,5.994849430603885e-06,arith,0.01599461075170228,1.9423346009161558e-07,True,0.04997617224108103,0.0,1.36,1.9177600707528817e-16,-0.19979824943705546,4.6313947946452094e-09,True,False,30,0.0,553,0.0007993132574138514,0.10657510098851351,0.0007993132574138514,0.0007993132574138514,0.0,3.2893492355858056,0.9998422738877184,-4.991389054823385e-06,-4.991389054823385e-06,0.499959657809521,0.648332838247381,0.0,0.37306149983471987,0.648332838247381,True,0.03240005647181862,0.032401650400531376,success,0.9999193156190421,0.9999193156190421,0.5,3.854744703630337e-15,0.0075,"[0.005, 0.0075, 0.01, 0.015, 0.02, 0.03, 0.05, 0.08]",0.0499739112018579,0.00018503426588578379,False,-1.4383200530646612e-18,7.77710059155835e-05,True,success,-6.080741264269161e-17,1.1028374804964759e-16,0.00018502589450170156,-8.271281103723569e-19,0.0
0.6482923573235996,3.726944967917544e-20,0.00021323689787702886,0.03239881419577207,-1.4505439221730453e-20,1.0655786610319992e-05,arith,0.021323689787702885,3.452348504975533e-07,True,0.04997562261805283,0.0,1.36,-5.748864576012908e-18,-0.19975160117579657,4.6313947946452094e-09,True,False,30,0.0,553,0.0010655786610319993,0.10655786610319992,0.0010655786610319993,0.0010655786610319993,0.0,3.2889433995737214,0.9997189145323911,-4.991389054823385e-06,-4.991389054823385e-06,0.49995965780952106,0.648332838247381,0.0,0.37306149983471987,0.648332838247381,True,0.03239881419577207,0.032401650400531376,success,0.9999193156190421,0.9999193156190421,0.5,3.854744703630337e-15,0.01,"[0.005, 0.0075, 0.01, 0.015, 0.02, 0.03, 0.05, 0.08]",0.0499715889529825,0.0003289208880347639,False,5.748864576012908e-20,0.00013823985119307071,True,success,-2.468729852355932e-17,4.47715127290781e-17,0.0003288943399573721,-4.47715127290781e-19,0.0
0.6482415579803112,-2.1823604180322175e-18,0.00047962395557238477,0.032395252418615926,-4.575603840457436e-20,2.396435205367923e-05,arith,0.03197493037149232,7.763312338275157e-07,True,0.04997404442804923,0.0,1.36,2.244390115758362e-16,-0.1996183501703991,4.6313947946452094e-09,True,False,30,0.0,553,0.0015976234702452822,0.10650823134968548,0.0015976234702452822,0.0015976234702452822,0.0,3.2877728493475344,0.9993631099291009,-4.991389054823385e-06,-4.991389054823385e-06,0.49995965780952106,0.648332838247381,0.0,0.37306149983471987,0.648332838247381,True,0.032395252418615926,0.032401650400531376,success,0.9999193156190421,0.9999193156190421,0.5,3.854744703630337e-15,0.015,"[0.005, 0.0075, 0.01, 0.015, 0.02, 0.03, 0.05, 0.08]",0.049964877223615936,0.0007398846150294983,False,-3.366585173637543e-18,0.00031091218020492227,True,success,-5.1930784835410385e-17,9.416202475866631e-17,0.0007397488911031952,-1.4124303713799946e-18,0.0
0.6481700635413424,-7.325507968807348e-19,0.0008522641257191466,0.032390234619216834,9.38524408239428e-20,4.2575097126899566e-05,arith,0.04261320628595733,1.3790173848762215e-06,True,0.04997181517802523,0.0,1.36,5.650915076811553e-17,-0.1994318734647297,4.6313947946452094e-09,True,False,30,0.0,553,0.002128754856344978,0.1064377428172489,0.002128754856344978,0.002128754856344978,0.0,3.2861059534931663,0.9988564343461817,-4.991389054823385e-06,-4.991389054823385e-06,0.499959657809521,0.648332838247381,0.0,0.37306149983471987,0.648332838247381,True,0.032390234619216834,0.032401650400531376,success,0.9999193156190421,0.9999193156190421,0.5,3.854744703630337e-15,0.02,"[0.005, 0.0075, 0.01, 0.015, 0.02, 0.03, 0.05, 0.08]",0.049955284802084554,0.0013148773349122538,False,-1.1301830153623106e-18,0.0005524120925213859,True,success,7.992096170441297e-17,-1.4487767984283292e-16,0.0013144423813972667,2.8975535968566584e-18,0.0
0.6479633070944607,-7.856047038929354e-19,0.0019149451780172814,0.0323756903517817,7.073734104323041e-20,9.560658042325649e-05,arith,0.06383150593390938,3.0953290433760664e-06,True,0.04996531438941795,0.0,1.36,4.041405304340838e-17,-0.19889957372698625,4.6313947946452094e-09,True,False,30,0.0,553,0.0031868860141085497,0.10622953380361833,0.0031868860141085497,0.0031868860141085497,0.0,3.2811511553690256,0.9973503563142414,-4.991389054823385e-06,-4.991389054823385e-06,0.499959657809521,0.648332838247381,0.0,0.37306149983471987,0.648332838247381,True,0.0323756903517817,0.032401650400531376,success,0.9999193156190421,0.9999193156190421,0.5,3.854744703630337e-15,0.03,"[0.005, 0.0075, 0.01, 0.015, 0.02, 0.03, 0.05, 0.08]",0.04992653655090365,0.0029553296568660776,False,-1.2124215913022513e-18,0.0012408142104526683,True,success,4.020641209827978e-17,-7.28296861777318e-17,0.0029530360398321224,2.184890585331954e-18,0.0
0.6472744345498577,-2.270657099103149e-18,0.005293289227834278,0.032326868098633464,-1.373078457807325e-19,0.0002637036658302811,arith,0.10586578455668555,8.524713622421614e-06,True,0.049943063364019546,0.0,1.36,7.016056800334657e-17,-0.1972014487597017,4.6313947946452094e-09,True,False,30,0.0,553,0.005274073316605622,0.10548146633211243,0.005274073316605622,0.005274073316605622,0.0,3.262965840373859,0.9918226833935843,-4.991389054823385e-06,-4.991389054823385e-06,0.4999596578095211,0.648332838247381,0.0,0.37306149983471987,0.648332838247381,True,0.032326868098633464,0.032401650400531376,success,0.9999193156190421,0.9999193156190421,0.5,3.854744703630337e-15,0.05,"[0.005, 0.0075, 0.01, 0.015, 0.02, 0.03, 0.05, 0.08]",0.04981848799110003,0.00817781291101889,False,-3.508028400167328e-18,0.003426210791855285,True,success,-4.702788574623119e-17,8.494967428443019e-17,0.008157414600934648,-4.24748371422151e-18,0.0
0.6453558375961007,-2.2187420937053876e-19,0.013320048756191234,0.03218876976259741,7.49638842830168e-20,0.0006584996485893764,arith,0.1665006094523904,2.119629357719474e-05,True,0.049877552642117594,0.0,1.36,4.2975168977513745e-18,-0.19310478420809615,4.6313947946452094e-09,True,False,30,0.0,553,0.008231245607367205,0.10289057009209006,0.008231245607367205,0.008231245607367205,0.0,3.196474138370037,0.9716116295453218,-4.991389054823385e-06,-4.991389054823385e-06,0.49995965780952106,0.648332838247381,0.0,0.37306149983471987,0.648332838247381,True,0.03218876976259741,0.032401650400531376,success,0.9999193156190421,0.9999193156190421,0.5,3.854744703630337e-15,0.08,"[0.005, 0.0075, 0.01, 0.015, 0.02, 0.03, 0.05, 0.08]",0.049436729597802875,0.02063985166045349,False,-3.4380135182010996e-19,0.008596171221872694,True,success,1.6282538681752175e-17,-2.9111039671560804e-17,0.020457434485568242,2.3288831737248647e-18,0.0
0.718840813594467,4.48986657157365e-19,6.110819994411966e-05,0.0001585091639220912,3.44628660232832e-22,1.3046742311364502e-08,typ,0.012221639988823932,2.0680282156813587e-12,True,0.0002205066280662159,0.0,1.36,-1.2491963412936097e-16,-0.171101554153315,4.505001083592044e-09,True,False,31,0.0,410,2.6093484622729004e-06,0.0005218696924545801,2.609348462272901e-06,2.6093484622729004e-06,0.0,3.2923629116552795,1.0007583215671394,-0.9500829997417609,-0.9500829997417609,0.4999599688293036,0.6519647891011335,0.0,0.0495951793104742,0.0495951793104742,True,0.0001585091639220912,0.0001538858482146104,success,0.9999199376586071,0.022616546461499663,0.5,1.1362570007890428e-14,0.005,"[0.005, 0.0075, 0.01, 0.015, 0.02, 0.03, 0.05, 0.08]",0.00021350231758250258,8.500936339237099e-05,False,6.245981706468049e-19,4.3927068165124344e-05,True,success,2.3964764289737856e-16,-4.3483752195200573e-16,8.230907279138199e-05,2.1741876097600286e-18,1.6230736513368614e-16
0.7264882250026569,-1.8663841597156474e-19,0.0001353929852059646,0.0001584223051171191,3.491542290283401e-22,2.8686615160776935e-08,typ,0.018052398027461947,4.5445996997779784e-12,True,0.00021806589517199638,0.0,1.36,3.4253992388453316e-17,-0.1710637271791471,4.505001083592044e-09,True,False,31,0.0,410,3.8248820214369245e-06,0.0005099842695249233,3.8248820214369245e-06,3.8248820214369245e-06,0.0,3.2191443569003746,0.9785025496700945,-0.9500829997417609,-0.9500829997417609,0.4999599688293036,0.6519647891011335,0.0,0.0495951793104742,0.0495951793104742,True,0.0001584223051171191,0.0001538858482146104,success,0.9999199376586071,0.022616546461499663,0.5,1.1362570007890428e-14,0.0075,"[0.005, 0.0075, 0.01, 0.015, 0.02, 0.03, 0.05, 0.08]",0.0002118766723190115,0.00018636638633127116,False,-2.5690494291339985e-19,9.83614095000922e-05,True,success,1.6378325160302154e-16,-2.9385948632272533e-16,0.0001810768700756461,2.2039461474204402e-18,0.0
0.7279014056085095,-1.3976043629695963e-19,0.0002397966383809344,0.0001576086299466919,6.472688293227442e-22,4.971701973738749e-08,typ,0.02397966383809344,7.835831365842282e-12,True,0.00021652469514732504,0.0,1.36,1.9200462482981882e-17,-0.1710112040941486,4.505001083592044e-09,True,False,31,0.0,410,4.971701973738749e-06,0.0004971701973738749,4.9717019737387496e-06,4.971701973738749e-06,0.0,3.1544604984005833,0.9588410143528375,-0.9500829997417609,-0.9500829997417609,0.4999599688293036,0.6519647891011335,0.0,0.0495951793104742,0.0495951793104742,True,0.0001576086299466919,0.0001538858482146104,success,0.9999199376586071,0.022616546461499663,0.5,1.1362570007890428e-14,0.01,"[0.005, 0.0075, 0.01, 0.015, 0.02, 0.03, 0.05, 0.08]",0.0002073299278633272,0.00032943560286227187,False,-1.920046248298188e-19,0.0001745483101376776,True,success,2.3122892099174613e-16,-4.1068108360669745e-16,0.0003154460498400584,4.106810836066974e-18,1.7037082104447353e-16
0.7282081400224005,-1.084224036064964e-19,0.0005392588097112348,0.0001551056736797303,1.0620998904414768e-21,1.0476243014540495e-07,typ,0.03595058731408232,1.6249247304028722e-11,True,0.00021299634699903117,0.0,1.36,9.925953643158599e-18,-0.17086140427668867,4.505001083592044e-09,True,False,31,0.0,410,6.984162009693664e-06,0.00046561080064624427,6.984162009693664e-06,6.984162009693664e-06,0.0,3.0018940609977944,0.9124663782876019,-0.9500829997417609,-0.9500829997417609,0.4999599688293035,0.6519647891011335,0.0,0.0495951793104742,0.0495951793104742,True,0.0001551056736797303,0.0001538858482146104,success,0.9999199376586071,0.022616546461499663,0.5,1.1362570007890428e-14,0.015,"[0.005, 0.0075, 0.01, 0.015, 0.02, 0.03, 0.05, 0.08]",0.00019427115191962037,0.0007405284012544087,False,-1.4888930464737897e-19,0.00039269265481051195,True,success,2.6348065828632104e-16,-4.56505927107284e-16,0.0006754261637245036,6.8475889066092585e-18,0.0
0.7282822376883714,-1.003273046184862e-18,0.0009590084206343489,0.00015182348621520553,7.120338714110706e-22,1.712619474581087e-07,typ,0.04795042103171744,2.600158591909542e-11,True,0.00020846792405250188,0.0,1.36,6.887941200991901e-17,-0.17065165731362097,4.505001083592044e-09,True,False,31,0.0,410,8.563097372905435e-06,0.00042815486864527174,8.563097372905435e-06,8.563097372905435e-06,0.0,2.8200832382308376,0.8572025150023959,-0.9500829997417609,-0.9500829997417609,0.49995996882930355,0.6519647891011335,0.0,0.0495951793104742,0.0495951793104742,True,0.00015182348621520553,0.0001538858482146104,success,0.9999199376586071,0.022616546461499663,0.5,1.1362570007890428e-14,0.02,"[0.005, 0.0075, 0.01, 0.015, 0.02, 0.03, 0.05, 0.08]",0.00017858231875047062,0.001316808746672611,False,-1.3775882401983802e-18,0.0006984287985415745,True,success,1.3963707230010817e-16,-2.344939802007255e-16,0.001128033295292335,4.6898796040145105e-18,0.0
0.7284633125895131,4.166084457790796e-19,0.0021596008501736474,0.00014372939928214144,6.679100957582004e-22,3.143336221086987e-07,typ,0.07198669500578825,4.517898267986292e-11,True,0.00019730492503626263,0.0,1.36,-1.9063346022562483e-17,-0.17005201114596621,4.505001083592044e-09,True,False,31,0.0,410,1.0477787403623291e-05,0.0003492595801207764,1.0477787403623291e-05,1.0477787403623291e-05,0.0,2.429980100558121,0.7386253800476273,-0.9500829997417609,-0.9500829997417609,0.4999599688293035,0.6519647891011335,0.0,0.0495951793104742,0.0495951793104742,True,0.00014372939928214144,0.0001538858482146104,success,0.9999199376586071,0.022616546461499663,0.5,1.1362570007890428e-14,0.03,"[0.005, 0.0075, 0.01, 0.015, 0.02, 0.03, 0.05, 0.08]",0.0001455517217838769,0.0029645979596375034,False,5.719003806768745e-19,0.001573189989188624,True,success,9.936874031210252e-17,-1.5489990196718905e-16,0.002186982090502309,4.646997059015671e-18,0.0
0.7289224793807205,-2.0659662541420355e-19,0.006008118902617659,0.00012553866349088372,1.2653938180751388e-21,5.509396628686183e-07,typ,0.12016237805235318,6.91642289406444e-11,True,0.00017222498556710602,0.0,1.36,5.668548611361919e-18,-0.16813062336454468,4.505001083592044e-09,True,False,31,0.0,410,1.1018793257372365e-05,0.00022037586514744728,1.1018793257372365e-05,1.1018793257372365e-05,0.0,1.7554421802765996,0.5335904385639335,-0.9500829997417609,-0.9500829997417609,0.49995996882930355,0.6519647891011335,0.0,0.0495951793104742,0.0495951793104742,True,0.00012553866349088372,0.0001538858482146104,success,0.9999199376586071,0.022616546461499663,0.5,1.1362570007890428e-14,0.05,"[0.005, 0.0075, 0.01, 0.015, 0.02, 0.03, 0.05, 0.08]",9.169919433994242e-05,0.008242466205352933,False,-2.83427430568096e-19,0.004379452926910238,True,success,1.5215454812521212e-16,-2.0159427906718606e-16,0.0043886054506915,1.0079713953359303e-17,0.0
0.7293528724729066,-5.051207246715879e-18,0.015239926092086865,0.00010135002104972069,4.1675311781212823e-22,7.228680184500644e-07,typ,0.1904990761510858,7.326268888608391e-11,True,0.0001389588289494062,0.0,1.36,8.657001702052523e-17,-0.1634563457666586,4.505001083592044e-09,True,False,31,0.0,410,9.035850230625805e-06,0.00011294812788282257,9.035850230625805e-06,9.035850230625805e-06,0.0,1.114436156134709,0.33874797130015755,-0.9500829997417609,-0.9500829997417609,0.4999599688293036,0.6519647891011335,0.0,0.0495951793104742,0.0495951793104742,True,0.00010135002104972069,0.0001538858482146104,success,0.9999199376586071,0.022616546461499663,0.5,1.1362570007890428e-14,0.08,"[0.005, 0.0075, 0.01, 0.015, 0.02, 0.03, 0.05, 0.08]",4.743251470395282e-05,0.020895134121313802,False,-6.925601361642018e-18,0.011115283871538354,True,success,4.868973720406555e-17,-5.1400225857831326e-17,0.007132391399262137,4.112018068626506e-18,0.0
0.6410632158666413,-1.4793711665204623e-20,5.2722821105961755e-05,0.03150055619206367,8.209654488489427e-21,2.590643901512148e-06,arith,0.01054456422119235,8.160672379321047e-08,True,0.04913798735040297,0.0,1.38,4.61536750169179e-18,-0.2019575434711228,4.640171617934522e-09,True,False,32,0.0,547,0.0005181287803024296,0.10362575606048592,0.0005181287803024296,0.0005181287803024296,0.0,3.2896484566387962,0.9999332261814975,-5.1429571152706915e-06,-5.1429571152706915e-06,0.4999596460755407,0.6410727651209199,0.0,0.3630783777605509,0.6410727651209199,True,0.03150055619206367,0.031501212958417436,success,0.9999192921510814,0.9999192921510814,0.5,3.3041079623188384e-15,0.005,"[0.005, 0.0075, 0.01, 0.015, 0.02, 0.03, 0.05, 0.08]",0.049137050088907425,8.224278012065748e-05,False,-2.307683750845895e-20,3.379866124774947e-05,True,success,2.873835520485159e-17,-5.2123870057620055e-17,8.22412114159699e-05,2.6061935028810025e-19,0.0
0.6410512678475792,2.906117102470301e-19,0.00011861704487841632,0.031499734297625676,1.2472229276074551e-20,5.8283086483818134e-06,arith,0.015815605983788845,1.8359017382858095e-07,True,0.04913762108823295,0.0,1.38,-6.044481927793394e-17,-0.20192459299944096,4.640171617934522e-09,True,False,32,0.0,547,0.0007771078197842419,0.10361437597123226,0.0007771078197842419,0.0007771078197842419,0.0,3.289373014776264,0.9998495018948883,-5.1429571152706915e-06,-5.1429571152706915e-06,0.4999596460755407,0.6410727651209199,0.0,0.3630783777605509,0.6410727651209199,True,0.031499734297625676,0.031501212958417436,success,0.9999192921510814,0.9999192921510814,0.5,3.3041079623188384e-15,0.0075,"[0.005, 0.0075, 0.01, 0.015, 0.02, 0.03, 0.05, 0.08]",0.049135507079576035,0.0001850351927025898,False,4.533361445845046e-19,7.603960700764198e-05,True,success,2.910846937628676e-17,-5.279295018059738e-17,0.00018502723208116482,3.9594712635448034e-19,0.0
0.6410345191698109,-6.759322919089455e-19,0.00021085152596744342,0.03149858189080936,-3.3590150314553914e-20,1.035983887671419e-05,arith,0.02108515259674434,3.263202332337724e-07,True,0.0491371072054005,0.0,1.38,1.0544397714873918e-16,-0.20187846668695864,4.640171617934522e-09,True,False,32,0.0,547,0.001035983887671419,0.1035983887671419,0.001035983887671419,0.001035983887671419,0.0,3.288985806607687,0.9997318047250197,-5.1429571152706915e-06,-5.1429571152706915e-06,0.49995964607554066,0.6410727651209199,0.0,0.3630783777605509,0.6410727651209199,True,0.03149858189080936,0.031501212958417436,success,0.9999192921510814,0.9999192921510814,0.5,3.3041079623188384e-15,0.01,"[0.005, 0.0075, 0.01, 0.015, 0.02, 0.03, 0.05, 0.08]",0.049133336024866164,0.00032892382494551523,False,-1.0544397714873918e-18,0.000135163106564761,True,success,-5.880170865320101e-17,1.0664019869527786e-16,0.0003288985806607687,-1.0664019869527787e-18,0.0
0.6409865269213612,1.2156533700504942e-19,0.0004742656724410297,0.03149527793592642,-6.100278404843514e-20,2.3299279226086885e-05,arith,0.03161771149606865,7.338172749323631e-07,True,0.049135631738154134,0.0,1.38,-1.2643566533701735e-17,-0.2017467053187466,4.640171617934522e-09,True,False,32,0.0,547,0.0015532852817391257,0.10355235211594171,0.0015532852817391257,0.0015532852817391257,0.0,3.2878691315760813,0.9993923762171812,-5.1429571152706915e-06,-5.1429571152706915e-06,0.4999596460755407,0.6410727651209199,0.0,0.3630783777605509,0.6410727651209199,True,0.03149527793592642,0.031501212958417436,success,0.9999192921510814,0.9999192921510814,0.5,3.3041079623188384e-15,0.015,"[0.005, 0.0075, 0.01, 0.015, 0.02, 0.03, 0.05, 0.08]",0.049127062277491564,0.0007398995962035479,False,1.8965349800552603e-19,0.0003039979062159995,True,success,-7.121241107417309e-17,1.291257780982034e-16,0.0007397705546046183,-1.9368866714730503e-18,0.0
0.6409189878039506,-2.028000770947164e-18,0.0008427605253177038,0.03149062374630588,4.240752020452358e-21,4.1394794399357294e-05,arith,0.0421380262658852,1.3035478954858506e-06,True,0.04913354783606205,0.0,1.38,1.582103830232835e-16,-0.2015623099647811,4.640171617934522e-09,True,False,32,0.0,547,0.0020697397199678645,0.10348698599839322,0.0020697397199678645,0.0020697397199678645,0.0,3.286279332924713,0.9989091353738524,-5.1429571152706915e-06,-5.1429571152706915e-06,0.49995964607554066,0.6410727651209199,0.0,0.3630783777605509,0.6410727651209199,True,0.03149062374630588,0.031501212958417436,success,0.9999192921510814,0.9999192921510814,0.5,3.3041079623188384e-15,0.02,"[0.005, 0.0075, 0.01, 0.015, 0.02, 0.03, 0.05, 0.08]",0.049118098387145356,0.0013149251954686888,False,-3.1642076604656702e-18,0.0005401412228477485,True,success,3.714320551213067e-18,-6.7333566565981946e-18,0.0013145117331698855,1.346671331319639e-19,0.0
0.6407237011602352,6.460857817166215e-19,0.0018937100338316697,0.03147713604924988,-3.3096233722799063e-20,9.296459557775938e-05,arith,0.063123667794389,2.9262592227646255e-06,True,0.049127472563057134,0.0,1.38,-3.361229291953648e-17,-0.20103592960555366,4.640171617934522e-09,True,False,32,0.0,547,0.0030988198525919793,0.10329399508639932,0.0030988198525919793,0.0030988198525919793,0.0,3.2815563310710054,0.9974735149593645,-5.1429571152706915e-06,-5.1429571152706915e-06,0.4999596460755407,0.6410727651209199,0.0,0.3630783777605509,0.6410727651209199,True,0.03147713604924988,0.031501212958417436,success,0.9999192921510814,0.9999192921510814,0.5,3.3041079623188384e-15,0.03,"[0.005, 0.0075, 0.01, 0.015, 0.02, 0.03, 0.05, 0.08]",0.04909125152051812,0.0029555798082738344,False,1.0083687875860944e-18,0.0012133449018009016,True,success,-1.9347380687437554e-17,3.504790871170311e-17,0.0029534006979639047,-1.0514372613510932e-18,0.0
0.640073408328835,1.1295449094225368e-18,0.005235790083051958,0.03143189045032381,6.390962848707938e-20,0.00025650418323681874,arith,0.10471580166103917,8.062411387549472e-06,True,0.04910669626533807,0.0,1.38,-3.529423015312137e-17,-0.1993564502901765,4.640171617934522e-09,True,False,32,0.0,547,0.005130083664736374,0.10260167329472748,0.005130083664736374,0.005130083664736374,0.0,3.2642539734249576,0.9922142288898627,-5.1429571152706915e-06,-5.1429571152706915e-06,0.49995964607554066,0.6410727651209199,0.0,0.3630783777605509,0.6410727651209199,True,0.03143189045032381,0.031501212958417436,success,0.9999192921510814,0.9999192921510814,0.5,3.3041079623188384e-15,0.05,"[0.005, 0.0075, 0.01, 0.015, 0.02, 0.03, 0.05, 0.08]",0.04899053995062033,0.00817998375642891,False,1.7647115076560685e-18,0.0033512900037533807,True,success,2.2507839818455356e-17,-4.0665469096161847e-17,0.008160634933562396,2.0332734548080924e-18,0.0
0.6382654625642348,4.55064282997214e-18,0.013186558364576448,0.03130410648315326,-1.1752434643902042e-19,0.0006413110506432265,arith,0.16483197955720558,2.0075669418158455e-05,True,0.04904559046229581,0.0,1.38,-8.912128058147446e-17,-0.19530272584347733,4.640171617934522e-09,True,False,32,0.0,547,0.008016388133040332,0.10020485166300414,0.008016388133040332,0.008016388133040332,0.0,3.2010129954333877,0.972991276655448,-5.1429571152706915e-06,-5.1429571152706915e-06,0.4999596460755408,0.6410727651209199,0.0,0.3630783777605509,0.6410727651209199,True,0.03130410648315326,0.031501212958417436,success,0.9999192921510814,0.9999192921510814,0.5,3.3041079623188384e-15,0.08,"[0.005, 0.0075, 0.01, 0.015, 0.02, 0.03, 0.05, 0.08]",0.04863369447224416,0.020659990455381028,False,7.129702446517957e-18,0.008416524774196667,True,success,-2.6229670013177503e-17,4.692848624439568e-17,0.02048648317077368,-3.754278899551654e-18,0.0
0.6997132978938136,-2.91097316965387e-19,6.175150674832379e-05,8.620789515483926e-05,3.3109170612504356e-23,7.187074126632747e-09,typ,0.012350301349664758,6.195825327788138e-13,True,0.00012320459738914653,0.0,1.38,8.320474052490083e-17,-0.1734101063399802,4.441356315706968e-09,True,False,33,0.0,397,1.4374148253265495e-06,0.0002874829650653099,1.4374148253265495e-06,1.4374148253265495e-06,0.0,3.334763765533975,1.0136466356744451,-1.4755345780555773,-1.4755345780555773,0.49995960762100145,0.5633820435178943,0.0,0.03593841487937292,0.03593841487937292,True,8.620789515483926e-05,8.076601327531004e-05,success,0.9999192152420029,0.018057656270785982,0.5,9.870955921985219e-15,0.005,"[0.005, 0.0075, 0.01, 0.015, 0.02, 0.03, 0.05, 0.08]",0.0001163870244644328,8.825258421442065e-05,False,-4.1602370262450416e-19,4.320835043678173e-05,True,success,4.2062852290276094e-17,-7.681238604198952e-17,8.336909413834937e-05,3.8406193020994757e-19,0.0
0.7158944295527682,-2.5543337315637495e-20,0.00013448473625153376,8.651514461747507e-05,1.108874385218547e-22,1.5724429681329887e-08,typ,0.017931298166871168,1.3604013079075725e-12,True,0.00012084902612180206,0.0,1.38,4.757375065593562e-18,-0.1733722863882334,4.441356315706968e-09,True,False,33,0.0,397,2.0965906241773186e-06,0.00027954541655697584,2.0965906241773186e-06,2.0965906241773186e-06,0.0,3.2311731985536194,0.9821588790925536,-1.4755345780555773,-1.4755345780555773,0.4999596076210015,0.5633820435178943,0.0,0.03593841487937292,0.03593841487937292,True,8.651514461747507e-05,8.076601327531004e-05,success,0.9999192152420029,0.018057656270785982,0.5,9.870955921985219e-15,0.0075,"[0.005, 0.0075, 0.01, 0.015, 0.02, 0.03, 0.05, 0.08]",0.0001169235269340877,0.0001878555422418201,False,-3.5680312991951714e-20,9.627687354234624e-05,True,success,9.507116834848943e-17,-1.7089484006858568e-16,0.00018175349241864104,1.2817113005143924e-18,0.0
0.7188712954964358,-6.445920728605227e-19,0.00023713362436412894,8.615497328142341e-05,1.0567232325364929e-22,2.7243251714390945e-08,typ,0.023713362436412894,2.347141623552444e-12,True,0.0001198475635641103,0.0,1.38,8.966724320455476e-17,-0.1733202659812486,4.441356315706968e-09,True,False,33,0.0,397,2.7243251714390945e-06,0.0002724325171439094,2.7243251714390945e-06,2.7243251714390945e-06,0.0,3.1621217762323988,0.9611697635672346,-1.4755345780555773,-1.4755345780555773,0.49995960762100145,0.5633820435178943,0.0,0.03593841487937292,0.03593841487937292,True,8.615497328142341e-05,8.076601327531004e-05,success,0.9999192152420029,0.018057656270785982,0.5,9.870955921985219e-15,0.01,"[0.005, 0.0075, 0.01, 0.015, 0.02, 0.03, 0.05, 0.08]",0.00011488565481779907,0.0003298693741838307,False,-8.966724320455477e-19,0.00017046855575240653,True,success,6.8974983951631e-17,-1.2265377055886591e-16,0.00031621217762323986,1.226537705588659e-18,0.0
0.719452032264544,1.2468298066869672e-18,0.000532725294079238,8.486166316694458e-05,1.4889249330297533e-22,5.759467454138513e-08,typ,0.035515019605282534,4.887579871140823e-12,True,0.00011795319126396013,0.0,1.38,-1.155351342199008e-16,-0.17317224417647314,4.441356315706968e-09,True,False,33,0.0,397,3.839644969425675e-06,0.00025597633129504504,3.839644969425675e-06,3.839644969425675e-06,0.0,3.01639541039249,0.9168742599428469,-1.4755345780555773,-1.4755345780555773,0.49995960762100145,0.5633820435178943,0.0,0.03593841487937292,0.03593841487937292,True,8.486166316694458e-05,8.076601327531004e-05,success,0.9999192152420029,0.018057656270785982,0.5,9.870955921985219e-15,0.015,"[0.005, 0.0075, 0.01, 0.015, 0.02, 0.03, 0.05, 0.08]",0.0001081132718523,0.0007404597807618031,False,1.7330270132985117e-18,0.00038327029546403465,True,success,6.734818074353886e-17,-1.1696879191103115e-16,0.0006786889673383101,1.754531878665467e-18,0.0
0.7195098718321954,2.063510975456768e-18,0.00094725684443986,8.315633421633103e-05,-1.602532049888872e-23,9.465116056618085e-08,typ,0.047362842221992996,7.870843542004947e-12,True,0.00011557358345143708,0.0,1.38,-1.433969884389593e-16,-0.17296505439144189,4.441356315706968e-09,True,False,33,0.0,397,4.7325580283090425e-06,0.00023662790141545212,4.7325580283090425e-06,4.7325580283090425e-06,0.0,2.8455787961968735,0.8649522353346176,-1.4755345780555773,-1.4755345780555773,0.49995960762100145,0.5633820435178943,0.0,0.03593841487937292,0.03593841487937292,True,8.315633421633103e-05,8.076601327531004e-05,success,0.9999192152420029,0.018057656270785982,0.5,9.870955921985219e-15,0.02,"[0.005, 0.0075, 0.01, 0.015, 0.02, 0.03, 0.05, 0.08]",9.992132664098171e-05,0.001316530712813875,False,2.8679397687791857e-18,0.0006815606507350935,True,success,-5.712103713200132e-18,9.635658335538747e-18,0.0011382315184787493,-1.9271316671077494e-19,0.0
0.7196307060749068,1.7989982447004054e-18,0.002132528251497145,7.896425729452504e-05,-1.6983368749708498e-22,1.762024470584832e-07,typ,0.07108427504990483,1.3913695365450993e-11,True,0.00010972886041122543,0.0,1.38,-8.332969626012348e-17,-0.17237284451364493,4.441356315706968e-09,True,False,33,0.0,397,5.87341490194944e-06,0.000195780496731648,5.87341490194944e-06,5.87341490194944e-06,0.0,2.47935589391306,0.7536338215256331,-1.4755345780555773,-1.4755345780555773,0.49995960762100145,0.5633820435178943,0.0,0.03593841487937292,0.03593841487937292,True,7.896425729452504e-05,8.076601327531004e-05,success,0.9999192152420029,0.018057656270785982,0.5,9.870955921985219e-15,0.03,"[0.005, 0.0075, 0.01, 0.015, 0.02, 0.03, 0.05, 0.08]",8.262607866262966e-05,0.0029633647279013815,False,2.4998908878037045e-18,0.001534632811349577,True,success,-4.553051829038455e-17,7.169222013263983e-17,0.0022314203045217538,-2.150766603979195e-18,0.0
0.7199330142554962,1.9181619481349173e-18,0.005929574091608723,6.952190591463905e-05,1.3710312445460896e-22,3.191852098060359e-07,typ,0.11859148183217445,2.2190364125479554e-11,True,9.656718686047993e-05,0.0,1.38,-5.3287233955190805e-17,-0.17047613331587047,4.441356315706968e-09,True,False,33,0.0,397,6.383704196120717e-06,0.00012767408392241433,6.383704196120717e-06,6.383704196120717e-06,0.0,1.8364583398961496,0.5582163981243616,-1.4755345780555773,-1.4755345780555773,0.49995960762100145,0.5633820435178943,0.0,0.03593841487937292,0.03593841487937292,True,6.952190591463905e-05,8.076601327531004e-05,success,0.9999192152420029,0.018057656270785982,0.5,9.870955921985219e-15,0.05,"[0.005, 0.0075, 0.01, 0.015, 0.02, 0.03, 0.05, 0.08]",5.382936529248079e-05,0.008236285840760712,False,2.6643616977595405e-18,0.004268896149023164,True,success,2.910483474411559e-17,-3.9441704783798076e-17,0.004591145849740375,1.972085239189904e-18,0.0
0.7201535917809062,4.649318960820347e-18,0.015046945145905745,5.678200084053835e-05,-8.575653137860032e-23,4.3733259340761305e-07,typ,0.1880868143238218,2.4832619686465903e-11,True,7.884707024805516e-05,0.0,1.38,-8.070012796372365e-17,-0.16586286327592012,4.441356315706968e-09,True,False,33,0.0,397,5.466657417595163e-06,6.833321771993954e-05,5.466657417595163e-06,5.466657417595163e-06,0.0,1.2034309589026393,0.36579914756354687,-1.4755345780555773,-1.4755345780555773,0.49995960762100145,0.5633820435178943,0.0,0.03593841487937292,0.03593841487937292,True,5.678200084053835e-05,8.076601327531004e-05,success,0.9999192152420029,0.018057656270785982,0.5,9.870955921985219e-15,0.08,"[0.005, 0.0075, 0.01, 0.015, 0.02, 0.03, 0.05, 0.08]",2.9064543611140282e-05,0.02089407776012802,False,6.456010237097892e-18,0.010836111592154293,True,success,-1.7209012022551853e-17,1.8878458426339962e-17,0.007701958136976892,-1.5102766741071969e-18,0.0
0.6787528449462144,2.6952956477004423e-20,5.582183044610922e-05,0.03641594732197441,4.777643352915702e-21,2.994837883265501e-06,arith,0.011164366089221844,1.0905985859484984e-07,True,0.05365126289063301,0.0,1.28,-7.941906005311911e-18,-0.19141988534885368,4.654851536626244e-09,True,False,34,0.0,575,0.0005989675766531002,0.11979351533062003,0.0005989675766531002,0.0005989675766531002,0.0,3.2895894282649416,0.9999152837073753,-4.4092724947506455e-06,-4.4092724947506455e-06,0.49995970457668953,0.6787655769282326,0.0,0.41601286459477105,0.6787655769282326,True,0.03641594732197441,0.03641691053166173,success,0.9999194091533791,0.9999194091533791,0.5,4.572970393767624e-15,0.005,"[0.005, 0.0075, 0.01, 0.015, 0.02, 0.03, 0.05, 0.08]",0.05364994052204609,8.224176275906828e-05,False,3.9709530026559556e-20,3.788922622540184e-05,True,success,1.4467092616742672e-17,-2.6239291872177863e-17,8.223973570662355e-05,1.311964593608893e-19,0.0
0.678736913720325,-6.06396180895274e-19,0.00012558671321654774,0.03641474184500171,2.3025399531026078e-20,6.737446225539128e-06,arith,0.0167448950955397,2.453423649975885e-07,True,0.0536507461269544,0.0,1.28,1.1912247954247182e-16,-0.19138499842704373,4.654851536626244e-09,True,False,34,0.0,575,0.0008983261634052172,0.11977682178736229,0.0008983261634052172,0.0008983261634052172,0.0,3.2892398989724785,0.9998090395424851,-4.4092724947506455e-06,-4.4092724947506455e-06,0.49995970457668953,0.6787655769282326,0.0,0.41601286459477105,0.6787655769282326,True,0.03641474184500171,0.03641691053166173,success,0.9999194091533791,0.9999194091533791,0.5,4.572970393767624e-15,0.0075,"[0.005, 0.0075, 0.01, 0.015, 0.02, 0.03, 0.05, 0.08]",0.053647762991629745,0.00018503003251757133,False,-8.934185965685385e-19,8.524033813287916e-05,True,success,4.648586332796272e-17,-8.43079784519981e-17,0.0001850197443172019,6.323098383899856e-19,0.0
0.6787145795618279,-2.829090043829494e-19,0.00022323429699890285,0.03641305143231057,-7.517417406882444e-21,1.1975336464234576e-05,arith,0.02232342969989028,4.3605854259139783e-07,True,0.05365002097909627,0.0,1.28,4.1683059846098036e-17,-0.19133616253508892,4.654851536626244e-09,True,False,34,0.0,575,0.0011975336464234575,0.11975336464234575,0.0011975336464234577,0.0011975336464234575,0.0,3.2887484001432634,0.9996596418130804,-4.4092724947506455e-06,-4.4092724947506455e-06,0.4999597045766895,0.6787655769282326,0.0,0.41601286459477105,0.6787655769282326,True,0.03641305143231057,0.03641691053166173,success,0.9999194091533791,0.9999194091533791,0.5,4.572970393767624e-15,0.01,"[0.005, 0.0075, 0.01, 0.015, 0.02, 0.03, 0.05, 0.08]",0.05364469808281043,0.0003289074726271843,False,-4.1683059846098036e-19,0.00015151237203139055,True,success,-1.1384036139440419e-17,2.0644843294324896e-17,0.0003288748400143264,-2.0644843294324894e-19,1.8107251946090569e-16
0.6786505705206921,3.7908986892699414e-19,0.0005020766682602035,0.036408203898774104,-1.187358644718105e-20,2.6929301021596842e-05,arith,0.03347177788401357,9.804474824457636e-07,True,0.053647938247278044,0.0,1.28,-3.7239573686758894e-17,-0.19119666889828849,4.654851536626244e-09,True,False,34,0.0,575,0.0017952867347731229,0.1196857823182082,0.0017952867347731229,0.0017952867347731229,0.0,3.2873300383334243,0.9992285115208625,-4.4092724947506455e-06,-4.4092724947506455e-06,0.49995970457668953,0.6787655769282326,0.0,0.41601286459477105,0.6787655769282326,True,0.036408203898774104,0.03641691053166173,success,0.9999194091533791,0.9999194091533791,0.5,4.572970393767624e-15,0.015,"[0.005, 0.0075, 0.01, 0.015, 0.02, 0.03, 0.05, 0.08]",0.05363583437348777,0.0007398161735500894,False,5.585936053013834e-19,0.0003407346173599154,True,success,-1.1991396150909256e-17,2.1741595163905435e-17,0.0007396492586250204,-3.261239274585815e-19,0.0
0.6785604607635497,-1.1346164411723548e-18,0.0008920753730568702,0.03640137249263328,7.881060358890133e-20,4.783589346277372e-05,arith,0.04460376865284351,1.7412921764563476e-06,True,0.053644994952509704,0.0,1.28,8.360466802734339e-17,-0.19100147199850803,4.654851536626244e-09,True,False,34,0.0,575,0.002391794673138686,0.11958973365693429,0.002391794673138686,0.002391794673138686,0.0,3.2853083680055257,0.9986139974291907,-4.4092724947506455e-06,-4.4092724947506455e-06,0.49995970457668953,0.6787655769282326,0.0,0.41601286459477105,0.6787655769282326,True,0.03640137249263328,0.03641691053166173,success,0.9999194091533791,0.9999194091533791,0.5,4.572970393767624e-15,0.02,"[0.005, 0.0075, 0.01, 0.015, 0.02, 0.03, 0.05, 0.08]",0.05362315215457042,0.0013146586408130279,False,-1.6720933605468677e-18,0.0006053270761772853,True,success,5.972399209118697e-17,-1.0825224186924628e-16,0.0013141233472022105,2.1650448373849256e-18,0.0
0.6782997076613044,-3.5861644660614935e-19,0.0020038234653320325,0.03638155636816867,2.018280355438138e-20,0.00010737497425422465,arith,0.06679411551106776,3.906468678360734e-06,True,0.05363640284264295,0.0,1.28,1.7623303413698723e-17,-0.19044438618602,4.654851536626244e-09,True,False,34,0.0,575,0.0035791658084741553,0.11930552694913851,0.003579165808474155,0.0035791658084741553,0.0,3.279285958572199,0.9967834044727003,-4.4092724947506455e-06,-4.4092724947506455e-06,0.4999597045766895,0.6787655769282326,0.0,0.41601286459477105,0.6787655769282326,True,0.03638155636816867,0.03641691053166173,success,0.9999194091533791,0.9999194091533791,0.5,4.572970393767624e-15,0.03,"[0.005, 0.0075, 0.01, 0.015, 0.02, 0.03, 0.05, 0.08]",0.05358504684265321,0.0029541859486287765,False,-5.286991024109617e-19,0.0013591928707395796,True,success,1.0211494783717812e-17,-1.8491790501518996e-17,0.002951357362714979,5.547537150455699e-19,1.2116814146117626e-16
0.6774290395824809,9.802553524203144e-19,0.00553315099922935,0.03631486838174043,1.1042530305338618e-19,0.0002956963860560233,arith,0.11066301998458698,1.0738175340580794e-05,True,0.053606896456819056,0.0,1.28,-2.894045856151883e-17,-0.18866834375432745,4.654851536626244e-09,True,False,34,0.0,575,0.0059139277211204665,0.11827855442240932,0.0059139277211204665,0.0059139277211204665,0.0,3.25702831080289,0.9900178908214584,-4.4092724947506455e-06,-4.4092724947506455e-06,0.49995970457668953,0.6787655769282326,0.0,0.41601286459477105,0.6787655769282326,True,0.03631486838174043,0.03641691053166173,success,0.9999194091533791,0.9999194091533791,0.5,4.572970393767624e-15,0.05,"[0.005, 0.0075, 0.01, 0.015, 0.02, 0.03, 0.05, 0.08]",0.05344086689432614,0.008167868036244195,False,1.4470229280759415e-18,0.003748317167272783,True,success,3.3697940120955345e-17,-6.081547750227253e-17,0.008142570777007226,3.040773875113627e-18,0.0
0.6749883868925571,2.480900918515213e-18,0.013869860871993085,0.03612526043867026,1.8423110967272573e-19,0.000734265068228224,arith,0.17337326089991356,2.652551682076258e-05,True,0.05351982514096288,0.0,1.28,-4.594340004012017e-17,-0.18439357320852737,4.654851536626244e-09,True,False,34,0.0,575,0.0091783133528528,0.11472891691065999,0.0091783133528528,0.0091783133528528,0.0,3.1758640773105267,0.9653469222008504,-4.4092724947506455e-06,-4.4092724947506455e-06,0.4999597045766895,0.6787655769282326,0.0,0.41601286459477105,0.6787655769282326,True,0.03612526043867026,0.03641691053166173,success,0.9999194091533791,0.9999194091533791,0.5,4.572970393767624e-15,0.08,"[0.005, 0.0075, 0.01, 0.015, 0.02, 0.03, 0.05, 0.08]",0.05293961309380538,0.02054829555786247,False,3.675472003209614e-18,0.009361995016410808,True,success,3.5770996663440034e-17,-6.374732923569309e-17,0.02032553009478737,5.099786338855447e-18,0.0
0.7591310932876465,6.307506528755196e-19,6.24489644229331e-05,0.0012751434145894256,4.074288608446308e-22,1.0419194628410291e-07,typ,0.012489792884586619,1.32859674157429e-10,True,0.0016797407270818427,0.0,1.28,-1.6617700380150768e-16,-0.16275497529701682,4.396618214611426e-09,True,False,35,0.0,394,2.0838389256820583e-05,0.004167677851364116,2.083838925682058e-05,2.0838389256820583e-05,0.0,3.2683993060545564,0.9934742589157292,-0.13187712695158343,-0.13187712695158343,0.4999596243295089,0.758856908437182,0.0,0.14237849468260824,0.14237849468260824,True,0.0012751434145894256,0.0012776729785574585,success,0.9999192486590177,0.061376646991232534,0.5,6.4491749056108526e-15,0.005,"[0.005, 0.0075, 0.01, 0.015, 0.02, 0.03, 0.05, 0.08]",0.0016684335320353298,8.226374202705754e-05,False,8.308850190075385e-19,4.7406950637062545e-05,True,success,3.534721472874819e-17,-6.390322158011001e-17,8.170998265136391e-05,3.1951610790055014e-19,1.6259086761747848e-16
0.7591853882899915,1.5434528485749454e-19,0.0001405201747205216,0.0012718945688048177,-1.748711513725385e-21,2.3191767234296033e-07,typ,0.01873602329606955,2.949748278628665e-10,True,0.00167534121233506,0.0,1.28,-2.7107175179814916e-17,-0.16271594358982996,4.396618214611426e-09,True,False,35,0.0,394,3.092235631239471e-05,0.004122980841652628,3.092235631239471e-05,3.092235631239471e-05,0.0,3.241605823922134,0.9853300169450585,-0.13187712695158343,-0.13187712695158343,0.49995962432950897,0.758856908437182,0.0,0.14237849468260824,0.14237849468260824,True,0.0012718945688048177,0.0012776729785574585,success,0.9999192486590177,0.061376646991232534,0.5,6.4491749056108526e-15,0.0075,"[0.005, 0.0075, 0.01, 0.015, 0.02, 0.03, 0.05, 0.08]",0.0016504226016244127,0.00018509336044656078,False,2.0330381384861186e-19,0.00010668086340777663,True,success,-1.0181826476537324e-16,1.8331828823082678e-16,0.00018234032759562003,-1.3748871617312007e-18,0.0
0.759224227799562,-3.218725199566346e-20,0.00024985570916845443,0.0012673625360914253,-7.312276614968765e-22,4.0614031584652847e-07,typ,0.024985570916845442,5.147270207002289e-10,True,0.0016692862130659161,0.0,1.28,4.2394922102197475e-18,-0.16266129238423102,4.396618214611426e-09,True,False,35,0.0,394,4.061403158465285e-05,0.004061403158465285,4.061403158465285e-05,4.061403158465285e-05,0.0,3.204610395846751,0.9740847552592002,-0.13187712695158343,-0.13187712695158343,0.4999596243295089,0.758856908437182,0.0,0.14237849468260824,0.14237849468260824,True,0.0012673625360914253,0.0012776729785574585,success,0.9999192486590177,0.061376646991232534,0.5,6.4491749056108526e-15,0.01,"[0.005, 0.0075, 0.01, 0.015, 0.02, 0.03, 0.05, 0.08]",0.0016254994420507956,0.00032909343514050406,False,-4.2394922102197476e-20,0.00018969650785473176,True,success,-3.223028369780439e-17,5.76968026648475e-17,0.0003204610395846751,-5.769680266484751e-19,0.0
0.7593201207995147,-7.589428246265881e-19,0.0005624706703991754,0.0012546018161729792,-2.3822803020971064e-22,8.756208525785107e-07,typ,0.037498044693278366,1.098555511923932e-09,True,0.001652269947557777,0.0,1.28,6.663354087754808e-17,-0.16250509175998873,4.396618214611426e-09,True,False,35,0.0,394,5.837472350523404e-05,0.00389164823368227,5.837472350523404e-05,5.837472350523404e-05,0.0,3.101899091421135,0.9428642624456446,-0.13187712695158343,-0.13187712695158343,0.4999596243295089,0.758856908437182,0.0,0.14237849468260824,0.14237849468260824,True,0.0012546018161729792,0.0012776729785574585,success,0.9999192486590177,0.061376646991232534,0.5,6.4491749056108526e-15,0.015,"[0.005, 0.0075, 0.01, 0.015, 0.02, 0.03, 0.05, 0.08]",0.0015567404642754048,0.0007407556509985938,False,-9.99503113163221e-19,0.0004270952973936859,True,success,-7.187566172429272e-18,1.2658891829993695e-17,0.0006979272955697553,-1.898833774499054e-19,0.0
0.7594536248453811,-3.230652434394232e-19,0.0010006930624311507,0.0012372263170954442,8.447490244096977e-22,1.467844864502797e-06,typ,0.05003465312155753,1.8160562957762567e-09,True,0.0016291005488943894,0.0,1.28,2.1269583347185733e-17,-0.1622862717179427,4.396618214611426e-09,True,False,35,0.0,394,7.339224322513985e-05,0.003669612161256992,7.339224322513985e-05,7.339224322513985e-05,0.0,2.965999114755255,0.9015556229673855,-0.13187712695158343,-0.13187712695158343,0.49995962432950897,0.758856908437182,0.0,0.14237849468260824,0.14237849468260824,True,0.0012372263170954442,0.0012776729785574585,success,0.9999192486590177,0.061376646991232534,0.5,6.4491749056108526e-15,0.02,"[0.005, 0.0075, 0.01, 0.015, 0.02, 0.03, 0.05, 0.08]",0.0014668282609421879,0.0013176486749074167,False,-4.253916669437147e-19,0.0007599799736209628,True,success,1.982271081864415e-17,-3.4138823784190915e-17,0.001186399645902102,6.827764756838184e-19,0.0
0.759836859029935,1.6358597622615007e-19,0.002256257396775378,0.0011907700870129388,8.211181330865931e-22,2.8185263255685894e-06,typ,0.0752085798925126,3.3562168379455677e-09,True,0.0015671391468599794,0.0,1.28,-7.176363991036893e-18,-0.16166017994539245,4.396618214611426e-09,True,False,35,0.0,394,9.395087751895299e-05,0.0031316959172984333,9.395087751895299e-05,9.395087751895299e-05,0.0,2.6299753003993662,0.7994166311597299,-0.13187712695158343,-0.13187712695158343,0.4999596243295089,0.758856908437182,0.0,0.14237849468260824,0.14237849468260824,True,0.0011907700870129388,0.0012776729785574585,success,0.9999192486590177,0.061376646991232534,0.5,6.4491749056108526e-15,0.03,"[0.005, 0.0075, 0.01, 0.015, 0.02, 0.03, 0.05, 0.08]",0.0012492042484145652,0.002969397140928233,False,2.152909197311068e-19,0.001714387533528861,True,success,1.417361517003245e-17,-2.29856331921129e-17,0.002366977770359429,6.89568995763387e-19,0.0
0.7610051727575575,2.847496923849229e-19,0.006299153605808057,0.0010701197393647457,2.7359952374759846e-21,5.1742002279319e-06,typ,0.12598307211616114,5.537013799335492e-09,True,0.0014061924644836368,0.0,1.28,-7.483515292100098e-18,-0.15964901093226974,4.396618214611426e-09,True,False,35,0.0,394,0.000103484004558638,0.00206968009117276,0.000103484004558638,0.000103484004558638,0.0,1.934064025770969,0.5878849689935383,-0.13187712695158343,-0.13187712695158343,0.49995962432950886,0.758856908437182,0.0,0.14237849468260824,0.14237849468260824,True,0.0010701197393647457,0.0012776729785574585,success,0.9999192486590177,0.061376646991232534,0.5,6.4491749056108526e-15,0.05,"[0.005, 0.0075, 0.01, 0.015, 0.02, 0.03, 0.05, 0.08]",0.0008214119787714166,0.008277412337399254,False,3.741757646050049e-19,0.004793688478014352,True,success,3.676863726386101e-17,-5.113437565594578e-17,0.004835160064427422,2.556718782797289e-18,0.0
0.7627759375165605,1.0376658112729374e-18,0.015982907009835394,0.0008840166022515201,6.07093356249475e-21,6.776251803901238e-06,typ,0.19978633762294243,5.990319095685506e-09,True,0.001158946630028333,0.0,1.28,-1.7004761166355107e-17,-0.15474293893668625,4.396618214611426e-09,True,False,35,0.0,394,8.470314754876547e-05,0.0010587893443595685,8.470314754876547e-05,8.470314754876547e-05,0.0,1.1977030088155767,0.36405805951555065,-0.13187712695158343,-0.13187712695158343,0.4999596243295089,0.758856908437182,0.0,0.14237849468260824,0.14237849468260824,True,0.0008840166022515201,0.0012776729785574585,success,0.9999192486590177,0.061376646991232534,0.5,6.4491749056108526e-15,0.08,"[0.005, 0.0075, 0.01, 0.015, 0.02, 0.03, 0.05, 0.08]",0.00042396866851138773,0.020953606719520294,False,1.3603808933084085e-18,0.012191376878667198,True,success,7.843872063652068e-17,-8.584303658766935e-17,0.007665299256419691,6.8674429270135475e-18,0.0
0.2076988449539803,-1.1977828593830435e-19,2.30065859714258e-05,0.0029566535909775035,-2.0638237062554735e-21,4.320916157328847e-07,arith,0.00460131719428516,1.2775452272879052e-09,True,0.014235291446289012,0.4375,0.72,1.1533842276767937e-16,-0.020998121202226473,4.6085702781458895e-09,True,False,36,0.875,533,8.641832314657693e-05,0.017283664629315385,8.641832314657693e-05,8.641832314657693e-05,0.0,5.845684689629538,1.77687507585947,-7.634938800014251e-06,-7.634938800014251e-06,0.4999594468901128,0.11711170777395265,0.0,0.08439192126578336,0.11711170777395265,True,0.0029566535909775035,0.000862072960511513,success,0.9999188937802255,0.9999188937802255,0.5,2.8261650015960577e-15,0.005,"[0.005, 0.0075, 0.01, 0.015, 0.02, 0.03, 0.05, 0.08]",0.018781214051904218,0.00011076896444235572,False,-5.766921138383969e-19,4.778441332599585e-06,True,success,-5.774102044079975e-17,1.3960537768465122e-16,0.00014614211724073845,-6.980268884232561e-19,0.0
0.2330499564468583,1.6427145220813087e-19,5.855258647480752e-05,0.0037784147427299356,-3.2748080450974366e-21,1.258342856365525e-06,arith,0.007807011529974336,4.754541199900397e-09,True,0.01621289615469856,0.4375,0.72,-9.398354167644694e-17,-0.020982690964107997,4.6085702781458895e-09,True,False,36,0.875,533,0.00016777904751540332,0.022370539668720445,0.00016777904751540332,0.00016777904751540332,0.0,5.9206151764476616,1.7996512127053967,-7.634938800014251e-06,-7.634938800014251e-06,0.4999594468901128,0.11711170777395265,0.0,0.08439192126578336,0.11711170777395265,True,0.0037784147427299356,0.000862072960511513,success,0.9999188937802255,0.9999188937802255,0.5,2.8261650015960577e-15,0.0075,"[0.005, 0.0075, 0.01, 0.015, 0.02, 0.03, 0.05, 0.08]",0.021490815899429683,0.00025124478617166826,False,7.04876562573352e-19,1.3645677727804797e-05,True,success,-4.7493211876716435e-17,1.1556197569888305e-16,0.0003330346036751809,-8.6671481774162275e-19,0.0
0.2534128267713678,-1.761828530289097e-19,0.00011345664418562253,0.004513941463616565,7.305659170067704e-21,2.68158766819051e-06,arith,0.011345664418562253,1.2104529763768002e-08,True,0.01781260057403921,0.4375,0.72,6.952404709484737e-17,-0.02095881010520576,4.6085702781458895e-09,True,False,36,0.875,533,0.000268158766819051,0.0268158766819051,0.00026815876681905097,0.000268158766819051,0.0,5.940678871901066,1.8057498448201317,-7.634938800014251e-06,-7.634938800014251e-06,0.49995944689011285,0.11711170777395265,0.0,0.08439192126578336,0.11711170777395265,True,0.004513941463616565,0.000862072960511513,success,0.9999188937802255,0.9999188937802255,0.5,2.8261650015960577e-15,0.01,"[0.005, 0.0075, 0.01, 0.015, 0.02, 0.03, 0.05, 0.08]",0.023635351525145204,0.0004477146860761888,False,-6.952404709484737e-19,2.8751368919071876e-05,True,success,6.640265525696586e-17,-1.6184656422669731e-16,0.0005940678871901065,1.618465642266973e-18,2.0215676432035236e-16
0.2854740469737534,-4.496277457507367e-22,0.00028708708194173584,0.00580998418206659,-7.642022525541138e-21,7.734766327327783e-06,arith,0.019139138796115722,4.493887001375571e-08,True,0.020352057371438612,0.4375,0.72,1.050014296143882e-19,-0.02088293942320217,4.6085702781458895e-09,True,False,36,0.875,533,0.0005156510884885188,0.03437673923256792,0.0005156510884885188,0.0005156510884885188,0.0,5.916838696166681,1.798503300349184,-7.634938800014251e-06,-7.634938800014251e-06,0.4999594468901128,0.11711170777395265,0.0,0.08439192126578336,0.11711170777395265,True,0.00580998418206659,0.000862072960511513,success,0.9999188937802255,0.9999188937802255,0.5,2.8261650015960577e-15,0.015,"[0.005, 0.0075, 0.01, 0.015, 0.02, 0.03, 0.05, 0.08]",0.02694223047241655,0.00100565037342302,False,-1.575021444215823e-21,8.195591111579289e-05,True,success,-3.604933348936222e-17,8.768839163830447e-17,0.0013312887066375032,-1.315325874574567e-18,0.0
0.3105028384957582,4.995731226760021e-19,0.0005522319486919761,0.006939792108520981,-2.5444250902014916e-20,1.6258314235897942e-05,arith,0.027611597434598806,1.1282932083213886e-07,True,0.022350172842673658,0.4375,0.72,-8.0445822185749e-17,-0.020766294981279573,4.6085702781458895e-09,True,False,36,0.875,533,0.0008129157117948971,0.040645785589744854,0.0008129157117948971,0.0008129157117948971,0.0,5.856916886579092,1.7802892543289681,-7.634938800014251e-06,-7.634938800014251e-06,0.4999594468901128,0.11711170777395265,0.0,0.08439192126578336,0.11711170777395265,True,0.006939792108520981,0.000862072960511513,success,0.9999188937802255,0.9999188937802255,0.5,2.8261650015960577e-15,0.02,"[0.005, 0.0075, 0.01, 0.015, 0.02, 0.03, 0.05, 0.08]",0.029441096760894764,0.0017785085359196167,False,1.6089164437149801e-18,0.0001714695875769025,True,success,-7.574931021977127e-17,1.833214201818333e-16,0.0023427667546316367,-3.666428403636667e-18,0.0
0.3485374077530527,-1.638662338743822e-19,0.0013752600748853788,0.008854359232611853,2.6896191308442167e-20,4.54331142221825e-05,arith,0.0458420024961793,4.0228111437949044e-07,True,0.02540432973807329,0.4375,0.72,1.567179784524836e-17,-0.02040016246236354,4.6085702781458895e-09,True,False,36,0.875,533,0.0015144371407394166,0.050481238024647226,0.0015144371407394166,0.0015144371407394166,0.0,5.701286417058585,1.7329832641810763,-7.634938800014251e-06,-7.634938800014251e-06,0.49995944689011274,0.11711170777395265,0.0,0.08439192126578336,0.11711170777395265,True,0.008854359232611853,0.000862072960511513,success,0.9999188937802255,0.9999188937802255,0.5,2.8261650015960577e-15,0.03,"[0.005, 0.0075, 0.01, 0.015, 0.02, 0.03, 0.05, 0.08]",0.033036016279298384,0.003945803360825431,False,-4.701539353574508e-19,0.00047932958148681905,True,success,4.240586856287961e-17,-1.0125404749553458e-16,0.0051311577753527255,3.0376214248660372e-18,0.0
0.39930858280954656,6.024786581629788e-19,0.004243473893671742,0.011774843304520468,9.898374082055342e-20,0.00015826236342015145,arith,0.08486947787343484,1.8635145302753552e-06,True,0.02948807967430185,0.4375,0.72,-3.0176093582758566e-17,-0.019096618580877505,4.6085702781458895e-09,True,False,36,0.875,533,0.003165247268403029,0.06330494536806057,0.003165247268403029,0.003165247268403029,0.0,5.376287711935601,1.634195503725213,-7.634938800014251e-06,-7.634938800014251e-06,0.49995944689011285,0.11711170777395265,0.0,0.08439192126578336,0.11711170777395265,True,0.011774843304520468,0.000862072960511513,success,0.9999188937802255,0.9999188937802255,0.5,2.8261650015960577e-15,0.05,"[0.005, 0.0075, 0.01, 0.015, 0.02, 0.03, 0.05, 0.08]",0.03729547238552989,0.01062705405382108,False,1.5088046791379284e-18,0.0016944555466713717,True,success,7.250992752789714e-17,-1.6812748715314567e-16,0.013440719279839003,8.406374357657285e-18,0.0
0.44548778118387894,-8.6350452486752e-19,0.011582772930629872,0.014781803977188611,-8.427819147896738e-20,0.0004677901250164337,arith,0.1447846616328734,6.914781930457477e-06,True,0.0331811659074153,0.4375,0.72,2.4229186560761726e-17,-0.015650007697151823,4.6085702781458895e-09,True,False,36,0.875,533,0.005847376562705422,0.07309220703381777,0.005847376562705422,0.005847376562705422,0.0,4.944742004873979,1.5030213382194537,-7.634938800014251e-06,-7.634938800014251e-06,0.4999594468901128,0.11711170777395265,0.0,0.08439192126578336,0.11711170777395265,True,0.014781803977188611,0.000862072960511513,success,0.9999188937802255,0.9999188937802255,0.5,2.8261650015960577e-15,0.08,"[0.005, 0.0075, 0.01, 0.015, 0.02, 0.03, 0.05, 0.08]",0.04038671290700985,0.026000203417137005,False,-1.938334924860938e-18,0.005159983812822996,True,success,-3.2049847199044795e-17,7.126852683967575e-17,0.031646348831193466,-5.70148214717406e-18,0.0
0.009804512085379769,-1.4615454243199446e-20,1.3526686867879152e-06,2.788682462164825e-06,-4.244955194302891e-25,4.5640502610349667e-10,typ,0.000270533737357583,1.2727686919387004e-15,True,0.00028442847924306557,0.4375,0.72,2.9813730894357566e-16,-0.010294641740110032,4.449672715758966e-09,True,False,37,0.875,363,9.128100522069933e-08,1.8256201044139865e-05,9.128100522069932e-08,9.128100522069933e-08,0.0,6.546532741475258,1.9899073383587746,-0.0018227352888544514,-0.0018227352888544514,0.49995846894427204,0.009064960783949718,0.0,0.006419566723465802,0.006419566723465802,True,2.788682462164825e-06,2.5757209591366197e-06,success,0.9999169378885443,0.4688829483821837,0.5,2.4462677953536947e-15,0.005,"[0.005, 0.0075, 0.01, 0.015, 0.02, 0.03, 0.05, 0.08]",0.00033741080174428284,0.00013796389611319662,False,-1.4906865447178782e-18,1.3262256487126896e-08,True,success,-1.1898668597478786e-17,3.044416316232416e-17,0.00016366331853688145,-1.5222081581162081e-19,1.4499062284479787e-16
0.013334828252459983,-3.790472438962994e-20,1.0247833444077413e-05,4.684741389591563e-06,2.677997233140427e-23,7.01358753269407e-09,typ,0.001366377792543655,3.285684380393528e-14,True,0.00035131621501966707,0.4375,0.72,3.790047502875272e-16,-0.010292905542984173,4.449672715758966e-09,True,False,37,0.875,363,9.351450043592094e-07,0.00012468600058122793,9.351450043592094e-07,9.351450043592094e-07,0.0,26.615343348141277,8.090094273242686,-0.0018227352888544514,-0.0018227352888544514,0.49995846894427204,0.009064960783949718,0.0,0.006419566723465802,0.006419566723465802,True,4.684741389591563e-06,2.5757209591366197e-06,success,0.9999169378885443,0.4688829483821837,0.5,2.4462677953536947e-15,0.0075,"[0.005, 0.0075, 0.01, 0.015, 0.02, 0.03, 0.05, 0.08]",0.000684397104126187,0.0007685013447538713,False,-2.842535627156454e-18,1.366530989365878e-07,True,success,1.477396964489949e-16,-7.621899867202437e-16,0.0014971130633329465,5.716424900401828e-18,0.0
0.02349797157847822,-1.0757318430131446e-19,4.1660376303190876e-05,1.3292086390867175e-05,1.1580528575737354e-22,4.590976949277644e-08,typ,0.004166037630319088,6.102366222827827e-13,True,0.0005656695237065224,0.4375,0.72,4.577977462524497e-16,-0.010286355536340837,4.449672715758966e-09,True,False,37,0.875,363,4.590976949277644e-06,0.00045909769492776437,4.590976949277644e-06,4.590976949277644e-06,0.0,34.53917477117848,10.498650209536123,-0.0018227352888544514,-0.0018227352888544514,0.4999584689442721,0.009064960783949718,0.0,0.006419566723465802,0.006419566723465802,True,1.3292086390867175e-05,2.5757209591366197e-06,success,0.9999169378885443,0.4688829483821837,0.5,2.4462677953536947e-15,0.01,"[0.005, 0.0075, 0.01, 0.015, 0.02, 0.03, 0.05, 0.08]",0.0011020008354859744,0.0017729350026683833,False,-4.577977462524497e-18,9.789343383210868e-07,True,success,1.4824472500557104e-16,-8.712348261364137e-16,0.0034539174771178486,8.712348261364137e-18,0.0
0.0634289662675992,-1.3607115844561415e-19,0.00020658327834991233,7.020957104949283e-05,8.457055470009153e-22,4.1830747287734374e-07,typ,0.013772218556660823,2.936918823751566e-11,True,0.0011069007612907811,0.4375,0.72,1.4301684383077838e-16,-0.010243119307666117,4.449672715758966e-09,True,False,37,0.875,363,2.7887164858489584e-05,0.0018591443238993057,2.7887164858489584e-05,2.7887164858489584e-05,0.0,26.479927111201683,8.048932673009354,-0.0018227352888544514,-0.0018227352888544514,0.4999584689442721,0.009064960783949718,0.0,0.006419566723465802,0.006419566723465802,True,7.020957104949283e-05,2.5757209591366197e-06,success,0.9999169378885443,0.4688829483821837,0.5,2.4462677953536947e-15,0.015,"[0.005, 0.0075, 0.01, 0.015, 0.02, 0.03, 0.05, 0.08]",0.0020248854419320974,0.003256923303437774,False,-2.1452526574616754e-18,1.3103363793906644e-05,True,success,1.5605339011168895e-16,-8.030296860853461e-16,0.005957983600020377,1.204544529128019e-17,0.0
0.11496602933508561,-5.310439928347223e-20,0.0005108215722345594,0.00018918937517338347,5.764332156375058e-22,1.558608088757341e-06,typ,0.02554107861172797,2.948720904521827e-10,True,0.001645611110234684,0.4375,0.72,2.3095691653702133e-17,-0.010145182641078884,4.449672715758966e-09,True,False,37,0.875,363,7.793040443786705e-05,0.0038965202218933523,7.793040443786705e-05,7.793040443786705e-05,0.0,20.59587235447217,6.260394495304867,-0.0018227352888544514,-0.0018227352888544514,0.4999584689442721,0.009064960783949718,0.0,0.006419566723465802,0.006419566723465802,True,0.00018918937517338347,2.5757209591366197e-06,success,0.9999169378885443,0.4688829483821837,0.5,2.4462677953536947e-15,0.02,"[0.005, 0.0075, 0.01, 0.015, 0.02, 0.03, 0.05, 0.08]",0.003051179068141739,0.004443239235006489,False,-4.619138330740427e-19,5.872712785851291e-05,True,success,3.356851765471987e-17,-1.5234291437064869e-16,0.008238348941788869,3.046858287412974e-18,0.0
0.21025329511420635,1.5605602038005064e-19,0.0014816294377181052,0.0005724816014207361,8.10749580219473e-21,7.762873009573777e-06,typ,0.049387647923936843,4.4441019721466055e-09,True,0.0027228186892850974,0.4375,0.72,-2.4740955156855515e-17,-0.009769785070768582,4.449672715758966e-09,True,False,37,0.875,363,0.00025876243365245927,0.008625414455081975,0.00025876243365245927,0.00025876243365245927,0.0,15.066710325146095,4.5797307712201025,-0.0018227352888544514,-0.0018227352888544514,0.49995846894427204,0.009064960783949718,0.0,0.006419566723465802,0.006419566723465802,True,0.0005724816014207361,2.5757209591366197e-06,success,0.9999169378885443,0.4688829483821837,0.5,2.4462677953536947e-15,0.03,"[0.005, 0.0075, 0.01, 0.015, 0.02, 0.03, 0.05, 0.08]",0.005239416018575855,0.007046878560991432,False,7.422286547056654e-19,0.0003115174714184404,True,success,1.2161712280393383e-16,-4.720673282817729e-16,0.013560039292631483,1.4162019848453184e-17,0.0
0.3332564201676522,1.6318089774786996e-18,0.004707774978372111,0.0016027960167251342,1.7115452548283578e-20,4.384114321013117e-05,typ,0.09415549956744222,7.02684097058744e-08,True,0.004809497791276793,0.4375,0.72,-9.793113522960973e-17,-0.008329063405819803,4.449672715758966e-09,True,False,37,0.875,363,0.0008768228642026233,0.017536457284052464,0.0008768228642026233,0.0008768228642026233,0.0,10.94116600057649,3.3257156688171388,-0.0018227352888544514,-0.0018227352888544514,0.499958468944272,0.009064960783949718,0.0,0.006419566723465802,0.006419566723465802,True,0.0016027960167251342,2.5757209591366197e-06,success,0.9999169378885443,0.4688829483821837,0.5,2.4462677953536947e-15,0.05,"[0.005, 0.0075, 0.01, 0.015, 0.02, 0.03, 0.05, 0.08]",0.009312497604821987,0.014126584496117908,False,4.896556761480487e-18,0.0015688962362471362,True,success,6.45666604760263e-17,-2.1356994114889584e-16,0.027352915001441228,1.0678497057444792e-17,0.0
0.4249854291544937,2.7642530947897076e-18,0.012612355646903824,0.0031775148551421322,2.3592686763043243e-20,0.00016638503084553035,typ,0.1576544455862978,5.286909071849546e-07,True,0.0074767618773749055,0.4375,0.72,-8.130434907760175e-17,-0.004544200337997607,4.449672715758966e-09,True,False,37,0.875,363,0.002079812885569129,0.025997661069614115,0.002079812885569129,0.002079812885569129,0.0,8.1817590962769,2.486956547733718,-0.0018227352888544514,-0.0018227352888544514,0.4999584689442721,0.009064960783949718,0.0,0.006419566723465802,0.006419566723465802,True,0.0031775148551421322,2.5757209591366197e-06,success,0.9999169378885443,0.4688829483821837,0.5,2.4462677953536947e-15,0.08,"[0.005, 0.0075, 0.01, 0.015, 0.02, 0.03, 0.05, 0.08]",0.013192224791597578,0.029677148395407436,False,6.50434792620814e-18,0.005360067377248524,True,success,3.244714436665417e-17,-9.281107972187564e-17,0.05236325821617216,7.42488637775005e-18,0.0
0.270701127133724,9.359577065371065e-20,2.6060297384766468e-05,0.00480435328718764,6.372782000454655e-21,5.490965695875652e-07,arith,0.0052120594769532935,2.6380539090814753e-09,True,0.017747814122747747,0.4375,0.74,-6.915063239280503e-17,-0.021261973656473344,4.625958173101247e-09,True,False,38,0.875,524,0.00010981931391751304,0.021963862783502607,0.00010981931391751304,0.00010981931391751304,0.0,4.571658550189542,1.3896175665414547,-7.724744683932326e-06,-7.724744683932326e-06,0.499959440029473,0.23605884944119448,0.0,0.16955375986750504,0.23605884944119448,True,0.00480435328718764,0.003565385801043132,success,0.9999188800589461,0.9999188800589461,0.5,2.8002460509044574e-15,0.005,"[0.005, 0.0075, 0.01, 0.015, 0.02, 0.03, 0.05, 0.08]",0.02107023421415518,9.626963012936738e-05,False,3.4575316196402515e-19,7.054551875496323e-06,True,success,1.240758415029285e-16,-2.652919808145557e-16,0.00011429146375473856,1.3264599040727786e-18,0.0
0.28714559404406165,2.8177080386006335e-19,6.401355702440949e-05,0.005478534283319186,6.534726839168919e-21,1.4918531605185298e-06,arith,0.008535140936587932,8.173168685578846e-09,True,0.01907929077427711,0.4375,0.74,-1.308376004853837e-16,-0.021244859871064968,4.625958173101247e-09,True,False,38,0.875,524,0.000198913754735804,0.026521833964773867,0.000198913754735804,0.000198913754735804,0.0,4.841045541236539,1.4715013929136436,-7.724744683932326e-06,-7.724744683932326e-06,0.499959440029473,0.23605884944119448,0.0,0.16955375986750504,0.23605884944119448,True,0.005478534283319186,0.003565385801043132,success,0.9999188800589461,0.9999188800589461,0.5,2.8002460509044574e-15,0.0075,"[0.005, 0.0075, 0.01, 0.015, 0.02, 0.03, 0.05, 0.08]",0.023305268912797023,0.00022293066079428264,False,9.812820036403778e-19,1.838121085864748e-05,True,success,7.228234056949937e-17,-1.590383242726212e-16,0.00027230881169455534,1.1927874320446592e-18,0.0
0.3014590239538611,-1.2705494208829554e-20,0.00012151711911395043,0.006106498883226362,1.0587911840617155e-22,3.054407677158955e-06,arith,0.012151711911395042,1.8651737069489186e-08,True,0.02025648064249347,0.4375,0.74,4.214667068906239e-18,-0.021219054482460264,4.625958173101247e-09,True,False,38,0.875,524,0.0003054407677158955,0.03054407677158955,0.00030544076771589555,0.0003054407677158955,0.0,5.001896726042078,1.5203942902179526,-7.724744683932326e-06,-7.724744683932326e-06,0.4999594400294731,0.23605884944119448,0.0,0.16955375986750504,0.23605884944119448,True,0.006106498883226362,0.003565385801043132,success,0.9999188800589461,0.9999188800589461,0.5,2.8002460509044574e-15,0.01,"[0.005, 0.0075, 0.01, 0.015, 0.02, 0.03, 0.05, 0.08]",0.025135616277199107,0.0004030966382102692,False,-4.2146670689062393e-20,3.663243212177657e-05,True,success,7.752658861066034e-19,-1.733875997210212e-18,0.000500189672604208,1.733875997210212e-20,1.7748157533017506e-16
0.3254271756364132,-6.103082510083093e-19,0.00030032707968360425,0.007241623835360389,7.605159538631422e-21,8.41471803416513e-06,arith,0.020021805312240286,6.093622268404713e-08,True,0.022252670881583555,0.4375,0.74,1.2502710215985618e-16,-0.021138924854529298,4.625958173101247e-09,True,False,38,0.875,524,0.0005609812022776754,0.03739874681851169,0.0005609812022776754,0.0005609812022776754,0.0,5.1644144557600455,1.5697937564316224,-7.724744683932326e-06,-7.724744683932326e-06,0.499959440029473,0.23605884944119448,0.0,0.16955375986750504,0.23605884944119448,True,0.007241623835360389,0.003565385801043132,success,0.9999188800589461,0.9999188800589461,0.5,2.8002460509044574e-15,0.015,"[0.005, 0.0075, 0.01, 0.015, 0.02, 0.03, 0.05, 0.08]",0.02801851249321263,0.0009228703137538449,False,-1.8754065323978425e-18,9.773459330856735e-05,True,success,3.080850072234728e-17,-7.00133902886616e-17,0.00116199325254601,1.0502008543299239e-18,0.0
0.34502381411741195,4.652692057714627e-20,0.0005699389949329577,0.008245891901133357,-2.8263692705283646e-20,1.7225543292778816e-05,arith,0.028496949746647886,1.4203996793054685e-07,True,0.023899486249164447,0.4375,0.74,-6.74256655242254e-18,-0.021017834880102844,4.625958173101247e-09,True,False,38,0.875,524,0.0008612771646389407,0.043063858231947034,0.0008612771646389407,0.0008612771646389407,0.0,5.22246213608841,1.5874381354673082,-7.724744683932326e-06,-7.724744683932326e-06,0.499959440029473,0.23605884944119448,0.0,0.16955375986750504,0.23605884944119448,True,0.008245891901133357,0.003565385801043132,success,0.9999188800589461,0.9999188800589461,0.5,2.8002460509044574e-15,0.02,"[0.005, 0.0075, 0.01, 0.015, 0.02, 0.03, 0.05, 0.08]",0.030223486102762747,0.0016518830631760593,False,1.348513310484508e-19,0.0001966425258460134,True,success,-7.499349946944238e-17,1.7138044643417494e-16,0.0020889848544353644,-3.427608928683499e-18,0.0
0.3758183600146162,-9.782594338729713e-19,0.001397629853352947,0.009958826409597478,7.978862312832092e-21,4.669437268327071e-05,arith,0.046587661778431565,4.6502115185774337e-07,True,0.026499041742426215,0.4375,0.74,8.676704297921343e-17,-0.02064341489719693,4.625958173101247e-09,True,False,38,0.875,524,0.001556479089442357,0.05188263631474524,0.0015564790894423573,0.001556479089442357,0.0,5.209713894073415,1.5835631345563534,-7.724744683932326e-06,-7.724744683932326e-06,0.4999594400294731,0.23605884944119448,0.0,0.16955375986750504,0.23605884944119448,True,0.009958826409597478,0.003565385801043132,success,0.9999188800589461,0.9999188800589461,0.5,2.8002460509044574e-15,0.03,"[0.005, 0.0075, 0.01, 0.015, 0.02, 0.03, 0.05, 0.08]",0.03340968466811854,0.00371889721752442,False,-2.603011289376403e-18,0.0005252549593945731,True,success,1.1700505280811631e-17,-2.6706166585863093e-17,0.004688742504666073,8.011849975758928e-19,1.3931471098322864e-16
0.41813000581339627,-2.8756768512731073e-18,0.004250544194298226,0.012571059460326078,-2.519426709713217e-20,0.0001580180657493992,arith,0.08501088388596452,1.9864545003414132e-06,True,0.03006495416627983,0.4375,0.74,1.3754941340213068e-16,-0.019330495587321195,4.625958173101247e-09,True,False,38,0.875,524,0.003160361314987984,0.06320722629975968,0.003160361314987984,0.003160361314987984,0.0,5.027995174093319,1.5283272671612917,-7.724744683932326e-06,-7.724744683932326e-06,0.49995944002947307,0.23605884944119448,0.0,0.16955375986750504,0.23605884944119448,True,0.012571059460326078,0.003565385801043132,success,0.9999188800589461,0.9999188800589461,0.5,2.8002460509044574e-15,0.05,"[0.005, 0.0075, 0.01, 0.015, 0.02, 0.03, 0.05, 0.08]",0.0371759611301932,0.010165604322104465,False,-6.877470670106534e-18,0.0017772800686720151,True,success,-1.787567368788629e-17,4.008296544399395e-17,0.012569987935233297,-2.0041482721996975e-18,0.0
0.4572370599333297,1.8811259302288128e-19,0.011498605769162607,0.015240823695281508,5.336466679866563e-20,0.0004585682527302966,arith,0.14373257211453258,6.988957892115744e-06,True,0.03333243306547328,0.4375,0.74,-5.1426439780031776e-18,-0.01589730036592938,4.625958173101247e-09,True,False,38,0.875,524,0.005732103159128707,0.07165128948910884,0.005732103159128707,0.005732103159128707,0.0,4.70127408607789,1.4290159650853849,-7.724744683932326e-06,-7.724744683932326e-06,0.49995944002947307,0.23605884944119448,0.0,0.16955375986750504,0.23605884944119448,True,0.015240823695281508,0.003565385801043132,success,0.9999188800589461,0.9999188800589461,0.5,2.8002460509044574e-15,0.08,"[0.005, 0.0075, 0.01, 0.015, 0.02, 0.03, 0.05, 0.08]",0.039880335228128456,0.025148017903096554,False,4.1141151824025423e-19,0.0052575886952243335,True,success,2.0185875491388818e-17,-4.376786637784142e-17,0.030088154150898504,3.5014293102273134e-18,0.0
0.013891249047680078,-2.1742442400956332e-20,2.5199762244067073e-06,4.6380823198175135e-06,-1.6028643852132277e-24,1.0956756784471223e-09,typ,0.0005039952448813415,5.081833992459657e-15,True,0.0003338851894381737,0.4375,0.74,3.130379755820079e-16,-0.009965805073404516,4.5241562100722795e-09,True,False,39,0.875,382,2.1913513568942446e-07,4.3827027137884895e-05,2.1913513568942446e-07,2.1913513568942446e-07,0.0,9.449385352782889,2.872268725909595,-0.002066619966584373,-0.002066619966584373,0.4999585075062897,0.012076683938062579,0.0,0.007989192229553625,0.007989192229553625,True,4.6380823198175135e-06,3.989304242196027e-06,success,0.9999170150125797,0.44622347088070224,0.5,3.23059602677874e-15,0.005,"[0.005, 0.0075, 0.01, 0.015, 0.02, 0.03, 0.05, 0.08]",0.00043479603808765444,0.0001814074613274289,False,-1.5651898779100394e-18,3.500561732746611e-08,True,success,-2.2484671258521323e-17,6.91175479298648e-17,0.00023623463381957223,-3.45587739649324e-19,0.0
0.021784949508474632,-3.544303488667213e-20,1.7790162647752963e-05,9.623891834000197e-06,-4.342698215903395e-23,1.4395580233133868e-08,typ,0.002372021686367062,1.3854150705135169e-13,True,0.0004417679201072454,0.4375,0.74,2.1692673572877658e-16,-0.00996262263665447,4.5241562100722795e-09,True,False,39,0.875,382,1.9194106977511826e-06,0.0002559214263668244,1.9194106977511826e-06,1.9194106977511826e-06,0.0,26.592300784458207,8.083090173763118,-0.002066619966584373,-0.002066619966584373,0.4999585075062897,0.012076683938062579,0.0,0.007989192229553625,0.007989192229553625,True,9.623891834000197e-06,3.989304242196027e-06,success,0.9999170150125797,0.44622347088070224,0.5,3.23059602677874e-15,0.0075,"[0.005, 0.0075, 0.01, 0.015, 0.02, 0.03, 0.05, 0.08]",0.0008091876683854908,0.0008166262970144758,False,-1.6269505179658243e-18,3.875577950288497e-07,True,success,-1.1667282041454797e-16,6.016551710831578e-16,0.0014958169191257738,-4.512413783123684e-18,0.0
0.039473757932405734,2.5410988417610906e-20,6.108260487009189e-05,2.656333307941046e-05,-6.286572655406644e-23,7.532012679477165e-08,typ,0.006108260487009189,2.0007536156329478e-12,True,0.0006729365145547356,0.4375,0.74,-6.437438376433351e-17,-0.009952358704317682,4.5241562100722795e-09,True,False,39,0.875,382,7.532012679477164e-06,0.0007532012679477164,7.532012679477164e-06,7.532012679477164e-06,0.0,28.354923145225747,8.618863125485376,-0.002066619966584373,-0.002066619966584373,0.4999585075062896,0.012076683938062579,0.0,0.007989192229553625,0.007989192229553625,True,2.656333307941046e-05,3.989304242196027e-06,success,0.9999170150125797,0.44622347088070224,0.5,3.23059602677874e-15,0.01,"[0.005, 0.0075, 0.01, 0.015, 0.02, 0.03, 0.05, 0.08]",0.001233086358300527,0.001547423100042535,False,6.437438376433351e-19,2.4111599585227948e-06,True,success,-4.444440883892657e-17,2.366635480800953e-16,0.002835492314522575,-2.366635480800953e-18,0.0
0.09375440545649089,-4.6132514179986405e-19,0.0002497528555086784,0.00011173648604758256,-9.538588816062524e-22,5.413484721154514e-07,typ,0.016650190367245226,6.048837600140827e-11,True,0.0011917998466689302,0.4375,0.74,3.280380191584375e-16,-0.009896470393695435,4.5241562100722795e-09,True,False,39,0.875,382,3.6089898141030094e-05,0.0024059932094020065,3.6089898141030094e-05,3.6089898141030094e-05,0.0,21.532744535902296,6.545169490337106,-0.002066619966584373,-0.002066619966584373,0.4999585075062896,0.012076683938062579,0.0,0.007989192229553625,0.007989192229553625,True,0.00011173648604758256,3.989304242196027e-06,success,0.9999170150125797,0.44622347088070224,0.5,3.23059602677874e-15,0.015,"[0.005, 0.0075, 0.01, 0.015, 0.02, 0.03, 0.05, 0.08]",0.0021675366674501974,0.0026639052777587347,False,-4.920570287376562e-18,2.3415430479277017e-05,True,success,-1.2264452499837066e-16,5.691121526768229e-16,0.0048448675205780166,-8.536682290152344e-18,0.0
0.15245253235374895,4.507273498347722e-19,0.0005655612247093176,0.0002604813980898312,-2.053790144494099e-21,1.798821187802341e-06,typ,0.02827806123546588,4.685594579123646e-10,True,0.001708606568013009,0.4375,0.74,-1.4782547159955011e-16,-0.009784217997777594,4.5241562100722795e-09,True,False,39,0.875,382,8.994105939011705e-05,0.004497052969505852,8.994105939011705e-05,8.994105939011705e-05,0.0,17.264392016027845,5.247745901787802,-0.002066619966584373,-0.002066619966584373,0.4999585075062897,0.012076683938062579,0.0,0.007989192229553625,0.007989192229553625,True,0.0002604813980898312,3.989304242196027e-06,success,0.9999170150125797,0.44622347088070224,0.5,3.23059602677874e-15,0.02,"[0.005, 0.0075, 0.01, 0.015, 0.02, 0.03, 0.05, 0.08]",0.0031805949722364434,0.003709752904576202,False,2.9565094319910025e-18,8.622124090802312e-05,True,success,-9.48797892153344e-17,3.9422971458902733e-16,0.006905756806411138,-7.884594291780545e-18,0.0
0.2482018647279116,-4.1735618172448074e-19,0.0015310499874713886,0.0006779661852625177,-7.464991705361295e-21,8.049349120208229e-06,typ,0.05103499958237962,5.457186516873776e-09,True,0.002731511247934137,0.4375,0.74,5.605063740919145e-17,-0.009386718753542123,4.5241562100722795e-09,True,False,39,0.875,382,0.00026831163734027433,0.00894372124467581,0.00026831163734027433,0.00026831163734027433,0.0,13.191987209823278,4.009883276081626,-0.002066619966584373,-0.002066619966584373,0.4999585075062897,0.012076683938062579,0.0,0.007989192229553625,0.007989192229553625,True,0.0006779661852625177,3.989304242196027e-06,success,0.9999170150125797,0.44622347088070224,0.5,3.23059602677874e-15,0.03,"[0.005, 0.0075, 0.01, 0.015, 0.02, 0.03, 0.05, 0.08]",0.0052574045172112,0.006168567625991789,False,-1.6815191222757436e-18,0.00038000946188204433,True,success,-1.0105200404297775e-16,3.670287136061587e-16,0.011872788488840947,-1.101086140818476e-17,0.0
0.3610257241723015,-1.397604316997216e-19,0.004703258659664125,0.00168236473163269,-9.488407860829326e-21,4.206271297606207e-05,typ,0.09406517319328249,7.076482482771554e-08,True,0.004659958055592106,0.4375,0.74,7.742408495690471e-18,-0.007931918040087919,4.5241562100722795e-09,True,False,39,0.875,382,0.0008412542595212413,0.016825085190424825,0.0008412542595212413,0.0008412542595212413,0.0,10.000854674418033,3.0398952991411248,-0.002066619966584373,-0.002066619966584373,0.4999585075062897,0.012076683938062579,0.0,0.007989192229553625,0.007989192229553625,True,0.00168236473163269,3.989304242196027e-06,success,0.9999170150125797,0.44622347088070224,0.5,3.23059602677874e-15,0.05,"[0.005, 0.0075, 0.01, 0.015, 0.02, 0.03, 0.05, 0.08]",0.008943312715670608,0.013027489025738977,False,-3.8712042478452357e-19,0.0016979973635748886,True,success,-3.5668481991398384e-17,1.1279846376262393e-16,0.025002136686045083,-5.639923188131197e-18,0.0
0.44168748998859636,-5.569761867403915e-18,0.012479697561211582,0.003119796961625538,-7.65557246200998e-20,0.00015329652676645666,typ,0.15599621951514478,4.782540384337395e-07,True,0.007063358216702235,0.4375,0.74,1.5762733815337732e-16,-0.004175124002287003,4.5241562100722795e-09,True,False,39,0.875,382,0.0019162065845807082,0.023952582307258854,0.0019162065845807082,0.0019162065845807082,0.0,7.677609345057701,2.33371339915416,-0.002066619966584373,-0.002066619966584373,0.4999585075062897,0.012076683938062579,0.0,0.007989192229553625,0.007989192229553625,True,0.003119796961625538,3.989304242196027e-06,success,0.9999170150125797,0.44622347088070224,0.5,3.23059602677874e-15,0.08,"[0.005, 0.0075, 0.01, 0.015, 0.02, 0.03, 0.05, 0.08]",0.01228367322321343,0.02825458688344057,False,-1.2610187052270187e-17,0.005512126291628351,True,success,-1.1070018548957686e-16,3.06733601424062e-16,0.04913669980836929,-2.4538688113924962e-17,0.0
0.14373513405337024,5.839119642800107e-22,1.991657982305663e-05,0.0017037247404488366,-7.518598401076791e-21,3.323690117790292e-07,arith,0.003983315964611326,5.662653083264628e-10,True,0.01185322399891614,0.4375,0.7,-8.124832778368559e-19,-0.020759475292758074,4.629208626347709e-09,True,False,40,0.875,634,6.647380235580583e-05,0.013294760471161167,6.647380235580583e-05,6.647380235580583e-05,0.0,7.803350010435804,2.3719339782984137,-7.547670991022728e-06,-7.547670991022728e-06,0.49995945325984287,0.02448126689350831,0.0,0.018333486742333958,0.02448126689350831,True,0.0017037247404488366,3.746751238476702e-05,success,0.9999189065196856,0.9999189065196856,0.5,2.585153385139207e-15,0.005,"[0.005, 0.0075, 0.01, 0.015, 0.02, 0.03, 0.05, 0.08]",0.01668805662075869,0.00013856445018975953,False,4.06241638918428e-21,2.862712270751694e-06,True,success,-3.1595622048972554e-16,8.826071750412052e-16,0.0001950837502608951,-4.413035875206026e-18,0.0
0.1781711412892388,-2.3176939019245793e-19,5.303271886984267e-05,0.0025421791508914394,-4.339389493453183e-21,1.0505032717373304e-06,arith,0.00707102918264569,2.6705675153538857e-09,True,0.014268186938110959,0.4375,0.7,1.7344326996720455e-16,-0.020745747204963638,4.629208626347709e-09,True,False,40,0.875,634,0.00014006710289831073,0.018675613719774765,0.00014006710289831073,0.00014006710289831073,0.0,7.346301189365817,2.233007795698975,-7.547670991022728e-06,-7.547670991022728e-06,0.4999594532598429,0.02448126689350831,0.0,0.018333486742333958,0.02448126689350831,True,0.0025421791508914394,3.746751238476702e-05,success,0.9999189065196856,0.9999189065196856,0.5,2.585153385139207e-15,0.0075,"[0.005, 0.0075, 0.01, 0.015, 0.02, 0.03, 0.05, 0.08]",0.019808587870359114,0.0002976504415142664,False,-1.300824524754034e-18,9.44890004671122e-06,True,success,-8.397052184202186e-17,2.275942140391134e-16,0.0004132294419018272,-1.7069566052933504e-18,0.0
0.2046985391452969,-3.3288394827095544e-19,0.00010530407276431327,0.0033048694425510303,-1.1037898093908259e-20,2.3413228553855926e-06,arith,0.010530407276431328,7.73776635991017e-09,True,0.01614505631720803,0.4375,0.7,1.6262155541553296e-16,-0.020723812134564396,4.629208626347709e-09,True,False,40,0.875,634,0.00023413228553855926,0.023413228553855924,0.00023413228553855926,0.00023413228553855926,0.0,7.084463988926365,2.153418830488611,-7.547670991022728e-06,-7.547670991022728e-06,0.49995945325984287,0.02448126689350831,0.0,0.018333486742333958,0.02448126689350831,True,0.0033048694425510303,3.746751238476702e-05,success,0.9999189065196856,0.9999189065196856,0.5,2.585153385139207e-15,0.01,"[0.005, 0.0075, 0.01, 0.015, 0.02, 0.03, 0.05, 0.08]",0.022233924993820833,0.0005144349012162099,False,-1.6262155541553297e-18,2.1555589860904973e-05,True,success,-1.2548117423043811e-16,3.339889301463025e-16,0.0007084463988926365,-3.3398893014630253e-18,0.0
0.2449834540622266,5.823040338665486e-19,0.0002736640008019815,0.0046653721076621146,8.277024115569616e-22,7.096263099982238e-06,arith,0.0182442667201321,3.3106707935289025e-08,True,0.01904362123360827,0.4375,0.7,-1.5846077880253944e-16,-0.0206522539958042,4.629208626347709e-09,True,False,40,0.875,634,0.00047308420666548255,0.031538947111032174,0.00047308420666548255,0.00047308420666548255,0.0,6.760221132036731,2.0548608203457186,-7.547670991022728e-06,-7.547670991022728e-06,0.49995945325984287,0.02448126689350831,0.0,0.018333486742333958,0.02448126689350831,True,0.0046653721076621146,3.746751238476702e-05,success,0.9999189065196856,0.9999189065196856,0.5,2.585153385139207e-15,0.015,"[0.005, 0.0075, 0.01, 0.015, 0.02, 0.03, 0.05, 0.08]",0.0259305684313114,0.0011170713624295212,False,2.3769116820380916e-18,6.704315216895738e-05,True,success,4.549002984686868e-18,-1.1827601206737544e-17,0.0015210497547082644,1.7741401810106315e-19,0.0
0.27551661471478023,2.1242429622372366e-19,0.0005342297361277997,0.005863502415880369,5.511773071586993e-21,1.53358209883116e-05,arith,0.026711486806389982,8.992162341447393e-08,True,0.02128184691130287,0.4375,0.7,-3.8550178987141866e-17,-0.02054012276906684,4.629208626347709e-09,True,False,40,0.875,634,0.00076679104941558,0.038339552470779,0.00076679104941558,0.00076679104941558,0.0,6.538677696617364,1.9875196910310782,-7.547670991022728e-06,-7.547670991022728e-06,0.49995945325984287,0.02448126689350831,0.0,0.018333486742333958,0.02448126689350831,True,0.005863502415880369,3.746751238476702e-05,success,0.9999189065196856,0.9999189065196856,0.5,2.585153385139207e-15,0.02,"[0.005, 0.0075, 0.01, 0.015, 0.02, 0.03, 0.05, 0.08]",0.028706415894159305,0.0019390109619372463,False,7.710035797428374e-19,0.0001471891683779017,True,success,1.838058202214591e-17,-4.7000689013610936e-17,0.0026154710786469456,9.400137802722187e-19,0.0
0.320873201925737,-1.1274566923335825e-18,0.0013523645473018143,0.007913692260419962,-2.6226499139442952e-20,4.4215583895986e-05,arith,0.04507881824339381,3.499085240676139e-07,True,0.02466298903406558,0.4375,0.7,1.171238031686757e-16,-0.02018244194772487,4.629208626347709e-09,True,False,40,0.875,634,0.0014738527965328667,0.04912842655109556,0.0014738527965328667,0.0014738527965328667,0.0,6.208028431533731,1.88701436630485,-7.547670991022728e-06,-7.547670991022728e-06,0.4999594532598429,0.02448126689350831,0.0,0.018333486742333958,0.02448126689350831,True,0.007913692260419962,3.746751238476702e-05,success,0.9999189065196856,0.9999189065196856,0.5,2.585153385139207e-15,0.03,"[0.005, 0.0075, 0.01, 0.015, 0.02, 0.03, 0.05, 0.08]",0.03269501850237292,0.004214638490174714,False,-3.513714095060271e-18,0.00043393754246358297,True,success,-4.4336668958908375e-17,1.1046886955079032e-16,0.005587225588380358,-3.3140660865237097e-18,0.0
0.3801935172710658,5.894290568130524e-19,0.004235746093359204,0.01108211764799775,2.296253380447995e-20,0.0001585933701802516,arith,0.08471492186718409,1.7575503865300064e-06,True,0.02914862338406616,0.4375,0.7,-3.100679154362373e-17,-0.01888860072412558,4.629208626347709e-09,True,False,40,0.875,634,0.003171867403605032,0.06343734807210064,0.003171867403605032,0.003171867403605032,0.0,5.724298377536365,1.7399780614016946,-7.547670991022728e-06,-7.547670991022728e-06,0.49995945325984287,0.02448126689350831,0.0,0.018333486742333958,0.02448126689350831,True,0.01108211764799775,3.746751238476702e-05,success,0.9999189065196856,0.9999189065196856,0.5,2.585153385139207e-15,0.05,"[0.005, 0.0075, 0.01, 0.015, 0.02, 0.03, 0.05, 0.08]",0.03744166120554157,0.011141026611296092,False,1.5503395771811868e-18,0.0016104032055014122,True,success,1.732071901494587e-17,-4.144069668603217e-17,0.014310745943840913,2.0720348343016085e-18,0.0
0.43353240271383486,2.4013974420866035e-18,0.011667604203556071,0.014392072066293667,1.6095208559091817e-20,0.00047747591972770463,arith,0.14584505254445088,6.871867846640975e-06,True,0.03319722349748689,0.4375,0.7,-6.923927217015058e-17,-0.015428667514421884,4.629208626347709e-09,True,False,40,0.875,634,0.0059684489965963075,0.07460561245745384,0.005968448996596308,0.0059684489965963075,0.0,5.183799255159422,1.5756860288910648,-7.547670991022728e-06,-7.547670991022728e-06,0.4999594532598428,0.02448126689350831,0.0,0.018333486742333958,0.02448126689350831,True,0.014392072066293667,3.746751238476702e-05,success,0.9999189065196856,0.9999189065196856,0.5,2.585153385139207e-15,0.08,"[0.005, 0.0075, 0.01, 0.015, 0.02, 0.03, 0.05, 0.08]",0.04092321880289518,0.026912876939575836,False,5.539141773612047e-18,0.005058284484281703,True,success,6.139870469553212e-18,-1.3979231486745842e-17,0.03317631523302031,1.1183385189396672e-18,1.4532447851745793e-16
0.007558825662674645,-6.422437071014845e-21,8.542702733279263e-07,1.9016897284489187e-06,-1.1056674447577701e-24,2.3908555315017113e-10,typ,0.00017085405466558525,4.546665406462085e-16,True,0.000251585340542967,0.4375,0.7,1.6993213913448836e-16,-0.010639784762473212,4.417861115728453e-09,True,False,41,0.875,354,4.781711063003422e-08,9.563422126006845e-06,4.781711063003422e-08,4.781711063003422e-08,0.0,5.028907703996008,1.5286046429908404,-0.001606525651750752,-0.001606525651750752,0.4999584188306874,0.007188987128012605,0.0,0.005380318270884607,0.005380318270884607,True,1.9016897284489187e-06,1.8092605816347125e-06,success,0.9999168376613748,0.49218641762958737,0.5,2.5744730228468456e-15,0.005,"[0.005, 0.0075, 0.01, 0.015, 0.02, 0.03, 0.05, 0.08]",0.00027987109070151857,0.00011301626885592807,False,-8.496606956724418e-19,6.457280064891213e-09,True,success,-5.185349392892689e-17,1.162826330938422e-16,0.00012572269259990022,-5.814131654692111e-19,0.0
0.009208614600403524,-1.1249656330721176e-20,6.0189481395031176e-06,2.708186641414099e-06,-1.5509636485369269e-24,3.6764068926190905e-09,typ,0.0008025264186004157,9.956396034993739e-15,True,0.000294092733699098,0.4375,0.7,1.6288597606894763e-16,-0.010638775638553723,4.417861115728453e-09,True,False,41,0.875,354,4.901875856825454e-07,6.535834475767273e-05,4.901875856825454e-07,4.901875856825454e-07,0.0,24.1336190638417,7.3357405473651855,-0.001606525651750752,-0.001606525651750752,0.4999584188306874,0.007188987128012605,0.0,0.005380318270884607,0.005380318270884607,True,2.708186641414099e-06,1.8092605816347125e-06,success,0.9999168376613748,0.49218641762958737,0.5,2.5744730228468456e-15,0.0075,"[0.005, 0.0075, 0.01, 0.015, 0.02, 0.03, 0.05, 0.08]",0.0006108055439937033,0.0006536214621512519,False,-1.2216448205171072e-18,5.5426173716500037e-08,True,success,-1.5543561553159658e-17,7.635926932653259e-17,0.0013575160723410956,-5.726945199489944e-19,0.0
0.01500207467814451,-8.470329472728408e-22,2.802168022226379e-05,7.392710715411911e-06,-6.668707644657251e-35,2.9338194829452398e-08,typ,0.002802168022226379,2.1688878728653505e-13,True,0.0004927792238084138,0.4375,0.7,5.646105391721752e-18,-0.0106346069821491,4.417861115728453e-09,True,False,41,0.875,354,2.9338194829452396e-06,0.00029338194829452396,2.9338194829452396e-06,2.9338194829452396e-06,0.0,39.68530077646588,12.062884943621128,-0.001606525651750752,-0.001606525651750752,0.4999584188306874,0.007188987128012605,0.0,0.005380318270884607,0.005380318270884607,True,7.392710715411911e-06,1.8092605816347125e-06,success,0.9999168376613748,0.49218641762958737,0.5,2.5744730228468456e-15,0.01,"[0.005, 0.0075, 0.01, 0.015, 0.02, 0.03, 0.05, 0.08]",0.0010469820009630475,0.0018678536684720447,False,-5.646105391721752e-20,4.2038333930148645e-07,True,success,-1.4319344189062048e-28,9.020652777275189e-28,0.0039685300776465884,-9.02065277727519e-30,0.0
0.043509917693526835,-8.186740532887139e-20,0.00016728816874841794,4.7030676074570556e-05,2.0998204119436272e-22,3.3255976991401056e-07,typ,0.011152544583227862,1.5640510814259545e-11,True,0.0010809185254231708,0.4375,0.7,1.2543868872307116e-16,-0.010601743842382046,4.417861115728453e-09,True,False,41,0.875,354,2.2170651327600706e-05,0.0014780434218400471,2.2170651327600706e-05,2.2170651327600706e-05,0.0,31.427220384765505,9.55272950391914,-0.001606525651750752,-0.001606525651750752,0.4999584188306875,0.007188987128012605,0.0,0.005380318270884607,0.005380318270884607,True,4.7030676074570556e-05,1.8092605816347125e-06,success,0.9999168376613748,0.49218641762958737,0.5,2.5744730228468456e-15,0.015,"[0.005, 0.0075, 0.01, 0.015, 0.02, 0.03, 0.05, 0.08]",0.0019879455457136484,0.0038448284349043055,False,-1.8815803308460675e-18,7.278694453344493e-06,True,success,5.3095374289830605e-17,-2.976525943215175e-16,0.007071124586572238,4.4647889148227625e-18,0.0
0.08685749580178342,4.92847316243938e-19,0.0004532147419219927,0.00014416237583462664,-5.623334140897744e-22,1.3774030311895793e-06,typ,0.022660737096099635,1.9856969345810608e-10,True,0.0016597574510278086,0.4375,0.7,-2.837102956368093e-16,-0.010517903115213462,4.417861115728453e-09,True,False,41,0.875,354,6.887015155947897e-05,0.0034435075779739484,6.887015155947898e-05,6.887015155947897e-05,0.0,23.886312625175574,7.260568404101117,-0.001606525651750752,-0.001606525651750752,0.4999584188306875,0.007188987128012605,0.0,0.005380318270884607,0.005380318270884607,True,0.00014416237583462664,1.8092605816347125e-06,success,0.9999168376613748,0.49218641762958737,0.5,2.5744730228468456e-15,0.02,"[0.005, 0.0075, 0.01, 0.015, 0.02, 0.03, 0.05, 0.08]",0.0030391840859992545,0.005217911680947714,False,5.674205912736186e-18,3.936509754379584e-05,True,success,-3.9905927348472464e-17,1.9503473456030074e-16,0.00955452505007023,-3.900694691206015e-18,1.9678375681174896e-16
0.17773178496706316,3.2638884532181697e-19,0.001419196777228887,0.0004990109793457659,-1.6443488762792454e-22,7.572724425021984e-06,typ,0.04730655924096291,3.778872631645822e-09,True,0.002807663128113193,0.4375,0.7,-6.121374507891251e-17,-0.010167954301741753,4.417861115728453e-09,True,False,41,0.875,354,0.0002524241475007328,0.008414138250024428,0.0002524241475007328,0.0002524241475007328,0.0,16.861629499727403,5.125320777152821,-0.001606525651750752,-0.001606525651750752,0.4999584188306875,0.007188987128012605,0.0,0.005380318270884607,0.005380318270884607,True,0.0004990109793457659,1.8092605816347125e-06,success,0.9999168376613748,0.49218641762958737,0.5,2.5744730228468456e-15,0.03,"[0.005, 0.0075, 0.01, 0.015, 0.02, 0.03, 0.05, 0.08]",0.005335922788528613,0.007985047680086538,False,1.8364123523673754e-18,0.00025223637643639353,True,success,-2.674932570365892e-18,1.0984052751939368e-17,0.015175466549754662,-3.29521582558181e-19,0.0
0.30716016586000405,1.2541381621179812e-18,0.004695155905823642,0.0015551445007349746,1.6393478969889642e-20,4.589431598460771e-05,typ,0.09390311811647284,7.137229311845592e-08,True,0.005062975846431112,0.4375,0.7,-8.166020868015718e-17,-0.008749454716550135,4.417861115728453e-09,True,False,41,0.875,354,0.0009178863196921542,0.01835772639384308,0.0009178863196921542,0.0009178863196921542,0.0,11.804514876377766,3.5881422587945395,-0.001606525651750752,-0.001606525651750752,0.49995841883068737,0.007188987128012605,0.0,0.005380318270884607,0.005380318270884607,True,0.0015551445007349746,1.8092605816347125e-06,success,0.9999168376613748,0.49218641762958737,0.5,2.5744730228468456e-15,0.05,"[0.005, 0.0075, 0.01, 0.015, 0.02, 0.03, 0.05, 0.08]",0.009774822584204848,0.015285692702625956,False,4.0830104340078595e-18,0.0014421648667713675,True,success,6.136296027205944e-17,-2.1082901250838031e-16,0.02951128719094442,1.0541450625419016e-17,0.0
0.4086528187370686,5.27344990236908e-19,0.012730808952638843,0.0032687745361819434,-5.506888041391476e-20,0.00018055763826544614,typ,0.15913511190798552,5.902022102752408e-07,True,0.007998903681330305,0.4375,0.7,-1.6130593197260165e-17,-0.004944040522735234,4.417861115728453e-09,True,False,41,0.875,354,0.0022569704783180766,0.028212130978975958,0.0022569704783180766,0.0022569704783180766,0.0,8.630797464522846,2.6234478446482274,-0.001606525651750752,-0.001606525651750752,0.49995841883068737,0.007188987128012605,0.0,0.005380318270884607,0.005380318270884607,True,0.0032687745361819434,1.8092605816347125e-06,success,0.9999168376613748,0.49218641762958737,0.5,2.5744730228468456e-15,0.08,"[0.005, 0.0075, 0.01, 0.015, 0.02, 0.03, 0.05, 0.08]",0.014182730958979645,0.031153116701808377,False,1.2904474557808133e-18,0.005202480963298971,True,success,-7.168129311352659e-17,2.1058687209977079e-16,0.05523710377294622,-1.6846949767981663e-17,0.0
0.6482544891406384,1.6685763239327791e-19,5.3314120107086425e-05,0.03239238083668965,-3.721091372615402e-21,2.6639787030199774e-06,arith,0.010662824021417284,8.629261268905368e-08,True,0.04996861784888025,0.02083333335,1.36,-5.147905188114424e-17,-0.18956470156907812,4.61734285289938e-09,True,False,42,0.0416666667,485,0.0005327957406039955,0.1065591481207991,0.0005327957406039954,0.0005327957406039955,0.0,3.2896361850655786,0.9999294960705268,-5.006816457674254e-06,-5.006816457674254e-06,0.4999596576068214,0.6482646439178915,0.0,0.37493262715074993,0.6482646439178915,True,0.03239238083668965,0.03239309391074286,success,0.9999193152136426,0.9999193152136426,0.5,3.4273448151766746e-15,0.005,"[0.005, 0.0075, 0.01, 0.015, 0.02, 0.03, 0.05, 0.08]",0.04996760140970396,8.224257756820556e-05,False,2.573952594057212e-19,3.456111769400195e-05,True,success,-1.2667284516037435e-17,2.2975102641425227e-17,8.224090462663945e-05,-1.1487551320712613e-19,2.0349302553665606e-16
0.6482417832393172,4.492186296203978e-19,0.00011994687719273752,0.03239148845488107,1.79498192924007e-21,5.9932570209995576e-06,arith,0.01599291695903167,1.941305156028421e-07,True,0.04996822064294923,0.02083333335,1.36,-9.239734128740578e-17,-0.1895313816174814,4.61734285289938e-09,True,False,42,0.0416666667,485,0.0007991009361332744,0.10654679148443659,0.0007991009361332744,0.0007991009361332744,0.0,3.2893453362863614,0.9998410886428132,-5.006816457674254e-06,-5.006816457674254e-06,0.4999596576068214,0.6482646439178915,0.0,0.37493262715074993,0.6482646439178915,True,0.03239148845488107,0.03239309391074286,success,0.9999193152136426,0.9999193152136426,0.5,3.4273448151766746e-15,0.0075,"[0.005, 0.0075, 0.01, 0.015, 0.02, 0.03, 0.05, 0.08]",0.04996592792798806,0.00018503416517422428,False,6.929800596555433e-19,7.775457756540756e-05,True,success,4.073926381244455e-18,-7.388697936250942e-18,0.00018502567516610782,5.541523452188207e-20,0.0
0.6482239716915369,-4.0318768289306064e-19,0.00021321419700225016,0.03239023717308119,1.7522994096322785e-20,1.0652943105893267e-05,arith,0.021321419700225015,3.4505135379122313e-07,True,0.04996766331945276,0.02083333335,1.36,6.219882332351033e-17,-0.18948473830922588,4.61734285289938e-09,True,False,42,0.0416666667,485,0.0010652943105893267,0.10652943105893266,0.0010652943105893267,0.0010652943105893267,0.0,3.2889364313598457,0.999716796449358,-5.006816457674254e-06,-5.006816457674254e-06,0.4999596576068214,0.6482646439178915,0.0,0.37493262715074993,0.6482646439178915,True,0.03239023717308119,0.03239309391074286,success,0.9999193152136426,0.9999193152136426,0.5,3.4273448151766746e-15,0.01,"[0.005, 0.0075, 0.01, 0.015, 0.02, 0.03, 0.05, 0.08]",0.04996357304378208,0.00032892056806518415,False,-6.219882332351033e-19,0.00013821055360182038,True,success,2.98309062199028e-17,-5.409961650693239e-17,0.0003288936431359846,5.40996165069324e-19,0.0
0.648172930768475,1.0801938675540118e-19,0.0004795721133793677,0.032386649468302345,8.454332849547076e-21,2.3957872050271846e-05,arith,0.03197147422529118,7.759152040985922e-07,True,0.049966062960859335,0.02083333335,1.36,-1.1110140687026552e-17,-0.18935150159769537,4.61734285289938e-09,True,False,42,0.0416666667,485,0.0015971914700181231,0.10647943133454155,0.0015971914700181231,0.0015971914700181231,0.0,3.2877569332621372,0.9993582720192667,-5.006816457674254e-06,-5.006816457674254e-06,0.4999596576068214,0.6482646439178915,0.0,0.37493262715074993,0.6482646439178915,True,0.032386649468302345,0.03239309391074286,success,0.9999193152136426,0.9999193152136426,0.5,3.4273448151766746e-15,0.015,"[0.005, 0.0075, 0.01, 0.015, 0.02, 0.03, 0.05, 0.08]",0.049956766421319965,0.0007398829704455354,False,1.6665211030539827e-19,0.00031084566224393614,True,success,9.597811388619393e-18,-1.7402917536172944e-17,0.0007397453099839809,2.6104376304259414e-19,0.0
0.6481010934070729,-3.597293786585464e-19,0.0008521699958285986,0.03238159486784042,-2.912202020603937e-20,4.25633661873209e-05,arith,0.04260849979142993,1.378269680089363e-06,True,0.049963802248211155,0.02083333335,1.36,2.7752566869425112e-17,-0.18916504526656455,4.61734285289938e-09,True,False,42,0.0416666667,485,0.002128168309366045,0.10640841546830225,0.002128168309366045,0.002128168309366045,0.0,3.286077041683364,0.9988476462098105,-5.006816457674254e-06,-5.006816457674254e-06,0.4999596576068214,0.6482646439178915,0.0,0.37493262715074993,0.6482646439178915,True,0.03238159486784042,0.03239309391074286,success,0.9999193152136426,0.9999193152136426,0.5,3.4273448151766746e-15,0.02,"[0.005, 0.0075, 0.01, 0.015, 0.02, 0.03, 0.05, 0.08]",0.049947036853761624,0.0013148720230492649,False,-5.550513373885023e-19,0.0005522923060652155,True,success,-2.4805866246970168e-17,4.496693310643838e-17,0.0013144308166733458,-8.993386621287676e-19,0.0
0.6478933249850861,1.4457570344304935e-19,0.0019147197496559556,0.03236694202242802,-2.5112828631381955e-20,9.557872357890274e-05,arith,0.06382399165519852,3.093591004656019e-06,True,0.04995720865494806,0.02083333335,1.36,-7.438246280557443e-18,-0.18863280621748202,4.61734285289938e-09,True,False,42,0.0416666667,485,0.0031859574526300915,0.10619858175433639,0.0031859574526300915,0.0031859574526300915,0.0,3.281081718524667,0.9973292500444649,-5.006816457674254e-06,-5.006816457674254e-06,0.4999596576068214,0.6482646439178915,0.0,0.37493262715074993,0.6482646439178915,True,0.03236694202242802,0.03239309391074286,success,0.9999193152136426,0.9999193152136426,0.5,3.4273448151766746e-15,0.03,"[0.005, 0.0075, 0.01, 0.015, 0.02, 0.03, 0.05, 0.08]",0.04991786583706399,0.0029553009358446944,False,2.231473884167233e-19,0.0012405341450192088,True,success,-1.4277895036409593e-17,2.5862631296236888e-17,0.0029529735466722,-7.758789388871067e-19,0.0
0.6472008216139691,1.893012762465224e-18,0.0052925019449952425,0.03231773062157642,-2.0094036876259927e-19,0.00026360905955159645,arith,0.10585003889990484,8.51924657599559e-06,True,0.04993462545517707,0.02083333335,1.36,-5.849846598601305e-17,-0.18693490547148045,4.61734285289938e-09,True,False,42,0.0416666667,485,0.005272181191031929,0.10544362382063857,0.005272181191031929,0.005272181191031929,0.0,3.262717455483734,0.9917471834403854,-5.006816457674254e-06,-5.006816457674254e-06,0.4999596576068213,0.6482646439178915,0.0,0.37493262715074993,0.6482646439178915,True,0.03231773062157642,0.03239309391074286,success,0.9999193152136426,0.9999193152136426,0.5,3.4273448151766746e-15,0.05,"[0.005, 0.0075, 0.01, 0.015, 0.02, 0.03, 0.05, 0.08]",0.04980802317907007,0.008177526616540701,False,2.924923299300653e-18,0.0034253116071944504,True,success,-6.884408002228595e-17,1.243530191618372e-16,0.008156793638709336,-6.2176509580918604e-18,0.0
0.64526973925889,3.3765328448204817e-18,0.013316280061985743,0.032178282132898126,-1.0164248453897327e-19,0.0006580548957036932,arith,0.1664535007748218,2.117507609288829e-05,True,0.0498679547096936,0.02083333335,1.36,-6.540932883158527e-17,-0.1828391029302496,4.61734285289938e-09,True,False,42,0.0416666667,485,0.008225686196296165,0.10282107745370206,0.008225686196296165,0.008225686196296165,0.0,3.1953563285027204,0.971271856088791,-5.006816457674254e-06,-5.006816457674254e-06,0.4999596576068213,0.6482646439178915,0.0,0.37493262715074993,0.6482646439178915,True,0.032178282132898126,0.03239309391074286,success,0.9999193152136426,0.9999193152136426,0.5,3.4273448151766746e-15,0.08,"[0.005, 0.0075, 0.01, 0.015, 0.02, 0.03, 0.05, 0.08]",0.049417321702496776,0.020636765141473792,False,5.232746306526822e-18,0.008592592563495895,True,success,-2.2088324938892608e-17,3.948411700443798e-17,0.020450280502417414,-3.158729360355039e-18,0.0
0.7223617488716264,1.7297923421526488e-19,5.979030804814886e-05,0.00039970253939110225,4.119028760022609e-22,3.272675626615699e-08,typ,0.011958061609629771,1.3080967585616616e-11,True,0.0005533273875803394,0.02083333335,1.36,-4.789268935833579e-17,-0.16139551874960112,4.45215738506511e-09,True,False,43,0.0416666667,346,6.545351253231398e-06,0.0013090702506462794,6.545351253231398e-06,6.545351253231398e-06,0.0,3.2751111680213176,0.9955144203124778,-0.3609443583211337,-0.3609443583211337,0.49995964477208504,0.7102605802019804,0.0,0.07963862582072802,0.07963862582072802,True,0.00039970253939110225,0.00039743234520090126,success,0.9999192895441702,0.036966256088130804,0.5,9.141685354926322e-15,0.005,"[0.005, 0.0075, 0.01, 0.015, 0.02, 0.03, 0.05, 0.08]",0.0005473588836472005,8.277058986241313e-05,False,2.3946344679167896e-19,4.319023148723409e-05,True,success,1.1388719316426927e-16,-2.0610470808103666e-16,8.187777920053294e-05,1.0305235404051833e-18,0.0
0.7238229899844665,2.5188642268974756e-19,0.0001341475259839634,0.0003989148923639588,7.584729229228418e-22,7.263125315707673e-08,typ,0.017886336797861786,2.8973688535414708e-11,True,0.0005511221636833057,0.02083333335,1.36,-4.639926725642377e-17,-0.16135821585159696,4.45215738506511e-09,True,False,43,0.0416666667,346,9.684167087610231e-06,0.001291222278348031,9.684167087610231e-06,9.684167087610231e-06,0.0,3.2368364858385776,0.9838803120056093,-0.3609443583211337,-0.3609443583211337,0.4999596447720851,0.7102605802019804,0.0,0.07963862582072802,0.07963862582072802,True,0.0003989148923639588,0.00039743234520090126,success,0.9999192895441702,0.036966256088130804,0.5,9.141685354926322e-15,0.0075,"[0.005, 0.0075, 0.01, 0.015, 0.02, 0.03, 0.05, 0.08]",0.0005414281972353288,0.0001853319497172123,False,3.479945044231783e-19,9.70990633567313e-05,True,success,1.4090882314170262e-16,-2.5351202723239268e-16,0.00018207205232841997,1.901340204242945e-18,0.0
0.7241177534554519,1.4653669987499386e-19,0.00023832987206311832,0.00039736209743385754,1.8983795058091985e-22,1.2688967069183887e-07,typ,0.023832987206311832,5.0421145688800573e-11,True,0.0005487534251683051,0.02083333335,1.36,-2.023658433669502e-17,-0.16130607022506624,4.45215738506511e-09,True,False,43,0.0416666667,346,1.2688967069183887e-05,0.0012688967069183887,1.2688967069183887e-05,1.2688967069183887e-05,0.0,3.193300808287588,0.9706470528651971,-0.3609443583211337,-0.3609443583211337,0.4999596447720851,0.7102605802019804,0.0,0.07963862582072802,0.07963862582072802,True,0.00039736209743385754,0.00039743234520090126,success,0.9999192895441702,0.036966256088130804,0.5,9.141685354926322e-15,0.01,"[0.005, 0.0075, 0.01, 0.015, 0.02, 0.03, 0.05, 0.08]",0.0005324119448116597,0.0003291313752850564,False,2.0236584336695022e-19,0.0001725788915396705,True,success,2.673478414137887e-17,-4.777454915979225e-17,0.00031933008082875883,4.777454915979225e-19,0.0
0.72422540032997,-1.0299948619871114e-18,0.0005363209280493129,0.00039284098102131235,-4.566037152206898e-22,2.7221142510857015e-07,typ,0.035754728536620865,1.0693580328486019e-10,True,0.0005424291675524319,0.02083333335,1.36,9.481347119444926e-17,-0.1611571099052717,4.45215738506511e-09,True,False,43,0.0416666667,346,1.8147428340571343e-05,0.0012098285560380895,1.8147428340571343e-05,1.8147428340571343e-05,0.0,3.0796902932396817,0.9361135972885886,-0.3609443583211337,-0.3609443583211337,0.4999596447720851,0.7102605802019804,0.0,0.07963862582072802,0.07963862582072802,True,0.00039284098102131235,0.00039743234520090126,success,0.9999192895441702,0.036966256088130804,0.5,9.141685354926322e-15,0.015,"[0.005, 0.0075, 0.01, 0.015, 0.02, 0.03, 0.05, 0.08]",0.0005075532407408521,0.000740544211518894,False,-1.422202067916739e-18,0.00038841723882185466,True,success,-4.4154795001856904e-17,7.748745459865319e-17,0.0006929303159789284,-1.162311818979798e-18,0.0
0.7243024643665791,3.1518956894003284e-19,0.0009538600892246662,0.00038676382008699976,-1.0086612294560011e-21,4.54067156292698e-07,typ,0.04769300446123331,1.7561674794380465e-10,True,0.0005339810909317208,0.02083333335,1.36,-2.175814555702735e-17,-0.16094849677338424,4.45215738506511e-09,True,False,43,0.0416666667,346,2.27033578146349e-05,0.001135167890731745,2.2703357814634902e-05,2.27033578146349e-05,0.0,2.935041572596933,0.8921456585249691,-0.3609443583211337,-0.3609443583211337,0.49995964477208515,0.7102605802019804,0.0,0.07963862582072802,0.07963862582072802,True,0.00038676382008699976,0.00039743234520090126,success,0.9999192895441702,0.036966256088130804,0.5,9.141685354926322e-15,0.02,"[0.005, 0.0075, 0.01, 0.015, 0.02, 0.03, 0.05, 0.08]",0.00047603119306708914,0.0013169361366992464,False,4.35162911140547e-19,0.0006908832132863507,True,success,-7.611361735068323e-17,1.3039756785279322e-16,0.0011740166290387733,-2.607951357055864e-18,1.4923483198741485e-16
0.7245123747157529,5.9311046645237635e-19,0.0021485619361992225,0.0003709758225557896,-3.8273341073111725e-21,8.664644779909452e-07,typ,0.07161873120664075,3.214373724380638e-10,True,0.0005120351777308622,0.02083333335,1.36,-2.728780014213333e-17,-0.16035199617894128,4.45215738506511e-09,True,False,43,0.0416666667,346,2.888214926636484e-05,0.0009627383088788281,2.888214926636484e-05,2.888214926636484e-05,0.0,2.5951510862518425,0.7888313393692059,-0.3609443583211337,-0.3609443583211337,0.4999596447720851,0.7102605802019804,0.0,0.07963862582072802,0.07963862582072802,True,0.0003709758225557896,0.00039743234520090126,success,0.9999192895441702,0.036966256088130804,0.5,9.141685354926322e-15,0.03,"[0.005, 0.0075, 0.01, 0.015, 0.02, 0.03, 0.05, 0.08]",0.0004032764722266789,0.0029655282796821314,False,8.186340042639999e-19,0.0015566597106195746,True,success,-2.1347557449320963e-16,3.4389789258531305e-16,0.002335635977626658,-1.0316936777559391e-17,0.0
0.7251050641218383,-2.966646866595175e-18,0.005982748634671992,0.00033194839442928615,-3.2765764669256184e-21,1.6005798508908459e-06,typ,0.1196549726934398,5.313099116590825e-10,True,0.00045779351276673664,0.02083333335,1.36,8.182667625382062e-17,-0.1584395517061161,4.45215738506511e-09,True,False,43,0.0416666667,346,3.201159701781691e-05,0.0006402319403563383,3.201159701781691e-05,3.201159701781691e-05,0.0,1.9287092545125255,0.58625731370742,-0.3609443583211337,-0.3609443583211337,0.4999596447720851,0.7102605802019804,0.0,0.07963862582072802,0.07963862582072802,True,0.00033194839442928615,0.00039743234520090126,success,0.9999192895441702,0.036966256088130804,0.5,9.141685354926322e-15,0.05,"[0.005, 0.0075, 0.01, 0.015, 0.02, 0.03, 0.05, 0.08]",0.0002675325253705229,0.008250871398778038,False,-4.091333812691031e-18,0.004338121332368675,True,success,-1.4214983136994138e-16,1.97414810368882e-16,0.004821773136281314,-9.8707405184441e-18,0.0
0.7258713025231199,1.8075141295257105e-18,0.015195525082402638,0.00027425453021494273,-3.94938503811321e-21,2.161749701574226e-06,typ,0.18994406353003296,5.92869648847532e-10,True,0.00037782803819580316,0.02083333335,1.36,-3.112662883976149e-17,-0.1537815598460506,4.45215738506511e-09,True,False,43,0.0416666667,346,2.702187126967782e-05,0.0003377733908709728,2.702187126967782e-05,2.702187126967782e-05,0.0,1.2316055111514406,0.3743631845108712,-0.3609443583211337,-0.3609443583211337,0.49995964477208504,0.7102605802019804,0.0,0.07963862582072802,0.07963862582072802,True,0.00027425453021494273,0.00039743234520090126,success,0.9999192895441702,0.036966256088130804,0.5,9.141685354926322e-15,0.08,"[0.005, 0.0075, 0.01, 0.015, 0.02, 0.03, 0.05, 0.08]",0.00014226225746405213,0.02093418630765974,False,2.490130307180919e-18,0.011029995584086343,True,success,-1.621996331600622e-16,1.8000546039376e-16,0.00788227527136922,-1.44004368315008e-17,0.0
0.6409991448370358,-5.0629812439204295e-20,5.2717539863597176e-05,0.03149270393471738,-4.954491982940125e-21,2.5899968606870045e-06,arith,0.010543507972719435,8.156600432546328e-08,True,0.0491306489070651,0.02083333335,1.38,1.579715444147001e-17,-0.19168880127803437,4.605830964867888e-09,True,False,44,0.0416666667,480,0.0005179993721374009,0.10359987442748017,0.0005179993721374009,0.0005179993721374009,0.0,3.289646854148724,0.9999327390829248,-5.158438132609735e-06,-5.158438132609735e-06,0.49995964557533656,0.6410087381287337,0.0,0.3649173930511226,0.6410087381287337,True,0.03149270393471738,0.0314933653225752,success,0.9999192911506729,0.9999192911506729,0.5,3.5252600452620478e-15,0.005,"[0.005, 0.0075, 0.01, 0.015, 0.02, 0.03, 0.05, 0.08]",0.04912969890834121,8.224276161397969e-05,False,-7.898577220735005e-20,3.3791897970478136e-05,True,success,-1.734780516821222e-17,3.146437977006046e-17,8.224117135371812e-05,-1.5732189885030232e-19,0.0
0.6409871416338625,-2.7846208140985124e-19,0.00011860511899705458,0.031491876249070495,-1.4707271291192832e-21,5.8268482850486624e-06,arith,0.015814015866273946,1.8349838511486112e-07,True,0.04913027766641056,0.02083333335,1.38,5.792359176921133e-17,-0.1916558541131069,4.605830964867888e-09,True,False,44,0.0416666667,480,0.000776913104673155,0.10358841395642067,0.000776913104673155,0.000776913104673155,0.0,3.2893693960034582,0.9998484019198562,-5.158438132609735e-06,-5.158438132609735e-06,0.49995964557533656,0.6410087381287337,0.0,0.3649173930511226,0.6410087381287337,True,0.031491876249070495,0.0314933653225752,success,0.9999192911506729,0.9999192911506729,0.5,3.5252600452620478e-15,0.0075,"[0.005, 0.0075, 0.01, 0.015, 0.02, 0.03, 0.05, 0.08]",0.04912813489267158,0.00018503509866786512,False,-4.34426938269085e-19,7.602435620906614e-05,True,success,-3.4333334142941098e-18,6.2269059168878735e-18,0.0001850270285251945,-4.6701794376659053e-20,0.0
0.6409703154401816,6.860966872759695e-19,0.00021083021634989046,0.031490715707628215,-6.538035561619688e-21,1.0357231336825971e-05,arith,0.021083021634989044,3.261566275461248e-07,True,0.04912975679069038,0.02083333335,1.38,-1.0704032164185291e-16,-0.19160973245026794,4.605830964867888e-09,True,False,44,0.0416666667,480,0.001035723133682597,0.1035723133682597,0.001035723133682597,0.001035723133682597,0.0,3.288979340128832,0.9997298391511449,-5.158438132609735e-06,-5.158438132609735e-06,0.49995964557533645,0.6410087381287337,0.0,0.3649173930511226,0.6410087381287337,True,0.031490715707628215,0.0314933653225752,success,0.9999192911506729,0.9999192911506729,0.5,3.5252600452620478e-15,0.01,"[0.005, 0.0075, 0.01, 0.015, 0.02, 0.03, 0.05, 0.08]",0.049125934204977885,0.000328923526209017,False,1.0704032164185291e-18,0.000135135910278111,True,success,-1.144812003809696e-17,2.076178776729401e-17,0.0003288979340128833,-2.076178776729401e-19,0.0
0.6409221000345304,9.75377074143487e-19,0.0004742170191034312,0.03148738833536266,-4.236781814173511e-20,2.32933381107942e-05,arith,0.03161446794022875,7.334463827214797e-07,True,0.0491282611937804,0.02083333335,1.38,-1.0145560322031205e-16,-0.19147798449829917,4.605830964867888e-09,True,False,44,0.0416666667,480,0.00155288920738628,0.10352594715908534,0.00155288920738628,0.00155288920738628,0.0,3.2878543643080764,0.999387887505961,-5.158438132609735e-06,-5.158438132609735e-06,0.49995964557533645,0.6410087381287337,0.0,0.3649173930511226,0.6410087381287337,True,0.03148738833536266,0.0314933653225752,success,0.9999192911506729,0.9999192911506729,0.5,3.5252600452620478e-15,0.015,"[0.005, 0.0075, 0.01, 0.015, 0.02, 0.03, 0.05, 0.08]",0.04911957431395709,0.0007398980610559102,False,1.5218340483046808e-18,0.00030393616775588615,True,success,-4.9471139489292816e-17,8.970325450195759e-17,0.0007397672319693171,-1.3455488175293639e-18,0.0
0.6408542442028627,4.980051642064979e-20,0.0008426722156258859,0.0314827009134766,-2.0614965694827487e-20,4.1384042026605336e-05,arith,0.0421336107812943,1.3028814177143618e-06,True,0.049126148727682825,0.02083333335,1.38,-3.8854791765165724e-18,-0.1912936082623526,4.605830964867888e-09,True,False,44,0.0416666667,480,0.0020692021013302667,0.10346010506651333,0.0020692021013302667,0.0020692021013302667,0.0,3.2862525153369484,0.9989009838046481,-5.158438132609735e-06,-5.158438132609735e-06,0.49995964557533656,0.6410087381287337,0.0,0.3649173930511226,0.6410087381287337,True,0.0314827009134766,0.0314933653225752,success,0.9999192911506729,0.9999192911506729,0.5,3.5252600452620478e-15,0.02,"[0.005, 0.0075, 0.01, 0.015, 0.02, 0.03, 0.05, 0.08]",0.049110485974511175,0.0013149202384920738,False,7.770958353033145e-20,0.0005400300658556789,True,success,-1.8060516715608658e-17,3.274014791723757e-17,0.0013145010061347796,-6.548029583447514e-19,0.0
0.6406580233293904,-1.7810620369567997e-18,0.0018934987620107596,0.031469115208729706,-1.123427197292062e-19,9.293908421706507e-05,arith,0.06311662540035866,2.9247107486206534e-06,True,0.04911998923417846,0.02083333335,1.38,9.26683697125925e-17,-0.1907672848100769,4.605830964867888e-09,True,False,44,0.0416666667,480,0.003097969473902169,0.10326564913007232,0.0030979694739021687,0.003097969473902169,0.0,3.2814919785677943,0.9974539541439774,-5.158438132609735e-06,-5.158438132609735e-06,0.49995964557533645,0.6410087381287337,0.0,0.3649173930511226,0.6410087381287337,True,0.031469115208729706,0.0314933653225752,success,0.9999192911506729,0.9999192911506729,0.5,3.5252600452620478e-15,0.03,"[0.005, 0.0075, 0.01, 0.015, 0.02, 0.03, 0.05, 0.08]",0.049083255865649704,0.002955553029946569,False,-2.780051091377775e-18,0.001213085174046461,True,success,-6.569063696568386e-17,1.1899785867726136e-16,0.0029533427807110144,-3.5699357603178404e-18,1.3998874832292714e-16
0.6400043837045918,-2.7572775272895716e-18,0.005235055038698798,0.031423518852123605,-1.4814639334701478e-19,0.0002564178226466401,arith,0.10470110077397594,8.057550283957183e-06,True,0.049098911901559454,0.02083333335,1.38,8.616433254189252e-17,-0.1890880152271912,4.605830964867888e-09,True,False,44,0.0416666667,480,0.005128356452932801,0.10256712905865602,0.005128356452932801,0.005128356452932801,0.0,3.2640242978938216,0.9921444158998576,-5.158438132609735e-06,-5.158438132609735e-06,0.49995964557533645,0.6410087381287337,0.0,0.3649173930511226,0.6410087381287337,True,0.031423518852123605,0.0314933653225752,success,0.9999192911506729,0.9999192911506729,0.5,3.5252600452620478e-15,0.05,"[0.005, 0.0075, 0.01, 0.015, 0.02, 0.03, 0.05, 0.08]",0.04898092202491422,0.008179717470677753,False,-4.3082166270946265e-18,0.003350458173702042,True,success,-5.219027325714657e-17,9.429013602466295e-17,0.008160060744734556,-4.714506801233148e-18,0.0
0.6381849151252048,-3.4586880802179917e-18,0.013183035901088429,0.031294516850263694,-1.946043439520998e-19,0.0006409050463030517,arith,0.16478794876360536,2.0056813770949883e-05,True,0.04903675425189901,0.02083333335,1.38,6.77446300877277e-17,-0.1850350947353396,4.605830964867888e-09,True,False,44,0.0416666667,480,0.008011313078788145,0.10014141348485181,0.008011313078788145,0.008011313078788145,0.0,3.1999667534093277,0.9726732572146857,-5.158438132609735e-06,-5.158438132609735e-06,0.4999596455753365,0.6410087381287337,0.0,0.3649173930511226,0.6410087381287337,True,0.031294516850263694,0.0314933653225752,success,0.9999192911506729,0.9999192911506729,0.5,3.5252600452620478e-15,0.08,"[0.005, 0.0075, 0.01, 0.015, 0.02, 0.03, 0.05, 0.08]",0.04861589174995243,0.020657078518538884,False,-5.419570407018216e-18,0.008413214647628647,True,success,-4.3453179473320076e-17,7.773100671406436e-17,0.0204797872218197,-6.218480537125149e-18,0.0
0.7114976196639088,-6.000719715219998e-20,5.946359962889496e-05,0.0002514915834471453,-6.196901132366983e-22,2.0691320144887542e-08,typ,0.011892719925778993,5.203692866849584e-12,True,0.00035346791963400073,0.02083333335,1.38,1.686785605285529e-17,-0.1636025074959622,4.355658893889053e-09,True,False,45,0.0416666667,350,4.138264028977508e-06,0.0008276528057955016,4.138264028977508e-06,4.138264028977508e-06,0.0,3.2909761609157195,1.000336799888092,-0.5481157582275288,-0.5481157582275288,0.49995961600379624,0.6807269034086662,0.0,0.06274575363736241,0.06274575363736241,True,0.0002514915834471453,0.00024646370761378727,success,0.9999192320075925,0.02991838735061034,0.5,9.033576053253163e-15,0.005,"[0.005, 0.0075, 0.01, 0.015, 0.02, 0.03, 0.05, 0.08]",0.00034796615532896655,8.357526151244733e-05,False,-8.433928026427645e-20,4.2308209592606456e-05,True,success,-2.7165564837150543e-16,4.928118108309858e-16,8.2274404022893e-05,-2.464059054154929e-18,0.0
0.7151433609718916,1.4722491414463808e-19,0.0001328205378685836,0.00025137091821844106,-8.485063627204104e-22,4.5769749341256546e-08,typ,0.01770940504914448,1.1505183918539545e-11,True,0.0003514972408844345,0.02083333335,1.38,-2.744902578126564e-17,-0.1635655108277357,4.355658893889053e-09,True,False,45,0.0416666667,350,6.1026332455008735e-06,0.0008136844327334498,6.1026332455008735e-06,6.1026332455008735e-06,0.0,3.236987152294041,0.9839261091164175,-0.5481157582275288,-0.5481157582275288,0.4999596160037962,0.6807269034086662,0.0,0.06274575363736241,0.06274575363736241,True,0.00025137091821844106,0.00024646370761378727,success,0.9999192320075925,0.02991838735061034,0.5,9.033576053253163e-15,0.0075,"[0.005, 0.0075, 0.01, 0.015, 0.02, 0.03, 0.05, 0.08]",0.00034459843391496,0.00018572575111104757,False,2.0586769335949229e-19,9.498572585743327e-05,True,success,-2.501545004480385e-16,4.500686972776272e-16,0.0001820805273165398,-3.3755152295822038e-18,0.0
0.7158525980867383,5.590417451878367e-20,0.00023569202451932311,0.00025040487097486067,-1.14130245017004e-21,7.982078073590234e-08,typ,0.023569202451932312,1.9987512301286268e-11,True,0.0003497994861569527,0.02083333335,1.38,-7.80945332435741e-18,-0.16351392072065252,4.355658893889053e-09,True,False,45,0.0416666667,350,7.982078073590233e-06,0.0007982078073590234,7.982078073590233e-06,7.982078073590233e-06,0.0,3.1876688510550544,0.968935143146127,-0.5481157582275288,-0.5481157582275288,0.4999596160037962,0.6807269034086662,0.0,0.06274575363736241,0.06274575363736241,True,0.00025040487097486067,0.00024646370761378727,success,0.9999192320075925,0.02991838735061034,0.5,9.033576053253163e-15,0.01,"[0.005, 0.0075, 0.01, 0.015, 0.02, 0.03, 0.05, 0.08]",0.0003386655993077876,0.0003292465867264546,False,7.80945332435741e-20,0.00016872074810048068,True,success,-2.552826959259055e-16,4.557828470855188e-16,0.0003187668851055055,-4.5578284708551884e-18,0.0
0.7160315275029906,-1.6263439336699632e-19,0.0005302200199251691,0.00024738901555462225,-1.1051133165733186e-21,1.7074307453195404e-07,typ,0.03534800132834461,4.2239961121229604e-11,True,0.00034550017150409483,0.02083333335,1.38,1.514220041251997e-17,-0.16336664251474087,4.355658893889053e-09,True,False,45,0.0416666667,350,1.1382871635463604e-05,0.000758858109030907,1.1382871635463604e-05,1.1382871635463604e-05,0.0,3.067468890361282,0.9323987362723606,-0.5481157582275288,-0.5481157582275288,0.49995961600379624,0.6807269034086662,0.0,0.06274575363736241,0.06274575363736241,True,0.00024738901555462225,0.00024646370761378727,success,0.9999192320075925,0.02991838735061034,0.5,9.033576053253163e-15,0.015,"[0.005, 0.0075, 0.01, 0.015, 0.02, 0.03, 0.05, 0.08]",0.00032202306234315956,0.0007404981478597737,False,-2.271330061877995e-19,0.00037965425077968494,True,success,-1.7003763555115678e-16,2.978071639103193e-16,0.0006901805003312883,-4.4671074586547886e-18,0.0
0.7160971065111741,-9.549010908983015e-19,0.0009429314491097099,0.00024334103176529151,-8.235471840359287e-22,2.839650253528344e-07,typ,0.047146572455485494,6.910034225461589e-11,True,0.000339815689174963,0.02083333335,1.38,6.667399450547851e-17,-0.16316041132631073,4.355658893889053e-09,True,False,45,0.0416666667,350,1.419825126764172e-05,0.000709912563382086,1.419825126764172e-05,1.419825126764172e-05,0.0,2.9173565930583147,0.8867700693463392,-0.5481157582275288,-0.5481157582275288,0.49995961600379624,0.6807269034086662,0.0,0.06274575363736241,0.06274575363736241,True,0.00024334103176529151,0.00024646370761378727,success,0.9999192320075925,0.02991838735061034,0.5,9.033576053253163e-15,0.02,"[0.005, 0.0075, 0.01, 0.015, 0.02, 0.03, 0.05, 0.08]",0.0003011512932577935,0.0013167647802735482,False,-1.3334798901095701e-18,0.0006752304823458516,True,success,-9.9071419885477e-17,1.692166705428989e-16,0.001166942637223326,-3.384333410857978e-18,0.0
0.7162679654837663,-3.070531897621643e-19,0.002123474713765675,0.00023294452399178002,-1.7478204168787372e-21,5.391878603377496e-07,typ,0.07078249045885583,1.2560085946852344e-10,True,0.0003252197993169353,0.02083333335,1.38,1.4289493344146283e-17,-0.16257081053193959,4.355658893889053e-09,True,False,45,0.0416666667,350,1.7972928677924986e-05,0.0005990976225974995,1.7972928677924986e-05,1.7972928677924986e-05,0.0,2.571846774207236,0.7817476779282161,-0.5481157582275288,-0.5481157582275288,0.4999596160037962,0.6807269034086662,0.0,0.06274575363736241,0.06274575363736241,True,0.00023294452399178002,0.00024646370761378727,success,0.9999192320075925,0.02991838735061034,0.5,9.033576053253163e-15,0.03,"[0.005, 0.0075, 0.01, 0.015, 0.02, 0.03, 0.05, 0.08]",0.00025391772119649027,0.0029646372811486595,False,-4.2868480032438845e-19,0.0015209769129851628,True,success,-1.5595543075514068e-16,2.501053880308448e-16,0.0023146620967865123,-7.503161640925343e-18,0.0
0.7167369724862286,-4.919821711303072e-18,0.005909495477015023,0.00020776865483276746,-1.6581510903820843e-21,9.930226398613587e-07,typ,0.11818990954030045,2.063189781024782e-10,True,0.00028988131324111303,0.02083333335,1.38,1.3728388237702085e-16,-0.16068128468493173,4.355658893889053e-09,True,False,45,0.0416666667,350,1.9860452797227172e-05,0.0003972090559445434,1.9860452797227172e-05,1.9860452797227172e-05,0.0,1.9117852799511847,0.5811130423039563,-0.5481157582275288,-0.5481157582275288,0.49995961600379624,0.6807269034086662,0.0,0.06274575363736241,0.06274575363736241,True,0.00020776865483276746,0.00024646370761378727,success,0.9999192320075925,0.02991838735061034,0.5,9.033576053253163e-15,0.05,"[0.005, 0.0075, 0.01, 0.015, 0.02, 0.03, 0.05, 0.08]",0.0001680384803954448,0.008244998798535635,False,-6.864194118851043e-18,0.004235553897116808,True,success,-1.1543951987212421e-16,1.5961513460408418e-16,0.0047794631998779626,-7.98075673020421e-18,0.0
0.7172909166432109,-1.2267182616087206e-18,0.015011988572507974,0.00017131256535640963,-2.4156475570482552e-21,1.349270250656457e-06,typ,0.18764985715634966,2.3114694799904346e-10,True,0.00023883275443960843,0.02083333335,1.38,2.1377627841530735e-17,-0.15608080126256174,4.355658893889053e-09,True,False,45,0.0416666667,350,1.686587813320571e-05,0.00021082347666507136,1.686587813320571e-05,1.686587813320571e-05,0.0,1.2306363880924946,0.3740686064245887,-0.5481157582275288,-0.5481157582275288,0.4999596160037963,0.6807269034086662,0.0,0.06274575363736241,0.06274575363736241,True,0.00017131256535640963,0.00024646370761378727,success,0.9999192320075925,0.02991838735061034,0.5,9.033576053253163e-15,0.08,"[0.005, 0.0075, 0.01, 0.015, 0.02, 0.03, 0.05, 0.08]",8.987951490500245e-05,0.020928730901488772,False,-1.710210227322459e-18,0.01076796304381165,True,success,-1.5888741129149194e-16,1.7626024337609061e-16,0.007876072883791966,-1.4100819470087248e-17,0.0
0.63387759435032,1.9422149083956805e-20,5.213195460755498e-05,0.030629809270002115,-1.4224255974598684e-20,2.519039127053743e-06,arith,0.010426390921510995,7.715768800532878e-08,True,0.04832133134693855,0.02083333335,1.4,-6.128044044170119e-18,-0.19382157631741412,4.640234813107345e-09,True,False,46,0.0416666667,475,0.0005038078254107486,0.10076156508214973,0.0005038078254107486,0.0005038078254107486,0.0,3.2896569545678656,0.9999358092421929,-5.312496167944342e-06,-5.312496167944342e-06,0.49995963347334327,0.6338866607470208,0.0,0.35519086106692804,0.6338866607470208,True,0.030629809270002115,0.030630423180889772,success,0.9999192669466866,0.9999192669466866,0.5,2.7184321403315313e-15,0.005,"[0.005, 0.0075, 0.01, 0.015, 0.02, 0.03, 0.05, 0.08]",0.04832044273069868,8.22429362895948e-05,False,3.0640220220850594e-20,3.304527797541703e-05,True,success,-5.1208252571409536e-17,9.28785148429212e-17,8.224142386419663e-05,-4.64392574214606e-19,0.0
0.6338662505485461,8.364450354136216e-21,0.00011728806578847397,0.03062904101101077,-3.7722744654868274e-20,5.66723968673416e-06,arith,0.01563840877179653,1.735821167842084e-07,True,0.04832098409483781,0.02083333335,1.4,-1.759456425157546e-18,-0.1937889950719715,4.640234813107345e-09,True,False,46,0.0416666667,475,0.0007556319582312214,0.10075092776416285,0.0007556319582312214,0.0007556319582312214,0.0,3.2893921728709725,0.9998553252573849,-5.312496167944342e-06,-5.312496167944342e-06,0.49995963347334327,0.6338866607470208,0.0,0.35519086106692804,0.6338866607470208,True,0.03062904101101077,0.030630423180889772,success,0.9999192669466866,0.9999192669466866,0.5,2.7184321403315313e-15,0.0075,"[0.005, 0.0075, 0.01, 0.015, 0.02, 0.03, 0.05, 0.08]",0.04831897984365163,0.0001850359846213191,False,1.3195923188681593e-20,7.434494649543119e-05,True,success,-9.054214808826276e-17,1.6421341058336282e-16,0.0001850283097239922,-1.231600579375221e-18,0.0
0.6338503489837438,9.656175598697632e-20,0.00020849007136786112,0.030627963817667546,2.6655068058908204e-20,1.0073598432651283e-05,arith,0.02084900713678611,3.08533808308956e-07,True,0.04832049689137752,0.02083333335,1.4,-1.5234156791393172e-17,-0.19374338545626776,4.640234813107345e-09,True,False,46,0.0416666667,475,0.0010073598432651283,0.10073598432651283,0.0010073598432651283,0.0010073598432651283,0.0,3.2890199598709176,0.9997421860721869,-5.312496167944342e-06,-5.312496167944342e-06,0.4999596334733434,0.6338866607470208,0.0,0.35519086106692804,0.6338866607470208,True,0.030627963817667546,0.030630423180889772,success,0.9999192669466866,0.9999192669466866,0.5,2.7184321403315313e-15,0.01,"[0.005, 0.0075, 0.01, 0.015, 0.02, 0.03, 0.05, 0.08]",0.04831692159996131,0.0003289263336403215,False,1.5234156791393172e-19,0.0001321515044961644,True,success,4.798753212405325e-17,-8.702853450392414e-17,0.0003289019959870918,8.702853450392415e-19,0.0
0.6338047848829329,-4.747467812383555e-19,0.00046896000804357545,0.030624875560234684,5.065896904424083e-21,2.2655914914166962e-05,arith,0.031264000536238366,6.938345749496283e-07,True,0.04831909807353578,0.02083333335,1.4,4.9936173046936293e-17,-0.19361309894236942,4.640234813107345e-09,True,False,46,0.0416666667,475,0.001510394327611131,0.1006929551740754,0.001510394327611131,0.001510394327611131,0.0,3.2879465902164067,0.9994159208205445,-5.312496167944342e-06,-5.312496167944342e-06,0.49995963347334327,0.6338866607470208,0.0,0.35519086106692804,0.6338866607470208,True,0.030624875560234684,0.030630423180889772,success,0.9999192669466866,0.9999192669466866,0.5,2.7184321403315313e-15,0.015,"[0.005, 0.0075, 0.01, 0.015, 0.02, 0.03, 0.05, 0.08]",0.048310974338054403,0.0007399123819019366,False,-7.490425957040444e-19,0.0002972290970167568,True,success,6.08174740388596e-18,-1.102784759502712e-17,0.0007397879827986914,1.6541771392540677e-19,0.0
0.6337406648840002,4.617941697085725e-19,0.0008333474209816136,0.030620525367239908,-2.4521177031740006e-20,4.025274558639473e-05,arith,0.041667371049080686,1.232560217329254e-06,True,0.04831712254545743,0.02083333335,1.4,-3.6434001737374644e-17,-0.19343076480907573,4.640234813107345e-09,True,False,46,0.0416666667,475,0.0020126372793197365,0.10063186396598682,0.0020126372793197365,0.0020126372793197365,0.0,3.286418595340307,0.998951466072207,-5.312496167944342e-06,-5.312496167944342e-06,0.4999596334733434,0.6338866607470208,0.0,0.35519086106692804,0.6338866607470208,True,0.030620525367239908,0.030630423180889772,success,0.9999192669466866,0.9999192669466866,0.5,2.7184321403315313e-15,0.02,"[0.005, 0.0075, 0.01, 0.015, 0.02, 0.03, 0.05, 0.08]",0.048302478141685916,0.0013149659902827121,False,7.286800347474929e-19,0.0005281261486522546,True,success,-2.2087025861306478e-17,4.004042507052241e-17,0.0013145674381361229,-8.008085014104482e-19,0.0
0.633555277563766,-8.826383389544059e-20,0.001872657733224618,0.03060791960059269,-1.664696151147696e-19,9.040637129794111e-05,arith,0.0624219244408206,2.767150944068712e-06,True,0.04831136395594474,0.02083333335,1.4,4.643837563516417e-18,-0.19291025011082671,4.640234813107345e-09,True,False,46,0.0416666667,475,0.0030135457099313705,0.10045152366437902,0.0030135457099313705,0.0030135457099313705,0.0,3.2818801465498453,0.9975719430621578,-5.312496167944342e-06,-5.312496167944342e-06,0.4999596334733434,0.6338866607470208,0.0,0.35519086106692804,0.6338866607470208,True,0.03060791960059269,0.030630423180889772,success,0.9999192669466866,0.9999192669466866,0.5,2.7184321403315313e-15,0.03,"[0.005, 0.0075, 0.01, 0.015, 0.02, 0.03, 0.05, 0.08]",0.048277039468534434,0.0029557921771650605,False,-1.3931512690549251e-19,0.0011864321899550557,True,success,-1.0007337586240319e-16,1.8129252961004478e-16,0.0029536921318948604,-5.438775888301343e-18,0.0
0.632938082443246,-1.7804103110786347e-18,0.005178568882492445,0.03056564116435903,-7.01143102618249e-20,0.0002495118956469535,arith,0.1035713776498489,7.626491068583778e-06,True,0.04829167656711472,0.02083333335,1.4,5.625859339055584e-17,-0.19124928853033513,4.640234813107345e-09,True,False,46,0.0416666667,475,0.0049902379129390705,0.0998047582587814,0.0049902379129390705,0.0049902379129390705,0.0,3.265259764128829,0.9925199526037009,-5.312496167944342e-06,-5.312496167944342e-06,0.4999596334733434,0.6338866607470208,0.0,0.35519086106692804,0.6338866607470208,True,0.03056564116435903,0.030630423180889772,success,0.9999192669466866,0.9999192669466866,0.5,2.7184321403315313e-15,0.05,"[0.005, 0.0075, 0.01, 0.015, 0.02, 0.03, 0.05, 0.08]",0.04818163112409223,0.00818179380596331,False,-2.8129296695277925e-18,0.0032777134582850317,True,success,-2.5388923270894177e-17,4.587785997015594e-17,0.008163149410322073,-2.2938929985077973e-18,0.0
0.631223200863269,3.326419680892135e-18,0.013051408498428852,0.03044622432220128,-8.533708706756525e-20,0.0006243858543783865,arith,0.16314260623036064,1.9010191786013658e-05,True,0.04823369020746169,0.02083333335,1.4,-6.58724932072934e-17,-0.18723862100855063,4.640234813107345e-09,True,False,46,0.0416666667,475,0.007804823179729831,0.09756028974662288,0.007804823179729831,0.007804823179729831,0.0,3.204347728446652,0.9740049139435534,-5.312496167944342e-06,-5.312496167944342e-06,0.4999596334733433,0.6338866607470208,0.0,0.35519086106692804,0.6338866607470208,True,0.03044622432220128,0.030630423180889772,success,0.9999192669466866,0.9999192669466866,0.5,2.7184321403315313e-15,0.08,"[0.005, 0.0075, 0.01, 0.015, 0.02, 0.03, 0.05, 0.08]",0.047840495870890176,0.020676376407869002,False,5.269799456583472e-18,0.008238351848152331,True,success,-1.9572421740433073e-17,3.503598925948666e-17,0.020507825462058576,-2.802879140758933e-18,0.0
0.698239319698951,-1.4228385415312914e-19,5.9404186390258875e-05,0.00015424599126333073,-2.8431065148007815e-22,1.2817616672918005e-08,typ,0.011880837278051774,1.977065989347633e-12,True,0.00022090705423154138,0.02083333335,1.4,4.075503917896673e-17,-0.16587200819438438,4.314105839623019e-09,True,False,47,0.0416666667,350,2.563523334583601e-06,0.0005127046669167202,2.563523334583601e-06,2.563523334583601e-06,0.0,3.3239415995027333,1.0103570916588671,-0.8230401923519662,-0.8230401923519662,0.49996012043776145,0.6329939358430693,0.0,0.04844244410130782,0.04844244410130782,True,0.00015424599126333073,0.00014680864260202428,success,0.9999202408755229,0.024333957287837344,0.5,9.62658889247616e-15,0.005,"[0.005, 0.0075, 0.01, 0.015, 0.02, 0.03, 0.05, 0.08]",0.00021576958547520555,8.507711427060746e-05,False,-2.0377519589483365e-19,4.147833869240404e-05,True,success,-2.022006502610359e-16,3.6864575753505235e-16,8.309853998756834e-05,-1.843228787675262e-18,0.0
0.7058597323303162,3.714504171506124e-19,0.00013161672664958673,0.00015465889889863446,-6.100392394093223e-22,2.820942522604867e-08,typ,0.017548896886611563,4.36283864402405e-12,True,0.0002191071282506024,0.02083333335,1.4,-7.016510507440542e-17,-0.16583523295526997,4.314105839623019e-09,True,False,47,0.0416666667,350,3.7612566968064896e-06,0.000501500892907532,3.7612566968064896e-06,3.7612566968064896e-06,0.0,3.2426255228690235,0.9856399682578316,-0.8230401923519662,-0.8230401923519662,0.4999601204377614,0.6329939358430693,0.0,0.04844244410130782,0.04844244410130782,True,0.00015465889889863446,0.00014680864260202428,success,0.9999202408755229,0.024333957287837344,0.5,9.62658889247616e-15,0.0075,"[0.005, 0.0075, 0.01, 0.015, 0.02, 0.03, 0.05, 0.08]",0.00021433009271802346,0.00018646300478859868,False,5.262382880580406e-19,9.290294744306968e-05,True,success,-2.9206074944447963e-16,5.259223092483461e-16,0.00018239768566138254,-3.944417319362595e-18,0.0
0.7073314954322978,1.0384623933337714e-18,0.00023304577948017212,0.0001541401824565142,-5.8440310276871405e-22,4.9108293483351155e-08,typ,0.02330457794801721,7.569561317651795e-12,True,0.0002179178835551622,0.02083333335,1.4,-1.468141034352072e-16,-0.16578418269318126,4.314105839623019e-09,True,False,47,0.0416666667,350,4.910829348335116e-06,0.0004910829348335116,4.910829348335116e-06,4.910829348335116e-06,0.0,3.1859501332305427,0.9684127155731469,-0.8230401923519662,-0.8230401923519662,0.4999601204377615,0.6329939358430693,0.0,0.04844244410130782,0.04844244410130782,True,0.0001541401824565142,0.00014680864260202428,success,0.9999202408755229,0.024333957287837344,0.5,9.62658889247616e-15,0.01,"[0.005, 0.0075, 0.01, 0.015, 0.02, 0.03, 0.05, 0.08]",0.00021072380539519434,0.0003294717978558868,False,1.4681410343520718e-18,0.00016484061970389565,True,success,-2.1241107524724667e-16,3.7913741469300837e-16,0.0003185950133230542,-3.791374146930084e-18,0.0
0.7076503297638417,1.7076028493652648e-18,0.0005239840305226473,0.0001522491182010265,-2.845501504863248e-22,1.0490151350740023e-07,typ,0.03493226870150982,1.5971162929454755e-11,True,0.00021514738536451377,0.02083333335,1.4,-1.6087068029160006e-16,-0.16563861683592687,4.314105839623019e-09,True,False,47,0.0416666667,350,6.993434233826682e-06,0.00046622894892177884,6.993434233826682e-06,6.993434233826682e-06,0.0,3.0622768422617725,0.9308205428954498,-0.8230401923519662,-0.8230401923519662,0.49996012043776145,0.6329939358430693,0.0,0.04844244410130782,0.04844244410130782,True,0.0001522491182010265,0.00014680864260202428,success,0.9999202408755229,0.024333957287837344,0.5,9.62658889247616e-15,0.015,"[0.005, 0.0075, 0.01, 0.015, 0.02, 0.03, 0.05, 0.08]",0.00020019982937794178,0.0007404561384116251,False,2.413060204374001e-18,0.0003707974719903382,True,success,-7.120173060015633e-17,1.245984886912386e-16,0.0006890122895088989,-1.8689773303685795e-18,0.0
0.7077058259793346,1.830737221371649e-18,0.0009317583447630507,0.00014970049576897221,-2.5468847663188843e-22,1.743253967194683e-07,typ,0.046587917238152525,2.6096598314027167e-11,True,0.00021152926862204967,0.02083333335,1.4,-1.2934309385105353e-16,-0.16543482097463055,4.314105839623019e-09,True,False,47,0.0416666667,350,8.716269835973414e-06,0.0004358134917986707,8.716269835973414e-06,8.716269835973414e-06,0.0,2.9112361289120057,0.8849096713311055,-0.8230401923519662,-0.8230401923519662,0.49996012043776145,0.6329939358430693,0.0,0.04844244410130782,0.04844244410130782,True,0.00014970049576897221,0.00014680864260202428,success,0.9999202408755229,0.024333957287837344,0.5,9.62658889247616e-15,0.02,"[0.005, 0.0075, 0.01, 0.015, 0.02, 0.03, 0.05, 0.08]",0.00018709292779535005,0.0013165899029779337,False,2.586861877021071e-18,0.0006594108089936724,True,success,-4.985599009303903e-17,8.50660097428604e-17,0.0011644944515648023,-1.7013201948572078e-18,0.0
0.7078380571845897,1.7795856206385626e-19,0.0020978723002744296,0.00014321415234722063,-1.0211808574030966e-22,3.3110935816725603e-07,typ,0.06992907667581433,4.741954606415584e-11,True,0.00020232615482254765,0.02083333335,1.4,-8.38038024175956e-18,-0.1648522687655604,4.314105839623019e-09,True,False,47,0.0416666667,350,1.1036978605575202e-05,0.00036789928685250674,1.10369786055752e-05,1.1036978605575202e-05,0.0,2.5688752181456223,0.7808444331959493,-0.8230401923519662,-0.8230401923519662,0.49996012043776145,0.6329939358430693,0.0,0.04844244410130782,0.04844244410130782,True,0.00014321415234722063,0.00014680864260202428,success,0.9999202408755229,0.024333957287837344,0.5,9.62658889247616e-15,0.03,"[0.005, 0.0075, 0.01, 0.015, 0.02, 0.03, 0.05, 0.08]",0.0001578310358185017,0.0029637743816978003,False,2.514114072527868e-19,0.0014849538532476184,True,success,-1.482941329063399e-17,2.3768155140777302e-17,0.0023119876963310594,-7.13044654223319e-19,1.5349000437971882e-16
0.7081923952949647,2.150590601286903e-18,0.005835367545796324,0.0001277267523223073,-2.2924905564641463e-22,6.143462720820193e-07,typ,0.11670735091592647,7.846845413435289e-11,True,0.00018035600660341552,0.02083333335,1.4,-6.073464260771041e-17,-0.16298603179206664,4.314105839623019e-09,True,False,47,0.0416666667,350,1.2286925441640384e-05,0.00024573850883280766,1.2286925441640384e-05,1.2286925441640384e-05,0.0,1.9239392246716491,0.5848073984989594,-0.8230401923519662,-0.8230401923519662,0.4999601204377615,0.6329939358430693,0.0,0.04844244410130782,0.04844244410130782,True,0.0001277267523223073,0.00014680864260202428,success,0.9999202408755229,0.024333957287837344,0.5,9.62658889247616e-15,0.05,"[0.005, 0.0075, 0.01, 0.015, 0.02, 0.03, 0.05, 0.08]",0.00010527979039205189,0.008239805432203028,False,3.0367321303855208e-18,0.0041325629196839984,True,success,-2.587974584016987e-17,3.589679553863934e-17,0.004809848061679124,-1.7948397769319668e-18,0.0
0.7085657843749097,-8.451399339863665e-18,0.01482762136172548,0.00010552806163273038,-5.568992814470145e-22,8.493225359332251e-07,typ,0.1853452670215685,8.962736091802824e-11,True,0.00014893191847504503,0.02083333335,1.4,1.4909341387616206e-16,-0.15844343789767176,4.314105839623019e-09,True,False,47,0.0416666667,350,1.0616531699165314e-05,0.0001327066462395664,1.0616531699165315e-05,1.0616531699165314e-05,0.0,1.2575484111650392,0.3822488805203491,-0.8230401923519662,-0.8230401923519662,0.49996012043776145,0.6329939358430693,0.0,0.04844244410130782,0.04844244410130782,True,0.00010552806163273038,0.00014680864260202428,success,0.9999202408755229,0.024333957287837344,0.5,9.62658889247616e-15,0.08,"[0.005, 0.0075, 0.01, 0.015, 0.02, 0.03, 0.05, 0.08]",5.72797561533086e-05,0.02092624522479063,False,-1.1927473110092964e-17,0.01050634516058518,True,success,-5.88242438289692e-17,6.596578114279127e-17,0.008048309831456251,-5.277262491423302e-18,1.5956867482831425e-16
0.21401955809298276,1.5980550408095708e-19,2.2638670392007253e-05,0.0030633208330961936,1.4364007492854665e-21,4.147376395824909e-07,arith,0.0045277340784014505,1.2704744516021848e-09,True,0.014313275199667994,0.46875,0.8,-1.493372900167639e-16,-0.019940407600599258,4.690280220080118e-09,True,False,48,0.9375,498,8.294752791649817e-05,0.016589505583299635,8.294752791649816e-05,8.294752791649817e-05,0.0,5.41552990599816,1.6461237003786355,-8.944147000184148e-06,-8.944147000184148e-06,0.49995934467352277,0.1482643250987926,0.0,0.09913919578762787,0.1482643250987926,True,0.0030633208330961936,0.0013864849227631754,success,0.9999186893470455,0.9999186893470455,0.5,2.5647783574383163e-15,0.005,"[0.005, 0.0075, 0.01, 0.015, 0.02, 0.03, 0.05, 0.08]",0.01831987622952084,0.00010577851199081383,False,7.466864500838195e-19,4.8451182331100854e-06,True,success,4.029885018596164e-17,-9.378062746588979e-17,0.000135388247649954,4.689031373294489e-19,1.6338675179942552e-16
0.23562711872754225,-6.622738856344561e-20,5.6991367130801065e-05,0.0037716928841160713,1.4856163801452377e-21,1.180944326861618e-06,arith,0.007598848950773476,4.454159314161209e-09,True,0.01600704071960967,0.46875,0.8,3.747581569902681e-17,-0.019925321971882876,4.690280220080118e-09,True,False,48,0.9375,498,0.0001574592435815491,0.020994565810873212,0.0001574592435815491,0.0001574592435815491,0.0,5.566350828639504,1.6919677635787866,-8.944147000184148e-06,-8.944147000184148e-06,0.49995934467352277,0.1482643250987926,0.0,0.09913919578762787,0.1482643250987926,True,0.0037716928841160713,0.0013864849227631754,success,0.9999186893470455,0.9999186893470455,0.5,2.5647783574383163e-15,0.0075,"[0.005, 0.0075, 0.01, 0.015, 0.02, 0.03, 0.05, 0.08]",0.020721459868671497,0.00024187100126068551,False,-2.8106861774270105e-19,1.3428711629374212e-05,True,success,2.225993059555873e-17,-5.251811059526054e-17,0.00031310723411097206,3.938858294644541e-19,0.0
0.2532871271682268,-1.6813604002999333e-19,0.00010970774652870581,0.004406940983032831,5.96893530018208e-21,2.4816187399669686e-06,arith,0.010970774652870581,1.0936347329422728e-08,True,0.017398993120190644,0.46875,0.8,6.638159700801599e-17,-0.01990216397045203,4.690280220080118e-09,True,False,48,0.9375,498,0.00024816187399669684,0.024816187399669683,0.00024816187399669684,0.00024816187399669684,0.0,5.631159458502966,1.7116672248427989,-8.944147000184148e-06,-8.944147000184148e-06,0.4999593446735227,0.1482643250987926,0.0,0.09913919578762787,0.1482643250987926,True,0.004406940983032831,0.0013864849227631754,success,0.9999186893470455,0.9999186893470455,0.5,2.5647783574383163e-15,0.01,"[0.005, 0.0075, 0.01, 0.015, 0.02, 0.03, 0.05, 0.08]",0.022620269019176648,0.00043313589504231193,False,-6.638159700801599e-19,2.77875599463559e-05,True,success,5.707694556831522e-17,-1.3544395813701804e-16,0.0005631159458502966,1.3544395813701805e-18,0.0
0.2814278965039307,-1.2240779268429107e-19,0.0002753405713498833,0.005523530610114157,8.030039363180688e-21,7.029146609114235e-06,arith,0.01835603808999222,3.882570645842261e-08,True,0.0196268055822853,0.46875,0.8,2.8996839381102694e-17,-0.01982915093390182,4.690280220080118e-09,True,False,48,0.9375,498,0.000468609773940949,0.03124065159606327,0.00046860977394094897,0.000468609773940949,0.0,5.655920787124526,1.719193766216279,-8.944147000184148e-06,-8.944147000184148e-06,0.49995934467352277,0.1482643250987926,0.0,0.09913919578762787,0.1482643250987926,True,0.005523530610114157,0.0013864849227631754,success,0.9999186893470455,0.9999186893470455,0.5,2.5647783574383163e-15,0.015,"[0.005, 0.0075, 0.01, 0.015, 0.02, 0.03, 0.05, 0.08]",0.025528917059528047,0.0009783698587465285,False,-4.349525907165404e-19,7.748851781718811e-05,True,success,4.075285045410967e-17,-9.69191619152293e-17,0.001272582177103018,1.4537874287284393e-18,1.156828381285671e-16
0.3035584561125998,1.8886910068072298e-19,0.0005268267204015763,0.006491049680800815,-1.943449962081615e-21,1.4594071988388262e-05,arith,0.026341336020078814,9.473084632181175e-08,True,0.02138319506537835,0.46875,0.8,-3.110918125941865e-17,-0.01971761093059575,4.690280220080118e-09,True,False,48,0.9375,498,0.0007297035994194131,0.03648517997097066,0.0007297035994194131,0.0007297035994194131,0.0,5.620844357251847,1.708531810038337,-8.944147000184148e-06,-8.944147000184148e-06,0.4999593446735228,0.1482643250987926,0.0,0.09913919578762787,0.1482643250987926,True,0.006491049680800815,0.0013864849227631754,success,0.9999186893470455,0.9999186893470455,0.5,2.5647783574383163e-15,0.02,"[0.005, 0.0075, 0.01, 0.015, 0.02, 0.03, 0.05, 0.08]",0.027701844692432948,0.0017355033595445582,False,6.22183625188373e-19,0.00015992270588396676,True,success,-6.314335516545777e-18,1.4970228681425278e-17,0.0022483377429007383,-2.994045736285056e-19,0.0
0.3372816079568899,-8.543947658487299e-19,0.0013026937602880762,0.008114007637336197,-2.6402855015391538e-20,4.009249759612164e-05,arith,0.043423125342935874,3.253108316948141e-07,True,0.02405707114149343,0.46875,0.8,8.44393078555626e-17,-0.019369758007620433,4.690280220080118e-09,True,False,48,0.9375,498,0.0013364165865373879,0.04454721955124626,0.0013364165865373879,0.0013364165865373879,0.0,5.490162388591363,1.668809254802164,-8.944147000184148e-06,-8.944147000184148e-06,0.49995934467352277,0.1482643250987926,0.0,0.09913919578762787,0.1482643250987926,True,0.008114007637336197,0.0013864849227631754,success,0.9999186893470455,0.9999186893470455,0.5,2.5647783574383163e-15,0.03,"[0.005, 0.0075, 0.01, 0.015, 0.02, 0.03, 0.05, 0.08]",0.030776609835956863,0.0038623326311186877,False,-2.533179235666878e-18,0.0004393746461453696,True,success,-4.629154000296231e-17,1.0846614971496999e-16,0.004941146149732227,-3.2539844914491e-18,0.0
0.38219359989819834,4.644652274129031e-19,0.0039869568185907835,0.010544302236117305,1.162850505127871e-20,0.00013685369367267422,arith,0.07973913637181566,1.4430267082136915e-06,True,0.027588903212732763,0.46875,0.8,-2.430523313507179e-17,-0.01814107715673665,4.690280220080118e-09,True,False,48,0.9375,498,0.002737073873453484,0.054741477469069676,0.002737073873453484,0.002737073873453484,0.0,5.1915694602876785,1.5780478880332809,-8.944147000184148e-06,-8.944147000184148e-06,0.49995934467352277,0.1482643250987926,0.0,0.09913919578762787,0.1482643250987926,True,0.010544302236117305,0.0013864849227631754,success,0.9999186893470455,0.9999186893470455,0.5,2.5647783574383163e-15,0.05,"[0.005, 0.0075, 0.01, 0.015, 0.02, 0.03, 0.05, 0.08]",0.034325351364363675,0.010431772849290923,False,1.2152616567535895e-18,0.0015237893791358796,True,success,9.680252847921278e-18,-2.2056471430509065e-17,0.012978923650719199,1.1028235715254533e-18,0.0
0.4227672836410215,-3.4341164208963203e-19,0.010833941663321293,0.012990846298587285,1.594556022261871e-19,0.0003991958923124007,arith,0.13542427079151617,5.1858924800577994e-06,True,0.030728125853792466,0.46875,0.8,1.0153684289736465e-17,-0.014912786657931075,4.690280220080118e-09,True,False,48,0.9375,498,0.004989948653905008,0.0623743581738126,0.004989948653905008,0.004989948653905008,0.0,4.8014083717236815,1.4594531381198195,-8.944147000184148e-06,-8.944147000184148e-06,0.49995934467352277,0.1482643250987926,0.0,0.09913919578762787,0.1482643250987926,True,0.012990846298587285,0.0013864849227631754,success,0.9999186893470455,0.9999186893470455,0.5,2.5647783574383163e-15,0.08,"[0.005, 0.0075, 0.01, 0.015, 0.02, 0.03, 0.05, 0.08]",0.036846782520889236,0.025626253692138976,False,-8.122947431789172e-19,0.004580236088127633,True,success,7.002095472333792e-17,-1.5343072976270164e-16,0.03072901357903157,1.2274458381016133e-17,0.0
0.008633089910502592,-1.1038208286637309e-21,9.955223930129974e-07,1.7960242810048577e-06,-2.6254805538693297e-24,1.7671637494847902e-10,typ,0.00019910447860259947,3.173869002586269e-16,True,0.00020803956632258665,0.46875,0.8,2.5571859904317153e-17,-0.007160281814465173,4.3370531128169524e-09,True,False,49,0.9375,328,3.5343274989695804e-08,7.06865499793916e-06,3.5343274989695804e-08,3.5343274989695804e-08,0.0,3.935723515933937,1.1963164953702292,-0.004002152284796751,-0.004002152284796751,0.4999586707957788,0.008174214039863292,0.0,0.005266411182807441,0.005266411182807441,True,1.7960242810048577e-06,1.7334626929365522e-06,success,0.9999173415915574,0.33745082906124685,0.5,3.810230914314108e-15,0.005,"[0.005, 0.0075, 0.01, 0.015, 0.02, 0.03, 0.05, 0.08]",0.0001775112003393899,0.00011531472547296118,False,-1.2785929952158577e-19,8.594434326799903e-09,True,success,-1.4737177251505484e-16,2.9236581950889875e-16,9.839308789834845e-05,-1.461829097544494e-18,0.0
0.010607403769325867,-3.943997160652836e-20,6.9201233416032856e-06,2.011576201105388e-06,1.4992648602523627e-24,1.0583757262443463e-09,typ,0.0009226831122137715,2.1290034227407582e-15,True,0.0001896388828831421,0.46875,0.8,4.957540030744632e-16,-0.007159109949156681,4.3370531128169524e-09,True,False,49,0.9375,328,1.411167634992462e-07,1.881556846656616e-05,1.411167634992462e-07,1.411167634992462e-07,0.0,9.353644398967711,2.843166965618795,-0.004002152284796751,-0.004002152284796751,0.4999586707957788,0.008174214039863292,0.0,0.005266411182807441,0.005266411182807441,True,2.011576201105388e-06,1.7334626929365522e-06,success,0.9999173415915574,0.33745082906124685,0.5,3.810230914314108e-15,0.0075,"[0.005, 0.0075, 0.01, 0.015, 0.02, 0.03, 0.05, 0.08]",0.00015294174308736193,0.0006523861533030981,False,-3.718155023058474e-18,7.34045424179226e-08,True,success,3.2493027813527235e-17,-9.937579359764392e-17,0.0005261424974419336,7.453184519823294e-19,0.0
0.017221702809902352,-1.6093625997833423e-19,3.109357346072907e-05,3.0453386136820945e-06,2.3988237764015703e-23,7.1669110353332154e-09,typ,0.0031093573460729074,2.1825670916724558e-14,True,0.000176831446187252,0.46875,0.8,9.344967902116919e-16,-0.007154420366197234,4.3370531128169524e-09,True,False,49,0.9375,328,7.166911035333216e-07,7.166911035333215e-05,7.166911035333216e-07,7.166911035333216e-07,0.0,23.534036586715594,7.15348932854432,-0.004002152284796751,-0.004002152284796751,0.49995867079577877,0.008174214039863292,0.0,0.005266411182807441,0.005266411182807441,True,3.0453386136820945e-06,1.7334626929365522e-06,success,0.9999173415915574,0.33745082906124685,0.5,3.810230914314108e-15,0.01,"[0.005, 0.0075, 0.01, 0.015, 0.02, 0.03, 0.05, 0.08]",0.00023049492990520902,0.0018054877501921876,False,-9.34496790211692e-18,5.354842814385431e-07,True,success,1.6237327242834112e-16,-7.877034644437032e-16,0.002353403658671559,7.877034644437033e-18,0.0
0.048246401587445864,-7.323469752917214e-19,0.00017690815935054617,1.275373864339452e-05,1.5824142854785964e-22,9.281822515171948e-08,typ,0.011793877290036411,1.1837793849287778e-12,True,0.0002643459040210193,0.46875,0.8,1.0119538469127813e-15,-0.007119075142327853,4.3370531128169524e-09,True,False,49,0.9375,328,6.1878816767812995e-06,0.00041252544511875334,6.1878816767812995e-06,6.1878816767812995e-06,0.0,32.34545231428359,9.831838541790022,-0.004002152284796751,-0.004002152284796751,0.49995867079577877,0.008174214039863292,0.0,0.005266411182807441,0.005266411182807441,True,1.275373864339452e-05,1.7334626929365522e-06,success,0.9999173415915574,0.33745082906124685,0.5,3.810230914314108e-15,0.015,"[0.005, 0.0075, 0.01, 0.015, 0.02, 0.03, 0.05, 0.08]",0.0005246689892228135,0.003666763810973609,False,-1.5179307703691718e-17,8.535182100122317e-06,True,success,1.4544031571158485e-16,-8.271636156917112e-16,0.007277726770713807,1.2407454235375667e-17,0.0
0.09358413132785075,-2.9327277528049796e-19,0.0004650383538632337,4.033731344515056e-05,2.0301970507300865e-22,4.378598692739875e-07,typ,0.023251917693161685,1.7662090791957483e-11,True,0.0004310272785867718,0.46875,0.8,1.5668937196899515e-16,-0.007031973313510943,4.3370531128169524e-09,True,False,49,0.9375,328,2.1892993463699374e-05,0.0010946496731849688,2.1892993463699374e-05,2.1892993463699374e-05,0.0,27.13739661104202,8.24877943680703,-0.004002152284796751,-0.004002152284796751,0.4999586707957788,0.008174214039863292,0.0,0.005266411182807441,0.005266411182807441,True,4.033731344515056e-05,1.7334626929365522e-06,success,0.9999173415915574,0.33745082906124685,0.5,3.810230914314108e-15,0.02,"[0.005, 0.0075, 0.01, 0.015, 0.02, 0.03, 0.05, 0.08]",0.0009415564665506293,0.004969200945340589,False,-3.133787439379903e-18,4.3520210380424395e-05,True,success,4.830778625996667e-17,-2.5165248715568105e-16,0.01085495864441681,5.033049743113621e-18,0.0
0.18470376237415712,-1.6103458784246004e-18,0.001403749570970836,0.00015980458399090359,8.734029706613666e-24,2.8220910981688685e-06,typ,0.04679165236569454,4.5098309392730826e-10,True,0.0008651939837976072,0.46875,0.8,2.906177722506268e-16,-0.006680810131500854,4.3370531128169524e-09,True,False,49,0.9375,328,9.406970327229562e-05,0.0031356567757431873,9.406970327229562e-05,9.406970327229562e-05,0.0,19.621819959317786,5.9643180704847785,-0.004002152284796751,-0.004002152284796751,0.4999586707957788,0.008174214039863292,0.0,0.005266411182807441,0.005266411182807441,True,0.00015980458399090359,1.7334626929365522e-06,success,0.9999173415915574,0.33745082906124685,0.5,3.810230914314108e-15,0.03,"[0.005, 0.0075, 0.01, 0.015, 0.02, 0.03, 0.05, 0.08]",0.002010394985351343,0.00760000528915724,False,-8.718533167518804e-18,0.0002592778271894223,True,success,4.1127710502171453e-19,-1.821814595571056e-18,0.017659637963386005,5.465443786713168e-20,0.0
0.30754408010023415,5.384747311072114e-19,0.004487643313477944,0.0005849103712335816,7.103180865759488e-21,1.9645277979096717e-05,typ,0.08975286626955886,1.1490726835740367e-08,True,0.0019018749151111893,0.46875,0.8,-3.501772695034239e-17,-0.005307713370911189,4.3370531128169524e-09,True,False,49,0.9375,328,0.0003929055595819343,0.007858111191638685,0.00039290555958193426,0.0003929055595819343,0.0,13.434727059234483,4.083667342660145,-0.004002152284796751,-0.004002152284796751,0.49995867079577877,0.008174214039863292,0.0,0.005266411182807441,0.005266411182807441,True,0.0005849103712335816,1.7334626929365522e-06,success,0.9999173415915574,0.33745082906124685,0.5,3.810230914314108e-15,0.05,"[0.005, 0.0075, 0.01, 0.015, 0.02, 0.03, 0.05, 0.08]",0.004377638017730856,0.014591870251624872,False,1.7508863475171195e-18,0.001380148134661541,True,success,6.626422497929549e-17,-2.428810024612424e-16,0.03358681764808621,1.214405012306212e-17,1.3797236333829618e-16
0.39856334466483545,7.196155285911776e-19,0.011951806034005072,0.0013656970545046472,-2.3774398553882562e-21,8.284239512949254e-05,typ,0.1493975754250634,1.131376150164581e-07,True,0.0034265495630389823,0.46875,0.8,-2.2569045116163566e-17,-0.0017125066633232738,4.3370531128169524e-09,True,False,49,0.9375,328,0.0010355299391186566,0.012944124238983208,0.0010355299391186566,0.0010355299391186566,0.0,9.47803482206248,2.880977120323994,-0.004002152284796751,-0.004002152284796751,0.49995867079577877,0.008174214039863292,0.0,0.005266411182807441,0.005266411182807441,True,0.0013656970545046472,1.7334626929365522e-06,success,0.9999173415915574,0.33745082906124685,0.5,3.810230914314108e-15,0.08,"[0.005, 0.0075, 0.01, 0.015, 0.02, 0.03, 0.05, 0.08]",0.006931370446758488,0.029987218328006868,False,1.8055236092930852e-18,0.004763551787698423,True,success,-7.068154422309048e-18,2.1760315067189064e-17,0.06065942286119988,-1.7408252053751254e-18,0.0
0.2755234552549869,1.0273329883846009e-19,2.5715787289126334e-05,0.004949834053289189,-5.704525078675512e-22,5.313305866333617e-07,arith,0.005143157457825267,2.6299982312719354e-09,True,0.017965200271999705,0.46875,0.82,-7.457317834765405e-17,-0.020205869302308097,4.673967257352306e-09,True,False,50,0.9375,493,0.00010626611732667233,0.021253223465334467,0.00010626611732667233,0.00010626611732667233,0.0,4.2937244433904995,1.30513572851509,-9.046179037753774e-06,-9.046179037753774e-06,0.4999593363359285,0.25073921775092844,0.0,0.1678025825897377,0.25073921775092844,True,0.004949834053289189,0.00403507508616684,success,0.9999186726718569,0.9999186726718569,0.5,2.496158594059363e-15,0.005,"[0.005, 0.0075, 0.01, 0.015, 0.02, 0.03, 0.05, 0.08]",0.02066164961856056,9.333429440817412e-05,False,3.7286589173827025e-19,7.085302568502361e-06,True,success,-1.1123507847663528e-17,2.304935889672837e-17,0.0001073431110847625,-1.1524679448364185e-19,0.0
0.28881545165628386,-4.579271871093561e-21,6.248846383499496e-05,0.005495368474183024,2.0191478752419406e-21,1.4103326709387097e-06,arith,0.008331795177999328,7.750297697986926e-09,True,0.01902726617522875,0.46875,0.82,2.1140474974971458e-18,-0.02018908810407616,4.673967257352306e-09,True,False,50,0.9375,493,0.0001880443561251613,0.025072580816688173,0.00018804435612516127,0.0001880443561251613,0.0,4.562493112969212,1.3868316076981646,-9.046179037753774e-06,-9.046179037753774e-06,0.4999593363359285,0.25073921775092844,0.0,0.1678025825897377,0.25073921775092844,True,0.005495368474183024,0.00403507508616684,success,0.9999186726718569,0.9999186726718569,0.5,2.496158594059363e-15,0.0075,"[0.005, 0.0075, 0.01, 0.015, 0.02, 0.03, 0.05, 0.08]",0.022569488580528863,0.00021636122124574488,False,-1.5855356231228593e-20,1.804763390581143e-05,True,success,2.2935538113675478e-17,-4.8990293910900907e-17,0.00025664023760451813,3.674272043317568e-19,1.4414181244608393e-16
0.30070297343432567,4.2648108894252573e-19,0.0001178151373859187,0.0060118230371378764,-3.3087224502175984e-22,2.8446114949704213e-06,arith,0.01178151373859187,1.7101300917170394e-08,True,0.019992562655689453,0.46875,0.82,-1.4182802520097806e-16,-0.0201639936998341,4.673967257352306e-09,True,False,50,0.9375,493,0.00028446114949704215,0.028446114949704213,0.00028446114949704215,0.00028446114949704215,0.0,4.731695323361832,1.4382629123938049,-9.046179037753774e-06,-9.046179037753774e-06,0.4999593363359285,0.25073921775092844,0.0,0.1678025825897377,0.25073921775092844,True,0.0060118230371378764,0.00403507508616684,success,0.9999186726718569,0.9999186726718569,0.5,2.496158594059363e-15,0.01,"[0.005, 0.0075, 0.01, 0.015, 0.02, 0.03, 0.05, 0.08]",0.024144702948081527,0.00039179904355568284,False,1.4182802520097805e-18,3.542736212751934e-05,True,success,-2.5301470557657325e-18,5.5036923571736116e-18,0.0004731695323361832,-5.503692357173612e-20,0.0
0.3210068414674871,2.2996379916384704e-19,0.0002886583401298414,0.006953313678380617,-5.521923048273018e-21,7.685128432250781e-06,arith,0.019243889341989426,5.3437108648081146e-08,True,0.02166095166879762,0.46875,0.82,-4.7758857332046146e-17,-0.02008669761861319,4.673967257352306e-09,True,False,50,0.9375,493,0.0005123418954833854,0.03415612636555903,0.0005123418954833854,0.0005123418954833854,0.0,4.912208472883647,1.4931323303114747,-9.046179037753774e-06,-9.046179037753774e-06,0.4999593363359285,0.25073921775092844,0.0,0.1678025825897377,0.25073921775092844,True,0.006953313678380617,0.00403507508616684,success,0.9999186726718569,0.9999186726718569,0.5,2.496158594059363e-15,0.015,"[0.005, 0.0075, 0.01, 0.015, 0.02, 0.03, 0.05, 0.08]",0.026623614716255673,0.0008992280002825981,False,7.163828599806921e-19,9.266130202832797e-05,True,success,-2.3887399584127523e-17,5.2942844267588967e-17,0.0011052469063988206,-7.941426640138345e-19,0.0
0.33782558429780407,2.1146178251095527e-19,0.0005446818255903768,0.007787704355282939,-1.2593934025044994e-20,1.5526006925657293e-05,arith,0.027234091279518837,1.2091195175509438e-07,True,0.023052441014703693,0.46875,0.82,-3.1297478986160047e-17,-0.01997068143029794,4.673967257352306e-09,True,False,50,0.9375,493,0.0007763003462828646,0.03881501731414323,0.0007763003462828646,0.0007763003462828646,0.0,4.984141095162699,1.514997225606907,-9.046179037753774e-06,-9.046179037753774e-06,0.4999593363359285,0.25073921775092844,0.0,0.1678025825897377,0.25073921775092844,True,0.007787704355282939,0.00403507508616684,success,0.9999186726718569,0.9999186726718569,0.5,2.496158594059363e-15,0.02,"[0.005, 0.0075, 0.01, 0.015, 0.02, 0.03, 0.05, 0.08]",0.0285047273402757,0.00161231668324511,False,6.25949579723201e-19,0.00018400745598646365,True,success,-3.6218194617500426e-17,8.0857807708774e-17,0.0019936564380650798,-1.6171561541754802e-18,0.0
0.3644333172212265,-5.260313111577782e-19,0.0013256093836271753,0.009203988825185971,-2.3938150321970905e-20,4.1337560432605584e-05,arith,0.04418697945423918,3.804704442821516e-07,True,0.025255618491101785,0.46875,0.82,4.8114088943049336e-17,-0.019614420365756467,4.673967257352306e-09,True,False,50,0.9375,493,0.0013779186810868528,0.045930622702895094,0.0013779186810868528,0.0013779186810868528,0.0,4.9902953572922275,1.516867896977134,-9.046179037753774e-06,-9.046179037753774e-06,0.4999593363359285,0.25073921775092844,0.0,0.1678025825897377,0.25073921775092844,True,0.009203988825185971,0.00403507508616684,success,0.9999186726718569,0.9999186726718569,0.5,2.496158594059363e-15,0.03,"[0.005, 0.0075, 0.01, 0.015, 0.02, 0.03, 0.05, 0.08]",0.031183817000070117,0.0036374538797243777,False,-1.44342266829148e-18,0.0004830962250148369,True,success,-3.8808792214218495e-17,8.669484059804626e-17,0.004491265821563005,-2.6008452179413876e-18,0.0
0.4010262045126944,-1.6264091330971301e-18,0.003997216453242099,0.011333543466425457,1.7390645198323126e-20,0.00013699637626249974,arith,0.07994432906484197,1.5526543851138175e-06,True,0.028261353843939883,0.46875,0.82,8.111236197512107e-17,-0.018375590709810444,4.673967257352306e-09,True,False,50,0.9375,493,0.0027399275252499946,0.05479855050499989,0.0027399275252499946,0.0027399275252499946,0.0,4.835076573124317,1.4696870441708823,-9.046179037753774e-06,-9.046179037753774e-06,0.4999593363359285,0.25073921775092844,0.0,0.1678025825897377,0.25073921775092844,True,0.011333543466425457,0.00403507508616684,success,0.9999186726718569,0.9999186726718569,0.5,2.496158594059363e-15,0.05,"[0.005, 0.0075, 0.01, 0.015, 0.02, 0.03, 0.05, 0.08]",0.034272944151268935,0.009967469477709824,False,-4.055618098756054e-18,0.0016029885428593728,True,success,1.3956557129688615e-17,-3.0688804873500076e-17,0.012087691432810794,1.5344402436750039e-18,0.0
0.4346834331119294,-5.655100632261366e-19,0.010762119180676601,0.013467158210124305,-3.451493749895039e-20,0.0003922311662226046,arith,0.13452648975845752,5.28223917046138e-06,True,0.030981530889530266,0.46875,0.82,1.6262123770671744e-17,-0.015157419897472844,4.673967257352306e-09,True,False,50,0.9375,493,0.004902889577782557,0.061286119722281956,0.004902889577782557,0.004902889577782557,0.0,4.550783377313295,1.3832722748677755,-9.046179037753774e-06,-9.046179037753774e-06,0.4999593363359285,0.25073921775092844,0.0,0.1678025825897377,0.25073921775092844,True,0.013467158210124305,0.00403507508616684,success,0.9999186726718569,0.9999186726718569,0.5,2.496158594059363e-15,0.08,"[0.005, 0.0075, 0.01, 0.015, 0.02, 0.03, 0.05, 0.08]",0.03644553267230641,0.02475852162947603,False,-1.3009699016537395e-18,0.00467811491301625,True,success,-1.501751452203888e-17,3.203621075844609e-17,0.029125013614805094,-2.5628968606756875e-18,0.0
0.011879567041418886,-4.805143877108822e-21,1.7434433680620444e-06,2.701878017456694e-06,1.5861531557970258e-23,3.041867721729724e-10,typ,0.0003486886736124089,8.218755529352617e-16,True,0.00022743909841464928,0.46875,0.82,8.089762632519139e-17,-0.006792579782277375,4.250294484747272e-09,True,False,51,0.9375,330,6.083735443459448e-08,1.2167470886918895e-05,6.083735443459448e-08,6.083735443459448e-08,0.0,4.503338347736462,1.3688507152037641,-0.004710026948587116,-0.004710026948587116,0.49995874448688676,0.010828627618029387,0.0,0.006401093834883806,0.006401093834883806,True,2.701878017456694e-06,2.5609182942188708e-06,success,0.9999174889737734,0.3138355281405726,0.5,4.140529881017208e-15,0.005,"[0.005, 0.0075, 0.01, 0.015, 0.02, 0.03, 0.05, 0.08]",0.00017447470777963762,0.00014675984082445221,False,-4.0448813162595692e-19,2.07113523738102e-08,True,success,5.532763269519842e-16,-1.174111596118679e-15,0.00011258345869341154,5.870557980593396e-18,0.0
0.016629787961027317,-1.0376153603865179e-19,1.2772987111268683e-05,3.282864140960878e-06,1.881835893558138e-23,2.2222960222543204e-09,typ,0.0017030649481691578,7.295495922058706e-15,True,0.00019740865900722384,0.46875,0.82,8.319331253196316e-16,-0.006790370338125677,4.250294484747272e-09,True,False,51,0.9375,330,2.9630613630057604e-07,3.9507484840076805e-05,2.9630613630057604e-07,2.9630613630057604e-07,0.0,12.034456238116867,3.6580360516137493,-0.004710026948587116,-0.004710026948587116,0.49995874448688676,0.010828627618029387,0.0,0.006401093834883806,0.006401093834883806,True,3.282864140960878e-06,2.5609182942188708e-06,success,0.9999174889737734,0.3138355281405726,0.5,4.140529881017208e-15,0.0075,"[0.005, 0.0075, 0.01, 0.015, 0.02, 0.03, 0.05, 0.08]",0.00017398404953323325,0.0007680787717319531,False,-6.239498439897237e-18,2.1241206728933302e-07,True,success,2.2032021075636098e-16,-7.64306537525424e-16,0.0006769381633940737,5.73229903144068e-18,0.0
0.02920382276856683,-2.312399946004409e-19,4.8789529790866007e-05,5.569849492215375e-06,4.6322114302956325e-23,1.3033994259136852e-08,typ,0.004878952979086601,7.259738630579151e-14,True,0.00019072330141006106,0.46875,0.82,7.91814128009752e-16,-0.0067825096864502984,4.250294484747272e-09,True,False,51,0.9375,330,1.3033994259136851e-06,0.00013033994259136852,1.3033994259136854e-06,1.3033994259136851e-06,0.0,23.400981081003422,7.113045304557659,-0.004710026948587116,-0.004710026948587116,0.4999587444868867,0.010828627618029387,0.0,0.006401093834883806,0.006401093834883806,True,5.569849492215375e-06,2.5609182942188708e-06,success,0.9999174889737734,0.3138355281405726,0.5,4.140529881017208e-15,0.01,"[0.005, 0.0075, 0.01, 0.015, 0.02, 0.03, 0.05, 0.08]",0.0002671473636865624,0.0016706555911365141,False,-7.918141280097521e-18,1.4248407809741622e-06,True,success,1.7192058539042302e-16,-8.316582767218002e-16,0.0023400981081003426,8.316582767218001e-18,1.62466111771633e-16
0.07452125507229768,-8.136547993824093e-19,0.00022368639027800584,2.153155608686048e-05,2.9082730139769728e-22,1.289691515709671e-07,typ,0.014912426018533723,2.7769065205250887e-12,True,0.00028893174257426806,0.46875,0.82,7.278950581218137e-16,-0.006734363415791804,4.250294484747272e-09,True,False,51,0.9375,330,8.597943438064475e-06,0.0005731962292042983,8.597943438064475e-06,8.597943438064475e-06,0.0,26.621217105348386,8.091879681340641,-0.004710026948587116,-0.004710026948587116,0.4999587444868867,0.010828627618029387,0.0,0.006401093834883806,0.006401093834883806,True,2.153155608686048e-05,2.5609182942188708e-06,success,0.9999174889737734,0.3138355281405726,0.5,4.140529881017208e-15,0.015,"[0.005, 0.0075, 0.01, 0.015, 0.02, 0.03, 0.05, 0.08]",0.0005765623532602025,0.0030016455045073225,False,-1.0918425871827205e-17,1.66693905461088e-05,True,success,1.7452375290050294e-16,-9.004684418363152e-16,0.005989773848703386,1.3507026627544728e-17,0.0
0.12906951773837794,-6.107867782780162e-19,0.0005293212263520784,5.851463597690229e-05,4.2902369451462877e-23,5.269404139487402e-07,typ,0.026466061317603918,3.083372650372874e-11,True,0.00045335751618372526,0.46875,0.82,2.3661155204595723e-16,-0.006631035474041792,4.250294484747272e-09,True,False,51,0.9375,330,2.6347020697437007e-05,0.0013173510348718502,2.6347020697437007e-05,2.6347020697437007e-05,0.0,22.513188587413474,6.8431887457197105,-0.004710026948587116,-0.004710026948587116,0.4999587444868867,0.010828627618029387,0.0,0.006401093834883806,0.006401093834883806,True,5.851463597690229e-05,2.5609182942188708e-06,success,0.9999174889737734,0.3138355281405726,0.5,4.140529881017208e-15,0.02,"[0.005, 0.0075, 0.01, 0.015, 0.02, 0.03, 0.05, 0.08]",0.0009955021406948931,0.004101055273368301,False,-4.732231040919145e-18,6.831923541394955e-05,True,success,7.726241352520063e-18,-3.665952008006843e-17,0.009005275434965388,7.331904016013685e-19,0.0
0.22363982974311478,-1.6547492051250854e-18,0.0014656485087061295,0.000193797311403292,-6.887760821813211e-22,2.955466637881931e-06,typ,0.04885495029020432,5.72761488363645e-10,True,0.0008665599129900002,0.46875,0.82,2.4663901283085737e-16,-0.006252989388561558,4.250294484747272e-09,True,False,51,0.9375,330,9.851555459606437e-05,0.0032838518198688126,9.851555459606437e-05,9.851555459606437e-05,0.0,16.944774909880564,5.150593951266258,-0.004710026948587116,-0.004710026948587116,0.4999587444868867,0.010828627618029387,0.0,0.006401093834883806,0.006401093834883806,True,0.000193797311403292,2.5609182942188708e-06,success,0.9999174889737734,0.3138355281405726,0.5,4.140529881017208e-15,0.03,"[0.005, 0.0075, 0.01, 0.015, 0.02, 0.03, 0.05, 0.08]",0.0020164907345288463,0.006553611270361167,False,-7.399170384925721e-18,0.00032777738295028885,True,success,-2.8780024102242453e-17,1.1847018192940406e-16,0.015250297418892505,-3.5541054578821214e-18,0.0
0.3372460277732028,-1.05691182504147e-18,0.00448883964318883,0.0006116390572212479,-7.872833651633581e-21,1.8566980092931236e-05,typ,0.0897767928637766,1.135629019948614e-08,True,0.0018136286474886927,0.46875,0.82,6.267897843127397e-17,-0.004860914294585489,4.250294484747272e-09,True,False,51,0.9375,330,0.0003713396018586247,0.007426792037172494,0.0003713396018586247,0.0003713396018586247,0.0,12.142442424970916,3.6908599164209743,-0.004710026948587116,-0.004710026948587116,0.4999587444868867,0.010828627618029387,0.0,0.006401093834883806,0.006401093834883806,True,0.0006116390572212479,2.5609182942188708e-06,success,0.9999174889737734,0.3138355281405726,0.5,4.140529881017208e-15,0.05,"[0.005, 0.0075, 0.01, 0.015, 0.02, 0.03, 0.05, 0.08]",0.0041362538136339895,0.01331028173357038,False,-3.1339489215636984e-18,0.0015138433389763138,True,success,-7.387760947877213e-17,2.574339738015045e-16,0.03035610606242729,-1.2871698690075224e-17,0.0
0.41667494737570043,-2.8098605016181386e-18,0.011820193457149965,0.001315454377764054,-9.836954705367454e-21,7.420370718890601e-05,typ,0.14775241821437457,9.76115914679684e-08,True,0.003157027764805733,0.46875,0.82,8.429413981195607e-17,-0.001292436990065149,4.250294484747272e-09,True,False,51,0.9375,330,0.0009275463398613251,0.011594329248266564,0.0009275463398613251,0.0009275463398613251,0.0,8.813934899037735,2.6791149495510362,-0.004710026948587116,-0.004710026948587116,0.4999587444868867,0.010828627618029387,0.0,0.006401093834883806,0.006401093834883806,True,0.001315454377764054,2.5609182942188708e-06,success,0.9999174889737734,0.3138355281405726,0.5,4.140529881017208e-15,0.08,"[0.005, 0.0075, 0.01, 0.015, 0.02, 0.03, 0.05, 0.08]",0.006277706660039529,0.028367900521967627,False,-6.7435311849564864e-18,0.00492517848672856,True,success,-3.14854550827452e-17,9.347487521847618e-17,0.056409183353841506,-7.477990017478095e-18,0.0
0.3297862851964057,8.648545535517553e-20,2.883356949023969e-05,0.007139791396928891,-3.0950271244249983e-21,6.69883287999325e-07,arith,0.005766713898047939,4.782826936604019e-09,True,0.021649752331807118,0.46875,0.84,-5.2449394797402645e-17,-0.020500230364946588,4.577442613112196e-09,True,False,52,0.9375,485,0.000133976657599865,0.026795331519973,0.000133976657599865,0.000133976657599865,0.0,3.7529571986513135,1.1407621965791497,-9.150839175171063e-06,-9.150839175171063e-06,0.4999593290825483,0.3193906225785557,0.0,0.21468801772804405,0.3193906225785557,True,0.007139791396928891,0.006661067105890596,success,0.9999186581650965,0.9999186581650965,0.5,3.2795248301619e-15,0.005,"[0.005, 0.0075, 0.01, 0.015, 0.02, 0.03, 0.05, 0.08]",0.02323275611873458,8.743107516756718e-05,False,2.6224697398701324e-19,9.508915771138569e-06,True,success,-4.4752997200635874e-17,8.669797063696546e-17,9.382392996628284e-05,-4.3348985318482736e-19,0.0
0.33734843190056746,1.5193653491374012e-20,6.810686599190345e-05,0.007507714147746775,2.6660031142584082e-21,1.6759022959281026e-06,arith,0.009080915465587126,1.2582195377380719e-08,True,0.022255073502045072,0.46875,0.84,-6.005127855799965e-18,-0.020481721420296563,4.577442613112196e-09,True,False,52,0.9375,485,0.00022345363945708036,0.029793818594277384,0.00022345363945708036,0.00022345363945708036,0.0,3.968427407857442,1.2062572864884311,-9.150839175171063e-06,-9.150839175171063e-06,0.49995932908254825,0.3193906225785557,0.0,0.21468801772804405,0.3193906225785557,True,0.007507714147746775,0.006661067105890596,success,0.9999186581650965,0.9999186581650965,0.5,3.2795248301619e-15,0.0075,"[0.005, 0.0075, 0.01, 0.015, 0.02, 0.03, 0.05, 0.08]",0.024606950731330585,0.0002018887878274702,False,4.5038458918499735e-20,2.2975744444030715e-05,True,success,2.3767441851903903e-17,-4.734691211010003e-17,0.00022322404169198111,3.551018408257502e-19,0.0
0.3447909868312065,1.461131834013525e-19,0.0001261078214234469,0.007883054719472734,-3.0572595439965207e-21,3.2562940290967975e-06,arith,0.012610782142344689,2.5669544014062392e-08,True,0.022863285354184467,0.46875,0.84,-4.237732103852316e-17,-0.020454646514102746,4.577442613112196e-09,True,False,52,0.9375,485,0.00032562940290967976,0.03256294029096798,0.00032562940290967976,0.00032562940290967976,0.0,4.1307515233315515,1.255597901029028,-9.150839175171063e-06,-9.150839175171063e-06,0.49995932908254825,0.3193906225785557,0.0,0.21468801772804405,0.3193906225785557,True,0.007883054719472734,0.006661067105890596,success,0.9999186581650965,0.9999186581650965,0.5,3.2795248301619e-15,0.01,"[0.005, 0.0075, 0.01, 0.015, 0.02, 0.03, 0.05, 0.08]",0.025821507281160307,0.00036575150233026066,False,4.237732103852316e-19,4.3480840195723823e-05,True,success,-1.9081971039830294e-17,3.878267566054658e-17,0.0004130751523331552,-3.8782675660546584e-19,0.0
0.35854743500024877,-4.233176153490296e-22,0.0003022382684508859,0.008607892217463713,-3.827314187364327e-21,8.408919955005317e-06,arith,0.02014921789672573,7.238307663796558e-08,True,0.02400768037137887,0.46875,0.84,7.870973712748047e-20,-0.020372975627237257,4.577442613112196e-09,True,False,52,0.9375,485,0.0005605946636670212,0.03737297757780141,0.0005605946636670212,0.0005605946636670212,0.0,4.341710680575092,1.3197217955653446,-9.150839175171063e-06,-9.150839175171063e-06,0.4999593290825483,0.3193906225785557,0.0,0.21468801772804405,0.3193906225785557,True,0.008607892217463713,0.006661067105890596,success,0.9999186581650965,0.9999186581650965,0.5,3.2795248301619e-15,0.015,"[0.005, 0.0075, 0.01, 0.015, 0.02, 0.03, 0.05, 0.08]",0.027822155010697385,0.0008429519749616287,False,-1.180646056912207e-21,0.00010836675591198174,True,success,-1.4225763876351972e-17,2.964189986486636e-17,0.0009768849031293956,-4.446284979729953e-19,0.0
0.3706555933777295,6.596629742677925e-20,0.000562824567777465,0.009276584588417673,-1.4314182678467414e-21,1.6537987132728366e-05,arith,0.028141228388873247,1.5341603655891773e-07,True,0.025027504654338364,0.46875,0.84,-8.898597323952157e-18,-0.02025240337535731,4.577442613112196e-09,True,False,52,0.9375,485,0.0008268993566364183,0.041344967831820914,0.0008268993566364183,0.0008268993566364183,0.0,4.456917029942505,1.3547403266084017,-9.150839175171063e-06,-9.150839175171063e-06,0.49995932908254825,0.3193906225785557,0.0,0.21468801772804405,0.3193906225785557,True,0.009276584588417673,0.006661067105890596,success,0.9999186581650965,0.9999186581650965,0.5,3.2795248301619e-15,0.02,"[0.005, 0.0075, 0.01, 0.015, 0.02, 0.03, 0.05, 0.08]",0.029383911221280087,0.0015184569660706534,False,1.7797194647904313e-19,0.00020861407413712044,True,success,-3.654527010078015e-18,7.71522241943412e-18,0.0017827668119770022,-1.543044483886824e-19,0.0
0.3906949182814164,-6.665347220502851e-20,0.0013487916082262623,0.010441277435550024,1.529554736021827e-20,4.267555678321833e-05,arith,0.04495972027420875,4.4558732809015126e-07,True,0.026724886726141657,0.46875,0.84,5.686745086440926e-18,-0.019887619946962372,4.577442613112196e-09,True,False,52,0.9375,485,0.001422518559440611,0.04741728531468704,0.001422518559440611,0.001422518559440611,0.0,4.541329890655204,1.3803987594945408,-9.150839175171063e-06,-9.150839175171063e-06,0.49995932908254825,0.3193906225785557,0.0,0.21468801772804405,0.3193906225785557,True,0.010441277435550024,0.006661067105890596,success,0.9999186581650965,0.9999186581650965,0.5,3.2795248301619e-15,0.03,"[0.005, 0.0075, 0.01, 0.015, 0.02, 0.03, 0.05, 0.08]",0.03163984452671611,0.003452288589161356,False,-1.7060235259322778e-19,0.0005269660271546197,True,success,2.2913878571700873e-17,-4.8830383238167873e-17,0.004087196901589683,1.4649114971450363e-18,0.0
0.4193551201907129,-4.78520670882122e-19,0.004007851949091311,0.012222141567379545,-2.0317210205519163e-20,0.00013727699668436395,arith,0.08015703898182622,1.6778188874209886e-06,True,0.029145087251638183,0.46875,0.84,2.2821739754340038e-17,-0.01863849918696376,4.577442613112196e-09,True,False,52,0.9375,485,0.002745539933687279,0.05491079867374558,0.002745539933687279,0.002745539933687279,0.0,4.492731357350705,1.3656265767414606,-9.150839175171063e-06,-9.150839175171063e-06,0.49995932908254825,0.3193906225785557,0.0,0.21468801772804405,0.3193906225785557,True,0.012222141567379545,0.006661067105890596,success,0.9999186581650965,0.9999186581650965,0.5,3.2795248301619e-15,0.05,"[0.005, 0.0075, 0.01, 0.015, 0.02, 0.03, 0.05, 0.08]",0.03425201290568839,0.009557179002055905,False,-1.141086987717002e-18,0.00168071323581777,True,success,-1.5685253225329943e-17,3.3246563367822647e-17,0.011231828393376763,-1.6623281683911325e-18,0.0
0.44630413182938616,1.2995235933624088e-18,0.01069212281745137,0.01401194819569863,1.240919872259735e-19,0.0003856872361021239,arith,0.13365153521814213,5.404229572005147e-06,True,0.03139551529192461,0.46875,0.84,-3.639680603100468e-17,-0.01543002383413726,4.577442613112196e-09,True,False,52,0.9375,485,0.004821090451276549,0.06026363064095686,0.004821090451276549,0.004821090451276549,0.0,4.300874496485544,1.3073090840431763,-9.150839175171063e-06,-9.150839175171063e-06,0.49995932908254825,0.3193906225785557,0.0,0.21468801772804405,0.3193906225785557,True,0.01401194819569863,0.006661067105890596,success,0.9999186581650965,0.9999186581650965,0.5,3.2795248301619e-15,0.08,"[0.005, 0.0075, 0.01, 0.015, 0.02, 0.03, 0.05, 0.08]",0.0360720918275103,0.023957033007121636,False,2.9117444824803745e-18,0.004771938591455804,True,success,5.3379788004076016e-17,-1.1070193942058954e-16,0.027525596777507474,8.856155153647162e-18,0.0
0.018598813144111843,2.4686791791338834e-20,3.705590867049149e-06,4.650791412346268e-06,1.5456120161559075e-24,6.815105005514438e-10,typ,0.0007411181734098297,3.1695631833884613e-15,True,0.00025005850514814445,0.46875,0.84,-2.654663133615531e-16,-0.006451670574603323,4.384438718386827e-09,True,False,53,0.9375,332,1.3630210011028876e-07,2.7260420022057753e-05,1.3630210011028876e-07,1.3630210011028876e-07,0.0,5.8614583207689375,1.781669684791615,-0.005543058211871288,-0.005543058211871288,0.4999587840769186,0.015505413842760423,0.0,0.008209371321142888,0.008209371321142888,True,4.650791412346268e-06,4.212227834760262e-06,success,0.9999175681538374,0.2915548946420638,0.5,5.771656143509566e-15,0.005,"[0.005, 0.0075, 0.01, 0.015, 0.02, 0.03, 0.05, 0.08]",0.00018391412463031762,0.00019923802870304623,False,1.3273315668077654e-18,6.89195921247745e-08,True,success,2.7453693364074462e-17,-6.646662381171658e-17,0.00014653645801922344,3.32333119058583e-19,0.0
0.030386726041364144,-4.5078034661689796e-20,2.3690228550268177e-05,6.539140189960301e-06,3.0140393569900946e-23,5.3944286561353396e-09,typ,0.003158697140035757,3.5274925227208135e-14,True,0.00021519726018060816,0.46875,0.84,1.9779704511032e-16,-0.0064472487684516175,4.384438718386827e-09,True,False,53,0.9375,332,7.192571541513786e-07,9.590095388685049e-05,7.192571541513786e-07,7.192571541513786e-07,0.0,14.66568250579633,4.457832931230031,-0.005543058211871288,-0.005543058211871288,0.4999587840769185,0.015505413842760423,0.0,0.008209371321142888,0.008209371321142888,True,6.539140189960301e-06,4.212227834760262e-06,success,0.9999175681538374,0.2915548946420638,0.5,5.771656143509566e-15,0.0075,"[0.005, 0.0075, 0.01, 0.015, 0.02, 0.03, 0.05, 0.08]",0.00022770690644410323,0.000779624251655795,False,-1.4834778383274e-18,7.198684848143023e-07,True,success,1.6047813482186736e-16,-6.145638456908288e-16,0.0008249446409510435,4.609228842681216e-18,0.0
0.05353537660581828,2.0159384144650682e-19,7.416427767115501e-05,1.217794940802805e-05,1.737079286361287e-22,2.5776584066628498e-08,typ,0.0074164277671155,3.139059366751838e-13,True,0.00022747480600901457,0.46875,0.84,-3.7656191891736384e-16,-0.006434323093185673,4.384438718386827e-09,True,False,53,0.9375,332,2.57765840666285e-06,0.000257765840666285,2.5776584066628494e-06,2.57765840666285e-06,0.0,21.166604658117436,6.433876312949637,-0.005543058211871288,-0.005543058211871288,0.4999587840769185,0.015505413842760423,0.0,0.008209371321142888,0.008209371321142888,True,1.217794940802805e-05,4.212227834760262e-06,success,0.9999175681538374,0.2915548946420638,0.5,5.771656143509566e-15,0.01,"[0.005, 0.0075, 0.01, 0.015, 0.02, 0.03, 0.05, 0.08]",0.0003475606434262338,0.0013853321368639585,False,3.7656191891736385e-18,3.970412535823763e-06,True,success,3.100415339906021e-16,-1.426413617070995e-15,0.002116660465811743,1.426413617070995e-17,1.6430279222895685e-16
0.11610921168925996,-8.181055120480417e-20,0.0002731369946975772,4.0447387424398465e-05,8.997923119278339e-22,1.8948460301869174e-07,typ,0.01820913297983848,7.664157149255368e-12,True,0.0003483564037334673,0.46875,0.84,4.697333370571356e-17,-0.006370830091714727,4.384438718386827e-09,True,False,53,0.9375,332,1.2632306867912783e-05,0.0008421537911941856,1.2632306867912781e-05,1.2632306867912783e-05,0.0,20.820968789845395,6.328815607101926,-0.005543058211871288,-0.005543058211871288,0.4999587840769185,0.015505413842760423,0.0,0.008209371321142888,0.008209371321142888,True,4.0447387424398465e-05,4.212227834760262e-06,success,0.9999175681538374,0.2915548946420638,0.5,5.771656143509566e-15,0.015,"[0.005, 0.0075, 0.01, 0.015, 0.02, 0.03, 0.05, 0.08]",0.0006937346705029574,0.0023524145132305828,False,-7.0460000558570335e-19,3.1713721137509265e-05,True,success,3.2501999369847245e-16,-1.4830662237615307e-15,0.004684717977715213,2.224599335642296e-17,1.3410582185995523e-16
0.17731953808368273,-9.539060767262534e-19,0.0005863874505139678,9.234170316825399e-05,1.461462938877909e-21,6.608722616187224e-07,typ,0.029319372525698387,6.102607021452875e-11,True,0.0005207644017472852,0.46875,0.84,2.689794049305708e-16,-0.006251870686429586,4.384438718386827e-09,True,False,53,0.9375,332,3.304361308093612e-05,0.001652180654046806,3.304361308093612e-05,3.304361308093612e-05,0.0,17.89203141549599,5.4385254023518375,-0.005543058211871288,-0.005543058211871288,0.4999587840769185,0.015505413842760423,0.0,0.008209371321142888,0.008209371321142888,True,9.234170316825399e-05,4.212227834760262e-06,success,0.9999175681538374,0.2915548946420638,0.5,5.771656143509566e-15,0.02,"[0.005, 0.0075, 0.01, 0.015, 0.02, 0.03, 0.05, 0.08]",0.0011270232011948223,0.0033069534065514705,False,-5.3795880986114164e-18,0.00010397795186320513,True,success,1.870811816713103e-16,-7.913341906933459e-16,0.007156812566198396,1.582668381386692e-17,0.0
0.26919691245156635,-1.733779963397091e-18,0.0015085967589017017,0.0002493837436275692,2.502353472186176e-21,3.172888584644904e-06,typ,0.05028655863005673,7.912668333519256e-10,True,0.0009263989744772354,0.46875,0.84,2.1468546916178953e-16,-0.005852523155681938,4.384438718386827e-09,True,False,53,0.9375,332,0.0001057629528214968,0.00352543176071656,0.0001057629528214968,0.0001057629528214968,0.0,14.136574058257205,4.297003248690559,-0.005543058211871288,-0.005543058211871288,0.4999587840769185,0.015505413842760423,0.0,0.008209371321142888,0.008209371321142888,True,0.0002493837436275692,4.212227834760262e-06,success,0.9999175681538374,0.2915548946420638,0.5,5.771656143509566e-15,0.03,"[0.005, 0.0075, 0.01, 0.015, 0.02, 0.03, 0.05, 0.08]",0.0021032052242740138,0.005604064122292365,False,-6.4405640748536856e-18,0.00040610958963077816,True,success,8.895844344443551e-17,-3.3447161067071557e-16,0.012722916652431485,1.0034148320121468e-17,0.0
0.36869169703776833,-1.2464354469844971e-18,0.0044696318462992095,0.0006623914692119863,-2.2326961825922255e-21,1.7719756659266565e-05,typ,0.08939263692598419,1.173741564761046e-08,True,0.0017965999086335047,0.46875,0.84,6.761396890675374e-17,-0.004452083541816906,4.384438718386827e-09,True,False,53,0.9375,332,0.0003543951331853313,0.007087902663706625,0.0003543951331853313,0.0003543951331853313,0.0,10.700473954078461,3.252554059683708,-0.005543058211871288,-0.005543058211871288,0.49995878407691857,0.015505413842760423,0.0,0.008209371321142888,0.008209371321142888,True,0.0006623914692119863,4.212227834760262e-06,success,0.9999175681538374,0.2915548946420638,0.5,5.771656143509566e-15,0.05,"[0.005, 0.0075, 0.01, 0.015, 0.02, 0.03, 0.05, 0.08]",0.003964477896303309,0.012122952272075023,False,-3.3806984453376874e-18,0.0016479161505461091,True,success,-2.0608357886782305e-17,6.74131925415148e-17,0.026751184885196157,-3.3706596270757403e-18,0.0
0.43508328205045377,-4.455469460636936e-18,0.011673947137869144,0.0012916462377306893,2.0676910971893902e-20,6.648641651243793e-05,typ,0.14592433922336429,8.587692974848603e-08,True,0.0029687333230627453,0.46875,0.84,1.2800622445314572e-16,-0.0009186778773031394,4.384438718386827e-09,True,False,53,0.9375,332,0.0008310802064054741,0.010388502580068426,0.0008310802064054741,0.0008310802064054741,0.0,8.042838880032761,2.444729865508601,-0.005543058211871288,-0.005543058211871288,0.49995878407691857,0.015505413842760423,0.0,0.008209371321142888,0.008209371321142888,True,0.0012916462377306893,4.212227834760262e-06,success,0.9999175681538374,0.2915548946420638,0.5,5.771656143509566e-15,0.08,"[0.005, 0.0075, 0.01, 0.015, 0.02, 0.03, 0.05, 0.08]",0.005695281615312656,0.02683152311174161,False,-1.0240497956251658e-17,0.005079139235227608,True,success,7.05581854035245e-17,-2.0010230324579281e-16,0.05147416883220967,1.6008184259663424e-17,0.0
0.4427591982319425,8.708888361203297e-20,3.642467269409843e-05,0.013375861741836796,2.446347887534366e-21,1.1007362398619479e-06,arith,0.007284934538819687,1.4723295758622719e-08,True,0.030210240228210363,0.53125,1.06,-3.9339164024057537e-17,-0.019896252510964635,4.5888801035098485e-09,True,False,54,1.0625,422,0.00022014724797238958,0.04402944959447792,0.00022014724797238958,0.00022014724797238958,0.0,3.291709382488856,1.000559672521079,-1.2609680091663772e-05,-1.2609680091663772e-05,0.4999590617469084,0.4427219496935089,0.0,0.2692194790898862,0.4427219496935089,True,0.013375861741836796,0.013373369016404048,success,0.9999181234938169,0.9999181234938169,0.5,3.708972694807187e-15,0.005,"[0.005, 0.0075, 0.01, 0.015, 0.02, 0.03, 0.05, 0.08]",0.030219523154158375,8.226745562723942e-05,False,1.966958201202877e-19,1.612735887789995e-05,True,success,2.0161168469489468e-17,-3.657854626117613e-17,8.22927345622214e-05,1.8289273130588064e-19,0.0
0.44280198349467564,1.572040210544778e-19,8.198442066356849e-05,0.013378729949229154,-1.0673938624384269e-20,2.4786003729454717e-06,arith,0.0109312560884758,3.3160525041696136e-08,True,0.030213798600543133,0.53125,1.06,-4.733613877510799e-17,-0.019873482958083367,4.5888801035098485e-09,True,False,54,1.0625,422,0.0003304800497260629,0.044064006630141726,0.0003304800497260629,0.0003304800497260629,0.0,3.293586670585318,1.0011302996769924,-1.2609680091663772e-05,-1.2609680091663772e-05,0.4999590617469084,0.4427219496935089,0.0,0.2692194790898862,0.4427219496935089,True,0.013378729949229154,0.013373369016404048,success,0.9999181234938169,0.9999181234938169,0.5,3.708972694807187e-15,0.0075,"[0.005, 0.0075, 0.01, 0.015, 0.02, 0.03, 0.05, 0.08]",0.030232577761531834,0.00018514917213453334,False,3.550210408133099e-19,3.630286408549e-05,True,success,-5.86157062556876e-17,1.0637719888101709e-16,0.00018526425022042409,-7.978289916076281e-19,0.0
0.4428564021629536,-6.35274710441959e-21,0.0001458096751306344,0.013382385519751504,-1.724506141050589e-20,4.410426525101183e-06,arith,0.01458096751306344,5.9022028065442017e-08,True,0.03021834042454989,0.53125,1.06,1.4344936808844035e-18,-0.019841593391756,4.5888801035098485e-09,True,False,54,1.0625,422,0.00044104265251011825,0.044104265251011826,0.00044104265251011825,0.00044104265251011825,0.0,3.2956953142559584,1.0017712504947602,-1.2609680091663772e-05,-1.2609680091663772e-05,0.4999590617469085,0.4427219496935089,0.0,0.2692194790898862,0.4427219496935089,True,0.013382385519751504,0.013373369016404048,success,0.9999181234938169,0.9999181234938169,0.5,3.708972694807187e-15,0.01,"[0.005, 0.0075, 0.01, 0.015, 0.02, 0.03, 0.05, 0.08]",0.03024783177899392,0.00032924820420002015,False,-1.4344936808844035e-20,6.457274812890184e-05,True,success,-7.098354440972845e-17,1.2886388144365843e-16,0.0003295695314255959,-1.2886388144365842e-18,0.0
0.44298728435704166,6.637081286947781e-19,0.00032835019406227074,0.01339121279405927,-2.6268984522607116e-20,9.942448457114062e-06,arith,0.021890012937484715,1.3314144298318066e-07,True,0.03022933900573574,0.53125,1.06,-9.988369901829786e-17,-0.019750420907433043,4.5888801035098485e-09,True,False,54,1.0625,422,0.0006628298971409375,0.04418865980939583,0.0006628298971409375,0.0006628298971409375,0.0,3.299825078502166,1.0030265482995289,-1.2609680091663772e-05,-1.2609680091663772e-05,0.4999590617469084,0.4427219496935089,0.0,0.2692194790898862,0.4427219496935089,True,0.01339121279405927,0.013373369016404048,success,0.9999181234938169,0.9999181234938169,0.5,3.708972694807187e-15,0.015,"[0.005, 0.0075, 0.01, 0.015, 0.02, 0.03, 0.05, 0.08]",0.030280013951289163,0.000741218101866836,False,1.4982554852744678e-18,0.00014545496078575295,True,success,-7.199240050750861e-17,1.3077722397312564e-16,0.0007424606426629872,-1.9616583595968844e-18,0.0
0.4431314120886842,5.045290955617461e-19,0.0005841830383644493,0.013400997187718313,-4.3487132147871095e-20,1.7706665634190293e-05,arith,0.029209151918222463,2.372869763676526e-07,True,0.030241587082606464,0.53125,1.06,-5.692770607071907e-17,-0.019622676415432666,4.5888801035098485e-09,True,False,54,1.0625,422,0.0008853332817095146,0.04426666408547573,0.0008853332817095146,0.0008853332817095146,0.0,3.3032365775022363,1.0040635196495742,-1.2609680091663772e-05,-1.2609680091663772e-05,0.4999590617469084,0.4427219496935089,0.0,0.2692194790898862,0.4427219496935089,True,0.013400997187718313,0.013373369016404048,success,0.9999181234938169,0.9999181234938169,0.5,3.708972694807187e-15,0.02,"[0.005, 0.0075, 0.01, 0.015, 0.02, 0.03, 0.05, 0.08]",0.03031013307706443,0.001318306539387319,False,1.1385541214143815e-18,0.00025886985470869635,True,success,-8.927375801174814e-17,1.6225334405609007e-16,0.0013212946310008945,-3.2450668811218013e-18,0.0
0.44341488279507635,-2.0116030267811123e-18,0.0013159011352290137,0.013420496953338776,-9.642494938115676e-21,3.9948230451374974e-05,arith,0.04386337117430046,5.361251050639532e-07,True,0.03026623028244418,0.53125,1.06,1.5122053144306781e-16,-0.01925732433246586,4.5888801035098485e-09,True,False,54,1.0625,422,0.0013316076817124992,0.04438692272374998,0.0013316076817124992,0.0013316076817124992,0.0,3.30739784659817,1.005328393780337,-1.2609680091663772e-05,-1.2609680091663772e-05,0.4999590617469084,0.4427219496935089,0.0,0.2692194790898862,0.4427219496935089,True,0.013420496953338776,0.013373369016404048,success,0.9999181234938169,0.9999181234938169,0.5,3.708972694807187e-15,0.03,"[0.005, 0.0075, 0.01, 0.015, 0.02, 0.03, 0.05, 0.08]",0.030358078872257038,0.00296765216118638,False,-4.5366159432920344e-18,0.000583490147647481,True,success,-1.3169107637319565e-17,2.3949671838137602e-17,0.002976658061938353,-7.1849015514412805e-19,0.0
0.4438585371340785,-1.3801872429721767e-18,0.0036581478674274897,0.013452333151017175,6.225774880381287e-20,0.00011124611182270318,arith,0.07316295734854979,1.4965197579943137e-06,True,0.03030770397675952,0.53125,1.06,6.219041102076434e-17,-0.01808696907981263,4.5888801035098485e-09,True,False,54,1.0625,422,0.0022249222364540636,0.04449844472908127,0.0022249222364540636,0.0022249222364540636,0.0,3.307860742782496,1.0054690973482354,-1.2609680091663772e-05,-1.2609680091663772e-05,0.4999590617469084,0.4427219496935089,0.0,0.2692194790898862,0.4427219496935089,True,0.013452333151017175,0.013373369016404048,success,0.9999181234938169,0.9999181234938169,0.5,3.708972694807187e-15,0.05,"[0.005, 0.0075, 0.01, 0.015, 0.02, 0.03, 0.05, 0.08]",0.030410501667592384,0.008241697661258355,False,-3.109520551038217e-18,0.0016237001610565145,True,success,5.0892312507383765e-17,-9.256052181417371e-17,0.008269651856956241,4.628026090708686e-18,0.0
0.44417534047816715,1.860099391123488e-18,0.009349226591706956,0.013479652539691231,1.2769206176162766e-19,0.0002843925835856232,arith,0.11686533239633695,3.8335132115992965e-06,True,0.030347593194120163,0.53125,1.06,-5.2346990636654855e-17,-0.015235378549464863,4.5888801035098485e-09,True,False,54,1.0625,422,0.00355490729482029,0.04443634118525362,0.00355490729482029,0.00355490729482029,0.0,3.2965494514350064,1.0020308770646824,-1.2609680091663772e-05,-1.2609680091663772e-05,0.49995906174690846,0.4427219496935089,0.0,0.2692194790898862,0.4427219496935089,True,0.013479652539691231,0.013373369016404048,success,0.9999181234938169,0.9999181234938169,0.5,3.708972694807187e-15,0.08,"[0.005, 0.0075, 0.01, 0.015, 0.02, 0.03, 0.05, 0.08]",0.030418835268993045,0.021048504362358913,False,4.1877592509323886e-18,0.004152695904578971,True,success,6.521769075592383e-17,-1.1841186316341856e-16,0.021097916489184045,9.472949053073487e-18,0.0
0.4380881464674166,-5.142561188726859e-19,3.757590196329037e-05,7.25719117410463e-05,8.712831751912929e-23,6.247392564278385e-09,typ,0.007515180392658074,4.533852217864799e-13,True,0.0001656559583413516,0.53125,1.06,2.3477289811169743e-16,-0.0012316050454830169,4.348026537090708e-09,True,False,55,1.0625,358,1.249478512855677e-06,0.00024989570257113536,1.249478512855677e-06,1.249478512855677e-06,0.0,3.4434217946858308,1.046674716052174,-0.2516965774689104,-0.2516965774689104,0.49995907670674966,0.4172709407568057,0.0,0.03355042813041545,0.03355042813041545,True,7.25719117410463e-05,7.03845401320551e-05,success,0.9999181534134999,0.04512342513758757,0.5,1.3121597846755071e-14,0.005,"[0.005, 0.0075, 0.01, 0.015, 0.02, 0.03, 0.05, 0.08]",0.00016626061485847368,8.577246900261687e-05,False,-1.1738644905584872e-18,1.6461557242939238e-05,True,success,1.2939742908135702e-16,-2.401158118309565e-16,8.608554486714577e-05,1.2005790591547827e-18,0.0
0.4445432019000742,-1.2447678555493977e-18,8.550670033229487e-05,7.378139832515703e-05,5.379905155862465e-23,1.4464294074505188e-08,typ,0.011400893377639316,1.0671958426032758e-12,True,0.00016597126670658623,0.53125,1.06,3.7334739727702193e-16,-0.0012079604600048546,4.348026537090708e-09,True,False,55,1.0625,358,1.9285725432673584e-06,0.00025714300576898115,1.9285725432673584e-06,1.9285725432673584e-06,0.0,3.48520103449034,1.0593740821381838,-0.2516965774689104,-0.2516965774689104,0.49995907670674966,0.4172709407568057,0.0,0.03355042813041545,0.03355042813041545,True,7.378139832515703e-05,7.03845401320551e-05,success,0.9999181534134999,0.04512342513758757,0.5,1.3121597846755071e-14,0.0075,"[0.005, 0.0075, 0.01, 0.015, 0.02, 0.03, 0.05, 0.08]",0.00016915977365860528,0.0001923473353474323,False,-2.8001054795776644e-18,3.80114223496285e-05,True,success,5.2077791324149674e-17,-9.722243054910304e-17,0.00019604255819008162,7.291682291182728e-19,0.0
0.4488581403579734,-2.896852679609843e-19,0.0001528494799450963,7.484768888034426e-05,2.4298430493745082e-23,2.628795746379258e-08,typ,0.01528494799450963,1.9675928615496706e-12,True,0.00016675132330373183,0.53125,1.06,6.453826764285804e-17,-0.0011746023301789782,4.348026537090708e-09,True,False,55,1.0625,358,2.628795746379258e-06,0.0002628795746379258,2.628795746379258e-06,2.628795746379258e-06,0.0,3.512193610388958,1.0675788413569949,-0.2516965774689104,-0.2516965774689104,0.49995907670674966,0.4172709407568057,0.0,0.03355042813041545,0.03355042813041545,True,7.484768888034426e-05,7.03845401320551e-05,success,0.9999181534134999,0.04512342513758757,0.5,1.3121597846755071e-14,0.01,"[0.005, 0.0075, 0.01, 0.015, 0.02, 0.03, 0.05, 0.08]",0.00017198591367949202,0.0003405295932099967,False,-6.453826764285805e-19,6.860773332283928e-05,True,success,1.7322501317194808e-17,-3.246383536649999e-17,0.00035121936103889583,3.2463835366499993e-19,0.0
0.4541954031607663,-3.527724206514717e-19,0.0003456162449064295,7.663080949067915e-05,1.62124399112606e-22,6.110701585845973e-08,typ,0.023041082993761966,4.6826800907935376e-12,True,0.00016871771259110483,0.53125,1.06,5.177983135254306e-17,-0.0010787811171942552,4.348026537090708e-09,True,False,55,1.0625,358,4.073801057230649e-06,0.00027158673714870995,4.073801057230649e-06,4.073801057230649e-06,0.0,3.54409328250335,1.0772751789662929,-0.2516965774689104,-0.2516965774689104,0.49995907670674966,0.4172709407568057,0.0,0.03355042813041545,0.03355042813041545,True,7.663080949067915e-05,7.03845401320551e-05,success,0.9999181534134999,0.04512342513758757,0.5,1.3121597846755071e-14,0.015,"[0.005, 0.0075, 0.01, 0.015, 0.02, 0.03, 0.05, 0.08]",0.000176805971244215,0.0007609417499632767,False,-7.766974702881459e-19,0.00015697730969418586,True,success,7.492058072493472e-17,-1.41043704823298e-16,0.0007974209885632538,2.11565557234947e-18,0.0
0.4573473364226316,1.0552057768508056e-18,0.0006157082638569076,7.807639597749616e-05,3.9386333686967565e-22,1.1120170133649908e-07,typ,0.030785413192845383,8.682228066919766e-12,True,0.00017071575531238316,0.53125,1.06,-1.1536153081207596e-16,-0.0009442110746303717,4.348026537090708e-09,True,False,55,1.0625,358,5.5600850668249535e-06,0.00027800425334124766,5.5600850668249535e-06,5.5600850668249535e-06,0.0,3.560669647474205,1.082313789724296,-0.2516965774689104,-0.2516965774689104,0.49995907670674966,0.4172709407568057,0.0,0.03355042813041545,0.03355042813041545,True,7.807639597749616e-05,7.03845401320551e-05,success,0.9999181534134999,0.04512342513758757,0.5,1.3121597846755071e-14,0.02,"[0.005, 0.0075, 0.01, 0.015, 0.02, 0.03, 0.05, 0.08]",0.00018060777784581215,0.001346259647367741,False,2.307230616241519e-18,0.00028159253448835955,True,success,1.3366877287124195e-16,-2.5222945548306194e-16,0.001424267858989682,5.0445891096612386e-18,0.0
0.4608889211330882,1.2264491023946885e-18,0.0013876453827894842,8.031565789840437e-05,5.522795514509902e-22,2.5788380316510155e-07,typ,0.04625484609298281,2.0712107312547745e-11,True,0.0001742625049457678,0.53125,1.06,-8.870171286821725e-17,-0.0005589941828478551,4.348026537090708e-09,True,False,55,1.0625,358,8.596126772170053e-06,0.0002865375590723351,8.596126772170053e-06,8.596126772170053e-06,0.0,3.56764255650862,1.084433299914688,-0.2516965774689104,-0.2516965774689104,0.49995907670674966,0.4172709407568057,0.0,0.03355042813041545,0.03355042813041545,True,8.031565789840437e-05,7.03845401320551e-05,success,0.9999181534134999,0.04512342513758757,0.5,1.3121597846755071e-14,0.03,"[0.005, 0.0075, 0.01, 0.015, 0.02, 0.03, 0.05, 0.08]",0.00018584272780607406,0.0030108022110359686,False,2.6610513860465176e-18,0.0006395503833891566,True,success,1.2135196684357965e-16,-2.2921207225852046e-16,0.0032108783008577575,6.876362167755614e-18,0.0
0.4640391377081041,4.0806341678590905e-18,0.0038580892959857345,8.319194756647798e-05,5.908307161890408e-22,7.25143416308328e-07,typ,0.07716178591971469,6.032609306769914e-11,True,0.00017927786862410828,0.53125,1.06,-1.7587456902938835e-16,0.0006752114891863462,4.348026537090708e-09,True,False,55,1.0625,358,1.450286832616656e-05,0.0002900573665233312,1.450286832616656e-05,1.450286832616656e-05,0.0,3.4866038722263215,1.0598004936777874,-0.2516965774689104,-0.2516965774689104,0.4999590767067497,0.4172709407568057,0.0,0.03355042813041545,0.03355042813041545,True,8.319194756647798e-05,7.03845401320551e-05,success,0.9999181534134999,0.04512342513758757,0.5,1.3121597846755071e-14,0.05,"[0.005, 0.0075, 0.01, 0.015, 0.02, 0.03, 0.05, 0.08]",0.0001879540261193087,0.00831414633481325,False,8.793728451469418e-18,0.0017903044301100868,True,success,7.606948315486074e-17,-1.4204036171094875e-16,0.008716509680565802,7.102018085547437e-18,0.0
0.46594450788159036,5.6788750233695965e-18,0.009879046387919147,8.47060842042192e-05,1.9743726294797355e-22,1.6982711078512802e-06,typ,0.12348807984898934,1.4385389546324317e-10,True,0.00018179436128420984,0.53125,1.06,-1.5234848054086192e-16,0.003685153775766725,4.348026537090708e-09,True,False,55,1.0625,358,2.1228388848141e-05,0.0002653548606017625,2.1228388848141e-05,2.1228388848141e-05,0.0,3.1326540837611425,0.9522126591260462,-0.2516965774689104,-0.2516965774689104,0.49995907670674966,0.4172709407568057,0.0,0.03355042813041545,0.03355042813041545,True,8.47060842042192e-05,7.03845401320551e-05,success,0.9999181534134999,0.04512342513758757,0.5,1.3121597846755071e-14,0.08,"[0.005, 0.0075, 0.01, 0.015, 0.02, 0.03, 0.05, 0.08]",0.00017190638055187754,0.02120219515588687,False,1.2187878443268954e-17,0.00460308740755839,True,success,1.646145838497806e-17,-2.9135637776616055e-17,0.020048986136071315,2.3308510221292845e-18,0.0
0.46550434163842197,-2.3728474617362595e-19,3.823771249453893e-05,0.014936653456280464,7.368399688619494e-21,1.2250921029172868e-06,arith,0.007647542498907785,1.8298776193301394e-08,True,0.03208703361113317,0.53125,1.08,1.0194738263383829e-16,-0.02033675536849934,4.53215106071253e-09,True,False,56,1.0625,417,0.00024501842058345733,0.04900368411669147,0.00024501842058345733,0.00024501842058345733,0.0,3.2807672923607076,0.9972336759511635,-1.2752685897057022e-05,-1.2752685897057022e-05,0.49995905152214304,0.46569557710463466,0.0,0.2862922780581611,0.46569557710463466,True,0.014936653456280464,0.01495008040106395,success,0.9999181030442861,0.9999181030442861,0.5,3.3649973414020714e-15,0.005,"[0.005, 0.0075, 0.01, 0.015, 0.02, 0.03, 0.05, 0.08]",0.03203884393168794,8.214254750010444e-05,False,-5.097369131691915e-19,1.7799821180529605e-05,True,success,5.447059920970446e-17,-9.866198891454201e-17,8.20191823090177e-05,4.933099445727101e-19,0.0
0.4652769057068732,-1.9341467954959914e-19,8.587280253455077e-05,0.014920720034548154,1.255660169855496e-20,2.745145083996752e-06,arith,0.01144970700460677,4.095954125253171e-08,True,0.032068473314573416,0.53125,1.08,5.542640011493181e-17,-0.020312879733886777,4.53215106071253e-09,True,False,56,1.0625,417,0.0003660193445329003,0.04880257927105337,0.0003660193445329003,0.0003660193445329003,0.0,3.270792505861214,0.9942017044270386,-1.2752685897057022e-05,-1.2752685897057022e-05,0.49995905152214304,0.46569557710463466,0.0,0.2862922780581611,0.46569557710463466,True,0.014920720034548154,0.01495008040106395,success,0.9999181030442861,0.9999181030442861,0.5,3.3649973414020714e-15,0.0075,"[0.005, 0.0075, 0.01, 0.015, 0.02, 0.03, 0.05, 0.08]",0.0319675730030151,0.000184562787194624,False,-4.1569800086198856e-19,3.995463184765312e-05,True,success,6.204325531316523e-17,-1.1220728999208974e-16,0.00018398207845469325,8.41554674940673e-19,0.0
0.46497735975295623,-2.8841471854010145e-19,0.00015230776743877157,0.014899785258656744,-2.289635935547139e-21,4.855589032888276e-06,arith,0.015230776743877156,7.234723389432408e-08,True,0.032044109129470394,0.53125,1.08,6.202769070161546e-17,-0.020279524491191747,4.53215106071253e-09,True,False,56,1.0625,417,0.00048555890328882755,0.04855589032888275,0.00048555890328882755,0.00048555890328882755,0.0,3.2588315526676386,0.9905660106218477,-1.2752685897057022e-05,-1.2752685897057022e-05,0.49995905152214304,0.46569557710463466,0.0,0.2862922780581611,0.46569557710463466,True,0.014899785258656744,0.01495008040106395,success,0.9999181030442861,0.9999181030442861,0.5,3.3649973414020714e-15,0.01,"[0.005, 0.0075, 0.01, 0.015, 0.02, 0.03, 0.05, 0.08]",0.03188011428793509,0.00032755953433881836,False,-6.202769070161545e-19,7.081966357354728e-05,True,success,-8.512467506152848e-18,1.5366905601655335e-17,0.0003258831552667639,-1.5366905601655334e-19,0.0
0.46421731632666174,1.3516472116668217e-19,0.00034088528201788374,0.014846879839705602,1.3118388660806987e-20,1.0800358933351787e-05,arith,0.022725685467858917,1.6035163130916495e-07,True,0.03198260667479735,0.53125,1.08,-1.9411127276370864e-17,-0.020184596510294653,4.53215106071253e-09,True,False,56,1.0625,417,0.0007200239288901192,0.04800159525934128,0.0007200239288901192,0.0007200239288901192,0.0,3.233109971764485,0.9827475875550686,-1.2752685897057022e-05,-1.2752685897057022e-05,0.49995905152214304,0.46569557710463466,0.0,0.2862922780581611,0.46569557710463466,True,0.014846879839705602,0.01495008040106395,success,0.9999181030442861,0.9999181030442861,0.5,3.3649973414020714e-15,0.015,"[0.005, 0.0075, 0.01, 0.015, 0.02, 0.03, 0.05, 0.08]",0.03168326561187576,0.0007343226330187318,False,2.9116690914556294e-19,0.00015824485079359924,True,success,3.275999316085177e-17,-5.890525507689033e-17,0.000727449743647009,8.83578826153355e-19,0.0
0.46332461989837687,2.5287276288101104e-19,0.0006027749085745631,0.014785059300877658,-1.861997771398099e-20,1.8978739346890416e-05,arith,0.03013874542872815,2.806017866996749e-07,True,0.03191080004365089,0.53125,1.08,-2.7288940844161788e-17,-0.02005240448991894,4.53215106071253e-09,True,False,56,1.0625,417,0.0009489369673445207,0.047446848367226034,0.0009489369673445207,0.0009489369673445207,0.0,3.2091077486858333,0.9754517865979393,-1.2752685897057022e-05,-1.2752685897057022e-05,0.49995905152214304,0.46569557710463466,0.0,0.2862922780581611,0.46569557710463466,True,0.014785059300877658,0.01495008040106395,success,0.9999181030442861,0.9999181030442861,0.5,3.3649973414020714e-15,0.02,"[0.005, 0.0075, 0.01, 0.015, 0.02, 0.03, 0.05, 0.08]",0.031485616068145865,0.0013009775062390867,False,5.457788168832358e-19,0.0002792804553995883,True,success,-3.515069698429408e-17,6.29688976386983e-17,0.0012836430994743334,-1.2593779527739662e-18,0.0
0.4614106443170389,-1.833781234921892e-18,0.0013434907258613492,0.014653448053693036,-6.571690463050423e-22,4.184014813465455e-05,arith,0.04478302419537831,6.13102437249982e-07,True,0.031757932406137855,0.53125,1.08,1.3247644352578673e-16,-0.019677627998644844,4.53215106071253e-09,True,False,56,1.0625,417,0.0013946716044884852,0.04648905348294951,0.0013946716044884852,0.0013946716044884852,0.0,3.1725675289941813,0.9643448916688117,-1.2752685897057022e-05,-1.2752685897057022e-05,0.499959051522143,0.46569557710463466,0.0,0.2862922780581611,0.46569557710463466,True,0.014653448053693036,0.01495008040106395,success,0.9999181030442861,0.9999181030442861,0.5,3.3649973414020714e-15,0.03,"[0.005, 0.0075, 0.01, 0.015, 0.02, 0.03, 0.05, 0.08]",0.031142863385104257,0.002911702931886041,False,-3.974293305773602e-18,0.0006199009214536514,True,success,-8.392871580342663e-19,1.4949133334740267e-18,0.002855310776094763,-4.48474000042208e-20,0.0
0.4578578558369312,-3.134815947917201e-19,0.0036834363009791917,0.014412122931050946,-7.310622253742729e-20,0.00011303010431594707,arith,0.07366872601958382,1.6290037583109412e-06,True,0.031477286558088256,0.53125,1.08,1.3693402473948963e-17,-0.01849248784480479,4.53215106071253e-09,True,False,56,1.0625,417,0.002260602086318941,0.04521204172637882,0.0022606020863189416,0.002260602086318941,0.0,3.137084102229616,0.9535592232703958,-1.2752685897057022e-05,-1.2752685897057022e-05,0.4999590515221429,0.46569557710463466,0.0,0.2862922780581611,0.46569557710463466,True,0.014412122931050946,0.01495008040106395,success,0.9999181030442861,0.9999181030442861,0.5,3.3649973414020714e-15,0.05,"[0.005, 0.0075, 0.01, 0.015, 0.02, 0.03, 0.05, 0.08]",0.030686048320124212,0.008044934151552637,False,-6.846701236974482e-19,0.00168649024687825,True,success,-5.727871956224733e-17,1.0145101160623574e-16,0.007842710255574042,-5.072550580311788e-18,1.9184308092911095e-16
0.4537645828036285,-4.148123165666036e-18,0.00931867141891862,0.014139793181023428,-1.1921803394443477e-19,0.0002825546798990574,arith,0.11648339273648274,3.995264736102949e-06,True,0.031161077168383976,0.53125,1.08,1.1426969299907826e-16,-0.01563881951431257,4.53215106071253e-09,True,False,56,1.0625,417,0.003531933498738217,0.044149168734227716,0.003531933498738217,0.003531933498738217,0.0,3.1223348297257223,0.9490759820265221,-1.2752685897057022e-05,-1.2752685897057022e-05,0.49995905152214304,0.46569557710463466,0.0,0.2862922780581611,0.46569557710463466,True,0.014139793181023428,0.01495008040106395,success,0.9999181030442861,0.9999181030442861,0.5,3.3649973414020714e-15,0.08,"[0.005, 0.0075, 0.01, 0.015, 0.02, 0.03, 0.05, 0.08]",0.030321348097478718,0.02053635689533613,False,-9.14157543992626e-18,0.004228483048689704,True,success,-5.964433138288587e-17,1.0539230703214382e-16,0.019982942910244623,-8.431384562571506e-18,0.0
0.5909115863614975,4.090707723552831e-19,4.580370683930428e-05,0.00037927639032155405,-3.403003319071781e-23,2.852486212133142e-08,typ,0.009160741367860856,1.0818806739798608e-11,True,0.0006418496422737715,0.53125,1.08,-1.384541382490439e-16,-0.0014194689792154241,4.463745623268989e-09,True,False,57,1.0625,353,5.704972424266284e-06,0.0011409944848532567,5.704972424266284e-06,5.704972424266284e-06,0.0,3.008345665507708,0.9144274309036119,-0.23893787560864632,-0.23893787560864632,0.4999594708922229,0.605844152027837,0.0,0.07907592116121806,0.07907592116121806,True,0.00037927639032155405,0.00039182142555783245,success,0.9999189417844458,0.04639893417337381,0.5,7.056060132245032e-15,0.005,"[0.005, 0.0075, 0.01, 0.015, 0.02, 0.03, 0.05, 0.08]",0.0006227631798755239,7.751363807458548e-05,False,6.922706912452194e-19,2.7065941069650266e-05,True,success,-1.0346005173143554e-17,1.7944714756363733e-17,7.52086416376927e-05,-8.972357378181866e-20,0.0
0.5786039992287411,5.416246302099217e-19,9.814556897359192e-05,0.0003672525812091293,-1.4053669360305229e-22,5.801537529378989e-08,typ,0.013086075863145589,2.1306296326460687e-11,True,0.0006347218161275487,0.53125,1.08,-1.2481181854530062e-16,-0.0013916050291483406,4.463745623268989e-09,True,False,57,1.0625,353,7.73538337250532e-06,0.001031384449667376,7.73538337250532e-06,7.73538337250532e-06,0.0,2.808379035136207,0.853644863868981,-0.23893787560864632,-0.23893787560864632,0.4999594708922229,0.605844152027837,0.0,0.07907592116121806,0.07907592116121806,True,0.0003672525812091293,0.00039182142555783245,success,0.9999189417844458,0.04639893417337381,0.5,7.056060132245032e-15,0.0075,"[0.005, 0.0075, 0.01, 0.015, 0.02, 0.03, 0.05, 0.08]",0.0005911155837244178,0.00016962476772441348,False,9.360886390897546e-19,5.678741871470053e-05,True,success,-3.0446386084103973e-17,5.102272052669375e-17,0.0001579713207264116,-3.826704039502031e-19,0.0
0.5669170265604686,1.0206747014413225e-19,0.0001683298998802737,0.0003542677404035335,-3.1184709093249153e-22,9.335312275136985e-08,typ,0.016832989988027368,3.307199985674149e-11,True,0.0006249022763576259,0.53125,1.08,-1.8003952141530098e-17,-0.0013541840531976143,4.463745623268989e-09,True,False,57,1.0625,353,9.335312275136984e-06,0.0009335312275136983,9.335312275136984e-06,9.335312275136984e-06,0.0,2.635100860299464,0.8009746145474528,-0.23893787560864632,-0.23893787560864632,0.4999594708922229,0.605844152027837,0.0,0.07907592116121806,0.07907592116121806,True,0.0003542677404035335,0.00039182142555783245,success,0.9999189417844458,0.04639893417337381,0.5,7.056060132245032e-15,0.01,"[0.005, 0.0075, 0.01, 0.015, 0.02, 0.03, 0.05, 0.08]",0.0005545843181619437,0.00029692158110252006,False,1.8003952141530098e-19,9.542908632134615e-05,True,success,-5.4226486788149113e-17,8.802582210202878e-17,0.00026351008602994646,-8.80258221020288e-19,0.0
0.5476868225375635,-5.424501865593151e-19,0.0003626478247068466,0.00032906605098175694,-8.602914429282022e-23,1.7574924975027023e-07,typ,0.024176521647123108,5.7833111578327954e-11,True,0.0006008288632125848,0.53125,1.08,6.602924204578742e-17,-0.0012516301026925108,4.463745623268989e-09,True,False,57,1.0625,353,1.1716616650018016e-05,0.0007811077766678678,1.1716616650018018e-05,1.1716616650018016e-05,0.0,2.373711217968126,0.7215216906888773,-0.23893787560864632,-0.23893787560864632,0.4999594708922229,0.605844152027837,0.0,0.07907592116121806,0.07907592116121806,True,0.00032906605098175694,0.00039182142555783245,success,0.9999189417844458,0.04639893417337381,0.5,7.056060132245032e-15,0.015,"[0.005, 0.0075, 0.01, 0.015, 0.02, 0.03, 0.05, 0.08]",0.0004846278890335012,0.000662144513586456,False,-9.904386306868114e-19,0.00019861743481385213,True,success,-1.131246695373038e-17,1.7428951631677044e-17,0.0005340850240428284,-2.614342744751557e-19,1.4458661105943033e-16
0.5335241590794157,8.147129542675707e-19,0.0006303262570768901,0.0003067822675792571,6.680215457942883e-22,2.692414121395092e-07,typ,0.03151631285384451,8.259849094239996e-11,True,0.0005750110137629067,0.53125,1.08,-7.635202084131861e-17,-0.001112413847075354,4.463745623268989e-09,True,False,57,1.0625,353,1.346207060697546e-05,0.000673103530348773,1.346207060697546e-05,1.346207060697546e-05,0.0,2.1940757386665997,0.6669190525279093,-0.23893787560864632,-0.23893787560864632,0.4999594708922229,0.605844152027837,0.0,0.07907592116121806,0.07907592116121806,True,0.0003067822675792571,0.00039182142555783245,success,0.9999189417844458,0.04639893417337381,0.5,7.056060132245032e-15,0.02,"[0.005, 0.0075, 0.01, 0.015, 0.02, 0.03, 0.05, 0.08]",0.00042714611539126457,0.0011814390151788144,False,1.5270404168263722e-18,0.00033629428625262344,True,success,7.350288974840611e-17,-1.0887551472017611e-16,0.00087763029546664,2.1775102944035222e-18,0.0
0.5149800531430824,-1.5686401217953829e-18,0.001389833205844379,0.0002711491503174814,8.706337173479e-23,4.801609645587547e-07,typ,0.04632777352814597,1.3019523755572864e-10,True,0.0005265235976861129,0.53125,1.08,1.015340375626517e-16,-0.0007233352683588476,4.463745623268989e-09,True,False,57,1.0625,353,1.6005365485291825e-05,0.0005335121828430609,1.6005365485291825e-05,1.6005365485291825e-05,0.0,1.9675967349275685,0.5980776903409811,-0.23893787560864632,-0.23893787560864632,0.4999594708922229,0.605844152027837,0.0,0.07907592116121806,0.07907592116121806,True,0.0002711491503174814,0.00039182142555783245,success,0.9999189417844458,0.04639893417337381,0.5,7.056060132245032e-15,0.03,"[0.005, 0.0075, 0.01, 0.015, 0.02, 0.03, 0.05, 0.08]",0.00034548099911531317,0.0026988097837222966,False,-3.046021126879551e-18,0.0007157363782057588,True,success,7.630235338346576e-18,-1.070301119425106e-17,0.0017708370614348116,3.210903358275318e-19,0.0
0.49620265813216186,-3.899527881788366e-19,0.003815028687261466,0.00022371076116092575,6.221349383405327e-22,9.655158449682366e-07,typ,0.07630057374522932,2.1599628459077858e-10,True,0.00045084555170065446,0.53125,1.08,1.5717480823126666e-17,0.0005024168905828769,4.463745623268989e-09,True,False,57,1.0625,353,1.931031689936473e-05,0.0003862063379872946,1.931031689936473e-05,1.931031689936473e-05,0.0,1.7263645967816368,0.5247519130324279,-0.23893787560864632,-0.23893787560864632,0.4999594708922229,0.605844152027837,0.0,0.07907592116121806,0.07907592116121806,True,0.00022371076116092575,0.00039182142555783245,success,0.9999189417844458,0.04639893417337381,0.5,7.056060132245032e-15,0.05,"[0.005, 0.0075, 0.01, 0.015, 0.02, 0.03, 0.05, 0.08]",0.0002530821978330419,0.0076884487109001864,False,-7.858740411563334e-19,0.0018930273754695914,True,success,4.23312849070111e-17,-5.561958084734257e-17,0.004315911491954092,2.7809790423671284e-18,0.0
0.48392922469125105,-3.4194411877920356e-18,0.009726750135009685,0.00018151353332163095,3.579386937670813e-22,1.7337458459054555e-06,typ,0.12158437668762107,3.1469833437199914e-10,True,0.0003750828097588803,0.53125,1.08,8.832492989996765e-17,0.003470305080250896,4.463745623268989e-09,True,False,57,1.0625,353,2.1671823073818194e-05,0.0002708977884227274,2.1671823073818194e-05,2.1671823073818194e-05,0.0,1.4924385166516096,0.45364691106166777,-0.23893787560864632,-0.23893787560864632,0.4999594708922229,0.605844152027837,0.0,0.07907592116121806,0.07907592116121806,True,0.00018151353332163095,0.00039182142555783245,success,0.9999189417844458,0.04639893417337381,0.5,7.056060132245032e-15,0.08,"[0.005, 0.0075, 0.01, 0.015, 0.02, 0.03, 0.05, 0.08]",0.00017824513037146392,0.0200995303418912,False,-7.065994391997412e-18,0.004707058651600759,True,success,2.0177224526653788e-17,-2.464958722477429e-17,0.009551606506570302,1.971966977981943e-18,0.0
0.41574010259024835,-7.523259369958071e-21,3.431688632939146e-05,0.01166202235803704,8.230182138612667e-21,9.66716286197986e-07,arith,0.006863377265878292,1.1273866943519446e-08,True,0.028051232694121596,0.53125,1.04,3.6192127355935944e-18,-0.019491169025986743,4.59122272259814e-09,True,False,58,1.0625,427,0.00019334325723959717,0.038668651447919436,0.00019334325723959717,0.00019334325723959717,0.0,3.315775794347574,1.0078749845277268,-1.246954721062911e-05,-1.246954721062911e-05,0.49995907181734445,0.4152190825800437,0.0,0.24980999102710372,0.4152190825800437,True,0.01166202235803704,0.011630319760869045,success,0.999918143634689,0.999918143634689,0.5,3.2476455617005863e-15,0.005,"[0.005, 0.0075, 0.01, 0.015, 0.02, 0.03, 0.05, 0.08]",0.028170279696092947,8.254408491165942e-05,False,-1.809606367796797e-20,1.4266905843159097e-05,True,success,7.751272304683612e-17,-1.411450241808313e-16,8.289439485868935e-05,7.057251209041566e-19,0.0
0.4163110572021789,-3.678240573451799e-19,7.757567318819528e-05,0.011696938175610846,-1.0243804705856695e-20,2.1974562300243988e-06,arith,0.010343423091759372,2.5703509666206278e-08,True,0.02809663104847657,0.53125,1.04,1.1780423987683435e-16,-0.01946966861192076,4.59122272259814e-09,True,False,58,1.0625,427,0.0002929941640032532,0.03906588853376709,0.0002929941640032532,0.0002929941640032532,0.0,3.33983884904367,1.015189276079303,-1.246954721062911e-05,-1.246954721062911e-05,0.49995907181734445,0.4152190825800437,0.0,0.24980999102710372,0.4152190825800437,True,0.011696938175610846,0.011630319760869045,success,0.999918143634689,0.999918143634689,0.5,3.2476455617005863e-15,0.0075,"[0.005, 0.0075, 0.01, 0.015, 0.02, 0.03, 0.05, 0.08]",0.02832661502908861,0.00018634065044907306,False,-8.835317990762576e-19,3.2295610518148306e-05,True,success,-6.389473545012971e-17,1.1676907297804295e-16,0.00018786593525870642,-8.75768047335322e-19,0.0
0.41700987018350455,-2.4098087349386097e-19,0.00013862157904889942,0.011739871942768196,-1.2930487335429311e-20,3.950634813933236e-06,arith,0.013862157904889942,4.637994680821805e-08,True,0.028152503770719105,0.53125,1.04,5.77878104870318e-17,-0.01943941954219107,4.59122272259814e-09,True,False,58,1.0625,427,0.0003950634813933236,0.03950634813933236,0.0003950634813933236,0.0003950634813933236,0.0,3.3651430213145055,1.022880822136015,-1.246954721062911e-05,-1.246954721062911e-05,0.49995907181734456,0.4152190825800437,0.0,0.24980999102710372,0.4152190825800437,True,0.011739871942768196,0.011630319760869045,success,0.999918143634689,0.999918143634689,0.5,3.2476455617005863e-15,0.01,"[0.005, 0.0075, 0.01, 0.015, 0.02, 0.03, 0.05, 0.08]",0.028499421526136496,0.00033241798086913196,False,-5.77878104870318e-19,5.7806566683813964e-05,True,success,-6.004125620657669e-17,1.1014163866918956e-16,0.00033651430213145055,-1.1014163866918955e-18,0.0
0.4186139915344086,-3.256316246772727e-19,0.0003150561987696741,0.01183909434686663,3.8003283711004935e-21,9.087126387535736e-06,arith,0.02100374658464494,1.0758334664393692e-07,True,0.02828164988817269,0.53125,1.04,5.1858694208744483e-17,-0.019352307810507903,4.59122272259814e-09,True,False,58,1.0625,427,0.0006058084258357158,0.04038722838904772,0.0006058084258357158,0.0006058084258357158,0.0,3.411344415862073,1.0369243620804738,-1.246954721062911e-05,-1.246954721062911e-05,0.49995907181734445,0.4152190825800437,0.0,0.24980999102710372,0.4152190825800437,True,0.01183909434686663,0.011630319760869045,success,0.999918143634689,0.999918143634689,0.5,3.2476455617005863e-15,0.015,"[0.005, 0.0075, 0.01, 0.015, 0.02, 0.03, 0.05, 0.08]",0.028842874455484044,0.0007526174593803026,False,-7.778804131311672e-19,0.0001318869329246313,True,success,1.1586402167141592e-17,-2.139988223061054e-17,0.0007675524935689664,3.209982334591581e-19,0.0
0.4203090870688666,-5.651457410338599e-19,0.0005650866028744753,0.011944777196747443,1.5372213025521607e-20,1.647177702838835e-05,arith,0.028254330143723763,1.9675170663860154e-07,True,0.028419031527601307,0.53125,1.04,6.722977903892691e-17,-0.019229200671181744,4.59122272259814e-09,True,False,58,1.0625,427,0.0008235888514194175,0.04117944257097087,0.0008235888514194175,0.0008235888514194175,0.0,3.447485197311509,1.0479098423431215,-1.246954721062911e-05,-1.246954721062911e-05,0.49995907181734445,0.4152190825800437,0.0,0.24980999102710372,0.4152190825800437,True,0.011944777196747443,0.011630319760869045,success,0.999918143634689,0.999918143634689,0.5,3.2476455617005863e-15,0.02,"[0.005, 0.0075, 0.01, 0.015, 0.02, 0.03, 0.05, 0.08]",0.029149119700590895,0.0013444548791824889,False,-1.3445955807785382e-18,0.00023751103416901789,True,success,3.4655896676674025e-17,-6.43470061112042e-17,0.0013789940789246038,1.2869401222240841e-18,0.0
0.4235595974929339,8.464066503615627e-19,0.0012888087506497483,0.012149420561993552,-1.7989066952592746e-21,3.81818821469893e-05,arith,0.04296029168832494,4.638877440522463e-07,True,0.028684087514263528,0.53125,1.04,-6.66105907623136e-17,-0.018873300975270048,4.59122272259814e-09,True,False,58,1.0625,427,0.0012727294048996433,0.04242431349665478,0.0012727294048996433,0.0012727294048996433,0.0,3.4918795740241904,1.0614041147298996,-1.246954721062911e-05,-1.246954721062911e-05,0.49995907181734445,0.4152190825800437,0.0,0.24980999102710372,0.4152190825800437,True,0.012149420561993552,0.011630319760869045,success,0.999918143634689,0.999918143634689,0.5,3.2476455617005863e-15,0.03,"[0.005, 0.0075, 0.01, 0.015, 0.02, 0.03, 0.05, 0.08]",0.0296257160946029,0.003042803794975391,False,1.9983177228694077e-18,0.0005458873156705784,True,success,-2.6412054751555417e-18,4.935507516813074e-18,0.003142691616621771,-1.480652255043922e-19,0.0
0.42883102823821984,1.2290448114740946e-18,0.003635554248330358,0.01248630662998353,4.781103940648532e-22,0.00010975212975046393,arith,0.07271108496660715,1.3703987453580303e-06,True,0.02911707830769947,0.53125,1.04,-5.732070351921214e-17,-0.017716949843157512,4.59122272259814e-09,True,False,58,1.0625,427,0.0021950425950092783,0.04390085190018556,0.0021950425950092783,0.0021950425950092783,0.0,3.5159197352054354,1.0687114474874087,-1.246954721062911e-05,-1.246954721062911e-05,0.49995907181734445,0.4152190825800437,0.0,0.24980999102710372,0.4152190825800437,True,0.01248630662998353,0.011630319760869045,success,0.999918143634689,0.999918143634689,0.5,3.2476455617005863e-15,0.05,"[0.005, 0.0075, 0.01, 0.015, 0.02, 0.03, 0.05, 0.08]",0.030188555101568905,0.008477824618396718,False,2.8660351759606075e-18,0.0015590384665273359,True,success,4.084178446983534e-19,-7.658155581679542e-19,0.00878979933801359,3.8290777908397706e-20,0.0
0.43406273635487413,5.534476911198306e-20,0.009385264746669867,0.012828123512092676,5.3153154201806426e-20,0.0002867550306631516,arith,0.11731580933337334,3.6785289510608315e-06,True,0.029553616188801018,0.53125,1.04,-1.5938009784239792e-18,-0.014865555964983589,4.59122272259814e-09,True,False,58,1.0625,427,0.0035844378832893954,0.04480547354111744,0.0035844378832893954,0.0035844378832893954,0.0,3.4927535191628536,1.061669762197563,-1.246954721062911e-05,-1.246954721062911e-05,0.49995907181734445,0.4152190825800437,0.0,0.24980999102710372,0.4152190825800437,True,0.012828123512092676,0.011630319760869045,success,0.999918143634689,0.999918143634689,0.5,3.2476455617005863e-15,0.08,"[0.005, 0.0075, 0.01, 0.015, 0.02, 0.03, 0.05, 0.08]",0.030553749777266506,0.02162190844918973,False,1.2750407827391835e-19,0.004073793697354457,True,success,2.7713536689041377e-17,-5.179357892027289e-17,0.022353622522642263,4.143486313621832e-18,0.0
0.17445576945042307,1.3320901074917472e-18,2.8516966813611574e-05,1.2463390476589657e-05,-2.065017284359509e-23,1.4449433092747593e-09,typ,0.005703393362722315,1.8008892680026977e-14,True,7.144154943027842e-05,0.53125,1.04,-1.5271379234841543e-15,-0.0012298517106138634,4.4025282195324035e-09,True,False,59,1.0625,366,2.8898866185495187e-07,5.779773237099037e-05,2.8898866185495187e-07,2.8898866185495187e-07,0.0,4.637400431251312,1.4096007021536119,-0.22198114754064818,-0.22198114754064818,0.49995901613909577,0.0795805665511096,0.0,0.012872877677498713,0.012872877677498713,True,1.2463390476589657e-05,1.0357642086205845e-05,success,0.9999180322781924,0.04801335924571842,0.5,1.758285456439358e-14,0.005,"[0.005, 0.0075, 0.01, 0.015, 0.02, 0.03, 0.05, 0.08]",5.066960026706158e-05,0.00016346244611712622,False,7.635689617420772e-18,4.974949387860786e-06,True,success,-1.5387929435246952e-16,3.313732789225035e-16,0.0001159350107812828,-1.6568663946125176e-18,0.0
0.23423999644087803,1.749758310790571e-18,7.578957819632009e-05,1.4334279451978099e-05,-5.341777299502599e-23,4.1191621052981075e-09,typ,0.010105277092842679,5.904522072534151e-14,True,6.119484148641566e-05,0.53125,1.04,-9.95991767632623e-16,-0.0012100732535771028,4.4025282195324035e-09,True,False,59,1.0625,366,5.492216140397477e-07,7.322954853863303e-05,5.492216140397477e-07,5.492216140397477e-07,0.0,5.108701053580165,1.552858912870801,-0.22198114754064818,-0.22198114754064818,0.49995901613909577,0.0795805665511096,0.0,0.012872877677498713,0.012872877677498713,True,1.4334279451978099e-05,1.0357642086205845e-05,success,0.9999180322781924,0.04801335924571842,0.5,1.758285456439358e-14,0.0075,"[0.005, 0.0075, 0.01, 0.015, 0.02, 0.03, 0.05, 0.08]",5.4349980608522644e-05,0.00032355523970241054,False,7.469938257244673e-18,1.7752950526961664e-05,True,success,-2.198332613520147e-16,4.968767182564773e-16,0.00028736443426388426,-3.726575386923579e-18,0.0
0.27730322394170787,2.4525838987748105e-18,0.00014385113150721808,1.62563681669504e-05,-9.243743345280098e-23,8.769987425749204e-09,typ,0.014385113150721808,1.4256814441250463e-13,True,5.8623076702374233e-05,0.53125,1.04,-8.844411773915655e-16,-0.0011794336655412824,4.4025282195324035e-09,True,False,59,1.0625,366,8.769987425749204e-07,8.769987425749203e-05,8.769987425749204e-07,8.769987425749204e-07,0.0,5.394801185407948,1.6398229248618605,-0.22198114754064818,-0.22198114754064818,0.49995901613909577,0.0795805665511096,0.0,0.012872877677498713,0.012872877677498713,True,1.62563681669504e-05,1.0357642086205845e-05,success,0.9999180322781924,0.04801335924571842,0.5,1.758285456439358e-14,0.01,"[0.005, 0.0075, 0.01, 0.015, 0.02, 0.03, 0.05, 0.08]",6.0965717362530086e-05,0.0005187503032328868,False,8.844411773915655e-18,3.9890382534614166e-05,True,success,-2.448142143584545e-16,5.686229082872803e-16,0.0005394801185407948,-5.686229082872802e-18,0.0
0.3314682875348976,3.4554403814169465e-18,0.0003399302347523399,2.0019588233348823e-05,-1.9025545655604764e-22,2.5801059015304598e-08,typ,0.022662015650155996,5.165265774707305e-13,True,6.0396692492765614e-05,0.53125,1.04,-6.949765656547464e-16,-0.00108669985661336,4.4025282195324035e-09,True,False,59,1.0625,366,1.7200706010203066e-06,0.00011467137340135378,1.7200706010203066e-06,1.7200706010203066e-06,0.0,5.727958640544519,1.7410906479429797,-0.22198114754064818,-0.22198114754064818,0.49995901613909577,0.0795805665511096,0.0,0.012872877677498713,0.012872877677498713,True,2.0019588233348823e-05,1.0357642086205845e-05,success,0.9999180322781924,0.04801335924571842,0.5,1.758285456439358e-14,0.015,"[0.005, 0.0075, 0.01, 0.015, 0.02, 0.03, 0.05, 0.08]",7.590104197145705e-05,0.0010255286781138948,False,1.0424648484821195e-17,0.00011267609279469385,True,success,-2.6472245691365733e-16,6.335643348851643e-16,0.0012887906941225168,-9.503465023277465e-18,0.0
0.36317106760723966,2.6067934230476417e-18,0.0006150054227607451,2.3625957295521626e-05,-3.1993592744191218e-22,5.5951345366894277e-08,typ,0.030750271138037254,1.321904096265226e-12,True,6.505462412295603e-05,0.53125,1.04,-3.5889332267332797e-16,-0.000953119238676782,4.4025282195324035e-09,True,False,59,1.0625,366,2.7975672683447136e-06,0.00013987836341723567,2.797567268344714e-06,2.7975672683447136e-06,0.0,5.920537384690442,1.7996275668466393,-0.22198114754064818,-0.22198114754064818,0.49995901613909577,0.0795805665511096,0.0,0.012872877677498713,0.012872877677498713,True,2.3625957295521626e-05,1.0357642086205845e-05,success,0.9999180322781924,0.04801335924571842,0.5,1.758285456439358e-14,0.02,"[0.005, 0.0075, 0.01, 0.015, 0.02, 0.03, 0.05, 0.08]",9.097699515514835e-05,0.0016934317670532553,False,7.17786645346656e-18,0.00022335217596826157,True,success,-2.7826785355503394e-16,6.770856381395327e-16,0.0023682149538761773,-1.3541712762790654e-17,1.5138741377887926e-16
0.3981269993028466,3.3223019560577284e-18,0.0014012602279620207,3.0433068724263593e-05,-4.1317519377683904e-22,1.6747990734778704e-07,typ,0.04670867426540069,5.096927530248502e-12,True,7.644060507715985e-05,0.53125,1.04,-2.781609856381971e-16,-0.000565671247101128,4.4025282195324035e-09,True,False,59,1.0625,366,5.582663578259568e-06,0.00018608878594198562,5.582663578259568e-06,5.582663578259568e-06,0.0,6.114690162468606,1.8586429346024336,-0.22198114754064818,-0.22198114754064818,0.49995901613909577,0.0795805665511096,0.0,0.012872877677498713,0.012872877677498713,True,3.0433068724263593e-05,1.0357642086205845e-05,success,0.9999180322781924,0.04801335924571842,0.5,1.758285456439358e-14,0.03,"[0.005, 0.0075, 0.01, 0.015, 0.02, 0.03, 0.05, 0.08]",0.00011952091696156123,0.003519631249364508,False,8.344829569145912e-18,0.0005578795298009421,True,success,-1.8301218667056102e-16,4.52550696875582e-16,0.005503221146221746,-1.357652090626746e-17,0.0
0.42847794868539774,3.493878563417929e-18,0.003917019014076908,4.266411994323514e-05,-9.252762360373803e-22,6.446557769266982e-07,typ,0.07834038028153816,2.7503671388900088e-11,True,9.957133167326775e-05,0.53125,1.04,-1.6308323796533326e-16,0.0006851565268723436,4.4025282195324035e-09,True,False,59,1.0625,366,1.2893115538533964e-05,0.00025786231077067924,1.2893115538533964e-05,1.2893115538533964e-05,0.0,6.044008668496306,1.837158336709787,-0.22198114754064818,-0.22198114754064818,0.4999590161390957,0.0795805665511096,0.0,0.012872877677498713,0.012872877677498713,True,4.266411994323514e-05,1.0357642086205845e-05,success,0.9999180322781924,0.04801335924571842,0.5,1.758285456439358e-14,0.05,"[0.005, 0.0075, 0.01, 0.015, 0.02, 0.03, 0.05, 0.08]",0.0001645781586992421,0.009141705019113851,False,8.154161898266664e-18,0.0016783562721133726,True,success,-1.764314783022309e-16,4.337491256205288e-16,0.015110021671240766,-2.168745628102644e-17,0.0
0.44646735201009413,-1.187542343610273e-18,0.010046545731886047,5.706597279502859e-05,-6.961502265443457e-23,1.9124533184706295e-06,typ,0.1255818216485756,1.0913600904360709e-10,True,0.00012781667581762706,0.53125,1.04,3.32482973912789e-17,0.003744443406861829,4.4025282195324035e-09,True,False,59,1.0625,366,2.390566648088287e-05,0.00029882083101103585,2.390566648088287e-05,2.390566648088287e-05,0.0,5.23641000713946,1.5916777798798574,-0.22198114754064818,-0.22198114754064818,0.49995901613909577,0.0795805665511096,0.0,0.012872877677498713,0.012872877677498713,True,5.706597279502859e-05,1.0357642086205845e-05,success,0.9999180322781924,0.04801335924571842,0.5,1.758285456439358e-14,0.08,"[0.005, 0.0075, 0.01, 0.015, 0.02, 0.03, 0.05, 0.08]",0.00019035929059684905,0.022502307697649764,False,-2.6598637913023122e-18,0.004485454669763476,True,success,-6.6637536700083916e-18,1.5248803105591502e-17,0.03351302404569254,-1.21990424844732e-18,0.0
0.2640334135852942,5.2370200448015865e-20,2.374500086453329e-05,0.004507874887998134,1.832675192660919e-21,4.4739190028075145e-07,arith,0.0047490001729066575,2.0167867123693646e-09,True,0.01707312277937086,0.5625,1.04,-3.966937346064196e-17,-0.017491833533396783,4.617252432975166e-09,True,False,60,1.125,426,8.947838005615029e-05,0.017895676011230058,8.947838005615029e-05,8.947838005615029e-05,0.0,3.9698697181849263,1.2066956962571118,-1.363305642161259e-05,-1.363305642161259e-05,0.4999589787888274,0.24974516029963537,0.0,0.1355666196599994,0.24974516029963537,True,0.004507874887998134,0.004002281395339708,success,0.9999179575776547,0.9999179575776547,0.5,3.0548198953860652e-15,0.005,"[0.005, 0.0075, 0.01, 0.015, 0.02, 0.03, 0.05, 0.08]",0.01884151964588884,8.993180272943988e-05,False,1.983468673032098e-19,6.269473633848486e-06,True,success,4.080895891641573e-17,-8.130994041295485e-17,9.924674295462316e-05,4.065497020647743e-19,0.0
0.2729181227306036,3.0846557658837466e-19,5.678883815943466e-05,0.004845797040257204,7.038479832213712e-21,1.1462202484712179e-06,arith,0.007571845087924621,5.554350687524704e-09,True,0.01775549747951502,0.5625,1.04,-1.5069993569358763e-16,-0.01747647994806173,4.617252432975166e-09,True,False,60,1.125,426,0.00015282936646282905,0.02037724886171054,0.00015282936646282905,0.00015282936646282905,0.0,4.205138740319376,1.2782089036482254,-1.363305642161259e-05,-1.363305642161259e-05,0.49995897878882734,0.24974516029963537,0.0,0.1355666196599994,0.24974516029963537,True,0.004845797040257204,0.004002281395339708,success,0.9999179575776547,0.9999179575776547,0.5,3.0548198953860652e-15,0.0075,"[0.005, 0.0075, 0.01, 0.015, 0.02, 0.03, 0.05, 0.08]",0.020183900315995276,0.00020808012890917725,False,1.1302495177019072e-18,1.5498703102524976e-05,True,success,9.444135777741689e-17,-1.9366555591001055e-16,0.00023653905414296493,1.452491669325079e-18,0.0
0.28116804284947355,1.3764285392881126e-19,0.00010592033529138788,0.005173003385358162,4.526332311889785e-21,2.2562132538621586e-06,arith,0.010592033529138787,1.16713988003189e-08,True,0.01839826223824301,0.5625,1.04,-4.8953946733733147e-17,-0.017453810524023908,4.617252432975166e-09,True,False,60,1.125,426,0.00022562132538621587,0.022562132538621587,0.00022562132538621587,0.00022562132538621587,0.0,4.361515131129082,1.3257416266798938,-1.363305642161259e-05,-1.363305642161259e-05,0.49995897878882734,0.24974516029963537,0.0,0.1355666196599994,0.24974516029963537,True,0.005173003385358162,0.004002281395339708,success,0.9999179575776547,0.9999179575776547,0.5,3.0548198953860652e-15,0.01,"[0.005, 0.0075, 0.01, 0.015, 0.02, 0.03, 0.05, 0.08]",0.02130103957521749,0.00037671541266904755,False,4.895394673373315e-19,2.9781413371839554e-05,True,success,4.1897198195640595e-17,-8.749911752815133e-17,0.00043615151311290814,8.749911752815133e-19,0.0
0.2956260942348809,-5.458180936318407e-20,0.00025571354328735133,0.005774903979126611,1.608231139249201e-20,5.891980274673778e-06,arith,0.01704756955249009,3.4025620333149104e-08,True,0.019534486609082396,0.5625,1.04,1.2308748658661534e-17,-0.017384905397321036,4.617252432975166e-09,True,False,60,1.125,426,0.0003927986849782519,0.026186578998550127,0.00039279868497825194,0.0003927986849782519,0.0,4.534547949749729,1.3783372966547358,-1.363305642161259e-05,-1.363305642161259e-05,0.49995897878882734,0.24974516029963537,0.0,0.1355666196599994,0.24974516029963537,True,0.005774903979126611,0.004002281395339708,success,0.9999179575776547,0.9999179575776547,0.5,3.0548198953860652e-15,0.015,"[0.005, 0.0075, 0.01, 0.015, 0.02, 0.03, 0.05, 0.08]",0.023041330540920238,0.0008649897565679089,False,-1.84631229879923e-19,7.559559604500182e-05,True,success,8.718573657925255e-17,-1.8565747529449862e-16,0.001020273288693689,2.7848621294174792e-18,1.3800990353945984e-16
0.3077713858762131,-5.197603370915311e-20,0.0004775347734786649,0.006306483236138832,3.956030129062433e-22,1.1618318108711313e-05,arith,0.023876738673933248,7.327072838471612e-08,True,0.020490804296781916,0.5625,1.04,8.443935351751329e-18,-0.01728271746348635,4.617252432975166e-09,True,False,60,1.125,426,0.0005809159054355656,0.02904579527177828,0.0005809159054355656,0.0005809159054355656,0.0,4.6057040325317145,1.3999661522472044,-1.363305642161259e-05,-1.363305642161259e-05,0.49995897878882734,0.24974516029963537,0.0,0.1355666196599994,0.24974516029963537,True,0.006306483236138832,0.004002281395339708,success,0.9999179575776547,0.9999179575776547,0.5,3.0548198953860652e-15,0.02,"[0.005, 0.0075, 0.01, 0.015, 0.02, 0.03, 0.05, 0.08]",0.02432978445543587,0.0015515892490107295,False,-1.6887870703502658e-19,0.0001469715390376122,True,success,1.4614849116804774e-18,-3.136478748086332e-18,0.0018422816130126863,6.272957496172665e-20,0.0
0.3270266102212478,-9.251059644707016e-19,0.0011453420297592501,0.007193882021373701,5.500013103567131e-21,2.988860345957788e-05,arith,0.03817806765864167,2.150150870718251e-07,True,0.021997849094013252,0.5625,1.04,9.429466752413278e-17,-0.01697298007951916,4.617252432975166e-09,True,False,60,1.125,426,0.0009962867819859294,0.033209559399530984,0.0009962867819859294,0.0009962867819859294,0.0,4.616361416667976,1.4032056085728557,-1.363305642161259e-05,-1.363305642161259e-05,0.49995897878882734,0.24974516029963537,0.0,0.1355666196599994,0.24974516029963537,True,0.007193882021373701,0.004002281395339708,success,0.9999179575776547,0.9999179575776547,0.5,3.0548198953860652e-15,0.03,"[0.005, 0.0075, 0.01, 0.015, 0.02, 0.03, 0.05, 0.08]",0.026095788579294902,0.0035022900093187406,False,-2.8288400257239834e-18,0.00037455732153609107,True,success,1.1861217154360449e-17,-2.5484678449577358e-17,0.004154725275001178,7.645403534873207e-19,0.0
0.3531875289422565,-3.0519650782305103e-20,0.0033944300097316976,0.008479309620030243,-2.3317394287247758e-20,9.507628796014959e-05,arith,0.06788860019463394,8.06181283137262e-07,True,0.024007953070779423,0.5625,1.04,1.7282405680464913e-18,-0.015913694515616243,4.617252432975166e-09,True,False,60,1.125,426,0.0019015257592029918,0.03803051518405983,0.0019015257592029918,0.0019015257592029918,0.0,4.485095708054141,1.3633056176676437,-1.363305642161259e-05,-1.363305642161259e-05,0.4999589787888274,0.24974516029963537,0.0,0.1355666196599994,0.24974516029963537,True,0.008479309620030243,0.004002281395339708,success,0.9999179575776547,0.9999179575776547,0.5,3.0548198953860652e-15,0.05,"[0.005, 0.0075, 0.01, 0.015, 0.02, 0.03, 0.05, 0.08]",0.028009500177517174,0.009610843338374671,False,-8.641202840232457e-20,0.001198870347304578,True,success,-2.596950435876e-17,5.4998332015536407e-17,0.011212739270135353,-2.7499166007768203e-18,0.0
0.3766851745287657,-3.321516642622368e-18,0.00904008656116401,0.009705092390290344,-2.0032138953948318e-19,0.00026470178023344686,arith,0.11300108201455013,2.568955233039932e-06,True,0.025764466048953064,0.5625,1.04,1.1022190635646849e-16,-0.013200099573986449,4.617252432975166e-09,True,False,60,1.125,426,0.0033087722529180855,0.04135965316147607,0.0033087722529180855,0.0033087722529180855,0.0,4.261644454086308,1.2953845810524873,-1.363305642161259e-05,-1.363305642161259e-05,0.49995897878882734,0.24974516029963537,0.0,0.1355666196599994,0.24974516029963537,True,0.009705092390290344,0.004002281395339708,success,0.9999179575776547,0.9999179575776547,0.5,3.0548198953860652e-15,0.08,"[0.005, 0.0075, 0.01, 0.015, 0.02, 0.03, 0.05, 0.08]",0.029280890005035923,0.02399905059304016,False,-8.81775250851748e-18,0.0034052665840472148,True,success,-1.249824563702084e-16,2.5801066785811687e-16,0.02727452450615237,-2.0640853428649352e-17,0.0
0.009144036680822634,2.543081490293614e-20,1.4360773510366776e-06,8.157784606062928e-07,8.67248830081466e-25,7.246950774267215e-11,typ,0.00028721547020733553,5.91190634672129e-17,True,8.921425942190142e-05,0.5625,1.04,-5.562273160227148e-16,-0.0007845294235470993,4.334351652619718e-09,True,False,61,1.125,350,1.449390154853443e-08,2.898780309706886e-06,1.449390154853443e-08,1.449390154853443e-08,0.0,3.5533915758850636,1.0801015212401597,-0.4940195494418381,-0.4940195494418381,0.4999592133922916,0.008315067335701639,0.0,0.00357594057121428,0.00357594057121428,True,8.157784606062928e-07,7.992136382976543e-07,success,0.9999184267845825,0.03200407082154726,0.5,1.4789752466445678e-14,0.005,"[0.005, 0.0075, 0.01, 0.015, 0.02, 0.03, 0.05, 0.08]",5.046351276994777e-05,0.00015705069885037714,False,2.7811365801135743e-18,1.3131543974377981e-08,True,success,1.1279242913370957e-16,-2.1261871254529568e-16,8.883478939712659e-05,1.0630935627264783e-18,0.0
0.01343706052582658,3.4966578853841586e-19,1.1382070665205225e-05,8.430739667354366e-07,1.6345702827158706e-24,1.928256520599118e-10,typ,0.0015176094220273634,1.6256628737049695e-16,True,6.274244021711549e-05,0.5625,1.04,-3.4696654859033975e-15,-0.0007825975172771962,4.334351652619718e-09,True,False,61,1.125,350,2.5710086941321575e-08,3.42801159217621e-06,2.5710086941321575e-08,2.5710086941321575e-08,0.0,4.066086402181539,1.2359420611831446,-0.4940195494418381,-0.4940195494418381,0.49995921339229166,0.008315067335701639,0.0,0.00357594057121428,0.00357594057121428,True,8.430739667354366e-07,7.992136382976543e-07,success,0.9999184267845825,0.03200407082154726,0.5,1.4789752466445678e-14,0.0075,"[0.005, 0.0075, 0.01, 0.015, 0.02, 0.03, 0.05, 0.08]",1.694117509297989e-05,0.000847065520269736,False,2.602249114427548e-17,1.5294157243759782e-07,True,success,1.2820009741119894e-16,-2.585095886735028e-16,0.00022871736012271157,1.938821915051271e-18,0.0
0.02494549342026057,1.3620289791848988e-18,4.372369536491636e-05,8.91506001250702e-07,7.367077330548434e-25,4.3049012538522325e-10,typ,0.004372369536491636,3.8378453026009367e-16,True,3.573815864177802e-05,0.5625,1.04,-5.460020197791188e-15,-0.0007755547127384216,4.334351652619718e-09,True,False,61,1.125,350,4.304901253852233e-08,4.304901253852232e-06,4.304901253852233e-08,4.304901253852233e-08,0.0,4.828796719049391,1.4677781974269644,-0.4940195494418381,-0.4940195494418381,0.4999592133922916,0.008315067335701639,0.0,0.00357594057121428,0.00357594057121428,True,8.91506001250702e-07,7.992136382976543e-07,success,0.9999184267845825,0.03200407082154726,0.5,1.4789752466445678e-14,0.01,"[0.005, 0.0075, 0.01, 0.015, 0.02, 0.03, 0.05, 0.08]",9.845694006244633e-06,0.0017527693130096299,False,5.4600201977911875e-17,1.0907091550349986e-06,True,success,3.7605511139895205e-17,-8.263631787349825e-17,0.00048287967190493915,8.263631787349825e-19,0.0
0.06583379009322904,4.485433014739897e-18,0.00019772389397139278,1.0574468805601933e-06,2.8896611713742742e-24,1.5359699698130513e-09,typ,0.013181592931426185,1.6242066532129453e-15,True,1.606237281892344e-05,0.5625,1.04,-4.5421791336312776e-15,-0.000732742342632868,4.334351652619718e-09,True,False,61,1.125,350,1.0239799798753675e-07,6.826533199169117e-06,1.0239799798753675e-07,1.0239799798753675e-07,0.0,6.4556748189116515,1.9622898415864893,-0.4940195494418381,-0.4940195494418381,0.49995921339229166,0.008315067335701639,0.0,0.00357594057121428,0.00357594057121428,True,1.0574468805601933e-06,7.992136382976543e-07,success,0.9999184267845825,0.03200407082154726,0.5,1.4789752466445678e-14,0.015,"[0.005, 0.0075, 0.01, 0.015, 0.02, 0.03, 0.05, 0.08]",7.768256728927662e-06,0.003003380083258013,False,6.813268700446916e-17,1.3016913332128547e-05,True,success,7.170117616338462e-17,-1.8217849201991415e-16,0.0014525268342551216,2.7326773802987122e-18,0.0
0.11410117007746477,6.516464280705374e-18,0.0004624522746983619,1.3036506987831893e-06,-1.3599550469756317e-24,4.047346281545886e-09,typ,0.023122613734918095,5.276325808154837e-15,True,1.1425392902615494e-05,0.5625,1.04,-2.8555641788253623e-15,-0.0006420204988586073,4.334351652619718e-09,True,False,61,1.125,350,2.023673140772943e-07,1.0118365703864715e-05,2.023673140772943e-07,2.023673140772943e-07,0.0,7.7615619838267005,2.3592319413440777,-0.4940195494418381,-0.4940195494418381,0.49995921339229166,0.008315067335701639,0.0,0.00357594057121428,0.00357594057121428,True,1.3036506987831893e-06,7.992136382976543e-07,success,0.9999184267845825,0.03200407082154726,0.5,1.4789752466445678e-14,0.02,"[0.005, 0.0075, 0.01, 0.015, 0.02, 0.03, 0.05, 0.08]",8.751922096579153e-06,0.004053002036564542,False,5.711128357650725e-17,5.276634564806825e-05,True,success,-1.87222806287519e-17,5.2159487516287765e-17,0.0031046247935306802,-1.0431897503257552e-18,0.0
0.19606515029120483,8.234955660602804e-18,0.0012630011201262422,1.988570657354551e-06,-1.4646628891989014e-23,1.7088972441910647e-08,typ,0.04210003733754141,3.3982629162324064e-14,True,1.0142397332728616e-05,0.5625,1.04,-1.4000372917491755e-15,-0.00031446906634530897,4.334351652619718e-09,True,False,61,1.125,350,5.69632414730355e-07,1.89877471576785e-05,5.69632414730355e-07,5.69632414730355e-07,0.0,9.548439773791296,2.9023776594543302,-0.4940195494418381,-0.4940195494418381,0.4999592133922916,0.008315067335701639,0.0,0.00357594057121428,0.00357594057121428,True,1.988570657354551e-06,7.992136382976543e-07,success,0.9999184267845825,0.03200407082154726,0.5,1.4789752466445678e-14,0.03,"[0.005, 0.0075, 0.01, 0.015, 0.02, 0.03, 0.05, 0.08]",1.3530449157640124e-05,0.006441742034473621,False,4.200111875247526e-17,0.00024763050443551174,True,success,-7.945279686371102e-17,2.455135105512388e-16,0.008593595796412166,-7.365405316537164e-18,0.0
0.2921246974800598,5.6526479086976055e-18,0.003820723775149985,4.057742540202812e-06,-5.659280560152155e-23,1.1386089926983563e-07,typ,0.07641447550299968,4.620182146329593e-13,True,1.3890446700350592e-05,0.5625,1.04,-3.8700239708992426e-16,0.0008759293826008929,4.334351652619718e-09,True,False,61,1.125,350,2.2772179853967124e-06,4.5544359707934245e-05,2.2772179853967124e-06,2.2772179853967124e-06,0.0,11.224063443329717,3.411706180064581,-0.4940195494418381,-0.4940195494418381,0.49995921339229166,0.008315067335701639,0.0,0.00357594057121428,0.00357594057121428,True,4.057742540202812e-06,7.992136382976543e-07,success,0.9999184267845825,0.03200407082154726,0.5,1.4789752466445678e-14,0.05,"[0.005, 0.0075, 0.01, 0.015, 0.02, 0.03, 0.05, 0.08]",2.9800871764242096e-05,0.013079085089718523,False,1.9350119854496214e-17,0.0011161277769705614,True,success,-8.325909308556516e-17,2.789373896486442e-16,0.028060158608324295,-1.394686948243221e-17,0.0
0.35758813084080593,3.437054928119872e-18,0.009992523043582691,8.536681289366455e-06,1.4343766370049125e-23,5.578016182974423e-07,typ,0.12490653804478363,4.761774638098105e-12,True,2.387294362733445e-05,0.5625,1.04,-1.201471270885809e-16,0.003899907836205113,4.334351652619718e-09,True,False,61,1.125,350,6.972520228718029e-06,8.715650285897536e-05,6.9725202287180305e-06,6.972520228718029e-06,0.0,10.209647040184118,3.103360568045836,-0.4940195494418381,-0.4940195494418381,0.4999592133922916,0.008315067335701639,0.0,0.00357594057121428,0.00357594057121428,True,8.536681289366455e-06,7.992136382976543e-07,success,0.9999184267845825,0.03200407082154726,0.5,1.4789752466445678e-14,0.08,"[0.005, 0.0075, 0.01, 0.015, 0.02, 0.03, 0.05, 0.08]",5.582189962080385e-05,0.027944224603000722,False,9.611770167086472e-18,0.0035732076375384154,True,success,6.573229324795039e-18,-2.1003136177632854e-17,0.06534174105717835,1.6802508942106282e-18,2.429632097058931e-16
0.31330735067775917,-4.043672424465476e-21,2.6767647209129273e-05,0.006403945513840095,-3.2981460090400826e-21,5.711523622484423e-07,arith,0.005353529441825855,3.6576286079400847e-09,True,0.020439818918984252,0.5625,1.06,2.581281553540343e-18,-0.017772124590977843,4.590117185216895e-09,True,False,62,1.125,421,0.00011423047244968846,0.022846094489937692,0.00011423047244968846,0.00011423047244968846,0.0,3.567502946513694,1.0843908635648853,-1.3776495054383404e-05,-1.3776495054383404e-05,0.4999589686256244,0.30785111534876947,0.0,0.16878427722184447,0.30785111534876947,True,0.006403945513840095,0.006168453718913749,success,0.9999179372512488,0.9999179372512488,0.5,3.4141550324477194e-15,0.005,"[0.005, 0.0075, 0.01, 0.015, 0.02, 0.03, 0.05, 0.08]",0.021337413698939038,8.54357459256044e-05,False,-1.2906407767701714e-20,8.386500630969206e-06,True,success,-5.453434172377404e-17,1.0300356247292195e-16,8.918757366284235e-05,-5.150178123646097e-19,0.0
0.31776327054836434,-6.634650257165324e-20,6.230745675828813e-05,0.006603051917852715,-1.2542953218447835e-20,1.3823544681216266e-06,arith,0.008307660901105084,9.127758321882777e-09,True,0.02077978334770354,0.5625,1.06,2.7838964294461105e-17,-0.017755082844289123,4.590117185216895e-09,True,False,62,1.125,421,0.00018431392908288357,0.024575190544384475,0.00018431392908288357,0.00018431392908288357,0.0,3.721792717991565,1.1312893303750164,-1.3776495054383404e-05,-1.3776495054383404e-05,0.4999589686256245,0.30785111534876947,0.0,0.16878427722184447,0.30785111534876947,True,0.006603051917852715,0.006168453718913749,success,0.9999179372512488,0.9999179372512488,0.5,3.4141550324477194e-15,0.0075,"[0.005, 0.0075, 0.01, 0.015, 0.02, 0.03, 0.05, 0.08]",0.02218601978065404,0.0001960813679024769,False,-2.087922322084583e-19,1.9799021239064423e-05,True,success,-1.3128579433219666e-16,2.5327587655914823e-16,0.00020935084038702553,-1.899569074193612e-18,0.0
0.3223486130009226,2.3843977465207317e-19,0.00011410682238824074,0.006812935692234794,5.2277814713347655e-21,2.6193713508748905e-06,arith,0.011410682238824073,1.7845608567592808e-08,True,0.021135303263164016,0.5625,1.06,-7.396953640727802e-17,-0.017730462387081668,4.590117185216895e-09,True,False,62,1.125,421,0.00026193713508748906,0.026193713508748905,0.00026193713508748906,0.00026193713508748906,0.0,3.844702884632217,1.16864954107214,-1.3776495054383404e-05,-1.3776495054383404e-05,0.4999589686256244,0.30785111534876947,0.0,0.16878427722184447,0.30785111534876947,True,0.006812935692234794,0.006168453718913749,success,0.9999179372512488,0.9999179372512488,0.5,3.4141550324477194e-15,0.01,"[0.005, 0.0075, 0.01, 0.015, 0.02, 0.03, 0.05, 0.08]",0.022955431551346307,0.00035398577126160663,False,7.396953640727802e-19,3.6782175930792024e-05,True,success,3.9133775007047614e-17,-7.673316918715751e-17,0.00038447028846322177,7.673316918715752e-19,0.0
0.33112682113220004,-5.153623610456619e-19,0.000269170297558634,0.007226859009404764,1.6831116683451603e-21,6.5218772940532184e-06,arith,0.017944686503908933,4.713268768076086e-08,True,0.02182504873720118,0.5625,1.06,1.0375931076468275e-16,-0.017657229102531098,4.590117185216895e-09,True,False,62,1.125,421,0.0004347918196035479,0.028986121306903194,0.0004347918196035479,0.0004347918196035479,0.0,4.010887893230205,1.2191637263964206,-1.3776495054383404e-05,-1.3776495054383404e-05,0.4999589686256244,0.30785111534876947,0.0,0.16878427722184447,0.30785111534876947,True,0.007226859009404764,0.006168453718913749,success,0.9999179372512488,0.9999179372512488,0.5,3.4141550324477194e-15,0.015,"[0.005, 0.0075, 0.01, 0.015, 0.02, 0.03, 0.05, 0.08]",0.024229557842029518,0.0008128918600984293,False,-1.5563896614702412e-18,8.912950497379885e-05,True,success,7.752679458028018e-18,-1.5526447161944276e-17,0.0009024497759767959,2.3289670742916413e-19,0.0
0.3390287069914335,-7.530293026810747e-19,0.0004955898237843108,0.007611465412936523,9.982860260125152e-21,1.2494434045225576e-05,arith,0.02477949118921554,9.510095258945105e-08,True,0.022450799168251104,0.5625,1.06,1.1105686438229876e-16,-0.017550517975355277,4.590117185216895e-09,True,False,62,1.125,421,0.0006247217022612788,0.03123608511306394,0.0006247217022612788,0.0006247217022612788,0.0,4.103820147428481,1.2474117443781803,-1.3776495054383404e-05,-1.3776495054383404e-05,0.4999589686256245,0.30785111534876947,0.0,0.16878427722184447,0.30785111534876947,True,0.007611465412936523,0.006168453718913749,success,0.9999179372512488,0.9999179372512488,0.5,3.4141550324477194e-15,0.02,"[0.005, 0.0075, 0.01, 0.015, 0.02, 0.03, 0.05, 0.08]",0.025211240113484187,0.001461793097647136,False,-2.2211372876459754e-18,0.00016801917715570728,True,success,3.237148021418445e-17,-6.557778114026626e-17,0.001641528058971392,1.3115556228053251e-18,0.0
0.3522260258972712,1.220708645042568e-18,0.0011690302221917348,0.008276084328785521,-9.492667861186272e-21,3.107994270375693e-05,arith,0.038967674073057824,2.5722022675011464e-07,True,0.023496515647027427,0.5625,1.06,-1.1552322990451922e-16,-0.017232212979030305,4.590117185216895e-09,True,False,62,1.125,421,0.001035998090125231,0.034533269670841034,0.001035998090125231,0.001035998090125231,0.0,4.172658022674914,1.2683359493763569,-1.3776495054383404e-05,-1.3776495054383404e-05,0.4999589686256244,0.30785111534876947,0.0,0.16878427722184447,0.30785111534876947,True,0.008276084328785521,0.006168453718913749,success,0.9999179372512488,0.9999179372512488,0.5,3.4141550324477194e-15,0.03,"[0.005, 0.0075, 0.01, 0.015, 0.02, 0.03, 0.05, 0.08]",0.02658609000329117,0.0033189774072308028,False,3.4656968971355766e-18,0.0004117628693163987,True,success,-1.8716977886466995e-17,3.8233329853705824e-17,0.003755392220407423,-1.1469998956111748e-18,0.0
0.37098843181683366,-4.2335764983908435e-19,0.0034109706882906017,0.00926313540581183,2.2026165351071605e-20,9.581446335087384e-05,arith,0.06821941376581203,8.875423478543395e-07,True,0.02496879851602832,0.5625,1.06,2.2823226469126493e-17,-0.016161403151295238,4.590117185216895e-09,True,False,62,1.125,421,0.0019162892670174768,0.038325785340349534,0.0019162892670174768,0.0019162892670174768,0.0,4.137452780437966,1.2576348389347687,-1.3776495054383404e-05,-1.3776495054383404e-05,0.4999589686256244,0.30785111534876947,0.0,0.16878427722184447,0.30785111534876947,True,0.00926313540581183,0.006168453718913749,success,0.9999179372512488,0.9999179372512488,0.5,3.4141550324477194e-15,0.05,"[0.005, 0.0075, 0.01, 0.015, 0.02, 0.03, 0.05, 0.08]",0.028090086988959435,0.009194277761131603,False,-1.1411613234563247e-18,0.0012654306666221161,True,success,2.33799917280593e-17,-4.7556608828695424e-17,0.010343631951094917,2.3778304414347714e-18,0.0
0.38828540443237575,-7.712545743112261e-19,0.008997702580574184,0.01021264017654777,-7.834863634920632e-20,0.0002616708247495726,arith,0.1124712822571773,2.6723499778678756e-06,True,0.026301890465023688,0.5625,1.06,2.4828855447151784e-17,-0.013450621556518327,4.590117185216895e-09,True,False,62,1.125,421,0.0032708853093696573,0.040886066367120714,0.0032708853093696573,0.0032708853093696573,0.0,4.003476638784472,1.2169109751782718,-1.3776495054383404e-05,-1.3776495054383404e-05,0.4999589686256244,0.30785111534876947,0.0,0.16878427722184447,0.30785111534876947,True,0.01021264017654777,0.006168453718913749,success,0.9999179372512488,0.9999179372512488,0.5,3.4141550324477194e-15,0.08,"[0.005, 0.0075, 0.01, 0.015, 0.02, 0.03, 0.05, 0.08]",0.029081959800995576,0.023172909612009983,False,-1.9863084357721427e-18,0.003493676585460478,True,success,-4.7927499914423855e-17,9.589664743246992e-17,0.02562225048822062,-7.671731794597595e-18,0.0
0.015109979811676532,-1.5392667976875442e-19,3.6564994509402692e-06,1.1678532858563189e-06,2.529935693181224e-24,1.0828390033182035e-10,typ,0.0007312998901880538,1.2645970880785453e-16,True,7.729019498449875e-05,0.5625,1.06,2.0374174113694656e-15,-0.0007179623864782964,4.391336595770231e-09,True,False,63,1.125,320,2.165678006636407e-08,4.331356013272814e-06,2.165678006636407e-08,2.165678006636407e-08,0.0,3.7088186210795158,1.1273456778075588,-0.6573359889964985,-0.6573359889964985,0.49995882489144794,0.01196679297933612,0.0,0.00425579875227978,0.00425579875227978,True,1.1678532858563189e-06,1.131997370103243e-06,success,0.9999176497828958,0.027699350090063114,0.5,1.341838246106589e-14,0.005,"[0.005, 0.0075, 0.01, 0.015, 0.02, 0.03, 0.05, 0.08]",2.961408904463944e-05,0.0002419923452256791,False,-1.0187087056847328e-17,5.524963288511379e-08,True,success,2.2497455089879065e-16,-4.33262589371604e-16,9.27204655269879e-05,2.16631294685802e-18,0.0
0.027939362135447645,-7.532240483458866e-19,2.386588579573262e-05,1.2284480866541177e-06,4.701762456411033e-24,3.017316263524239e-10,typ,0.003182118106097683,3.706616390756703e-16,True,4.396836551595939e-05,0.5625,1.06,3.594565710767104e-15,-0.0007134908928658201,4.391336595770231e-09,True,False,63,1.125,320,4.0230883513656526e-08,5.36411780182087e-06,4.023088351365653e-08,4.0230883513656526e-08,0.0,4.366580777891018,1.327281398657394,-0.6573359889964985,-0.6573359889964985,0.49995882489144794,0.01196679297933612,0.0,0.00425579875227978,0.00425579875227978,True,1.2284480866541177e-06,1.131997370103243e-06,success,0.9999176497828958,0.027699350090063114,0.5,1.341838246106589e-14,0.0075,"[0.005, 0.0075, 0.01, 0.015, 0.02, 0.03, 0.05, 0.08]",1.2642800226856677e-05,0.0008542029585368786,False,-2.695924283075328e-17,6.667976259302098e-07,True,success,2.4421473431328195e-16,-5.103200270857804e-16,0.00024562016875636977,3.827400203143353e-18,1.6448669088209072e-16
0.05185055301883267,-1.2265037076242429e-18,7.208686142937405e-05,1.325418299739067e-06,6.746691871135485e-24,6.758196988013279e-10,typ,0.007208686142937406,8.957437961154244e-16,True,2.5562278945369414e-05,0.5625,1.06,2.3654592597667446e-15,-0.000700728469829541,4.391336595770231e-09,True,False,63,1.125,320,6.758196988013278e-08,6.758196988013278e-06,6.758196988013278e-08,6.758196988013278e-08,0.0,5.0989163114344755,1.549884707903292,-0.6573359889964985,-0.6573359889964985,0.49995882489144794,0.01196679297933612,0.0,0.00425579875227978,0.00425579875227978,True,1.325418299739067e-06,1.131997370103243e-06,success,0.9999176497828958,0.027699350090063114,0.5,1.341838246106589e-14,0.01,"[0.005, 0.0075, 0.01, 0.015, 0.02, 0.03, 0.05, 0.08]",9.375074533706136e-06,0.001390281438332805,False,-2.3654592597667447e-17,3.7377436305050035e-06,True,success,2.2542338732781395e-16,-5.090235944730578e-16,0.0005098916311434477,5.090235944730577e-18,0.0
0.11205703548912417,-3.9347464046930103e-19,0.00025151409715562544,1.603995978962423e-06,5.579375325441308e-24,2.2624522275536716e-09,typ,0.016767606477041695,3.6289642755906664e-15,True,1.4314103277505506e-05,0.5625,1.06,2.340918852926405e-16,-0.0006410412072967026,4.391336595770231e-09,True,False,63,1.125,320,1.5083014850357812e-07,1.0055343233571876e-05,1.5083014850357812e-07,1.5083014850357812e-07,0.0,6.268932943383297,1.9055271179941204,-0.6573359889964985,-0.6573359889964985,0.49995882489144794,0.01196679297933612,0.0,0.00425579875227978,0.00425579875227978,True,1.603995978962423e-06,1.131997370103243e-06,success,0.9999176497828958,0.027699350090063114,0.5,1.341838246106589e-14,0.015,"[0.005, 0.0075, 0.01, 0.015, 0.02, 0.03, 0.05, 0.08]",8.995329697777417e-06,0.002244518570902551,False,-3.511378279389608e-18,2.8183924110982945e-05,True,success,9.26177510008223e-17,-2.318948176354091e-16,0.0014105099122612417,3.478422264531136e-18,0.0
0.16735754137979592,1.2882839767393003e-18,0.0005241818293028976,1.9553780427183006e-06,-1.3842671962318185e-23,5.5032900956637194e-09,typ,0.026209091465144878,1.0761012615769933e-14,True,1.1683835855838892e-05,0.5625,1.06,-3.848897295329254e-16,-0.0005333855386711883,4.391336595770231e-09,True,False,63,1.125,320,2.7516450478318595e-07,1.3758225239159297e-05,2.7516450478318595e-07,2.7516450478318595e-07,0.0,7.036094779929654,2.1387163539664398,-0.6573359889964985,-0.6573359889964985,0.49995882489144794,0.01196679297933612,0.0,0.00425579875227978,0.00425579875227978,True,1.9553780427183006e-06,1.131997370103243e-06,success,0.9999176497828958,0.027699350090063114,0.5,1.341838246106589e-14,0.02,"[0.005, 0.0075, 0.01, 0.015, 0.02, 0.03, 0.05, 0.08]",1.0498818898362943e-05,0.0031321076121292673,False,7.697794590658508e-18,8.772578218809681e-05,True,success,-1.3344225028554506e-16,3.5396408417971624e-16,0.0028144379119718617,-7.079281683594324e-18,0.0
0.2460670948930177,4.035593832867636e-18,0.0013107948901258774,2.789574953794465e-06,-2.3392507979652392e-23,2.0050355129961153e-08,typ,0.043693163004195915,5.5931968485223995e-14,True,1.133664358904747e-05,0.5625,1.06,-5.466793294219458e-16,-0.00018259651461800114,4.391336595770231e-09,True,False,63,1.125,320,6.683451709987052e-07,2.2278172366623506e-05,6.683451709987052e-07,6.683451709987052e-07,0.0,7.986224688574889,2.4275212148402043,-0.6573359889964985,-0.6573359889964985,0.49995882489144794,0.01196679297933612,0.0,0.00425579875227978,0.00425579875227978,True,2.789574953794465e-06,1.131997370103243e-06,success,0.9999176497828958,0.027699350090063114,0.5,1.341838246106589e-14,0.03,"[0.005, 0.0075, 0.01, 0.015, 0.02, 0.03, 0.05, 0.08]",1.5296332996870083e-05,0.005326981613270032,False,1.6400379882658372e-17,0.000322543490613887,True,success,-9.891148773253295e-17,2.7952296636725e-16,0.007187602219717398,-8.385688991017499e-18,0.0
0.3267840764820467,2.6786093517800688e-18,0.003805877616676417,4.829523932184034e-06,-2.020493650925993e-24,1.0619016641018107e-07,typ,0.07611755233352833,5.128479500405747e-13,True,1.4778945119283879e-05,0.5625,1.06,-1.639375688446208e-16,0.001018557508066252,4.391336595770231e-09,True,False,63,1.125,320,2.1238033282036213e-06,4.247606656407242e-05,2.1238033282036213e-06,2.1238033282036213e-06,0.0,8.795083565278796,2.6733848312019592,-0.6573359889964985,-0.6573359889964985,0.49995882489144794,0.01196679297933612,0.0,0.00425579875227978,0.00425579875227978,True,4.829523932184034e-06,1.131997370103243e-06,success,0.9999176497828958,0.027699350090063114,0.5,1.341838246106589e-14,0.05,"[0.005, 0.0075, 0.01, 0.015, 0.02, 0.03, 0.05, 0.08]",2.7901624041950787e-05,0.01164645982034412,False,8.196878442231041e-18,0.001243700202169296,True,success,-2.8213903600231927e-18,8.367258053993219e-18,0.021987708913196992,-4.1836290269966094e-19,0.0
0.37817711941173054,1.6909133134425402e-18,0.009850058829633381,8.368346973083786e-06,-7.638535693527559e-23,4.330735343500978e-07,typ,0.12312573537041727,3.624109600301338e-12,True,2.2128115487528912e-05,0.5625,1.06,-5.589025705973509e-17,0.004009386009891425,4.391336595770231e-09,True,False,63,1.125,320,5.413419179376222e-06,6.766773974220278e-05,5.413419179376222e-06,5.413419179376222e-06,0.0,8.086153688398847,2.4578959884672793,-0.6573359889964985,-0.6573359889964985,0.49995882489144794,0.01196679297933612,0.0,0.00425579875227978,0.00425579875227978,True,8.368346973083786e-06,1.131997370103243e-06,success,0.9999176497828958,0.027699350090063114,0.5,1.341838246106589e-14,0.08,"[0.005, 0.0075, 0.01, 0.015, 0.02, 0.03, 0.05, 0.08]",4.396659368644773e-05,0.026046152249918072,False,4.4712205647788075e-18,0.003725066874226834,True,success,-4.012448310849029e-17,1.1409863438526727e-16,0.05175138360575262,-9.127890750821381e-18,0.0
0.35439657733515806,8.611888509684383e-20,2.9594187711435766e-05,0.008290471129832916,5.479360699824896e-22,7.044177673124411e-07,arith,0.005918837542287152,5.839955163245154e-09,True,0.023393203151599557,0.5625,1.08,-4.860029165315552e-17,-0.018083836127420157,4.62096539891627e-09,True,False,64,1.125,415,0.0001408835534624882,0.02817671069249764,0.0001408835534624882,0.0001408835534624882,0.0,3.398686305185349,1.0330767578111495,-1.392287964453536e-05,-1.392287964453536e-05,0.49995895849732597,0.35229896749939044,0.0,0.19529317820492278,0.35229896749939044,True,0.008290471129832916,0.008185911375343559,success,0.9999179169946519,0.9999179169946519,0.5,3.2479488348365106e-15,0.005,"[0.005, 0.0075, 0.01, 0.015, 0.02, 0.03, 0.05, 0.08]",0.023802571443454098,8.350585080128498e-05,False,2.430014582657776e-19,1.048807883394703e-05,True,success,7.170098701336789e-18,-1.3218454329109582e-17,8.496715762963374e-05,6.609227164554791e-20,0.0
0.356420477592438,-7.795350092699733e-21,6.76956450050838e-05,0.008393024010737328,3.1747191909785202e-21,1.6424002854994505e-06,arith,0.00902608600067784,1.378470503143873e-08,True,0.023548097088671314,0.5625,1.08,2.91616244773815e-18,-0.018065176361303927,4.62096539891627e-09,True,False,64,1.125,415,0.00021898670473326006,0.02919822729776801,0.00021898670473326006,0.00021898670473326006,0.0,3.478868553266887,1.0574492386593246,-1.392287964453536e-05,-1.392287964453536e-05,0.49995895849732597,0.35229896749939044,0.0,0.19529317820492278,0.35229896749939044,True,0.008393024010737328,0.008185911375343559,success,0.9999179169946519,0.9999179169946519,0.5,3.2479488348365106e-15,0.0075,"[0.005, 0.0075, 0.01, 0.015, 0.02, 0.03, 0.05, 0.08]",0.024261535367247178,0.00018993197434209394,False,-2.1871218358036124e-20,2.412811412364011e-05,True,success,2.7039993232857432e-17,-5.0434252492181636e-17,0.00019568635612126234,3.782568936913622e-19,0.0
0.35869108360167135,-4.607859233063515e-19,0.0001222907210526633,0.008509581224098733,-3.705769144241144e-22,3.022608483733662e-06,arith,0.01222907210526633,2.572113240098151e-08,True,0.023723983151888648,0.5625,1.08,1.2846316632115034e-16,-0.018038625801150746,4.62096539891627e-09,True,False,64,1.125,415,0.0003022608483733662,0.030226084837336617,0.0003022608483733662,0.0003022608483733662,0.0,3.5520061494610062,1.079680402104755,-1.392287964453536e-05,-1.392287964453536e-05,0.4999589584973259,0.35229896749939044,0.0,0.19529317820492278,0.35229896749939044,True,0.008509581224098733,0.008185911375343559,success,0.9999179169946519,0.9999179169946519,0.5,3.2479488348365106e-15,0.01,"[0.005, 0.0075, 0.01, 0.015, 0.02, 0.03, 0.05, 0.08]",0.024716580765207895,0.00034093604955195343,False,-1.2846316632115034e-18,4.386459124880952e-05,True,success,-2.310645486234211e-18,4.35481963994489e-18,0.0003552006149461006,-4.35481963994489e-20,0.0
0.3634160706278657,-5.457119369792492e-20,0.00028292921581503166,0.00875629901857202,-9.327972320444353e-21,7.2225937320877965e-06,arith,0.018861947721002113,6.324319040782478e-08,True,0.024094418839111766,0.5625,1.08,1.0010783435020454e-17,-0.017961008227944317,4.62096539891627e-09,True,False,64,1.125,415,0.0004815062488058531,0.032100416587056875,0.0004815062488058531,0.0004815062488058531,0.0,3.665979944149032,1.1143242814507537,-1.392287964453536e-05,-1.392287964453536e-05,0.49995895849732597,0.35229896749939044,0.0,0.19529317820492278,0.35229896749939044,True,0.00875629901857202,0.008185911375343559,success,0.9999179169946519,0.9999179169946519,0.5,3.2479488348365106e-15,0.015,"[0.005, 0.0075, 0.01, 0.015, 0.02, 0.03, 0.05, 0.08]",0.025527917685282994,0.000778526979630321,False,-1.501617515253068e-19,0.0001028210238773222,True,success,-3.7092009594100716e-17,7.1019139483929e-17,0.0008248454874335322,-1.065287092258935e-18,0.0
0.3679757904998321,1.07201704433489e-18,0.0005142295858508576,0.008998885930543135,-1.3678648837900917e-20,1.3466395799783722e-05,arith,0.025711479292542878,1.211825596977989e-07,True,0.024455103196652395,0.5625,1.08,-1.4566407247590098e-16,-0.017849647213217898,4.62096539891627e-09,True,False,64,1.125,415,0.0006733197899891861,0.0336659894994593,0.0006733197899891861,0.0006733197899891861,0.0,3.741128597395985,1.1371667329390804,-1.392287964453536e-05,-1.392287964453536e-05,0.49995895849732597,0.35229896749939044,0.0,0.19529317820492278,0.35229896749939044,True,0.008998885930543135,0.008185911375343559,success,0.9999179169946519,0.9999179169946519,0.5,3.2479488348365106e-15,0.02,"[0.005, 0.0075, 0.01, 0.015, 0.02, 0.03, 0.05, 0.08]",0.026187516569086307,0.001397454938957709,False,2.9132814495180196e-18,0.00018922403835187058,True,success,-3.929371940196273e-17,7.600190147690499e-17,0.001496451438958394,-1.5200380295380998e-18,0.0
0.3760298747225123,-1.3588204166746556e-19,0.0011937253387051632,0.00943644479460761,1.4510051117151982e-20,3.24009914032347e-05,arith,0.03979084462350544,3.0575016666718e-07,True,0.025094933751131195,0.5625,1.08,1.2045323239963175e-17,-0.01752245166277546,4.62096539891627e-09,True,False,64,1.125,415,0.00108003304677449,0.03600110155914967,0.00108003304677449,0.00108003304677449,0.0,3.8151128250887716,1.1596552415011725,-1.392287964453536e-05,-1.392287964453536e-05,0.49995895849732597,0.35229896749939044,0.0,0.19529317820492278,0.35229896749939044,True,0.00943644479460761,0.008185911375343559,success,0.9999179169946519,0.9999179169946519,0.5,3.2479488348365106e-15,0.03,"[0.005, 0.0075, 0.01, 0.015, 0.02, 0.03, 0.05, 0.08]",0.027142752484738353,0.0031745492019379083,False,-3.6135969719889523e-19,0.0004488763895663911,True,success,2.6241314797534996e-17,-5.1255359523548706e-17,0.0034336015425798943,1.5376607857064611e-18,0.0
0.38807469949131307,4.599653652614403e-19,0.0034290830464415293,0.010109240250249688,7.296560183339888e-21,9.67280660688868e-05,arith,0.06858166092883057,9.778472588324014e-07,True,0.02604972770319952,0.5625,1.08,-2.3704991119717994e-17,-0.016439466687090502,4.62096539891627e-09,True,False,64,1.125,415,0.0019345613213777358,0.038691226427554716,0.0019345613213777356,0.0019345613213777358,0.0,3.8273129799837418,1.163363643904907,-1.392287964453536e-05,-1.392287964453536e-05,0.499958958497326,0.35229896749939044,0.0,0.19529317820492278,0.35229896749939044,True,0.010109240250249688,0.008185911375343559,success,0.9999179169946519,0.9999179169946519,0.5,3.2479488348365106e-15,0.05,"[0.005, 0.0075, 0.01, 0.015, 0.02, 0.03, 0.05, 0.08]",0.02820814333128055,0.008836141729765839,False,1.1852495559858998e-18,0.0013307403727785528,True,success,7.378747645221846e-18,-1.4435427396553706e-17,0.009568282449959354,7.217713698276852e-19,1.1208765113874691e-16
0.3995061691449606,-4.028913176577262e-19,0.008958177583946422,0.010766563257340014,1.1013348606844577e-20,0.0002589514815629022,arith,0.11197721979933027,2.7880175068289026e-06,True,0.026949679601651837,0.5625,1.08,1.2605916653302582e-17,-0.013730519026360508,4.62096539891627e-09,True,False,64,1.125,415,0.003236893519536277,0.04046116899420346,0.003236893519536277,0.003236893519536277,0.0,3.758039406550591,1.1423070025387636,-1.392287964453536e-05,-1.392287964453536e-05,0.49995895849732597,0.35229896749939044,0.0,0.19529317820492278,0.35229896749939044,True,0.010766563257340014,0.008185911375343559,success,0.9999179169946519,0.9999179169946519,0.5,3.2479488348365106e-15,0.08,"[0.005, 0.0075, 0.01, 0.015, 0.02, 0.03, 0.05, 0.08]",0.02890671446689764,0.022423127039862933,False,-1.0084733322642065e-18,0.003578847209082694,True,success,6.595863173941756e-18,-1.2786518250538675e-17,0.024051452201923784,1.022921460043094e-18,0.0
0.03497510028614397,9.133521528657393e-21,1.032308503043898e-05,1.8681992780767838e-06,6.009653605361304e-24,1.8538801203625055e-10,typ,0.002064617006087796,3.463417502502134e-16,True,5.3415122838601415e-05,0.5625,1.08,-5.222870816056419e-17,-0.00067657401683658,4.127123113248632e-09,True,False,65,1.125,290,3.707760240725011e-08,7.4155204814500215e-06,3.707760240725011e-08,3.707760240725011e-08,0.0,3.9693412627179274,1.206535065056856,-0.8182348971644067,-0.8182348971644067,0.49995862296692856,0.01978348347578301,0.0,0.005318155501616302,0.005318155501616302,True,1.8681992780767838e-06,1.7676941810705917e-06,success,0.9999172459338574,0.02479412364056679,0.5,1.5486519225088207e-14,0.005,"[0.005, 0.0075, 0.01, 0.015, 0.02, 0.03, 0.05, 0.08]",1.795858616775988e-05,0.0002951552660601994,False,2.6114354080282094e-19,3.610509342019949e-07,True,success,3.229215411155715e-16,-6.43363229595928e-16,9.923353156794819e-05,3.21681614797964e-18,0.0
0.06949057710324333,-9.240600058952383e-20,4.5208648155751304e-05,2.017440476732711e-06,8.336429610885982e-24,5.239813932732787e-10,typ,0.006027819754100173,1.0571012718443133e-15,True,2.9031856703900522e-05,0.5625,1.08,1.773017377636389e-16,-0.0006667354988573876,4.127123113248632e-09,True,False,65,1.125,290,6.986418576977049e-08,9.315224769302732e-06,6.986418576977049e-08,6.986418576977049e-08,0.0,4.617348009389076,1.40350549679968,-0.8182348971644067,-0.8182348971644067,0.49995862296692856,0.01978348347578301,0.0,0.005318155501616302,0.005318155501616302,True,2.017440476732711e-06,1.7676941810705917e-06,success,0.9999172459338574,0.02479412364056679,0.5,1.5486519225088207e-14,0.0075,"[0.005, 0.0075, 0.01, 0.015, 0.02, 0.03, 0.05, 0.08]",1.1590291120143114e-05,0.0006505723515374472,False,-1.3297630332272916e-18,3.141575050400635e-06,True,success,2.564022251703567e-16,-5.509574933870011e-16,0.0002597258255281355,4.132181200402508e-18,0.0
0.11135577040087288,7.496241583199159e-20,0.00010670446735565896,2.2135271516850447e-06,1.296347116235437e-23,1.134257036713093e-09,typ,0.010670446735565896,2.5107087477542518e-15,True,1.9877974385310287e-05,0.5625,1.08,-6.731794460415675e-17,-0.0006459010703810178,4.127123113248632e-09,True,False,65,1.125,290,1.134257036713093e-07,1.134257036713093e-05,1.134257036713093e-07,1.134257036713093e-07,0.0,5.124206567105541,1.5575720238209212,-0.8182348971644067,-0.8182348971644067,0.49995862296692856,0.01978348347578301,0.0,0.005318155501616302,0.005318155501616302,True,2.2135271516850447e-06,1.7676941810705917e-06,success,0.9999172459338574,0.02479412364056679,0.5,1.5486519225088207e-14,0.01,"[0.005, 0.0075, 0.01, 0.015, 0.02, 0.03, 0.05, 0.08]",1.062989268230426e-05,0.0009582302468164015,False,6.731794460415675e-19,1.1882158167604194e-05,True,success,2.587159106708687e-16,-5.85647713988326e-16,0.0005124206567105542,5.85647713988326e-18,0.0
0.18524476003928864,1.3141828344474051e-18,0.0002967729195519066,2.66869987705998e-06,1.5506513805546115e-23,3.4531257328338437e-09,typ,0.01978486130346044,9.215356218686331e-15,True,1.4406344754334614e-05,0.5625,1.08,-4.72953669213524e-16,-0.0005695022552651072,4.127123113248632e-09,True,False,65,1.125,290,2.3020838218892292e-07,1.5347225479261527e-05,2.3020838218892292e-07,2.3020838218892292e-07,0.0,5.750824815928372,1.7480411318087756,-0.8182348971644067,-0.8182348971644067,0.4999586229669286,0.01978348347578301,0.0,0.005318155501616302,0.005318155501616302,True,2.66869987705998e-06,1.7676941810705917e-06,success,0.9999172459338574,0.02479412364056679,0.5,1.5486519225088207e-14,0.015,"[0.005, 0.0075, 0.01, 0.015, 0.02, 0.03, 0.05, 0.08]",1.1635582310029066e-05,0.0016020583766524026,False,7.094305038202859e-18,5.497562826855205e-05,True,success,1.6153182745513593e-16,-3.8736749528211316e-16,0.0012939355835838837,5.810512429231697e-18,0.0
0.23827806427043588,2.9711934951123944e-18,0.0005661597367938084,3.152828417088315e-06,1.2310589360272124e-23,7.708430072882852e-09,typ,0.028307986839690418,2.4303357384923208e-14,True,1.3231719112465104e-05,0.5625,1.08,-6.234718886544694e-16,-0.0004490661382477515,4.127123113248632e-09,True,False,65,1.125,290,3.8542150364414263e-07,1.9271075182207132e-05,3.8542150364414263e-07,3.8542150364414263e-07,0.0,6.112313336735357,1.8579204662126205,-0.8182348971644067,-0.8182348971644067,0.49995862296692856,0.01978348347578301,0.0,0.005318155501616302,0.005318155501616302,True,3.152828417088315e-06,1.7676941810705917e-06,success,0.9999172459338574,0.02479412364056679,0.5,1.5486519225088207e-14,0.02,"[0.005, 0.0075, 0.01, 0.015, 0.02, 0.03, 0.05, 0.08]",1.3615291890122896e-05,0.0023760463999373447,False,1.2469437773089389e-17,0.00013490344615108813,True,success,7.896701255677055e-17,-1.952308805253846e-16,0.0024449253346941428,3.9046176105076916e-18,0.0
0.30303662811822507,5.7852597676170655e-18,0.0013321871243186423,4.139833275515947e-06,5.86710829977397e-23,2.4370326373488455e-08,typ,0.04440623747728808,1.0088908805615137e-13,True,1.3661164662579516e-05,0.5625,1.08,-6.363652917186891e-16,-8.480933677907504e-05,4.127123113248632e-09,True,False,65,1.125,290,8.123442124496152e-07,2.7078140414987174e-05,8.123442124496152e-07,8.123442124496152e-07,0.0,6.540877038487118,1.9881882107955113,-0.8182348971644067,-0.8182348971644067,0.4999586229669286,0.01978348347578301,0.0,0.005318155501616302,0.005318155501616302,True,4.139833275515947e-06,1.7676941810705917e-06,success,0.9999172459338574,0.02479412364056679,0.5,1.5486519225088207e-14,0.03,"[0.005, 0.0075, 0.01, 0.015, 0.02, 0.03, 0.05, 0.08]",1.829347088604602e-05,0.004396125750841281,False,1.909095875156067e-17,0.00040370149417603605,True,success,1.847149329520359e-16,-4.724109973601738e-16,0.005886789334638406,1.4172329920805213e-17,0.0
0.3626621945545978,1.0447119087974832e-17,0.003769786873342789,6.122564066097429e-06,2.45637906888979e-23,1.0480187684067339e-07,typ,0.07539573746685578,6.416562052042752e-13,True,1.688227821379847e-05,0.5625,1.08,-5.761349953118449e-16,0.0011145004050002877,4.127123113248632e-09,True,False,65,1.125,290,2.0960375368134677e-06,4.192075073626935e-05,2.0960375368134677e-06,2.0960375368134677e-06,0.0,6.846927248731915,2.0812163194634787,-0.8182348971644067,-0.8182348971644067,0.4999586229669286,0.01978348347578301,0.0,0.005318155501616302,0.005318155501616302,True,6.122564066097429e-06,1.7676941810705917e-06,success,0.9999172459338574,0.02479412364056679,0.5,1.5486519225088207e-14,0.05,"[0.005, 0.0075, 0.01, 0.015, 0.02, 0.03, 0.05, 0.08]",2.7800477947906443e-05,0.010394761102608554,False,2.880674976559225e-17,0.0013671591804896115,True,success,3.0665086126489864e-17,-8.024020793809367e-17,0.01711731812182979,4.012010396904684e-18,0.0
0.39872026348596384,7.24966982158706e-18,0.009696116463950535,8.907949865513018e-06,1.2498383576883077e-22,3.598354606353466e-07,typ,0.12120145579938169,3.2053962431734508e-12,True,2.2341352274479032e-05,0.5625,1.08,-2.272793260556931e-16,0.004064414581471838,4.127123113248632e-09,True,False,65,1.125,290,4.497943257941832e-06,5.6224290724272905e-05,4.497943257941832e-06,4.497943257941832e-06,0.0,6.311698154245829,1.9185261833440381,-0.8182348971644067,-0.8182348971644067,0.4999586229669285,0.01978348347578301,0.0,0.005318155501616302,0.005318155501616302,True,8.907949865513018e-06,1.7676941810705917e-06,success,0.9999172459338574,0.02479412364056679,0.5,1.5486519225088207e-14,0.08,"[0.005, 0.0075, 0.01, 0.015, 0.02, 0.03, 0.05, 0.08]",3.711129728826886e-05,0.024318093038910395,False,1.8182346084455447e-17,0.0038660381112969495,True,success,6.980925243215511e-17,-1.7538243599223603e-16,0.04039486818717331,1.4030594879378885e-17,0.0
0.4414775808695016,-7.642073525193657e-20,3.8466359616558145e-05,0.013329034035069166,-1.4777016187762977e-21,1.2504234388578204e-06,arith,0.007693271923311629,1.6666936574784116e-08,True,0.03019187069209106,0.3229166667,0.48,3.462043762286816e-17,-0.027380898171912294,4.72290365303702e-09,True,False,66,0.6458333334,667,0.00025008468777156407,0.050016937554312815,0.00025008468777156407,0.00025008468777156407,0.0,3.7524802939745263,1.1406172349401398,-3.955547560842844e-06,-3.955547560842844e-06,0.49995973954609596,0.4288779863122692,0.0,0.3891413014329883,0.4288779863122692,True,0.013329034035069166,0.012476877639113336,success,0.9999194790921919,0.9999194790921919,0.5,2.8995488742643203e-15,0.005,"[0.005, 0.0075, 0.01, 0.015, 0.02, 0.03, 0.05, 0.08]",0.03250693466505122,8.713094681002294e-05,False,-1.731021881143408e-19,1.698203538837438e-05,True,success,-1.1446134838602725e-17,2.217267380199363e-17,9.381200734936316e-05,-1.1086336900996815e-19,0.0
0.45105310098994267,-6.305101501124198e-19,9.082882829404496e-05,0.014019030253449628,1.0675592985609375e-20,3.1487414789855503e-06,arith,0.012110510439205994,4.414230205419015e-08,True,0.03108066483232584,0.3229166667,0.48,1.8638164737252036e-16,-0.027356213830087704,4.72290365303702e-09,True,False,66,0.6458333334,667,0.0004198321971980734,0.055977626293076455,0.0004198321971980734,0.0004198321971980734,0.0,3.9929742129846804,1.2137186205388197,-3.955547560842844e-06,-3.955547560842844e-06,0.49995973954609596,0.4288779863122692,0.0,0.3891413014329883,0.4288779863122692,True,0.014019030253449628,0.012476877639113336,success,0.9999194790921919,0.9999194790921919,0.5,2.8995488742643203e-15,0.0075,"[0.005, 0.0075, 0.01, 0.015, 0.02, 0.03, 0.05, 0.08]",0.034666763164575495,0.00020137058828483746,False,-1.3978623552939027e-18,4.096862466131202e-05,True,success,5.0811792811208706e-17,-1.0153429818949099e-16,0.00022460479948038827,7.615072364211825e-19,0.0
0.46069389521712917,-2.3886329112572444e-19,0.0001683446250833008,0.014745053630674044,-1.5352472168984678e-20,6.174431176491288e-06,arith,0.01683446250833008,9.104231883626986e-08,True,0.03200618411434466,0.3229166667,0.48,5.1848590486128755e-17,-0.02732009045749201,4.72290365303702e-09,True,False,66,0.6458333334,667,0.0006174431176491288,0.06174431176491288,0.0006174431176491288,0.0006174431176491288,0.0,4.187459287124366,1.272834994276622,-3.955547560842844e-06,-3.955547560842844e-06,0.499959739546096,0.4288779863122692,0.0,0.3891413014329883,0.4288779863122692,True,0.014745053630674044,0.012476877639113336,success,0.9999194790921919,0.9999194790921919,0.5,2.8995488742643203e-15,0.01,"[0.005, 0.0075, 0.01, 0.015, 0.02, 0.03, 0.05, 0.08]",0.036677328862956195,0.00036541535894231566,False,-5.184859048612876e-19,7.755534106849308e-05,True,success,-5.0881120114730885e-17,1.0411947323844943e-16,0.0004187459287124366,-1.0411947323844944e-18,0.0
0.47899086820761183,-1.4640060364415247e-18,0.00040504397720234807,0.016203333557536417,3.3867916026743375e-20,1.6289621564070137e-05,arith,0.027002931813489874,2.639461717286665e-07,True,0.03382806360833023,0.3229166667,0.48,2.0376255354231818e-16,-0.027210852235430006,4.72290365303702e-09,True,False,66,0.6458333334,667,0.0010859747709380091,0.07239831806253394,0.0010859747709380091,0.0010859747709380091,0.0,4.468112552608681,1.3581433574324964,-3.955547560842844e-06,-3.955547560842844e-06,0.49995973954609596,0.4288779863122692,0.0,0.3891413014329883,0.4288779863122692,True,0.016203333557536417,0.012476877639113336,success,0.9999194790921919,0.9999194790921919,0.5,2.8995488742643203e-15,0.015,"[0.005, 0.0075, 0.01, 0.015, 0.02, 0.03, 0.05, 0.08]",0.040216920830629506,0.0008456194138272955,False,-3.0564383031347728e-18,0.00019401236630241684,True,success,6.592206310048147e-17,-1.3934546619262757e-16,0.0010053253243369534,2.0901819928894133e-18,0.0
0.4955733555051314,3.7569700730152414e-19,0.0007580203989660526,0.017612124347376395,-1.0218654910626603e-20,3.275325085440339e-05,arith,0.037901019948302625,5.768543268285646e-07,True,0.03553888471147645,0.3229166667,0.48,-3.79052871919013e-17,-0.02704885053273652,4.72290365303702e-09,True,False,66,0.6458333334,667,0.0016376625427201694,0.08188312713600847,0.0016376625427201694,0.0016376625427201694,0.0,4.649247616072292,1.4132018145202854,-3.955547560842844e-06,-3.955547560842844e-06,0.499959739546096,0.4288779863122692,0.0,0.3891413014329883,0.4288779863122692,True,0.017612124347376395,0.012476877639113336,success,0.9999194790921919,0.9999194790921919,0.5,2.8995488742643203e-15,0.02,"[0.005, 0.0075, 0.01, 0.015, 0.02, 0.03, 0.05, 0.08]",0.04320893065553269,0.0015295826350337426,False,7.581057438380261e-19,0.00037565471265694507,True,success,-1.3454286014819151e-17,2.90102849295089e-17,0.0018596990464289167,-5.802056985901779e-19,0.0
0.5239975975708534,-1.6012659992355496e-18,0.0018350202663916274,0.020214567938186913,-8.921896759535917e-20,8.802534210026222e-05,arith,0.06116734221305425,1.7793942581678953e-06,True,0.038577596599483566,0.3229166667,0.48,1.0186217180248498e-16,-0.02655483720510312,4.72290365303702e-09,True,False,66,0.6458333334,667,0.002934178070008741,0.09780593566695804,0.002934178070008741,0.002934178070008741,0.0,4.838388629726531,1.4706937886565625,-3.955547560842844e-06,-3.955547560842844e-06,0.49995973954609596,0.4288779863122692,0.0,0.3891413014329883,0.4288779863122692,True,0.020214567938186913,0.012476877639113336,success,0.9999194790921919,0.9999194790921919,0.5,2.8995488742643203e-15,0.03,"[0.005, 0.0075, 0.01, 0.015, 0.02, 0.03, 0.05, 0.08]",0.04796968388439367,0.0035019631290265627,False,-3.0558651540745494e-18,0.0009615462110830402,True,success,-6.688382487053207e-17,1.4711991844722621e-16,0.004354549766753877,-4.413597553416786e-18,0.0
0.5668050829124407,2.1290437871037162e-18,0.005531468186069765,0.024578653496568584,-9.058620324190006e-20,0.00030020342836747205,arith,0.11062936372139527,7.378596044326044e-06,True,0.04336350226479084,0.3229166667,0.48,-7.512437172101395e-17,-0.02484053670557393,4.72290365303702e-09,True,False,66,0.6458333334,667,0.00600406856734944,0.1200813713469888,0.00600406856734944,0.00600406856734944,0.0,4.885596005645847,1.4850431102709443,-3.955547560842844e-06,-3.955547560842844e-06,0.49995973954609596,0.4288779863122692,0.0,0.3891413014329883,0.4288779863122692,True,0.024578653496568584,0.012476877639113336,success,0.9999194790921919,0.9999194790921919,0.5,2.8995488742643203e-15,0.05,"[0.005, 0.0075, 0.01, 0.015, 0.02, 0.03, 0.05, 0.08]",0.05427192533141432,0.009759030666498554,False,3.756218586050697e-18,0.003135264283832801,True,success,-3.3348414434742104e-17,7.371128223484395e-17,0.01221399001411462,-3.685564111742198e-18,0.0
0.6086239758443031,2.064876836157255e-18,0.014708109345726174,0.0293946272125219,1.657022446518537e-19,0.0008670160277704506,arith,0.18385136682157716,2.548561292359393e-05,True,0.04829686042477165,0.3229166667,0.48,-4.240871453701751e-17,-0.02040715138009346,4.72290365303702e-09,True,False,66,0.6458333334,667,0.010837700347130632,0.1354712543391329,0.010837700347130632,0.010837700347130632,0.0,4.60870802543885,1.4008792565982169,-3.955547560842844e-06,-3.955547560842844e-06,0.49995973954609596,0.4288779863122692,0.0,0.3891413014329883,0.4288779863122692,True,0.0293946272125219,0.012476877639113336,success,0.9999194790921919,0.9999194790921919,0.5,2.8995488742643203e-15,0.08,"[0.005, 0.0075, 0.01, 0.015, 0.02, 0.03, 0.05, 0.08]",0.05894816304329318,0.024166168158792304,False,3.392697162961401e-18,0.008951707987148614,True,success,3.2823194796023564e-17,-7.046451187058503e-17,0.029495731362808645,5.637160949646803e-18,0.0
0.3633382334456769,7.578266880692848e-20,3.348734515971607e-05,0.006471791199799893,2.05864251831708e-21,6.487146390598754e-07,typ,0.006697469031943214,4.198345692249065e-09,True,0.01781202913446624,0.3229166667,0.48,-4.1714667949063404e-17,-0.022526158001294837,4.53090632566639e-09,True,False,67,0.6458333334,458,0.00012974292781197508,0.025948585562395016,0.00012974292781197508,0.00012974292781197508,0.0,4.009490535355551,1.2187389805349251,-0.00027540513255077217,-0.00027540513255077217,0.499957926550892,0.3426321114502197,0.0,0.3001176446760703,0.3001176446760703,True,0.006471791199799893,0.0058501928309738025,success,0.9999158531017841,0.8074224675770576,0.5,1.7661016094475212e-15,0.005,"[0.005, 0.0075, 0.01, 0.015, 0.02, 0.03, 0.05, 0.08]",0.019371933963885948,9.216576202879239e-05,False,2.0857333974531702e-19,1.2167232833116875e-05,True,success,3.177180149437536e-17,-6.361894117908911e-17,0.00010023726338388876,3.180947058954456e-19,0.0
0.3793424603026371,3.541656510707043e-20,8.248850176012087e-05,0.006995214410500234,3.64455777890864e-21,1.7251701666618254e-06,typ,0.010998466901349448,1.2067935210397892e-08,True,0.018440367590064913,0.3229166667,0.48,-1.2448405267302203e-17,-0.0225041527088006,4.53090632566639e-09,True,False,67,0.6458333334,458,0.00023002268888824338,0.030669691851765785,0.00023002268888824338,0.00023002268888824338,0.0,4.3843819577179435,1.3326923084882765,-0.00027540513255077217,-0.00027540513255077217,0.499957926550892,0.3426321114502197,0.0,0.3001176446760703,0.3001176446760703,True,0.006995214410500234,0.0058501928309738025,success,0.9999158531017841,0.8074224675770576,0.5,1.7661016094475212e-15,0.0075,"[0.005, 0.0075, 0.01, 0.015, 0.02, 0.03, 0.05, 0.08]",0.02091406838347815,0.00021745127527857558,False,9.336303950476653e-20,3.1291391204362655e-05,True,success,3.3176330955567416e-17,-6.946764011384586e-17,0.0002466214851216343,5.210073008538439e-19,0.0
0.3954344102613069,-2.803679055411737e-19,0.00015784306812928207,0.00755906831732103,1.8714134178399698e-20,3.5392002934844457e-06,typ,0.015784306812928205,2.6753056807131564e-08,True,0.019115858714283174,0.3229166667,0.48,7.090124133504311e-17,-0.022470762465897763,4.53090632566639e-09,True,False,67,0.6458333334,458,0.00035392002934844455,0.03539200293484445,0.00035392002934844455,0.00035392002934844455,0.0,4.682058879365645,1.423175242621334,-0.00027540513255077217,-0.00027540513255077217,0.49995792655089205,0.3426321114502197,0.0,0.3001176446760703,0.3001176446760703,True,0.00755906831732103,0.0058501928309738025,success,0.9999158531017841,0.8074224675770576,0.5,1.7661016094475212e-15,0.01,"[0.005, 0.0075, 0.01, 0.015, 0.02, 0.03, 0.05, 0.08]",0.022422272548488782,0.00039916371472320235,False,-7.090124133504312e-19,6.241658055953794e-05,True,success,1.144150179684938e-16,-2.475719677717118e-16,0.0004682058879365645,2.475719677717118e-18,0.0
0.4255639304335643,8.402496642243206e-19,0.0003958707143139182,0.008725266908050889,2.117582284677839e-20,1.0012627616982665e-05,typ,0.026391380954261218,8.736284840909528e-08,True,0.020502834672011774,0.3229166667,0.48,-1.316292107382119e-16,-0.022365805525336027,4.53090632566639e-09,True,False,67,0.6458333334,458,0.0006675085077988443,0.044500567186589624,0.0006675085077988443,0.0006675085077988443,0.0,5.100195519007965,1.5502735403797026,-0.00027540513255077217,-0.00027540513255077217,0.49995792655089194,0.3426321114502197,0.0,0.3001176446760703,0.3001176446760703,True,0.008725266908050889,0.0058501928309738025,success,0.9999158531017841,0.8074224675770576,0.5,1.7661016094475212e-15,0.015,"[0.005, 0.0075, 0.01, 0.015, 0.02, 0.03, 0.05, 0.08]",0.02529267070016913,0.0009302261916572803,False,1.9744381610731784e-18,0.0001684682971269737,True,success,7.164351782481445e-17,-1.617969442076265e-16,0.001147543991776792,2.4269541631143975e-18,0.0
0.45213463291593337,1.3867596362874872e-19,0.0007583475978339777,0.009890349605639602,3.2664687666965537e-21,2.1216929442488984e-05,typ,0.03791737989169888,2.098428497444042e-07,True,0.02187478880318054,0.3229166667,0.48,-1.5335693567023555e-17,-0.02220533073123407,4.53090632566639e-09,True,False,67,0.6458333334,458,0.0010608464721244492,0.053042323606222457,0.0010608464721244492,0.0010608464721244492,0.0,5.363038286935484,1.630168161454436,-0.00027540513255077217,-0.00027540513255077217,0.499957926550892,0.3426321114502197,0.0,0.3001176446760703,0.3001176446760703,True,0.009890349605639602,0.0058501928309738025,success,0.9999158531017841,0.8074224675770576,0.5,1.7661016094475212e-15,0.02,"[0.005, 0.0075, 0.01, 0.015, 0.02, 0.03, 0.05, 0.08]",0.027977842223130416,0.0016772605826348617,False,3.067138713404711e-19,0.00034287521276934535,True,success,7.130687797265564e-18,-1.6513414069983795e-17,0.002145215314774194,3.302682813996759e-19,0.0
0.495614232216007,3.206587675364302e-19,0.0018744073307338308,0.012137154673986144,8.00006450214618e-20,6.15309226001164e-05,typ,0.06248024435779436,7.468103248306823e-07,True,0.024489116504419355,0.3229166667,0.48,-2.1566421805032378e-17,-0.02170456066003428,4.53090632566639e-09,True,False,67,0.6458333334,458,0.0020510307533372135,0.06836769177790712,0.0020510307533372135,0.0020510307533372135,0.0,5.632925806279889,1.7122041301852446,-0.00027540513255077217,-0.00027540513255077217,0.499957926550892,0.3426321114502197,0.0,0.3001176446760703,0.3001176446760703,True,0.012137154673986144,0.0058501928309738025,success,0.9999158531017841,0.8074224675770576,0.5,1.7661016094475212e-15,0.03,"[0.005, 0.0075, 0.01, 0.015, 0.02, 0.03, 0.05, 0.08]",0.032826868307235565,0.00378198850818492,False,6.469926541509713e-19,0.0009289829500817026,True,success,9.25738512995282e-17,-2.197127942266104e-16,0.005069633225651899,6.591383826798312e-18,0.0
0.5557816936578095,-1.728915216128225e-18,0.0056927959979817915,0.016172626484688438,8.796226176198174e-20,0.00022949889017662807,typ,0.11385591995963583,3.711599829477138e-06,True,0.029098883013310976,0.3229166667,0.48,6.221562299936797e-17,-0.019943346624689856,4.53090632566639e-09,True,False,67,0.6458333334,458,0.004589977803532561,0.09179955607065121,0.004589977803532561,0.004589977803532561,0.0,5.676230521836584,1.725367185297742,-0.00027540513255077217,-0.00027540513255077217,0.49995792655089205,0.3426321114502197,0.0,0.3001176446760703,0.3001176446760703,True,0.016172626484688438,0.0058501928309738025,success,0.9999158531017841,0.8074224675770576,0.5,1.7661016094475212e-15,0.05,"[0.005, 0.0075, 0.01, 0.015, 0.02, 0.03, 0.05, 0.08]",0.040313914332779525,0.010242863453301868,False,-3.110781149968399e-18,0.00316395180140672,True,success,4.565788761207596e-17,-1.0877919161153039e-16,0.014190576304591463,5.43895958057652e-18,0.0
0.60915698073817,2.237706870820207e-18,0.015137472494323512,0.020941530846729034,-7.230928294564187e-20,0.0006908734641460189,typ,0.1892184061790439,1.44679479606004e-05,True,0.0343778886377569,0.3229166667,0.48,-4.5918107761577677e-17,-0.015380830939355893,4.53090632566639e-09,True,False,67,0.6458333334,458,0.008635918301825236,0.10794897877281545,0.008635918301825236,0.008635918301825236,0.0,5.1547797323363564,1.5668651516875582,-0.00027540513255077217,-0.00027540513255077217,0.49995792655089205,0.3426321114502197,0.0,0.3001176446760703,0.3001176446760703,True,0.020941530846729034,0.0058501928309738025,success,0.9999158531017841,0.8074224675770576,0.5,1.7661016094475212e-15,0.08,"[0.005, 0.0075, 0.01, 0.015, 0.02, 0.03, 0.05, 0.08]",0.045639948439549174,0.024849871171106142,False,3.673448620926214e-18,0.009221097040649206,True,success,-1.9010370710665778e-17,4.3161411810622374e-17,0.032990590286952684,-3.45291294484979e-18,0.0
0.3940812627068685,-2.3190670217414173e-19,3.566236959034055e-05,0.01046736363638978,4.092169119050665e-21,1.065551775709152e-06,arith,0.00713247391806811,1.1153517909748536e-08,True,0.02656143447290914,0.3229166667,0.46,1.17694863532064e-16,-0.027069922660925564,4.757368440084806e-09,True,False,68,0.6458333334,679,0.00021311035514183038,0.04262207102836608,0.00021311035514183038,0.00021311035514183038,0.0,4.0719012455238,1.2377095616135425,-3.901709637886162e-06,-3.901709637886162e-06,0.49995974323707887,0.3714045356368681,0.0,0.3381208689440408,0.3714045356368681,True,0.01046736363638978,0.009155871030705372,success,0.9999194864741577,0.9999194864741577,0.5,4.022632731260374e-15,0.005,"[0.005, 0.0075, 0.01, 0.015, 0.02, 0.03, 0.05, 0.08]",0.029878883202359204,9.049496376808829e-05,False,-5.884743176603199e-19,1.4053871639280433e-05,True,success,3.874785262153115e-17,-7.818910780598551e-17,0.000101797531138095,3.909455390299275e-19,0.0
0.4083442497279437,-9.0958103645311e-19,8.579228338801902e-05,0.011374319153163627,-9.959254575138453e-22,2.795067890502317e-06,arith,0.011438971118402537,3.179199424133316e-08,True,0.027854730807992722,0.3229166667,0.46,2.96998112763634e-16,-0.027046790651061203,4.757368440084806e-09,True,False,68,0.6458333334,679,0.0003726757187336423,0.04969009583115231,0.00037267571873364226,0.0003726757187336423,0.0,4.368621555456497,1.327901720652849,-3.901709637886162e-06,-3.901709637886162e-06,0.49995974323707887,0.3714045356368681,0.0,0.3381208689440408,0.3714045356368681,True,0.011374319153163627,0.009155871030705372,success,0.9999194864741577,0.9999194864741577,0.5,4.022632731260374e-15,0.0075,"[0.005, 0.0075, 0.01, 0.015, 0.02, 0.03, 0.05, 0.08]",0.032579478947551255,0.00021009793439035198,False,-2.227485845727255e-18,3.5032785592527756e-05,True,success,-5.585575779403318e-18,1.1674550292965195e-17,0.0002457349624944279,-8.755912719723896e-20,1.4546187449099712e-16
0.4217681760620156,2.735916419631276e-19,0.00016097816704299444,0.012279406388732973,-1.3817224952086244e-20,5.629732256332186e-06,arith,0.016097816704299443,6.912977023526153e-08,True,0.02911411312106071,0.3229166667,0.46,-6.48677774880055e-17,-0.02701243509322762,4.757368440084806e-09,True,False,68,0.6458333334,679,0.0005629732256332185,0.05629732256332185,0.0005629732256332185,0.0005629732256332185,0.0,4.5846941440897115,1.3935799119517929,-3.901709637886162e-06,-3.901709637886162e-06,0.4999597432370789,0.3714045356368681,0.0,0.3381208689440408,0.3714045356368681,True,0.012279406388732973,0.009155871030705372,success,0.9999194864741577,0.9999194864741577,0.5,4.022632731260374e-15,0.01,"[0.005, 0.0075, 0.01, 0.015, 0.02, 0.03, 0.05, 0.08]",0.03497202359639605,0.0003816745221178676,False,6.486777748800551e-19,6.789546789953024e-05,True,success,-5.255188173278686e-17,1.1252355785507926e-16,0.0004584694144089712,-1.1252355785507925e-18,0.0
0.4458187273706341,2.4362360926192403e-19,0.00039332474500303774,0.014022135144211342,-2.2882727575275012e-20,1.5357102778967597e-05,arith,0.026221649666869185,2.153393705902272e-07,True,0.03145254849860525,0.3229166667,0.46,-3.643089209505639e-17,-0.026907030935729347,4.757368440084806e-09,True,False,68,0.6458333334,679,0.0010238068519311731,0.06825379012874487,0.0010238068519311731,0.0010238068519311731,0.0,4.867574690072902,1.4795652871970157,-3.901709637886162e-06,-3.901709637886162e-06,0.49995974323707887,0.3714045356368681,0.0,0.3381208689440408,0.3714045356368681,True,0.014022135144211342,0.009155871030705372,success,0.9999194864741577,0.9999194864741577,0.5,4.022632731260374e-15,0.015,"[0.005, 0.0075, 0.01, 0.015, 0.02, 0.03, 0.05, 0.08]",0.039044334164251446,0.0008822526306214248,False,5.464633814258459e-19,0.00017535153726063347,True,success,-4.9311256686708617e-17,1.087933582151195e-16,0.001095204305266403,-1.6319003732267924e-18,0.0
0.4666519585874033,2.9297345068314923e-19,0.0007430470978656306,0.015656312177851975,-9.415207771963929e-20,3.151802425451184e-05,arith,0.03715235489328153,4.934560269577476e-07,True,0.03355029779633844,0.3229166667,0.46,-3.1391001933218676e-17,-0.02674888056272253,4.757368440084806e-09,True,False,68,0.6458333334,679,0.0015759012127255921,0.0787950606362796,0.0015759012127255921,0.0015759012127255921,0.0,5.032798256778896,1.5297872292297956,-3.901709637886162e-06,-3.901709637886162e-06,0.4999597432370789,0.3714045356368681,0.0,0.3381208689440408,0.3714045356368681,True,0.015656312177851975,0.009155871030705372,success,0.9999194864741577,0.9999194864741577,0.5,4.022632731260374e-15,0.02,"[0.005, 0.0075, 0.01, 0.015, 0.02, 0.03, 0.05, 0.08]",0.04241726311164656,0.001592293965967484,False,6.278200386643736e-19,0.0003467443835416825,True,success,-1.3403113012091978e-16,3.006840839978602e-16,0.002013119302711558,-6.0136816799572034e-18,0.0
0.5011453312952305,1.562663617469478e-18,0.0018190681961342049,0.018617326598747708,-8.296286935616599e-20,8.683231835070673e-05,arith,0.06063560653780683,1.616585630061541e-06,True,0.037149556099087,0.3229166667,0.46,-1.0393948420981396e-16,-0.026261408949569885,4.757368440084806e-09,True,False,68,0.6458333334,679,0.0028944106116902246,0.09648035372300749,0.0028944106116902246,0.0028944106116902246,0.0,5.182288295328999,1.5752267521757013,-3.901709637886162e-06,-3.901709637886162e-06,0.49995974323707887,0.3714045356368681,0.0,0.3381208689440408,0.3714045356368681,True,0.018617326598747708,0.009155871030705372,success,0.9999194864741577,0.9999194864741577,0.5,4.022632731260374e-15,0.03,"[0.005, 0.0075, 0.01, 0.015, 0.02, 0.03, 0.05, 0.08]",0.04773450414626486,0.003629821695500483,False,3.1181845262944187e-18,0.0009116175338002934,True,success,-6.525058462305679e-17,1.485406061859001e-16,0.004664059465796099,-4.456218185577003e-18,0.0
0.5515230288008025,-2.083303959582836e-19,0.005543684743066034,0.02352484055638526,-1.4886769484116131e-19,0.00030363527446056833,arith,0.11087369486132066,7.142971418979147e-06,True,0.04265432144789351,0.3229166667,0.46,7.554730630605372e-18,-0.02455049851515166,4.757368440084806e-09,True,False,68,0.6458333334,679,0.006072705489211366,0.12145410978422731,0.006072705489211366,0.006072705489211366,0.0,5.162802676308107,1.5693038342261,-3.901709637886162e-06,-3.901709637886162e-06,0.4999597432370789,0.3714045356368681,0.0,0.3381208689440408,0.3714045356368681,True,0.02352484055638526,0.009155871030705372,success,0.9999194864741577,0.9999194864741577,0.5,4.022632731260374e-15,0.05,"[0.005, 0.0075, 0.01, 0.015, 0.02, 0.03, 0.05, 0.08]",0.05477138194778324,0.01005159250579233,False,-3.7773653153026864e-19,0.003057469800212578,True,success,-5.570074543866342e-17,1.2656212864384724e-16,0.01290700669077027,-6.3281064321923625e-18,0.0
0.5999565963250594,-1.4222241949019515e-18,0.014834273298204416,0.02894197490515814,2.0753729289647217e-20,0.0008909039878827054,arith,0.1854284162275552,2.5784520860206574e-05,True,0.04824011450567874,0.3229166667,0.46,2.963181427651525e-17,-0.020089307711164683,4.757368440084806e-09,True,False,68,0.6458333334,679,0.011136299848533817,0.13920374810667271,0.011136299848533817,0.011136299848533817,0.0,4.809752912952161,1.4619895745024847,-3.901709637886162e-06,-3.901709637886162e-06,0.4999597432370789,0.3714045356368681,0.0,0.3381208689440408,0.3714045356368681,True,0.02894197490515814,0.009155871030705372,success,0.9999194864741577,0.9999194864741577,0.5,4.022632731260374e-15,0.08,"[0.005, 0.0075, 0.01, 0.015, 0.02, 0.03, 0.05, 0.08]",0.06005713727753303,0.02472557746521906,False,-2.37054514212122e-18,0.008899920116946434,True,success,4.08711271341168e-18,-8.963507741634977e-18,0.03078241864289383,7.170806193307981e-19,0.0
0.29122375197485545,-8.573422026261253e-20,2.967754117412518e-05,0.004122082947978387,2.7577862349219825e-21,4.998696514774197e-07,typ,0.005935508234825036,2.060504166566971e-09,True,0.01415435011748043,0.3229166667,0.46,5.887859055535752e-17,-0.022558848566907187,4.358121275251829e-09,True,False,69,0.6458333334,499,9.997393029548394e-05,0.019994786059096787,9.997393029548394e-05,9.997393029548394e-05,0.0,4.8506510692374425,1.4744211233133269,-0.00025160643502724234,-0.00025160643502724234,0.49995789994427237,0.24967721672791415,0.0,0.2200667523043778,0.2200667523043778,True,0.004122082947978387,0.003088974066614512,success,0.9999157998885447,0.8199792104674034,0.5,2.054439189464641e-15,0.005,"[0.005, 0.0075, 0.01, 0.015, 0.02, 0.03, 0.05, 0.08]",0.016843364770166295,0.00010190632107743592,False,-2.9439295277678763e-19,8.642804890116992e-06,True,success,6.075385649614417e-17,-1.3380547018222897e-16,0.00012126627673093606,6.690273509111448e-19,0.0
0.31627253719961707,-3.789678345574943e-19,7.615713561214152e-05,0.0048364310876842865,5.072271516175166e-21,1.4455911222379222e-06,typ,0.010154284748285537,6.991501843671903e-09,True,0.01529197296264692,0.3229166667,0.46,1.5976424970396415e-16,-0.022538868316856354,4.358121275251829e-09,True,False,69,0.6458333334,499,0.0001927454829650563,0.025699397728674172,0.0001927454829650563,0.0001927454829650563,0.0,5.313711135906871,1.615174505470666,-0.00025160643502724234,-0.00025160643502724234,0.4999578999442724,0.24967721672791415,0.0,0.2200667523043778,0.2200667523043778,True,0.0048364310876842865,0.003088974066614512,success,0.9999157998885447,0.8199792104674034,0.5,2.054439189464641e-15,0.0075,"[0.005, 0.0075, 0.01, 0.015, 0.02, 0.03, 0.05, 0.08]",0.018981689773629767,0.00024079591698495954,False,-1.198231872779731e-18,2.4086410505907312e-05,True,success,6.066207404340026e-17,-1.3983510910462977e-16,0.0002988962513947615,1.0487633182847232e-18,0.0
0.339419670744755,2.0667603913004904e-19,0.00014919489532471788,0.005558468765539864,-8.999725064576941e-22,3.1184786113271083e-06,typ,0.014919489532471788,1.733396595706586e-08,True,0.016376389598585922,0.3229166667,0.46,-6.089100218515923e-17,-0.022507623595263156,4.358121275251829e-09,True,False,69,0.6458333334,499,0.00031184786113271084,0.031184786113271083,0.0003118478611327108,0.00031184786113271084,0.0,5.610319573369462,1.705332659356708,-0.00025160643502724234,-0.00025160643502724234,0.4999578999442723,0.24967721672791415,0.0,0.2200667523043778,0.2200667523043778,True,0.005558468765539864,0.003088974066614512,success,0.9999157998885447,0.8199792104674034,0.5,2.054439189464641e-15,0.01,"[0.005, 0.0075, 0.01, 0.015, 0.02, 0.03, 0.05, 0.08]",0.020902046310229586,0.0004395587768892542,False,6.089100218515923e-19,5.0639682247913926e-05,True,success,-6.835657158230892e-18,1.619101490750726e-17,0.0005610319573369461,-1.619101490750726e-19,1.7383511442845977e-16
0.37982313656339195,2.7099065449761236e-20,0.0003836779922374504,0.006978753926378399,-1.3552527946280055e-20,9.340156917135732e-06,typ,0.025578532815830033,6.518265675845136e-08,True,0.018373693581495806,0.3229166667,0.46,-4.756435797101307e-18,-0.022406899012183137,4.358121275251829e-09,True,False,69,0.6458333334,499,0.0006226771278090488,0.04151180852060325,0.0006226771278090488,0.0006226771278090488,0.0,5.948312400541348,1.808070159291735,-0.00025160643502724234,-0.00025160643502724234,0.49995789994427237,0.24967721672791415,0.0,0.2200667523043778,0.2200667523043778,True,0.006978753926378399,0.003088974066614512,success,0.9999157998885447,0.8199792104674034,0.5,2.054439189464641e-15,0.015,"[0.005, 0.0075, 0.01, 0.015, 0.02, 0.03, 0.05, 0.08]",0.024343739036653683,0.0010101490807246155,False,7.134653695651961e-20,0.00014572977844197317,True,success,-5.3082856194731846e-17,1.2946463976473896e-16,0.0013383702901218033,-1.9419695964710843e-18,0.0
0.41358568032257864,-3.943013040138174e-20,0.0007444726299842781,0.008348716979418995,-1.705619565667121e-20,2.0429538171287943e-05,typ,0.037223631499213906,1.7056043221232013e-07,True,0.02018618481400846,0.3229166667,0.46,4.766863588051207e-18,-0.02225021085318898,4.358121275251829e-09,True,False,69,0.6458333334,499,0.0010214769085643972,0.05107384542821986,0.0010214769085643972,0.0010214769085643972,0.0,6.117568190911917,1.8595177503477311,-0.00025160643502724234,-0.00025160643502724234,0.4999578999442724,0.24967721672791415,0.0,0.2200667523043778,0.2200667523043778,True,0.008348716979418995,0.003088974066614512,success,0.9999157998885447,0.8199792104674034,0.5,2.054439189464641e-15,0.02,"[0.005, 0.0075, 0.01, 0.015, 0.02, 0.03, 0.05, 0.08]",0.027441624243082486,0.0018000445020331028,False,-9.533727176102415e-20,0.00030790321915358704,True,success,-4.1299331826886465e-17,1.0214860378377678e-16,0.0024470272763647666,-2.0429720756755357e-18,0.0
0.4666600484591205,3.093626682126718e-18,0.0018637926236136375,0.01092935279556338,-1.1842047048795018e-21,6.133928407576748e-05,typ,0.06212642078712125,6.703986758913457e-07,True,0.023420373849553554,0.3229166667,0.46,-2.2097646829790131e-16,-0.02175476196557763,4.358121275251829e-09,True,False,69,0.6458333334,499,0.002044642802525583,0.0681547600841861,0.002044642802525583,0.002044642802525583,0.0,6.235937420910466,1.8954976818185867,-0.00025160643502724234,-0.00025160643502724234,0.49995789994427237,0.24967721672791415,0.0,0.2200667523043778,0.2200667523043778,True,0.01092935279556338,0.003088974066614512,success,0.9999157998885447,0.8199792104674034,0.5,2.054439189464641e-15,0.03,"[0.005, 0.0075, 0.01, 0.015, 0.02, 0.03, 0.05, 0.08]",0.032911002704173735,0.003993897977270077,False,6.629294048937039e-18,0.0008697575560532914,True,success,-1.4463060679847447e-18,3.611695120563203e-18,0.005612343678819419,-1.0835085361689608e-19,0.0
0.5375589797810859,1.570075040584549e-18,0.005717604423089071,0.015489542507969427,-2.894934471800362e-20,0.00023595835679624658,typ,0.11435208846178141,3.6548869977060783e-06,True,0.028814591683088146,0.3229166667,0.46,-5.841498699264375e-17,-0.019992321034080014,4.358121275251829e-09,True,False,69,0.6458333334,499,0.004719167135924932,0.09438334271849863,0.004719167135924932,0.004719167135924932,0.0,6.093358965891862,1.852159028345444,-0.00025160643502724234,-0.00025160643502724234,0.4999578999442723,0.24967721672791415,0.0,0.2200667523043778,0.2200667523043778,True,0.015489542507969427,0.003088974066614512,success,0.9999157998885447,0.8199792104674034,0.5,2.054439189464641e-15,0.05,"[0.005, 0.0075, 0.01, 0.015, 0.02, 0.03, 0.05, 0.08]",0.04126874462377803,0.010636236465471181,False,2.920749349632188e-18,0.0030735496004675854,True,success,-1.5142645689137488e-17,3.737921207564274e-17,0.015233397414729656,-1.8689606037821373e-18,0.0
0.5991606771512199,-3.13824596090433e-18,0.015273406499993782,0.020862512713670685,3.4308837473825285e-20,0.000723845905232159,typ,0.19091758124992228,1.5101244400644382e-05,True,0.03481956261359467,0.3229166667,0.46,6.547171069005835e-17,-0.015395934948092056,4.358121275251829e-09,True,False,69,0.6458333334,499,0.009048073815401987,0.11310092269252484,0.009048073815401987,0.009048073815401987,0.0,5.421251229168221,1.6478627740854082,-0.00025160643502724234,-0.00025160643502724234,0.49995789994427237,0.24967721672791415,0.0,0.2200667523043778,0.2200667523043778,True,0.020862512713670685,0.003088974066614512,success,0.9999157998885447,0.8199792104674034,0.5,2.054439189464641e-15,0.08,"[0.005, 0.0075, 0.01, 0.015, 0.02, 0.03, 0.05, 0.08]",0.047392564666726686,0.02549133660208309,False,-5.237736855204668e-18,0.009151224580942119,True,success,8.828758440380455e-18,-2.0556510824402973e-17,0.03469600786667661,1.6445208659522379e-18,0.0
0.3418696186074036,-2.409756519162317e-19,3.286939462479324e-05,0.007832648969250396,-9.433398734514874e-21,9.024488470036329e-07,arith,0.006573878924958647,7.068565031284214e-09,True,0.022911216858510195,0.3229166667,0.44,1.4097517813828519e-16,-0.026786351814672968,4.773656604474766e-09,True,False,70,0.6458333334,694,0.00018048976940072657,0.03609795388014531,0.00018048976940072657,0.00018048976940072657,0.0,4.608652069288377,1.4008622479680228,-3.850189622517245e-06,-3.850189622517245e-06,0.49995974762172113,0.2994197139933825,0.0,0.27371458074894356,0.2994197139933825,True,0.007832648969250396,0.005821934281985672,success,0.9999194952434421,0.9999194952434421,0.5,2.9186047680115992e-15,0.005,"[0.005, 0.0075, 0.01, 0.015, 0.02, 0.03, 0.05, 0.08]",0.02745559683423314,9.614599495177666e-05,False,-7.0487589069142595e-19,1.1237047404234307e-05,True,success,-1.122025075441889e-16,2.408737777359547e-16,0.00011521630173220944,-1.2043688886797736e-18,0.0
0.36248520536587203,2.8502658675107206e-19,8.085185787794047e-05,0.008967240460933716,-5.0639997100496354e-21,2.4806661460617818e-06,arith,0.01078024771705873,2.2244729835033718e-08,True,0.02473822470046106,0.3229166667,0.44,-1.0484164412112853e-16,-0.026764751853884217,4.773656604474766e-09,True,False,70,0.6458333334,694,0.0003307554861415709,0.04410073148554279,0.0003307554861415709,0.0003307554861415709,0.0,4.917982480526767,1.4948874181777572,-3.850189622517245e-06,-3.850189622517245e-06,0.4999597476217212,0.2994197139933825,0.0,0.27371458074894356,0.2994197139933825,True,0.008967240460933716,0.005821934281985672,success,0.9999194952434421,0.9999194952434421,0.5,2.9186047680115992e-15,0.0075,"[0.005, 0.0075, 0.01, 0.015, 0.02, 0.03, 0.05, 0.08]",0.030681622057550813,0.00022304871117797257,False,7.863123309084639e-19,2.930760230709755e-05,True,success,-3.395315252154228e-17,7.529629257534664e-17,0.0002766365145296306,-5.647221943150999e-19,0.0
0.3806062880256562,-2.117582368136856e-20,0.00015379341602695862,0.010045790425274627,7.040961374050922e-21,5.141235580203374e-06,arith,0.015379341602695861,5.16477751656883e-08,True,0.026394178817659084,0.3229166667,0.44,5.563708311603387e-18,-0.026732124625122394,4.773656604474766e-09,True,False,70,0.6458333334,694,0.0005141235580203374,0.05141235580203374,0.0005141235580203375,0.0005141235580203374,0.0,5.117800951997091,1.555624950306685,-3.850189622517245e-06,-3.850189622517245e-06,0.4999597476217211,0.2994197139933825,0.0,0.27371458074894356,0.2994197139933825,True,0.010045790425274627,0.005821934281985672,success,0.9999194952434421,0.9999194952434421,0.5,2.9186047680115992e-15,0.01,"[0.005, 0.0075, 0.01, 0.015, 0.02, 0.03, 0.05, 0.08]",0.033429490761179015,0.000404074816589976,False,-5.563708311603387e-20,5.853474119680619e-05,True,success,3.098176480881291e-17,-7.008867471828071e-17,0.0005117800951997091,7.008867471828071e-19,2.108835814994138e-16
0.4113364156860306,1.8942608886919906e-19,0.00038193745435210607,0.012050557699927243,2.624582918095045e-20,1.451088041482083e-05,arith,0.025462496956807072,1.7486420171554258e-07,True,0.029296111991031024,0.3229166667,0.44,-3.070091886601264e-17,-0.026630451389901298,4.773656604474766e-09,True,False,70,0.6458333334,694,0.0009673920276547221,0.06449280184364814,0.0009673920276547221,0.0009673920276547221,0.0,5.3518520428342935,1.626767950975902,-3.850189622517245e-06,-3.850189622517245e-06,0.4999597476217211,0.2994197139933825,0.0,0.27371458074894356,0.2994197139933825,True,0.012050557699927243,0.005821934281985672,success,0.9999194952434421,0.9999194952434421,0.5,2.9186047680115992e-15,0.015,"[0.005, 0.0075, 0.01, 0.015, 0.02, 0.03, 0.05, 0.08]",0.037992818587106486,0.0009285281822546816,False,4.605137829901895e-19,0.00015710478348944222,True,success,6.2763888632778e-17,-1.4519842060150137e-16,0.001204166709637716,2.1779763090225205e-18,0.0
0.4368619303676546,1.3171233436693242e-18,0.0007285254418213766,0.013887583032938165,2.4537513824076247e-20,3.039465031436509e-05,arith,0.03642627209106883,4.2210822999786526e-07,True,0.0317894100345403,0.3229166667,0.44,-1.5074824013171148e-16,-0.026476039779924302,4.773656604474766e-09,True,False,70,0.6458333334,694,0.0015197325157182545,0.07598662578591273,0.0015197325157182545,0.0015197325157182545,0.0,5.471551500767979,1.6631522232534637,-3.850189622517245e-06,-3.850189622517245e-06,0.49995974762172113,0.2994197139933825,0.0,0.27371458074894356,0.2994197139933825,True,0.013887583032938165,0.005821934281985672,success,0.9999194952434421,0.9999194952434421,0.5,2.9186047680115992e-15,0.02,"[0.005, 0.0075, 0.01, 0.015, 0.02, 0.03, 0.05, 0.08]",0.04172078086713875,0.001667633160912565,False,3.0149648026342294e-18,0.00031826503083603504,True,success,3.7767535609938773e-17,-8.834335595286411e-17,0.002188620600307191,1.7668671190572823e-18,0.0
0.47782343845133207,-3.079948591210437e-19,0.0018037384097538706,0.0171719807140774,-4.133104562926649e-21,8.580086955135137e-05,arith,0.060124613658462354,1.4733708771868767e-06,True,0.03593792043716672,0.3229166667,0.44,2.1485960038522613e-17,-0.025994891989388924,4.773656604474766e-09,True,False,70,0.6458333334,694,0.0028600289850450457,0.09533429950150153,0.0028600289850450457,0.0028600289850450457,0.0,5.55173576588911,1.687525317208156,-3.850189622517245e-06,-3.850189622517245e-06,0.4999597476217212,0.2994197139933825,0.0,0.27371458074894356,0.2994197139933825,True,0.0171719807140774,0.005821934281985672,success,0.9999194952434421,0.9999194952434421,0.5,2.9186047680115992e-15,0.03,"[0.005, 0.0075, 0.01, 0.015, 0.02, 0.03, 0.05, 0.08]",0.047568355304392136,0.0037749056756193164,False,-6.445788011556783e-19,0.0008618684890153321,True,success,-3.405025368895301e-18,8.02296219588766e-18,0.004996562189300199,-2.4068886587662977e-19,0.0
0.53603325521643,3.810060119802949e-19,0.0055567409231301506,0.02258269121115885,-7.56316049475539e-20,0.00030743987844839227,arith,0.11113481846260301,6.942819840996253e-06,True,0.04212927274827531,0.3229166667,0.44,-1.4215760245190723e-17,-0.02428699918696336,4.773656604474766e-09,True,False,70,0.6458333334,694,0.006148797568967845,0.1229759513793569,0.006148797568967845,0.006148797568967845,0.0,5.445584418148996,1.6552591766133824,-3.850189622517245e-06,-3.850189622517245e-06,0.4999597476217211,0.2994197139933825,0.0,0.27371458074894356,0.2994197139933825,True,0.02258269121115885,0.005821934281985672,success,0.9999194952434421,0.9999194952434421,0.5,2.9186047680115992e-15,0.05,"[0.005, 0.0075, 0.01, 0.015, 0.02, 0.03, 0.05, 0.08]",0.055327373131373064,0.010366410794581296,False,7.107880122595361e-19,0.0029785979254198045,True,success,-2.870353385771383e-17,6.698192366920541e-17,0.01361396104537249,-3.3490961834602706e-18,0.0
0.5911935468504788,-2.598587870473435e-18,0.01496127582259383,0.028576905222350343,-3.152007155768436e-19,0.0009160316444321876,arith,0.18701594778242286,2.6177349483612355e-05,True,0.04833764741613096,0.3229166667,0.44,5.494367885773487e-17,-0.0197975805069358,4.773656604474766e-09,True,False,70,0.6458333334,694,0.011450395555402344,0.1431299444425293,0.011450395555402344,0.011450395555402344,0.0,5.008587995406362,1.5224281922141294,-3.850189622517245e-06,-3.850189622517245e-06,0.49995974762172113,0.2994197139933825,0.0,0.27371458074894356,0.2994197139933825,True,0.028576905222350343,0.005821934281985672,success,0.9999194952434421,0.9999194952434421,0.5,2.9186047680115992e-15,0.08,"[0.005, 0.0075, 0.01, 0.015, 0.02, 0.03, 0.05, 0.08]",0.061226840230352464,0.025306899749326508,False,-4.39549430861879e-18,0.00884500971896756,True,success,-6.160619117334291e-17,1.3787388501498814e-16,0.03205496317060072,-1.102991080119905e-17,0.0
0.2117147262676569,-1.2139433836129154e-19,2.609123787899402e-05,0.002279653551162848,-2.274761224805031e-21,3.8459820981772514e-07,typ,0.005218247575798803,8.767506747818512e-10,True,0.010767571965120806,0.3229166667,0.44,1.1467727399162659e-16,-0.022617491280027147,4.67859021316408e-09,True,False,71,0.6458333334,712,7.691964196354503e-05,0.015383928392709006,7.691964196354503e-05,7.691964196354503e-05,0.0,6.748362436415694,2.0512562091153854,-0.00022908864467209166,-0.00022908864467209166,0.49995787342623876,0.12492513679781446,0.0,0.11126871690715022,0.11126871690715022,True,0.002279653551162848,0.0007777654607983588,success,0.9999157468524775,0.8324274714251939,0.5,1.7834931271278974e-15,0.005,"[0.005, 0.0075, 0.01, 0.015, 0.02, 0.03, 0.05, 0.08]",0.014740512182726451,0.00012323770924658589,False,-5.733863699581329e-19,5.5238992855355396e-06,True,success,-7.682414973637982e-17,1.9957078334509896e-16,0.00016870906091039236,-9.978539167254948e-19,0.0
0.24917659453930283,-1.461131834013668e-20,7.030508021329237e-05,0.0031487659646908675,3.565975620716102e-21,1.2257562222856743e-06,typ,0.00937401069510565,3.859619473741185e-09,True,0.012636684318254498,0.3229166667,0.44,7.818454146091973e-18,-0.022599395678144497,4.67859021316408e-09,True,False,71,0.6458333334,712,0.00016343416297142326,0.0217912217295231,0.00016343416297142326,0.00016343416297142326,0.0,6.9205593473386235,2.1035977936181816,-0.00022908864467209166,-0.00022908864467209166,0.49995787342623876,0.12492513679781446,0.0,0.11126871690715022,0.11126871690715022,True,0.0031487659646908675,0.0007777654607983588,success,0.9999157468524775,0.8324274714251939,0.5,1.7834931271278974e-15,0.0075,"[0.005, 0.0075, 0.01, 0.015, 0.02, 0.03, 0.05, 0.08]",0.01743481720761801,0.0002821496149880285,False,-5.86384060956898e-20,1.7518380466360715e-05,True,success,5.739923777034652e-17,-1.5099992232739955e-16,0.00038928146328779756,1.1324994174554965e-18,0.0
0.28103870517419977,-7.775762455794479e-19,0.00014122403469468952,0.003993076880631777,-6.246867986000465e-21,2.7852374339680204e-06,typ,0.014122403469468952,1.1121667204647877e-08,True,0.014208280948905944,0.3229166667,0.44,2.7667941506401152e-16,-0.02257012987279862,4.67859021316408e-09,True,False,71,0.6458333334,712,0.00027852374339680205,0.027852374339680203,0.00027852374339680205,0.00027852374339680205,0.0,6.975166061734694,2.1201962444304683,-0.00022908864467209166,-0.00022908864467209166,0.49995787342623876,0.12492513679781446,0.0,0.11126871690715022,0.11126871690715022,True,0.003993076880631777,0.0007777654607983588,success,0.9999157468524775,0.8324274714251939,0.5,1.7834931271278974e-15,0.01,"[0.005, 0.0075, 0.01, 0.015, 0.02, 0.03, 0.05, 0.08]",0.019722120529904068,0.0005025074201332974,False,-2.7667941506401154e-18,3.968941985007181e-05,True,success,-5.923486192095383e-17,1.5644246711854188e-16,0.0006975166061734693,-1.5644246711854189e-18,0.0
0.33315929672191696,-3.794760203297364e-19,0.0003723655822329177,0.0056084902619917285,5.082196926422823e-21,8.814385378442917e-06,typ,0.02482437214886118,4.9435394560439375e-08,True,0.016834260118735483,0.3229166667,0.44,7.593485039810236e-17,-0.022473316554117002,4.67859021316408e-09,True,False,71,0.6458333334,712,0.0005876256918961945,0.03917504612641297,0.0005876256918961945,0.0005876256918961945,0.0,6.984953935268282,2.1231714012257625,-0.00022908864467209166,-0.00022908864467209166,0.49995787342623876,0.12492513679781446,0.0,0.11126871690715022,0.11126871690715022,True,0.0056084902619917285,0.0007777654607983588,success,0.9999157468524775,0.8324274714251939,0.5,1.7834931271278974e-15,0.015,"[0.005, 0.0075, 0.01, 0.015, 0.02, 0.03, 0.05, 0.08]",0.023671321408350373,0.0011176802985741851,False,-1.1390227559715354e-18,0.000124057055500166,True,success,2.2857697809934416e-17,-6.041075451700372e-17,0.0015716146354353634,9.061613177550558e-19,0.0
0.3746540405036071,2.8240274694691045e-19,0.0007314792593986755,0.007139685967211842,2.3605965939178447e-20,1.9853788829939582e-05,typ,0.036573962969933774,1.4174981750510685e-07,True,0.019056743542962273,0.3229166667,0.44,-3.76884694166526e-17,-0.022320157690830678,4.67859021316408e-09,True,False,71,0.6458333334,712,0.000992689441496979,0.04963447207484895,0.000992689441496979,0.000992689441496979,0.0,6.951912493461108,2.1131280072463055,-0.00022908864467209166,-0.00022908864467209166,0.4999578734262388,0.12492513679781446,0.0,0.11126871690715022,0.11126871690715022,True,0.007139685967211842,0.0007777654607983588,success,0.9999157468524775,0.8324274714251939,0.5,1.7834931271278974e-15,0.02,"[0.005, 0.0075, 0.01, 0.015, 0.02, 0.03, 0.05, 0.08]",0.0271419709784536,0.0019524125735182962,False,7.53769388333052e-19,0.00027405166007829994,True,success,6.269898667506358e-17,-1.6531515564960445e-16,0.002780764997384443,3.3063031129920892e-18,0.0
0.43765564046620686,1.0134519886605193e-18,0.001853726317721484,0.009995477340524191,-1.7249894863983965e-21,6.1512874466814e-05,typ,0.061790877257382804,6.148505428835484e-07,True,0.022838680497472036,0.3229166667,0.44,-7.71879300341362e-17,-0.021829725255076454,4.67859021316408e-09,True,False,71,0.6458333334,712,0.0020504291488938,0.06834763829646,0.0020504291488938,0.0020504291488938,0.0,6.83785635923173,2.078459099680936,-0.00022908864467209166,-0.00022908864467209166,0.4999578734262388,0.12492513679781446,0.0,0.11126871690715022,0.11126871690715022,True,0.009995477340524191,0.0007777654607983588,success,0.9999157468524775,0.8324274714251939,0.5,1.7834931271278974e-15,0.03,"[0.005, 0.0075, 0.01, 0.015, 0.02, 0.03, 0.05, 0.08]",0.03318336362749751,0.004235581919490005,False,2.315637901024086e-18,0.0008112937788314594,True,success,-2.199893578596161e-18,5.752566644665893e-18,0.0061540707233085565,-1.7257699933997681e-19,0.0
0.5193550750011694,-4.461977616455147e-19,0.0057419692612253066,0.01501779589159212,-1.7622568512150918e-20,0.000243236766828274,typ,0.11483938522450612,3.6528801175578038e-06,True,0.028916239802909995,0.3229166667,0.44,1.7182763127692938e-17,-0.02006600862599222,4.67859021316408e-09,True,False,71,0.6458333334,712,0.00486473533656548,0.09729470673130959,0.004864735336565481,0.00486473533656548,0.0,6.478627585142578,1.9692666459136394,-0.00022908864467209166,-0.00022908864467209166,0.4999578734262388,0.12492513679781446,0.0,0.11126871690715022,0.11126871690715022,True,0.01501779589159212,0.0007777654607983588,success,0.9999157468524775,0.8324274714251939,0.5,1.7834931271278974e-15,0.05,"[0.005, 0.0075, 0.01, 0.015, 0.02, 0.03, 0.05, 0.08]",0.042361210198531875,0.01105596062811628,False,-8.59138156384647e-19,0.0029821208763180784,True,success,-9.220436853800596e-18,2.3468914665456478e-17,0.01619656896285645,-1.173445733272824e-18,1.782957710913753e-16
0.5891527188180598,-4.751782818948833e-18,0.01540746354191779,0.020952523630241998,-1.9097829351523395e-19,0.000758820573893332,typ,0.19259329427397237,1.589920600561383e-05,True,0.03556382404935059,0.3229166667,0.44,1.0081814670400135e-16,-0.015436264569196832,4.67859021316408e-09,True,False,71,0.6458333334,712,0.00948525717366665,0.11856571467083311,0.00948525717366665,0.00948525717366665,0.0,5.658779666030315,1.7200627612001531,-0.00022908864467209166,-0.00022908864467209166,0.49995787342623876,0.12492513679781446,0.0,0.11126871690715022,0.11126871690715022,True,0.020952523630241998,0.0007777654607983588,success,0.9999157468524775,0.8324274714251939,0.5,1.7834931271278974e-15,0.08,"[0.005, 0.0075, 0.01, 0.015, 0.02, 0.03, 0.05, 0.08]",0.04925019435086591,0.026151900941453303,False,-8.065451736320108e-18,0.009077349035810998,True,success,-4.789567410884561e-17,1.139351378892993e-16,0.03621618986259402,-9.114811031143946e-18,0.0
