K0_thermo,K1_thermo,K2_thermo,L11,L12,L22,branch,c_v_electronic,cauchy_schwarz_determinant,cauchy_schwarz_ok,charge_diffusivity_proxy,chemical_potential,disorder_full_width,dmu_dT_fixed_density,electronic_energy_density,filling_error,filling_solver_evaluations,final_residual,half_filling,ill_conditioned,index,interaction,iterations,kappa_e,kappa_e_over_T,kappa_from_variance,kappa_half_filling_formula,kappa_half_relative_difference,lorenz,lorenz_over_L0,max_imag_sigma_global,max_imag_sigma_relevant,obtained_filling,particle_density_thermo,rho_arith_zero,rho_floor_count_final,rho_typ_zero,rho_zero,scalar_diffusivities_decoupled,sigma,sigma_T0,status,sum_rule_arith_bath,sum_rule_medium,target_filling,tau_symmetry_relative_error,temperature,temperatures,thermal_diffusivity_proxy,thermodynamic_energy_variance,thermodynamic_ill_conditioned,thermodynamic_mean_energy,thermodynamic_moment_determinant,thermodynamic_moment_ok,thermodynamic_status,thermoelectric_coupling,thermopower,transport_energy_variance,transport_mean_energy,variance_identity_relative_error
,,,25.633457165027842,-0.027717775456257997,0.00834705533712395,typ,,0.21319561036204024,True,,0.20240020751953125,0.0,,,3.793046935984812e-06,20,4.167666223624325e-09,False,False,1,0.0,403,0.8317083762423846,,,0.8347055337123949,0.0035906764109736667,3.244620383773666,0.9862463332620123,9.013864796736382e-06,9.013864796736382e-06,0.750003793046936,,1.1629765260725438,0.0,1.1629765260725438,1.1629765260725438,,25.633457165027842,0.3730081497777775,success,0.9999331333802003,0.9999331333802003,0.75,0.9721789338578369,0.01,[0.01],,,,,,,,,0.10813124143891846,,,
,,,5.248824196901041,-0.0037165354228296654,0.001717428494930217,typ,,0.009000667605087912,True,,0.2031097412109375,0.08,,,-3.186755768047611e-06,19,4.089248275049895e-09,False,False,3,0.0,417,0.171479692735794,,,0.1717428494930217,0.0015322719868951762,3.2670115496921643,0.9930524315639949,-4.439680650340956e-06,-4.439680650340956e-06,0.749996813244232,,1.1604898661528253,0.0,1.1572480370243177,1.1572480370243177,,5.248824196901041,3.76533188602404,success,0.9999331309708146,0.9956809875414794,0.75,0.9227387535523218,0.01,[0.01],,,,,,,,,0.07080700902544888,,,
,,,1.53656522487087,-0.0010382997696874179,0.0005028827538304714,typ,,0.0007716340853114678,True,,0.20523834228515625,0.16,,,2.2647409251286277e-06,20,4.310087158834837e-09,False,False,5,0.0,396,0.05021811458581684,,,0.05028827538304714,0.0013951720693518637,3.268205851140297,0.9934154556730466,-1.7866906386795976e-05,-1.7866906386795976e-05,0.7500022647409251,,1.1529741084712208,0.0,1.1400363061060632,1.1400363061060632,,1.53656522487087,1.543460967743964,success,0.9999331695408942,0.982925287496508,0.75,0.9655070313906238,0.01,[0.01],,,,,,,,,0.06757277549182297,,,
,,,0.7363600899875903,-0.00043756786570910323,0.00024111357582131367,arith,,0.00017735494875191097,True,,0.2100677490234375,0.24,,,-8.323063443005374e-06,19,4.861195543453788e-09,False,False,6,0.0,725,0.02408535595063278,,,0.024111357582131367,0.0010783976559601415,3.270866560820629,0.9942242144354662,-8.906830460501947e-08,-8.906830460501947e-08,0.749991676936557,,1.1208231919210851,0.0,1.0915514350355844,1.1208231919210851,,0.7363600899875903,0.7374416572277203,success,0.9999362189104771,0.9999362189104771,0.75,0.9650698687151715,0.01,[0.01],,,,,,,,,0.059423082763281954,,,
,,,0.6955743223347334,-0.0004785787858887427,0.00022764899008248597,typ,,0.00015811775435250886,True,,0.20870590209960938,0.24,,,2.951331958711556e-06,21,4.715654932002463e-09,False,False,7,0.0,370,0.022731971160433,,,0.022764899008248598,0.001446430656409524,3.2680865912548196,0.9933792050147737,-4.126219857398562e-05,-4.126219857398562e-05,0.7500029513319587,,1.1406166090703989,0.0,1.1115895110662337,1.1115895110662337,,0.6955743223347334,0.6968294426399144,success,0.9999332274053687,0.9616681936082937,0.75,0.9712553995182789,0.01,[0.01],,,,,,,,,0.06880340037314298,,,
,,,0.42821750958726496,-0.00023718192545501128,0.00014025598990716434,arith,,6.000381543697994e-05,True,,0.21595001220703125,0.32,,,5.9951126135660004e-06,20,4.822626718097954e-09,False,False,8,0.0,624,0.014012461913295951,,,0.014025598990716434,0.0009366500089713489,3.27227672843219,0.9946528539900785,-1.5803664478756738e-07,-1.5803664478756738e-07,0.7500059951126136,,1.0910224468489635,0.0,1.0394251680042434,1.0910224468489635,,0.42821750958726496,0.4288078002434635,success,0.9999366327372999,0.9999366327372999,0.75,0.9672478244658544,0.01,[0.01],,,,,,,,,0.05538818944690463,,,
,,,0.38626508776762325,-0.00027680309643538843,0.00012641189257589836,typ,,4.875188082650452e-05,True,,0.213409423828125,0.32,,,-4.509081674153315e-06,18,4.2523626842129135e-09,False,False,9,0.0,405,0.01262135315108613,,,0.012641189257589835,0.001569164585665543,3.267536609127648,0.9932120304944523,-7.66570252503791e-05,-7.66570252503791e-05,0.7499954909183258,,1.1237370114670686,0.0,1.0722613715886364,1.0722613715886364,,0.38626508776762325,0.3869746518127378,success,0.9999333106943361,0.9319137319944925,0.75,0.9770383018540502,0.01,[0.01],,,,,,,,,0.07166143283493251,,,
,,,0.282339397727125,-0.00014401876483803125,9.25045715335244e-05,arith,,2.609694360915556e-05,True,,0.22335433959960938,0.4,,,4.889719374956414e-07,21,4.802647723965841e-09,False,False,10,0.0,545,0.009243110886840418,,,0.00925045715335244,0.0007941517257187946,3.2737588027915563,0.9951033505750894,-2.4633238600009575e-07,-2.4633238600009575e-07,0.7500004889719375,,1.0560393540273838,0.0,0.9770231082446499,1.0560393540273838,,0.282339397727125,0.2827012132106676,success,0.999936038934424,0.999936038934424,0.75,0.9700279335218543,0.01,[0.01],,,,,,,,,0.051009092601813334,,,
,,,0.2394952686462163,-0.00018156471443322522,7.837259932146867e-05,typ,,1.8736900983470192e-05,True,,0.21924591064453125,0.4,,,2.5812146335901787e-06,20,4.395829447572602e-09,False,False,11,0.0,358,0.007823495257081025,,,0.007837259932146868,0.0017563121786203634,3.2666596301899946,0.9929454608624749,-0.000127312262190096,-0.000127312262190096,0.7500025812146336,,1.1027979750088366,0.0,1.0224382575797337,1.0224382575797337,,0.2394952686462163,0.23993470431173164,success,0.9999333977863515,0.8936684828087181,0.75,0.9831718184076124,0.01,[0.01],,,,,,,,,0.07581139930636106,,,
,,,0.20176051384812202,-9.367531658206518e-05,6.612539049722233e-05,arith,,1.3332717700190553e-05,True,,0.23220062255859375,0.48,,,1.0174960443087855e-06,20,4.812824714617776e-09,False,False,12,0.0,556,0.006608189801809753,,,0.006612539049722233,0.0006577273691356145,3.275264161343362,0.9955609247059146,-3.5369435954276524e-07,-3.5369435954276524e-07,0.7500010174960443,,1.0175752216003742,0.0,0.9075568944375595,1.0175752216003742,,0.20176051384812202,0.20199868164373225,success,0.9999359636510752,0.9999359636510752,0.75,0.9732779598776221,0.01,[0.01],,,,,,,,,0.04642896411960001,,,
,,,0.1581336606826934,-0.00012862584957796136,5.174200808990298e-05,typ,,8.165608541150243e-06,True,,0.22606658935546875,0.48,,,7.977874813880348e-06,20,4.085112434671396e-09,False,False,13,0.0,337,0.005163738388081159,,,0.005174200808990298,0.002022036116371771,3.2654264536647717,0.9925706201469483,-0.000198521685522012,-0.000198521685522012,0.7500079778748139,,1.0784689700543193,0.0,0.9626016580426814,0.9626016580426814,,0.1581336606826934,0.1583883858492018,success,0.9999335005428753,0.8469430535962207,0.75,0.9893147141514633,0.01,[0.01],,,,,,,,,0.08133995572015397,,,
,,,0.15237322807727624,-6.372678196673058e-05,4.9955509148098437e-05,arith,,7.607821086399827e-06,True,,0.24236297607421875,0.56,,,3.5217288169020478e-06,20,4.834506836937536e-09,False,False,14,0.0,519,0.0049928856810341465,,,0.004995550914809844,0.0005335214916529027,3.2767473289349747,0.996011753593681,-4.79830506200981e-07,-4.79830506200981e-07,0.7500035217288169,,0.9771700141984492,0.0,0.8343860346018007,0.9771700141984492,,0.15237322807727624,0.15253745052472714,success,0.9999356387765508,0.9999356387765508,0.75,0.9767143314510967,0.01,[0.01],,,,,,,,,0.041822820695517106,,,
,,,0.10803014025038338,-9.568685525519294e-05,3.534293668235154e-05,typ,,3.8089464323862288e-06,True,,0.233734130859375,0.56,,,9.410777321861019e-06,18,4.44844052817767e-09,False,False,15,0.0,337,0.0035258182795636158,,,0.0035342936682351543,0.0023980431359487686,3.263735723559892,0.99205669982061,-0.0002995122555271469,-0.0002995122555271469,0.7500094107773219,,1.051547265480527,0.0,0.8933265751318019,0.8933265751318019,,0.10803014025038338,0.10822109566444975,success,0.9999336556299322,0.79175511143958,0.75,0.9945788721666783,0.01,[0.01],,,,,,,,,0.08857422107702333,,,
,,,0.11974755302738314,-4.4714864651846506e-05,3.927205864759439e-05,arith,,4.7007335062764766e-06,True,,0.253692626953125,0.64,,,-9.499976627247442e-06,18,4.786617928987446e-09,False,False,16,0.0,575,0.003925536169579634,,,0.003927205864759439,0.00042516110367125893,3.278176522473044,0.9964461763364746,-6.24432143217328e-07,-6.24432143217328e-07,0.7499905000233728,,0.9360901375203416,0.0,0.7605820392840159,0.9360901375203416,,0.11974755302738314,0.11986434789966117,success,0.9999357183294386,0.9999357183294386,0.75,0.9801402865604342,0.01,[0.01],,,,,,,,,0.037340942275138914,,,
,,,0.07478060358465087,-7.336703522580989e-05,2.4460952238942797e-05,typ,,1.823822050825634e-06,True,,0.2421112060546875,0.64,,,-2.6462594555631824e-06,19,4.2813979072587505e-09,False,False,17,0.0,281,0.002438897205157065,,,0.0024460952238942795,0.0029426567972095827,3.26140347663316,0.9913477817631219,-0.00044559869990568274,-0.00044559869990568274,0.7499973537405444,,1.0228189858380503,0.0,0.8151066239079746,0.8151066239079746,,0.07478060358465087,0.07491411635038316,success,0.9999338827552829,0.7281372146738432,0.75,0.9983221553414666,0.01,[0.01],,,,,,,,,0.0981097125576944,,,
,,,0.09693788414541434,-3.2095424650517065e-05,3.180166520338202e-05,arith,,3.0817560208332034e-06,True,,0.2660980224609375,0.72,,,5.802064618753988e-07,19,4.784001833571479e-09,False,False,18,0.0,498,0.0031791038642955427,,,0.0031801665203382017,0.0003341510690911914,3.2795267735848666,0.9968566034590672,-7.871669617603126e-07,-7.871669617603126e-07,0.7500005802064619,,0.895266382767156,0.0,0.6885590323394948,0.895266382767156,,0.09693788414541434,0.0970227150620681,success,0.9999354000031693,0.9999354000031693,0.75,0.9834274816507607,0.01,[0.01],,,,,,,,,0.03310926882040405,,,
,,,0.051502667651186156,-5.7168083851999846e-05,1.684355483907931e-05,typ,,8.642198171303208e-07,True,,0.25110626220703125,0.72,,,-3.7657465574714166e-06,20,4.469842820438527e-09,False,False,19,0.0,188,0.0016780098129740605,,,0.001684355483907931,0.0037674178607165314,3.2581027148705655,0.9903444704969995,-0.000664751656599351,-0.000664751656599351,0.7499962342534425,,0.9930369973852738,0.0,0.728455289529892,0.728455289529892,,0.051502667651186156,0.051598223540775236,success,0.9999335515005738,0.6561676274569641,0.75,0.9998837139242649,0.01,[0.01],,,,,,,,,0.11100023835499949,,,
,,,0.08028130701301178,-2.343900416309503e-05,2.634540976406547e-05,arith,,2.1144945427363805e-06,True,,0.2794189453125,0.8,,,4.270504650794038e-06,16,4.736180546690711e-09,False,False,20,0.0,595,0.002633856649087276,,,0.0026345409764065466,0.0002597520119819812,3.2807844653804494,0.9972388959232245,-9.677173435757545e-07,-9.677173435757545e-07,0.7500042705046508,,0.855408079426377,0.0,0.6201400418709886,0.855408079426377,,0.08028130701301178,0.08034381411456824,success,0.9999363258221035,0.9999363258221035,0.75,0.9863453705572063,0.01,[0.01],,,,,,,,,0.029196091886366644,,,
,,,0.034618264281898924,-4.46987270144827e-05,1.1319834052813003e-05,typ,,3.8987503067080427e-07,True,,0.2606048583984375,0.8,,,-4.925205838390845e-06,19,4.391284831152042e-09,False,False,21,0.0,178,0.0011262119541754748,,,0.0011319834052813003,0.005098529783121103,3.253230563510212,0.9888635140688526,-0.001011194438898426,-0.001011194438898426,0.7499950747941616,,0.962852060869399,0.0,0.6338659053841719,0.6338659053841719,,0.034618264281898924,0.034684381264990585,success,0.999941478329737,0.5761610079061995,0.75,0.9999854584862286,0.01,[0.01],,,,,,,,,0.12911891436987674,,,
,,,0.06769074141519621,-1.7358729273816244e-05,2.2220136670480526e-05,arith,,1.5037962000898146e-06,True,,0.29354095458984375,0.88,,,5.220404141526025e-06,20,4.792031053519005e-09,False,False,22,0.0,417,0.0022215685168314914,,,0.0022220136670480528,0.00020033639898927975,3.2819385197822064,0.9975896863971454,-1.1657622751886287e-06,-1.1657622751886287e-06,0.7500052204041415,,0.8169774174454202,0.0,0.556449662551655,0.8169774174454202,,0.06769074141519621,0.06773727200578417,success,0.9999358570918987,0.9999358570918987,0.75,0.9888901517639683,0.01,[0.01],,,,,,,,,0.025644170695874963,,,
,,,0.022144924383660954,-3.4592081509332985e-05,7.241206726727369e-06,typ,,1.5915936330668627e-07,True,,0.27051544189453125,0.88,,,-1.1991501254193793e-06,20,4.355338162949359e-09,False,False,23,0.0,153,0.0007187171224848155,,,0.0007241206726727368,0.007462223344593622,3.2455162638311013,0.986518648145475,-0.0015971770497880341,-0.0015971770497880341,0.7499988008498746,,0.9327944468845474,0.0,0.5317380623875118,0.5317380623875118,,0.022144924383660954,0.022187413970434094,success,0.9999782502193805,0.48917584949076787,0.75,0.9999919323523153,0.01,[0.01],,,,,,,,,0.15620772015304707,,,
,,,0.05790730650187795,-1.300963934663399e-05,1.9013792041561056e-05,arith,,1.1008682327977143e-06,True,,0.308349609375,0.96,,,-5.362737353076241e-07,15,4.674720805959953e-09,False,False,24,0.0,564,0.0019010869254677092,,,0.0019013792041561056,0.00015371930425952496,3.282982822566711,0.9979071163797664,-1.3809940429441395e-06,-1.3809940429441395e-06,0.7499994637262647,,0.7802684825997209,0.0,0.4980830654162873,0.7802684825997209,,0.05790730650187795,0.057942210770890235,success,0.9999354456269866,0.9999354456269866,0.75,0.9909936734483265,0.01,[0.01],,,,,,,,,0.022466317521109506,,,
,,,0.012943913116154504,-2.598477913661665e-05,4.235529618378329e-06,typ,,5.414911863440939e-08,True,,0.2808723449707031,0.96,,,-1.9634123769041167e-06,21,4.271177377232386e-09,False,False,25,0.0,132,0.0004183365428096793,,,0.0004235529618378329,0.012315860112320071,3.2319171108123332,0.9823850013042904,-0.0026806505893173117,-0.0026806505893173117,0.7499980365876231,,0.9033108791997635,0.0,0.42219587601899194,0.42219587601899194,,0.012943913116154504,0.012966232287590996,success,0.9999129402619883,0.3972737084797209,0.75,0.9999933526886094,0.01,[0.01],,,,,,,,,0.2007490231388114,,,
,,,0.050131824644107294,-9.85549084645023e-06,1.646479919012263e-05,arith,,8.253132950998431e-07,True,,0.3237762451171875,1.04,,,8.467323562855178e-06,19,4.683831033305206e-09,False,False,26,0.0,413,0.0016462861684346328,,,0.001646479919012263,0.00011767563964359841,3.2839143201386434,0.9981902576894108,-1.6130979644967845e-06,-1.6130979644967845e-06,0.7500084673235629,,0.7454344892704994,0.0,0.44520039279606416,0.7454344892704994,,0.050131824644107294,0.05015817646924639,success,0.9999356114984087,0.9999356114984087,0.75,0.9927274702229536,0.01,[0.01],,,,,,,,,0.01965915048258409,,,
,,,0.006404103671420214,-1.8214802331908684e-05,2.1038920829237e-06,typ,,1.3141763988533083e-08,True,,0.2913665771484375,1.04,,,-7.957742831132819e-06,19,4.384353983935022e-09,False,False,27,0.0,164,0.000205208482916684,,,0.00021038920829237,0.024624482490026505,3.2043279347970905,0.9739988973955469,-0.004949977957371279,-0.004949977957371279,0.7499920422571689,,0.8746998226186005,0.0,0.3057106332004875,0.3057106332004875,,0.006404103671420214,0.006407749921515741,success,0.9999306577787345,0.3035127538479238,0.75,0.9999930132641581,0.01,[0.01],,,,,,,,,0.28442391420358215,,,
,,,0.043838011518731665,-7.539123207299382e-06,1.4400927504930668e-05,arith,,6.312511874628355e-07,True,,0.3397064208984375,1.12,,,7.055011498890984e-06,19,4.7465912755163214e-09,False,False,28,0.0,398,0.0014399630950256636,,,0.0014400927504930668,9.003272001668413e-05,3.2847363398551455,0.9984401217213709,-1.8618033535606777e-06,-1.8618033535606777e-06,0.7500070550114989,,0.7125530017076982,0.0,0.3977262498482287,0.7125530017076982,,0.043838011518731665,0.043858019318224,success,0.9999357290864286,0.9999357290864286,0.75,0.9941366215082683,0.01,[0.01],,,,,,,,,0.01719768517346634,,,
,,,0.002202182000666335,-1.0644120195637636e-05,7.432942933335517e-07,typ,,1.5235720192379696e-09,True,,0.3021697998046875,1.12,,,9.5925952975362e-06,19,4.411076778851786e-09,False,False,29,0.0,162,6.918465498205726e-05,,,7.432942933335518e-05,0.06921584623264705,3.1416411069168397,0.9549443865967153,-0.01066216417266948,-0.01066216417266948,0.7500095925952975,,0.8471624064567398,0.0,0.1825807538652046,0.1825807538652046,,0.002202182000666335,0.002185510459343076,success,0.9999605816529266,0.21205608883920782,0.75,0.9999910261852852,0.01,[0.01],,,,,,,,,0.4833442554891895,,,
,,,0.03866435835738648,-5.820432523046204e-06,1.270387383157462e-05,arith,,4.911532529162703e-07,True,,0.35607147216796875,1.2,,,-1.2618066757008606e-06,20,4.70339959488202e-09,False,False,30,0.0,346,0.0012702997638713944,,,0.001270387383157462,6.897052602152816e-05,3.2854541439162794,0.998658307992663,-2.1268368136718226e-06,-2.1268368136718226e-06,0.7499987381933243,,0.6816222909669906,0.0,0.3553745434328233,0.6816222909669906,,0.03866435835738648,0.038679632924274204,success,0.9999354635592779,0.9999354635592779,0.75,0.9952486946672113,0.01,[0.01],,,,,,,,,0.015053741405058807,,,
,,,0.0002848673191176464,-2.900160927230886e-06,1.2313676057327158e-07,typ,,2.6666705465502663e-11,True,,0.3134765625,1.2,,,-1.9421989316814603e-07,13,4.395187561820865e-09,False,False,31,0.0,278,9.361096789937377e-06,,,1.2313676057327157e-05,0.23978048907928443,3.286125210477854,0.9988622877676275,-0.02982059995037078,-0.02982059995037078,0.7499998057801068,,0.8197395611455008,0.0,0.06322825554170558,0.06322825554170558,,0.0002848673191176464,0.0002539046032946791,success,0.9998925253996268,0.12858264638238642,0.75,0.9999845786894328,0.01,[0.01],,,,,,,,,1.018074286728959,,,
,,,0.0343552092888984,-4.534068125761506e-06,1.128997689426325e-05,arith,,3.878489612954721e-07,True,,0.3728485107421875,1.28,,,9.812858822288995e-06,19,4.659845303136897e-09,False,False,32,0.0,369,0.0011289378505425149,,,0.001128997689426325,5.3001777036791156e-05,3.2860747290144485,0.9988469432427548,-2.407905103350076e-06,-2.407905103350076e-06,0.7500098128588223,,0.6525898241062716,0.0,0.3177418354163498,0.6525898241062716,,0.0343552092888984,0.034366937428721725,success,0.9999354249746683,0.9999354249746683,0.75,0.9961514059748388,0.01,[0.01],,,,,,,,,0.013197614625583585,,,
,,,1.8559318967244435e-05,-1.5290379677638085e-07,8.395134209928276e-09,typ,,1.3242840250625172e-13,True,,0.3258705139160156,1.28,,,3.7617045881566114e-06,21,4.396081725353067e-09,False,False,33,0.0,111,7.13541282091095e-07,,,8.395134209928276e-07,0.15005375227087508,3.8446522922011983,1.1686341628171575,-0.13183189693296657,-0.13183189693296657,0.7500037617045882,,1.1080386937263222,0.0,0.016982458621509853,0.016982458621509853,,1.8559318967244435e-05,1.806803450119576e-05,success,1.0002824694455081,0.06139244822022552,0.75,0.9999580034004009,0.01,[0.01],,,,,,,,,0.8238653425066006,,,
,,,0.030726655591486747,-3.561464931241091e-06,1.009906309489987e-05,arith,,3.102977494812261e-07,True,,0.389923095703125,1.36,,,-1.099464079334922e-06,18,4.700391799297076e-09,False,False,34,0.0,384,0.0010098650292653343,,,0.0010099063094899871,4.08753012679735e-05,3.286609003894103,0.9990093433323457,-2.7048143879613304e-06,-2.7048143879613304e-06,0.7499989005359207,,0.6253921211143075,0.0,0.2844297121269833,0.6253921211143075,,0.030726655591486747,0.030735710918547064,success,0.9999354008917408,0.9999354008917408,0.75,0.9968621870546291,0.01,[0.01],,,,,,,,,0.011590799137371283,,,
,,,4.402242898642142e-06,-1.9700514288483384e-08,1.6018837108978438e-09,typ,,6.663770927519817e-15,True,,0.3423728942871094,1.36,,,7.557107003508534e-06,21,4.477593346690016e-09,False,False,35,0.0,93,1.5137217734112846e-07,,,1.6018837108978438e-07,0.05503641549432145,3.4385239712197326,1.0451859562396053,-0.9539065008928516,-0.9539065008928516,0.7500075571070035,,0.23635588806517677,0.0,0.007861482219618753,0.007861482219618753,,4.402242898642142e-06,3.863592606500032e-06,success,0.9999462421399212,0.022632302550795534,0.75,0.9996692717797356,0.01,[0.01],,,,,,,,,0.4475108425879895,,,
,,,0.02764076137413307,-2.8209246257341207e-06,9.085987269347838e-06,arith,,2.511356483447105e-07,True,,0.407318115234375,1.44,,,8.539254588435519e-06,18,4.667308457012421e-09,False,False,36,0.0,372,0.0009085699375116693,,,0.0009085987269347838,3.1685519978190055e-05,3.287065523317792,0.9991481085974373,-3.0172639536373913e-06,-3.0172639536373913e-06,0.7500085392545884,,0.599925621378494,0.0,0.25496867378259797,0.599925621378494,,0.02764076137413307,0.02764779566678019,success,0.9999353187537947,0.9999353187537947,0.75,0.9974357572956951,0.01,[0.01],,,,,,,,,0.010205669039109804,,,
,,,1.8924429186494031e-06,-5.921098060088116e-09,6.514724118948097e-10,typ,,1.1978149503486005e-15,True,,0.3613128662109375,1.44,,,-4.696896365175007e-06,19,4.27527907437305e-09,False,False,37,0.0,94,6.329464093973603e-08,,,6.514724118948097e-08,0.028437125132538547,3.344599740155338,1.0166364134471826,-3.849031325332461,-3.849031325332461,0.7499953031036348,,0.16532751883952113,0.0,0.0052356712758587455,0.0052356712758587455,,1.8924429186494031e-06,1.7133446084375558e-06,success,1.0000060130296853,0.011083609285449911,0.75,0.9989300423500164,0.01,[0.01],,,,,,,,,0.31288119719425295,,,
,,,0.02499441054029046,-2.2517758188099134e-06,8.217003204745784e-06,arith,,2.0537408101596032e-07,True,,0.4249420166015625,1.52,,,5.670416285186164e-06,19,4.581471913513163e-09,False,False,38,0.0,326,0.0008216800339615999,,,0.0008217003204745784,2.4688456938611106e-05,3.2874551397684257,0.9992665377972716,-3.345086477605651e-06,-3.345086477605651e-06,0.7500056704162852,,0.5760954142384789,0.0,0.22895465415508534,0.5760954142384789,,0.02499441054029046,0.024999907384915733,success,0.9999351485532414,0.9999351485532414,0.75,0.9978868043216929,0.01,[0.01],,,,,,,,,0.00900911751921534,,,
,,,1.0227645117766128e-06,-2.4918628918170354e-09,3.45050266936117e-10,typ,,3.466957871296929e-16,True,,0.3809165954589844,1.52,,,6.123391941392775e-06,21,3.831508735604064e-09,False,False,39,0.0,47,3.3897909356226903e-08,,,3.45050266936117e-08,0.01759504036254521,3.3143415679669883,1.0074390319842508,-8.070741207571654,-8.070741207571654,0.7500061233919414,,0.12665348130518939,0.0,0.0038819947217009474,0.0038819947217009474,,1.0227645117766128e-06,9.418844092282393e-07,success,1.0001585641690685,0.007540573620689663,0.75,0.9972927174437728,0.01,[0.01],,,,,,,,,0.24363994478929432,,,
,,,0.022707558501202076,-1.8112016556992125e-06,7.46590508182172e-06,arith,,1.6952919595845097e-07,True,,0.4427947998046875,1.6,,,8.57570597367907e-06,19,4.545610752553187e-09,False,False,40,0.0,322,0.0007465760616645622,,,0.000746590508182172,1.9349988315492607e-05,3.287786582714476,0.9993672843720827,-3.6880334206607253e-06,-3.6880334206607253e-06,0.7500085757059737,,0.553791374851307,0.0,0.20597779940325375,0.553791374851307,,0.022707558501202076,0.02271188059763547,success,0.9999350103930289,0.9999350103930289,0.75,0.9982495517965029,0.01,[0.01],,,,,,,,,0.007976206053166537,,,
,,,6.248330032862387e-07,-1.255506189327205e-09,2.0884871070433018e-10,typ,,1.2891927135040653e-16,True,,0.4008522033691406,1.6,,,1.5169947275017748e-06,21,3.3777247551451995e-09,False,False,41,0.0,36,2.063259633732056e-08,,,2.0884871070433016e-08,0.012079305266557596,3.3020977171189334,1.0037173476034553,-12.98997143986782,-12.98997143986782,0.7500015169947275,,0.10203753049615133,0.0,0.0030505778753117043,0.0030505778753117043,,6.248330032862387e-07,5.816318994824489e-07,success,1.000061979965638,0.005865734996386678,0.75,0.995303118360823,0.01,[0.01],,,,,,,,,0.20093467898206588,,,
,,,0.02071804451718721,-1.4673831715698158e-06,6.812338905419408e-06,arith,,1.411361874952735e-07,True,,0.4608306884765625,1.68,,,7.578018162979205e-06,19,4.575386252647119e-09,False,False,42,0.0,315,0.0006812234976046614,,,0.0006812338905419408,1.525604850806103e-05,3.2880685097453775,0.9994529799134978,-4.045928040715611e-06,-4.045928040715611e-06,0.750007578018163,,0.532909583216632,0.0,0.18567939781410617,0.532909583216632,,0.02071804451718721,0.02072146379386975,success,0.9999348237940153,0.9999348237940153,0.75,0.9985423480570296,0.01,[0.01],,,,,,,,,0.00708263354851134,,,
,,,4.107744327714555e-07,-7.058744099242019e-10,1.3661765408759304e-10,typ,,5.56207806818121e-17,True,,0.42203235626220703,1.68,,,1.1334681235819488e-06,23,2.8420136729800987e-09,False,False,43,0.0,20,1.3540468014658085e-08,,,1.3661765408759303e-08,0.008878603201856175,3.296326872951136,1.0019632213183651,-18.385037123995282,-18.385037123995282,0.7500011334681236,,0.09615847175676794,0.0,0.002491000255822075,0.002491000255822075,,4.107744327714555e-07,3.878197434141045e-07,success,0.9979029622894189,0.00487156094837608,0.75,0.9933486085219924,0.01,[0.01],,,,,,,,,0.17183990862375131,,,
,,,0.01897665768198602,-1.196953751115691e-06,6.24018601652372e-06,arith,,1.1841644120920428e-07,True,,0.47900390625,1.76,,,-9.496564712274669e-06,14,4.558890274335487e-09,False,False,44,0.0,433,0.0006240110518598515,,,0.000624018601652372,1.2098665809704475e-05,3.288308522591978,0.9995259350706186,-4.418620805232481e-06,-4.418620805232481e-06,0.7499905034352877,,0.5133485214260965,0.0,0.16773562894586652,0.5133485214260965,,0.01897665768198602,0.018979378964231228,success,0.9999344747221485,0.9999344747221485,0.75,0.9987781222457184,0.01,[0.01],,,,,,,,,0.006307505627041603,,,
,,,2.902615405683985e-07,-4.370566708816266e-10,9.629299732595211e-11,typ,,2.775913521621741e-17,True,,0.4399394989013672,1.76,,,8.495524718044045e-06,22,2.692252022609909e-09,False,False,45,0.0,21,9.563490623614369e-09,,,9.629299732595212e-09,0.006834256987356919,3.294783940334247,1.0014942260412945,-24.142779388681593,-24.142779388681593,0.750008495524718,,0.06739349651384616,0.0,0.002088670561492278,0.002088670561492278,,2.902615405683985e-07,2.726600209298619e-07,success,1.0012783288209806,0.004203587033056406,0.75,0.9906888475915885,0.01,[0.01],,,,,,,,,0.15057340012244466,,,
,,,0.017443716900876406,-9.830276292969572e-07,5.736443533755231e-06,arith,,1.0006393067736934e-07,True,,0.4973602294921875,1.84,,,-7.5308141623819935e-06,19,4.513671800533711e-09,False,False,46,0.0,296,0.0005736388135967852,,,0.0005736443533755231,9.657165986637493e-06,3.2885125163202145,0.9995879417286202,-4.805826760976716e-06,-4.805826760976716e-06,0.7499924691858376,,0.49500571803124704,0.0,0.1518415350610045,0.49500571803124704,,0.017443716900876406,0.017445896258185007,success,0.9999346479509116,0.9999346479509116,0.75,0.9989701241613392,0.01,[0.01],,,,,,,,,0.005635425264483442,,,
,,,2.1098806723308546e-07,-2.833310017997804e-10,6.988560524915901e-11,typ,,1.466475232235356e-17,True,,0.4604988098144531,1.84,,,2.23411691957498e-06,21,2.522535973216829e-09,False,False,47,0.0,22,6.9505126591604486e-09,,,6.9885605249159e-09,0.005444306537777278,3.294268131041737,1.001337438817142,-30.19918805836196,-30.19918805836196,0.7500022341169196,,0.06003754917713645,0.0,0.0017857600600207028,0.0017857600600207028,,2.1098806723308546e-07,1.9930918094620136e-07,success,0.9997564787385631,0.003718882015027981,0.75,0.9885787666739303,0.01,[0.01],,,,,,,,,0.1342876900648487,,,
,,,0.016087484608637508,-8.124879241669072e-07,5.290710155806529e-06,arith,,8.511355806367278e-08,True,,0.5158538818359375,1.92,,,-3.2116368546830643e-06,19,4.629569862209051e-09,False,False,48,0.0,289,0.0005290669121633507,,,0.0005290710155806529,7.75589132892723e-06,3.28868636106909,0.9996407841957985,-5.2074167834304875e-06,-5.2074167834304875e-06,0.7499967883631453,,0.47779126374941805,0.0,0.13774747972226892,0.47779126374941805,,0.016087484608637508,0.01608924044291685,success,0.9999343950180642,0.9999343950180642,0.75,0.999127017326531,0.01,[0.01],,,,,,,,,0.005050434818944135,,,
,,,1.5895522832350212e-07,-1.9310710654909122e-10,5.260996143556242e-11,typ,,8.325338077480704e-18,True,,0.4801483154296875,1.92,,,9.315568435308563e-06,19,2.2840810386412495e-09,False,False,49,0.0,27,5.237536484510696e-09,,,5.260996143556242e-09,0.0044591667443587505,3.294975912243276,1.0015525785044412,-36.5044339082252,-36.5044339082252,0.7500093155684353,,0.05120289041650593,0.0,0.0015515512463816596,0.0015515512463816596,,1.5895522832350212e-07,1.5045722542987026e-07,success,0.9991329675279534,0.0033483153712874944,0.75,0.9866628604115625,0.01,[0.01],,,,,,,,,0.12148521856486781,,,
,,,0.014881975194093558,-6.755935454991736e-07,4.894466525011475e-06,arith,,7.283887298690335e-08,True,,0.5344619750976562,2.0,,,9.46306522031648e-09,20,4.525484418125777e-09,False,False,50,0.0,259,0.0004894435855249379,,,0.0004894466525011474,6.266211432629497e-06,3.2888348431006054,0.9996859173213467,-5.623244546839874e-06,-5.623244546839874e-06,0.7500000094630652,,0.46161953580711135,0.0,0.12522988295457962,0.46161953580711135,,0.014881975194093558,0.014883397997070277,success,0.9999346535146939,0.9999346535146939,0.75,0.9992552319643234,0.01,[0.01],,,,,,,,,0.0045396765999671,,,
,,,1.2275767516674072e-07,-1.3632554124645527e-10,4.061593359903516e-11,typ,,4.967332930148129e-18,True,,0.4999523162841797,2.0,,,-9.674377245971755e-07,22,2.312200521404524e-09,False,False,51,0.0,14,4.0464540595128114e-09,,,4.061593359903516e-09,0.0037274288805377942,3.2962941453693606,1.0019532733263954,-43.02638846751835,-43.02638846751835,0.7499990325622754,,0.04469490538609375,0.0,0.0013648682308745777,0.0013648682308745777,,1.2275767516674072e-07,1.1642923806714762e-07,success,1.0005135865157053,0.0030541149929898055,0.75,0.9846313639602943,0.01,[0.01],,,,,,,,,0.11105256030735793,,,
,,,0.013805803273681076,-5.649732650187246e-07,4.5406993470717825e-06,arith,,6.268768271581495e-08,True,,0.55316162109375,2.08,,,-2.8983139849225736e-06,17,4.625438573474673e-09,False,False,52,0.0,320,0.0004540676226737249,,,0.0004540699347071782,5.091800351849974e-06,3.2889619942603723,0.9997245666393739,-6.053182267285145e-06,-6.053182267285145e-06,0.7499971016860151,,0.4464110621962901,0.0,0.11409335457627427,0.4464110621962901,,0.013805803273681076,0.013806962465401307,success,0.999934169971026,0.999934169971026,0.75,0.9993617855931606,0.01,[0.01],,,,,,,,,0.004092288248781372,,,
,,,9.717177029409827e-08,-1.0008742438742645e-10,3.215492862423055e-11,typ,,3.1145338455763477e-18,True,,0.5184831619262695,2.08,,,2.019459630631104e-06,23,1.950555773931823e-09,False,False,53,0.0,10,3.2051838061094876e-09,,,3.215492862423055e-09,0.003206057906096262,3.2984721760329547,1.0026153152609294,-49.73323736033486,-49.73323736033486,0.7500020194596306,,0.037860432955967076,0.0,0.0012143779926591198,0.0012143779926591198,,9.717177029409827e-08,9.2169716106252e-08,success,1.0018593164156115,0.0028137799618399013,0.75,0.9849745033578375,0.01,[0.01],,,,,,,,,0.10300051556589297,,,
,,,0.012841170015416943,-4.750987561582709e-07,4.223569600364136e-06,arith,,5.423534959139436e-08,True,,0.5719757080078125,2.16,,,3.846096217952066e-06,19,4.499455442240109e-09,False,False,54,0.0,268,0.0004223552022617884,,,0.00042235696003641357,4.1618223244878645e-06,3.289071025106857,0.999757708042632,-6.4970108439329046e-06,-6.4970108439329046e-06,0.750003846096218,,0.4320909390679306,0.0,0.10416278899694285,0.4320909390679306,,0.012841170015416943,0.012842119041408452,success,0.9999341703014948,0.9999341703014948,0.75,0.9994512546816393,0.01,[0.01],,,,,,,,,0.003699808939433661,,,
,,,7.721379997850765e-08,-7.261474444571038e-11,2.5532910228731535e-11,typ,,1.9662201221595526e-18,True,,0.5415859222412109,2.16,,,-2.909225016112238e-06,22,1.8861626271950363e-09,False,False,55,0.0,12,2.5464620608062906e-09,,,2.5532910228731535e-09,0.0026745725440958505,3.297936458916793,1.0024524767840086,-56.60035615168606,-56.60035615168606,0.7499970907749839,,0.04010748325707939,0.0,0.0010869220039192921,0.0010869220039192921,,7.721379997850765e-08,7.383752551530411e-08,success,0.9989997764289885,0.0026130007414366936,0.75,0.979873838801103,0.01,[0.01],,,,,,,,,0.09404373889890484,,,
,,,0.011973356218973134,-4.015449952059915e-07,3.938247909027334e-06,arith,,4.715388385502719e-08,True,,0.5908355712890625,2.24,,,-5.648784422884745e-06,19,4.590181595918921e-09,False,False,56,0.0,263,0.0003938234442595681,,,0.00039382479090273336,3.4193966361651544e-06,3.2891650182052583,0.9997862785185847,-6.954737820116948e-06,-6.954737820116948e-06,0.7499943512155771,,0.418593442536349,0.0,0.0952957759969946,0.418593442536349,,0.011973356218973134,0.011974135352819252,success,0.9999340670369136,0.9999340670369136,0.75,0.9995269409587625,0.01,[0.01],,,,,,,,,0.0033536544629792116,,,
,,,6.322939945695027e-08,-5.619026989966919e-11,2.0934811194081766e-11,typ,,1.3205381931150325e-18,True,,0.5593156814575195,2.24,,,8.925449039631772e-06,23,1.494035954341345e-09,False,False,57,0.0,9,2.088487640965372e-09,,,2.0934811194081764e-09,0.0023852512432575557,3.3030325432512107,1.0040015006741216,-63.6304522491376,-63.6304522491376,0.7500089254490396,,0.031469702534834845,0.0,0.0009817241655360456,0.0009817241655360456,,6.322939945695027e-08,6.023643585918628e-08,success,1.0004640243332938,0.0024422710127547753,0.75,0.978245654875406,0.01,[0.01],,,,,,,,,0.0888673154928924,,,
,,,0.011189845234685775,-3.4108484735654395e-07,3.680626013599618e-06,arith,,4.118551912006509e-08,True,,0.6097869873046875,2.32,,,-8.481491925005358e-06,19,4.5004366685114675e-09,False,False,58,0.0,257,0.0003680615616773687,,,0.00036806260135996183,2.8247439138585418e-06,3.28924622242735,0.999810961642282,-7.426106412766666e-06,-7.426106412766666e-06,0.749991518508075,,0.4058546920499939,0.0,0.08735750999108567,0.4058546920499939,,0.011189845234685775,0.01119048391458537,success,0.999933958722025,0.999933958722025,0.75,0.9995926421220099,0.01,[0.01],,,,,,,,,0.0030481641184747096,,,
,,,5.196688959545781e-08,-4.283600965698821e-11,1.7207071122166376e-11,typ,,8.923630415434767e-19,True,,0.5804300308227539,2.32,,,-1.9177528342018135e-06,23,1.7074978422381738e-09,False,False,59,0.0,8,1.7171761644581364e-09,,,1.7207071122166376e-09,0.0020520329888987243,3.304365871857428,1.00440678397182,-70.78367867431794,-70.78367867431794,0.7499980822471658,,0.03018474512254757,0.0,0.0008914700278735973,0.0008914700278735973,,5.196688959545781e-08,4.966995227390537e-08,success,1.0005207791650441,0.0022949144117072186,0.75,0.9839940048966178,0.01,[0.01],,,,,,,,,0.08242942764219684,,,
,,,0.010480130314935259,-2.911193544934077e-07,3.4472550316274287e-06,arith,,3.612759720979316e-08,True,,0.6288299560546875,2.4,,,-1.879423344175457e-06,19,4.518447624184489e-09,False,False,60,0.0,253,0.00034472469448502594,,,0.00034472550316274285,2.3458598493390573e-06,3.289316870361411,0.9998324360391848,-7.910967868278657e-06,-7.910967868278657e-06,0.7499981205766558,,0.39381778784198457,0.0,0.0802358463243351,0.39381778784198457,,0.010480130314935259,0.010480647283632955,success,0.9999337174413442,0.9999337174413442,0.75,0.9996405598110566,0.01,[0.01],,,,,,,,,0.0027778218948149224,,,
,,,4.3395355301458566e-08,-3.3912745598362703e-11,1.4383151006894629e-11,typ,,6.230118739847047e-19,True,,0.5995903015136719,2.4,,,-4.159337188558432e-06,21,1.3281089531239983e-09,False,False,61,0.0,13,1.4356648762448651e-09,,,1.4383151006894628e-09,0.001842589598987943,3.3083376464407257,1.005614058677641,-78.06418766535978,-78.06418766535978,0.7499958406628114,,0.02648518862683197,0.0,0.000814567706228813,0.000814567706228813,,4.3395355301458566e-08,4.1470052628740596e-08,success,0.9998244744113141,0.0021661813471570077,0.75,0.976058775087481,0.01,[0.01],,,,,,,,,0.07814833030580777,,,
,,,1.893058166610453,-0.0011284280409022932,0.0006196641868764657,typ,,0.0011717869996790246,True,,0.24689483642578125,0.0,,,-4.397975078118677e-06,20,4.3259981884674425e-09,False,False,63,0.0833333333,391,0.061899154518697416,,,0.06196641868764657,0.0010854938912672758,3.269796755877222,0.9938990327260689,-3.645299507302026e-07,-3.645299507302026e-07,0.7499956020249219,,1.1472189558016437,0.0,1.1472189558016437,1.1472189558016437,,1.893058166610453,1.8821274119147386,success,0.9999331184917831,0.9999331184917831,0.75,0.9673268758133166,0.01,[0.01],,,,,,,,,0.05960873579086897,,,
,,,1.4863027398765876,-0.0009340746064569725,0.0004865237427012581,typ,,0.0007222490764214641,True,,0.24758148193359375,0.08,,,-5.349014162492338e-06,20,4.348218797256499e-09,False,False,65,0.0833333333,388,0.04859367187074114,,,0.04865237427012581,0.0012065680301386065,3.269432973983216,0.9937884562898038,-4.583859440267712e-06,-4.583859440267712e-06,0.7499946509858375,,1.14461946193222,0.0,1.1417347310343116,1.1417347310343116,,1.4863027398765876,1.4894033390968153,success,0.9999331296353456,0.9957932825641247,0.75,0.9649509168475384,0.01,[0.01],,,,,,,,,0.06284551467183137,,,
,,,0.9086367237386954,-0.0005997171998683045,0.0002974942191537254,arith,,0.0002699545119032246,True,,0.2501678466796875,0.16,,,7.551960994334195e-06,19,4.870272405016448e-09,False,False,66,0.0833333333,731,0.02970983946064432,,,0.029749421915372543,0.0013305285339937994,3.2697159034470458,0.9938744565342915,-7.185192238781148e-08,-7.185192238781148e-08,0.7500075519609943,,1.1286003849872321,0.0,1.1169126488143568,1.1286003849872321,,0.9086367237386954,0.9099969689396059,success,0.9999353451679187,0.9999353451679187,0.75,0.9601869357874936,0.01,[0.01],,,,,,,,,0.06600186677473212,,,
,,,0.899446126885574,-0.0006105710332429544,0.00029442073112937036,typ,,0.00026444278930249575,True,,0.24962997436523438,0.16,,,6.218175921945956e-07,21,4.353238449132105e-09,False,False,67,0.0833333333,362,0.029400625718202428,,,0.029442073112937034,0.0014077607434645585,3.268747825954308,0.9935801962620263,-1.7536898891354325e-05,-1.7536898891354325e-05,0.7500006218175922,,1.13692232503344,0.0,1.12533804907971,1.12533804907971,,0.899446126885574,0.901484998183409,success,0.9999331535386915,0.983379907345947,0.75,0.9650647618975008,0.01,[0.01],,,,,,,,,0.06788300210454185,,,
,,,0.5563527815894778,-0.0003644534723639929,0.00018218445156051056,arith,,0.00010122600005452535,True,,0.25421905517578125,0.24,,,5.7618907312040335e-08,20,4.845750406452376e-09,False,False,68,0.0833333333,631,0.018194570676060378,,,0.018218445156051054,0.0013104565063691044,3.2703297760243446,0.994061051422704,-1.2122192943474393e-07,-1.2122192943474393e-07,0.7500000576189073,,1.1066491979228246,0.0,1.0800898907806422,1.1066491979228246,,0.5563527815894778,0.5571592334399694,success,0.9999366080330948,0.9999366080330948,0.75,0.9591403317566637,0.01,[0.01],,,,,,,,,0.06550762113973149,,,
,,,0.536720054347212,-0.0003854424062871064,0.00017567505967059938,typ,,9.413976172528941e-05,True,,0.2529716491699219,0.24,,,-2.3092640691890765e-06,21,4.339540623321444e-09,False,False,69,0.0833333333,354,0.01753982564333045,,,0.017567505967059936,0.0015756547219274327,3.267965394858095,0.9933423657276658,-4.0235392537747326e-05,-4.0235392537747326e-05,0.7499976907359308,,1.1244874703594672,0.0,1.0982636349478352,1.0982636349478352,,0.536720054347212,0.5372063426667901,success,0.9999332136830281,0.9627123087264123,0.75,0.968819794423806,0.01,[0.01],,,,,,,,,0.07181442227939522,,,
,,,0.36455064614347676,-0.00022734353086998683,0.00011939713746961524,arith,,4.347461853120132e-05,True,,0.25984954833984375,0.32,,,-4.699559467136183e-06,20,4.8323505488960406e-09,False,False,70,0.0833333333,585,0.011925535996469184,,,0.011939713746961523,0.0011874447572871728,3.2712974514316544,0.9943551894756546,-1.901226825979773e-07,-1.901226825979773e-07,0.7499953004405329,,1.0780589965796654,0.0,1.0306835027169643,1.0780589965796654,,0.36455064614347676,0.36505961435488743,success,0.9999360382872546,0.9999360382872546,0.75,0.9604474604451553,0.01,[0.01],,,,,,,,,0.06236267395902814,,,
,,,0.3373528282542727,-0.00025396282211574906,0.00011040739036164843,typ,,3.718174828365863e-05,True,,0.257537841796875,0.32,,,1.9712665896287618e-06,18,4.827289629576719e-09,False,False,71,0.0833333333,378,0.011021620442925012,,,0.011040739036164843,0.0017316407151012508,3.2670899781571396,0.9930762709587025,-7.439319702648439e-05,-7.439319702648439e-05,0.7500019712665896,,1.107878867191098,0.0,1.0609285943959585,1.0609285943959585,,0.3373528282542727,0.337810905548851,success,0.9999332913674,0.9338258222004825,0.75,0.9743051343553129,0.01,[0.01],,,,,,,,,0.07528107098729578,,,
,,,0.2553492089838497,-0.0001475312854218083,8.364845345122867e-05,arith,,2.1337800941315403e-05,True,,0.2670135498046875,0.4,,,6.57229588341135e-06,19,4.810609386831106e-09,False,False,72,0.0833333333,586,0.008356321535605374,,,0.008364845345122867,0.0010190038387813888,3.272507312185914,0.9947229430466465,-2.7834440143677166e-07,-2.7834440143677166e-07,0.7500065722958834,,1.0444751333244164,0.0,0.9710743281075166,1.0444751333244164,,0.2553492089838497,0.2556896948132697,success,0.9999357281380372,0.9999357281380372,0.75,0.9630404580211487,0.01,[0.01],,,,,,,,,0.05777628448856457,,,
,,,0.2230525366094584,-0.00017644636508114175,7.299090232301137e-05,typ,,1.6249672592810548e-05,True,,0.263214111328125,0.4,,,-2.808672224796638e-07,18,4.419831738843964e-09,False,False,73,0.0833333333,357,0.007285132390698619,,,0.007299090232301137,0.0019122714144222215,3.266106049022039,0.9927771923649368,-0.0001230124898470939,-0.0001230124898470939,0.7499997191327775,,1.0876429226517332,0.0,1.0137316111200534,1.0137316111200534,,0.2230525366094584,0.2234773869991267,success,0.9999333704102582,0.8967777467075502,0.75,0.9807310753346595,0.01,[0.01],,,,,,,,,0.07910529409942592,,,
,,,0.18877321149141643,-9.913395830706292e-05,6.185412673969386e-05,arith,,1.166657460695948e-05,True,,0.27559661865234375,0.48,,,3.6183852204496603e-06,20,4.822429543627942e-09,False,False,74,0.0833333333,503,0.006180206669572902,,,0.006185412673969386,0.0008416583776847609,3.273879074655631,0.9951399088379701,-3.8563628123862524e-07,-3.8563628123862524e-07,0.7500036183852204,,1.007544205448177,0.0,0.9042937131149701,1.007544205448177,,0.18877321149141643,0.18901060457393112,success,0.9999360670745022,0.9999360670745022,0.75,0.9668296386038671,0.01,[0.01],,,,,,,,,0.05251484441242902,,,
,,,0.15292582946650168,-0.00012830239161026194,5.003707103780145e-05,typ,,7.635499088837141e-06,True,,0.2698974609375,0.48,,,1.839974392736643e-06,16,4.10808407268564e-09,False,False,75,0.0833333333,354,0.00499294273274463,,,0.005003707103780145,0.0021512792040490497,3.2649440255861624,0.9924239795951073,-0.00019093314534169767,-0.00019093314534169767,0.7500018399743927,,1.0643157522913056,0.0,0.9570396841867682,0.9570396841867682,,0.15292582946650168,0.15319937982797008,success,0.9999334917962336,0.8516584996111135,0.75,0.9869173599846319,0.01,[0.01],,,,,,,,,0.08389844413978902,,,
,,,0.1455189733218472,-6.850063882232221e-05,4.769466481847979e-05,arith,,6.935786319795739e-06,True,,0.2855072021484375,0.56,,,1.8556384706602813e-07,19,4.755517447111595e-09,False,False,76,0.0833333333,503,0.00476624192809258,,,0.004769466481847979,0.000676082695553272,3.2753405410241507,0.9955841413449058,-5.117096714669055e-07,-5.117096714669055e-07,0.7500001855638471,,0.9686764413926425,0.0,0.8335050756115497,0.9686764413926425,,0.1455189733218472,0.14568911436876192,success,0.9999358363607139,0.9999358363607139,0.75,0.9708711938712591,0.01,[0.01],,,,,,,,,0.04707333845107468,,,
,,,0.10711012675734631,-9.659868489581382e-05,3.5042267751019904e-05,typ,,3.7440504347530096e-06,True,,0.27747344970703125,0.56,,,9.874327606906874e-06,20,4.471410146074216e-09,False,False,77,0.0833333333,248,0.0034955148949034538,,,0.0035042267751019904,0.0024861062818296387,3.263477507427848,0.9919782115282072,-0.0002859679626201377,-0.0002859679626201377,0.7500098743276069,,1.0385083129884312,0.0,0.8913591191863629,0.8913591191863629,,0.10711012675734631,0.10729788148593099,success,0.9999335538125214,0.7986136490149276,0.75,0.9924514102351979,0.01,[0.01],,,,,,,,,0.09018632301187941,,,
,,,0.1158678717681049,-4.8386719510441645e-05,3.7988135151306755e-05,arith,,4.399263097796067e-06,True,,0.296630859375,0.64,,,4.6495265343393655e-06,15,4.7874569023256325e-09,False,False,78,0.0833333333,619,0.003796792873352023,,,0.0037988135151306754,0.0005319139174914185,3.276829733224781,0.9960368014942222,-6.562527755464001e-07,-6.562527755464001e-07,0.7500046495265343,,0.9290303441951705,0.0,0.7616559533278998,0.9290303441951705,,0.1158678717681049,0.1159920220850366,success,0.9999362040370762,0.9999362040370762,0.75,0.9751083665675588,0.01,[0.01],,,,,,,,,0.04176025568785939,,,
,,,0.07558961199151708,-7.44936565208227e-05,2.4727197633420397e-05,typ,,1.8635699698859647e-06,True,,0.28580474853515625,0.64,,,-1.5488121596352045e-06,20,4.39273738554877e-09,False,False,79,0.0833333333,174,0.0024653784042377425,,,0.0024727197633420397,0.0029689410070370768,3.2615307041322232,0.9913864542855126,-0.0004208668488072147,-0.0004208668488072147,0.7499984511878404,,1.0108189830555867,0.0,0.8172256895398099,0.8172256895398099,,0.07558961199151708,0.07572376878547177,success,0.9999331013239378,0.7378985852564178,0.75,0.9966898188577076,0.01,[0.01],,,,,,,,,0.09855012422762882,,,
,,,0.09462451657283516,-3.4782849150776e-05,3.103350382853365e-05,arith,,2.9353204507411796e-06,True,,0.30883026123046875,0.72,,,6.120707645385082e-06,20,4.686478525701361e-09,False,False,80,0.0833333333,397,0.003102071806603927,,,0.003103350382853365,0.0004119986761734257,3.2782960684572426,0.9964825139583307,-8.18945473471085e-07,-8.18945473471085e-07,0.7500061207076454,,0.8895092710206898,0.0,0.6911969941554881,0.8895092710206898,,0.09462451657283516,0.09471616184721356,success,0.9999357227684811,0.9999357227684811,0.75,0.9790877712756854,0.01,[0.01],,,,,,,,,0.036758813054545605,,,
,,,0.053012093541333696,-5.824644539482143e-05,1.733979621507105e-05,typ,,9.158262505398786e-07,True,,0.29482269287109375,0.72,,,-9.994876634111804e-07,20,4.27278761563749e-09,False,False,81,0.0833333333,160,0.0017275798584068481,,,0.001733979621507105,0.0036907948749100227,3.25884103607387,0.9905688932316806,-0.000617097454649084,-0.000617097454649084,0.7499990005123366,,0.981823842504993,0.0,0.7351503906089304,0.7351503906089304,,0.053012093541333696,0.05310796705667479,success,0.9999268973919528,0.6700614692286868,0.75,0.9994007542024934,0.01,[0.01],,,,,,,,,0.10987388254984967,,,
,,,0.07884420865666264,-2.5365131777785266e-05,2.5866689708089028e-05,arith,,2.038795290691615e-06,True,,0.32196807861328125,0.8,,,-1.9386038322410926e-06,20,4.690582985185259e-09,False,False,82,0.0833333333,377,0.002585852943961698,,,0.0025866689708089028,0.0003154740155829312,3.279699280415294,0.9969090392478032,-9.994674460235206e-07,-9.994674460235206e-07,0.7499980613961678,,0.850775947583175,0.0,0.6239371930674116,0.850775947583175,,0.07884420865666264,0.07891237061169978,success,0.9999356698242372,0.9999356698242372,0.75,0.9826813913319544,0.01,[0.01],,,,,,,,,0.03217120472125103,,,
,,,0.03639560896962125,-4.567982654935363e-05,1.1904216490706294e-05,typ,,4.3117456193188415e-07,True,,0.304412841796875,0.8,,,-9.426416086255607e-06,18,4.336954325149945e-09,False,False,83,0.0833333333,194,0.0011846884119778782,,,0.0011904216490706294,0.004816139808300009,3.2550311576506825,0.9894108290575684,-0.0009123496206621457,-0.0009123496206621457,0.7499905735839137,,0.9520750997839947,0.0,0.6458003716538853,0.6458003716538853,,0.03639560896962125,0.036462048316508476,success,0.9999332821818158,0.5960137958437786,0.75,0.9999474714754388,0.01,[0.01],,,,,,,,,0.1255091694920718,,,
,,,0.06676699722745878,-1.8728832535192388e-05,2.1911553409018465e-05,arith,,1.4626178565411195e-06,True,,0.3359527587890625,0.88,,,4.84203500994429e-06,19,4.6280972125401976e-09,False,False,84,0.0833333333,383,0.00219062997779927,,,0.0021911553409018464,0.00023976533875518755,3.2810071873328837,0.9973065952787558,-1.1974873816372007e-06,-1.1974873816372007e-06,0.7500048420350099,,0.8132767696512403,0.0,0.5610206958127933,0.8132767696512403,,0.06676699722745878,0.06681796590340561,success,0.9999357069167514,0.9999357069167514,0.75,0.9858105510723261,0.01,[0.01],,,,,,,,,0.028051033164465743,,,
,,,0.024014377249764813,-3.5455567263806205e-05,7.855992831205875e-06,typ,,1.8739967827002753e-07,True,,0.31450653076171875,0.88,,,6.961782365699776e-06,20,4.238673072177822e-09,False,False,85,0.0833333333,135,0.0007803645138116702,,,0.0007855992831205874,0.006663408968658301,3.2495721446172947,0.9877514880713829,-0.0013806674651928922,-0.0013806674651928922,0.7500069617823657,,0.9220260497208218,0.0,0.550028321073332,0.550028321073332,,0.024014377249764813,0.024057091865760882,success,0.9999147650246716,0.516581193568542,0.75,0.9999806387370012,0.01,[0.01],,,,,,,,,0.14764308437002438,,,
,,,0.05729709314601719,-1.3981292722568628e-05,1.880947018892985e-05,arith,,1.0775324888961532e-06,True,,0.35064697265625,0.96,,,3.5330421584989224e-06,17,4.636673817957877e-09,False,False,86,0.0833333333,417,0.001880605855780755,,,0.001880947018892985,0.00018137837419298028,3.2822011598183125,0.9976695193951358,-1.4127035097232475e-06,-1.4127035097232475e-06,0.7500035330421585,,0.7773290801108597,0.0,0.5031254186648996,0.7773290801108597,,0.05729709314601719,0.05733536524130442,success,0.9999358759667656,0.9999358759667656,0.75,0.9884417087981372,0.01,[0.01],,,,,,,,,0.02440139971313796,,,
,,,0.014834432104570878,-2.673998264397307e-05,4.857026179614508e-06,typ,,7.133619841981472e-08,True,,0.3251495361328125,0.96,,,3.5439384094004822e-06,19,4.084702160209876e-09,False,False,87,0.0833333333,128,0.0004808825704749032,,,0.00048570261796145075,0.009923865567737432,3.241664844903167,0.9853479571720326,-0.0021795157043834447,-0.0021795157043834447,0.7500035439384094,,0.8919860687847763,0.0,0.4489499757609137,0.4489499757609137,,0.014834432104570878,0.014857127344850691,success,0.9997839512732014,0.4328366535649502,0.75,0.9999873849118925,0.01,[0.01],,,,,,,,,0.18025619353324474,,,
,,,0.04971986255232447,-1.0543927530432267e-05,1.632661053123234e-05,arith,,8.11645657150438e-07,True,,0.36595916748046875,1.04,,,1.0041507646496584e-06,20,4.666175729072252e-09,False,False,88,0.0833333333,311,0.0016324374515240745,,,0.001632661053123234,0.0001369553090837712,3.2832702419603854,0.9979944813992729,-1.6448127323017868e-06,-1.6448127323017868e-06,0.7500010041507646,,0.7431120882262308,0.0,0.4504875898572653,0.7431120882262308,,0.04971986255232447,0.049748714142019444,success,0.9999357144681861,0.9999357144681861,0.75,0.9906114032287106,0.01,[0.01],,,,,,,,,0.02120667071300929,,,
,,,0.00825053736514228,-1.9015247472730364e-05,2.7090277444737346e-06,typ,,2.198935499253848e-08,True,,0.33611297607421875,1.04,,,2.7075536671583578e-06,20,4.235278230223823e-09,False,False,89,0.0833333333,110,0.00026652027643001014,,,0.0002709027744473735,0.016177383292966963,3.230338396575627,0.9819051297190022,-0.0036697117888377082,-0.0036697117888377082,0.7500027075536672,,0.8620157278509172,0.0,0.3447396281997112,0.3447396281997112,,0.00825053736514228,0.008256095920399902,success,0.9998731560255829,0.34700150537960994,0.75,0.9999889612121262,0.01,[0.01],,,,,,,,,0.23047283626722231,,,
,,,0.04355361749776289,-8.029486949306809e-06,1.430541001128582e-05,arith,,6.229878831195414e-07,True,,0.3818206787109375,1.12,,,9.116916919960083e-06,19,4.553875429656459e-09,False,False,90,0.0833333333,325,0.0014303929705759594,,,0.001430541001128582,0.00010347872064196384,3.284211628688319,0.9982806286518913,-1.8935146807752025e-06,-1.8935146807752025e-06,0.75000911691692,,0.7107125003940458,0.0,0.40305285626235676,0.7107125003940458,,0.04355361749776289,0.043575459400637284,success,0.999935432743457,0.999935432743457,0.75,0.9923770135384944,0.01,[0.01],,,,,,,,,0.01843586689376431,,,
,,,0.0038551594787948735,-1.2077559438978917e-05,1.277179816006493e-06,typ,,4.777864431800856e-09,True,,0.347625732421875,1.12,,,-1.9484338763531284e-06,18,4.256440546215414e-09,False,False,91,0.0833333333,138,0.0001239342874939747,,,0.0001277179816006493,0.029625382888570233,3.2147642185924994,0.9771711472764814,-0.006783050370981952,-0.006783050370981952,0.7499980515661236,,0.831919109570424,0.0,0.240628526558904,0.240628526558904,,0.0038551594787948735,0.0038470485700917772,success,0.9999001958715329,0.2625573419248472,0.75,0.9999883120123171,0.01,[0.01],,,,,,,,,0.31328300438440937,,,
,,,0.03846470687477826,-6.170917635808401e-06,1.2636765854019433e-05,arith,,4.860314141955964e-07,True,,0.3981170654296875,1.2,,,6.584822498378884e-07,19,4.5465871678253195e-09,False,False,92,0.0833333333,303,0.0012635775849738574,,,0.0012636765854019433,7.834316883729792e-05,3.2850311041948936,0.9985297193367674,-2.158562531813491e-06,-2.158562531813491e-06,0.7500006584822498,,0.6801644488091187,0.0,0.3606178752996219,0.6801644488091187,,0.03846470687477826,0.03848131565023295,success,0.9999355333730796,0.9999355333730796,0.75,0.993796029563785,0.01,[0.01],,,,,,,,,0.01604306424561561,,,
,,,0.0013300641988572759,-6.158497071630464e-06,4.5374779074580793e-07,typ,,5.655866056003009e-10,True,,0.3599510192871094,1.2,,,3.5352724571113825e-06,21,4.322979751941553e-09,False,False,93,0.0833333333,91,4.252325610194037e-05,,,4.537477907458079e-05,0.06284378746954303,3.1970829782858754,0.9717966946880862,-0.014343190706471817,-0.014343190706471817,0.7500035352724571,,0.8010554629236716,0.0,0.1428746245675667,0.1428746245675667,,0.0013300641988572759,0.0013146502595877928,success,0.9999784244168958,0.1838769303013804,0.75,0.9999850083852085,0.01,[0.01],,,,,,,,,0.4630225425901648,,,
,,,0.03421290078855947,-4.7858425114734615e-06,1.1242125474149849e-05,arith,,3.846028192110813e-07,True,,0.414825439453125,1.28,,,3.5034715724080456e-06,18,4.5501157375716335e-09,False,False,94,0.0833333333,318,0.0011241456010642906,,,0.001124212547414985,5.954954945869849e-05,3.285736009383326,0.9987439848209102,-2.439664309222345e-06,-2.439664309222345e-06,0.7500035034715724,,0.6514337190790074,0.0,0.32281542517595535,0.6514337190790074,,0.03421290078855947,0.034225595410506786,success,0.999935442723857,0.999935442723857,0.75,0.9949305683149503,0.01,[0.01],,,,,,,,,0.013988414899545174,,,
,,,0.00026484484122394974,-1.9473505234007363e-06,1.007747381268448e-07,typ,,2.2897495457600206e-11,True,,0.3727569580078125,1.28,,,-9.045423761344651e-06,19,4.23359538157595e-09,False,False,95,0.0833333333,127,8.645626379499062e-06,,,1.007747381268448e-05,0.1420839646720944,3.2644118494225904,0.9922622174387093,-0.03684681892164628,-0.03684681892164628,0.7499909545762387,,0.767692672328723,0.0,0.06304650633821779,0.06304650633821779,,0.00026484484122394974,0.00025116154439803806,success,1.0001262459746603,0.11584025531915867,0.75,0.9999751051003157,0.01,[0.01],,,,,,,,,0.7352797639558625,,,
,,,0.030623584069055024,-3.743778539703154e-06,1.0064404381179767e-05,arith,,3.0819411779426996e-07,True,,0.431854248046875,1.36,,,-7.324514776807511e-06,18,4.497842084555677e-09,False,False,96,0.0833333333,305,0.0010063946698704628,,,0.0010064404381179767,4.5475366231839926e-05,3.286338619284669,0.9989271562663461,-2.736604850191453e-06,-2.736604850191453e-06,0.7499926754852232,,0.62447011736381,0.0,0.28926779075944486,0.62447011736381,,0.030623584069055024,0.03063333954897788,success,0.9999353111946602,0.9999353111946602,0.75,0.995844394987622,0.01,[0.01],,,,,,,,,0.012225148210154224,,,
,,,3.10630256554093e-05,-2.4088525698391424e-07,1.3093400192193106e-08,typ,,3.486949190544291e-13,True,,0.38729095458984375,1.36,,,-5.4303330373484116e-06,20,4.2665676066406255e-09,False,False,97,0.0833333333,111,1.1225400993534818e-06,,,1.3093400192193105e-06,0.1426672347318976,3.6137500313270454,1.0984482916847744,-0.1246889057903966,-0.1246889057903966,0.7499945696669627,,0.8637231419269668,0.0,0.022019219878971902,0.022019219878971902,,3.10630256554093e-05,3.0377314202728272e-05,success,1.000101519470715,0.06314011635488992,0.75,0.9999476176848353,0.01,[0.01],,,,,,,,,0.7754726138275155,,,
,,,0.027565126650578222,-2.9538687475390463e-06,9.060560444854104e-06,arith,,2.49746770847045e-07,True,,0.4492034912109375,1.44,,,-1.4932738396922218e-06,19,4.569477882646235e-09,False,False,98,0.0833333333,264,0.0009060243909374754,,,0.0009060560444854104,3.493552979163226e-05,3.2868500929542073,0.9990826256191446,-3.04910247051534e-06,-3.04910247051534e-06,0.7499985067261603,,0.5991877135655104,0.0,0.25953968965776875,0.5991877135655104,,0.027565126650578222,0.027572668866754302,success,0.9999354561733214,0.9999354561733214,0.75,0.9965804837751324,0.01,[0.01],,,,,,,,,0.010715962908434828,,,
,,,6.723067496980982e-06,-3.2530979821022126e-08,2.47773703307896e-09,typ,,1.55997286650435e-14,True,,0.40404510498046875,1.44,,,5.3512653356291295e-06,20,4.349562049309379e-09,False,False,99,0.0833333333,104,2.3203290271960853e-07,,,2.47773703307896e-07,0.06352893942391924,3.451295153942806,1.0490679302896484,-0.5676770399484972,-0.5676770399484972,0.7500053512653356,,0.24488189240004551,0.0,0.009180936382916205,0.009180936382916205,,6.723067496980982e-06,5.27013472802689e-06,success,1.0002002808820263,0.029448432488891063,0.75,0.9998112371870618,0.01,[0.01],,,,,,,,,0.4838710876490573,,,
,,,0.02493808728586594,-2.349673785648346e-06,8.198077062828194e-06,arith,,2.04438840402166e-07,True,,0.46680450439453125,1.52,,,1.0484449568526344e-06,20,4.536688985846627e-09,False,False,100,0.0833333333,238,0.0008197855675885575,,,0.0008198077062828193,2.700474037040607e-05,3.287283255493232,0.9992142912426352,-3.376962379165213e-06,-3.376962379165213e-06,0.7500010484449569,,0.5755001524150787,0.0,0.23323684052350607,0.5755001524150787,,0.02493808728586594,0.02494395431722209,success,0.9999352371011121,0.9999352371011121,0.75,0.997168038756926,0.01,[0.01],,,,,,,,,0.009422028877812379,,,
,,,2.598276917848708e-06,-8.435228192831673e-09,8.981291270177312e-10,typ,,2.2624351053126396e-15,True,,0.422607421875,1.52,,,3.7381090565169472e-06,15,4.230139305390953e-09,False,False,101,0.0833333333,165,8.707444113331325e-08,,,8.981291270177312e-08,0.03049084464672762,3.3512379121394096,1.0186541757751253,-2.296198070712171,-2.296198070712171,0.7500037381090565,,0.16396921576337692,0.0,0.005838066159248983,0.005838066159248983,,2.598276917848708e-06,2.13034286232659e-06,success,1.0003766482122538,0.01446004167429751,0.75,0.9992043484489518,0.01,[0.01],,,,,,,,,0.3246470049010703,,,
,,,0.02266513139024054,-1.8838601235018829e-06,7.451656863184146e-06,arith,,1.688892329500914e-07,True,,0.4846343994140625,1.6,,,6.184830635858063e-06,19,4.510645136206385e-09,False,False,102,0.0833333333,248,0.0007451500282182967,,,0.0007451656863184145,2.1012910826830612e-05,3.2876492767174232,0.999325548353655,-3.7199599092382603e-06,-3.7199599092382603e-06,0.7500061848306359,,0.5533088969029443,0.0,0.2099699511226331,0.5533088969029443,,0.02266513139024054,0.02266972448384187,success,0.9999348409355012,0.9999348409355012,0.75,0.9976416419535885,0.01,[0.01],,,,,,,,,0.008311710578977985,,,
,,,1.304652334786021e-06,-3.218316114775749e-09,4.411585861456715e-10,typ,,5.652010208112251e-16,True,,0.44254302978515625,1.6,,,-5.9230438198554225e-06,20,3.798718357009632e-09,False,False,103,0.0833333333,65,4.3321964460664147e-08,,,4.4115858614567154e-08,0.017995663664604773,3.320575398178357,1.0093338891511745,-5.4916395924158365,-5.4916395924158365,0.7499940769561801,,0.1693126601217632,0.0,0.004305901230465435,0.004305901230465435,,1.304652334786021e-06,1.1588274371133088e-06,success,0.9999206247098994,0.009219256860183418,0.75,0.997965596726044,0.01,[0.01],,,,,,,,,0.24667997971303154,,,
,,,0.020685849499486975,-1.5215661247184693e-06,6.801534112039188e-06,arith,,1.4069319584379754e-07,True,,0.50262451171875,1.68,,,-7.2104770967307275e-06,17,4.470303582841965e-09,False,False,104,0.0833333333,272,0.000680142219188469,,,0.0006801534112039188,1.6455133893851973e-05,3.287958849383184,0.9994196471604095,-4.077954158376016e-06,-4.077954158376016e-06,0.7499927895229033,,0.5325184039674615,0.0,0.1893935560005795,0.5325184039674615,,0.020685849499486975,0.020689467744687752,success,0.9999351278574071,0.9999351278574071,0.75,0.9980259960524062,0.01,[0.01],,,,,,,,,0.007355589262873663,,,
,,,7.632463771933016e-07,-1.5496695765934017e-09,2.5524665408809734e-10,typ,,1.9241460822683296e-16,True,,0.4629364013671875,1.68,,,-6.878816551703082e-06,19,3.5408956716163155e-09,False,False,105,0.0833333333,59,2.5210025750060202e-08,,,2.5524665408809733e-08,0.012326886707824754,3.3029997263485797,1.0039915255318677,-9.551724836552774,-9.551724836552774,0.7499931211834483,,0.30572369146050105,0.0,0.0034476797935070265,0.0034476797935070265,,7.632463771933016e-07,7.429149118062965e-07,success,1.000014625669895,0.0069006568918468375,0.75,0.9967409940409017,0.01,[0.01],,,,,,,,,0.20303661083751579,,,
,,,0.0189516520484508,-1.2381836046618983e-06,6.231800805332985e-06,arith,,1.1810138739928736e-07,True,,0.520843505859375,1.76,,,9.502760196955506e-06,18,4.403969916116356e-09,False,False,106,0.0833333333,252,0.0006231719910082538,,,0.0006231800805332985,1.2981039185025511e-05,3.2882198840242793,0.9994989921768319,-4.450614590775217e-06,-4.450614590775217e-06,0.750009502760197,,0.5130238349757823,0.0,0.1711632155637989,0.5130238349757823,,0.0189516520484508,0.018954521588730514,success,0.9999347855962615,0.9999347855962615,0.75,0.9983378789884397,0.01,[0.01],,,,,,,,,0.006533380844563963,,,
,,,4.932176956489501e-07,-8.609057948211001e-10,1.638316770717235e-10,typ,,8.006352345206185e-17,True,,0.48281192779541016,1.76,,,4.24095619955267e-07,23,3.088649714474656e-09,False,False,107,0.0833333333,23,1.6232897594381413e-08,,,1.638316770717235e-08,0.009172225754922351,3.291223680249958,1.0004120367438503,-14.216958947951367,-14.216958947951367,0.75000042409562,,0.9688468521835488,0.0,0.0029161518771030543,0.0029161518771030543,,4.932176956489501e-07,5.315002503307318e-07,success,0.9991374151175462,0.005589104527912919,0.75,0.9946914031520546,0.01,[0.01],,,,,,,,,0.17454884575630752,,,
,,,0.017424371546209197,-1.0142600765568098e-06,5.729961282267404e-06,arith,,9.983994560411762e-08,True,,0.539154052734375,1.84,,,-4.1607949263777755e-06,18,4.531503495033286e-09,False,False,108,0.0833333333,241,0.000572990224292127,,,0.0005729961282267404,1.0303620430575442e-05,3.288441266145896,0.9995662842726303,-4.837949051663152e-06,-4.837949051663152e-06,0.7499958392050736,,0.4947398125825818,0.0,0.1550170529293997,0.4947398125825818,,0.017424371546209197,0.017426661099331976,success,0.9999344726965655,0.9999344726965655,0.75,0.9985918068862398,0.01,[0.01],,,,,,,,,0.00582092773829464,,,
,,,3.401351046967427e-07,-5.246125632737755e-10,1.1243065943410412e-10,typ,,3.7966395776198146e-17,True,,0.5025215148925781,1.84,,,9.909341377789538e-06,21,2.6615735127915026e-09,False,False,109,0.0833333333,27,1.1162151525067718e-08,,,1.1243065943410412e-08,0.007196828583053706,3.2816817114539405,0.997511626025778,-19.366147713028983,-19.366147713028983,0.7500099093413778,,2.134895499414896,0.0,0.0025042743024889713,0.0025042743024889713,,3.401351046967427e-07,3.91963880217729e-07,success,1.0002738656434658,0.004735090926461845,0.75,0.9913590455821194,0.01,[0.01],,,,,,,,,0.15423652426041382,,,
,,,0.01607227651805156,-8.364897875063185e-07,5.285618315305895e-06,arith,,8.495121941730958e-08,True,,0.557647705078125,1.92,,,6.983544876604242e-06,18,4.383742365907588e-09,False,False,110,0.0833333333,234,0.0005285574779770414,,,0.0005285618315305895,8.236602206858994e-06,3.28862857345313,0.9996232188668517,-5.239599393960445e-06,-5.239599393960445e-06,0.7500069835448766,,0.47757023006315336,0.0,0.1406786411831845,0.47757023006315336,,0.01607227651805156,0.016074115242011428,success,0.999934814746428,0.999934814746428,0.75,0.9988023077509411,0.01,[0.01],,,,,,,,,0.005204550746540578,,,
,,,2.4650412411680486e-07,-3.37787376630639e-10,8.109237881390822e-11,typ,,1.987550550025958e-17,True,,0.5212783813476562,1.92,,,-3.853468250047953e-06,20,2.4922691068515807e-09,False,False,111,0.0833333333,27,8.062950496861326e-09,,,8.109237881390822e-09,0.005707982082473678,3.270919107641677,0.9942401867537819,-24.87609291213077,-24.87609291213077,0.74999614653175,,1.3442505940931082,0.0,0.0021521196278334663,0.0021521196278334663,,2.4650412411680486e-07,2.894772428864009e-07,success,1.0001086375405788,0.0041335102719660885,0.75,0.9885977419744821,0.01,[0.01],,,,,,,,,0.1370311258851718,,,
,,,0.014869965350579835,-6.941128964803217e-07,4.890448608042671e-06,arith,,7.272031955767283e-08,True,,0.57623291015625,2.0,,,4.668118129380616e-06,17,4.392852558193155e-09,False,False,112,0.0833333333,234,0.0004890416207650222,,,0.0004890448608042671,6.625239327723801e-06,3.2887878971819706,0.999671647473217,-5.655544288011281e-06,-5.655544288011281e-06,0.7500046681181294,,0.46143583446929076,0.0,0.12793741770232606,0.46143583446929076,,0.014869965350579835,0.014871450905429028,success,0.9999347234742332,0.9999347234742332,0.75,0.99897454326249,0.01,[0.01],,,,,,,,,0.00466788509667412,,,
,,,1.8216613982501612e-07,-2.2653077324547698e-10,5.982331849682498e-11,typ,,1.0846466810861898e-17,True,,0.5428676605224609,2.0,,,1.1412157430168435e-06,22,2.3619508822353347e-09,False,False,113,0.0833333333,16,5.954161855370445e-09,,,5.982331849682498e-09,0.004708865208396619,3.2685338016658045,0.9935151406793082,-30.667835636243478,-30.667835636243478,0.750001141215743,,0.2825605175467162,0.0,0.00174139096135968,0.00174139096135968,,1.8216613982501612e-07,1.8952812068186855e-07,success,0.9995910541036698,0.0036847860592385735,0.75,0.9850818102963268,0.01,[0.01],,,,,,,,,0.12435394056385908,,,
,,,0.013796246745237732,-5.793637057079154e-07,4.537504601617098e-06,arith,,6.260019742925763e-08,True,,0.59490966796875,2.08,,,-3.929582290451705e-06,17,4.379730277572063e-09,False,False,114,0.0833333333,237,0.0004537480271644628,,,0.00045375046016170973,5.361971965944391e-06,3.288923687314379,0.9997129227240447,-6.085614943949244e-06,-6.085614943949244e-06,0.7499960704177095,,0.44625768914268904,0.0,0.1165938639970739,0.44625768914268904,,0.013796246745237732,0.013797454180724984,success,0.9999343497956972,0.9999343497956972,0.75,0.9991167963225838,0.01,[0.01],,,,,,,,,0.004199429862385604,,,
,,,1.395069470189748e-07,-1.562752395122005e-10,4.575041151031989e-11,typ,,6.3580782841818965e-18,True,,0.5615787506103516,2.08,,,7.752990614173783e-06,22,2.0254673175593065e-09,False,False,115,0.0833333333,15,4.5575352482748496e-09,,,4.575041151031989e-09,0.003826392414676055,3.266887668077894,0.9930147760686268,-36.70552199908435,-36.70552199908435,0.7500077529906142,,2.3617648581848307,0.0,0.001609545056857733,0.001609545056857733,,1.395069470189748e-07,1.619150081401214e-07,success,1.0008183679503146,0.0033353119258036114,0.75,0.9842389748208749,0.01,[0.01],,,,,,,,,0.11201968278392972,,,
,,,0.012833476344728744,-4.864052153042867e-07,4.220999501058565e-06,arith,,5.4169860657913456e-08,True,,0.6137237548828125,2.16,,,6.289936522740902e-06,19,4.392144771949961e-09,False,False,116,0.0833333333,200,0.000422098106567698,,,0.0004220999501058565,4.367539389756953e-06,3.289039502855138,0.9997481264270662,-6.529536452713649e-06,-6.529536452713649e-06,0.7500062899365227,,0.4319615522001823,0.0,0.10646982870798842,0.4319615522001823,,0.012833476344728744,0.012834463834522764,success,0.9999339272159615,0.9999339272159615,0.75,0.9992364547375693,0.01,[0.01],,,,,,,,,0.0037901282726412163,,,
,,,1.0840465168919028e-07,-1.137985719832939e-10,3.5592416718271857e-11,typ,,3.845433422135337e-18,True,,0.5826072692871094,2.16,,,-1.247971847972984e-06,21,2.180573623877926e-09,False,False,117,0.0833333333,16,3.5472955839207676e-09,,,3.5592416718271857e-09,0.003356357619932418,3.272272479682245,0.9946515625249582,-42.95326547308396,-42.95326547308396,0.749998752028152,,2.740858712949066,0.0,0.001402390911022229,0.001402390911022229,,1.0840465168919028e-07,1.2291893374568451e-07,success,0.9996809890891156,0.0030540835778416083,0.75,0.9841644854381595,0.01,[0.01],,,,,,,,,0.1049757277109922,,,
,,,0.01196711914250586,-4.104890231680007e-07,3.9361657824887315e-06,arith,,4.7104396382459314e-08,True,,0.6325836181640625,2.24,,,-2.5392589286798994e-07,19,4.315500322534677e-09,False,False,118,0.0833333333,196,0.00039361517021377183,,,0.00039361657824887316,3.5771742836448392e-06,3.28913889405258,0.9997783377283717,-6.987365532810041e-06,-6.987365532810041e-06,0.7499997460741071,,0.41848381804637313,0.0,0.0974253321982625,0.41848381804637313,,0.01196711914250586,0.011967931127265461,success,0.9999338336786963,0.9999338336786963,0.75,0.999336696696246,0.01,[0.01],,,,,,,,,0.0034301406903353196,,,
,,,8.62746899736981e-08,-8.40010743553689e-11,2.8353475655764854e-11,typ,,2.439131141385053e-18,True,,0.6023483276367188,2.24,,,-2.7681944780866274e-06,20,1.6797371351807925e-09,False,False,119,0.0833333333,19,2.8271688279942262e-09,,,2.8353475655764853e-09,0.0028845626129070877,3.2769388436586944,0.9960699670891577,-49.38230776990879,-49.38230776990879,0.7499972318055219,,0.3977226559302128,0.0,0.0011970829927187112,0.0011970829927187112,,8.62746899736981e-08,8.956306758120673e-08,success,0.9996990974218836,0.0028219973227360954,0.75,0.9835758836144068,0.01,[0.01],,,,,,,,,0.0973646783094528,,,
,,,0.01118475471545307,-3.482108547029365e-07,3.6789275621593886e-06,arith,,4.114778114787316e-08,True,,0.6515350341796875,2.32,,,-3.1375492359764223e-07,19,4.313122406978298e-09,False,False,120,0.0833333333,192,0.0003678916721438924,,,0.00036789275621593886,2.9467066914746323e-06,3.289224319203051,0.9998043038604473,-7.458844669066904e-06,-7.458844669066904e-06,0.7499996862450764,,0.40576142966270695,0.0,0.0893243843596482,0.40576142966270695,,0.01118475471545307,0.011185424724775746,success,0.99993371482848,0.99993371482848,0.75,0.9994219332185021,0.01,[0.01],,,,,,,,,0.003113263219101638,,,
,,,6.987650452376682e-08,-6.307933678985809e-11,2.3002449307089112e-11,typ,,1.603351750334681e-18,True,,0.6215915679931641,2.32,,,-6.037657446666955e-06,22,1.736699642859615e-09,False,False,121,0.0833333333,12,2.2945505950277453e-09,,,2.3002449307089113e-09,0.002475534498585383,3.2837226341900214,0.9981319921478049,-55.979148586504444,-55.979148586504444,0.7499939623425533,,0.10754858232786081,0.0,0.0010472850514383664,0.0010472850514383664,,6.987650452376682e-08,6.855042478473062e-08,success,1.00020060409759,0.0026265812725619637,0.75,0.9808390719855629,0.01,[0.01],,,,,,,,,0.09027259909431097,,,
,,,0.010475990279502962,-2.9678884693205986e-07,3.4458740962335773e-06,arith,,3.609885545291435e-08,True,,0.6705322265625,2.4,,,-9.696166696215869e-06,16,4.2950487893320365e-09,False,False,122,0.0833333333,225,0.00034458656880910233,,,0.00034458740962335773,2.44006087258083e-06,3.2892982869916465,0.999826787372123,-7.943960042337134e-06,-7.943960042337134e-06,0.7499903038333038,,0.3937392020840769,0.0,0.08205718020037454,0.3937392020840769,,0.010475990279502962,0.010476540725193887,success,0.9999335511004472,0.9999335511004472,0.75,0.999490273524671,0.01,[0.01],,,,,,,,,0.002833038586459448,,,
,,,5.7090592942012e-08,-4.783526507981168e-11,1.884838703379337e-11,typ,,1.0737773791745384e-18,True,,0.6426715850830078,2.4,,,1.2852689312836674e-07,22,1.7369195672929197e-09,False,False,123,0.0833333333,11,1.880830665509455e-09,,,1.884838703379337e-09,0.0021264619952338156,3.294466861501772,1.0013978456334516,-62.718656826713264,-62.718656826713264,0.7500001285268931,,0.08422441312225308,0.0,0.0009406113093034236,0.0009406113093034236,,5.7090592942012e-08,5.5296884960852243e-08,success,0.9999856732974832,0.0024593210407329426,0.75,0.9814260774779315,0.01,[0.01],,,,,,,,,0.08378834868364192,,,
,,,0.5154517905990469,-0.00018540854476061647,0.0001687397869671535,arith,,8.694284900905073e-05,True,,0.2974090576171875,0.0,,,5.2153290768242044e-06,19,4.834022979797464e-09,False,False,124,0.1666666667,732,0.016867309532091767,,,0.01687397869671535,0.0003952336756760956,3.272335034958157,0.9946705770487536,-1.2860624710314683e-07,-1.2860624710314683e-07,0.7500052153290768,,1.1045423215370134,0.0,1.1045423215370134,1.1045423215370134,,0.5154517905990469,0.5162468577357713,success,0.9999354535649126,0.9999354535649126,0.75,0.9878205497309841,0.01,[0.01],,,,,,,,,0.035970103924779985,,,
,,,0.5154418472904811,-0.0001854374643838353,0.0001687364666442359,typ,,8.69394490191765e-05,True,,0.2974090576171875,0.0,,,4.112751786689017e-06,19,3.948483005954831e-09,False,False,125,0.1666666667,382,0.016866975290460093,,,0.016873646664423588,0.0003953723872600271,3.2723333154117347,0.9946700543693171,-7.547643828288968e-07,-7.547643828288968e-07,0.7500041127517867,,1.104547275424943,0.0,1.104547275424943,1.104547275424943,,0.5154418472904811,0.5163243088862676,success,0.9999330949128142,0.9999330949128142,0.75,0.9879079949500275,0.01,[0.01],,,,,,,,,0.03597640846559566,,,
,,,0.481804099302454,-0.0002002428335709806,0.00015774353468578966,arith,,7.596138445767576e-05,True,,0.298095703125,0.08,,,1.6254670507365176e-06,15,4.837963113587435e-09,False,False,126,0.1666666667,941,0.015766031166536583,,,0.015774353468578965,0.0005275843513307543,3.272290789838093,0.9946571281449479,-1.3847740076172212e-07,-1.3847740076172212e-07,0.7500016254670507,,1.1000335963848475,0.0,1.0980409155899897,1.1000335963848475,,0.481804099302454,0.4825294716075124,success,0.9999360410805923,0.9999360410805923,0.75,0.9820786631788617,0.01,[0.01],,,,,,,,,0.04156104812327002,,,
,,,0.4826463815351032,-0.00019901591648296453,0.0001580103747786546,typ,,7.622352829690961e-05,True,,0.298004150390625,0.08,,,-3.0866281998109812e-06,18,4.2368589976343584e-09,False,False,127,0.1666666667,393,0.01579283119340362,,,0.01580103747786546,0.0005193509902963828,3.272132931603673,0.9946091449954704,-4.715559100127603e-06,-4.715559100127603e-06,0.7499969133718002,,1.1015105222907025,0.0,1.0995274905533734,1.0995274905533734,,0.4826463815351032,0.4832715939270584,success,0.9999331095538073,0.9960595445069966,0.75,0.9832893321810535,0.01,[0.01],,,,,,,,,0.04123431234478031,,,
,,,0.4038519829500685,-0.00021664845725705346,0.0001322763101507667,arith,,5.3373113597673544e-05,True,,0.30017852783203125,0.16,,,6.6386616361935324e-06,20,4.809199123675336e-09,False,False,128,0.1666666667,628,0.01321600879802353,,,0.01322763101507667,0.0008786317852298599,3.272488276888697,0.9947171570101115,-1.6806352375986315e-07,-1.6806352375986315e-07,0.7500066386616362,,1.0869463354847524,0.0,1.0786743370768708,1.0869463354847524,,0.4038519829500685,0.40440787889471375,success,0.9999360033197173,0.9999360033197173,0.75,0.9688309168706598,0.01,[0.01],,,,,,,,,0.05364551033635496,,,
,,,0.404801863127921,-0.0002167502940079514,0.00013255026748624588,typ,,5.360961454658409e-05,True,,0.2998008728027344,0.16,,,7.82521320408236e-07,21,4.217345416729986e-09,False,False,129,0.1666666667,344,0.013243420900373417,,,0.013255026748624587,0.0008755809000818938,3.271581014484703,0.9944413823081709,-1.6804602703388537e-05,-1.6804602703388537e-05,0.7500007825213204,,1.0928556085141925,0.0,1.0847217223692802,1.0847217223692802,,0.404801863127921,0.4056357186598295,success,0.9999331256761154,0.9844566401076976,0.75,0.974640017215667,0.01,[0.01],,,,,,,,,0.053544786660099035,,,
,,,0.31983921753238487,-0.0002060969148675018,0.00010481118502077111,arith,,3.348025146736755e-05,True,,0.30365753173828125,0.24,,,-2.5014596340966477e-06,20,4.809949623970828e-09,False,False,130,0.1666666667,585,0.010467838098677674,,,0.01048111850207711,0.0012670788329322345,3.272843830546755,0.9948252323625599,-2.172858622296681e-07,-2.172858622296681e-07,0.7499974985403659,,1.066519183498364,0.0,1.0470057812804359,1.066519183498364,,0.31983921753238487,0.32022967648037737,success,0.9999357276844744,0.9999357276844744,0.75,0.95605691615413,0.01,[0.01],,,,,,,,,0.06443766229093958,,,
,,,0.3177461425091509,-0.00021214579650783601,0.0001040600290775624,typ,,3.301966698980958e-05,True,,0.3027534484863281,0.24,,,-4.12946553618454e-07,21,4.150028982097621e-09,False,False,131,0.1666666667,328,0.010391838821098712,,,0.01040600290775624,0.0013611457524165984,3.270484651375251,0.9941081278843165,-3.780267293819104e-05,-3.780267293819104e-05,0.7499995870534464,,1.0795623707036115,0.0,1.0605826788785924,1.0605826788785924,,0.3177461425091509,0.31829448513296343,success,0.9999331870037187,0.9651780646625652,0.75,0.9696582533031849,0.01,[0.01],,,,,,,,,0.06676581337308488,,,
,,,0.24952745539620927,-0.0001749089610182181,8.178915402127867e-05,arith,,2.0378046337293832e-05,True,,0.3085784912109375,0.32,,,-3.706081993515298e-07,19,4.811602740493002e-09,False,False,132,0.1666666667,583,0.008166654969865655,,,0.008178915402127866,0.0014990291083119304,3.272848255074107,0.9948265772576049,-2.8600830013049763e-07,-2.8600830013049763e-07,0.7499996293918006,,1.0403577938775332,0.0,1.0041091750646516,1.0403577938775332,,0.24952745539620927,0.2498145272770911,success,0.9999360273260095,0.9999360273260095,0.75,0.948329764753949,0.01,[0.01],,,,,,,,,0.07009607850185902,,,
,,,0.24203954769621333,-0.00018724920476819752,7.92596847320306e-05,typ,,1.914891597839883e-05,True,,0.3068275451660156,0.32,,,1.4056668188322519e-06,21,4.412740208515445e-09,False,False,133,0.1666666667,311,0.00791148230141004,,,0.00792596847320306,0.0018276847607956628,3.2686733952006195,0.993557572025837,-6.913769363766557e-05,-6.913769363766557e-05,0.7500014056668188,,1.0629158377023216,0.0,1.0277600587953375,1.0277600587953375,,0.24203954769621333,0.24232527073611823,success,0.999933240351638,0.9383154153868946,0.75,0.9706838271240718,0.01,[0.01],,,,,,,,,0.07736306176014515,,,
,,,0.1960409214789101,-0.00013820750914310577,6.425263936571198e-05,arith,,1.257704531312273e-05,True,,0.31494140625,0.4,,,5.0958682310531245e-06,14,4.716584907845581e-09,False,False,134,0.1666666667,750,0.006415520401680908,,,0.006425263936571198,0.0015164411900391412,3.27254144353279,0.9947333177320409,-3.740433704978738e-07,-3.740433704978738e-07,0.750005095868231,,1.0101080158290374,0.0,0.9517354147656465,1.0101080158290374,,0.1960409214789101,0.19627207218752327,success,0.9999359334055892,0.9999359334055892,0.75,0.9462937641688328,0.01,[0.01],,,,,,,,,0.07049931621443331,,,
,,,0.18242368207907886,-0.00015479165012636563,5.972010235997313e-05,typ,,1.0870400511696942e-05,True,,0.3119659423828125,0.4,,,-5.446631171523997e-06,19,4.021689796018898e-09,False,False,135,0.1666666667,312,0.005958875726992908,,,0.005972010235997313,0.002199344690542192,3.266503372303271,0.9928979641603661,-0.00011326215640538684,-0.00011326215640538684,0.7499945533688285,,1.0440102017799373,0.0,0.9868681592371304,0.9868681592371304,,0.18242368207907886,0.18270609090045864,success,0.999933348740978,0.9040045741482707,0.75,0.9754942201058239,0.01,[0.01],,,,,,,,,0.08485282632288114,,,
,,,0.1564290255848355,-0.0001048863940546012,5.1259827565911515e-05,arith,,8.007523722124451e-06,True,,0.3227119445800781,0.48,,,6.977968368682141e-07,21,4.754151877109732e-09,False,False,136,0.1666666667,416,0.00511895007476203,,,0.005125982756591151,0.001371967515902909,3.27237867500868,0.9946838420334733,-4.811570064754047e-07,-4.811570064754047e-07,0.7500006977968369,,0.9771664106626919,0.0,0.892198737232643,0.9771664106626919,,0.1564290255848355,0.1566235072701023,success,0.9999360870429962,0.9999360870429962,0.75,0.9482668838336343,0.01,[0.01],,,,,,,,,0.0670504681995341,,,
,,,0.13697495208744925,-0.00012378762679151107,4.482721050474883e-05,typ,,6.1248816345552975e-06,True,,0.318145751953125,0.48,,,7.836936841587594e-06,18,4.09450570599221e-09,False,False,137,0.1666666667,295,0.0044715340587562135,,,0.004482721050474882,0.002495580606668291,3.2644903251372854,0.9922860711956095,-0.00017397565147914834,-0.00017397565147914834,0.7500078369368416,,1.0233180832709436,0.0,0.9381158762630116,0.9381158762630116,,0.13697495208744925,0.1372025795358499,success,0.9999334258774154,0.8624379725116911,0.75,0.9817407993616196,0.01,[0.01],,,,,,,,,0.09037245489414811,,,
,,,0.1270014018032569,-7.793187344689682e-05,4.1611725961252875e-05,arith,,5.278674151633149e-06,True,,0.33185577392578125,0.56,,,8.89083175192873e-06,20,4.777348153280653e-09,False,False,138,0.1666666667,412,0.004156390462375022,,,0.0041611725961252875,0.0011492274448596965,3.2727122719589015,0.994785243347041,-6.070698671773811e-07,-6.070698671773811e-07,0.7500088908317519,,0.9425785255008852,0.0,0.8280669508249257,0.9425785255008852,,0.1270014018032569,0.12716411524324114,success,0.9999360667906876,0.9999360667906876,0.75,0.9531847864770492,0.01,[0.01],,,,,,,,,0.061363002565612855,,,
,,,0.10250472136317909,-9.781027451548393e-05,3.353880673154992e-05,typ,,3.428319189070245e-06,True,,0.32526397705078125,0.56,,,-3.0015383776227367e-06,20,4.235297782128316e-09,False,False,139,0.1666666667,209,0.0033445475910553893,,,0.003353880673154992,0.0027827710670525817,3.26282296715436,0.991779255142453,-0.0002570182830798404,-0.0002570182830798404,0.7499969984616224,,1.000997187111208,0.0,0.8817356763037226,0.8817356763037226,,0.10250472136317909,0.10268044037798439,success,0.9999338126687491,0.8138872366087737,0.75,0.9877037411834828,0.01,[0.01],,,,,,,,,0.09542026280812713,,,
,,,0.10482835160549096,-5.7343057423900355e-05,3.4348068059375556e-05,arith,,3.5973631292628335e-06,True,,0.34224700927734375,0.64,,,-6.037288518223605e-06,20,4.675998281762493e-09,False,False,140,0.1666666667,385,0.0034316700340773095,,,0.0034348068059375557,0.0009132309435348355,3.27360869604436,0.9950577235951934,-7.514874870991973e-07,-7.514874870991973e-07,0.7499939627114818,,0.9071803971684597,0.0,0.7619639044786419,0.9071803971684597,,0.10482835160549096,0.10496116459661091,success,0.999936262072338,0.999936262072338,0.75,0.9591256011391338,0.01,[0.01],,,,,,,,,0.05470185932113493,,,
,,,0.07621066413500442,-7.723247032970622e-05,2.493300586161628e-05,typ,,1.894196081122506e-06,True,,0.3332862854003906,0.64,,,-1.194380433444664e-07,21,4.324776106076699e-09,False,False,141,0.1666666667,138,0.0024854737885068243,,,0.002493300586161628,0.003139131197515478,3.2613202059280018,0.9913224705038938,-0.00037124931706327953,-0.00037124931706327953,0.7499998805619567,,0.9769870603561666,0.0,0.8178900668147764,0.8178900668147764,,0.07621066413500442,0.0763435163130931,success,0.9999341654078201,0.7587838034902877,0.75,0.9934545129282497,0.01,[0.01],,,,,,,,,0.10134076537227349,,,
,,,0.08780919774364017,-4.208934330912613e-05,2.8777094623085987e-05,arith,,2.525122079425808e-06,True,,0.35382843017578125,0.72,,,4.99220122940347e-06,20,4.652322305998565e-09,False,False,142,0.1666666667,361,0.0028756920052930303,,,0.0028777094623085985,0.0007010634819088725,3.274932557394092,0.995460129191993,-9.140761642288664e-07,-9.140761642288664e-07,0.7500049922012294,,0.871560107201476,0.0,0.6960856852481782,0.871560107201476,,0.08780919774364017,0.08791488596798012,success,0.9999355481301397,0.9999355481301397,0.75,0.9651927676399984,0.01,[0.01],,,,,,,,,0.04793272731178617,,,
,,,0.05599848976791696,-6.114211807686542e-05,1.8320320757858538e-05,typ,,1.0221719359009727e-06,True,,0.34210968017578125,0.72,,,5.10158052713372e-06,20,4.19278984520282e-09,False,False,143,0.1666666667,146,0.0018253562553870917,,,0.0018320320757858537,0.003643942967482368,3.2596526494771423,0.9908155941237192,-0.0005299160850260051,-0.0005299160850260051,0.7500051015805271,,0.9513386458347343,0.0,0.7469629462951776,0.7469629462951776,,0.05599848976791696,0.05609621726306545,success,0.9999344441123087,0.6980175391222835,0.75,0.9982142420073031,0.01,[0.01],,,,,,,,,0.10918529826476744,,,
,,,0.0745114523978952,-3.0943497590358814e-05,2.442650248143255e-05,arith,,1.8190966768492057e-06,True,,0.3664398193359375,0.8,,,8.930568865972432e-06,19,4.677752968831587e-09,False,False,144,0.1666666667,366,0.0024413652107264407,,,0.002442650248143255,0.0005260832645979433,3.276496608453447,0.9959355437058258,-1.0945213092018475e-06,-1.0945213092018475e-06,0.750008930568866,,0.8362522476475907,0.0,0.6322755447470323,0.8362522476475907,,0.0745114523978952,0.07459387171577178,success,0.9999355034577243,0.9999355034577243,0.75,0.9710839525440228,0.01,[0.01],,,,,,,,,0.04152851218778941,,,
,,,0.04036092021415996,-4.841424852430499e-05,1.3205559508987235e-05,typ,,5.30644594265402e-07,True,,0.3516998291015625,0.8,,,-7.02946230890511e-06,19,4.3668543199597526e-09,False,False,145,0.1666666667,165,0.001314748502882831,,,0.0013205559508987234,0.004397729616787602,3.2574790066891817,0.9901548859434438,-0.0007532967569395834,-0.0007532967569395834,0.7499929705376911,,0.9242718635509805,0.0,0.6694993347463719,0.6694993347463719,,0.04036092021415996,0.040430323906910266,success,0.9999278382601535,0.6328754311733902,0.75,0.999845511241784,0.01,[0.01],,,,,,,,,0.11995328220321314,,,
,,,0.06394468715123368,-2.2844550615413107e-05,2.0970091218326757e-05,arith,,1.340404048995917e-06,True,,0.37994384765625,0.88,,,-3.999821770572787e-06,17,4.646897251907542e-09,False,False,146,0.1666666667,399,0.0020961929891466467,,,0.002097009121832676,0.0003891889060147936,3.278134716945292,0.9964334689798107,-1.2925088951882104e-06,-1.2925088951882104e-06,0.7499960001782294,,0.8016685339196923,0.0,0.5718200949363269,0.8016685339196923,,0.06394468715123368,0.0640080322241982,success,0.9999357430563752,0.9999357430563752,0.75,0.976263566759367,0.01,[0.01],,,,,,,,,0.03572548656213477,,,
,,,0.028272563450205436,-3.805761399974966e-05,9.25264774876495e-06,typ,,2.6014768857600357e-07,True,,0.3619194030761719,0.88,,,-6.476436685831644e-07,21,4.267554047824576e-09,False,False,147,0.1666666667,142,0.0009201418507175134,,,0.0009252647748764951,0.005536711542558667,3.2545398733938553,0.9892614965503487,-0.0010772110034759168,-0.0010772110034759168,0.7499993523563314,,0.8961685302752859,0.0,0.5865276828404695,0.5865276828404695,,0.028272563450205436,0.028319173785068777,success,0.9998167314210138,0.5642394075193273,0.75,0.9999644529274381,0.01,[0.01],,,,,,,,,0.1346097040927257,,,
,,,0.055416234901117495,-1.6969525322053544e-05,1.818019053640558e-05,arith,,1.0071897445228691e-06,True,,0.3942718505859375,0.96,,,6.479271486559135e-06,19,4.595986092548645e-09,False,False,148,0.1666666667,322,0.0018174994138812537,,,0.001818019053640558,0.00028582745503344,3.279723743636367,0.9969164751753475,-1.507701145519449e-06,-1.507701145519449e-06,0.7500064792714866,,0.7681027670974493,0.0,0.5154681569569712,0.7681027670974493,,0.055416234901117495,0.055464464304315404,success,0.9999360406063583,0.9999360406063583,0.75,0.9807117555341364,0.01,[0.01],,,,,,,,,0.03062193841269311,,,
,,,0.01900620730914135,-2.9380546826434766e-05,6.2234902553132935e-06,typ,,1.1742172944708514e-07,True,,0.3727569580078125,0.96,,,9.623979716599784e-06,19,4.3424541457198376e-09,False,False,149,0.1666666667,173,0.0006178072644225512,,,0.0006223490255313293,0.007297771704391499,3.2505552232159785,0.9880503081330793,-0.0015712618438469858,-0.0015712618438469858,0.7500096239797166,,0.8674100090438513,0.0,0.4993541285610976,0.4993541285610976,,0.01900620730914135,0.019034417152351636,success,0.99987936574723,0.49242436060870126,0.75,0.9999802268757014,0.01,[0.01],,,,,,,,,0.15458395432898234,,,
,,,0.04844236360325375,-1.2694217091979819e-05,1.589820577052184e-05,arith,,7.699855214273876e-07,True,,0.40926361083984375,1.04,,,-4.5110110458157493e-07,20,4.601781219152582e-09,False,False,150,0.1666666667,284,0.0015894879278261923,,,0.001589820577052184,0.0002092369609459801,3.2811939996243917,0.9973633794062393,-1.739822380220188e-06,-1.739822380220188e-06,0.7499995488988954,,0.7358135541599776,0.0,0.4636838170581324,0.7358135541599776,,0.04844236360325375,0.04847887828768655,success,0.9999352881680434,0.9999352881680434,0.75,0.9843210482665811,0.01,[0.01],,,,,,,,,0.02620478471270791,,,
,,,0.012052382197203908,-2.1961091517204075e-05,3.951090824275118e-06,typ,,4.713776716940213e-08,True,,0.384063720703125,1.04,,,-6.998832693394519e-07,18,4.090317893889619e-09,False,False,151,0.1666666667,150,0.00039110747069021637,,,0.0003951090824275118,0.010127865734469867,3.2450636255208645,0.9863810625974098,-0.0023773421038212946,-0.0023773421038212946,0.7499993001167307,,0.8383025281399247,0.0,0.4098444897811824,0.4098444897811824,,0.012052382197203908,0.012065996582779027,success,0.9999379189280789,0.41783413582798223,0.75,0.9999863065135801,0.01,[0.01],,,,,,,,,0.18221369981362637,,,
,,,0.04267065186847473,-9.572068745307699e-06,1.4008815721122816e-05,arith,,5.976736742255826e-07,True,,0.4248504638671875,1.12,,,-2.38742054536889e-06,19,4.519128730203469e-09,False,False,152,0.1666666667,288,0.001400666847246237,,,0.0014008815721122815,0.00015327838578153906,3.2825063267455166,0.9977622790179542,-1.9885680487611006e-06,-1.9885680487611006e-06,0.7499976125794546,,0.7049484476582305,0.0,0.41656077465609376,0.7049484476582305,,0.04267065186847473,0.04269823514758531,success,0.9999356136645557,0.9999356136645557,0.75,0.9872655671186756,0.01,[0.01],,,,,,,,,0.022432440860786537,,,
,,,0.00700304605026984,-1.560728078227644e-05,2.30152034642299e-06,typ,,1.5874065758216376e-08,True,,0.3960227966308594,1.12,,,9.394167020726485e-06,21,4.215788366117437e-09,False,False,153,0.1666666667,101,0.00022667373089178415,,,0.00023015203464229897,0.015113069740707627,3.2367876673187093,0.9838654729549591,-0.0038033415937475186,-0.0038033415937475186,0.7500093941670207,,0.809084428710155,0.0,0.31980002519036904,0.31980002519036904,,0.00700304605026984,0.007005581192743391,success,0.9998027729849465,0.34168882691886326,0.75,0.9999881857293915,0.01,[0.01],,,,,,,,,0.2228641746783182,,,
,,,0.03784351814996839,-7.2801219263278095e-06,1.242788104061341e-05,arith,,4.7026174155083944e-07,True,,0.4409637451171875,1.2,,,9.853566064976782e-06,19,4.543366036755986e-09,False,False,154,0.1666666667,278,0.0012426480531943678,,,0.001242788104061341,0.00011269086541425434,3.2836483338307323,0.9981094075467603,-2.2536477788577015e-06,-2.2536477788577015e-06,0.750009853566065,,0.6755985186017927,0.0,0.3740054354814506,0.6755985186017927,,0.03784351814996839,0.03786436417663744,success,0.9999356018739397,0.9999356018739397,0.75,0.9896553564590399,0.01,[0.01],,,,,,,,,0.019237434261470454,,,
,,,0.0035424218788573675,-1.0240927336371524e-05,1.1711765989630813e-06,typ,,4.0439250154637385e-09,True,,0.40869140625,1.2,,,6.192844604235859e-06,14,4.2877235506824054e-09,False,False,155,0.1666666667,198,0.00011415706976065014,,,0.00011711765989630813,0.025278767850033836,3.222571270858125,0.9795442066054137,-0.006581236783577486,-0.006581236783577486,0.7500061928446042,,0.7799417750726821,0.0,0.231347589544846,0.231347589544846,,0.0035424218788573675,0.0035371555533414765,success,0.9995961752647614,0.2663730050607047,0.75,0.9999878930963298,0.01,[0.01],,,,,,,,,0.28909395003157573,,,
,,,0.033769722932644866,-5.58513354578186e-06,1.1093015907333516e-05,arith,,3.745768799613507e-07,True,,0.457489013671875,1.28,,,7.303307965167427e-06,18,4.497000027407809e-09,False,False,156,0.1666666667,289,0.001109209218886575,,,0.0011093015907333516,8.327027342991691e-05,3.284626353313409,0.9984066898215904,-2.534833834517275e-06,-2.534833834517275e-06,0.7500073033079652,,0.6478142422405306,0.0,0.33582422326649647,0.6478142422405306,,0.033769722932644866,0.03378551311660501,success,0.9999354648957931,0.9999354648957931,0.75,0.9915722143477746,0.01,[0.01],,,,,,,,,0.016538878796612113,,,
,,,0.0014125186014350953,-5.820163581342264e-06,4.757494366551051e-07,typ,,6.381306247840207e-10,True,,0.42141151428222656,1.28,,,-3.221996284219486e-07,22,4.363672094377828e-09,False,False,157,0.1666666667,80,4.517679442491523e-05,,,4.757494366551051e-05,0.05040782092052833,3.198315008313261,0.972171186910059,-0.012723192491502017,-0.012723192491502017,0.7499996778003716,,0.7509308584640986,0.0,0.1475473492997259,0.1475473492997259,,0.0014125186014350953,0.001402197036265314,success,1.0000650200252874,0.19490787227141934,0.75,0.9999855492305971,0.01,[0.01],,,,,,,,,0.4120415529699272,,,
,,,0.030302729626456804,-4.323002307647092e-06,9.956436137156105e-06,arith,,3.016885039583735e-07,True,,0.4743804931640625,1.36,,,1.4425387031558046e-06,19,4.474297471825685e-09,False,False,158,0.1666666667,255,0.0009955819415521378,,,0.0009956436137156105,6.19420067814227e-05,3.2854530064608833,0.9986579622476818,-2.831867821847709e-06,-2.831867821847709e-06,0.7500014425387032,,0.6215881490390455,0.0,0.30170369525515733,0.6215881490390455,,0.030302729626456804,0.030314737477028668,success,0.9999353288178182,0.9999353288178182,0.75,0.9931013197586108,0.01,[0.01],,,,,,,,,0.014266049167639178,,,
,,,0.0003403363348354827,-2.276728657128699e-06,1.2483327492042664e-07,typ,,3.7301805873737134e-11,True,,0.4355621337890625,1.36,,,-6.722653489887875e-06,19,4.31370812987038e-09,False,False,159,0.1666666667,129,1.0960277248025453e-05,,,1.2483327492042664e-05,0.122006752205136,3.2204252459037646,0.9788918932399083,-0.028946762862359827,-0.028946762862359827,0.7499932773465101,,0.7174647164385629,0.0,0.07186048913899602,0.07186048913899602,,0.0003403363348354827,0.0003268915912453353,success,0.9999472613622417,0.13055154333323876,0.75,0.9999796283249662,0.01,[0.01],,,,,,,,,0.6689643226690035,,,
,,,0.02732992053784322,-3.3759720576777523e-06,8.981427399336611e-06,arith,,2.4545029995294324e-07,True,,0.4915924072265625,1.44,,,-3.6747091598510195e-06,19,4.458132433725855e-09,False,False,160,0.1666666667,248,0.0008981010376999555,,,0.0008981427399336611,4.643163258072108e-05,3.2861458065945417,0.9988685482363913,-3.1445089653348935e-06,-3.1445089653348935e-06,0.7499963252908401,,0.5968854251461636,0.0,0.27129917703267326,0.5968854251461636,,0.02732992053784322,0.027339099273280605,success,0.9999352528236001,0.9999352528236001,0.75,0.9943074216731549,0.01,[0.01],,,,,,,,,0.012352659617151495,,,
,,,4.247328873656827e-05,-3.4291224738238624e-07,1.798956706946628e-08,typ,,6.464872669824627e-13,True,,0.45073699951171875,1.44,,,2.6063277396293216e-06,20,4.3237268227154245e-09,False,False,161,0.1666666667,115,1.5221031528595898e-06,,,1.7989567069466278e-06,0.15389672970893337,3.583671521883124,1.0893055211476084,-0.08426614571752276,-0.08426614571752276,0.7500026063277396,,0.686937160567845,0.0,0.02502285110451288,0.02502285110451288,,4.247328873656827e-05,3.9270518260762534e-05,success,0.9998631716006805,0.07684049925562095,0.75,0.9999628990615105,0.01,[0.01],,,,,,,,,0.8073597726543571,,,
,,,0.024763482328466715,-2.659537544226866e-06,8.13935775642568e-06,arith,,2.0155176882636668e-07,True,,0.5090789794921875,1.52,,,-9.985720677119225e-06,19,4.454562262146763e-09,False,False,162,0.1666666667,239,0.0008139072128586455,,,0.000813935775642568,3.509218390099073e-05,3.2867235797568877,0.9990441702184483,-3.4725366572805954e-06,-3.4725366572805954e-06,0.7499900142793229,,0.5736513029146113,0.0,0.24425831891574637,0.5736513029146113,,0.024763482328466715,0.024770540490332796,success,0.9999351709991608,0.9999351709991608,0.75,0.9952941782061103,0.01,[0.01],,,,,,,,,0.010739755858850312,,,
,,,8.255624638890962e-06,-4.13917747251437e-08,3.0854287215958372e-09,typ,,2.3758862360651392e-14,True,,0.4664897918701172,1.52,,,6.462400726769957e-07,22,4.319110421816158e-09,False,False,163,0.1666666667,81,2.8779000257263505e-07,,,3.0854287215958373e-07,0.06726089454503727,3.4859870108059563,1.0596129902900233,-0.3418279267926512,-0.3418279267926512,0.7500006462400727,,0.2588997366470251,0.0,0.010233827541807709,0.010233827541807709,,8.255624638890962e-06,6.549543127365876e-06,success,0.9996695029947475,0.038071551700308376,0.75,0.9998956794935552,0.01,[0.01],,,,,,,,,0.5013766557427224,,,
,,,0.022533786624988766,-2.113437532217174e-06,7.4075126322207265e-06,arith,,1.6691484245816816e-07,True,,0.5268402099609375,1.6,,,3.7495489731975695e-06,19,4.4235987533793735e-09,False,False,164,0.1666666667,231,0.0007407314413506894,,,0.0007407512632220726,2.6759146244296264e-05,3.2872035831264053,0.9991900737471038,-3.815687017337771e-06,-3.815687017337771e-06,0.7500037495489732,,0.5518130722449078,0.0,0.2202234544101326,0.5518130722449078,,0.022533786624988766,0.022539250751859755,success,0.9999348373424257,0.9999348373424257,0.75,0.9960812303233677,0.01,[0.01],,,,,,,,,0.009378971973904663,,,
,,,2.9908727333010555e-06,-1.0337818911951645e-08,1.0454531631854096e-09,typ,,3.0199468598582755e-15,True,,0.48488616943359375,1.6,,,-4.088644989130863e-06,20,4.375661420173358e-09,False,False,165,0.1666666667,85,1.0097209507557784e-07,,,1.0454531631854096e-07,0.03417868316621488,3.3760077435369156,1.0261833016825745,-1.5086343807532785,-1.5086343807532785,0.7499959113550109,,0.9781120950204242,0.0,0.00716381846661723,0.00716381846661723,,2.9908727333010555e-06,3.207871666859071e-06,success,0.999849944390712,0.017935820970885363,0.75,0.9995053716402568,0.01,[0.01],,,,,,,,,0.3456455634787807,,,
,,,0.020585899827216207,-1.6930942309572143e-06,6.76796605382893e-06,arith,,1.3932180465004722e-07,True,,0.5447845458984375,1.68,,,3.159193565416274e-06,19,4.494580127973344e-09,False,False,166,0.1666666667,212,0.000676782680472644,,,0.000676796605382893,2.0574734179102058e-05,3.287603098009265,0.999311511709546,-4.173840775863972e-06,-4.173840775863972e-06,0.7500031591935654,,0.5313005276949999,0.0,0.198885652486992,0.5313005276949999,,0.020585899827216207,0.020590158218637047,success,0.9999352328984732,0.9999352328984732,0.75,0.9967152304384577,0.01,[0.01],,,,,,,,,0.008224533516474264,,,
,,,1.5039106435402932e-06,-3.942379245661329e-09,5.064149240854777e-10,typ,,7.460604402631784e-16,True,,0.5037574768066406,1.68,,,-6.065759538764759e-06,21,4.056511460969798e-09,False,False,167,0.1666666667,64,4.960802980334713e-08,,,5.0641492408547775e-08,0.020407427902464498,3.298602215259741,1.0026548424460633,-4.101103346078843,-4.101103346078843,0.7499939342404612,,0.5265280290029227,0.0,0.005030196122489843,0.005030196122489843,,1.5039106435402932e-06,1.5814901443234178e-06,success,1.0006321401054359,0.010730873949605542,0.75,0.9988991184552819,0.01,[0.01],,,,,,,,,0.2621418541450534,,,
,,,0.018874992696481605,-1.367088799252834e-06,6.206074914169028e-06,arith,,1.1713774974697307e-07,True,,0.5629119873046875,1.76,,,2.780362500010014e-06,19,4.480544126212474e-09,False,False,168,0.1666666667,210,0.0006205975897877203,,,0.0006206074914169027,1.5954736801314852e-05,3.2879355227692497,0.999412556720007,-4.546773182464471e-06,-4.546773182464471e-06,0.7500027803625,,0.5120301143750299,0.0,0.17993194793730383,0.5120301143750299,,0.018874992696481605,0.018878334609530333,success,0.9999348818432943,0.9999348818432943,0.75,0.9972322460717373,0.01,[0.01],,,,,,,,,0.007242857368139094,,,
,,,8.564428497713261e-07,-1.7559170080328588e-09,2.864296933757548e-10,typ,,2.422274183147595e-16,True,,0.5244941711425781,1.76,,,-5.7573270730859605e-06,21,3.741881599833775e-09,False,False,169,0.1666666667,44,2.8282963466790024e-08,,,2.8642969337575482e-08,0.012568734286678221,3.3023760399589643,1.0038019476022153,-7.644850497956301,-7.644850497956301,0.7499942426729269,,0.6920480303773581,0.0,0.0037530209849684125,0.0037530209849684125,,8.564428497713261e-07,8.803374421969993e-07,success,0.9996150989380393,0.007758998950330138,0.75,0.9972442724831752,0.01,[0.01],,,,,,,,,0.20502442264556195,,,
,,,0.01736489557034432,-1.1120714972023726e-06,5.710018545143517e-06,arith,,9.915263903813169e-08,True,,0.5811767578125,1.84,,,-8.807946114908205e-06,16,4.453857121794524e-09,False,False,170,0.1666666667,259,0.0005709947326574429,,,0.0005710018545143518,1.2472563534761383e-05,3.2882128795095364,0.9994968630596581,-4.934347590359114e-06,-4.934347590359114e-06,0.7499911920538851,,0.4939224142821031,0.0,0.16309030274222036,0.4939224142821031,,0.01736489557034432,0.01736753624412917,success,0.9999345980783941,0.9999345980783941,0.75,0.9976543491554873,0.01,[0.01],,,,,,,,,0.006404135819287982,,,
,,,5.442620263639055e-07,-9.60263943323685e-10,1.81714735424169e-10,typ,,9.797832328129163e-17,True,,0.5442466735839844,1.84,,,-7.889060637311651e-06,21,3.3457262904708027e-09,False,False,171,0.1666666667,32,1.8002050213913172e-08,,,1.81714735424169e-08,0.00932358777114307,3.3076072446539944,1.0053920431569425,-11.874598801083252,-11.874598801083252,0.7499921109393627,,0.4864344898612515,0.0,0.002947763771888187,0.002947763771888187,,5.442620263639055e-07,5.430862949821029e-07,success,0.9998534821957388,0.006151154739988789,0.75,0.993946500682944,0.01,[0.01],,,,,,,,,0.1764341248899903,,,
,,,0.016025709063731464,-9.113082516372648e-07,5.270017033966308e-06,arith,,8.445492926452356e-08,True,,0.5996246337890625,1.92,,,6.614370393620561e-07,19,4.338731902809018e-09,False,False,172,0.1666666667,204,0.0005269965212064,,,0.0005270017033966308,9.833346263121964e-06,3.288444330984834,0.9995672158719568,-5.336274424356819e-06,-5.336274424356819e-06,0.7500006614370394,,0.4768942208742447,0.0,0.14809952135704538,0.4768942208742447,,0.016025709063731464,0.01602781052706393,success,0.9999346122332042,0.9999346122332042,0.75,0.9980036653232948,0.01,[0.01],,,,,,,,,0.005686539347576759,,,
,,,3.742238419144145e-07,-5.783307462351726e-10,1.2470042027525766e-10,typ,,4.6331403911708146e-17,True,,0.56304931640625,1.92,,,8.05883733190349e-06,17,2.983274668896182e-09,False,False,173,0.1666666667,47,1.2380665987151133e-08,,,1.2470042027525767e-08,0.007167260557530533,3.308358420942781,1.0056203733690545,-16.53229803913535,-16.53229803913535,0.7500080588373319,,0.08265962252967862,0.0,0.0023222703874812,0.0023222703874812,,3.742238419144145e-07,3.370603304415845e-07,success,0.9998229453281247,0.005155637673398212,0.75,0.9927355134198836,0.01,[0.01],,,,,,,,,0.15454139513843096,,,
,,,0.014833203949557528,-7.517651859464397e-07,4.878142903651768e-06,arith,,7.235792343405864e-08,True,,0.6181640625,2.0,,,-5.952643770790189e-06,13,4.371380420387033e-09,False,False,174,0.1666666667,290,0.00048781048032591135,,,0.0004878142903651768,7.810429790038997e-06,3.2886386648817205,0.99962628629332,-5.752536155434972e-06,-5.752536155434972e-06,0.7499940473562292,,0.4608740028704994,0.0,0.13475230751740722,0.4608740028704994,,0.014833203949557528,0.014834887254635644,success,0.9999344475666677,0.9999344475666677,0.75,0.9982902079943383,0.01,[0.01],,,,,,,,,0.005068124111978281,,,
,,,2.6747754248229785e-07,-3.435125943244083e-10,8.874406101649762e-11,typ,,2.361904244813239e-17,True,,0.5829277038574219,2.0,,,1.1207485868247602e-06,21,2.778345300491468e-09,False,False,175,0.1666666667,25,8.830289911047593e-09,,,8.874406101649761e-09,0.004971171039149026,3.301320114241739,1.0034809846716923,-21.50681432098999,-21.50681432098999,0.7500011207485868,,0.06069045691834898,0.0,0.001960175632775596,0.001960175632775596,,2.6747754248229785e-07,2.4014378931852834e-07,success,1.0002665318572226,0.004473357139412197,0.75,0.9911291020099939,0.01,[0.01],,,,,,,,,0.12842670496239608,,,
,,,0.013766912884059441,-6.242352847681285e-07,4.5276933945506615e-06,arith,,6.233197085881957e-08,True,,0.6368408203125,2.08,,,-5.688315674046152e-07,16,4.446536599963439e-09,False,False,176,0.1666666667,238,0.0004527665089752481,,,0.00045276933945506616,6.251482976941167e-06,3.288802019656139,0.999675940190613,-6.182858446298939e-06,-6.182858446298939e-06,0.7499994311684326,,0.4457866424028549,0.0,0.12284310166016564,0.4457866424028549,,0.013766912884059441,0.013768270392331555,success,0.999934033043786,0.999934033043786,0.75,0.9985279711460802,0.01,[0.01],,,,,,,,,0.004534315645237531,,,
,,,1.9672324441669129e-07,-2.261386141203379e-10,6.510031352862697e-11,typ,,1.2755606217099051e-17,True,,0.6032180786132812,2.08,,,-6.875968460162696e-06,20,2.3245007979653725e-09,False,False,177,0.1666666667,29,6.4840361162815295e-09,,,6.510031352862697e-09,0.0039931046675737375,3.2960193064665524,1.001869732317565,-26.78649204878295,-26.78649204878295,0.7499931240315398,,0.07911722435330085,0.0,0.001714681339127375,0.001714681339127375,,1.9672324441669129e-07,1.8375867167339018e-07,success,1.0006618106235459,0.003968599909421235,0.75,0.9960606777103809,0.01,[0.01],,,,,,,,,0.1149526660110079,,,
,,,0.01280995800190294,-5.214927110458241e-07,4.213139575829823e-06,arith,,5.396986906788753e-08,True,,0.655609130859375,2.16,,,1.7442558244429307e-06,18,4.300155480283266e-09,False,False,178,0.1666666667,203,0.0004213118345889207,,,0.00042131395758298235,5.038983455034508e-06,3.288940014684936,0.9997178856495765,-6.627168959085373e-06,-6.627168959085373e-06,0.7500017442558244,,0.4315661597672254,0.0,0.11220470499757743,0.4315661597672254,,0.01280995800190294,0.012811060488421218,success,0.9999341375682052,0.9999341375682052,0.75,0.9987267490826736,0.01,[0.01],,,,,,,,,0.004070994697783986,,,
,,,1.4918898793290026e-07,-1.6284688224333473e-10,4.911529718079378e-11,typ,,7.30094237136988e-18,True,,0.6243209838867188,2.16,,,3.6116455235379874e-06,20,1.863120244141226e-09,False,False,179,0.1666666667,24,4.8937542056747345e-09,,,4.9115297180793775e-09,0.0036191397436141264,3.2802382223249382,0.997072857944402,-32.40841569292991,-32.40841569292991,0.7500036116455235,,0.39357232092258965,0.0,0.0015690415447951053,0.0015690415447951053,,1.4918898793290026e-07,1.5386848044638375e-07,success,0.9996356273477944,0.0035727429233055434,0.75,0.9884938199278972,0.01,[0.01],,,,,,,,,0.1091547603477123,,,
,,,0.011948074541027478,-4.381882401233838e-07,3.929805788437804e-06,arith,,4.695342048308235e-08,True,,0.674468994140625,2.24,,,5.0625616903055e-06,18,4.389562635474446e-09,False,False,180,0.1666666667,195,0.00039297897181552556,,,0.0003929805788437804,4.089332504813394e-06,3.28905691428446,0.9997534188669498,-7.0853088840977605e-06,-7.0853088840977605e-06,0.7500050625616903,,0.41814910431845503,0.0,0.1026843729247196,0.41814910431845503,,0.011948074541027478,0.01194897780767342,success,0.999934208960553,0.999934208960553,0.75,0.9988934683768961,0.01,[0.01],,,,,,,,,0.0036674381183238055,,,
,,,1.1666034544517642e-07,-1.237374921138812e-10,3.824911555245852e-11,typ,,4.446844066367648e-18,True,,0.6440963745117188,2.24,,,-6.5223093314026315e-06,20,2.218623187560012e-09,False,False,181,0.1666666667,20,3.811787158179989e-09,,,3.824911555245852e-09,0.003431294260350556,3.267423170773403,0.9931775493694847,-38.27922335159304,-38.27922335159304,0.7499934776906686,,1.816292250342703,0.0,0.0014474310642234498,0.0014474310642234498,,1.1666034544517642e-07,1.3094124212562355e-07,success,0.9998442309813373,0.003256354761307452,0.75,0.9834165861096397,0.01,[0.01],,,,,,,,,0.10606645440804958,,,
,,,0.01116927862153413,-3.7016197587776186e-07,3.6737626106657107e-06,arith,,4.103314116801155e-08,True,,0.6933746337890625,2.32,,,-5.649082460146282e-06,19,4.214993561526341e-09,False,False,182,0.1666666667,180,0.0003673750343097408,,,0.00036737626106657107,3.3392381606981903e-06,3.289156325650697,0.9997836362988336,-7.557253147069112e-06,-7.557253147069112e-06,0.7499943509175399,,0.4054780675244171,0.0,0.09415297360501386,0.4054780675244171,,0.01116927862153413,0.011170027245181301,success,0.999933848429181,0.999933848429181,0.75,0.9990357052067628,0.01,[0.01],,,,,,,,,0.003314108174937077,,,
,,,9.322838765686429e-08,-9.576531540904234e-11,3.042689197935969e-11,typ,,2.8274790850098868e-18,True,,0.6635513305664062,2.32,,,4.0172170578944844e-07,20,1.8439178377432723e-09,False,False,183,0.1666666667,19,3.0328520701405726e-09,,,3.042689197935969e-09,0.0032330373414641025,3.2531422524470393,0.9888366707245044,-44.34304958692146,-44.34304958692146,0.7500004017217058,,0.22277320780628768,0.0,0.00124385018728461,0.00124385018728461,,9.322838765686429e-08,9.669781853469657e-08,success,0.9999672207623989,0.0029977262309620442,0.75,0.9848040823938978,0.01,[0.01],,,,,,,,,0.1027211966397139,,,
,,,0.010463294552787664,-3.143584653743266e-07,3.4416391076482685e-06,arith,,3.6010784906472374e-08,True,,0.712371826171875,2.4,,,-7.805136243321797e-06,18,4.2398414097069125e-09,False,False,184,0.1666666667,183,0.0003441629663085253,,,0.00034416391076482687,2.7442049326977044e-06,3.2892409228490305,0.9998093507636375,-8.04273994971618e-06,-8.04273994971618e-06,0.7499921948637567,,0.39349741319755505,0.0,0.0864892579072803,0.39349741319755505,,0.010463294552787664,0.010463922697323193,success,0.9999335308081557,0.9999335308081557,0.75,0.9991609027237845,0.01,[0.01],,,,,,,,,0.0030043927731211026,,,
,,,7.513031586582104e-08,-7.302381235782631e-11,2.452411113324624e-11,typ,,1.8371717385980175e-18,True,,0.6841220855712891,2.4,,,1.989715658234914e-06,22,1.7628484365816462e-09,False,False,185,0.1666666667,12,2.4453134762259135e-09,,,2.452411113324624e-09,0.002894146523862683,3.2547626720924745,0.9893292192339228,-50.57243279995715,-50.57243279995715,0.7500019897156582,,0.13438707744035122,0.0,0.0011010487355608166,0.0011010487355608166,,7.513031586582104e-08,7.576933848923914e-08,success,0.9998627982575996,0.0027818367768059882,0.75,0.9828028069152178,0.01,[0.01],,,,,,,,,0.09719620038366823,,,
,,,0.2524813983846069,-9.497854867931746e-06,8.252910499153162e-05,arith,,2.0836973626444853e-05,True,,0.3545379638671875,0.0,,,-4.963254184198185e-06,19,4.841406184137001e-09,False,False,186,0.25,700,0.008252874770086517,,,0.008252910499153162,4.3292686438545115e-06,3.268706060283636,0.9935675010204621,-2.8764468699787014e-07,-2.8764468699787014e-07,0.7499950367458158,,1.0506139052097838,0.0,1.0506139052097838,1.0506139052097838,,0.2524813983846069,0.25299082980162496,success,0.9999353853886921,0.9999353853886921,0.75,0.9999998345053076,0.01,[0.01],,,,,,,,,0.0037618038115677685,,,
,,,0.2524791247785388,-9.506158768561168e-06,8.252833084874668e-05,typ,,2.083659037507071e-05,True,,0.3545379638671875,0.0,,,-6.165530973212263e-06,19,3.970604665732147e-09,False,False,187,0.25,366,0.008252797292983116,,,0.008252833084874667,4.3369217798496505e-06,3.2687048088518327,0.9935671206308074,-1.1440671334126675e-06,-1.1440671334126675e-06,0.7499938344690268,,1.0506305992626497,0.0,1.0506305992626497,1.0506305992626497,,0.2524791247785388,0.2530676509069016,success,0.9999330455194498,0.9999330455194498,0.75,0.9999998345345161,0.01,[0.01],,,,,,,,,0.0037651266325085145,,,
,,,0.24331833932458344,-2.320079820357018e-05,7.955336230192673e-05,arith,,1.935625372595445e-05,True,,0.35504150390625,0.08,,,-9.31302580076121e-06,17,4.838122614071982e-09,False,False,188,0.25,793,0.007955115006819714,,,0.007955336230192673,2.7808173854339073e-05,3.2694268047784494,0.9937865810764166,-2.974734862139011e-07,-2.974734862139011e-07,0.7499906869741992,,1.0457535607070365,0.0,1.0447126574551033,1.0457535607070365,,0.24331833932458344,0.2437908548810013,success,0.9999354023892771,0.9999354023892771,0.75,0.9999997518804302,0.01,[0.01],,,,,,,,,0.009535162153404567,,,
,,,0.24388416000879778,-2.2232964560161808e-05,7.973390632759485e-05,typ,,1.94453424642125e-05,True,,0.35501861572265625,0.08,,,6.5128773821809816e-06,20,4.159023560094977e-09,False,False,189,0.25,348,0.007973187952637448,,,0.007973390632759484,2.541956507230143e-05,3.2692520712906594,0.9937334684650021,-4.8554834814062845e-06,-4.8554834814062845e-06,0.7500065128773822,,1.0465754380612873,0.0,1.045543986268859,1.045543986268859,,0.24388416000879778,0.2443760577106565,success,0.9999330698758458,0.9963031151553734,0.75,0.999999786177828,0.01,[0.01],,,,,,,,,0.009116198673730916,,,
,,,0.21997060741044988,-5.365217023136713e-05,7.198175613776335e-05,arith,,1.583099206472415e-05,True,,0.356597900390625,0.16,,,7.249376659079765e-06,18,4.822831391963823e-09,False,False,190,0.25,700,0.007196867004683319,,,0.007198175613776335,0.00018179732799395985,3.2717402972181935,0.9944897984534441,-3.269367237131735e-07,-3.269367237131735e-07,0.7500072493766591,,1.0318148420881348,0.0,1.0272362469856138,1.0318148420881348,,0.21997060741044988,0.22033840160596493,success,0.999935456334763,0.999935456334763,0.75,0.999998494855708,0.01,[0.01],,,,,,,,,0.024390608755857957,,,
,,,0.2214999935644164,-5.2302926856092135e-05,7.246034688809211e-05,typ,,1.604723077323007e-05,True,,0.356414794921875,0.16,,,4.607650695653831e-06,18,4.046921455481516e-09,False,False,191,0.25,369,0.007244799656647949,,,0.007246034688809211,0.00017044248534572417,3.2707900077392207,0.9942009450890069,-1.604387395139767e-05,-1.604387395139767e-05,0.7500046076506957,,1.0352089990962825,0.0,1.0307711586549269,1.0307711586549269,,0.2214999935644164,0.22183807311652332,success,0.9999330867745387,0.9854547985827927,0.75,0.9999925687382037,0.01,[0.01],,,,,,,,,0.023613060214776688,,,
,,,0.19091165824542033,-8.200544336122143e-05,6.256266208693645e-05,arith,,1.1937216670524056e-05,True,,0.3592071533203125,0.24,,,-6.013892125844578e-06,19,4.813485446432113e-09,False,False,192,0.25,596,0.0062527436932,,,0.006256266208693645,0.0005630379808247354,3.2752026516693844,0.995542228006996,-3.759796585733888e-07,-3.759796585733888e-07,0.7499939861078742,,1.0106456319816424,0.0,0.9990404626593413,1.0106456319816424,,0.19091165824542033,0.19114397735897715,success,0.9999359855586586,0.9999359855586586,0.75,0.9778317333010492,0.01,[0.01],,,,,,,,,0.04295465458468858,,,
,,,0.19254476127642964,-8.386442603648922e-05,6.304799153274651e-05,typ,,1.2132527236676604e-05,True,,0.35872650146484375,0.24,,,5.601561884560624e-06,20,4.229467388768566e-09,False,False,193,0.25,329,0.006301146370457915,,,0.0063047991532746515,0.0005793654528771756,3.272561833770997,0.9947395156212506,-3.54472157382829e-05,-3.54472157382829e-05,0.7500056015618846,,1.0185518903804351,0.0,1.0075629120185212,1.0075629120185212,,0.19254476127642964,0.19285699283982996,success,0.9999331338940546,0.9675011349634987,0.75,0.9874900070728906,0.01,[0.01],,,,,,,,,0.043555807740771536,,,
,,,0.1627833970881199,-9.80330353774426e-05,5.3421216032979e-05,arith,,8.686476546401342e-06,True,,0.3629951477050781,0.32,,,-6.219623053249634e-07,21,4.7690895004546275e-09,False,False,194,0.25,461,0.005336217760401617,,,0.0053421216032978995,0.0011051494770612155,3.2781093501279805,0.9964257583919449,-4.4448930278638294e-07,-4.4448930278638294e-07,0.7499993780376947,,0.9846597487323122,0.0,0.9615093143132702,0.9846597487323122,,0.1627833970881199,0.16290752404114833,success,0.9999353446651371,0.9999353446651371,0.75,0.9505599425421716,0.01,[0.01],,,,,,,,,0.06022299394843944,,,
,,,0.1630979340120714,-0.00010531985283619548,5.3449810771671604e-05,typ,,8.706461438794362e-06,True,,0.36193084716796875,0.32,,,-3.914553494688278e-06,20,4.085964036833877e-09,False,False,195,0.25,308,0.005338180088872228,,,0.00534498107716716,0.0012724064307701737,3.2729906244410993,0.9948698523559393,-6.425808354169709e-05,-6.425808354169709e-05,0.7499960854465053,,0.9991210810827368,0.0,0.9774990571396113,0.9774990571396113,,0.1630979340120714,0.16329890977690087,success,0.999933188325066,0.9426036315539387,0.75,0.975892163942934,0.01,[0.01],,,,,,,,,0.06457460879204051,,,
,,,0.13850827275911962,-0.00010080012200739068,4.548677640904436e-05,arith,,6.290134169200299e-06,True,,0.36801910400390625,0.4,,,-7.18233197483098e-06,20,4.764932225439169e-09,False,False,196,0.25,455,0.004541341859153425,,,0.004548677640904436,0.0016127284301362828,3.2787513472580034,0.9966209021192717,-5.323132737950625e-07,-5.323132737950625e-07,0.7499928176680252,,0.9562542078292394,0.0,0.9164792509041724,0.9562542078292394,,0.13850827275911962,0.13858338083800567,success,0.9999353530433301,0.9999353530433301,0.75,0.9325219774984977,0.01,[0.01],,,,,,,,,0.07277552452241798,,,
,,,0.1360963948902855,-0.0001126018628913726,4.460945800777792e-05,typ,,6.058507233341545e-06,True,,0.3660736083984375,0.4,,,8.917032355615362e-06,19,4.3516289781492655e-09,False,False,197,0.25,298,0.004451629477934098,,,0.004460945800777792,0.0020884187478964204,3.2709385737387033,0.9942461037377567,-0.00010425726649937049,-0.00010425726649937049,0.7500089170323556,,0.9792631393604835,0.0,0.9420485454042902,0.9420485454042902,,0.1360963948902855,0.1362551779485737,success,0.9999332923856386,0.9109570422669999,0.75,0.9739330760525027,0.01,[0.01],,,,,,,,,0.08273684470639132,,,
,,,0.11845493826312643,-9.354467111879634e-05,3.889107217698172e-05,arith,,4.59808894821644e-06,True,,0.37438201904296875,0.48,,,-3.6517730833685036e-06,20,4.772390682218757e-09,False,False,198,0.25,427,0.0038817199313401426,,,0.003889107217698172,0.0018994812805396952,3.2769591443436465,0.996076137757442,-6.392368617229218e-07,-6.392368617229218e-07,0.7499963482269166,,0.9270665120597619,0.0,0.865724210362822,0.9270665120597619,,0.11845493826312643,0.11853023985780915,success,0.9999361314120467,0.9999361314120467,0.75,0.9245404537435798,0.01,[0.01],,,,,,,,,0.07897068074190677,,,
,,,0.11219471080175482,-0.00010743142811328198,3.67579117273568e-05,typ,,4.112501764180769e-06,True,,0.37115478515625,0.48,,,7.805696102036741e-06,17,4.116693214368887e-09,False,False,199,0.25,292,0.003665504135437769,,,0.00367579117273568,0.0027985913275521274,3.2670917454519057,0.9930768081518951,-0.00015846977248147555,-0.00015846977248147555,0.750007805696102,,0.9603371810802056,0.0,0.9018737524254805,0.9018737524254805,,0.11219471080175482,0.11234237394918392,success,0.999933394980851,0.8727880828495814,0.75,0.9773513073502917,0.01,[0.01],,,,,,,,,0.09575444987162592,,,
,,,0.10199198720717459,-8.051680700248891e-05,3.345725099921317e-05,arith,,3.4058885596891028e-06,True,,0.38211822509765625,0.56,,,-3.354032236391191e-07,20,4.74334066388364e-09,False,False,200,0.25,391,0.0033393687611662855,,,0.003345725099921317,0.0018998389183799908,3.2741481488963267,0.995221697599635,-7.650021686297611e-07,-7.650021686297611e-07,0.7499996645967764,,0.8978358562943956,0.0,0.8108802827897945,0.8978358562943956,,0.10199198720717459,0.10208577542879751,success,0.9999355108187207,0.9999355108187207,0.75,0.9251830353016026,0.01,[0.01],,,,,,,,,0.07894424768774873,,,
,,,0.09117882789474259,-9.47318909245406e-05,2.9852211905638976e-05,typ,,2.712915560463503e-06,True,,0.37722015380859375,0.56,,,-1.5351161899435084e-06,20,4.4392550950668945e-09,False,False,201,0.25,180,0.002975378849567259,,,0.0029852211905638977,0.0032970223539045868,3.263234369498646,0.9919043064598819,-0.0002312541123187839,-0.0002312541123187839,0.7499984648838101,,0.9423804497081093,0.0,0.856682300429858,0.856682300429858,,0.09117882789474259,0.09131732915404775,success,0.9999335048851462,0.8283717730742177,0.75,0.9828810313977127,0.01,[0.01],,,,,,,,,0.10389680708979906,,,
,,,0.08835110178300697,-6.556537524397608e-05,2.8956856348749817e-05,arith,,2.554071344153423e-06,True,,0.391204833984375,0.64,,,-8.345605553627955e-06,18,4.672979554099039e-09,False,False,202,0.25,429,0.0028908200267001778,,,0.002895685634874982,0.001680295718638723,3.27196828150499,0.9945590973668144,-9.093166823199083e-07,-9.093166823199083e-07,0.7499916543944464,,0.8686509598810688,0.0,0.7535224016534491,0.8686509598810688,,0.08835110178300697,0.0884574230247431,success,0.9999357335963988,0.9999357335963988,0.75,0.9310344080266965,0.01,[0.01],,,,,,,,,0.07421002559199168,,,
,,,0.07280268540308701,-7.95596291768513e-05,2.38239410086503e-05,typ,,1.7281171477197132e-06,True,,0.38431549072265625,0.64,,,8.498521010369409e-06,20,4.269384643241759e-09,False,False,203,0.25,146,0.00237369973120035,,,0.00238239410086503,0.003649425450441936,3.2604562840750644,0.9910598697497515,-0.00032902125453404963,-0.00032902125453404963,0.7500084985210104,,0.9244641998947616,0.0,0.8057375635567231,0.8057375635567231,,0.07280268540308701,0.07292453867458974,success,0.9999329732558432,0.7781652665642076,0.75,0.9900653174256027,0.01,[0.01],,,,,,,,,0.1092811738143354,,,
,,,0.07691541351431433,-5.137054612089441e-05,2.519498830311171e-05,arith,,1.935244010813391e-06,True,,0.40161895751953125,0.72,,,6.865134904443515e-06,20,4.6953353442487375e-09,False,False,204,0.25,342,0.0025160678755932744,,,0.002519498830311171,0.001361760790130244,3.271214130734696,0.9943298630207413,-1.071846268249437e-06,-1.071846268249437e-06,0.7500068651349044,,0.839348923401768,0.0,0.6951669736621575,0.839348923401768,,0.07691541351431433,0.07702090203629053,success,0.9999357640561928,0.9999357640561928,0.75,0.9396336569833672,0.01,[0.01],,,,,,,,,0.06678836370207397,,,
,,,0.05694688559086877,-6.51156199948668e-05,1.8631485695635456e-05,typ,,1.0567650403299445e-06,True,,0.39239501953125,0.72,,,-5.874369858438477e-06,17,4.344712791489178e-09,False,False,205,0.25,185,0.0018557029578793907,,,0.0018631485695635454,0.003996252261245554,3.2586557431982652,0.9905125709512503,-0.000460172679920734,-0.000460172679920734,0.7499941256301416,,0.9054671580545047,0.0,0.7485183995206659,0.7485183995206659,,0.05694688559086877,0.05704562737065562,success,0.9999036103511508,0.723224670352476,0.75,0.9967047262896005,0.01,[0.01],,,,,,,,,0.11434447963087177,,,
,,,0.067263546911227,-3.925661906220653e-05,2.2030277830999917e-05,arith,,1.4802935442126319e-06,True,,0.41320037841796875,0.8,,,-3.0915883738602545e-06,20,4.645955957018381e-09,False,False,206,0.25,319,0.002200736672668023,,,0.0022030277830999917,0.001039982541093939,3.271811811489079,0.9945115361851644,-1.2522841345744646e-06,-1.2522841345744646e-06,0.7499969084116261,,0.809932112138003,0.0,0.6373862231925944,0.809932112138003,,0.067263546911227,0.06735814925652082,success,0.9999357716114522,0.9999357716114522,0.75,0.9488956737581947,0.01,[0.01],,,,,,,,,0.0583623981560422,,,
,,,0.04350383461457567,-5.2640534751879616e-05,1.4233635755134585e-05,typ,,6.164467099565221e-07,True,,0.40139007568359375,0.8,,,-5.280736695700838e-07,20,4.26478644369173e-09,False,False,207,0.25,141,0.0014169939625275829,,,0.0014233635755134585,0.004475042846012021,3.2571702588553615,0.9900610378555348,-0.0006358103915125205,-0.0006358103915125205,0.7499994719263304,,0.8846611349830956,0.0,0.6849504410366565,0.6849504410366565,,0.04350383461457567,0.043578844520311646,success,0.9999864941987988,0.66508365972266,0.75,0.9996536368396021,0.01,[0.01],,,,,,,,,0.12100205698704718,,,
,,,0.05907642491758407,-2.9573876666274943e-05,1.9352322782831788e-05,arith,,1.1423914296797416e-06,True,,0.4258575439453125,0.88,,,-7.733778883856068e-06,19,4.564705684299109e-09,False,False,208,0.25,329,0.0019337517990864566,,,0.0019352322782831787,0.000765013695428597,3.2733053866820505,0.9949655286043965,-1.4502909113119208e-06,-1.4502909113119208e-06,0.7499922662211161,,0.7804888943630529,0.0,0.5814082868252378,0.7804888943630529,,0.05907642491758407,0.059155668057927074,success,0.9999354814503315,0.9999354814503315,0.75,0.9577520790565653,0.01,[0.01],,,,,,,,,0.05006036961026782,,,
,,,0.032329213604174255,-4.220185242173299e-05,1.0579431997538825e-05,typ,,3.4024372051144286e-07,True,,0.4111976623535156,0.88,,,-3.9392152183514995e-06,21,4.319547577017503e-09,False,False,209,0.25,132,0.0010524342617090803,,,0.0010579431997538825,0.005207215326951185,3.2553661050796268,0.9895126408674442,-0.0008738484370805714,-0.0008738484370805714,0.7499960607847816,,0.8619343358958904,0.0,0.615512662472495,0.615512662472495,,0.032329213604174255,0.032383141952504274,success,0.999895616636308,0.6048289593632278,0.75,0.9999439859735842,0.01,[0.01],,,,,,,,,0.13053782544306616,,,
,,,0.05211048764843335,-2.2133584401487607e-05,1.7076792261109057e-05,arith,,8.893900766389281e-07,True,,0.43947601318359375,0.96,,,5.24803921830852e-06,20,4.61914816497122e-09,False,False,210,0.25,277,0.0017067391167767483,,,0.0017076792261109055,0.0005505186921423491,3.2752315201718507,0.9955510029795156,-1.6655366927465377e-06,-1.6655366927465377e-06,0.7500052480392183,,0.7512388533094948,0.0,0.5281772831876659,0.7512388533094948,,0.05211048764843335,0.05217398440589526,success,0.9999360334588627,0.9999360334588627,0.75,0.9656783181340589,0.01,[0.01],,,,,,,,,0.04247433750920392,,,
,,,0.023210104994078214,-3.346713866957631e-05,7.597877575770338e-06,typ,,1.7522748689505334e-07,True,,0.42194366455078125,0.96,,,4.661503603675676e-06,20,4.298602884701959e-09,False,False,211,0.25,160,0.0007549620604463469,,,0.0007597877575770337,0.006351375213093684,3.252730052875532,0.9887113770790585,-0.001208085524932732,-0.001208085524932732,0.7500046615036037,,0.8375984972726764,0.0,0.5408924590478393,0.5408924590478393,,0.023210104994078214,0.023246424892892907,success,0.9997771250475975,0.5425122771092159,0.75,0.9999742577919598,0.01,[0.01],,,,,,,,,0.1441921037329002,,,
,,,0.04617149139131194,-1.653957974655241e-05,1.5137538017614475e-05,arith,,6.986491485677514e-07,True,,0.4538726806640625,1.04,,,-7.269071923055037e-06,19,4.652199388323789e-09,False,False,212,0.25,294,0.0015131613199291538,,,0.0015137538017614474,0.00039139907137095224,3.2772632512665254,0.9961685751775817,-1.8977512580588534e-06,-1.8977512580588534e-06,0.749992730928077,,0.7224763235096962,0.0,0.47838652872282056,0.7224763235096962,,0.04617149139131194,0.046220936378839575,success,0.999935356059349,0.999935356059349,0.75,0.9722184293860519,0.01,[0.01],,,,,,,,,0.03582206086083815,,,
,,,0.015996397087251413,-2.6027014489573753e-05,5.239539181762656e-06,typ,,8.313634382244732e-08,True,,0.43283843994140625,1.04,,,5.379500302438167e-06,20,4.3300878782103765e-09,False,False,213,0.25,165,0.0005197191803190742,,,0.0005239539181762656,0.008082271570620686,3.2489764881697814,0.9875704302224643,-0.001703768211409724,-0.001703768211409724,0.7500053795003024,,0.8122051640529901,0.0,0.4631551175528766,0.4631551175528766,,0.015996397087251413,0.016018574669105907,success,1.000037895967965,0.4776781540679013,0.75,0.9999843615551204,0.01,[0.01],,,,,,,,,0.1627054789126009,,,
,,,0.04109077279112102,-1.2389754591497348e-05,1.3478208451370941e-05,arith,,5.536764950878129e-07,True,,0.4689788818359375,1.12,,,-8.434863785322655e-06,19,4.47839716215652e-09,False,False,214,0.25,277,0.001347447267303409,,,0.0013478208451370942,0.00027717172874493445,3.279196704702931,0.9967562745496636,-2.146614226454925e-06,-2.146614226454925e-06,0.7499915651362147,,0.6944282444173236,0.0,0.43234150257202975,0.6944282444173236,,0.04109077279112102,0.04112860675291932,success,0.999935513269513,0.999935513269513,0.75,0.9776059861852765,0.01,[0.01],,,,,,,,,0.030152157649793707,,,
,,,0.01036235862453345,-1.9687252881068705e-05,3.3979622457275895e-06,typ,,3.482331545685119e-08,True,,0.4449462890625,1.12,,,2.123633806583314e-06,16,4.356413105286334e-09,False,False,215,0.25,198,0.0003360558799268449,,,0.00033979622457275895,0.011007610960412934,3.243044292360373,0.9857672589194422,-0.0024906499770096244,-0.0024906499770096244,0.7500021236338066,,0.7862081443334684,0.0,0.3823958679384267,0.3823958679384267,,0.01036235862453345,0.010373180461760643,success,0.9999450239428543,0.4100941191084914,0.75,0.9999879181906272,0.01,[0.01],,,,,,,,,0.18998814453746138,,,
,,,0.0367306813143966,-9.327456316704528e-06,1.2053457903651867e-05,arith,,4.426447195541916e-07,True,,0.48468017578125,1.2,,,-8.38353922294477e-06,17,4.582869794721353e-09,False,False,216,0.25,303,0.0012051089272354359,,,0.0012053457903651867,0.00019651052141568306,3.280932681101924,0.997283948100227,-2.4118570096258235e-06,-2.4118570096258235e-06,0.749991616460777,,0.6673069344848914,0.0,0.39018431767569345,0.6673069344848914,,0.0367306813143966,0.03675934347924612,success,0.9999356132336699,0.9999356132336699,0.75,0.9819808081915136,0.01,[0.01],,,,,,,,,0.025394182691211416,,,
,,,0.0061823504720028765,-1.4240226005323742e-05,2.031990396981321e-06,typ,,1.2359692753200082e-08,True,,0.456939697265625,1.2,,,-7.4015662747672906e-06,18,4.301850394851157e-09,False,False,217,0.25,149,0.00019991899212397696,,,0.0002031990396981321,0.01614204269384291,3.233705255457797,0.9829285321002967,-0.0038454737787295364,-0.0038454737787295364,0.7499925984337252,,0.7599985653584688,0.0,0.3013816644377263,0.3013816644377263,,0.0061823504720028765,0.006184432788355579,success,1.0003260578229927,0.34024313724880656,0.75,0.9999887554121808,0.01,[0.01],,,,,,,,,0.23033676382164694,,,
,,,0.03297548928469259,-7.06946359439371e-06,1.0825504492795852e-05,arith,,3.569263300880687e-07,True,,0.500885009765625,1.28,,,-9.29904249713509e-06,18,4.535479244509952e-09,False,False,218,0.25,278,0.0010823988902986675,,,0.0010825504492795852,0.00014000177175900013,3.2824346621632183,0.9977404955970431,-2.6932211696875e-06,-2.6932211696875e-06,0.7499907009575029,,0.6412640517305054,0.0,0.3518823328526404,0.6412640517305054,,0.03297548928469259,0.03299710485800037,success,0.999935131681887,0.999935131681887,0.75,0.985425300870136,0.01,[0.01],,,,,,,,,0.021438540406056673,,,
,,,0.0031877485971832354,-9.579160026620194e-06,1.0541644167048543e-06,typ,,3.2686508337357847e-09,True,,0.4703636169433594,1.28,,,-9.319031094245922e-06,21,4.248566921512968e-09,False,False,219,0.25,100,0.00010253791144709581,,,0.00010541644167048543,0.027306273839022493,3.2166247845799556,0.9777366915207626,-0.0064112460994524825,-0.0064112460994524825,0.7499906809689058,,0.7340115636873992,0.0,0.2196878676280851,0.2196878676280851,,0.0031877485971832354,0.0031828547237059595,success,0.9999302074779299,0.2698078441421176,0.75,0.9999883812185371,0.01,[0.01],,,,,,,,,0.30049923118418276,,,
,,,0.029728135755912252,-5.401458168952784e-06,9.762814024121724e-06,arith,,2.902010849184636e-07,True,,0.517547607421875,1.36,,,6.956186254347685e-06,18,4.449841933002151e-09,False,False,220,0.25,268,0.0009761832605354315,,,0.0009762814024121723,0.00010052621764417821,3.283701569955629,0.9981255893883214,-2.9904266456249945e-06,-2.9904266456249945e-06,0.7500069561862543,,0.6163900278354432,0.0,0.3172719082510658,0.6163900278354432,,0.029728135755912252,0.02974443122007446,success,0.9999351729450866,0.9999351729450866,0.75,0.9881584360166635,0.01,[0.01],,,,,,,,,0.01816951528108706,,,
,,,0.0012899726458185563,-5.5834211507648365e-06,4.355300848363569e-07,typ,,5.306473041231275e-10,True,,0.48312950134277344,1.36,,,8.81370135574766e-06,22,4.3805631508520285e-09,False,False,221,0.25,84,4.113632221917415e-05,,,4.355300848363569e-05,0.05548838871531854,3.1889298081255792,0.9693184281348504,-0.011909725078804504,-0.011909725078804504,0.7500088137013557,,0.7083665608982562,0.0,0.14096798695815646,0.14096798695815646,,0.0012899726458185563,0.0012797076317084132,success,0.999786179699322,0.201338856305658,0.75,0.9999865971504353,0.01,[0.01],,,,,,,,,0.4328325231440748,,,
,,,0.026909594900588963,-4.161391144961186e-06,8.839790637004374e-06,arith,,2.378578678715456e-07,True,,0.5345306396484375,1.44,,,-5.447233810018659e-06,19,4.358173238623407e-09,False,False,222,0.25,233,0.000883914710534493,,,0.0008839790637004374,7.279942318435439e-05,3.284756659473707,0.9984462981447823,-3.303322516544577e-06,-3.303322516544577e-06,0.74999455276619,,0.5927491924967487,0.0,0.2861706986250364,0.5927491924967487,,0.026909594900588963,0.026921904212915147,success,0.9999354960339489,0.9999354960339489,0.75,0.9903173498655983,0.01,[0.01],,,,,,,,,0.01546433961690782,,,
,,,0.00030788607658420523,-2.1784305587656944e-06,1.1473280682888078e-07,typ,,3.0579074050673396e-11,True,,0.4971656799316406,1.44,,,-6.152453191798912e-06,21,4.242568283628601e-09,False,False,223,0.25,101,9.931944435399039e-06,,,1.1473280682888077e-05,0.1343413701878554,3.225850465726632,0.9805409623218266,-0.02593480606202052,-0.02593480606202052,0.7499938475468082,,0.692816009062081,0.0,0.0683594176555538,0.0683594176555538,,0.00030788607658420523,0.0002958984870459391,success,0.9999302065727235,0.13790088452030203,0.75,0.9999820686401258,0.01,[0.01],,,,,,,,,0.7075443563197003,,,
,,,0.024452004581000726,-3.2352837387259105e-06,8.03443742122144e-06,arith,,1.9644763356860023e-07,True,,0.5518569946289062,1.52,,,-8.49346547537877e-07,20,4.466888713749751e-09,False,False,224,0.25,211,0.0008034009355668148,,,0.0008034437421221439,5.327884590411903e-05,3.285624018699307,0.9987099437349249,-3.6315993455674584e-06,-3.6315993455674584e-06,0.7499991506534525,,0.570338902967548,0.0,0.25827970221475605,0.570338902967548,,0.024452004581000726,0.024461345231526266,success,0.9999351392165409,0.9999351392165409,0.75,0.9920404319631403,0.01,[0.01],,,,,,,,,0.013231159547711415,,,
,,,3.914116798523036e-05,-3.1840217276172766e-07,1.6806227982133145e-08,typ,,5.564354490273634e-13,True,,0.5117168426513672,1.52,,,6.962441229108052e-06,22,4.251949692580637e-09,False,False,225,0.25,78,1.4216117649767895e-06,,,1.6806227982133144e-06,0.15411610119289226,3.632011608629626,1.103999145567195,-0.0719401158894255,-0.0719401158894255,0.7500069624412291,,0.5083698771688164,0.0,0.022573853299842954,0.022573853299842954,,3.914116798523036e-05,3.1963464201417585e-05,success,0.9997378367743902,0.08320653327581805,0.75,0.9999688992668107,0.01,[0.01],,,,,,,,,0.813471312051481,,,
,,,0.02230046362834575,-2.53803773860222e-06,7.328966113459246e-06,arith,,1.6343290061101387e-07,True,,0.5694580078125,1.6,,,6.176855874118203e-06,16,4.403531528361498e-09,False,False,226,0.25,269,0.0007328677256883439,,,0.0007328966113459245,3.941300469045105e-05,3.2863340327902772,0.9989257621392245,-3.975072842699566e-06,-3.975072842699566e-06,0.7500061768558741,,0.549148152420393,0.0,0.23333319820598944,0.549148152420393,,0.02230046362834575,0.022307592586609037,success,0.9999350266594568,0.9999350266594568,0.75,0.9934171401453439,0.01,[0.01],,,,,,,,,0.01138109853185367,,,
,,,7.860945356963434e-06,-4.05785869701813e-08,2.9314020570296144e-09,typ,,2.1396969669103438e-14,True,,0.5290031433105469,1.6,,,-1.8750262553712815e-06,21,4.347634723238647e-09,False,False,227,0.25,99,2.7219333931827215e-07,,,2.931402057029614e-07,0.07145681819543617,3.462603121609999,1.0525051402955363,-0.2797453662619281,-0.2797453662619281,0.7499981249737446,,0.6353040522040091,0.0,0.011240550542366008,0.011240550542366008,,7.860945356963434e-06,7.902560098562666e-06,success,0.9993091407011672,0.04215363856759034,0.75,0.9999262934042303,0.01,[0.01],,,,,,,,,0.516204923549503,,,
,,,0.020409221335903255,-2.0084902292665388e-06,6.70853453409049e-06,arith,,1.3691193211280236e-07,True,,0.5872650146484375,1.68,,,-1.8085791009259111e-06,19,4.468171659501326e-09,False,False,228,0.25,216,0.0006708336876721075,,,0.0006708534534090489,2.946356889264337e-05,3.2869146579933366,0.9991022510377041,-4.333593681323531e-06,-4.333593681323531e-06,0.7499981914208991,,0.5291443507658162,0.0,0.2110605740573499,0.5291443507658162,,0.020409221335903255,0.020414697532499523,success,0.9999349019176473,0.9999349019176473,0.75,0.9945176837632415,0.01,[0.01],,,,,,,,,0.009841091907476483,,,
,,,2.9448836215974472e-06,-9.948663435683368e-09,1.030283504241077e-09,typ,,2.9350891130850684e-15,True,,0.5468559265136719,1.68,,,-2.4304621591975106e-06,21,4.384034175680519e-09,False,False,229,0.25,94,9.966740592257884e-08,,,1.0302835042410769e-07,0.03262155016258924,3.3844259648031323,1.0287421341111431,-1.249995592084551,-1.249995592084551,0.7499975695378408,,0.4564993554829244,0.0,0.006635273313503142,0.006635273313503142,,2.9448836215974472e-06,2.7520288030664278e-06,success,1.0001287928021823,0.01975821840805372,0.75,0.9996686057719649,0.01,[0.01],,,,,,,,,0.3378287468720659,,,
,,,0.018739671704590406,-1.6034443787192506e-06,6.1605953255672315e-06,arith,,1.1544496287208852e-07,True,,0.6053009033203125,1.76,,,4.25777021295648e-06,19,4.447459428062077e-09,False,False,230,0.25,209,0.0006160458128186392,,,0.0006160595325567232,2.2270149813392562e-05,3.2873885014097377,0.9992462821651368,-4.706888600257116e-06,-4.706888600257116e-06,0.750004257770213,,0.5102729465845306,0.0,0.1911746756991372,0.5102729465845306,,0.018739671704590406,0.018743909344726126,success,0.9999347378609418,0.9999347378609418,0.75,0.9954060088784069,0.01,[0.01],,,,,,,,,0.008556416590406311,,,
,,,1.4913993584875552e-06,-3.919354380890443e-09,5.056289331324219e-10,typ,,7.387333277434357e-16,True,,0.5663566589355469,1.76,,,-7.759662960404867e-06,21,4.1144079147693725e-09,False,False,231,0.25,63,4.953289831722829e-08,,,5.0562893313242184e-08,0.02037057075893526,3.3212363969004355,1.0095348086698956,-3.5435299280998174,-3.5435299280998174,0.7499922403370396,,0.5798209259819618,0.0,0.00492359749041082,0.00492359749041082,,1.4913993584875552e-06,1.5151644986607826e-06,success,1.0001052685940182,0.011581068583342584,0.75,0.9988921169462094,0.01,[0.01],,,,,,,,,0.2627971078695584,,,
,,,0.017260283891330632,-1.290504227896502e-06,5.6748927536986946e-06,arith,,9.794859458053229e-08,True,,0.62347412109375,1.84,,,-8.978112454260945e-06,17,4.353805150805648e-09,False,False,232,0.25,223,0.0005674796266226489,,,0.0005674892753698694,1.7002519059387114e-05,3.28777689982074,0.9993643411253196,-5.094893248321097e-06,-5.094893248321097e-06,0.7499910218875457,,0.4924829830572726,0.0,0.17343786218642593,0.4924829830572726,,0.017260283891330632,0.017263586768987555,success,0.999934942178424,0.999934942178424,0.75,0.9961183444776206,0.01,[0.01],,,,,,,,,0.007476726547613083,,,
,,,8.681904488099614e-07,-1.7413373369693009e-09,2.8985233656543047e-10,typ,,2.486147744502337e-16,True,,0.5861663818359375,1.84,,,-2.6619117704518303e-06,19,3.712361112696944e-09,False,False,233,0.25,58,2.8635972071682294e-08,,,2.8985233656543045e-08,0.012049638412416588,3.2983514286449416,1.0025786124561038,-6.818381371004039,-6.818381371004039,0.7499973380882295,,1.0721981056202918,0.0,0.003918483882363919,0.003918483882363919,,8.681904488099614e-07,9.59672243239287e-07,success,0.9991901079846693,0.008242582137695003,0.75,0.9973854646244463,0.01,[0.01],,,,,,,,,0.200570893097957,,,
,,,0.01594409613265516,-1.0470860586336858e-06,5.24263957006975e-06,arith,,8.358805290483983e-08,True,,0.6418304443359375,1.92,,,-7.947973592159485e-06,19,4.428523355600776e-09,False,False,234,0.25,193,0.0005242570805480961,,,0.000524263957006975,1.311640593841589e-05,3.2880953312515677,0.9994611326737607,-5.497315614369741e-06,-5.497315614369741e-06,0.7499920520264078,,0.47570856871079614,0.0,0.15759927035626756,0.47570856871079614,,0.01594409613265516,0.01594669035814609,success,0.9999346991449123,0.9999346991449123,0.75,0.9967105150178098,0.01,[0.01],,,,,,,,,0.006567233726652871,,,
,,,5.549664429591723e-07,-1.0214584850284214e-09,1.847524647467317e-10,typ,,1.0148804075179701e-16,True,,0.606719970703125,1.92,,,2.3676951547146885e-06,18,3.511862663248125e-09,False,False,235,0.25,59,1.8287239172632872e-08,,,1.8475246474673168e-08,0.01017617287531326,3.2951972870868205,1.001619868387971,-10.610481517334222,-10.610481517334222,0.7500023676951547,,0.14776468473324236,0.0,0.0028919301431748136,0.0028919301431748136,,5.549664429591723e-07,5.227085634847207e-07,success,0.9995409369732728,0.006532146510710965,0.75,0.9963354882493597,0.01,[0.01],,,,,,,,,0.18405770258501342,,,
,,,0.014768887063192848,-8.560334533462737e-07,4.856587973288224e-06,arith,,7.172566649668118e-08,True,,0.6603240966796875,2.0,,,-6.0378877897449e-06,19,4.4701501508270495e-09,False,False,236,0.25,192,0.0004856538355922331,,,0.00048565879732882236,1.0216507178572918e-05,3.2883577043701817,0.9995408845385624,-5.914043137408885e-06,-5.914043137408885e-06,0.7499939621122103,,0.45989013386451744,0.0,0.14345207150585956,0.45989013386451744,,0.014768887063192848,0.014770939846065947,success,0.9999345060426942,0.9999345060426942,0.75,0.9971921939189473,0.01,[0.01],,,,,,,,,0.005796194728035315,,,
,,,3.826093611360069e-07,-5.991044349256425e-10,1.2661348417818195e-10,typ,,4.808457816867054e-17,True,,0.6257286071777344,2.0,,,8.090914618286149e-07,21,2.735999194621321e-09,False,False,237,0.25,30,1.2567538344044284e-08,,,1.2661348417818195e-08,0.0074091692826249705,3.284691808566826,0.9984265858328459,-14.921467315766307,-14.921467315766307,0.7500008090914618,,0.09607379128555851,0.0,0.0023749933060626545,0.0023749933060626545,,3.826093611360069e-07,3.525390732727398e-07,success,0.9997266036624387,0.005448552685077375,0.75,0.9938176358180165,0.01,[0.01],,,,,,,,,0.15658384132234487,,,
,,,0.01371580851479899,-7.049279504707459e-07,4.51058232874922e-06,arith,,6.186578658794505e-08,True,,0.678955078125,2.08,,,3.0864514940498466e-06,15,4.283387973480263e-09,False,False,238,0.25,247,0.0004510546098773071,,,0.000451058232874922,8.032217019449903e-06,3.288574708451429,0.999606845869664,-6.344886189223382e-06,-6.344886189223382e-06,0.750003086451494,,0.4449658230641517,0.0,0.1308017270350936,0.4449658230641517,,0.01371580851479899,0.013717444376337255,success,0.9999340512024643,0.9999340512024643,0.75,0.9975925932967872,0.01,[0.01],,,,,,,,,0.005139528958210139,,,
,,,2.7337463987562906e-07,-3.720703614307346e-10,9.08275313281631e-11,typ,,2.4691507313773807e-17,True,,0.6443309783935547,2.08,,,-5.3638434349689845e-06,22,2.8600817391831395e-09,False,False,239,0.25,19,9.032113339045323e-09,,,9.08275313281631e-09,0.005575379296396752,3.3039324141970354,1.0042750286421906,-19.616378651477298,-19.616378651477298,0.749994636156565,,2.1055659174735903,0.0,0.002179351641859576,0.002179351641859576,,2.7337463987562906e-07,2.968495025452521e-07,success,1.00075080511354,0.004702856838579519,0.75,0.9916211942849443,0.01,[0.01],,,,,,,,,0.1361027349135263,,,
,,,0.012769042420349042,-5.84396326645981e-07,4.199452298034439e-06,arith,,5.362264301676742e-08,True,,0.6976776123046875,2.16,,,5.572259597741436e-06,19,4.330213441706206e-09,False,False,240,0.25,184,0.00041994255521708615,,,0.0004199452298034439,6.368893293612841e-06,3.28875526756694,0.9996617292595669,-6.78977545258625e-06,-6.78977545258625e-06,0.7500055722595977,,0.43087789860913095,0.0,0.11948134111138896,0.43087789860913095,,0.012769042420349042,0.012770354393092497,success,0.9999342210945772,0.9999342210945772,0.75,0.9979220369244083,0.01,[0.01],,,,,,,,,0.004576665245583909,,,
,,,2.021300908219568e-07,-2.415452088135e-10,6.71522755056583e-11,typ,,1.351515145895902e-17,True,,0.665496826171875,2.16,,,-4.640739912686875e-06,18,2.4277761876450787e-09,False,False,241,0.25,35,6.686362927953975e-09,,,6.715227550565829e-09,0.004298383397212238,3.3079502912030825,1.0054963168041366,-24.556958107946667,-24.556958107946667,0.7499953592600873,,0.180994872362767,0.0,0.001774639878037765,0.001774639878037765,,2.021300908219568e-07,1.9683464045133922e-07,success,1.0001427525955722,0.004162265790308634,0.75,0.9905531507920532,0.01,[0.01],,,,,,,,,0.11949987645642599,,,
,,,0.01191507929326913,-4.875701081012302e-07,3.918777629681312e-06,arith,,4.669230846573177e-08,True,,0.71649169921875,2.24,,,6.443994441052148e-06,17,4.3096044733529604e-09,False,False,242,0.25,208,0.00039187576781052916,,,0.0003918777629681312,5.09127536850505e-06,3.288906084174372,0.9997075720111006,-7.248552160496534e-06,-7.248552160496534e-06,0.750006443994441,,0.4175691462068906,0.0,0.10933615732164008,0.4175691462068906,,0.01191507929326913,0.01191613981681778,success,0.999933791062655,0.999933791062655,0.75,0.9981989094498934,0.01,[0.01],,,,,,,,,0.004092042495903995,,,
,,,1.548414493687654e-07,-1.532363376410441e-10,5.105864297564277e-11,typ,,7.88251290597722e-18,True,,0.6855926513671875,2.24,,,8.348998220997217e-06,19,2.146864569770273e-09,False,False,243,0.25,30,5.090699511087939e-09,,,5.105864297564277e-09,0.00297007237022959,3.287685262467477,0.9993364867100241,-29.763425996426808,-29.763425996426808,0.750008348998221,,0.06920091947661579,0.0,0.0015276813533468129,0.0015276813533468129,,1.548414493687654e-07,1.4586339618582002e-07,success,0.999506556603017,0.0037450581894994854,0.75,0.9972467178864679,0.01,[0.01],,,,,,,,,0.0989633836842365,,,
,,,0.011142493443697516,-4.0917654986294784e-07,3.6648173556704812e-06,arith,,4.083503593245825e-08,True,,0.7353515625,2.32,,,-8.510106379810978e-06,13,4.228776810478797e-09,False,False,244,0.25,243,0.0003664802329819238,,,0.0003664817355670481,4.10002730962607e-06,3.2890325207165776,0.9997460041114364,-7.721194463245666e-06,-7.721194463245666e-06,0.7499914898936202,,0.4049871973923924,0.0,0.10023450170502018,0.4049871973923924,,0.011142493443697516,0.011143362953887886,success,0.9999338545377067,0.9999338545377067,0.75,0.9984281988501345,0.01,[0.01],,,,,,,,,0.0036722171023074617,,,
,,,1.201729698444039e-07,-1.1186391264565616e-10,3.9496120747056786e-11,typ,,4.7338525925545956e-18,True,,0.7061519622802734,2.32,,,3.551602373752516e-06,22,2.0091467065199017e-09,False,False,245,0.25,16,3.939199138278629e-09,,,3.949612074705678e-09,0.0026364453597192234,3.2779410739195156,0.9963746085580835,-35.293156624849004,-35.293156624849004,0.7500035516023738,,0.19352149095424837,0.0,0.0013899545705797053,0.0013899545705797053,,1.201729698444039e-07,1.2074851961945504e-07,success,0.9992477514114232,0.00340716205814059,0.75,0.9867662942838535,0.01,[0.01],,,,,,,,,0.09308575197109129,,,
,,,0.010441361637245534,-3.454501704700428e-07,3.4343193813132495e-06,arith,,3.5858851302272706e-08,True,,0.7543487548828125,2.4,,,1.6628831092102558e-06,19,4.231669494243466e-09,False,False,246,0.25,171,0.00034343079521697694,,,0.00034343193813132496,3.3279209680777595e-06,3.2891380180906666,0.999778071467878,-8.20729744268646e-06,-8.20729744268646e-06,0.7500016628831092,,0.3930790368870962,0.0,0.09204717354889103,0.3930790368870962,,0.010441361637245534,0.010442092627026885,success,0.9999336457788734,0.9999336457788734,0.75,0.9986329006299962,0.01,[0.01],,,,,,,,,0.003308478170488631,,,
,,,9.572924741573808e-08,-9.187283919516212e-11,3.1371156699332655e-11,typ,,2.994696602806525e-18,True,,0.7254323959350586,2.4,,,-1.1184352197712855e-06,23,1.9556710537748996e-09,False,False,247,0.25,10,3.1282984914746034e-09,,,3.1371156699332655e-09,0.002810600368729674,3.267860738410344,0.99331055398218,-41.02322593223819,-41.02322593223819,0.7499988815647802,,2.827927365815424,0.0,0.0013212109109458049,0.0013212109109458049,,9.572924741573808e-08,1.091000247980966e-07,success,1.0004610036064991,0.00313156081800132,0.75,0.9849696626559659,0.01,[0.01],,,,,,,,,0.095971546497354,,,
,,,0.16762228368643547,3.518916586198127e-05,5.46832273627469e-05,arith,,9.164889172494149e-06,True,,0.418212890625,0.0,,,-7.504956618609171e-06,15,4.818969393514393e-09,False,False,248,0.3333333333,890,0.005467584005500458,,,0.00546832273627469,0.00013509275327361453,3.2618479388626254,0.9914828820806431,-5.07064402861801e-07,-5.07064402861801e-07,0.7499924950433814,,1.0044446720455342,0.0,1.0044446720455342,1.0044446720455342,,0.16762228368643547,0.1680621439670186,success,0.9999365911278516,0.9999365911278516,0.75,0.9999998007261542,0.01,[0.01],,,,,,,,,-0.02099313115659985,,,
,,,0.16762138240217347,3.518479227867967e-05,5.468291348728781e-05,typ,,9.164787582909946e-06,True,,0.418212890625,0.0,,,-9.276341824238088e-06,15,5.073719546252291e-09,False,False,249,0.3333333333,404,0.005467552797602455,,,0.00546829134872878,0.00013506067603675717,3.26184685942046,0.9914825539695694,-1.4197955416783313e-06,-1.4197955416783313e-06,0.7499907236581758,,1.0044494868138472,0.0,1.0044494868138472,1.0044494868138472,,0.16762138240217347,0.16807491912317435,success,0.9999329987617519,0.9999329987617519,0.75,0.9999683702304029,0.01,[0.01],,,,,,,,,-0.02099063483097932,,,
,,,0.16241639201011052,2.6803746933452478e-05,5.299528877422871e-05,arith,,8.606585155394466e-06,True,,0.41855621337890625,0.08,,,-3.6554255755660847e-07,20,4.829405790460961e-09,False,False,250,0.3333333333,614,0.0052990865323856605,,,0.005299528877422871,8.346874740033907e-05,3.262654998551987,0.9917281988096314,-5.168509685841115e-07,-5.168509685841115e-07,0.7499996344574424,,0.9987630131447626,0.0,0.9982996758503032,0.9987630131447626,,0.16241639201011052,0.1628329053974191,success,0.9999364202183967,0.9999364202183967,0.75,0.9999999043065494,0.01,[0.01],,,,,,,,,-0.01650310452148446,,,
,,,0.1627134399185602,2.7646743208482793e-05,5.308853065638447e-05,typ,,8.637453100912218e-06,True,,0.4185447692871094,0.08,,,-4.271494634666695e-07,21,4.143213140327149e-09,False,False,251,0.3333333333,327,0.0053083833180807664,,,0.0053088530656384475,8.848381220446033e-05,3.2624123248440138,0.9916544348476393,-5.100116931078171e-06,-5.100116931078171e-06,0.7499995728505365,,0.9991746876810685,0.0,0.9987185804914175,0.9987185804914175,,0.1627134399185602,0.1631413537131472,success,0.999932999256272,0.9963093523035516,0.75,0.9999999067199552,0.01,[0.01],,,,,,,,,-0.016991063075256895,,,
,,,0.14884585165438224,6.395968331267104e-06,4.860484073757784e-05,arith,,7.234588005699491e-06,True,,0.419586181640625,0.16,,,6.963444984076084e-06,18,4.7997242485882746e-09,False,False,252,0.3333333333,670,0.00486045659001508,,,0.004860484073757784,5.654527879626969e-06,3.2654296616213294,0.9925715952488149,-5.462006315496001e-07,-5.462006315496001e-07,0.7500069634449841,,0.9824828438108573,0.0,0.9801495472777622,0.9824828438108573,,0.14884585165438224,0.14919215958583326,success,0.9999358947529673,0.9999358947529673,0.75,0.9999992628664791,0.01,[0.01],,,,,,,,,-0.004297041711393101,,,
,,,0.14970557638029558,8.190844946382341e-06,4.886913075842445e-05,typ,,7.315914297453028e-06,True,,0.41951751708984375,0.16,,,7.910487859530413e-06,20,4.1649525250718495e-09,False,False,253,0.3333333333,334,0.004886868261251995,,,0.004886913075842445,9.170326902594787e-06,3.2643194591749425,0.9922341341709632,-1.6251517096513074e-05,-1.6251517096513074e-05,0.7500079104878595,,0.9842840209871658,0.0,0.9820611497528237,0.9820611497528237,,0.14970557638029558,0.1500810176374179,success,0.999933031837893,0.9855565626529392,0.75,0.9999251116078786,0.01,[0.01],,,,,,,,,-0.005471302502169472,,,
,,,0.13137373974606392,-1.693666913993549e-05,4.2968756340475776e-05,arith,,5.644679361924143e-06,True,,0.42132568359375,0.24,,,-2.817980022662425e-06,17,4.821650793386319e-09,False,False,254,0.3333333333,665,0.004296657286939464,,,0.004296875634047578,5.081531948087133e-05,3.2705602316296973,0.994131101526838,-5.95078070664886e-07,-5.95078070664886e-07,0.7499971820199773,,0.9577565968829961,0.0,0.9510370946856218,0.9577565968829961,,0.13137373974606392,0.13161339855797413,success,0.9999355778585373,0.9999355778585373,0.75,0.9999995571962819,0.01,[0.01],,,,,,,,,0.012891974585387357,,,
,,,0.13249308600070325,-1.6670073531459748e-05,4.329865880753362e-05,typ,,5.736495033750115e-06,True,,0.4210968017578125,0.24,,,-3.816585316562815e-06,19,4.496013897795386e-09,False,False,255,0.3333333333,333,0.004329656140486958,,,0.004329865880753361,4.844036101333411e-05,3.2678355310283713,0.993302891856846,-3.526105541494615e-05,-3.526105541494615e-05,0.7499961834146834,,0.9622431378666104,0.0,0.9560365120550458,0.9560365120550458,,0.13249308600070325,0.13277465295905264,success,0.9999330873585172,0.9679640523382403,0.75,0.9999892186847255,0.01,[0.01],,,,,,,,,0.012581844105715272,,,
,,,0.11398649987931535,-3.708457467087091e-05,3.737042591727719e-05,arith,,4.258348783631161e-06,True,,0.42388916015625,0.32,,,8.23281170714285e-06,17,4.778366597669557e-09,False,False,256,0.3333333333,617,0.0037358360754473035,,,0.0037370425917277192,0.00032285323241603147,3.2774373100346685,0.9962214826988165,-6.634021852315467e-07,-6.634021852315467e-07,0.7500082328117071,,0.9276870967061115,0.0,0.9130242399315154,0.9276870967061115,,0.11398649987931535,0.11410953010430021,success,0.9999359179264157,0.9999359179264157,0.75,0.9900517603364292,0.01,[0.01],,,,,,,,,0.032534181425111455,,,
,,,0.1148253809022144,-4.143466502077044e-05,3.758979412901907e-05,typ,,4.314545597435054e-06,True,,0.4232940673828125,0.32,,,-9.842789132408214e-06,19,4.095735114999798e-09,False,False,257,0.3333333333,315,0.003757484245673291,,,0.003758979412901907,0.0003977588234413625,3.272346423891399,0.9946740388693432,-6.305430139348189e-05,-6.305430139348189e-05,0.7499901572108676,,0.9364151368922818,0.0,0.9231723324030464,0.9231723324030464,,0.1148253809022144,0.11500020242058029,success,0.9999331447015176,0.9438683805324094,0.75,0.9981362654842403,0.01,[0.01],,,,,,,,,0.036084935834923386,,,
,,,0.09888075916633371,-5.202481622847319e-05,3.250099526199302e-05,arith,,3.2110165036636784e-06,True,,0.42734527587890625,0.4,,,3.285120573348621e-07,20,4.797734040660115e-09,False,False,258,0.3333333333,449,0.0032473623086390555,,,0.0032500995261993022,0.0008421949968552834,3.2841195152804774,0.9982526295333557,-7.510685832684116e-07,-7.510685832684116e-07,0.7500003285120573,,0.8957594320497685,0.0,0.8691212557725096,0.8957594320497685,,0.09888075916633371,0.0989071027806985,success,0.9999357821517583,0.9999357821517583,0.75,0.9433902932753576,0.01,[0.01],,,,,,,,,0.052613690132535175,,,
,,,0.09894181742652829,-6.229894503149504e-05,3.244781797773209e-05,typ,,3.206564923689953e-06,True,,0.4261322021484375,0.4,,,2.8566112331152027e-07,19,3.809306152585948e-09,False,False,259,0.3333333333,287,0.003240859130236887,,,0.0032447817977732086,0.0012089156623763572,3.2755201132660288,0.995638724761195,-0.00010123460026998624,-0.00010123460026998624,0.7500002856611233,,0.9104081698109793,0.0,0.8865882864134026,0.8865882864134026,,0.09894181742652829,0.09903390491915239,success,0.9999331843581178,0.9135729765988065,0.75,0.9825891903771622,0.01,[0.01],,,,,,,,,0.06296523214540371,,,
,,,0.0866777601403816,-6.14739856262962e-05,2.8541323750063325e-05,arith,,2.4701189631881838e-06,True,,0.43187713623046875,0.48,,,8.330778433429664e-06,20,4.688166807963817e-09,False,False,260,0.3333333333,414,0.002849772489722424,,,0.0028541323750063325,0.0015275694015064014,3.2877781856695285,0.9993647319764832,-8.578977667091136e-07,-8.578977667091136e-07,0.7500083307784334,,0.8649703577521755,0.0,0.8222948058359036,0.8649703577521755,,0.0866777601403816,0.08665052981798861,success,0.9999359272704068,0.9999359272704068,0.75,0.9122545440190222,0.01,[0.01],,,,,,,,,0.07092244368882414,,,
,,,0.08544187269031836,-7.602225720699908e-05,2.8044890258069207e-05,typ,,2.3904285594530516e-06,True,,0.429656982421875,0.48,,,5.138056126896551e-06,18,4.026507430233153e-09,False,False,261,0.3333333333,269,0.002797724914243268,,,0.0028044890258069207,0.0024118873354145006,3.2744190010716907,0.9953040267886349,-0.00015218041429211247,-0.00015218041429211247,0.7500051380561269,,0.8874039221796683,0.0,0.8489626678792634,0.8489626678792634,,0.08544187269031836,0.08550142257093248,success,0.999933253403782,0.8773331009375357,0.75,0.9789981716286675,0.01,[0.01],,,,,,,,,0.08897541078311753,,,
,,,0.07709024130550919,-6.518939739743113e-05,2.5389575150296662e-05,arith,,1.9530388174476894e-06,True,,0.43759918212890625,0.56,,,-7.084282385050322e-06,20,4.7007159514533975e-09,False,False,262,0.3333333333,383,0.0025334449398177156,,,0.002538957515029666,0.00217119631948083,3.286336761844673,0.9989265916722894,-9.83671842537089e-07,-9.83671842537089e-07,0.749992915717615,,0.8371841650557071,0.0,0.7745577009557476,0.8371841650557071,,0.07709024130550919,0.0770613469070831,success,0.9999361022693408,0.9999361022693408,0.75,0.897163591094652,0.01,[0.01],,,,,,,,,0.0845624508283546,,,
,,,0.07379285893690757,-8.052625298942418e-05,2.4209818259997406e-05,typ,,1.780027226327641e-06,True,,0.4340057373046875,0.56,,,5.902522638434604e-06,19,4.358467157289184e-09,False,False,263,0.3333333333,181,0.002412194420939231,,,0.0024209818259997404,0.0036296865041028606,3.268872429785709,0.9936180712850781,-0.00021965508440217885,-0.00021965508440217885,0.7500059025226384,,0.8692205083442045,0.0,0.8111116523578312,0.8111116523578312,,0.07379285893690757,0.07385702954243335,success,0.999932872475541,0.8353915265464457,0.75,0.9812342620248298,0.01,[0.01],,,,,,,,,0.10912472310941851,,,
,,,0.06942058337612361,-6.316905318804365e-05,2.2831677999209918e-05,arith,,1.5809980768802853e-06,True,,0.44469451904296875,0.64,,,-6.109744491777924e-06,20,4.680023627864275e-09,False,False,264,0.3333333333,349,0.0022774197507306614,,,0.002283167799920992,0.0025175763211663206,3.280611657196118,0.9971863685338858,-1.12808120009513e-06,-1.12808120009513e-06,0.7499938902555082,,0.812595519588351,0.0,0.7264471524197452,0.812595519588351,,0.06942058337612361,0.06942745841566318,success,0.9999354471965111,0.9999354471965111,0.75,0.8948497767494349,0.01,[0.01],,,,,,,,,0.090994702314429,,,
,,,0.06313350149444474,-7.662986244227213e-05,2.068771251392935e-05,typ,,1.3002155930968804e-06,True,,0.43933868408203125,0.64,,,2.8642155793789925e-06,20,4.219546574155465e-09,False,False,265,0.3333333333,142,0.0020594701106690385,,,0.002068771251392935,0.004495973500034911,3.2620875793658546,0.9915557240589505,-0.0003087789390015626,-0.0003087789390015626,0.7500028642155794,,0.855583232886206,0.0,0.77172113090929,0.77172113090929,,0.06313350149444474,0.06321327345829714,success,0.9999382393409691,0.7882029432649706,0.75,0.9880894643099252,0.01,[0.01],,,,,,,,,0.12137749471889335,,,
,,,0.06296762932598608,-5.653253368992706e-05,2.066638723146414e-05,arith,,1.298117483332723e-06,True,,0.45320892333984375,0.72,,,-7.473975500160712e-06,20,4.667132827678863e-09,False,False,266,0.3333333333,329,0.002061563214667514,,,0.002066638723146414,0.0024559244061644575,3.274004812845524,0.9951781286646572,-1.2907979106119684e-06,-1.2907979106119684e-06,0.7499925260244998,,0.7901787245245216,0.0,0.6778994715138768,0.7901787245245216,,0.06296762932598608,0.06301716005594134,success,0.999936223234871,0.999936223234871,0.75,0.9013711697828894,0.01,[0.01],,,,,,,,,0.08978031139977613,,,
,,,0.05292378947227123,-6.766893738538773e-05,1.7323698161216766e-05,typ,,9.122566692785407e-07,True,,0.4458160400390625,0.72,,,-2.8379368219866308e-06,19,4.160108512005302e-09,False,False,267,0.3333333333,152,0.001723717591606902,,,0.0017323698161216766,0.004994444277576212,3.2569806674747332,0.9900034089862539,-0.0004256401072632631,-0.0004256401072632631,0.749997162063178,,0.8443180562277501,0.0,0.7284632455321483,0.7284632455321483,,0.05292378947227123,0.05300838272501862,success,0.9999526773835254,0.7369577102148106,0.75,0.9955792440416156,0.01,[0.01],,,,,,,,,0.12786109622940367,,,
,,,0.05723302765733344,-4.741502076466016e-05,1.875185300252604e-05,arith,,1.0709771373257108e-06,True,,0.46314239501953125,0.8,,,1.3347843618172206e-06,20,4.678293232004285e-09,False,False,268,0.3333333333,311,0.0018712571764294618,,,0.001875185300252604,0.0020947923507148632,3.2695407757092365,0.9938212240852411,-1.4714599458753993e-06,-1.4714599458753993e-06,0.7500013347843618,,0.7685111173490256,0.0,0.628992135435782,0.7685111173490256,,0.05723302765733344,0.0573094358819671,success,0.9999353139526836,0.9999353139526836,0.75,0.9130122347669526,0.01,[0.01],,,,,,,,,0.0828455573738719,,,
,,,0.0431345064780838,-5.71252348055028e-05,1.4111637682737324e-05,typ,,6.054352345908207e-07,True,,0.45348358154296875,0.8,,,5.0925709317306556e-06,20,4.2906086648270416e-09,False,False,269,0.3333333333,136,0.0014035983810280434,,,0.0014111637682737324,0.00536109799285998,3.2540035707634614,0.9890984800984426,-0.000576807554401394,-0.000576807554401394,0.7500050925709317,,0.8327234192684315,0.0,0.6794904609058673,0.6794904609058673,,0.0431345064780838,0.04321045718144973,success,0.9999456950988851,0.683447183516463,0.75,0.9994472777364284,0.01,[0.01],,,,,,,,,0.13243511858545906,,,
,,,0.05197756061531721,-3.79222646244611e-05,1.7014250196899314e-05,arith,,8.829211227792592e-07,True,,0.4743804931640625,0.88,,,4.45870378174007e-06,19,4.593229209429304e-09,False,False,270,0.3333333333,319,0.00169865825238261,,,0.0017014250196899314,0.0016261470680768507,3.2680607405843403,0.993371347353181,-1.6697308817737637e-06,-1.6697308817737637e-06,0.7500044587037817,,0.746610836900588,0.0,0.5803302796418045,0.746610836900588,,0.05197756061531721,0.05206118517777862,success,0.9999357877934896,0.9999357877934896,0.75,0.9261554873734023,0.01,[0.01],,,,,,,,,0.07295891568502318,,,
,,,0.034023905250233924,-4.707803270096511e-05,1.1130017035218019e-05,typ,,3.764703038767542e-07,True,,0.46231842041015625,0.88,,,-2.0122631234631427e-06,20,4.268144594739053e-09,False,False,271,0.3333333333,141,0.0011064876330566607,,,0.0011130017035218018,0.005852704847197478,3.252088861989331,0.9885164784204669,-0.0007713352689943513,-0.0007713352689943513,0.7499979877368765,,0.8189100494589387,0.0,0.6239896578971557,0.6239896578971557,,0.034023905250233924,0.03408456341815987,success,0.9998420896718029,0.6291339661248532,0.75,0.9999213921476398,0.01,[0.01],,,,,,,,,0.13836751647032475,,,
,,,0.047126571371701,-2.9389783160615964e-05,1.5423450773391475e-05,arith,,7.259905943159223e-07,True,,0.486785888671875,0.96,,,8.74219745594651e-07,18,4.549862740693247e-09,False,False,272,0.3333333333,321,0.0015405122273585807,,,0.0015423450773391475,0.0011883527282551256,3.2688824637975715,0.9936211212589539,-1.8852822265346498e-06,-1.8852822265346498e-06,0.7500008742197456,,0.724077970462517,0.0,0.5327338008249155,0.724077970462517,,0.047126571371701,0.047204210536323156,success,0.9999359326842172,0.9999359326842172,0.75,0.9390559075900295,0.01,[0.01],,,,,,,,,0.06236350811267422,,,
,,,0.02590907012186404,-3.821617762402544e-05,8.47708621639364e-06,typ,,2.1817294497743887e-07,True,,0.4720115661621094,0.96,,,-4.849429293685148e-07,21,4.406010975502321e-09,False,False,273,0.3333333333,133,0.000842071691308319,,,0.000847708621639364,0.0066496083526246,3.2501038723026765,0.9879131139067578,-0.001026902520054122,-0.001026902520054122,0.7499995150570706,,0.8023450704578808,0.0,0.5624264812093013,0.5624264812093013,,0.02590907012186404,0.02595366039237729,success,0.9999314225910491,0.5741832916827878,0.75,0.9999701557251502,0.01,[0.01],,,,,,,,,0.14750115478585135,,,
,,,0.042674575255873315,-2.2352941927822323e-05,1.3970473939917053e-05,arith,,5.956843874963786e-07,True,,0.5002212524414062,1.04,,,9.832979276369613e-07,20,4.617578586576634e-09,False,False,274,0.3333333333,265,0.0013958765469244932,,,0.0013970473939917051,0.0008380868625126174,3.270979356103558,0.994258500090193,-2.1177937362628534e-06,-2.1177937362628534e-06,0.7500009832979276,,0.700943889885946,0.0,0.4869715293538003,0.700943889885946,,0.042674575255873315,0.04274034189893968,success,0.99993563701107,0.99993563701107,0.75,0.9506114384837067,0.01,[0.01],,,,,,,,,0.05237999861462213,,,
,,,0.018933084960221218,-3.058301795593984e-05,6.197198254998984e-06,typ,,1.1639676008993711e-07,True,,0.4827117919921875,1.04,,,-1.3889085501705978e-06,19,4.4174417530386605e-09,False,False,275,0.3333333333,181,0.0006147796850565504,,,0.0006197198254998984,0.007971570764841987,3.247118398022375,0.9870056385433161,-0.001379343392664375,-0.001379343392664375,0.7499986110914498,,0.7832463163473365,0.0,0.49531867732109147,0.49531867732109147,,0.018933084960221218,0.01896328242723348,success,0.9997267904186484,0.5176330706044167,0.75,0.9999829186864226,0.01,[0.01],,,,,,,,,0.16153214344199773,,,
,,,0.03862966517221167,-1.683685960952031e-05,1.2652995152280099e-05,arith,,4.884974863166868e-07,True,,0.5145263671875,1.12,,,-4.001167107747783e-06,16,4.484229436623812e-09,False,False,276,0.3333333333,333,0.0012645656754697646,,,0.0012652995152280099,0.0005799731600411336,3.2735610568518014,0.99504324301706,-2.366983985742019e-06,-2.366983985742019e-06,0.7499959988328923,,0.6774769667245287,0.0,0.4436623309828515,0.6774769667245287,,0.03862966517221167,0.038682430062536105,success,0.9999354926904424,0.9999354926904424,0.75,0.9604292535290794,0.01,[0.01],,,,,,,,,0.04358531075654246,,,
,,,0.01318435731687276,-2.3975516585107803e-05,4.318655067304052e-06,typ,,5.636386614013702e-08,True,,0.4938812255859375,1.12,,,7.058549330141162e-06,19,4.3446258004829966e-09,False,False,277,0.3333333333,189,0.00042750560217300103,,,0.0004318655067304052,0.01009551466708335,3.2425213599596407,0.9856083065300207,-0.0018966535250271623,-0.0018966535250271623,0.7500070585493301,,0.7623443558968971,0.0,0.4243036878341702,0.4243036878341702,,0.01318435731687276,0.013202503280590925,success,0.9998852810505117,0.4584393078502342,0.75,0.9999872227522254,0.01,[0.01],,,,,,,,,0.1818482009314553,,,
,,,0.03498689568610894,-1.2642645210582245e-05,1.1466802985904799e-05,arith,,4.0102800344309304e-07,True,,0.5295867919921875,1.2,,,-1.2376893931964617e-06,19,4.591307977724268e-09,False,False,278,0.3333333333,260,0.0011462234518917769,,,0.0011466802985904798,0.00039840808223921847,3.2761507684914983,0.9958304209629394,-2.632562165209699e-06,-2.632562165209699e-06,0.7499987623106068,,0.6539932548778746,0.0,0.40318430692403734,0.6539932548778746,,0.03498689568610894,0.035027867829786036,success,0.9999356256278401,0.9999356256278401,0.75,0.9683693729532598,0.01,[0.01],,,,,,,,,0.03613537286648107,,,
,,,0.0085775540176188,-1.8244545306189265e-05,2.813654111524841e-06,typ,,2.3801406695069962e-08,True,,0.5059947967529297,1.2,,,5.228742685492449e-07,22,4.370630150882341e-09,False,False,279,0.3333333333,112,0.0002774847776671587,,,0.0002813654111524841,0.013792148329214169,3.235010553092276,0.9833252950042896,-0.0027123585049336494,-0.0027123585049336494,0.7500005228742685,,0.7402888382717407,0.0,0.3498929555583172,0.3498929555583172,,0.0085775540176188,0.008585688516327367,success,1.0000396618519554,0.39602752100229205,0.75,0.9999885185114811,0.01,[0.01],,,,,,,,,0.2127010248925731,,,
,,,0.03172890210175458,-9.506930060247875e-06,1.0405203852727351e-05,arith,,3.3005531267281523e-07,True,,0.5452880859375,1.28,,,9.759875096548853e-06,16,4.482989985278506e-09,False,False,280,0.3333333333,315,0.0010402355291536025,,,0.001040520385272735,0.0002737631315679324,3.2785109482123502,0.9965478295717154,-2.9142650274245055e-06,-2.9142650274245055e-06,0.7500097598750965,,0.6307994761431384,0.0,0.36574738292874764,0.6307994761431384,,0.03172890210175458,0.031760111934607045,success,0.9999351112838822,0.9999351112838822,0.75,0.9746235648583769,0.01,[0.01],,,,,,,,,0.02996299723753174,,,
,,,0.005064503883742215,-1.3234694842162673e-05,1.6666392513361484e-06,typ,,8.265543813623975e-09,True,,0.5185546875,1.28,,,4.0865218440266915e-06,13,4.298914740786035e-09,False,False,281,0.3333333333,228,0.00016320539984493955,,,0.00016666392513361484,0.02075149307747661,3.222534794945114,0.9795331192573716,-0.00411074436487382,-0.00411074436487382,0.750004086521844,,0.7176807919641475,0.0,0.27369116748961864,0.27369116748961864,,0.005064503883742215,0.005064385021397283,success,0.9997038120212233,0.3305967980148611,0.75,0.9999902981796767,0.01,[0.01],,,,,,,,,0.2613226319096712,,,
,,,0.028829120018197964,-7.179892774416861e-06,9.459332872518902e-06,arith,,2.7265269181368057e-07,True,,0.561492919921875,1.36,,,4.981483778587759e-06,18,4.434786019070638e-09,False,False,282,0.3333333333,263,0.0009457544720115374,,,0.0009459332872518902,0.00018903578377312306,3.280552689137038,0.9971684443932565,-3.2118921477756112e-06,-3.2118921477756112e-06,0.7500049814837786,,0.6081558157555287,0.0,0.3314360278923577,0.6081558157555287,,0.028829120018197964,0.028852644194616046,success,0.9999351245257458,0.9999351245257458,0.75,0.9796568530192727,0.01,[0.01],,,,,,,,,0.024905001505022208,,,
,,,0.002541911488482383,-8.830150157569059e-06,8.441631440966561e-07,typ,,2.0678164423274826e-09,True,,0.531764030456543,1.36,,,-1.5567313929043536e-06,23,4.358960775916425e-09,False,False,283,0.3333333333,73,8.134887668972482e-05,,,8.44163144096656e-05,0.03633702491505081,3.2003032779986045,0.9727755484238165,-0.006752591418051055,-0.006752591418051055,0.7499984432686071,,0.6949696948585425,0.0,0.19646407784948186,0.19646407784948186,,0.002541911488482383,0.0025348010608552203,success,0.9988930354204356,0.26361330960254226,0.75,0.9999900993233045,0.01,[0.01],,,,,,,,,0.3473822828835394,,,
,,,0.026253595134690028,-5.458737535239924e-06,8.618246148870939e-06,arith,,2.2623014734808053e-07,True,,0.578155517578125,1.44,,,7.743275630800461e-06,18,4.428805132734811e-09,False,False,284,0.3333333333,239,0.0008617111149442259,,,0.0008618246148870939,0.00013169726288548176,3.282259479219321,0.9976872463673543,-3.5251727919422037e-06,-3.5251727919422037e-06,0.7500077432756308,,0.5862344166412123,0.0,0.3001747074208605,0.5862344166412123,,0.026253595134690028,0.026271253620933754,success,0.9999355214937212,0.9999355214937212,0.75,0.9835425523535707,0.01,[0.01],,,,,,,,,0.020792342942879675,,,
,,,0.0009450166207717863,-4.910546527173837e-06,3.2509021349736847e-07,typ,,2.831021878097227e-10,True,,0.54510498046875,1.44,,,-3.909812562152837e-06,17,4.3237281203422636e-09,False,False,285,0.3333333333,167,2.9957376578045336e-05,,,3.250902134973685e-05,0.07849035946793174,3.170037004595689,0.9635757044869384,-0.012412984108132009,-0.012412984108132009,0.7499960901874378,,0.6721881110506823,0.0,0.12044098825990378,0.12044098825990378,,0.0009450166207717863,0.0009316782881568066,success,0.9996224657502266,0.19755175178760243,0.75,0.9999881831702886,0.01,[0.01],,,,,,,,,0.5196254139068411,,,
,,,0.0239684664202894,-4.182941548081902e-06,7.87115779108504e-06,arith,,1.886420842044264e-07,True,,0.595184326171875,1.52,,,3.581185632373085e-06,18,4.4810409150895515e-09,False,False,286,0.3333333333,245,0.0007870427790271143,,,0.000787115779108504,9.27437656914889e-05,3.2836593098041496,0.9981127438426151,-3.853918639784961e-06,-3.853918639784961e-06,0.7500035811856324,,0.5651637708427691,0.0,0.2718493059971981,0.5651637708427691,,0.0239684664202894,0.02398172243758647,success,0.9999349040819673,0.9999349040819673,0.75,0.986630747226609,0.01,[0.01],,,,,,,,,0.017451853092031892,,,
,,,0.00018782879878393398,-1.5784669631640952e-06,7.541189782893893e-08,typ,,1.1672968229425879e-11,True,,0.5596275329589844,1.52,,,7.777616942705734e-06,21,4.30945731532659e-09,False,False,287,0.3333333333,103,6.214685024341608e-06,,,7.541189782893893e-06,0.17590125653133282,3.3086965708014655,1.0057231586008455,-0.02690366031429381,-0.02690366031429381,0.7500077776169427,,0.6212736511435443,0.0,0.05188038005413466,0.05188038005413466,,0.00018782879878393398,0.00017013404138205282,success,0.9990136620170008,0.1355613768948367,0.75,0.9999825495174003,0.01,[0.01],,,,,,,,,0.8403753702220397,,,
,,,0.021940157955455016,-3.233367890567408e-06,7.207364672210303e-06,arith,,1.5812026468294455e-07,True,,0.6125335693359375,1.6,,,-7.288175285502518e-09,19,4.453502590453686e-09,False,False,288,0.3333333333,220,0.0007206888163885386,,,0.0007207364672210302,6.611408560377507e-05,3.284793199081562,0.9984574048537354,-4.197910006778103e-06,-4.197910006778103e-06,0.7499999927118247,,0.5450140492715174,0.0,0.24627857772910666,0.5450140492715174,,0.021940157955455016,0.02195014039792459,success,0.9999347820112379,0.9999347820112379,0.75,0.9890458022984004,0.01,[0.01],,,,,,,,,0.014737213365246036,,,
,,,2.5082688698925408e-05,-1.9627656129455947e-07,1.0737370530105236e-08,typ,,2.3079763393802834e-13,True,,0.5734748840332031,1.6,,,-2.231813230446633e-06,21,4.39760907115498e-09,False,False,289,0.3333333333,99,9.201471050745696e-07,,,1.0737370530105236e-06,0.14304242133148093,3.6684548300198396,1.1150765565481835,-0.07486930447851681,-0.07486930447851681,0.7499977681867696,,0.6902911286556531,0.0,0.019701412012628903,0.019701412012628903,,2.5082688698925408e-05,2.4335136482748277e-05,success,1.0000672979121843,0.08164312368332427,0.75,0.9999679323273714,0.01,[0.01],,,,,,,,,0.7825180292692001,,,
,,,0.02013765865372287,-2.522151739357258e-06,6.616958204595874e-06,arith,,1.332436844007063e-07,True,,0.630157470703125,1.68,,,-2.4328231933434807e-06,18,4.315641398680162e-09,False,False,290,0.3333333333,216,0.0006616642316363496,,,0.0006616958204595874,4.773919112243317e-05,3.285705865880426,0.9987348222947313,-4.5569492482861644e-06,-4.5569492482861644e-06,0.7499975671768067,,0.5258187619818775,0.0,0.22325985657163833,0.5258187619818775,,0.02013765865372287,0.020145215090079285,success,0.9999351915867116,0.9999351915867116,0.75,0.9909666150708989,0.01,[0.01],,,,,,,,,0.01252455304127913,,,
,,,6.189508552350978e-06,-3.007650144566367e-08,2.293928185803325e-09,typ,,1.3293692185297634e-14,True,,0.5900459289550781,1.68,,,-7.630030615102257e-07,21,4.387022827915503e-09,False,False,291,0.3333333333,101,2.147778304668188e-07,,,2.293928185803325e-07,0.06371162011070364,3.4700304337609995,1.0547627724707977,-0.29317883567870745,-0.29317883567870745,0.7499992369969385,,0.8131614345204602,0.0,0.01011875410107051,0.01011875410107051,,6.189508552350978e-06,6.402964111865374e-06,success,1.0001806939562383,0.04120791373492877,0.75,0.999925951293193,0.01,[0.01],,,,,,,,,0.4859271328454604,,,
,,,0.0185329925270478,-1.985362211827839e-06,6.0909675371436865e-06,arith,,1.1287991418526252e-07,True,,0.64801025390625,1.76,,,-7.843370199211996e-06,17,4.42380909953179e-09,False,False,292,0.3333333333,240,0.0006090754853568359,,,0.0006090967537143686,3.491786387467877e-05,3.286438951874213,0.9989576537165377,-4.93086316054206e-06,-4.93086316054206e-06,0.7499921566298008,,0.50758328296059,0.0,0.2025812528152954,0.50758328296059,,0.0185329925270478,0.018538749723841896,success,0.9999348473483713,0.9999348473483713,0.75,0.9924913977093208,0.01,[0.01],,,,,,,,,0.01071258302689283,,,
,,,2.5463556526495057e-06,-8.37152909885155e-09,8.840396966911808e-10,typ,,2.1809969793832243e-15,True,,0.6088886260986328,1.76,,,-5.49857588816316e-06,22,4.317982285386604e-09,False,False,293,0.3333333333,75,8.565170293921345e-08,,,8.840396966911808e-08,0.031132840982208445,3.363697559297818,1.0224414543686926,-1.275197348219468,-1.275197348219468,0.7499945014241118,,0.4253437330594579,0.0,0.006426774864618751,0.006426774864618751,,2.5463556526495057e-06,2.5817572081991063e-06,success,0.9997138220775758,0.01958096105981583,0.75,0.9996335958337059,0.01,[0.01],,,,,,,,,0.3287651153577427,,,
,,,0.017101116302515713,-1.577179247703803e-06,5.621329149242404e-06,arith,,9.612851606153667e-08,True,,0.6660919189453125,1.84,,,-1.7693843679111865e-07,19,4.473028813488315e-09,False,False,294,0.3333333333,198,0.000562118369123046,,,0.0005621329149242404,2.5876088747359563e-05,3.2870273447608436,0.999136503707698,-5.319413339024731e-06,-5.319413339024731e-06,0.7499998230615632,,0.4902888548504147,0.0,0.18401985643006202,0.4902888548504147,,0.017101116302515713,0.01710553577936259,success,0.9999344681138963,0.9999344681138963,0.75,0.9937237586862157,0.01,[0.01],,,,,,,,,0.009222668390786788,,,
,,,1.3563784754727196e-06,-3.5176836214958575e-09,4.59083912761816e-10,typ,,6.103174396449827e-16,True,,0.6280088424682617,1.84,,,-6.9664392587931445e-06,23,4.146908978439605e-09,False,False,295,0.3333333333,40,4.499610180206357e-08,,,4.5908391276181596e-08,0.019871954750706897,3.317370676085206,1.0083597704440062,-3.504106601431089,-3.504106601431089,0.7499930335607412,,0.09119190413808115,0.0,0.00426046276895371,0.00426046276895371,,1.3563784754727196e-06,1.1345094864485563e-06,success,1.0005888085457075,0.011659848384149801,0.75,0.9989624822623686,0.01,[0.01],,,,,,,,,0.2593438103822673,,,
,,,0.01582046790654217,-1.263780831602575e-06,5.201082289737992e-06,arith,,8.228195830209443e-08,True,,0.6843338012695312,1.92,,,1.2364253509922207e-08,20,4.315495198405103e-09,False,False,296,0.3333333333,180,0.0005200981335581658,,,0.0005201082289737993,1.941022093299686e-05,3.2875015873777786,0.9992806561775426,-5.722511251524728e-06,-5.722511251524728e-06,0.7500000123642535,,0.4739098368537406,0.0,0.16737956122819633,0.4739098368537406,,0.01582046790654217,0.015823886563006307,success,0.9999344961845719,0.9999344961845719,0.75,0.994708835292017,0.01,[0.01],,,,,,,,,0.007988264563780502,,,
,,,8.116922540972464e-07,-1.6610954080517256e-09,2.7341269247513184e-10,typ,,2.191677266992865e-16,True,,0.6477270126342773,1.92,,,1.2362909177499048e-06,23,3.5305570338356978e-09,False,False,297,0.3333333333,30,2.70013327825879e-08,,,2.7341269247513184e-08,0.012433090133743661,3.3265480416119564,1.0111493550576722,-6.559387432651477,-6.559387432651477,0.7500012362909177,,0.1624406876607572,0.0,0.003490685249940438,0.003490685249940438,,8.116922540972464e-07,7.615670336508803e-07,success,0.9988578767056253,0.008418626058948891,0.75,0.9976963010854583,0.01,[0.01],,,,,,,,,0.20464596029675977,,,
,,,0.014672030351243268,-1.021086103449973e-06,4.824066223224702e-06,arith,,7.077780342672965e-08,True,,0.7027130126953125,2.0,,,-6.926642008631134e-06,19,4.454696808819824e-09,False,False,298,0.3333333333,187,0.00048239951617011295,,,0.0004824066223224702,1.4730627707886174e-05,3.2878852116689883,0.9993972639793205,-6.140006438238471e-06,-6.140006438238471e-06,0.7499930733579914,,0.45840736277356336,0.0,0.15246320541968617,0.45840736277356336,,0.014672030351243268,0.014674695922074342,success,0.9999342178187726,0.9999342178187726,0.75,0.995518461067075,0.01,[0.01],,,,,,,,,0.0069594056105769225,,,
,,,5.364650420849543e-07,-9.09904920598227e-10,1.7630493848018235e-10,typ,,9.375350927702744e-17,True,,0.6676483154296875,2.0,,,7.059455358060518e-06,19,3.15209089706643e-09,False,False,299,0.3333333333,47,1.7476163761324952e-08,,,1.7630493848018233e-08,0.008753588414690322,3.2576519233022894,0.9902074462911783,-10.215800822918283,-10.215800822918283,0.7500070594553581,,1.2975863821794176,0.0,0.0032492046996345425,0.0032492046996345425,,5.364650420849543e-07,6.598389907174716e-07,success,0.9997010258860883,0.006669545911666235,0.75,0.995778932213635,0.01,[0.01],,,,,,,,,0.16961122332629733,,,
,,,0.013639237318057437,-8.31720812543188e-07,4.484899903086165e-06,arith,,6.116992236641498e-08,True,,0.72125244140625,2.08,,,-1.8567114120626727e-06,17,4.321689503234628e-09,False,False,300,0.3333333333,212,0.00044848491847436435,,,0.00044848999030861646,1.1308689963454504e-05,3.2881964586142973,0.9994918717060318,-6.571653356195455e-06,-6.571653356195455e-06,0.7499981432885879,,0.44373563682106354,0.0,0.13908163964124517,0.44373563682106354,,0.013639237318057437,0.013641332881533682,success,0.9999343792150673,0.9999343792150673,0.75,0.9961790377708784,0.01,[0.01],,,,,,,,,0.006098000886325551,,,
,,,3.6939940849794206e-07,-5.754183834528421e-10,1.222872029967675e-10,typ,,4.4841714137858204e-17,True,,0.6872119903564453,2.08,,,-7.847694622364898e-06,22,2.9223626868696438e-09,False,False,301,0.3333333333,28,1.2139086610938094e-08,,,1.222872029967675e-08,0.007329768491068124,3.286168394339949,0.9988754140876928,-14.211002413387694,-14.211002413387694,0.7499921523053776,,0.1463213277995999,0.0,0.002396320597584443,0.002396320597584443,,3.6939940849794206e-07,3.588990476777531e-07,success,0.9994623967442486,0.00559617189712647,0.75,0.9958254211915408,0.01,[0.01],,,,,,,,,0.15577133320072648,,,
,,,0.012708038490861447,-6.825277425303694e-07,4.1790127301205975e-06,arith,,5.3106588784053203e-08,True,,0.7398834228515625,2.16,,,-8.452930112201607e-06,19,4.252998021592153e-09,False,False,302,0.3333333333,177,0.000417897607268368,,,0.0004179012730120597,8.771793551381739e-06,3.2884509089965763,0.9995692153477641,-7.017436743503346e-06,-7.017436743503346e-06,0.7499915470698878,,0.42985191794768995,0.0,0.1270781701041127,0.42985191794768995,,0.012708038490861447,0.01270969661499004,success,0.9999341437081741,0.9999341437081741,0.75,0.9967200360002249,0.01,[0.01],,,,,,,,,0.0053708347123844966,,,
,,,2.6880437601054616e-07,-3.942735082254044e-10,8.90176840203978e-11,typ,,2.3772891407718627e-17,True,,0.7065525054931641,2.16,,,4.243408403103999e-06,22,2.427660143165889e-09,False,False,303,0.3333333333,22,8.843937647349138e-09,,,8.90176840203978e-09,0.0064965467622579015,3.2901018125546284,1.0000710298555076,-18.660769369632856,-18.660769369632856,0.7500042434084031,,0.053636762954682136,0.0,0.0019673461579474785,0.0019673461579474785,,2.6880437601054616e-07,2.4190407175004843e-07,success,1.0006660328539123,0.004834412632843116,0.75,0.9922190425818206,0.01,[0.01],,,,,,,,,0.14667674465609726,,,
,,,0.011866039835128883,-5.642011272311169e-07,3.902363572629937e-06,arith,,4.630528328107073e-08,True,,0.7586517333984375,2.24,,,-1.1515706981324314e-06,19,4.216681095625691e-09,False,False,304,0.3333333333,177,0.0003902336746248398,,,0.00039023635726299373,6.874393182505714e-06,3.288659738606054,0.9996326919373997,-7.477069900566871e-06,-7.477069900566871e-06,0.7499988484293019,,0.416707303356078,0.0,0.11629396875381356,0.416707303356078,,0.011866039835128883,0.0118673577154784,success,0.999934053967214,0.999934053967214,0.75,0.9971693701200891,0.01,[0.01],,,,,,,,,0.004754755041027458,,,
,,,1.9889100247693051e-07,-2.395838722640317e-10,6.627531169221675e-11,typ,,1.3124162750086997e-17,True,,0.727294921875,2.24,,,4.939246174062717e-06,15,2.7419065222063553e-09,False,False,305,0.3333333333,46,6.598670923592572e-09,,,6.627531169221675e-09,0.0043545997585240186,3.3177322460114587,1.0084696745226982,-23.349529452598496,-23.349529452598496,0.7500049392461741,,0.07885120322975497,0.0,0.0017225775170749411,0.0017225775170749411,,1.9889100247693051e-07,1.854550624301995e-07,success,1.000458004648558,0.004280350359982286,0.75,0.9911214062168302,0.01,[0.01],,,,,,,,,0.12045988470082812,,,
,,,0.011102734048360574,-4.695178216713689e-07,3.6515227214467483e-06,arith,,4.0541665200784206e-08,True,,0.7775115966796875,2.32,,,5.033740166582312e-06,19,4.335290269602581e-09,False,False,306,0.3333333333,171,0.0003651502866248569,,,0.00036515227214467484,5.4375118804223644e-06,3.2888321474184536,0.9996850979322277,-7.95051199031034e-06,-7.95051199031034e-06,0.7500050337401666,,0.4042581710206265,0.0,0.10659955466204703,0.4042581710206265,,0.011102734048360574,0.011103791803567,success,0.9999337228705276,0.9999337228705276,0.75,0.9975418179962177,0.01,[0.01],,,,,,,,,0.004228848674806345,,,
,,,1.5302557747872527e-07,-1.604229185789445e-10,5.064135837280592e-11,typ,,7.723687596500318e-18,True,,0.7472934722900391,2.32,,,-3.683881945937273e-06,22,2.291859666484616e-09,False,False,307,0.3333333333,19,5.047318052156426e-09,,,5.064135837280592e-09,0.0033209585336077714,3.2983492925280027,1.0025779631544138,-28.273917189904935,-28.273917189904935,0.7499963161180541,,2.280727434053232,0.0,0.001643949845679156,0.001643949845679156,,1.5302557747872527e-07,1.689110242786334e-07,success,0.9994851135302381,0.003854009971900611,0.75,0.9972735456401841,0.01,[0.01],,,,,,,,,0.10483405534035488,,,
,,,0.010409007991477521,-3.9312692907845066e-07,3.4235107268327893e-06,arith,,3.563519596572916e-08,True,,0.796417236328125,2.4,,,-3.28082089762205e-06,18,4.355380827397141e-09,False,False,308,0.3333333333,180,0.00034234958792332394,,,0.0003423510726832789,4.33695137368959e-06,3.2889742058381173,0.9997282785139078,-8.437758402466723e-06,-8.437758402466723e-06,0.7499967191791024,,0.3924619221371395,0.0,0.09787788697479817,0.3924619221371395,,0.010409007991477521,0.010409884869327894,success,0.9999336260230484,0.9999336260230484,0.75,0.9978573743438411,0.01,[0.01],,,,,,,,,0.0037767953430367933,,,
,,,1.2093742354507525e-07,-1.0489646104577745e-10,3.956388714305177e-11,typ,,4.7737513089688806e-18,True,,0.7666282653808594,2.4,,,-5.088064904956724e-07,21,1.918091614944679e-09,False,False,309,0.3333333333,18,3.947290399476411e-09,,,3.956388714305177e-09,0.002299651395695571,3.2639114376412977,0.9921101104967418,-33.522721635391946,-33.522721635391946,0.7499994911935095,,0.10029798021562074,0.0,0.0013812813997125366,0.0013812813997125366,,1.2093742354507525e-07,1.192463043163392e-07,success,1.0008700308684086,0.0035070873798088912,0.75,0.9881914985000735,0.01,[0.01],,,,,,,,,0.08673614665412557,,,
,,,0.13281186713204265,4.228627490727221e-05,4.329196057766504e-05,arith,,5.747897987080945e-06,True,,0.48722076416015625,0.0,,,-5.423396887138665e-07,20,4.8357421514494206e-09,False,False,310,0.4166666667,615,0.004327849695363696,,,0.004329196057766504,0.0003109959412423063,3.2586317689976543,0.990505283668102,-7.840515933289858e-07,-7.840515933289858e-07,0.7499994576603113,,0.9727237086909882,0.0,0.9727237086909882,0.9727237086909882,,0.13281186713204265,0.133193092166714,success,0.999936078038231,0.999936078038231,0.75,0.9999987886961266,0.01,[0.01],,,,,,,,,-0.031839229295098186,,,
,,,0.13281137420994746,4.2283205413034945e-05,4.329178547624356e-05,typ,,5.74785365164215e-06,True,,0.48722076416015625,0.0,,,-1.8152472099908223e-06,20,4.475749957269149e-09,False,False,311,0.4166666667,338,0.004327832375678891,,,0.004329178547624356,0.00031095320524575837,3.2586308224154643,0.9905049959416183,-1.7833066913779073e-06,-1.7833066913779073e-06,0.74999818475279,,0.9727242470124842,0.0,0.9727242470124842,0.9727242470124842,,0.13281137420994746,0.13319427955091492,success,0.9999329139977527,0.9999329139977527,0.75,0.9999999425946378,0.01,[0.01],,,,,,,,,-0.031837036296449954,,,
,,,0.12876835449605017,3.685267569181273e-05,4.197894859823597e-05,arith,,5.404202014763472e-06,True,,0.4874382019042969,0.08,,,9.36846631716115e-07,21,4.810472404005375e-09,False,False,312,0.4166666667,555,0.004196840159923951,,,0.004197894859823597,0.000251244953688487,3.2592170462601384,0.9906831866230835,-7.938021592750026e-07,-7.938021592750026e-07,0.7500009368466317,,0.9663531201866074,0.0,0.9661315373814557,0.9663531201866074,,0.12876835449605017,0.12913327269402852,success,0.9999353170161125,0.9999353170161125,0.75,0.9999999380935549,0.01,[0.01],,,,,,,,,-0.028619357478038707,,,
,,,0.12888349908313787,3.750950738200509e-05,4.201240753671045e-05,typ,,5.413299125093995e-06,True,,0.48740386962890625,0.08,,,-1.0512320344213677e-06,20,4.389389789172615e-09,False,False,313,0.4166666667,335,0.004200149098684915,,,0.004201240753671045,0.0002598410922241216,3.258872647440738,0.9905785019350035,-5.867748249698207e-06,-5.867748249698207e-06,0.7499989487679656,,0.9665522477187187,0.0,0.9663349458100587,0.9663349458100587,,0.12888349908313787,0.1292566982139205,success,0.9999329334582383,0.9959011717690153,0.75,0.9999391710661916,0.01,[0.01],,,,,,,,,-0.029103421034378595,,,
,,,0.11809724177043414,2.340345833491978e-05,3.85194836211587e-05,arith,,4.548497048218223e-06,True,,0.48809051513671875,0.16,,,-1.2168180874017054e-07,20,4.792538435240445e-09,False,False,314,0.4166666667,570,0.003851484573246779,,,0.00385194836211587,0.0001204037088482614,3.261282410586329,0.9913109820976304,-8.230495674948048e-07,-8.230495674948048e-07,0.7499998783181913,,0.9480021605362454,0.0,0.9465295881379716,0.9480021605362454,,0.11809724177043414,0.11841363621735507,success,0.9999358265516538,0.9999358265516538,0.75,0.9999980825714849,0.01,[0.01],,,,,,,,,-0.019817108328755974,,,
,,,0.11835505432822,2.5124579143082444e-05,3.8586606348651525e-05,typ,,4.566288646259173e-06,True,,0.4879646301269531,0.16,,,6.462683236341249e-07,21,3.9370799400160555e-09,False,False,315,0.4166666667,313,0.003858127286728311,,,0.0038586606348651525,0.00013822105318678435,3.2597908966599984,0.9908576162283258,-1.814045420726895e-05,-1.814045420726895e-05,0.7500006462683236,,0.9490117065205641,0.0,0.9476046451643256,0.9476046451643256,,0.11835505432822,0.11868892633036472,success,0.9999329657963744,0.9841057193074548,0.75,0.9999999272786844,0.01,[0.01],,,,,,,,,-0.021228142123451216,,,
,,,0.10406320953776836,7.546746035271929e-06,3.3980761595160746e-05,arith,,3.536090160754444e-06,True,,0.4892120361328125,0.24,,,7.236279499500675e-06,19,4.809330945931739e-09,False,False,316,0.4166666667,570,0.0033980214299185792,,,0.0033980761595160747,1.6106053815833342e-05,3.2653436743033684,0.9925454582383127,-8.717695139410109e-07,-8.717695139410109e-07,0.7500072362794995,,0.9198183481405683,0.0,0.9147221634263315,0.9198183481405683,,0.10406320953776836,0.10430519423451065,success,0.9999363025713326,0.9999363025713326,0.75,0.999998629537671,0.01,[0.01],,,,,,,,,-0.007252078874746735,,,
,,,0.10413499848512847,9.0327833099635e-06,3.396852938691139e-05,typ,,3.5372311650737343e-06,True,,0.48891448974609375,0.24,,,-2.0677300084370742e-06,20,3.994341113879849e-09,False,False,317,0.4166666667,312,0.003396774587343838,,,0.003396852938691139,2.3065863820109813e-05,3.2618952674483706,0.9914972682456266,-3.868419641887442e-05,-3.868419641887442e-05,0.7499979322699916,,0.9226783067166621,0.0,0.9178900237638473,0.9178900237638473,,0.10413499848512847,0.10440836445691316,success,0.9999330142227913,0.9652526394552682,0.75,0.9999999034011592,0.01,[0.01],,,,,,,,,-0.008674109032856493,,,
,,,0.0897406245528638,-6.778876484081661e-06,2.935943857059804e-05,arith,,2.63468840068052e-06,True,,0.490814208984375,0.32,,,-3.922369571474071e-06,18,4.770492628634642e-09,False,False,318,0.4166666667,563,0.00293589265041107,,,0.0029359438570598037,1.7441290169983037e-05,3.271531332703857,0.9944262808576485,-9.399337134263861e-07,-9.399337134263861e-07,0.7499960776304285,,0.8849835688969441,0.0,0.8727475469380896,0.8849835688969441,,0.0897406245528638,0.08989640500850064,success,0.9999363179772763,0.9999363179772763,0.75,0.9999998090268413,0.01,[0.01],,,,,,,,,0.007553854809744951,,,
,,,0.08919180791007111,-7.905111127767634e-06,2.9128984495293617e-05,typ,,2.5980042989377257e-06,True,,0.490264892578125,0.32,,,7.206671487458571e-06,18,4.7180961677901094e-09,False,False,319,0.4166666667,316,0.0029128283861643437,,,0.002912898449529362,2.4052800408964415e-05,3.2658026049895117,0.9926849564393022,-6.803128664896647e-05,-6.803128664896647e-05,0.7500072066714875,,0.890922234408396,0.0,0.879535243743807,0.879535243743807,,0.08919180791007111,0.08939372206139365,success,0.9999330594822086,0.9400879001764992,0.75,0.9999977004707682,0.01,[0.01],,,,,,,,,0.008863046184396298,,,
,,,0.07699811901827919,-1.850122647837766e-05,2.5255760772395216e-05,arith,,1.9443037784688693e-06,True,,0.493011474609375,0.4,,,6.510548953841955e-06,18,4.71217862107936e-09,False,False,320,0.4166666667,513,0.002525131526923789,,,0.0025255760772395215,0.00017601937226876312,3.2794717054378015,0.9968398647495424,-1.0274616792082256e-06,-1.0274616792082256e-06,0.7500065105489538,,0.8471286553896575,0.0,0.8240455120611989,0.8471286553896575,,0.07699811901827919,0.07706974341773074,success,0.9999360425488214,0.9999360425488214,0.75,0.9999814257354362,0.01,[0.01],,,,,,,,,0.024028153822803783,,,
,,,0.07560473173107773,-2.459072829506568e-05,2.4742835071624275e-05,typ,,1.8700707039383732e-06,True,,0.4919586181640625,0.4,,,2.50609573293481e-06,19,4.139396059674327e-09,False,False,321,0.4166666667,283,0.0024734836843150524,,,0.0024742835071624274,0.00032325432597343805,3.271599049002793,0.9944468641443288,-0.00010759362614948687,-0.00010759362614948687,0.7500025060957329,,0.8572955557750312,0.0,0.8359860693897062,0.8359860693897062,,0.07560473173107773,0.07573056001764933,success,0.9999331340495274,0.9091726796392785,0.75,0.9999991315700658,0.01,[0.01],,,,,,,,,0.032525382647389946,,,
,,,0.06658316984587677,-2.812026498126659e-05,2.1906330357884508e-05,arith,,1.4578021656162941e-06,True,,0.49587249755859375,0.48,,,4.9442511190767036e-06,20,4.699277824744613e-09,False,False,322,0.4166666667,407,0.0021894454244079063,,,0.0021906330357884508,0.0005421315944489017,3.2882865587143417,0.9995192588523801,-1.1342632343854268e-06,-1.1342632343854268e-06,0.7500049442511191,,0.8098210115975387,0.0,0.7729409157515134,0.8098210115975387,,0.06658316984587677,0.06658118051563464,success,0.9999360567912013,0.9999360567912013,0.75,0.9347112157083646,0.01,[0.01],,,,,,,,,0.04223329265692502,,,
,,,0.0644243550876729,-4.045829033708633e-05,2.113966584118538e-05,typ,,1.3602724653302762e-06,True,,0.49399566650390625,0.48,,,-6.063992756155656e-06,20,4.293549252729644e-09,False,False,323,0.4166666667,232,0.0021114258163378247,,,0.002113966584118538,0.0012018959049783934,3.2773720644381426,0.9962016504156141,-0.00015946802335827697,-0.00015946802335827697,0.7499939360072438,,0.8253241511888575,0.0,0.7915454642906756,0.7915454642906756,,0.0644243550876729,0.06447569867039828,success,0.9999332001843245,0.8728573798274147,0.75,0.9889934902239911,0.01,[0.01],,,,,,,,,0.06279968232825618,,,
,,,0.058568099515848376,-3.634768522783674e-05,1.932706342975977e-05,arith,,1.130628220081862e-06,True,,0.4995574951171875,0.56,,,-4.562898635152024e-06,19,4.638971910472048e-09,False,False,324,0.4166666667,405,0.0019304505856057648,,,0.0019327063429759768,0.0011671495664150114,3.296078584696759,1.0018877507389112,-1.2601747902852168e-06,-1.2601747902852168e-06,0.7499954371013648,,0.776078555601235,0.0,0.7233703553732542,0.776078555601235,,0.058568099515848376,0.05850986211089904,success,0.9999357172606153,0.9999357172606153,0.75,0.8897233266419745,0.01,[0.01],,,,,,,,,0.06206055092841308,,,
,,,0.055806449826478366,-5.387882652903842e-05,1.834875591493281e-05,typ,,1.0210759983968498e-06,True,,0.49646759033203125,0.56,,,-2.041765176374888e-06,20,4.358326137934802e-09,False,False,325,0.4166666667,158,0.0018296738129225736,,,0.001834875591493281,0.0028349489168766544,3.2786063593216643,0.9965768310713005,-0.0002272922676437929,-0.0002272922676437929,0.7499979582348236,,0.7984941872987789,0.0,0.7502772666655104,0.7502772666655104,,0.055806449826478366,0.05581538911875882,success,0.9999326857704642,0.8313751911340505,0.75,0.9857557399930812,0.01,[0.01],,,,,,,,,0.09654587721771661,,,
,,,0.05268551981817936,-4.313452742836274e-05,1.7418126460068957e-05,arith,,9.158224593510491e-07,True,,0.5042953491210938,0.64,,,-8.307474695934403e-07,20,4.746971214284741e-09,False,False,326,0.4166666667,340,0.0017382811491878662,,,0.0017418126460068957,0.0020274837406453693,3.2993527542041354,1.0028829789287104,-1.4049410577124301e-06,-1.4049410577124301e-06,0.7499991692525304,,0.7479922535295576,0.0,0.6776750932637604,0.7479922535295576,,0.05268551981817936,0.05260017719410588,success,0.9999357488771585,0.9999357488771585,0.75,0.866076213860728,0.01,[0.01],,,,,,,,,0.08187169373524714,,,
,,,0.04916645487579676,-6.211940261299411e-05,1.6166686127977714e-05,typ,,7.909998238213904e-07,True,,0.4995574951171875,0.64,,,2.367846879347546e-06,19,4.232000318333485e-09,False,False,327,0.4166666667,154,0.001608820131163813,,,0.0016166686127977714,0.004854725063521812,3.27219063328438,0.9946266842032326,-0.00031586373157864434,-0.00031586373157864434,0.7500023678468793,,0.7796146977432716,0.0,0.7138731846188425,0.7138731846188425,,0.04916645487579676,0.049173903309316064,success,0.9999314424529625,0.7851875642156824,0.75,0.9896357362390782,0.01,[0.01],,,,,,,,,0.1263450919329425,,,
,,,0.048478759740041226,-4.7336997117540034e-05,1.6018866231704884e-05,arith,,7.743339760585746e-07,True,,0.5102920532226562,0.72,,,-8.692767954343594e-07,20,4.628338416157751e-09,False,False,328,0.4166666667,328,0.0015972644106631514,,,0.0016018866231704884,0.0028854804331835703,3.2947716056025347,1.0014904767324435,-1.5682371044635273e-06,-1.5682371044635273e-06,0.7499991307232046,,0.7262698870432073,0.0,0.6360823875793389,0.7262698870432073,,0.048478759740041226,0.04840839838970565,success,0.9999355524013666,0.9999355524013666,0.75,0.8598739482114243,0.01,[0.01],,,,,,,,,0.09764481882658778,,,
,,,0.04348076541445995,-6.345034744359618e-05,1.4272545790744483e-05,typ,,6.165552688037857e-07,True,,0.5035858154296875,0.72,,,-7.019178117295688e-06,19,4.31236506351148e-09,False,False,329,0.4166666667,149,0.0014179954352844582,,,0.0014272545790744483,0.0064873806857880115,3.2612016411580695,0.9912864311354103,-0.0004301685051060182,-0.0004301685051060182,0.7499929808218827,,0.7692969904374425,0.0,0.6803145634602576,0.6803145634602576,,0.04348076541445995,0.04351245034006622,success,0.9999329305592489,0.735609705840182,0.75,0.9959057860989466,0.01,[0.01],,,,,,,,,0.14592739304100463,,,
,,,0.04535818486000549,-4.753183900713213e-05,1.4943938090370279e-05,arith,,6.755706307200927e-07,True,,0.517730712890625,0.8,,,-7.910091615159764e-06,18,4.625533014696634e-09,False,False,330,0.4166666667,356,0.001489412843139973,,,0.0014943938090370278,0.003333101266167871,3.2836694143227505,0.9981158152479693,-1.749660616462683e-06,-1.749660616462683e-06,0.7499920899083848,,0.70976072079282,0.0,0.5970770931282585,0.70976072079282,,0.04535818486000549,0.04533787359601095,success,0.9999359832617343,0.9999359832617343,0.75,0.8658479906787228,0.01,[0.01],,,,,,,,,0.10479219826330231,,,
,,,0.03785142452340372,-5.8895583393724996e-05,1.2398998259293789e-05,typ,,4.6585105703418575e-07,True,,0.50885009765625,0.8,,,1.6145136791934078e-06,17,4.2577624976689616e-09,False,False,331,0.4166666667,180,0.0012307358650297236,,,0.001239899825929379,0.007390888125003524,3.2514915370457294,0.9883349134095524,-0.0005743808454882141,-0.0005743808454882141,0.7500016145136792,,0.7649896256171066,0.0,0.6453543654030074,0.6453543654030074,,0.03785142452340372,0.03790434262750594,success,0.9999554280796183,0.6846956508289864,0.75,0.999424980925164,0.01,[0.01],,,,,,,,,0.1555967420917265,,,
,,,0.04273349747934068,-4.3602952951777175e-05,1.4028009790792982e-05,arith,,5.975647035289033e-07,True,,0.5267257690429688,0.88,,,-1.9099015337031844e-06,20,4.666858014620931e-09,False,False,332,0.4166666667,291,0.0013983519692433164,,,0.0014028009790792982,0.00317151891275538,3.2722619296942486,0.9946483557131446,-1.948761639724802e-06,-1.948761639724802e-06,0.7499980900984663,,0.6958999441559292,0.0,0.5587827334300083,0.6958999441559292,,0.04273349747934068,0.04276655670336316,success,0.9999355979164447,0.9999355979164447,0.75,0.8797722032924734,0.01,[0.01],,,,,,,,,0.10203459937454645,,,
,,,0.031911427396551846,-5.1262014447812445e-05,1.0439339437502443e-05,typ,,3.3050642840257186e-07,True,,0.5155906677246094,0.88,,,-1.3249412722515785e-07,21,4.317585067690857e-09,False,False,333,0.4166666667,118,0.0010356992944736917,,,0.0010439339437502443,0.007888094190107811,3.2455436154686175,0.986526962046338,-0.0007523619897090159,-0.0007523619897090159,0.7499998675058728,,0.7621233616070299,0.0,0.6051135290965215,0.6051135290965215,,0.031911427396551846,0.03196900366010311,success,0.9999374328208969,0.6343754732533595,0.75,0.9999147156567381,0.01,[0.01],,,,,,,,,0.1606384252600105,,,
,,,0.04020846312979422,-3.706859567242806e-05,1.3163972116984262e-05,arith,,5.279290067222749e-07,True,,0.5372085571289062,0.96,,,-3.3477283056804197e-07,20,4.66695083007267e-09,False,False,334,0.4166666667,272,0.0013129798197411898,,,0.0013163972116984261,0.002596018836007094,3.2654314976000163,0.992572153319416,-2.165155407970066e-06,-2.165155407970066e-06,0.7499996652271694,,0.6822476996807404,0.0,0.5203487349412685,0.6822476996807404,,0.04020846312979422,0.04027342576582397,success,0.9999358574336286,0.9999358574336286,0.75,0.8969707759607641,0.01,[0.01],,,,,,,,,0.09219102842297015,,,
,,,0.0258174338328095,-4.298907630125714e-05,8.442009835512585e-06,typ,,2.1610296966303786e-07,True,,0.52386474609375,0.96,,,4.12523346104976e-06,17,4.283336346899909e-09,False,False,335,0.4166666667,197,0.0008370427946576484,,,0.0008442009835512585,0.00847924728007082,3.2421610919126733,0.9854987981751789,-0.0009723246205878378,-0.0009723246205878378,0.750004125233461,,0.7568585796375972,0.0,0.5576434768476127,0.5576434768476127,,0.0258174338328095,0.025867133833211854,success,0.9996634322866387,0.5852217594481435,0.75,0.9999675944610268,0.01,[0.01],,,,,,,,,0.16651180973155222,,,
,,,0.03762637432727483,-2.9835487329090593e-05,1.2303716633536994e-05,arith,,4.6205409136601633e-07,True,,0.549041748046875,1.04,,,-4.056829912557625e-06,18,4.625361438984312e-09,False,False,336,0.4166666667,302,0.0012280058858370518,,,0.0012303716633536995,0.001922815346867743,3.263683806353055,0.9920409188820655,-2.398493026395127e-06,-2.398493026395127e-06,0.7499959431700874,,0.6674130527028769,0.0,0.4819239545770505,0.6674130527028769,,0.03762637432727483,0.03770007267399565,success,0.999935621734609,0.999935621734609,0.75,0.914768620992469,0.01,[0.01],,,,,,,,,0.07929407991740323,,,
,,,0.020018156092306238,-3.520706386419716e-05,6.546813141362636e-06,typ,,1.2981559002502132e-07,True,,0.532928466796875,1.04,,,6.580891243390674e-06,18,4.457126116947672e-09,False,False,337,0.4166666667,192,0.0006484892485922545,,,0.0006546813141362636,0.00945813697490128,3.2395054050032823,0.9846915661520501,-0.0012557172965069387,-0.0012557172965069387,0.7500065808912434,,0.7478369697123683,0.0,0.5036660860210059,0.5036660860210059,,0.020018156092306238,0.020055447474852474,success,1.0000498764636019,0.5360231354312308,0.75,0.9999812169455874,0.01,[0.01],,,,,,,,,0.17587565858640003,,,
,,,0.03499321622717196,-2.318727433821629e-05,1.1441491221305476e-05,arith,,3.9983692657719666e-07,True,,0.5620651245117188,1.12,,,-9.359640229522626e-07,20,4.496722874138317e-09,False,False,338,0.4166666667,251,0.001142612682359635,,,0.0011441491221305475,0.0013428667130832284,3.2652405396003727,0.9925141090477664,-2.64845376710609e-06,-2.64845376710609e-06,0.749999064035977,,0.6510206059717816,0.0,0.44411453682181323,0.6510206059717816,,0.03499321622717196,0.03506160369775622,success,0.9999354762182083,0.9999354762182083,0.75,0.9309538725550126,0.01,[0.01],,,,,,,,,0.06626219832920517,,,
,,,0.01474680459590924,-2.829574981779961e-05,4.825800131273424e-06,typ,,7.036448209705083e-08,True,,0.5433197021484375,1.12,,,-2.2335884898305736e-06,19,4.404527282824247e-09,False,False,339,0.4166666667,188,0.0004771507050182921,,,0.0004825800131273424,0.011250586351195677,3.235620991076627,0.9835108459016336,-0.0016454507423363845,-0.0016454507423363845,0.7499977664115102,,0.7348171051023157,0.0,0.44305371461191506,0.44305371461191506,,0.01474680459590924,0.014771510267522941,success,1.0000107599936179,0.484980360884182,0.75,0.9999868609965482,0.01,[0.01],,,,,,,,,0.1918771597858484,,,
,,,0.03237964148604041,-1.765826089766113e-05,1.0592283636573251e-05,arith,,3.426625324927644e-07,True,,0.5760955810546875,1.2,,,7.600662830009597e-06,19,4.542669551332224e-09,False,False,340,0.4166666667,258,0.001058265369122428,,,0.0010592283636573251,0.0009091472320209267,3.2683047759459285,0.9934455252082411,-2.9147666284263423e-06,-2.9147666284263423e-06,0.75000760066283,,0.6332877959206351,0.0,0.4075862858592798,0.6332877959206351,,0.03237964148604041,0.03243703983464763,success,0.999935359458447,0.999935359458447,0.75,0.944728265460005,0.01,[0.01],,,,,,,,,0.05453507230854919,,,
,,,0.010183438806711995,-2.2212702297326207e-05,3.3365063998450955e-06,typ,,3.348370460767584e-08,True,,0.5552787780761719,1.2,,,6.743992808533328e-06,21,4.311985116423588e-09,False,False,341,0.4166666667,147,0.0003288054776310575,,,0.00033365063998450957,0.014521663599017938,3.2288255850699357,0.981445290161849,-0.0022202057480349537,-0.0022202057480349537,0.7500067439928085,,0.7187832235179957,0.0,0.376500626094509,0.376500626094509,,0.010183438806711995,0.010196819665280289,success,0.9992545631703657,0.4307689196619228,0.75,0.9999894361772885,0.01,[0.01],,,,,,,,,0.21812575023955186,,,
,,,0.029859279383055423,-1.3309200596999964e-05,9.775144816682059e-06,arith,,2.917016452706045e-07,True,,0.5909271240234375,1.28,,,-5.444258319942108e-06,19,4.558213104788765e-09,False,False,342,0.4166666667,249,0.0009769212496003492,,,0.0009775144816682058,0.0006068780350386132,3.271750925625933,0.9944930291020013,-3.197233437291229e-06,-3.197233437291229e-06,0.7499945557416801,,0.6146592945458362,0.0,0.37288833991410936,0.6146592945458362,,0.029859279383055423,0.029904828892117766,success,0.9999353416304524,0.9999353416304524,0.75,0.9561155829192414,0.01,[0.01],,,,,,,,,0.044573080368954535,,,
,,,0.006528944892141049,-1.6790949879974353e-05,2.144401233923383e-06,typ,,1.3718741485053222e-08,True,,0.5669689178466797,1.28,,,-3.1159530942126423e-06,22,4.297209697644793e-09,False,False,343,0.4166666667,114,0.00021012187591852092,,,0.0002144401233923383,0.020137311084813835,3.218312903382697,0.9782498181064305,-0.0031342676742348867,-0.0031342676742348867,0.7499968840469058,,0.7008572236059675,0.0,0.30730674059094387,0.30730674059094387,,0.006528944892141049,0.00653275003976027,success,0.9993551283844235,0.37272809700601783,0.75,0.9999899781590026,0.01,[0.01],,,,,,,,,0.2571770807896659,,,
,,,0.027480228867318948,-1.0002713997965591e-05,9.003409286118574e-06,arith,,2.47315693481358e-07,True,,0.6064910888671875,1.36,,,5.192280438492958e-06,19,4.4575793663371315e-09,False,False,344,0.4166666667,240,0.0008999768330731769,,,0.0009003409286118573,0.0004043974089257819,3.274997589788928,0.9954798966696526,-3.495539401593222e-06,-3.495539401593222e-06,0.7500051922804385,,0.5955480141204397,0.0,0.3403017431670777,0.5955480141204397,,0.027480228867318948,0.027515241690036742,success,0.9999350446294777,0.9999350446294777,0.75,0.9650547812266321,0.01,[0.01],,,,,,,,,0.03639967500365831,,,
,,,0.0037429947393296764,-1.1972271736393605e-05,1.2364642744814647e-06,typ,,4.484743984223158e-09,True,,0.5784358978271484,1.36,,,8.387454516700643e-06,22,4.253130894795011e-09,False,False,345,0.4166666667,95,0.00011981699939621928,,,0.00012364642744814647,0.030970794150386064,3.2010998609545736,0.9730176806077208,-0.004718999477872557,-0.004718999477872557,0.7500083874545167,,0.6816399253379629,0.0,0.23629342370903575,0.23629342370903575,,0.0037429947393296764,0.00373871733246014,success,0.9997986691545887,0.3110678455925774,0.75,0.9999899312929029,0.01,[0.01],,,,,,,,,0.3198580967959813,,,
,,,0.025273937570957604,-7.52892242513993e-06,8.286597256159934e-06,arith,,2.0937825705497097e-07,True,,0.6226043701171875,1.44,,,-2.957452172047681e-07,19,4.46469552239484e-09,False,False,346,0.4166666667,231,0.0008284354444855815,,,0.0008286597256159934,0.00027065528042316073,3.27782500118834,0.9963393266785495,-3.809550496653596e-06,-3.809550496653596e-06,0.7499997042547828,,0.576364817582653,0.0,0.3100600177341496,0.576364817582653,,0.025273937570957604,0.025300367350299204,success,0.9999351806091937,0.9999351806091937,0.75,0.9720594695033284,0.01,[0.01],,,,,,,,,0.029789273649988946,,,
,,,0.0017309521726797293,-7.635646067494481e-06,5.824802899530469e-07,typ,,9.499424325693011e-10,True,,0.5915679931640625,1.44,,,-1.907536664735865e-06,19,4.299880106939989e-09,False,False,347,0.4166666667,140,5.487976199242248e-05,,,5.824802899530468e-05,0.05782628289712105,3.1704955722411317,0.9637150923367874,-0.007756844339148224,-0.007756844339148224,0.7499980924633353,,0.6618437712386231,0.0,0.1623517756660255,0.1623517756660255,,0.0017309521726797293,0.001719151056829927,success,0.9998409233092497,0.2473251524053496,0.75,0.9999902822160989,0.01,[0.01],,,,,,,,,0.44112403496819624,,,
,,,0.023250022641432593,-5.6958482538361725e-06,7.627807371659635e-06,arith,,1.7731425140824223e-07,True,,0.63922119140625,1.52,,,7.429133359493356e-06,17,4.377284166875045e-09,False,False,348,0.4166666667,257,0.0007626411988617172,,,0.0007627807371659635,0.000182933702238852,3.280174005089595,0.9970533382455163,-4.138991428276817e-06,-4.138991428276817e-06,0.7500074291333595,,0.5573941238520742,0.0,0.28219649046300443,0.5573941238520742,,0.023250022641432593,0.023269802802341793,success,0.9999352666671598,0.9999352666671598,0.75,0.9775719958197546,0.01,[0.01],,,,,,,,,0.024498248202502446,,,
,,,0.0005376883416783265,-3.6987522248631096e-06,1.9552601114513554e-07,typ,,9.145128866667611e-11,True,,0.6047744750976562,1.52,,,-3.035463986944542e-06,20,4.334482406859604e-09,False,False,349,0.4166666667,118,1.7008233502185005e-05,,,1.9552601114513555e-05,0.1301293673116417,3.163214111932564,0.9615017938054612,-0.014404624260137553,-0.014404624260137553,0.749996964536013,,0.6364500156506547,0.0,0.09005171824237904,0.09005171824237904,,0.0005376883416783265,0.0005182666305985457,success,1.000695683414866,0.1840695576509501,0.75,0.9999883939162362,0.01,[0.01],,,,,,,,,0.6878989068868259,,,
,,,0.021408492385356942,-4.338459820121533e-06,7.027318272338708e-06,arith,,1.5042546748923212e-07,True,,0.6562042236328125,1.6,,,-4.552851174732808e-06,19,4.380341088836627e-09,False,False,350,0.4166666667,212,0.0007026439077612055,,,0.0007027318272338708,0.00012511098723300658,3.2820802843725807,0.9976327776654313,-4.48375800199245e-06,-4.48375800199245e-06,0.7499954471488253,,0.5388678817543775,0.0,0.2567179434225962,0.5388678817543775,,0.021408492385356942,0.021423252897676777,success,0.9999350877342096,0.9999350877342096,0.75,0.9818705799167136,0.01,[0.01],,,,,,,,,0.020265134704622954,,,
,,,7.964481781616018e-05,-7.831423600698952e-07,3.607182586212408e-08,typ,,2.2596220429492817e-12,True,,0.6205730438232422,1.6,,,2.187351044513619e-06,22,4.28919403911853e-09,False,False,351,0.4166666667,88,2.8371237513092752e-06,,,3.6071825862124076e-06,0.2134793059399039,3.562220153303702,1.082785086981963,-0.03197835960978217,-0.03197835960978217,0.7500021873510445,,0.5680556722366382,0.0,0.03263920257678857,0.03263920257678857,,7.964481781616018e-05,6.713381389543291e-05,success,0.9997614215248407,0.12463841406150092,0.75,0.9999828415841618,0.01,[0.01],,,,,,,,,0.9832935544878517,,,
,,,0.019739864627310217,-3.3328866842955716e-06,6.482345116200732e-06,arith,,1.2794950692765763e-07,True,,0.673553466796875,1.68,,,-5.060500173348359e-07,18,4.3808883213611895e-09,False,False,352,0.4166666667,224,0.0006481782390272258,,,0.0006482345116200732,8.680900482567727e-05,3.283600223531763,0.9980947837694494,-4.843559955315115e-06,-4.843559955315115e-06,0.7499994939499827,,0.5209211593471219,0.0,0.23350997813987814,0.5209211593471219,,0.019739864627310217,0.019750899304082022,success,0.9999348911975362,0.9999348911975362,0.75,0.9852439266445114,0.01,[0.01],,,,,,,,,0.01688404022631697,,,
,,,1.3338576553175167e-05,-9.166070926184419e-08,5.479342894239871e-09,typ,,6.468494903353056e-14,True,,0.6347436904907227,1.68,,,8.400473445968615e-06,23,4.275851526077156e-09,False,False,353,0.4166666667,67,4.849464167009088e-07,,,5.479342894239871e-07,0.11495515783342183,3.6356684295931885,1.1051106858523836,-0.09288825849012942,-0.09288825849012942,0.750008400473446,,1.1518182583655396,0.0,0.015946688817709123,0.015946688817709123,,1.3338576553175167e-05,1.5927101971087565e-05,success,1.0007011065610054,0.07339496727709995,0.75,0.9999652436698807,0.01,[0.01],,,,,,,,,0.6871850897765018,,,
,,,0.018232297760076885,-2.5834481840440986e-06,5.9893204602042405e-06,arith,,1.0919239980644479e-07,True,,0.6911773681640625,1.76,,,-2.1582060045766127e-06,19,4.427780296321603e-09,False,False,354,0.4166666667,205,0.0005988954395289797,,,0.0005989320460204241,6.111960728693756e-05,3.2848050608320816,0.9984610103935435,-5.2182857765305625e-06,-5.2182857765305625e-06,0.7499978417939954,,0.5036544242443587,0.0,0.2124654794462833,0.5036544242443587,,0.018232297760076885,0.01824058261607521,success,0.9999347163279398,0.9999347163279398,0.75,0.9878863405588555,0.01,[0.01],,,,,,,,,0.014169624794638087,,,
,,,4.2941919919225076e-06,-1.8943023819955905e-08,1.5582180126080784e-09,typ,,6.332449159967598e-15,True,,0.651947021484375,1.76,,,-4.359399509268336e-06,18,4.487569268263595e-09,False,False,355,0.4166666667,159,1.4746544103941108e-07,,,1.5582180126080785e-07,0.05362767054277756,3.4340672544869353,1.0438312767960283,-0.37835696780627875,-0.37835696780627875,0.7499956406004907,,0.33884633454697216,0.0,0.007763280623005631,0.007763280623005631,,4.2941919919225076e-06,3.768218077603322e-06,success,0.9990043507477908,0.03628028698390349,0.75,0.9999093730051675,0.01,[0.01],,,,,,,,,0.4411312734872649,,,
,,,0.016871548786057945,-2.0213938261590165e-06,5.54382263328926e-06,arith,,9.352878798579154e-08,True,,0.7090530395507812,1.84,,,3.7327199153835977e-07,20,4.448346136104538e-09,False,False,356,0.4166666667,182,0.0005543580448469582,,,0.0005543822633289259,4.36855281449282e-05,3.2857567012760573,0.9987502744021002,-5.607728476252766e-06,-5.607728476252766e-06,0.7500003732719915,,0.4871162624567565,0.0,0.19342978861154744,0.4871162624567565,,0.016871548786057945,0.016877808426046147,success,0.9999345821818452,0.9999345821818452,0.75,0.98997614217322,0.01,[0.01],,,,,,,,,0.011981080408156871,,,
,,,2.038251511951679e-06,-6.444047862461251e-09,7.032269347965721e-10,typ,,1.3918276102405665e-15,True,,0.6697025299072266,1.84,,,7.262226753512735e-06,22,4.294008854999887e-09,False,False,357,0.4166666667,78,6.828537116638051e-08,,,7.032269347965721e-08,0.028971050630562756,3.350193573559305,1.0183367349119465,-1.5276862025952935,-1.5276862025952935,0.7500072622267535,,1.2503512473387832,0.0,0.006080681399400118,0.006080681399400118,,2.038251511951679e-06,2.311115506081357e-06,success,1.0009806587020733,0.017882222375441,0.75,0.9996961886318501,0.01,[0.01],,,,,,,,,0.316155676798243,,,
,,,0.015643516402683844,-1.5961685999566983e-06,5.141419897202678e-06,arith,,8.042733874077569e-08,True,,0.72711181640625,1.92,,,-8.62674504875649e-06,17,4.291818221595187e-09,False,False,358,0.4166666667,222,0.000514125703393499,,,0.0005141419897202678,3.167671011994735e-05,3.286509824001554,0.9989791962600258,-6.011799215623038e-06,-6.011799215623038e-06,0.7499913732549512,,0.4713311634615426,0.0,0.17625319020659863,0.4713311634615426,,0.015643516402683844,0.01564827986407432,success,0.9999344366514437,0.9999344366514437,0.75,0.9916378045769096,0.01,[0.01],,,,,,,,,0.01020338751767381,,,
,,,1.1305341665648525e-06,-2.7944965083237828e-09,3.830803958034022e-10,typ,,4.2527626526189927e-16,True,,0.6914291381835938,1.92,,,2.5339762453890913e-06,20,4.039187869252505e-09,False,False,359,0.4166666667,64,3.761728551328162e-08,,,3.830803958034022e-08,0.018031569211730155,3.327390416477406,1.011405406312986,-3.82147372976745,-3.82147372976745,0.7500025339762454,,0.2951095789504646,0.0,0.0041355845045257045,0.0041355845045257045,,1.1305341665648525e-06,1.068974170081049e-06,success,0.9977705698772245,0.011162948596827663,0.75,0.9987924896371267,0.01,[0.01],,,,,,,,,0.24718372880449146,,,
,,,0.014534177712252846,-1.2721346248609803e-06,4.777650066907985e-06,arith,,6.943759679289359e-08,True,,0.7453765869140625,2.0,,,-4.938792795394775e-06,19,4.437136460833196e-09,False,False,360,0.4166666667,188,0.00047775387206360593,,,0.0004777650066907985,2.3305656623367835e-05,3.287106305717191,0.9991605049603741,-6.4302300188255786e-06,-6.4302300188255786e-06,0.7499950612072046,,0.45629433014919224,0.0,0.16076167998786692,0.45629433014919224,,0.014534177712252846,0.014537832221382437,success,0.9999340719168617,0.9999340719168617,0.75,0.9929759467803191,0.01,[0.01],,,,,,,,,0.008752711367967684,,,
,,,7.231209328624152e-07,-1.4813273157135258e-09,2.431363896210193e-10,typ,,1.7362268225927208e-16,True,,0.7087211608886719,2.0,,,-2.692056844999513e-06,21,3.542707213701458e-09,False,False,361,0.4166666667,48,2.401018617619059e-08,,,2.431363896210193e-08,0.012480763837298719,3.3203555705610994,1.009267069568041,-6.786038643400076,-6.786038643400076,0.749997307943155,,0.07770225684275794,0.0,0.0031769849985950073,0.0031769849985950073,,7.231209328624152e-07,6.3083551550942e-07,success,1.0004070281949593,0.008280194895775838,0.75,0.9983457094567477,0.01,[0.01],,,,,,,,,0.2048519477716974,,,
,,,0.013530979049565843,-1.0227222877253948e-06,4.448497209272292e-06,arith,,6.01914765798377e-08,True,,0.7637786865234375,2.08,,,-9.115717525487455e-06,19,4.4009914217816e-09,False,False,362,0.4166666667,182,0.00044484199080752404,,,0.00044484972092722914,1.7376923804697837e-05,3.287581698101863,0.9993050069177025,-6.862978299099665e-06,-6.862978299099665e-06,0.7499908842824745,,0.44199502274823926,0.0,0.1468086068137886,0.44199502274823926,,0.013530979049565843,0.01353380690820067,success,0.9999343954179715,0.9999343954179715,0.75,0.9940580684577353,0.01,[0.01],,,,,,,,,0.007558376108476867,,,
,,,4.84471577700597e-07,-8.181459152762527e-10,1.6116564827240205e-10,typ,,7.741081315098691e-17,True,,0.7290973663330078,2.08,,,-7.151732113630516e-06,22,3.332329101673012e-09,False,False,363,0.4166666667,27,1.5978401358113666e-08,,,1.6116564827240204e-08,0.008572761665253493,3.298109134482251,1.0025049638620436,-10.332004772846815,-10.332004772846815,0.7499928482678864,,0.1578131441292741,0.0,0.002748000759304308,0.002748000759304308,,4.84471577700597e-07,4.719729596099593e-07,success,1.0000210612354241,0.006636731406117,0.75,0.9962075646966673,0.01,[0.01],,,,,,,,,0.1688738726757395,,,
,,,0.012622110606726916,-8.293604291748831e-07,4.150156000161567e-06,arith,,5.238304023048918e-08,True,,0.7823638916015625,2.16,,,7.124037108119374e-06,19,4.4052572066518114e-09,False,False,364,0.4166666667,168,0.0004150101505414775,,,0.00041501560001615663,1.3130770696123158e-05,3.2879616054093135,0.9994204848918984,-7.3097332787085264e-06,-7.3097332787085264e-06,0.7500071240371081,,0.428405472765646,0.0,0.13423291554580535,0.428405472765646,,0.012622110606726916,0.012624319913049981,success,0.9999342686548931,0.9999342686548931,0.75,0.9949445598428083,0.01,[0.01],,,,,,,,,0.006570695306162806,,,
,,,3.4594311190991206e-07,-5.249571795552253e-10,1.1299573310706229e-10,typ,,3.881451550323243e-17,True,,0.7485008239746094,2.16,,,5.736633188480056e-07,21,3.046307148243402e-09,False,False,365,0.4166666667,33,1.1219912802698097e-08,,,1.1299573310706228e-08,0.00704986868244431,3.2432826139402664,0.985839699993129,-14.164258676464456,-14.164258676464456,0.7500005736633188,,2.1864155201684916,0.0,0.0026225317139944933,0.0026225317139944933,,3.4594311190991206e-07,4.2985717784192586e-07,success,0.9996424238719166,0.005611516791299914,0.75,0.9933751077476233,0.01,[0.01],,,,,,,,,0.1517466778445153,,,
,,,0.011797476622092495,-6.7768239006458e-07,3.8793664288944425e-06,arith,,4.576627549999083e-08,True,,0.800994873046875,2.24,,,-7.92949597583359e-06,18,4.276733352923303e-09,False,False,366,0.4166666667,183,0.000387932750078833,,,0.00038793664288944423,1.0034655613471604e-05,3.2882688604135253,0.9995138792140187,-7.770692911273323e-06,-7.770692911273323e-06,0.7499920705040242,,0.4155022385381196,0.0,0.12291467458986004,0.4155022385381196,,0.011797476622092495,0.011799209386172647,success,0.9999339511827763,0.9999339511827763,0.75,0.9956670053425343,0.01,[0.01],,,,,,,,,0.00574429949533039,,,
,,,2.512421454757367e-07,-3.6312889380318066e-10,8.359913823411367e-11,typ,,2.0871764256346686e-17,True,,0.7688255310058594,2.24,,,8.596615995726253e-06,21,2.7483399406290975e-09,False,False,367,0.4166666667,24,8.307429558374927e-09,,,8.359913823411366e-09,0.006278086849347662,3.306542993670305,1.005068549648863,-18.421593818899538,-18.421593818899538,0.7500085966159957,,0.06489418577965632,0.0,0.001927544273429507,0.001927544273429507,,2.512421454757367e-07,2.3221498470353695e-07,success,0.9998552006471154,0.004872325779437892,0.75,0.9926712644722387,0.01,[0.01],,,,,,,,,0.14453343132999524,,,
,,,0.011047547947318813,-5.580149948650529e-07,3.6330346532730114e-06,arith,,4.013581314556988e-08,True,,0.81976318359375,2.32,,,-9.106624120680529e-06,17,4.3002781907357465e-09,False,False,368,0.4166666667,200,0.00036330064677665095,,,0.00036330346532730115,7.758116613777116e-06,3.288518398010866,0.9995897295481961,-8.245443508317352e-06,-8.245443508317352e-06,0.7499908933758793,,0.4032469008286009,0.0,0.11270874218289648,0.4032469008286009,,0.011047547947318813,0.011048904370077179,success,0.9999336100333237,0.9999336100333237,0.75,0.9962618834522917,0.01,[0.01],,,,,,,,,0.005051030305783651,,,
,,,1.8974235216173066e-07,-2.2790056801813307e-10,6.343282599316562e-11,typ,,1.1983954939306026e-17,True,,0.7891616821289062,2.32,,,-3.945177080910689e-06,20,2.687112263222399e-09,False,False,369,0.4166666667,27,6.315909338517773e-09,,,6.343282599316562e-09,0.004315314723915699,3.328676632581366,1.0117963691272054,-22.88978129314036,-22.88978129314036,0.7499960548229191,,0.03567290276402037,0.0,0.0016457454282920296,0.0016457454282920296,,1.8974235216173066e-07,1.692802838200912e-07,success,1.0002422613113597,0.0043304129277822265,0.75,0.9923264574567674,0.01,[0.01],,,,,,,,,0.12011054222827253,,,
,,,0.010364157640532648,-4.627911161804289e-07,3.4085028292812654e-06,arith,,3.532604646525536e-08,True,,0.8386688232421875,2.4,,,7.477261778854327e-06,19,4.342698814006384e-09,False,False,370,0.4166666667,167,0.00034084821642523606,,,0.00034085028292812653,6.062787663583532e-06,3.2887208806264234,0.9996512768830219,-8.733812144090611e-06,-8.733812144090611e-06,0.7500074772617789,,0.3916060268137082,0.0,0.10349870042770538,0.3916060268137082,,0.010364157640532648,0.010365244955889915,success,0.9999337089255381,0.9999337089255381,0.75,0.9967574379817632,0.01,[0.01],,,,,,,,,0.004465303715282399,,,
,,,1.471386472156404e-07,-1.5148945049350944e-10,4.8787681241361376e-11,typ,,7.155604365030963e-18,True,,0.80859375,2.4,,,-8.733464478494213e-06,11,2.2088340343668888e-09,False,False,371,0.4166666667,52,4.863171233689542e-09,,,4.8787681241361376e-09,0.003196891110572536,3.3051623932373637,1.0046488974388545,-27.633723778507,-27.633723778507,0.7499912665355215,,0.07300227006614879,0.0,0.001498605200397036,0.001498605200397036,,1.471386472156404e-07,1.4036385591158475e-07,success,0.9999191681326024,0.003905719118076894,0.75,0.9980894911500203,0.01,[0.01],,,,,,,,,0.10295694119811546,,,
,,,0.11584703710890674,3.991104619991212e-05,3.7758589830055986e-05,arith,,4.372627865613713e-06,True,,0.5600166320800781,0.0,,,-1.375794145275222e-07,21,4.831477598655381e-09,False,False,372,0.5,557,0.00377448398745239,,,0.0037758589830055984,0.00036415437107073295,3.2581618672767885,0.9903624506724409,-1.1157550662724107e-06,-1.1157550662724107e-06,0.7499998624205855,,0.9522937485286922,0.0,0.9522937485286922,0.9522937485286922,,0.11584703710890674,0.11618279344835053,success,0.999935001582801,0.999935001582801,0.75,0.9999996427812262,0.01,[0.01],,,,,,,,,-0.034451503634393435,,,
,,,0.1158466997314428,3.990858460196503e-05,3.77584688227218e-05,typ,,4.372601304899966e-06,True,,0.5600166320800781,0.0,,,-5.113351362329155e-07,21,4.805793348193461e-09,False,False,373,0.5,318,0.003774472052321371,,,0.00377584688227218,0.0003641116797569589,3.2581610534192142,0.9903622032894027,-2.032927520055779e-06,-2.032927520055779e-06,0.7499994886648638,,0.9523093595662837,0.0,0.9523093595662837,0.9523093595662837,,0.1158466997314428,0.11621705126304453,success,0.9999327251968768,0.9999327251968768,0.75,0.9999831960605504,0.01,[0.01],,,,,,,,,-0.034449479091317736,,,
,,,0.11232531347538532,3.597565151974988e-05,3.661425068692186e-05,arith,,4.11141293857257e-06,True,,0.5601654052734375,0.08,,,8.413620127711852e-06,19,4.795544680443633e-09,False,False,374,0.5,642,0.003660272837318664,,,0.0036614250686921863,0.0003146947846549333,3.2586357643424395,0.9905064981072901,-1.125468708949081e-06,-1.125468708949081e-06,0.7500084136201277,,0.945492114996354,0.0,0.9453575061806574,0.945492114996354,,0.11232531347538532,0.11264756644648898,success,0.9999360038809352,0.9999360038809352,0.75,0.999999958292039,0.01,[0.01],,,,,,,,,-0.03202808913382956,,,
,,,0.11233036309665595,3.637561112096335e-05,3.661177751484178e-05,typ,,4.111291076771738e-06,True,,0.5600509643554688,0.08,,,-7.397764725691758e-06,20,4.0814125478157935e-09,False,False,375,0.5,330,0.0036599998107672187,,,0.003661177751484178,0.0003217381938044072,3.2582462211200456,0.9903880911661717,-7.123162154936986e-06,-7.123162154936986e-06,0.7499926022352743,,0.9455977381816417,0.0,0.9454653212459087,0.9454653212459087,,0.11233036309665595,0.11265892666316983,success,0.9999328391739372,0.9950446437053706,0.75,0.9999852068489813,0.01,[0.01],,,,,,,,,-0.03238270590264498,,,
,,,0.10296428162883237,2.6221040934519353e-05,3.357597091073738e-05,arith,,3.4564381818269565e-06,True,,0.560577392578125,0.16,,,-5.084621882978091e-06,18,4.788374502296519e-09,False,False,376,0.5,657,0.003356929342047752,,,0.0033575970910737375,0.00019887705638081598,3.2602853037414232,0.9910078979603992,-1.1546235066438402e-06,-1.1546235066438402e-06,0.749994915378117,,0.9258495473161729,0.0,0.9246114853286267,0.9258495473161729,,0.10296428162883237,0.10324726501714729,success,0.9999352027707559,0.9999352027707559,0.75,0.9999999508459033,0.01,[0.01],,,,,,,,,-0.025466152455704463,,,
,,,0.10283970123590891,2.7340195327760116e-05,3.351851359527115e-05,typ,,3.446286437728876e-06,True,,0.560211181640625,0.16,,,-9.186787725878887e-06,18,4.154342033328723e-09,False,False,377,0.5,349,0.00335112451350211,,,0.003351851359527115,0.00021684912218414832,3.2585902849083594,0.9904926740170129,-2.1914802048073946e-05,-2.1914802048073946e-05,0.7499908132122741,,0.9265398388063618,0.0,0.925332624923824,0.925332624923824,,0.10283970123590891,0.10313567793666834,success,0.9999328686301884,0.9809051761358493,0.75,0.9999826646034503,0.01,[0.01],,,,,,,,,-0.026585253554017172,,,
,,,0.09050230279350094,1.4700828859417683e-05,2.953758070123743e-05,arith,,2.6730029580417058e-06,True,,0.561309814453125,0.24,,,7.603663592536947e-06,18,4.753071043796459e-09,False,False,378,0.5,603,0.0029535192757920155,,,0.002953758070123743,8.084424182973832e-05,3.2634741709623225,0.9919771973642985,-1.2031917280198217e-06,-1.2031917280198217e-06,0.7500076036635925,,0.8954964050380783,0.0,0.890560452072427,0.8954964050380783,,0.09050230279350094,0.09072682802004517,success,0.9999357172205765,0.9999357172205765,0.75,0.9999999366824265,0.01,[0.01],,,,,,,,,-0.016243596467330295,,,
,,,0.08983840266044771,1.599626825894988e-05,2.9285188392155464e-05,typ,,2.6306786661633198e-06,True,,0.560577392578125,0.24,,,-9.7564419324625e-06,18,4.131287525762357e-09,False,False,379,0.5,336,0.0029282340160323253,,,0.002928518839215546,9.725844321262302e-05,3.2594457707577993,0.9907527105335765,-4.6334679402536706e-05,-4.6334679402536706e-05,0.7499902435580675,,0.8977996802712874,0.0,0.8929891673833422,0.8929891673833422,,0.08983840266044771,0.09009371724005093,success,0.9999329351438965,0.9588506324174505,0.75,0.9999847876708764,0.01,[0.01],,,,,,,,,-0.017805601819757644,,,
,,,0.0775714739310931,4.425559730879233e-06,2.5352554847139903e-05,arith,,1.9666154618325894e-06,True,,0.5623397827148438,0.32,,,7.15163620590431e-06,20,4.746219696971248e-09,False,False,380,0.5,476,0.0025352302362844593,,,0.0025352554847139904,9.958929063903286e-06,3.268250695528242,0.9934290867324456,-1.2711775256756463e-06,-1.2711775256756463e-06,0.7500071516362059,,0.8575704132209944,0.0,0.844914798068077,0.8575704132209944,,0.0775714739310931,0.07773024171494752,success,0.999935912020092,0.999935912020092,0.75,0.9999993734003109,0.01,[0.01],,,,,,,,,-0.00570513812179264,,,
,,,0.07586765796181023,4.642540702768077e-06,2.4742742427506406e-05,typ,,1.8771523663430494e-06,True,,0.56121826171875,0.32,,,-2.03523390462923e-06,17,3.793217236632963e-09,False,False,381,0.5,329,0.002474245833828109,,,0.0024742742427506406,1.1481719382937889e-05,3.2612656042098713,0.9913058735717641,-8.049685877011545e-05,-8.049685877011545e-05,0.7499979647660954,,0.862718642822151,0.0,0.8502758145953311,0.8502758145953311,,0.07586765796181023,0.07607539122392476,success,0.9999330042140302,0.9303662366816847,0.75,0.9999780161404832,0.01,[0.01],,,,,,,,,-0.006119261919360961,,,
,,,0.06582556103201165,-3.666793825480703e-06,2.155378654989325e-05,arith,,1.4187766466339913e-06,True,,0.5637130737304688,0.4,,,6.410657980127077e-06,20,4.760890253220439e-09,False,False,382,0.5,432,0.0021553582292204478,,,0.002155378654989325,9.47664988227711e-06,3.274348437641534,0.9952825780778389,-1.358549237811613e-06,-1.358549237811613e-06,0.7500064106579801,,0.8156152149242947,0.0,0.7909835961935222,0.8156152149242947,,0.06582556103201165,0.06592205859050168,success,0.9999356044720569,0.9999356044720569,0.75,0.9999990483217724,0.01,[0.01],,,,,,,,,0.005570471057128558,,,
,,,0.0627509154061326,-6.101112148986856e-06,2.0487290100852817e-05,typ,,1.2855589844500584e-06,True,,0.5621109008789062,0.4,,,4.020543677651922e-06,20,4.008659966987222e-09,False,False,383,0.5,265,0.0020486696905212343,,,0.0020487290100852816,2.8954324244571552e-05,3.2647646289491727,0.9923694495563036,-0.0001253481537664533,-0.0001253481537664533,0.7500040205436777,,0.8245047273295874,0.0,0.7999029043694571,0.7999029043694571,,0.0627509154061326,0.06289984510320429,success,0.999933103281355,0.8965326624315869,0.75,0.9999998750272552,0.01,[0.01],,,,,,,,,0.009722746049997223,,,
,,,0.05595911170752586,-9.933554038291746e-06,1.8364815270011856e-05,arith,,1.0275800736868384e-06,True,,0.5654754638671875,0.48,,,3.596945991057865e-07,19,4.691447037164742e-09,False,False,384,0.5,423,0.0018363051920079723,,,0.0018364815270011856,9.601784206410312e-05,3.281512404281089,0.9974601628163207,-1.465265235928246e-06,-1.465265235928246e-06,0.7500003596945991,,0.7730150656517436,0.0,0.7332925117879643,0.7730150656517436,,0.05595911170752586,0.05600162335092731,success,0.9999351875490423,0.9999351875490423,0.75,0.9999991501930579,0.01,[0.01],,,,,,,,,0.017751450541620722,,,
,,,0.05152508313666815,-1.665109397146898e-05,1.685727263203992e-05,typ,,8.68295114892891e-07,True,,0.5631637573242188,0.48,,,-7.61245363500862e-06,20,4.266857430519677e-09,False,False,385,0.5,226,0.0016851891584333287,,,0.001685727263203992,0.00031921223700240986,3.2706189992230272,0.9941489647331859,-0.00018323444823245105,-0.00018323444823245105,0.749992387546365,,0.7859761966407055,0.0,0.7456716013121519,0.7456716013121519,,0.05152508313666815,0.05161431028320171,success,0.9999332437035976,0.8579298002416517,0.75,0.9999988977359971,0.01,[0.01],,,,,,,,,0.03231648152280054,,,
,,,0.048081069064193585,-1.5191353132272248e-05,1.5822116553590664e-05,arith,,7.60513501544924e-07,True,,0.567718505859375,0.56,,,-4.633642067708443e-06,18,4.688945398069123e-09,False,False,386,0.5,432,0.0015817316801536871,,,0.0015822116553590663,0.00030335714172846195,3.2897182008201584,0.9999544258705209,-1.5912426469915893e-06,-1.5912426469915893e-06,0.7499953663579323,,0.7326219852955312,0.0,0.6765218390937856,0.7326219852955312,,0.048081069064193585,0.04807716292741121,success,0.9999356836067643,0.9999356836067643,0.75,0.9256719040643553,0.01,[0.01],,,,,,,,,0.031595289846800406,,,
,,,0.042650837655719365,-2.750243196865351e-05,1.3999013203717184e-05,typ,,5.96313255727823e-07,True,,0.5643539428710938,0.56,,,3.965339579359295e-06,20,4.293132823793385e-09,False,False,387,0.5,154,0.001398127887994385,,,0.0013999013203717184,0.0012668267052298532,3.278078379796838,0.9964163445401174,-0.00025790067969757875,-0.00025790067969757875,0.7500039653395794,,0.749778351749363,0.0,0.6924328485710449,0.6924328485710449,,0.042650837655719365,0.04268156603944373,success,0.9999336718188307,0.8148288439182261,0.75,0.9948722423325351,0.01,[0.01],,,,,,,,,0.06448274753864185,,,
,,,0.04204573248783608,-2.0264862322874695e-05,1.3880271414823661e-05,arith,,5.831955141212687e-07,True,,0.5705795288085938,0.64,,,-2.7377275491069497e-06,20,4.683874090124643e-09,False,False,388,0.5,345,0.0013870504320265755,,,0.0013880271414823662,0.000703667404333068,3.298908949743834,1.00274807854904,-1.73634099935897e-06,-1.73634099935897e-06,0.7499972622724509,,0.6966872724390788,0.0,0.6244531934721421,0.6966872724390788,,0.04204573248783608,0.04200009742183163,success,0.9999360158703835,0.9999360158703835,0.75,0.8669494951653225,0.01,[0.01],,,,,,,,,0.04819719178096698,,,
,,,0.036175684227165675,-3.8297844008836964e-05,1.1916028931658168e-05,typ,,4.2960377501771105e-07,True,,0.5656356811523438,0.64,,,-6.077365425127823e-06,20,4.326123705002431e-09,False,False,389,0.5,137,0.0011875484436452083,,,0.0011916028931658169,0.003402517351931554,3.28272559044905,0.9978289271918698,-0.00035445728250688407,-0.00035445728250688407,0.7499939226345749,,0.7189162979901111,0.0,0.6453969632032514,0.6453969632032514,,0.036175684227165675,0.03616054420607699,success,0.9999285999134688,0.7677021543539521,0.75,0.9949669420432318,0.01,[0.01],,,,,,,,,0.10586626024360772,,,
,,,0.03764285104317738,-2.573100029830655e-05,1.2469023002347725e-05,arith,,4.687074911549764e-07,True,,0.5742416381835938,0.72,,,4.473191969722734e-06,20,4.6895398148271e-09,False,False,390,0.5,322,0.0012451434420239743,,,0.0012469023002347724,0.0014105822167999654,3.307781975907618,1.005445155089252,-1.900340825558523e-06,-1.900340825558523e-06,0.7500044731919697,,0.6669826282028757,0.0,0.579374621947173,0.6669826282028757,,0.03764285104317738,0.03756016656400423,success,0.9999356500439972,0.9999356500439972,0.75,0.8348514757277035,0.01,[0.01],,,,,,,,,0.06835560959182499,,,
,,,0.031726452859193496,-4.729737844348932e-05,1.0469346586007712e-05,typ,,3.299181889199054e-07,True,,0.5672149658203125,0.72,,,3.0107575729187985e-06,19,4.321711825446607e-09,False,False,391,0.5,147,0.0010398836276596351,,,0.0010469346586007712,0.006734929332227621,3.2776548713932385,0.996287613421912,-0.00047779022250781075,-0.00047779022250781075,0.7500030107575729,,0.696842905180259,0.0,0.6078190429273628,0.6078190429273628,,0.031726452859193496,0.03169469330284007,success,0.9999294152297669,0.7179659484936036,0.75,0.9980854841316857,0.01,[0.01],,,,,,,,,0.14907868412961828,,,
,,,0.03465730861563662,-3.149701020669313e-05,1.1506454545282117e-05,arith,,3.9779068459567657e-07,True,,0.5789337158203125,0.8,,,4.87909587865154e-06,19,4.644098956917983e-09,False,False,392,0.5,324,0.0011477829655133754,,,0.0011506454545282116,0.002487724610192685,3.3118064020572002,1.0066684339521226,-2.082917409166685e-06,-2.082917409166685e-06,0.7500048790958787,,0.6448182507662295,0.0,0.541867839545285,0.6448182507662295,,0.03465730861563662,0.03455263771516983,success,0.9999359699843694,0.9999359699843694,0.75,0.8231635978272068,0.01,[0.01],,,,,,,,,0.09088129305136626,,,
,,,0.02851143541305582,-5.199948816527367e-05,9.394594118397108e-06,typ,,2.651494166691028e-07,True,,0.5695037841796875,0.8,,,-6.196825011905993e-06,19,4.288924585732415e-09,False,False,393,0.5,146,0.0009299756845903551,,,0.0009394594118397108,0.010094877042941156,3.261763819034187,0.9914573127188875,-0.0006308488453298229,-0.0006308488453298229,0.7499938031749881,,0.686274305843851,0.0,0.57843193916786,0.57843193916786,,0.02851143541305582,0.028497509567153613,success,0.999926446668109,0.6679142884610407,0.75,0.9996914315459055,0.01,[0.01],,,,,,,,,0.1823811653532614,,,
,,,0.03281427294644593,-3.623469227513345e-05,1.0883949594723982e-05,arith,,3.558359398123586e-07,True,,0.5849533081054688,0.88,,,3.5863816312264873e-06,20,4.6783801308806625e-09,False,False,394,0.5,281,0.001084393795325271,,,0.0010883949594723981,0.0036762060613241675,3.3046406272509548,1.0044902995968727,-2.2835899625320115e-06,-2.2835899625320115e-06,0.7500035863816312,,0.6304743385343807,0.0,0.5106288582606012,0.6304743385343807,,0.03281427294644593,0.03272422824646325,success,0.9999359197878486,0.9999359197878486,0.75,0.826965528283449,0.01,[0.01],,,,,,,,,0.11042357188370368,,,
,,,0.025547894390352894,-5.1211323256918874e-05,8.388509719381947e-06,typ,,2.1168616077349413e-07,True,,0.5731430053710938,0.88,,,-7.850968694045335e-07,20,4.2582171863980634e-09,False,False,395,0.5,131,0.0008285855481437587,,,0.0008388509719381947,0.012237482148607764,3.2432635562194894,0.9858339071406491,-0.0008136127279455488,-0.0008136127279455488,0.7499992149031306,,0.6865172712912139,0.0,0.5513756291383137,0.5513756291383137,,0.025547894390352894,0.02556576468327016,success,0.9998329778482804,0.6199702750881938,0.75,0.999921775404647,0.01,[0.01],,,,,,,,,0.20045222699940668,,,
,,,0.031698854402240406,-3.784610291622149e-05,1.0464843952649732e-05,arith,,3.3029123729126463e-07,True,,0.5925521850585938,0.96,,,2.604704500419608e-06,20,4.54822660031643e-09,False,False,396,0.5,274,0.0010419658486709234,,,0.0010464843952649732,0.004317834660979972,3.2870773039585917,0.999151689482847,-2.50178714197879e-06,-2.50178714197879e-06,0.7500026047045004,,0.622195315568621,0.0,0.4827968458144278,0.622195315568621,,0.031698854402240406,0.031663878800933784,success,0.9999351251148533,0.9999351251148533,0.75,0.8413773150059195,0.01,[0.01],,,,,,,,,0.11939265197403034,,,
,,,0.02222951365845257,-4.6217041990238125e-05,7.2763295696652666e-06,typ,,1.596132525819489e-07,True,,0.5782012939453125,0.96,,,1.73423833427222e-06,19,4.306204933076855e-09,False,False,397,0.5,155,0.0007180240424254961,,,0.0007276329569665266,0.013205716493504768,3.2300483647894564,0.981816970627396,-0.0010264153377304124,-0.0010264153377304124,0.7500017342383343,,0.6927561252242115,0.0,0.5207544810746767,0.5207544810746767,,0.02222951365845257,0.0222671445059832,success,0.9999498089976511,0.575330183100157,0.75,0.999965126330825,0.01,[0.01],,,,,,,,,0.20790847114491195,,,
,,,0.030820271682590758,-3.547729595394241e-05,1.0117783871861001e-05,arith,,3.105742092282874e-07,True,,0.6018218994140625,1.04,,,-4.3695222293749225e-06,19,4.590989399596547e-09,False,False,398,0.5,281,0.001007694586299573,,,0.0010117783871861,0.0040362602505126105,3.269583722939025,0.9938342784777101,-2.736969356636229e-06,-2.736969356636229e-06,0.7499956304777706,,0.6164031238768736,0.0,0.4554622345215506,0.6164031238768736,,0.030820271682590758,0.030845647896984504,success,0.9999353500974008,0.9999353500974008,0.75,0.8619589958261311,0.01,[0.01],,,,,,,,,0.11511026352821618,,,
,,,0.018408853422358776,-3.940865404842299e-05,6.017048258694849e-06,typ,,1.0921391741566428e-07,True,,0.585205078125,1.04,,,6.844222493307406e-06,15,4.335447163105896e-09,False,False,399,0.5,242,0.0005932684394293494,,,0.0006017048258694849,0.014020805679835721,3.2227343323228674,0.9795937713472562,-0.0012806832519061699,-0.0012806832519061699,0.7500068442224933,,0.6978390566825566,0.0,0.4821720784527548,0.4821720784527548,,0.018408853422358776,0.018447613405755587,success,1.0000053077881763,0.5328126781673604,0.75,0.9999766396586898,0.01,[0.01],,,,,,,,,0.21407446267434865,,,
,,,0.029814586625262984,-3.037579834372635e-05,9.750839127839694e-06,arith,,2.897945487209616e-07,True,,0.6127166748046875,1.12,,,1.1507972463853378e-07,19,4.568808695710082e-09,False,False,400,0.5,268,0.000971989155386807,,,0.0009750839127839695,0.0031738369965787117,3.260112801843126,0.9909554636708511,-2.9886657443842007e-06,-2.9886657443842007e-06,0.7500001150797246,,0.6097983644622378,0.0,0.4272006135292019,0.6097983644622378,,0.029814586625262984,0.02987444891241046,success,0.9999353111743599,0.9999353111743599,0.75,0.8844258687856646,0.01,[0.01],,,,,,,,,0.10188233942505119,,,
,,,0.014408305207451812,-3.244217749172431e-05,4.709618005490073e-06,typ,,6.68051187532069e-08,True,,0.5938453674316406,1.12,,,-1.2436486335198893e-06,21,4.478171272077879e-09,False,False,401,0.5,143,0.00046365702135915356,,,0.0004709618005490073,0.015510343262104124,3.2179844519073306,0.978149980829671,-0.001607592253590953,-0.001607592253590953,0.7499987563513665,,0.6977928969907625,0.0,0.4351619937360406,0.4351619937360406,,0.014408305207451812,0.014437972015168613,success,1.0000524823973589,0.4898506278844336,0.75,0.9999851222728992,0.01,[0.01],,,,,,,,,0.2251630363503515,,,
,,,0.028555451227936776,-2.4440760357035994e-05,9.32555997360519e-06,arith,,2.656982222326523e-07,True,,0.625030517578125,1.2,,,5.8196653854869496e-06,18,4.5704129572691704e-09,False,False,402,0.5,271,0.0009304640998728489,,,0.0009325559973605189,0.0022431869974466135,3.2584464957168806,0.9904489673437862,-3.2565697557965624e-06,-3.2565697557965624e-06,0.7500058196653855,,0.6008683862745626,0.0,0.3981373855503383,0.6008683862745626,,0.028555451227936776,0.028623703175703737,success,0.999935626048126,0.999935626048126,0.75,0.9057442098312537,0.01,[0.01],,,,,,,,,0.08559052407172175,,,
,,,0.010578428966819205,-2.5985153222842776e-05,3.4617817957545837e-06,typ,,3.594498463700308e-08,True,,0.6039218902587891,1.2,,,-8.502966664436507e-06,22,4.35662354033572e-09,False,False,403,0.5,131,0.00033979511276910584,,,0.0003461781795754584,0.018438674598672083,3.212151008764374,0.976376826737807,-0.0020631569563238274,-0.0020631569563238274,0.7499914970333356,,0.6919051205908949,0.0,0.3805023336066519,0.3805023336066519,,0.010578428966819205,0.010596386128872863,success,1.0001049623232492,0.44426516450840303,0.75,0.9999887671586389,0.01,[0.01],,,,,,,,,0.24564283887852367,,,
,,,0.027075856010349668,-1.8938462204903027e-05,8.84310227192397e-06,arith,,2.390758984487229e-07,True,,0.6385345458984375,1.28,,,9.59588193139016e-06,19,4.460237841974596e-09,False,False,404,0.5,243,0.0008829855586369525,,,0.000884310227192397,0.0014979681504421064,3.2611547287717655,0.9912721714798869,-3.540444264142303e-06,-3.540444264142303e-06,0.7500095958819314,,0.5894722184834362,0.0,0.36896814980207193,0.5894722184834362,,0.027075856010349668,0.027138211178898676,success,0.9999354194067352,0.9999354194067352,0.75,0.9245890338006757,0.01,[0.01],,,,,,,,,0.0699459407586739,,,
,,,0.0072383747544377255,-2.0142540068106096e-05,2.3746247661684163e-06,typ,,1.678270203830079e-08,True,,0.6142959594726562,1.28,,,1.9933409751704545e-06,20,4.368969819733823e-09,False,False,405,0.5,162,0.0002318573244361464,,,0.00023746247661684164,0.023604370090603607,3.2031682843444735,0.9736464059261353,-0.0027473477742388994,-0.0027473477742388994,0.7500019933409752,,0.681390513878161,0.0,0.32074015720848253,0.32074015720848253,,0.0072383747544377255,0.007245371971288758,success,1.000129372404299,0.3947553543105151,0.75,0.9999904678740865,0.01,[0.01],,,,,,,,,0.2782743468173853,,,
,,,0.02546661809350727,-1.4373849411172019e-05,8.324168869224448e-06,arith,,2.1178182199150624e-07,True,,0.6529998779296875,1.36,,,1.3184598957050042e-06,19,4.378294663307122e-09,False,False,406,0.5,235,0.0008316055991961497,,,0.0008324168869224448,0.0009746170927580053,3.2654732408625864,0.992584841749734,-3.840114627390767e-06,-3.840114627390767e-06,0.7500013184598957,,0.5760863271819161,0.0,0.3404082832242368,0.5760863271819161,,0.02546661809350727,0.025518028355120688,success,0.9999352929919412,0.9999352929919412,0.75,0.9402844814207484,0.01,[0.01],,,,,,,,,0.056441924712557885,,,
,,,0.004423736296118439,-1.4886403486999403e-05,1.4594507949751725e-06,typ,,6.234620445352833e-09,True,,0.6265296936035156,1.36,,,6.87337701199553e-08,21,4.38278300579544e-09,False,False,407,0.5,125,0.000140935626086558,,,0.00014594507949751724,0.034324236405958865,3.185895737280282,0.9683961811869497,-0.0038588137368825983,-0.0038588137368825983,0.7500000687337701,,0.6674821871423772,0.0,0.25484151995900806,0.25484151995900806,,0.004423736296118439,0.00442068668800185,success,0.9995336439837422,0.3407708532788504,0.75,0.9999905306764852,0.01,[0.01],,,,,,,,,0.336512000049852,,,
,,,0.023814240698689225,-1.0809045432940556e-05,7.79196910007904e-06,arith,,1.8544299220285976e-07,True,,0.6682891845703125,1.44,,,5.7484483697578526e-06,19,4.5308684875025546e-09,False,False,408,0.5,226,0.0007787062982573566,,,0.0007791969100079039,0.0006296377003629118,3.269918651238869,0.9939360844730367,-4.1553374273291775e-06,-4.1553374273291775e-06,0.7500057484483698,,0.5613027829060142,0.0,0.3129578907339597,0.5613027829060142,,0.023814240698689225,0.02385440489619658,success,0.9999351490033686,0.9999351490033686,0.75,0.9527211421918043,0.01,[0.01],,,,,,,,,0.045388998833523604,,,
,,,0.0023038590599582577,-1.0099847792856801e-05,7.716839581857076e-07,typ,,1.6758441530517174e-09,True,,0.6389808654785156,1.44,,,8.508457834732752e-06,21,4.209791058481849e-09,False,False,409,0.5,113,7.274074105392893e-05,,,7.716839581857077e-05,0.057376529830315784,3.157343360025108,0.9597172992090592,-0.005832378457965507,-0.005832378457965507,0.7500085084578347,,0.6515525281069904,0.0,0.1861446440036722,0.1861446440036722,,0.0023038590599582577,0.0022918097590563045,success,0.9997095341743507,0.2827525081037767,0.75,0.9999912928191311,0.01,[0.01],,,,,,,,,0.43838826638291817,,,
,,,0.02218709837963851,-8.110668636494164e-06,7.2667609101349945e-06,arith,,1.611625562687456e-07,True,,0.6842193603515625,1.52,,,2.5763043465243385e-06,19,4.463050840588257e-09,False,False,410,0.5,220,0.00072637959913067,,,0.0007266760910134995,0.0004080110609060736,3.2738828065831322,0.9951410432079052,-4.485992650575922e-06,-4.485992650575922e-06,0.7500025763043465,,0.545703194034999,0.0,0.28699754723923854,0.545703194034999,,0.02218709837963851,0.022217563133667264,success,0.9999350481962171,0.9999350481962171,0.75,0.9624507167662559,0.01,[0.01],,,,,,,,,0.03655578795259441,,,
,,,0.0008964191688899738,-5.70882970209747e-06,3.1668691149202273e-07,typ,,2.5129348143046144e-10,True,,0.6515522003173828,1.52,,,-2.1210032273843993e-06,22,4.411286220354186e-09,False,False,411,0.5,92,2.803303299968869e-05,,,3.166869114920227e-05,0.114802917884567,3.1272237333346733,0.9505620305276387,-0.009728109747601462,-0.009728109747601462,0.7499978789967726,,0.6329362275889083,0.0,0.11640131434020762,0.11640131434020762,,0.0008964191688899738,0.0008755370147083211,success,0.9997045013002194,0.22248751030262987,0.75,0.9999905287527813,0.01,[0.01],,,,,,,,,0.6368482402230032,,,
,,,0.02062784066290731,-6.103237075233848e-06,6.761923286639888e-06,arith,,1.3944662662881363e-07,True,,0.7006988525390625,1.6,,,6.306029093017251e-06,19,4.386219098613404e-09,False,False,412,0.5,214,0.000676011749885021,,,0.0006761923286639888,0.00026705239221596396,3.277181363440603,0.9961436842632367,-4.831868292064505e-06,-4.831868292064505e-06,0.750006306029093,,0.5297333374422492,0.0,0.2627165692385056,0.5297333374422492,,0.02062784066290731,0.0206506011729013,success,0.9999348002424927,0.9999348002424927,0.75,0.9700082314625531,0.01,[0.01],,,,,,,,,0.02958737744280041,,,
,,,0.00019405984517841757,-1.917892369113944e-06,8.327613306503187e-08,typ,,1.2482242350151887e-11,True,,0.6652107238769531,1.6,,,7.139222135910117e-06,21,4.321944586516118e-09,False,False,413,0.5,103,6.432161346246454e-06,,,8.327613306503187e-06,0.22761046778871682,3.3145246201411527,1.0074946731731147,-0.01860984933687642,-0.01860984933687642,0.7500071392221359,,0.5706410090603068,0.0,0.05142242481101777,0.05142242481101777,,0.00019405984517841757,0.00016782849837516538,success,0.9997639311939158,0.1627445659962404,0.75,0.9999878298352163,0.01,[0.01],,,,,,,,,0.9882994430664646,,,
,,,0.01916192970498213,-4.618689400002018e-06,6.285907961116553e-06,arith,,1.2042879419112925e-07,True,,0.71759033203125,1.68,,,-5.300841931843436e-06,17,4.407895557331985e-09,False,False,414,0.5,243,0.0006284794696841915,,,0.0006285907961116553,0.00017710476855910758,3.2798339173574256,0.9969499639708195,-5.1928807260922085e-06,-5.1928807260922085e-06,0.7499946991580682,,0.5137453133798412,0.0,0.24022979231589162,0.5137453133798412,,0.01916192970498213,0.019178822391519215,success,0.9999345366130252,0.9999345366130252,0.75,0.9759040873477612,0.01,[0.01],,,,,,,,,0.024103466984335884,,,
,,,2.797308750049427e-05,-2.6603955165668657e-07,1.3256653832102325e-08,typ,,3.0005249456347023e-13,True,,0.6787891387939453,1.68,,,1.6036599992386158e-07,22,4.461112340608115e-09,False,False,415,0.5,87,1.072647038186859e-06,,,1.3256653832102325e-06,0.19086139551344708,3.8345679152074497,1.165568879777251,-0.043533372808635735,-0.043533372808635735,0.7500001603659999,,0.5786138451756925,0.0,0.019520124196497755,0.019520124196497755,,2.797308750049427e-05,2.3934605129050545e-05,success,1.0002111550263435,0.107142415280124,0.75,0.9999801182667843,0.01,[0.01],,,,,,,,,0.9510553729615502,,,
,,,0.017799598599773495,-3.5238959508617978e-06,5.842381895282259e-06,arith,,1.039796347599356e-07,True,,0.734893798828125,1.76,,,6.416956585431066e-06,18,4.42461875002121e-09,False,False,416,0.5,218,0.0005841684247939096,,,0.0005842381895282258,0.00011941145848848749,3.28191909227292,0.997583781142437,-5.5687235434201225e-06,-5.5687235434201225e-06,0.7500064169565854,,0.4979668822216774,0.0,0.2195182595542508,0.4979668822216774,,0.017799598599773495,0.01781213505163681,success,0.9999344312522915,0.9999344312522915,0.75,0.9804939656416674,0.01,[0.01],,,,,,,,,0.019797614710854436,,,
,,,6.966383974511248e-06,-3.9751705126282884e-08,2.694626249683252e-09,typ,,1.719160306264381e-14,True,,0.6946477890014648,1.76,,,1.333596788555269e-09,23,4.375532811878879e-09,False,False,417,0.5,68,2.4677943572368113e-07,,,2.6946262496832523e-07,0.08417935232134867,3.5424322952424516,1.0767702993804256,-0.13690787260174342,-0.13690787260174342,0.7500000013335968,,1.3088435115072028,0.0,0.011726032029925906,0.011726032029925906,,6.966383974511248e-06,8.603792279083645e-06,success,0.9987911483913253,0.060528532638305065,0.75,0.9999623793201892,0.01,[0.01],,,,,,,,,0.5706217927654756,,,
,,,0.016544547446202592,-2.712152473426468e-06,5.432926125764473e-06,arith,,8.987794828838485e-08,True,,0.752471923828125,1.84,,,2.1590669088134007e-06,18,4.366028764992959e-09,False,False,418,0.5,210,0.0005432481521820907,,,0.0005432926125764474,8.1835079895239e-05,3.2835479722159486,0.9980789012739538,-5.959397605477556e-06,-5.959397605477556e-06,0.7500021590669088,,0.4825782638367589,0.0,0.20057083726098132,0.4825782638367589,,0.016544547446202592,0.01655387932366871,success,0.9999343090155812,0.9999343090155812,0.75,0.9840587324730237,0.01,[0.01],,,,,,,,,0.016393029076470618,,,
,,,2.8591103687414607e-06,-1.1187009563213181e-08,1.0185629943074693e-09,typ,,2.787034835273412e-15,True,,0.7129783630371094,1.84,,,-5.327657902842731e-06,21,4.436547343011597e-09,False,False,419,0.5,101,9.74790922989176e-08,,,1.0185629943074693e-07,0.04297433890974448,3.4094204044954894,1.036339532753463,-0.5798316600683925,-0.5798316600683925,0.7499946723420972,,0.12204861884757534,0.0,0.0060888171696752945,0.0060888171696752945,,2.8591103687414607e-06,2.317637830741711e-06,success,0.9995286515968611,0.02928511302902032,0.75,0.9998746925906699,0.01,[0.01],,,,,,,,,0.3912758907637952,,,
,,,0.015393621291692186,-2.107544366946229e-06,5.056805567329328e-06,arith,,7.783810810592968e-08,True,,0.77032470703125,1.92,,,6.160931230070332e-06,17,4.324642182052912e-09,False,False,420,0.5,220,0.0005056517022926781,,,0.0005056805567329328,5.7060608462165654e-05,3.284813187950611,0.9984634807413505,-6.364650405480689e-06,-6.364650405480689e-06,0.7500061609312301,,0.46767829284377305,0.0,0.18329080949670204,0.46767829284377305,,0.015393621291692186,0.015400609457897034,success,0.9999342991171173,0.9999342991171173,0.75,0.9868638743164068,0.01,[0.01],,,,,,,,,0.013691023879375633,,,
,,,1.5658211987857892e-06,-4.490281572887548e-09,5.324110371658704e-10,typ,,8.13497859858035e-16,True,,0.7294921875,1.92,,,7.949830581277517e-06,13,4.311801872734787e-09,False,False,421,0.5,205,5.195343251763734e-08,,,5.324110371658704e-08,0.024185659369577076,3.317967118974021,1.0085410673424156,-2.0248793310332642,-2.0248793310332642,0.7500079498305813,,0.6702430298451749,0.0,0.005206637581494331,0.005206637581494331,,1.5658211987857892e-06,1.6944107325567427e-06,success,1.0019529643825515,0.015507036313790478,0.75,0.9995384033968796,0.01,[0.01],,,,,,,,,0.28676847499379376,,,
,,,0.014341557344372527,-1.6531810937263562e-06,4.712537530529975e-06,arith,,6.758239422387466e-08,True,,0.788360595703125,2.0,,,-6.435630042100904e-06,18,4.407310082592938e-09,False,False,422,0.5,201,0.00047123469649126555,,,0.00047125375305299744,4.0438005232704625e-05,3.2857986421967835,0.9987630229132932,-6.784465367631822e-06,-6.784465367631822e-06,0.7499935643699579,,0.453336310969449,0.0,0.16759073732386073,0.453336310969449,,0.014341557344372527,0.014346827172734751,success,0.9999341149152203,0.9999341149152203,0.75,0.9890837844122117,0.01,[0.01],,,,,,,,,0.011527207638820666,,,
,,,9.351786721853916e-07,-2.3289811936900247e-09,3.14023021405278e-10,typ,,2.8824347879287083e-16,True,,0.7505722045898438,2.0,,,1.2466076844130924e-06,20,3.807425702341229e-09,False,False,423,0.5,59,3.08222896186547e-08,,,3.14023021405278e-08,0.0184703821801821,3.295871744661049,1.0018248789071829,-4.435552235249014,-4.435552235249014,0.7500012466076844,,0.10788065633468663,0.0,0.0036730959454065247,0.0036730959454065247,,9.351786721853916e-07,8.432474618230681e-07,success,0.999993360313655,0.010349715836848286,0.75,0.9984431319261822,0.01,[0.01],,,,,,,,,0.24904130760889753,,,
,,,0.013380845514805019,-1.3095217769483679e-06,4.397831759587022e-06,arith,,5.884499252785277e-08,True,,0.8066253662109375,2.08,,,2.017098533757533e-07,19,4.395459926344569e-09,False,False,424,0.5,181,0.0004397703602716635,,,0.0004397831759587022,2.914092157068357e-05,3.286566306927965,0.9989963650109046,-7.218509008298643e-06,-7.218509008298643e-06,0.7500002017098534,,0.43957770666141305,0.0,0.15333802468673546,0.43957770666141305,,0.013380845514805019,0.013384852326083822,success,0.9999340088830102,0.9999340088830102,0.75,0.9908704140326094,0.01,[0.01],,,,,,,,,0.009786539837856052,,,
,,,6.113250257491709e-07,-1.2212723068466785e-09,2.0663527306629736e-10,typ,,1.2482980758047058e-16,True,,0.7701015472412109,2.08,,,-3.4238881501114093e-06,22,3.4061155805439523e-09,False,False,425,0.5,39,2.0419548083688094e-08,,,2.0663527306629736e-08,0.011807239844446227,3.3402113807894915,1.0153025121515962,-7.4025904251138845,-7.4025904251138845,0.7499965761118499,,0.5277605217276656,0.0,0.0031057372842788348,0.0031057372842788348,,6.113250257491709e-07,6.028578318208584e-07,success,0.9994435442969267,0.007922770780796713,0.75,0.9984963894290464,0.01,[0.01],,,,,,,,,0.19977462976426086,,,
,,,0.012504197049144097,-1.046756318724034e-06,4.110428386782778e-06,arith,,5.139651080593655e-08,True,,0.8250274658203125,2.16,,,-3.8453441015828815e-06,19,4.2485901796611695e-09,False,False,426,0.5,179,0.00041103407603013266,,,0.0004110428386782778,2.1318089796423408e-05,3.287168895489116,0.9991795299697,-7.666818908903176e-06,-7.666818908903176e-06,0.7499961546558984,,0.42641975594218334,0.0,0.14043018728940657,0.42641975594218334,,0.012504197049144097,0.012507274073905204,success,0.9999337384336854,0.9999337384336854,0.75,0.9923060596421509,0.01,[0.01],,,,,,,,,0.008371239789408819,,,
,,,4.251190791175231e-07,-6.766627335949611e-10,1.4004897259268778e-10,typ,,5.907961780492245e-17,True,,0.7913188934326172,2.16,,,1.243103375125898e-06,22,2.74240646472187e-09,False,False,427,0.5,28,1.3897192741281329e-08,,,1.4004897259268777e-08,0.007690489690395011,3.2690117719791836,0.9936604262330007,-10.87943975934492,-10.87943975934492,0.7500012431033751,,0.18841419794668407,0.0,0.002608216010647175,0.002608216010647175,,4.251190791175231e-07,4.2517727917918106e-07,success,1.0002690334680644,0.006466491499905794,0.75,0.995399880604281,0.01,[0.01],,,,,,,,,0.1591701635691348,,,
,,,0.011703912973576888,-8.441570448706777e-07,3.847891123198221e-06,arith,,4.50346702365946e-08,True,,0.84356689453125,2.24,,,-8.439461460119091e-06,17,4.345031794537555e-09,False,False,428,0.5,203,0.0003847830237482648,,,0.0003847891123198221,1.5823138863244336e-05,3.2876442657849787,0.9993240252128357,-8.12921494287844e-06,-8.12921494287844e-06,0.7499915605385399,,0.4138571364116814,0.0,0.1287453538139258,0.4138571364116814,,0.011703912973576888,0.011706300988054003,success,0.9999336224199155,0.9999336224199155,0.75,0.9934704601770452,0.01,[0.01],,,,,,,,,0.007212605278050789,,,
,,,3.0743484143840036e-07,-4.974115541322866e-10,1.0100505594926238e-10,typ,,3.080505510605394e-17,True,,0.811614990234375,2.24,,,8.898788321110018e-06,18,3.019824319044265e-09,False,False,429,0.5,46,1.0020027320887194e-08,,,1.0100505594926238e-08,0.007967747087776521,3.2592360950393036,0.9906889767576393,-14.612913673691338,-14.612913673691338,0.7500088987883211,,0.12262098181062071,0.0,0.0021841143179381433,0.0021841143179381433,,3.0743484143840036e-07,2.981487296719592e-07,success,0.9989217284887826,0.0055256534541160114,0.75,0.9978734341926667,0.01,[0.01],,,,,,,,,0.1617941388181766,,,
,,,0.010972705775088526,-6.865958271080105e-07,3.607894070028041e-06,arith,,3.9587888684274535e-08,True,,0.86224365234375,2.32,,,-6.329366712076734e-06,17,4.236763577415521e-09,False,False,430,0.5,196,0.00036078511076230094,,,0.0003607894070028041,1.1907889809891664e-05,3.288023192797131,0.9994392052129917,-8.605520666921432e-06,-8.605520666921432e-06,0.7499936706332879,,0.4018753734104934,0.0,0.11816849522433738,0.4018753734104934,,0.010972705775088526,0.010974550374343986,success,0.9999336743380546,0.9999336743380546,0.75,0.994419454821952,0.01,[0.01],,,,,,,,,0.006257306458237473,,,
,,,2.29671810877588e-07,-3.2492101425209785e-10,7.647871735355318e-11,typ,,1.7459431842683162e-17,True,,0.8302745819091797,2.32,,,8.424666907758116e-06,22,2.3170810851980587e-09,False,False,431,0.5,21,7.601904550658506e-09,,,7.647871735355318e-09,0.00601045444895605,3.3098988167556267,1.0060885975501601,-18.73250467466514,-18.73250467466514,0.7500084246669078,,1.8196459968978125,0.0,0.0019826652895303864,0.0019826652895303864,,2.29671810877588e-07,2.456859554165585e-07,success,0.9999993531230187,0.004834287838719981,0.75,0.9921064114337779,0.01,[0.01],,,,,,,,,0.14147187371865866,,,
,,,0.01030382725275295,-5.629001955003264e-07,3.3882666516276583e-06,arith,,3.491179740800496e-08,True,,0.8810577392578125,2.4,,,7.3800411490854145e-06,19,4.1750516651132136e-09,False,False,432,0.5,168,0.0003388235900274562,,,0.0003388266651627658,9.075836189472023e-06,3.2883275477753195,0.9995317180329042,-9.095563146986922e-06,-9.095563146986922e-06,0.7500073800411491,,0.39045518093622616,0.0,0.10859270382186935,0.39045518093622616,,0.01030382725275295,0.010305247609568668,success,0.9999335089413074,0.9999335089413074,0.75,0.9951953541083428,0.01,[0.01],,,,,,,,,0.005463020503861147,,,
,,,1.7658139312281277e-07,-2.1052462494488494e-10,5.91415374241811e-11,typ,,1.0398974452078684e-17,True,,0.8494691848754883,2.4,,,1.0725379457898754e-06,23,2.3078280631892932e-09,False,False,433,0.5,18,5.889054485398794e-09,,,5.91415374241811e-09,0.004243930427323293,3.3350368242382946,1.0137296355678216,-23.020599584511174,-23.020599584511174,0.7500010725379458,,0.03859745922188162,0.0,0.0015977604699718864,0.0015977604699718864,,1.7658139312281277e-07,1.595527663656754e-07,success,1.0010874156171647,0.004321919306940861,0.75,0.9961206478559204,0.01,[0.01],,,,,,,,,0.11922242837809337,,,
,,,0.10641725844264502,3.58839946481515e-05,3.4688737400031896e-05,arith,,3.6901926718763314e-06,True,,0.6353988647460938,0.0,,,-7.123416219223522e-06,20,4.79082313401327e-09,False,False,434,0.5833333333,625,0.00346766372849683,,,0.0034688737400031893,0.0003488197026041967,3.2585539030455037,0.99048161525679,-1.4994492518125837e-06,-1.4994492518125837e-06,0.7499928765837808,,0.9389656212611096,0.0,0.9389656212611096,0.9389656212611096,,0.10641725844264502,0.10672226527984242,success,0.9999356388332741,0.9999356388332741,0.75,0.9999980279644359,0.01,[0.01],,,,,,,,,-0.03372008936641763,,,
,,,0.10641700166024262,3.5881693529087726e-05,3.4688643660461645e-05,typ,,3.6901739540763965e-06,True,,0.6353988647460938,0.0,,,-8.070120984582374e-06,20,4.4494143450684406e-09,False,False,435,0.5833333333,344,0.0034676545068033473,,,0.003468864366046164,0.00034877675087537075,3.2585531002597894,0.9904813712391937,-2.6420706729216904e-06,-2.6420706729216904e-06,0.7499919298790154,,0.9389624123805971,0.0,0.9389624123805971,0.9389624123805971,,0.10641700166024262,0.10671471633911536,success,0.9999326770387447,0.9999326770387447,0.75,0.9999999729582639,0.01,[0.01],,,,,,,,,-0.03371800837205238,,,
,,,0.10318715548851516,3.2791848940124434e-05,3.363905440302309e-05,arith,,3.470043031814452e-06,True,,0.6355133056640625,0.08,,,9.97105433597767e-06,19,4.765306530398342e-09,False,False,436,0.5833333333,668,0.003362863348045941,,,0.003363905440302309,0.0003097864297500592,3.2589941375215354,0.9906154304913651,-1.5091248146848618e-06,-1.5091248146848618e-06,0.750009971054336,,0.9319100867172609,0.0,0.9318057110232764,0.9319100867172609,,0.10318715548851516,0.10347986450155147,success,0.9999348980184339,0.9999348980184339,0.75,0.9999982547486779,0.01,[0.01],,,,,,,,,-0.03177900271102463,,,
,,,0.10314259614719636,3.2989683631715146e-05,3.3620472830760385e-05,typ,,3.4666145322347854e-06,True,,0.6353302001953125,0.08,,,-7.19760804224201e-06,19,4.237298536814731e-09,False,False,437,0.5833333333,362,0.003360992123261593,,,0.0033620472830760383,0.0003138444303733706,3.25858786651547,0.9904919389137228,-8.47086986255905e-06,-8.47086986255905e-06,0.7499928023919578,,0.9319795791111005,0.0,0.9318763626486982,0.9318763626486982,,0.10314259614719636,0.10344665940393785,success,0.9999327100200437,0.9941201256577327,0.75,0.9998422020402797,0.01,[0.01],,,,,,,,,-0.03198453874928169,,,
,,,0.09456555646177152,2.5133225631685158e-05,3.083970260060682e-05,arith,,2.9157419585112727e-06,True,,0.6357879638671875,0.16,,,-1.172162716223113e-06,19,4.7642148341264854e-09,False,False,438,0.5833333333,645,0.003083302280032553,,,0.003083970260060682,0.0002165974285742908,3.260491869763374,0.9910706865019322,-1.5381917040160897e-06,-1.5381917040160897e-06,0.7499988278372838,,0.9115133514276212,0.0,0.9103035760946727,0.9115133514276212,,0.09456555646177152,0.09482309621234317,success,0.9999353516814317,0.9999353516814317,0.75,0.9999998115425767,0.01,[0.01],,,,,,,,,-0.02657756859057384,,,
,,,0.09424872252574387,2.5629483351758576e-05,3.0720126181388875e-05,typ,,2.8946757780086817e-06,True,,0.6351470947265625,0.16,,,-4.984586859047013e-06,19,4.306275242997768e-09,False,False,439,0.5833333333,364,0.0030713156639529055,,,0.0030720126181388876,0.00022687217554604795,3.258734528856856,0.9905365189197978,-2.6498891373016322e-05,-2.6498891373016322e-05,0.749995015413141,,0.9121026932693879,0.0,0.9109049336647324,0.9109049336647324,,0.09424872252574387,0.0945246207739714,success,0.9999327562755119,0.9770610475870464,0.75,0.999986697365461,0.01,[0.01],,,,,,,,,-0.027193454367254608,,,
,,,0.08300992259855708,1.609400970595317e-05,2.70917796480041e-05,arith,,2.2486275144895694e-06,True,,0.6362686157226562,0.24,,,-2.922158026330557e-06,20,4.787376321978811e-09,False,False,440,0.5833333333,576,0.002708865933250076,,,0.00270917796480041,0.00011517573019853507,3.2633037695389477,0.9919254015425665,-1.5866275087369564e-06,-1.5866275087369564e-06,0.7499970778419737,,0.8799245120411419,0.0,0.874748121539855,0.8799245120411419,,0.08300992259855708,0.08321632829265757,success,0.9999348144024932,0.9999348144024932,0.75,0.9999987872320639,0.01,[0.01],,,,,,,,,-0.019388055309706942,,,
,,,0.08193369365984043,1.6566777020771612e-05,2.6706299498846216e-05,typ,,2.1878713038255603e-06,True,,0.6349411010742188,0.24,,,8.753249520543349e-06,20,4.635906903801706e-09,False,False,441,0.5833333333,396,0.0026702949740174337,,,0.002670629949884622,0.00012542953290948548,3.2590926330058414,0.990645369528525,-5.697112414465783e-05,-5.697112414465783e-05,0.7500087532495205,,0.8821291326714409,0.0,0.8769621708421431,0.8769621708421431,,0.08193369365984043,0.0821730668898572,success,0.9999328378684265,0.950001985094296,0.75,0.9999503125360367,0.01,[0.01],,,,,,,,,-0.020219736570831263,,,
,,,0.07091579334273483,8.098189097212936e-06,2.317174237465523e-05,arith,,1.6431769129654879e-06,True,,0.6369552612304688,0.32,,,1.6474354447293393e-06,20,4.815666218341589e-09,False,False,442,0.5833333333,470,0.0023170817606510325,,,0.002317174237465523,3.9909305478698774e-05,3.267370569278716,0.9931615604323755,-1.6544374610988344e-06,-1.6544374610988344e-06,0.7500016474354447,,0.8402827983044361,0.0,0.8265851670755409,0.8402827983044361,,0.07091579334273483,0.07106620225689478,success,0.9999355077028496,0.9999355077028496,0.75,0.9999989933305671,0.01,[0.01],,,,,,,,,-0.011419443702863937,,,
,,,0.06851707143527004,8.037263539226091e-06,2.2336175461587894e-05,typ,,1.5303447320871445e-06,True,,0.63482666015625,0.32,,,-9.349634021438291e-06,17,4.630320635140478e-09,False,False,443,0.5833333333,436,0.002233523266581677,,,0.0022336175461587894,4.220936447890385e-05,3.2598055051021086,0.9908620566622632,-0.00010012770154348735,-0.00010012770154348735,0.7499906503659786,,0.8454812769047503,0.0,0.8315330221778165,0.8315330221778165,,0.06851707143527004,0.06871139371420622,success,0.9999329452888264,0.9153800131626931,0.75,0.9999966532703569,0.01,[0.01],,,,,,,,,-0.011730308039827877,,,
,,,0.05981224334346852,1.9941206321075804e-06,1.9572471257198993e-05,arith,,1.170669437151534e-06,True,,0.637847900390625,0.4,,,-1.9070802488307947e-06,18,4.7365886238297575e-09,False,False,444,0.5833333333,501,0.001957240477386927,,,0.0019572471257198994,3.3967774865476205e-06,3.2723074206522926,0.9946621833062868,-1.7416285741094113e-06,-1.7416285741094113e-06,0.7499980929197512,,0.7961052250741432,0.0,0.7689485588162143,0.7961052250741432,,0.05981224334346852,0.05991157621026256,success,0.999935436367822,0.999935436367822,0.75,0.9999990512146674,0.01,[0.01],,,,,,,,,-0.003333967296054175,,,
,,,0.055682856213678106,7.20386788040986e-07,1.8159320105558288e-05,typ,,1.0111622914188318e-06,True,,0.635009765625,0.4,,,-6.973325730075253e-06,15,4.161148702261573e-09,False,False,445,0.5833333333,326,0.0018159310785685716,,,0.0018159320105558287,5.132280568323472e-07,3.2612031818197225,0.991286899440397,-0.00015572020788240154,-0.00015572020788240154,0.7499930266742699,,0.805289057369121,0.0,0.7767014044381977,0.7767014044381977,,0.055682856213678106,0.055834251195741424,success,0.9999330563214737,0.8758856741551745,0.75,0.999992378483343,0.01,[0.01],,,,,,,,,-0.0012937317462246628,,,
,,,0.0503539138584878,-2.409445951763255e-06,1.6504644082857564e-05,arith,,8.310676209834158e-07,True,,0.6389923095703125,0.48,,,6.3881823701983365e-06,19,4.737364544736196e-09,False,False,446,0.5833333333,429,0.0016504528790334111,,,0.0016504644082857565,6.985459539434056e-06,3.2777052518137193,0.9963029272334185,-1.8481775623095144e-06,-1.8481775623095144e-06,0.7500063881823702,,0.7506617128162966,0.0,0.7063171693910154,0.7506617128162966,,0.0503539138584878,0.050411626723118476,success,0.9999357577994515,0.9999357577994515,0.75,0.9999996903921965,0.01,[0.01],,,,,,,,,0.004785022190200835,,,
,,,0.04435504604929954,-5.7880219912218914e-06,1.4478343023976415e-05,typ,,6.421540703474578e-07,True,,0.6354217529296875,0.48,,,4.494646183239581e-06,19,4.23603790680263e-09,False,False,447,0.5833333333,238,0.0014477587727757498,,,0.0014478343023976415,5.216731069750763e-05,3.264022702550239,0.9921439309735572,-0.00022626122636934347,-0.00022626122636934347,0.7500044946461832,,0.7639894141834979,0.0,0.715264170791138,0.715264170791138,,0.04435504604929954,0.0444632941183776,success,0.9999331322234069,0.8325043015671075,0.75,0.999996556727525,0.01,[0.01],,,,,,,,,0.013049297671314889,,,
,,,0.04264192920506892,-5.6591904834664935e-06,1.4001876377153261e-05,arith,,5.970349947757681e-07,True,,0.6403884887695312,0.56,,,-4.341318459610832e-06,20,4.665132969396624e-09,False,False,448,0.5833333333,368,0.0014001125322087855,,,0.001400187637715326,5.363960123452269e-05,3.283417421091613,0.9980392184906233,-1.9740882501296077e-06,-1.9740882501296077e-06,0.7499956586815404,,0.7065870645551108,0.0,0.6435050516381443,0.7065870645551108,,0.04264192920506892,0.04266715677266142,success,0.9999355101147748,0.9999355101147748,0.75,0.9999995724170924,0.01,[0.01],,,,,,,,,0.013271422257306724,,,
,,,0.03496216647063994,-1.217113548588279e-05,1.1434366622003162e-05,typ,,3.9962209278578764e-07,True,,0.6359024047851562,0.56,,,6.242315615967442e-06,20,4.297634917070305e-09,False,False,449,0.5833333333,151,0.0011430129569384008,,,0.0011434366622003161,0.00037055420376322774,3.2692852655405806,0.9937435583070785,-0.000316224111878025,-0.000316224111878025,0.750006242315616,,0.7234109514953839,0.0,0.6509689523597861,0.6509689523597861,,0.03496216647063994,0.035026685292388046,success,0.9999332051938241,0.78558145873439,0.75,0.9999997310657734,0.01,[0.01],,,,,,,,,0.03481230345408859,,,
,,,0.03652329716946665,-8.340272598509327e-06,1.201693677476008e-05,arith,,4.388285927442371e-07,True,,0.64215087890625,0.64,,,6.056363187512126e-06,17,4.733597775086887e-09,False,False,450,0.5833333333,426,0.0012015032232935866,,,0.001201693677476008,0.00015848812887279926,3.2896899141352414,0.9999458277493295,-2.119271857318962e-06,-2.119271857318962e-06,0.7500060563631875,,0.665762659181302,0.0,0.5845407228198013,0.665762659181302,,0.03652329716946665,0.03652221032623292,success,0.999936002914639,0.999936002914639,0.75,0.9165535647647685,0.01,[0.01],,,,,,,,,0.022835486511009105,,,
,,,0.027647800967814877,-1.9006715861827418e-05,9.074392926055326e-06,typ,,2.5052575427547265e-07,True,,0.63629150390625,0.64,,,-8.082166800815749e-06,17,4.269026754090668e-09,False,False,451,0.5833333333,180,0.0009061326597623898,,,0.0009074392926055326,0.0014399121283265393,3.277413132484675,0.9962141336048678,-0.00043184737711587744,-0.00043184737711587744,0.7499919178331992,,0.6851519717379938,0.0,0.5886645568002513,0.5886645568002513,,0.027647800967814877,0.027668138443377264,success,0.9999248542235659,0.7355741463820318,0.75,0.9993975834475857,0.01,[0.01],,,,,,,,,0.06874585029005871,,,
,,,0.03177875728046406,-1.0984654855594491e-05,1.0481776465160799e-05,arith,,3.3297716751212904e-07,True,,0.6443023681640625,0.72,,,-8.248101170948985e-06,19,4.598482187062311e-09,False,False,452,0.5833333333,349,0.0010477979506040224,,,0.0010481776465160798,0.00036224385562828675,3.2971646479333994,1.0022178743768517,-2.283689593675733e-06,-2.283689593675733e-06,0.749991751898829,,0.6295170786155291,0.0,0.5322217759866701,0.6295170786155291,,0.03177875728046406,0.03175358723352778,success,0.9999356579772518,0.9999356579772518,0.75,0.8451171317391925,0.01,[0.01],,,,,,,,,0.0345660302530058,,,
,,,0.022369759429447113,-2.6496319392752936e-05,7.381360833620513e-06,typ,,1.644172111686713e-07,True,,0.6365432739257812,0.72,,,-2.021707991128885e-06,20,4.174777479273829e-09,False,False,453,0.5833333333,132,0.0007349976725821902,,,0.0007381360833620513,0.004251805121850122,3.2856753551611897,0.9987255481481708,-0.0005790249681663899,-0.0005790249681663899,0.7499979782920089,,0.6511449049897394,0.0,0.5338931744864195,0.5338931744864195,,0.022369759429447113,0.022348285870034235,success,0.9999566739235696,0.6839453581144662,0.75,0.9997469543982777,0.01,[0.01],,,,,,,,,0.11844704667620923,,,
,,,0.02820873452321002,-1.4104559340313228e-05,9.334539043758634e-06,arith,,2.631165951877416e-07,True,,0.6470489501953125,0.8,,,-2.008478787729473e-07,19,4.654156762623711e-09,False,False,454,0.5833333333,325,0.0009327486668047815,,,0.0009334539043758634,0.0007555140835298393,3.3065952180071037,1.0050844239437209,-2.4671180423748405e-06,-2.4671180423748405e-06,0.7499997991521212,,0.5988446683227501,0.0,0.48797296896304004,0.5988446683227501,,0.02820873452321002,0.0281577659983129,success,0.9999357804454283,0.9999357804454283,0.75,0.8052754064325939,0.01,[0.01],,,,,,,,,0.05000068091926655,,,
,,,0.018910503850544488,-3.411830259978583e-05,6.27432516181377e-06,typ,,1.1748659155975692e-07,True,,0.6367034912109375,0.8,,,2.349620489727755e-06,19,4.223145702519332e-09,False,False,455,0.5833333333,145,0.0006212768971587933,,,0.000627432516181377,0.009810806523142108,3.28535348433302,0.9986277111483006,-0.0007604759031444254,-0.0007604759031444254,0.7500023496204897,,0.6242950117216169,0.0,0.491421373416693,0.491421373416693,,0.018910503850544488,0.01885836880744052,success,0.9999401999786692,0.6331768843649977,0.75,0.9998973014607014,0.01,[0.01],,,,,,,,,0.1804198495684369,,,
,,,0.025677811599951916,-1.8182066614142987e-05,8.531488646305394e-06,arith,,2.187393705805976e-07,True,,0.6505279541015625,0.88,,,-7.1991860139952735e-06,19,4.6445645142133135e-09,False,False,456,0.5833333333,309,0.0008518614202349205,,,0.0008531488646305393,0.0015090501189102,3.3175000794713974,1.0083991043567748,-2.6693321701615593e-06,-2.6693321701615593e-06,0.749992800813986,,0.5747752358843874,0.0,0.45229779155973093,0.5747752358843874,,0.025677811599951916,0.025597346036036944,success,0.9999352409697609,0.9999352409697609,0.75,0.78836040318858,0.01,[0.01],,,,,,,,,0.07080847424777054,,,
,,,0.016838186769621268,-4.031763452928811e-05,5.596625106724491e-06,typ,,9.26115071725413e-08,True,,0.6368865966796875,0.88,,,-8.191772621124471e-06,19,4.4085812667487874e-09,False,False,457,0.5833333333,144,0.0005500087891864165,,,0.0005596625106724491,0.017249183752603845,3.2664371568720134,0.9928778370827549,-0.0009724165581045852,-0.0009724165581045852,0.7499918082273789,,0.6087781379453499,0.0,0.46273058985485516,0.46273058985485516,,0.016838186769621268,0.01678198450366955,success,0.9999075738532263,0.5861649635967481,0.75,0.9999482777206861,0.01,[0.01],,,,,,,,,0.23944166364770017,,,
,,,0.02409971613363689,-2.332702628677158e-05,8.0346052712967e-06,arith,,1.9308755612868936e-07,True,,0.655059814453125,0.96,,,-4.144013631579568e-06,18,4.54787717143015e-09,False,False,458,0.5833333333,311,0.0008012026160722687,,,0.0008034605271296701,0.0028102327135692226,3.3245313414874613,1.0105363517266759,-2.889841091925009e-06,-2.889841091925009e-06,0.7499958559863684,,0.5584081366560418,0.0,0.42475719255203254,0.5584081366560418,,0.02409971613363689,0.0239936972671328,success,0.9999355461248058,0.9999355461248058,0.75,0.7882955876317599,0.01,[0.01],,,,,,,,,0.09679378029774036,,,
,,,0.015319291039310885,-4.282557015455538e-05,5.071733356902052e-06,typ,,7.586132990910099e-08,True,,0.6386375427246094,0.96,,,-4.986857496946939e-06,21,4.359090066685647e-09,False,False,459,0.5833333333,113,0.0004952013099981779,,,0.0005071733356902052,0.023605392573990084,3.2325341213731114,0.982572550025304,-0.0012055575311036007,-0.0012055575311036007,0.749995013142503,,0.6073734113261946,0.0,0.44154816313345807,0.44154816313345807,,0.015319291039310885,0.015289952725952915,success,0.9998819640435254,0.5448825777717548,0.75,0.9999659090306591,0.01,[0.01],,,,,,,,,0.2795532119904279,,,
,,,0.023367772480819605,-2.845896245424127e-05,7.784969290506068e-06,arith,,1.811074786067415e-07,True,,0.6609649658203125,1.04,,,-9.033719121864792e-06,19,4.556517682466731e-09,False,False,460,0.5833333333,277,0.0007750309908888213,,,0.0007784969290506068,0.004452089703182592,3.3166661115216307,1.0081456084974045,-3.1280130019719233e-06,-3.1280130019719233e-06,0.7499909662808781,,0.5503810148646417,0.0,0.40381289122841024,0.5503810148646417,,0.023367772480819605,0.02326706326940472,success,0.9999354672660785,0.9999354672660785,0.75,0.8008247612318276,0.01,[0.01],,,,,,,,,0.12178722844721525,,,
,,,0.013775653919142292,-4.0850351693287825e-05,4.529563257044533e-06,typ,,6.072894460044315e-08,True,,0.6413841247558594,1.04,,,-1.038926181307076e-06,21,4.455565649663437e-09,False,False,461,0.5833333333,123,0.0004408425542402439,,,0.00045295632570445334,0.02674379576302343,3.200157007629674,0.972731087563081,-0.0014597681761894738,-0.0014597681761894738,0.7499989610738187,,0.6200918599113256,0.0,0.42137226397333766,0.42137226397333766,,0.013775653919142292,0.013782308033187984,success,0.9998584552945757,0.5084923164618647,0.75,0.99997919920642,0.01,[0.01],,,,,,,,,0.2965402000737201,,,
,,,0.023208162500094248,-3.113781703612726e-05,7.681680857178257e-06,arith,,1.7730813395748093e-07,True,,0.668609619140625,1.12,,,4.224234697813856e-06,18,4.6023656821021404e-09,False,False,462,0.5833333333,280,0.0007639904018974397,,,0.0007681680857178257,0.0054385021951050185,3.2919038803452754,1.000618792780164,-3.3829944700714118e-06,-3.3829944700714118e-06,0.7500042242346978,,0.5490322337119116,0.0,0.38625781504410056,0.5490322337119116,,0.023208162500094248,0.02316203138120785,success,0.9999356265803911,0.9999356265803911,0.75,0.8222052897377579,0.01,[0.01],,,,,,,,,0.13416752418896072,,,
,,,0.011691178198387109,-3.568547169159876e-05,3.8263457837472015e-06,typ,,4.346103751658382e-08,True,,0.6467857360839844,1.12,,,-1.0356743008754776e-06,21,4.359407324031218e-09,False,False,463,0.5833333333,137,0.00037174215275052105,,,0.00038263457837472016,0.028466913969108103,3.1796808366312117,0.9665070779169996,-0.001759690690074028,-0.001759690690074028,0.7499989643256991,,0.6373674064683187,0.0,0.39293154534453223,0.39293154534453223,,0.011691178198387109,0.011714167025804982,success,0.9998567553400449,0.47366719938675783,0.75,0.99998459137837,0.01,[0.01],,,,,,,,,0.3052341781645399,,,
,,,0.023197735470924092,-2.986752892983057e-05,7.6162990984021875e-06,arith,,1.7578882246779735e-07,True,,0.6780624389648438,1.2,,,-4.390880878890613e-07,20,4.486847797191239e-09,False,False,464,0.5833333333,237,0.000757784408258858,,,0.0007616299098402188,0.005049042233868598,3.2666309571839913,0.9929367453137544,-3.6541489367427835e-06,-3.6541489367427835e-06,0.7499995609119121,,0.5500323352983716,0.0,0.3686222742005352,0.5500323352983716,,0.023197735470924092,0.023217989905771265,success,0.9999349471995623,0.9999349471995623,0.75,0.8481723987508868,0.01,[0.01],,,,,,,,,0.12875191618279447,,,
,,,0.009209902643974584,-2.938783575303315e-05,3.0118423102712895e-06,typ,,2.6875129566354815e-08,True,,0.654510498046875,1.2,,,-8.71334880847563e-06,18,4.375695531116808e-09,False,False,465,0.5833333333,208,0.0002918068801078738,,,0.00030118423102712893,0.031134933217703723,3.168403525945883,0.96307918651618,-0.0021539816165847677,-0.0021539816165847677,0.7499912866511915,,0.6498053381082001,0.0,0.3542088364561496,0.3542088364561496,,0.009209902643974584,0.00922934287979736,success,0.9998376175177183,0.4371549623207851,0.75,0.9999882566599497,0.01,[0.01],,,,,,,,,0.31908953752360913,,,
,,,0.02298150467282549,-2.56920999490962e-05,7.506758688086285e-06,arith,,1.7185652586823394e-07,True,,0.6892547607421875,1.28,,,-8.122127292953252e-07,19,4.4737351055309754e-09,False,False,466,0.5833333333,238,0.0007478036286781775,,,0.0007506758688086285,0.0038262054900065545,3.2539367605569307,0.9890781722308274,-3.940959056809249e-06,-3.940959056809249e-06,0.7499991877872707,,0.5492382605060265,0.0,0.34913302579679567,0.5492382605060265,,0.02298150467282549,0.023038581750659863,success,0.99993545668718,0.99993545668718,0.75,0.8746054271047734,0.01,[0.01],,,,,,,,,0.11179468148347943,,,
,,,0.006676937472173698,-2.3166259147127434e-05,2.189709560814475e-06,typ,,1.4083878256907313e-08,True,,0.6637458801269531,1.28,,,-3.609929796422051e-06,21,4.367530231405605e-09,False,False,467,0.5833333333,154,0.00021093320576390335,,,0.0002189709560814475,0.036706924340022776,3.1591310633501166,0.960260695859733,-0.0027204189594739743,-0.0027204189594739743,0.7499963900702036,,0.6536483689261338,0.0,0.30658719244236937,0.30658719244236937,,0.006676937472173698,0.00668502694156842,success,0.9994504190243525,0.39691646830754646,0.75,0.9999897890339675,0.01,[0.01],,,,,,,,,0.3469593543997288,,,
,,,0.022437481961587895,-2.059155993075818e-05,7.316868330118022e-06,arith,,1.6374808883195485e-07,True,,0.701934814453125,1.36,,,4.5771886780787696e-07,18,4.382590686440114e-09,False,False,468,0.5833333333,252,0.000729797082900324,,,0.0007316868330118022,0.0025827307889353447,3.252580143127061,0.9886658099795946,-4.243179699726257e-06,-4.243179699726257e-06,0.7500004577188678,,0.5450353223854245,0.0,0.3279721949718524,0.5450353223854245,,0.022437481961587895,0.02250218840412993,success,0.9999351217147415,0.9999351217147415,0.75,0.8991681172484174,0.01,[0.01],,,,,,,,,0.09177304283078706,,,
,,,0.004362238384837847,-1.742027434409832e-05,1.441124991626699e-06,typ,,5.983064797599457e-09,True,,0.6741542816162109,1.36,,,6.660278559555977e-06,22,4.425317965746675e-09,False,False,469,0.5833333333,132,0.00013715584224821908,,,0.0001441124991626699,0.04827240492580966,3.1441620138170743,0.955710650409667,-0.0035982019060571656,-0.0035982019060571656,0.7500066602785596,,0.6496179695134273,0.0,0.25162658419494255,0.25162658419494255,,0.004362238384837847,0.004358284446935608,success,0.9998447488264122,0.35189956105619247,0.75,0.9999909790381556,0.01,[0.01],,,,,,,,,0.3993425578172722,,,
,,,0.021607710832440032,-1.5854583825155336e-05,7.048808388200483e-06,arith,,1.5205724553724487e-07,True,,0.7158050537109375,1.44,,,-8.895214710369359e-06,19,4.447277816296393e-09,False,False,470,0.5833333333,227,0.0007037175141614663,,,0.0007048808388200483,0.001650384851614623,3.2567888362563746,0.9899450992879429,-4.560714993444141e-06,-4.560714993444141e-06,0.7499911047852896,,0.5375721690356745,0.0,0.30599839076814905,0.5375721690356745,,0.021607710832440032,0.02166559149509226,success,0.9999350432170777,0.9999350432170777,0.75,0.919861853099126,0.01,[0.01],,,,,,,,,0.07337465753823665,,,
,,,0.002453733300072804,-1.2157501352790276e-05,8.252193644994439e-07,typ,,1.877063395394105e-09,True,,0.6855354309082031,1.44,,,-2.7508222145700145e-06,21,4.307495093165621e-09,False,False,471,0.5833333333,121,7.649826471925093e-05,,,8.252193644994438e-05,0.07299479374611204,3.1176275236180384,0.94764513254673,-0.005072061148141049,-0.005072061148141049,0.7499972491777854,,0.6400768934468392,0.0,0.19099561735740525,0.19099561735740525,,0.002453733300072804,0.0024386559360290395,success,1.0002260242669772,0.3018264365721115,0.75,0.9999916150591504,0.01,[0.01],,,,,,,,,0.4954695505183695,,,
,,,0.020584475103619052,-1.196692663333696e-05,6.722782445638363e-06,arith,,1.382417405462424e-07,True,,0.730682373046875,1.52,,,1.249031508998577e-06,18,4.421439787144441e-09,False,False,472,0.5833333333,240,0.0006715825390268878,,,0.0006722782445638363,0.0010348476134310746,3.262568200773863,0.9917018154487802,-4.893362342855544e-06,-4.893362342855544e-06,0.750001249031509,,0.527555252139635,0.0,0.28396228674847784,0.527555252139635,,0.020584475103619052,0.02063122619936069,success,0.9999346017273462,0.9999346017273462,0.75,0.9368142802653934,0.01,[0.01],,,,,,,,,0.058135689994995306,,,
,,,0.001072707824228168,-7.298741774434328e-06,3.807761730700632e-07,typ,,3.5518994864204305e-10,True,,0.6976547241210938,1.52,,,5.883345268076212e-06,20,4.304986849898584e-09,False,False,473,0.5833333333,130,3.311152772635069e-05,,,3.807761730700632e-05,0.1304201767830117,3.0867238010662423,0.9382515273030229,-0.007784397326611271,-0.007784397326611271,0.7500058833452681,,0.6274661073883835,0.0,0.12673766771492617,0.12673766771492617,,0.001072707824228168,0.00104745620699426,success,1.0000352700655823,0.24755184932738214,0.75,0.9999912699624838,0.01,[0.01],,,,,,,,,0.6804035180489059,,,
,,,0.019461649863576486,-8.959124552150423e-06,6.36442702782441e-06,arith,,1.237819844850605e-07,True,,0.7463150024414062,1.6,,,1.4705141299087288e-06,20,4.454514015917547e-09,False,False,474,0.5833333333,193,0.0006360302715995577,,,0.0006364427027824409,0.000648025629141671,3.268121028063105,0.9933896725493028,-5.241122209058858e-06,-5.241122209058858e-06,0.7500014705141299,,0.5158079339998648,0.0,0.2624889693156331,0.5158079339998648,,0.019461649863576486,0.01949753525974195,success,0.9999349698855963,0.9999349698855963,0.75,0.9500911606017606,0.01,[0.01],,,,,,,,,0.04603476383016171,,,
,,,0.00028950851021560057,-2.9631317658471058e-06,1.2309093671130275e-07,typ,,2.6855723846559846e-11,True,,0.7106609344482422,1.6,,,-1.8616766785939376e-06,22,4.2866527283226525e-09,False,False,475,0.5833333333,90,9.276315859095148e-06,,,1.2309093671130275e-05,0.24638514362338462,3.2041599924599664,0.9739478490464036,-0.013384019773837689,-0.013384019773837689,0.7499981383233214,,0.6077740677936309,0.0,0.06361676890664074,0.06361676890664074,,0.00028950851021560057,0.0002585978461297815,success,0.9998277517570134,0.19121541971708908,0.75,0.9999894896093471,0.01,[0.01],,,,,,,,,1.0235042015312175,,,
,,,0.018307562129253663,-6.703723502956664e-06,5.994205820245641e-06,arith,,1.0969435556087689e-07,True,,0.7625656127929688,1.68,,,-8.64193469674035e-07,20,4.345090809836727e-09,False,False,476,0.5833333333,192,0.0005991751101890088,,,0.0005994205820245641,0.00040951519336588683,3.27282849545318,0.994820571053063,-5.603863096816531e-06,-5.603863096816531e-06,0.7499991358065303,,0.5029849639340424,0.0,0.24194960841065496,0.5029849639340424,,0.018307562129253663,0.01833439994187245,success,0.9999345596878022,0.9999345596878022,0.75,0.9604234447467861,0.01,[0.01],,,,,,,,,0.03661723748704247,,,
,,,4.527874979921562e-05,-5.307002218004694e-07,2.3818142481663688e-08,typ,,7.968129886902511e-13,True,,0.7241992950439453,1.68,,,7.1175121516553475e-06,22,4.325213205425299e-09,False,False,477,0.5833333333,90,1.7597945884628969e-06,,,2.381814248166369e-06,0.2611537235459615,3.8865794578395856,1.1813784929649067,-0.026983333147084943,-0.026983333147084943,0.7500071175121517,,0.4151991253927306,0.0,0.02268286013829358,0.02268286013829358,,4.527874979921562e-05,3.242280187625308e-05,success,0.9997405824207597,0.1358650519667071,0.75,0.9999850876746282,0.01,[0.01],,,,,,,,,1.1720734873507106,,,
,,,0.0171683515452363,-5.038190617921525e-06,5.626852045614928e-06,arith,,9.657839064744657e-08,True,,0.7793426513671875,1.76,,,8.91772531952384e-06,19,4.376457122237573e-09,False,False,478,0.5833333333,202,0.0005625373548122863,,,0.0005626852045614928,0.00026275748501632774,3.276595037852504,0.9959654626554788,-5.9814111337392045e-06,-5.9814111337392045e-06,0.7500089177253195,,0.4895877257720563,0.0,0.22256446626501336,0.4895877257720563,,0.0171683515452363,0.01718818713814401,success,0.9999344987077745,0.9999344987077745,0.75,0.9683822248458714,0.01,[0.01],,,,,,,,,0.029345802971511674,,,
,,,9.682568728014419e-06,-7.290329541031861e-08,4.194184368825568e-09,typ,,3.5295587927433156e-14,True,,0.7392196655273438,1.76,,,-5.618965013276522e-07,20,4.4561532695996455e-09,False,False,479,0.5833333333,125,3.645271096843651e-07,,,4.194184368825568e-07,0.13087485520709735,3.764776888489154,1.1443549514731157,-0.06872328403439236,-0.06872328403439236,0.7499994381034987,,0.38730394599481366,0.0,0.011175157244432592,0.011175157244432592,,9.682568728014419e-06,7.825001117100614e-06,success,0.9990404916985705,0.08551749206133015,0.75,0.9999769522359925,0.01,[0.01],,,,,,,,,0.752933415276348,,,
,,,0.0160735033569506,-3.8128121506922537e-06,5.272259310075823e-06,arith,,8.472914018272133e-08,True,,0.7965087890625,1.84,,,7.768749672898423e-06,16,4.384235952949669e-09,False,False,480,0.5833333333,234,0.0005271354869010698,,,0.0005272259310075823,0.00017154715121785427,3.279530760623649,0.9968578153735332,-6.373746926989282e-06,-6.373746926989282e-06,0.7500077687496729,,0.4759965868944809,0.0,0.2044761701788599,0.4759965868944809,,0.0160735033569506,0.016088108666262372,success,0.9999345381292195,0.9999345381292195,0.75,0.9745440298151968,0.01,[0.01],,,,,,,,,0.02372110215190576,,,
,,,3.7261892279020918e-06,-1.798178173914201e-08,1.3715145956362854e-09,typ,,4.787178437656279e-15,True,,0.7554473876953125,1.84,,,-3.210087804239592e-06,19,4.4013095539588205e-09,False,False,481,0.5833333333,142,1.2847384136611715e-07,,,1.3715145956362854e-07,0.06327033066305497,3.4478614345211374,1.0480242047413508,-0.24086306432261861,-0.24086306432261861,0.7499967899121958,,1.1281999029801735,0.0,0.008288659203533721,0.008288659203533721,,3.7261892279020918e-06,4.296405609460053e-06,success,0.9999018507210927,0.045654355355690394,0.75,0.9999472127448498,0.01,[0.01],,,,,,,,,0.4825783297448386,,,
,,,0.015038684860004797,-2.9106030952962515e-06,4.935939528846261e-06,arith,,7.422156745198113e-08,True,,0.813995361328125,1.92,,,-1.0652027344626447e-06,18,4.46143296142047e-09,False,False,482,0.5833333333,207,0.000493537620762122,,,0.0004935939528846261,0.00011412644375987303,3.281787106761439,0.9975436623576963,-6.780749272657116e-06,-6.780749272657116e-06,0.7499989347972655,,0.46246672340062217,0.0,0.1877253078972742,0.46246672340062217,,0.015038684860004797,0.015049456330731324,success,0.9999343748749119,0.9999343748749119,0.75,0.9793287037362218,0.01,[0.01],,,,,,,,,0.01935410657508334,,,
,,,1.9088445003635447e-06,-6.772557209593972e-09,6.717495886644712e-10,typ,,1.2363979767864261e-15,True,,0.7730226516723633,1.92,,,-3.4478421990780106e-06,23,4.380179283212661e-09,False,False,483,0.5833333333,67,6.477206375642178e-08,,,6.717495886644713e-08,0.03577069715520966,3.3932603595570914,1.0314274681108475,-0.9903284382394997,-0.9903284382394997,0.7499965521578009,,0.5968297346698315,0.0,0.005361310590528744,0.005361310590528744,,1.9088445003635447e-06,1.7967050088800626e-06,success,1.0015433244838952,0.022363393408042304,0.75,0.999797260961928,0.01,[0.01],,,,,,,,,0.3547987910122653,,,
,,,0.014070825186349218,-2.2441608794424723e-06,4.6205252924675435e-06,arith,,6.500956740136307e-08,True,,0.8318023681640625,2.0,,,8.131902024199889e-06,19,4.334280408063933e-09,False,False,484,0.5833333333,183,0.0004620167370456138,,,0.00046205252924675435,7.746348926792815e-05,3.2835084717976484,0.9980668945865442,-7.202148037543043e-06,-7.202148037543043e-06,0.7500081319020242,,0.4491654234614888,0.0,0.17228692404554993,0.4491654234614888,,0.014070825186349218,0.01407881463365089,success,0.9999342475414374,0.9999342475414374,0.75,0.9830629620654953,0.01,[0.01],,,,,,,,,0.015949035324663404,,,
,,,1.1299495586054223e-06,-3.0969942305397433e-09,3.828120889942391e-10,typ,,4.2296697772386364e-16,True,,0.79302978515625,2.0,,,6.465772285024762e-06,17,4.0554701779485774e-09,False,False,485,0.5833333333,124,3.743237691476133e-08,,,3.828120889942391e-08,0.022173594018222147,3.312747602730176,1.0069545246508151,-2.790112724373121,-2.790112724373121,0.750006465772285,,0.6534325701157441,0.0,0.004414725501868893,0.004414725501868893,,1.1299495586054223e-06,1.2181585012377865e-06,success,0.9998679059973952,0.013177084645336746,0.75,0.9993974128346328,0.01,[0.01],,,,,,,,,0.27408252049428095,,,
,,,0.013172618470912372,-1.7470742067333527e-06,4.327209436433669e-06,arith,,5.6997626681588624e-08,True,,0.84979248046875,2.08,,,-6.1571226991352646e-06,17,4.292445148812371e-09,False,False,486,0.5833333333,210,0.0004326977723331936,,,0.0004327209436433669,5.35479285522516e-05,3.284827335496522,0.9984677810796425,-7.638071330161203e-06,-7.638071330161203e-06,0.7499938428773009,,0.43621885589726905,0.0,0.15814358094654124,0.43621885589726905,,0.013172618470912372,0.01317858297572784,success,0.9999342624036849,0.9999342624036849,0.75,0.9859956114960305,0.01,[0.01],,,,,,,,,0.013262922710402811,,,
,,,7.350652516283887e-07,-1.7385547610992652e-09,2.4748794960289505e-10,typ,,1.788972192925051e-16,True,,0.8120298385620117,2.08,,,-7.718702709658132e-06,23,3.3319535281347198e-09,False,False,487,0.5833333333,32,2.4337597090352786e-08,,,2.4748794960289504e-08,0.016614864303353037,3.31094376131068,1.0064062226076358,-5.3504971420280905,-5.3504971420280905,0.7499922812972903,,1.083637497204726,0.0,0.003501481371132024,0.003501481371132024,,7.350652516283887e-07,7.662875428487125e-07,success,1.0012196669555415,0.009405017398014514,0.75,0.9982742359282987,0.01,[0.01],,,,,,,,,0.2365170652874487,,,
,,,0.012342234753764319,-1.3740289368391554e-06,4.0556112435284876e-06,arith,,5.005341808211536e-08,True,,0.868011474609375,2.16,,,-7.23607940655846e-06,18,4.3085819594164825e-09,False,False,488,0.5833333333,186,0.00040554582764559165,,,0.00040556112435284874,3.77173903970681e-05,3.285837903236302,0.9987749568382783,-8.08817423151708e-06,-8.08817423151708e-06,0.7499927639205934,,0.4236886528244058,0.0,0.14520873717197677,0.4236886528244058,,0.012342234753764319,0.012346723917765739,success,0.9999340434377416,0.9999340434377416,0.75,0.9883360737008875,0.01,[0.01],,,,,,,,,0.011132740255325995,,,
,,,5.030169575900828e-07,-9.34627373982542e-10,1.6928989638183064e-10,typ,,8.428216030053132e-17,True,,0.8324146270751953,2.16,,,-3.6195726941246065e-06,22,3.551423653714057e-09,False,False,489,0.5833333333,34,1.6755331809154292e-08,,,1.6928989638183063e-08,0.010258014963698037,3.3309675859493586,1.0124927354479485,-8.352889453151235,-8.352889453151235,0.7499963804273059,,0.057875515058821894,0.0,0.0026651901428560963,0.0026651901428560963,,5.030169575900828e-07,4.439566366927504e-07,success,0.9998280645930793,0.007448247949430548,0.75,0.9985581949025955,0.01,[0.01],,,,,,,,,0.185804347125845,,,
,,,0.011576672363448223,-1.0913026861660261e-06,3.8049111568494872e-06,arith,,4.4047018893322434e-08,True,,0.88641357421875,2.24,,,-2.9381175150611227e-06,17,4.31224547477941e-09,False,False,490,0.5833333333,198,0.00038048082825937904,,,0.0003804911156849487,2.7037229374328005e-05,3.2866165363778954,0.9990116329328665,-8.552380370751927e-06,-8.552380370751927e-06,0.7499970618824849,,0.4116181951245242,0.0,0.13341019923133166,0.4116181951245242,,0.011576672363448223,0.011580099588133448,success,0.9999337615909697,0.9999337615909697,0.75,0.9902050594212279,0.01,[0.01],,,,,,,,,0.009426738979084066,,,
,,,3.636502064316667e-07,-5.937831684168322e-10,1.18994573344194e-10,typ,,4.291982270976912e-17,True,,0.852747917175293,2.24,,,3.028448665842731e-06,23,3.1161056188609833e-09,False,False,491,0.5833333333,21,1.1802501951235428e-08,,,1.18994573344194e-08,0.008147882752898902,3.2455644854565016,0.9865333057619631,-11.78113666695536,-11.78113666695536,0.7500030284486658,,1.1279484580676455,0.0,0.0026558350961663597,0.0026558350961663597,,3.636502064316667e-07,4.408442081077949e-07,success,0.9990125627490268,0.006208835761138465,0.75,0.996243182057314,0.01,[0.01],,,,,,,,,0.16328415546449296,,,
,,,0.010871884554311904,-8.749063825866206e-07,3.573900937259589e-06,arith,,3.885427293725507e-08,True,,0.9049530029296875,2.32,,,-2.3077381309244416e-06,19,4.339573032190686e-09,False,False,492,0.5833333333,170,0.0003573830529854648,,,0.00035739009372595887,1.970043551205745e-05,3.28722266319249,0.9991958733917429,-9.030647047172176e-06,-9.030647047172176e-06,0.7499976922618691,,0.40002756969334347,0.0,0.12266824787017898,0.40002756969334347,,0.010871884554311904,0.010874512756250239,success,0.9999336616026947,0.9999336616026947,0.75,0.9917146089443375,0.01,[0.01],,,,,,,,,0.008047421569056521,,,
,,,2.679909984643327e-07,-4.358920122481309e-10,8.881776923411526e-11,typ,,2.3612360812083513e-17,True,,0.8731670379638672,2.32,,,-3.089185902638292e-07,22,2.6569403597543295e-09,False,False,493,0.5833333333,25,8.810878330760843e-09,,,8.881776923411526e-09,0.007982478423185843,3.2877515966020385,0.9993566498691131,-15.486044226116432,-15.486044226116432,0.7499996910814097,,0.0648983861309614,0.0,0.0019981381090067385,0.0019981381090067385,,2.679909984643327e-07,2.495358073276242e-07,success,0.9989444156130362,0.005364597547266694,0.75,0.9981571310569078,0.01,[0.01],,,,,,,,,0.16265173634410127,,,
,,,0.010223276982608215,-7.076712198303951e-07,3.3611575828294225e-06,arith,,3.436154415290372e-08,True,,0.9236297607421875,2.4,,,2.1218011578838514e-06,19,4.391971590507329e-09,False,False,494,0.5833333333,167,0.0003361108596720934,,,0.00033611575828294225,1.4574177878035916e-05,3.2877017833311513,0.9993415084504109,-9.522801824913413e-06,-9.522801824913413e-06,0.7500021218011579,,0.3889192961915849,0.0,0.11289436485962248,0.3889192961915849,,0.010223276982608215,0.010225250472892335,success,0.9999333203682748,0.9999333203682748,0.75,0.9929402177249449,0.01,[0.01],,,,,,,,,0.006922156379351568,,,
,,,2.057644395850492e-07,-2.8328260210048385e-10,6.893711589758723e-11,typ,,1.4104557986623803e-17,True,,0.8906135559082031,2.4,,,-9.898402249630678e-06,21,2.804313126610121e-09,False,False,495,0.5833333333,25,6.854711151775049e-09,,,6.8937115897587234e-09,0.005657393332441301,3.331339062084035,1.0126056506529293,-19.453936584431457,-19.453936584431457,0.7499901015977504,,0.09080452185568337,0.0,0.0017581535578501046,0.0017581535578501046,,2.057644395850492e-07,1.931945906079107e-07,success,1.0013598104844579,0.004743327444916609,0.75,0.9938690451838808,0.01,[0.01],,,,,,,,,0.1376732552387381,,,
,,,0.1006451134540565,3.205372754838023e-05,3.281133093087841e-05,arith,,3.301272682667105e-06,True,,0.7125778198242188,0.0,,,-9.35706583160556e-06,20,4.7817446375130534e-09,False,False,496,0.6666666667,615,0.0032801122373160257,,,0.003281133093087841,0.0003111290346514677,3.2590874258523885,0.9906437867436713,-1.932540363674658e-06,-1.932540363674658e-06,0.7499906429341684,,0.9299575696133312,0.0,0.9299575696133312,0.9299575696133312,,0.1006451134540565,0.10092967326788832,success,0.9999354929544125,0.9999354929544125,0.75,0.9999981497844918,0.01,[0.01],,,,,,,,,-0.03184827007325343,,,
,,,0.10064601840497114,3.204500117582247e-05,3.2811610709034736e-05,typ,,3.3013310932178997e-06,True,,0.7125892639160156,0.0,,,2.0269687051044372e-07,21,4.400832390162888e-09,False,False,497,0.6666666667,323,0.0032801407800696855,,,0.0032811610709034735,0.0003109542054596903,3.2590864815648497,0.9906434997146778,-3.075554007456508e-06,-3.075554007456508e-06,0.7500002026968705,,0.9299559426935862,0.0,0.9299559426935862,0.9299559426935862,,0.10064601840497114,0.1009285246804788,success,0.9999325552706242,0.9999325552706242,0.75,0.9999999811257491,0.01,[0.01],,,,,,,,,-0.03183931335155499,,,
,,,0.09759477577731306,2.9509521584070552e-05,3.182015875658771e-05,arith,,3.104610447183561e-06,True,,0.712646484375,0.08,,,-7.843459126744001e-06,15,4.807528018552188e-09,False,False,498,0.6666666667,868,0.003181123602627571,,,0.0031820158756587706,0.00028041124433896355,3.2595224255508324,0.9907760107966624,-1.942199568195956e-06,-1.942199568195956e-06,0.7499921565408733,,0.9227505236980648,0.0,0.9226563704651536,0.9227505236980648,,0.09759477577731306,0.09786762847360196,success,0.9999358588047408,0.9999358588047408,0.75,0.9999999801967075,0.01,[0.01],,,,,,,,,-0.030236784037911947,,,
,,,0.0975396825558149,2.9590071603254528e-05,3.1798141501846864e-05,typ,,3.1007050556175404e-06,True,,0.71246337890625,0.08,,,5.2903473014564995e-06,17,4.005661173474391e-09,False,False,499,0.6666666667,375,0.0031789164926215867,,,0.0031798141501846863,0.00028229875102840765,3.259100716062432,0.9906478264831087,-9.672625251435111e-06,-9.672625251435111e-06,0.7500052903473015,,0.9228009197312488,0.0,0.9227071494478123,0.9227071494478123,,0.0975396825558149,0.09781765499221402,success,0.9999325777162851,0.9934661300278117,0.75,0.9999999802782741,0.01,[0.01],,,,,,,,,-0.030336444437700803,,,
,,,0.08944076753961049,2.316936994742026e-05,2.9172392376113545e-05,arith,,2.6086643453825165e-06,True,,0.7128524780273438,0.16,,,-3.7052037950013883e-06,20,4.770026989424562e-09,False,False,500,0.6666666667,571,0.0029166390418409833,,,0.0029172392376113545,0.00020574101795731254,3.260972733210609,0.9912168514628648,-1.97117961693756e-06,-1.97117961693756e-06,0.749996294796205,,0.9019019609905554,0.0,0.900663619560405,0.9019019609905554,,0.08944076753961049,0.08968057636799694,success,0.9999356814178837,0.9999356814178837,0.75,0.9999999775056069,0.01,[0.01],,,,,,,,,-0.025904708316774317,,,
,,,0.08906771177274578,2.3347850413998927e-05,2.903472259092333e-05,typ,,2.585511181011035e-06,True,,0.7120742797851562,0.16,,,7.960121641836793e-07,20,4.352097552158491e-09,False,False,501,0.6666666667,339,0.0029028602279666817,,,0.002903472259092333,0.00021079282701413736,3.2591611148305493,0.9906661855071371,-2.9977248611752537e-05,-2.9977248611752537e-05,0.7500007960121642,,0.9024733180939514,0.0,0.901238190441402,0.901238190441402,,0.08906771177274578,0.08932568203647952,success,0.9999326279500582,0.9742927294356355,0.75,0.9999211029859881,0.01,[0.01],,,,,,,,,-0.02621359631823756,,,
,,,0.0784675915656258,1.568486736101356e-05,2.5612075289879418e-05,arith,,2.009471847930183e-06,True,,0.71319580078125,0.24,,,2.3662193914253393e-06,17,4.760852992247899e-09,False,False,502,0.6666666667,684,0.002560894004564388,,,0.002561207528987942,0.00012241273696300827,3.263632734824801,0.9920253949989861,-2.019487817171554e-06,-2.019487817171554e-06,0.7500023662193914,,0.8695911011964089,0.0,0.8641230654002414,0.8695911011964089,,0.0784675915656258,0.07866009060953877,success,0.9999349075457248,0.9999349075457248,0.75,0.9999989102576659,0.01,[0.01],,,,,,,,,-0.01998897512726083,,,
,,,0.07724860616440314,1.5672133908928662e-05,2.5180845418983795e-05,typ,,1.9449395948765347e-06,True,,0.7114791870117188,0.24,,,6.990766842629448e-06,20,4.6240976518936e-09,False,False,503,0.6666666667,345,0.002517766586930057,,,0.0025180845418983793,0.0001262685835332234,3.2593035809237247,0.9907094900067055,-6.560027086659659e-05,-6.560027086659659e-05,0.7500069907668426,,0.8718655343910954,0.0,0.8663495364732743,0.8663495364732743,,0.07724860616440314,0.0774702934113834,success,0.9999327231516468,0.9431439720191029,0.75,0.9999999721211955,0.01,[0.01],,,,,,,,,-0.02028791804421,,,
,,,0.06692677016661754,9.092677835111091e-06,2.1868786789239464e-05,arith,,1.4635245904759782e-06,True,,0.713653564453125,0.32,,,-8.673665942149356e-06,18,4.760343599278165e-09,False,False,504,0.6666666667,603,0.0021867551457099466,,,0.0021868786789239463,5.648837093264115e-05,3.267384845056635,0.9931658997485241,-2.087154289193735e-06,-2.087154289193735e-06,0.7499913263340579,,0.8289896429923026,0.0,0.8143182762632262,0.8289896429923026,,0.06692677016661754,0.06706831140673229,success,0.9999350567008561,0.9999350567008561,0.75,0.9999986046942373,0.01,[0.01],,,,,,,,,-0.013586010220535693,,,
,,,0.06422713977374218,8.530949897649638e-06,2.0936429480700817e-05,typ,,1.3446142055139118e-06,True,,0.710723876953125,0.32,,,-1.9575758344325678e-06,18,4.514772911563772e-09,False,False,505,0.6666666667,397,0.002093529635992956,,,0.002093642948070082,5.412196823257143e-05,3.259571644273732,0.9907909714944471,-0.00011938062302960619,-0.00011938062302960619,0.7499980424241656,,0.834500896559159,0.0,0.8193131010381285,0.8193131010381285,,0.06422713977374218,0.06441114891061724,success,0.9999328552823227,0.9014412670415921,0.75,0.999999963794329,0.01,[0.01],,,,,,,,,-0.013282468949578422,,,
,,,0.05627488327551241,4.120538585694943e-06,1.8412241154096186e-05,arith,,1.0361297429491125e-06,True,,0.7142715454101562,0.4,,,-3.654324828739064e-06,20,4.766445165945167e-09,False,False,506,0.6666666667,508,0.0018411939441551478,,,0.0018412241154096185,1.6386519282580845e-05,3.2717863405259684,0.9945037939407717,-2.174161010175539e-06,-2.174161010175539e-06,0.7499963456751713,,0.7836254067277455,0.0,0.7542710693292115,0.7836254067277455,,0.05627488327551241,0.05637092651926515,success,0.9999350980626044,0.9999350980626044,0.75,0.9999999541379185,0.01,[0.01],,,,,,,,,-0.007322162829768079,,,
,,,0.051596472404928005,2.7388507042897946e-06,1.6820857351926322e-05,typ,,8.678894008827164e-07,True,,0.709991455078125,0.4,,,4.475120574221059e-06,18,4.288138337395995e-09,False,False,507,0.6666666667,446,0.0016820711967894609,,,0.001682085735192632,8.643080948284922e-06,3.2600507716663305,0.9909366087580477,-0.00019407936999976737,-0.00019407936999976737,0.7500044751205742,,0.7935399766910738,0.0,0.7618049038209407,0.7618049038209407,,0.051596472404928005,0.05174214442558667,success,0.9999329639489531,0.8517008481182137,0.75,0.9999883729572536,0.01,[0.01],,,,,,,,,-0.005308213094095567,,,
,,,0.04714340989843875,6.633265529419151e-07,1.544580074484601e-05,arith,,7.281672757217702e-07,True,,0.71502685546875,0.48,,,-8.979954583265837e-06,17,4.754120590882147e-09,False,False,508,0.6666666667,494,0.0015445791411577228,,,0.0015445800744846008,6.042593022146713e-07,3.276341580902222,0.9958884209808638,-2.28054728052061e-06,-2.28054728052061e-06,0.7499910200454167,,0.7367504230400684,0.0,0.6884610921266359,0.7367504230400684,,0.04714340989843875,0.04720363611686521,success,0.9999352747769987,0.9999352747769987,0.75,0.9999999364542511,0.01,[0.01],,,,,,,,,-0.0014070398267136855,,,
,,,0.040280801772833066,-1.746594535133413e-06,1.3135490787544293e-05,typ,,5.291050500094764e-07,True,,0.70953369140625,0.48,,,4.127454317326418e-06,17,4.7128520620885454e-09,False,False,509,0.6666666667,478,0.001313541505438269,,,0.0013135490787544292,5.765537262874396e-06,3.2609616681566957,0.991213488089786,-0.00029038736661764317,-0.00029038736661764317,0.7500041274543173,,0.7513526087231773,0.0,0.695976181256164,0.695976181256164,,0.040280801772833066,0.04039142982566982,success,0.9999331044488631,0.7983543408404169,0.75,0.9999999299679576,0.01,[0.01],,,,,,,,,0.004336047095049096,,,
,,,0.03963359509756889,-1.6983227326325828e-06,1.3002878354772124e-05,arith,,5.153479315158769e-07,True,,0.7159652709960938,0.56,,,-4.0536140523128594e-06,20,4.7451359788548366e-09,False,False,510,0.6666666667,362,0.0013002805580649638,,,0.0013002878354772124,5.596770230404872e-06,3.280753499307769,0.9972294833658143,-2.4062983990863008e-06,-2.4062983990863008e-06,0.7499959463859477,,0.6909049196284556,0.0,0.621739547712086,0.6909049196284556,,0.03963359509756889,0.03966757662631186,success,0.9999355556186321,0.9999355556186321,0.75,0.999999698904919,0.01,[0.01],,,,,,,,,0.004285058492553347,,,
,,,0.030684914052150982,-5.502413742266764e-06,1.0013309551595505e-05,typ,,3.0722726641129947e-07,True,,0.7094650268554688,0.56,,,1.1249449345385187e-06,20,4.26883865885573e-09,False,False,511,0.6666666667,149,0.0010012322859668011,,,0.0010013309551595506,9.853804303262997e-05,3.262946359455798,0.9918167619045551,-0.00040930305482143057,-0.00040930305482143057,0.7500011249449345,,0.7095040222093288,0.0,0.6245648146530502,0.6245648146530502,,0.030684914052150982,0.03076259717059848,success,0.9999328667470702,0.744633808447109,0.75,0.9999991588454595,0.01,[0.01],,,,,,,,,0.01793198355685487,,,
,,,0.03359511295423327,-3.382859517403124e-06,1.1036382780684654e-05,arith,,3.7075708238474155e-07,True,,0.7170867919921875,0.64,,,-8.376743625193583e-06,19,4.635757836219091e-09,False,False,512,0.6666666667,368,0.0011036042143683965,,,0.0011036382780684653,3.086491357329112e-05,3.285014150337402,0.9985245659820423,-2.5514383741580965e-06,-2.5514383741580965e-06,0.7499916232563748,,0.6478181588144152,0.0,0.5582461177813454,0.6478181588144152,,0.03359511295423327,0.03361015140388178,success,0.999935408311722,0.999935408311722,0.75,0.9999994787017197,0.01,[0.01],,,,,,,,,0.010069498864348526,,,
,,,0.022900812236651656,-9.157148247201564e-06,7.485893783877835e-06,typ,,1.7134919460408285e-07,True,,0.709442138671875,0.64,,,-6.497926679616128e-06,18,4.251231346823474e-09,False,False,513,0.6666666667,164,0.0007482232194797294,,,0.0007485893783877835,0.0004891318506851327,3.267234418359336,0.9931201755154587,-0.0005616904364137656,-0.0005616904364137656,0.7499935020733204,,0.6689801954050102,0.0,0.5510435903237049,0.5510435903237049,,0.022900812236651656,0.022946714996066694,success,0.9999438777963212,0.6895042045315307,0.75,0.9999997582592699,0.01,[0.01],,,,,,,,,0.03998612866903465,,,
,,,0.02879983363905683,-4.7366598777771366e-06,9.474192256645155e-06,arith,,2.7283272490902313e-07,True,,0.7184600830078125,0.72,,,-4.659711956844781e-06,19,4.65050311905696e-09,False,False,514,0.6666666667,340,0.0009473413226214671,,,0.0009474192256645155,8.222658031222944e-05,3.2893985933888596,0.9998572768608006,-2.71592335438929e-06,-2.71592335438929e-06,0.7499953402880432,,0.6085233372724912,0.0,0.5007887833251291,0.6085233372724912,,0.02879983363905683,0.02880044403607789,success,0.9999355081571376,0.9999355081571376,0.75,0.908078160275644,0.01,[0.01],,,,,,,,,0.01644683069055484,,,
,,,0.016899283577486438,-1.3068702312660592e-05,5.544818189840346e-06,typ,,9.353266399558011e-08,True,,0.709259033203125,0.72,,,-5.32625835869549e-06,18,4.310184478982693e-09,False,False,515,0.6666666667,160,0.000553471178625502,,,0.0005544818189840346,0.0018226753771373866,3.2751162266005602,0.9955159579361871,-0.0007568529043726923,-0.0007568529043726923,0.7499946737416413,,0.6305212727569784,0.0,0.4798053450732611,0.4798053450732611,,0.016899283577486438,0.016913497522323042,success,0.9999598559183026,0.6341419185819814,0.75,0.9999601915522541,0.01,[0.01],,,,,,,,,0.07733287776809059,,,
,,,0.02502762931528481,-6.043820857722162e-06,8.246754302945038e-06,arith,,2.0636018197777814e-07,True,,0.7201309204101562,0.8,,,-1.5596329004941012e-06,20,4.66735317613942e-09,False,False,516,0.6666666667,301,0.0008245294805119652,,,0.0008246754302945038,0.00017697845379777908,3.294476956346843,1.0014009140984055,-2.899717748044593e-06,-2.899717748044593e-06,0.7499984403670995,,0.5736049729473666,0.0,0.45087074562337515,0.5736049729473666,,0.02502762931528481,0.02501563205369828,success,0.9999352299173437,0.9999352299173437,0.75,0.8250256312415959,0.01,[0.01],,,,,,,,,0.024148595065019183,,,
,,,0.012561608238255598,-1.741161518054617e-05,4.1521719927620856e-06,typ,,5.185479356773895e-08,True,,0.7087783813476562,0.8,,,-9.025010857643956e-06,20,4.3507523427355626e-09,False,False,517,0.6666666667,127,0.00041280377945411795,,,0.00041521719927620855,0.0058124273905261845,3.286233511063891,0.9988952071983268,-0.0009991491822401346,-0.0009991491822401346,0.7499909749891424,,0.5950053357180524,0.0,0.41600312431709957,0.41600312431709957,,0.012561608238255598,0.012542986918710064,success,0.9999403973680631,0.5810752317861229,0.75,0.9999648406294472,0.01,[0.01],,,,,,,,,0.13860976118901858,,,
,,,0.022100875014955598,-7.582551041036518e-06,7.298546887851957e-06,arith,,1.6124677747891934e-07,True,,0.7221908569335938,0.88,,,2.4303782558687814e-06,20,4.604429809940237e-09,False,False,518,0.6666666667,285,0.0007295945403510228,,,0.0007298546887851957,0.00035643866946435065,3.301202055834026,1.003445099218867,-3.10271696351205e-06,-3.10271696351205e-06,0.7500024303782559,,0.5434439665335995,0.0,0.40900006171146563,0.5434439665335995,,0.022100875014955598,0.022075359514692867,success,0.9999352518655584,0.9999352518655584,0.75,0.7789949913746855,0.01,[0.01],,,,,,,,,0.03430882730165854,,,
,,,0.009693259978389008,-2.222357298444755e-05,3.2436753205958087e-06,typ,,3.094790097182442e-08,True,,0.7078857421875,0.88,,,-3.115647519980058e-06,16,4.279110205302516e-09,False,False,519,0.6666666667,193,0.00031927237111995703,,,0.00032436753205958085,0.015707986885345603,3.293756402198749,1.0011818919009157,-0.0012804239858581208,-0.0012804239858581208,0.74999688435248,,0.5639587488387835,0.0,0.3648201498884427,0.3648201498884427,,0.009693259978389008,0.009640411538830532,success,0.9998856831777473,0.5335987243444816,0.75,0.999971018099428,0.01,[0.01],,,,,,,,,0.22926830636952591,,,
,,,0.019898257801597326,-9.695127601179719e-06,6.592903584333156e-06,arith,,1.3109329968293304e-07,True,,0.7247543334960938,0.96,,,-6.375477171749466e-07,20,4.630308945319616e-09,False,False,520,0.6666666667,269,0.0006588179778855291,,,0.0006592903584333156,0.0007164984922713132,3.3109329693810814,1.0064029422543939,-3.324752958983328e-06,-3.324752958983328e-06,0.7499993624522828,,0.518473828774984,0.0,0.3751210156241813,0.518473828774984,,0.019898257801597326,0.019855100284607866,success,0.9999350103924836,0.9999350103924836,0.75,0.7573814455930149,0.01,[0.01],,,,,,,,,0.04872349980510075,,,
,,,0.00801622128732033,-2.7265381671086436e-05,2.7213062444730394e-06,typ,,2.1071192008592503e-08,True,,0.7066726684570312,0.96,,,6.8545819686960385e-06,20,4.341527839491265e-09,False,False,521,0.6666666667,126,0.0002628569154137735,,,0.0002721306244473039,0.03407815291779557,3.2790626155686073,0.9967155163402539,-0.0015752210052307068,-0.0015752210052307068,0.7500068545819687,,0.5402378594607262,0.0,0.32968605481244023,0.32968605481244023,,0.00801622128732033,0.007933498405454043,success,0.9999961098467133,0.49455750240115043,0.75,0.9999753291424204,0.01,[0.01],,,,,,,,,0.34012760743286236,,,
,,,0.01836043888775598,-1.2832020376906564e-05,6.112644856515229e-06,arith,,1.1206618158365044e-07,True,,0.72802734375,1.04,,,-6.8532420317568565e-06,14,4.516383469785097e-09,False,False,522,0.6666666667,399,0.0006103676620627188,,,0.0006112644856515228,0.0014671612859172714,3.324363136383164,1.0104852235058897,-3.565482850755768e-06,-3.565482850755768e-06,0.7499931467579682,,0.4994249385251292,0.0,0.3489155275979622,0.4994249385251292,,0.01836043888775598,0.018292233680832517,success,0.9999351773527421,0.9999351773527421,0.75,0.7534637309359334,0.01,[0.01],,,,,,,,,0.0698895078453917,,,
,,,0.007112080534001771,-3.1433419062788494e-05,2.4314504300035778e-06,typ,,1.6304611438641806e-08,True,,0.7060260772705078,1.04,,,5.276904451179121e-07,22,4.476873270916475e-09,False,False,523,0.6666666667,97,0.00022925234550834946,,,0.00024314504300035778,0.05713749011937651,3.2234216754482596,0.9798026986043556,-0.0018617180235750454,-0.0018617180235750454,0.7500005276904451,,0.5284343990836673,0.0,0.30894564892255194,0.30894564892255194,,0.007112080534001771,0.0070214357299448575,success,0.9996580054916647,0.46380512705639865,0.75,0.9999819445238567,0.01,[0.01],,,,,,,,,0.44197220366825307,,,
,,,0.01748635717057503,-1.7352924341716435e-05,5.851577906172316e-06,arith,,1.0202165729556538e-07,True,,0.732330322265625,1.12,,,-4.998036183256893e-06,18,4.500808954420031e-09,False,False,524,0.6666666667,287,0.0005834357396475989,,,0.0005851577906172316,0.002942883094517584,3.3365196304543563,1.0141803546105923,-3.824300271972579e-06,-3.824300271972579e-06,0.7499950019638167,,0.48750770940830707,0.0,0.32989701798737686,0.48750770940830707,,0.01748635717057503,0.017388482836624565,success,0.9999349342038433,0.9999349342038433,0.75,0.7622740908849666,0.01,[0.01],,,,,,,,,0.09923693181171474,,,
,,,0.006589118896808683,-3.297055505334927e-05,2.2335452504103717e-06,typ,,1.3630037715830327e-08,True,,0.7059230804443359,1.12,,,-3.418773942831521e-07,22,4.442744624968667e-09,False,False,525,0.6666666667,110,0.00020685675777427207,,,0.00022335452504103717,0.07386359091553639,3.1393690266305456,0.9542537570049021,-0.00215844082245535,-0.00215844082245535,0.7499996581226057,,0.5360771275899465,0.0,0.2979072450487389,0.2979072450487389,,0.006589118896808683,0.006529489619815557,success,1.00020836071714,0.4372995747512103,0.75,0.9999846587733608,0.01,[0.01],,,,,,,,,0.5003788149780989,,,
,,,0.017278747543665443,-2.2621350883471173e-05,5.7851806220674165e-06,arith,,9.944894994741517e-08,True,,0.7380523681640625,1.2,,,-3.3290619062542604e-06,19,4.478959617707935e-09,False,False,526,0.6666666667,253,0.0005755564730377354,,,0.0005785180622067417,0.005119268286472218,3.3310080582127606,1.0125050375408462,-4.10033070523722e-06,-4.10033070523722e-06,0.7499966709380937,,0.48400309272970593,0.0,0.3170128860778564,0.48400309272970593,,0.017278747543665443,0.017172963583587587,success,0.9999351910283154,0.9999351910283154,0.75,0.7812999108466566,0.01,[0.01],,,,,,,,,0.13092008449283918,,,
,,,0.005775305837777446,-3.0463092812404476e-05,1.9313582016657714e-06,typ,,1.022618427322251e-08,True,,0.7094192504882812,1.2,,,4.074595940872783e-06,20,4.4446520710666435e-09,False,False,527,0.6666666667,164,0.00017706740665283848,,,0.00019313582016657714,0.0831974798868478,3.065939910828699,0.9319339822243419,-0.002519802120939706,-0.002519802120939706,0.7500040745959409,,0.5624146656197996,0.0,0.2815186393712948,0.2815186393712948,,0.005775305837777446,0.005757264026442306,success,0.9995670521996818,0.41040144698865555,0.75,0.9999877440619862,0.01,[0.01],,,,,,,,,0.5274715083163078,,,
,,,0.017583860845426166,-2.6138548714375856e-05,5.839840747534003e-06,arith,,1.0200372333519361e-07,True,,0.74560546875,1.28,,,8.628559684531467e-07,14,4.440863401570516e-09,False,False,528,0.6666666667,348,0.0005800985587401664,,,0.0005839840747534003,0.006653462279557266,3.2990397492315173,1.0027878368257757,-4.392448471646194e-06,-4.392448471646194e-06,0.7500008628559685,,0.48797925661432645,0.0,0.30753495486588744,0.48797925661432645,,0.017583860845426166,0.01752738483817567,success,0.9999350195046605,0.9999350195046605,0.75,0.8075751872312268,0.01,[0.01],,,,,,,,,0.14865079372585513,,,
,,,0.004702079248820275,-2.5235171790839683e-05,1.5609115091831653e-06,typ,,6.702715721261708e-09,True,,0.7144203186035156,1.28,,,-3.179325108959574e-06,21,4.498996797248907e-09,False,False,529,0.6666666667,151,0.00014254791054283872,,,0.00015609115091831652,0.08676494660844074,3.0315931101885023,0.9214938067387656,-0.003021323612825862,-0.003021323612825862,0.749996820674891,,0.5973254654664621,0.0,0.25727141086787086,0.25727141086787086,,0.004702079248820275,0.00470033394140992,success,0.9994407915807797,0.38012769850853184,0.75,0.999988626124671,0.01,[0.01],,,,,,,,,0.5366811245720932,,,
,,,0.018022491419085584,-2.5744287278471464e-05,5.9192756813650225e-06,arith,,1.0601732684712662e-07,True,,0.7551727294921875,1.36,,,8.845408039026559e-06,19,4.507750381623448e-09,False,False,530,0.6666666667,234,0.0005882501169336425,,,0.0005919275681365023,0.006212670942894405,3.263977788945946,0.9921302788749115,-4.6996954339209975e-06,-4.6996954339209975e-06,0.750008845408039,,0.49446183254967097,0.0,0.2975711135827708,0.49446183254967097,,0.018022491419085584,0.01803802054529331,success,0.9999351194394773,0.9999351194394773,0.75,0.8374981498218939,0.01,[0.01],,,,,,,,,0.1428453296485335,,,
,,,0.00335942543620294,-1.9180171904272446e-05,1.1247481354472622e-06,typ,,3.4106285012659203e-09,True,,0.7219676971435547,1.36,,,4.8069288457464054e-06,22,4.404264487503355e-09,False,False,531,0.6666666667,135,0.0001015241613792403,,,0.00011247481354472622,0.09736092748561286,3.0220691992494433,0.9185988849510165,-0.0037779891820289993,-0.0037779891820289993,0.7500048069288457,,0.6187314472694196,0.0,0.22015631830965152,0.22015631830965152,,0.00335942543620294,0.0033484708105365802,success,0.9997529032677339,0.34493021740945473,0.75,0.9999907141570875,0.01,[0.01],,,,,,,,,0.5709360802468422,,,
,,,0.01824034693525175,-2.2239180060260124e-05,5.950025800232064e-06,arith,,1.080359537401791e-07,True,,0.766571044921875,1.44,,,-3.310822052293716e-06,18,4.520608997771052e-09,False,False,532,0.6666666667,243,0.000592291112245163,,,0.0005950025800232064,0.004557068942352519,3.247148282582753,0.9870147223604064,-5.021668738504261e-06,-5.021668738504261e-06,0.7499966891779477,,0.498375687513233,0.0,0.28505804555768366,0.498375687513233,,0.01824034693525175,0.018295500996795524,success,0.9999348819983657,0.9999348819983657,0.75,0.8673931193801816,0.01,[0.01],,,,,,,,,0.12192301023222386,,,
,,,0.0020204973708209755,-1.3382049209757429e-05,6.97159327423197e-07,typ,,1.2295293470495195e-09,True,,0.7316436767578125,1.44,,,1.3626647012987547e-06,19,4.429003405659647e-09,False,False,533,0.6666666667,167,6.085280608654952e-05,,,6.97159327423197e-05,0.12713200996004156,3.011773584334019,0.9154693932823471,-0.005003943895524498,-0.005003943895524498,0.7500013626647013,,0.6241418518937694,0.0,0.17228681744604912,0.17228681744604912,,0.0020204973708209755,0.001995010194317811,success,1.00004007329218,0.304136840722411,0.75,0.9999912707592709,0.01,[0.01],,,,,,,,,0.6623146064436594,,,
,,,0.01810368778939655,-1.7724988269429825e-05,5.894180742375332e-06,arith,,1.0639223272508516e-07,True,,0.779571533203125,1.52,,,6.4524296057300035e-06,18,4.4288955192879635e-09,False,False,534,0.6666666667,237,0.0005876826531851693,,,0.0005894180742375332,0.002944295616670386,3.246204088480685,0.9867277217683775,-5.35809197771105e-06,-5.35809197771105e-06,0.7500064524296057,,0.4978819595438431,0.0,0.27013905895870294,0.4978819595438431,,0.01810368778939655,0.01816577333780086,success,0.999934810439037,0.999934810439037,0.75,0.8941117961115513,0.01,[0.01],,,,,,,,,0.09790816366050827,,,
,,,0.0009201567006769024,-7.971383290588237e-06,3.454223180372596e-07,typ,,2.542997089398632e-10,True,,0.7436771392822266,1.52,,,-9.726011630517561e-06,22,4.23939694530568e-09,False,False,535,0.6666666667,101,2.763656546246857e-05,,,3.454223180372596e-05,0.19991951824353454,3.003462936490932,0.9129432592534584,-0.0071555374622379484,-0.0071555374622379484,0.7499902739883695,,0.620463427258434,0.0,0.11596024204278842,0.11596024204278842,,0.0009201567006769024,0.0008815433271798342,success,1.0004875525990529,0.2579027548582735,0.75,0.9999910622821757,0.01,[0.01],,,,,,,,,0.8663071501543359,,,
,,,0.01766008819807506,-1.3537161614734083e-05,5.7537787807581025e-06,arith,,1.0142898599581745e-07,True,,0.79376220703125,1.6,,,-4.457872453844658e-06,17,4.476022750646273e-09,False,False,536,0.6666666667,240,0.0005743402006727982,,,0.0005753778780758103,0.0018034711492251542,3.2521932746372175,0.9885482160596801,-5.7091597511930775e-06,-5.7091597511930775e-06,0.7499955421275462,,0.4934720723868967,0.0,0.2538637429966581,0.4934720723868967,,0.01766008819807506,0.017714408944375894,success,0.9999347752549579,0.9999347752549579,0.75,0.9163955162055676,0.01,[0.01],,,,,,,,,0.07665398645183225,,,
,,,0.000279992764626045,-3.369802003113062e-06,1.293508721332733e-07,typ,,2.4861742755200425e-11,True,,0.755401611328125,1.6,,,-9.291056430327238e-06,18,4.338224516317496e-09,False,False,537,0.6666666667,159,8.879423290957348e-06,,,1.2935087213327328e-05,0.31353974314076005,3.171304552393202,0.9639609928164402,-0.011311776378023854,-0.011311776378023854,0.7499907089435697,,0.6357651040108057,0.0,0.061800158019462426,0.061800158019462426,,0.000279992764626045,0.0002451884234620698,success,0.9998362999914057,0.20763117393716143,0.75,0.9999891225217433,0.01,[0.01],,,,,,,,,1.2035318154073478,,,
,,,0.017000423503077112,-1.0143561342034793e-05,5.547551160093796e-06,arith,,9.420782728988165e-08,True,,0.8089599609375,1.68,,,6.978523010570115e-06,16,4.38068509126257e-09,False,False,538,0.6666666667,257,0.0005541498849886288,,,0.0005547551160093796,0.001090987722843401,3.2596240022392764,0.9908068864075733,-6.0747178234514055e-06,-6.0747178234514055e-06,0.7500069785230106,,0.48609337181390005,0.0,0.23704600425765632,0.48609337181390005,,0.017000423503077112,0.0170433723917695,success,0.999934803554728,0.999934803554728,0.75,0.9343270434924684,0.01,[0.01],,,,,,,,,0.05966652148517822,,,
,,,4.916453112467164e-05,-6.832337453443449e-07,2.9012981111960127e-08,typ,,9.596012621212129e-13,True,,0.7692718505859375,1.68,,,-4.53266929456575e-06,19,4.408234102001026e-09,False,False,539,0.6666666667,142,1.951816157237118e-06,,,2.901298111196013e-06,0.32726108023676553,3.9699680086192504,1.2067255729665511,-0.020457858948412126,-0.020457858948412126,0.7499954673307054,,0.7313468714033883,0.0,0.025807063620222344,0.025807063620222344,,4.916453112467164e-05,4.210636535867978e-05,success,0.9996658859191407,0.15584838401552117,0.75,0.999988039286469,0.01,[0.01],,,,,,,,,1.3896883174006027,,,
,,,0.01621647746301979,-7.551893742072103e-06,5.300403725748769e-06,arith,,8.589684646441948e-08,True,,0.82489013671875,1.76,,,8.291915294611485e-06,17,4.349007743669722e-09,False,False,540,0.6666666667,230,0.0005296886864628862,,,0.0005300403725748768,0.0006635081593544028,3.26636094472917,0.9928546713691925,-6.454914282985396e-06,-6.454914282985396e-06,0.7500082919152946,,0.47672923783064186,0.0,0.22034925023843624,0.47672923783064186,,0.01621647746301979,0.01624885894159284,success,0.9999342795580833,0.9999342795580833,0.75,0.948150607023186,0.01,[0.01],,,,,,,,,0.046569261168422756,,,
,,,1.1002016716968085e-05,-1.016944065745013e-07,5.330599927331028e-09,typ,,4.830559718342486e-14,True,,0.7831707000732422,1.76,,,1.2696734887907013e-06,22,4.3537445499046965e-09,False,False,541,0.6666666667,91,4.390612959978925e-07,,,5.330599927331028e-07,0.17633793197133527,3.990734674314221,1.2130378824121086,-0.04477222390212665,-0.04477222390212665,0.7500012696734888,,0.8734569770530465,0.0,0.013462306291794872,0.013462306291794872,,1.1002016716968085e-05,1.1370918603276281e-05,success,1.0005965412161997,0.1059706961510109,0.75,0.9999824694991799,0.01,[0.01],,,,,,,,,0.9243251413866789,,,
,,,0.015374864740711513,-5.629055534354141e-06,5.03246202290579e-06,arith,,7.734173664873512e-08,True,,0.8413925170898438,1.84,,,-4.1136930062357635e-07,20,4.360135297767761e-09,False,False,542,0.6666666667,174,0.0005030401109412031,,,0.000503246202290579,0.0004095239038820678,3.2718343830966514,0.9945183971311522,-6.849737044879625e-06,-6.849737044879625e-06,0.7499995886306994,,0.4661185778871873,0.0,0.2041745445102359,0.4661185778871873,,0.015374864740711513,0.015398735954751538,success,0.9999345475825321,0.9999345475825321,0.75,0.9589070394938829,0.01,[0.01],,,,,,,,,0.03661206540210279,,,
,,,4.325636540906547e-06,-2.541755878127592e-08,1.693756862579181e-09,typ,,6.680524281784117e-15,True,,0.796717643737793,1.84,,,-8.43142197015645e-06,23,4.464878776072247e-09,False,False,543,0.6666666667,69,1.5444025910656017e-07,,,1.693756862579181e-07,0.08817928642139879,3.570347569567028,1.0852555252892255,-0.1288490969571068,-0.1288490969571068,0.7499915685780298,,0.7515046035843023,0.0,0.00784654926896429,0.00784654926896429,,4.325636540906547e-06,3.852354006810782e-06,success,1.0020736257355973,0.06257643110495731,0.75,0.9999638812853396,0.01,[0.01],,,,,,,,,0.5876027387162082,,,
,,,0.014520242670583466,-4.221661497956418e-06,4.75815240227693e-06,arith,,6.907170511887738e-08,True,,0.8583984375,1.92,,,4.1416134621830025e-06,13,4.415164257986727e-09,False,False,544,0.6666666667,272,0.0004756924982996987,,,0.00047581524022769303,0.00025796132115396103,3.2760643819225095,0.9958041625946771,-7.25900352285618e-06,-7.25900352285618e-06,0.7500041416134622,,0.4547926414945606,0.0,0.1887503766607327,0.4547926414945606,,0.014520242670583466,0.014537693479133654,success,0.9999343270388105,0.9999343270388105,0.75,0.9671401677559832,0.01,[0.01],,,,,,,,,0.029074317790218993,,,
,,,2.1018909767695e-06,-8.823186217043144e-09,7.448061745539257e-10,typ,,1.4876527627164854e-15,True,,0.8174285888671875,1.92,,,6.347357886626881e-06,19,4.4677977285274426e-09,False,False,545,0.6666666667,143,7.077687563999787e-08,,,7.448061745539258e-08,0.04972759278765283,3.3672952794525215,1.023535030162158,-0.4967501949771623,-0.4967501949771623,0.7500063473578866,,0.20142722437530564,0.0,0.0055616901490719,0.0055616901490719,,2.1018909767695e-06,1.9337734665054653e-06,success,0.9974880412327499,0.031754419908998854,0.75,0.999903799521631,0.01,[0.01],,,,,,,,,0.4197737330127338,,,
,,,0.013682534024102822,-3.192112163455482e-06,4.48762144500751e-06,arith,,6.139184352854464e-08,True,,0.8757476806640625,2.0,,,-9.618449174686461e-06,19,4.38512016803638e-09,False,False,546,0.6666666667,186,0.0004486876730611322,,,0.00044876214450075095,0.00016594857772954705,3.27927321262812,0.9967795301702781,-7.682835001082775e-06,-7.682835001082775e-06,0.7499903815508253,,0.44315253557591144,0.0,0.17424425711593464,0.44315253557591144,,0.013682534024102822,0.013695276566229321,success,0.9999339238210718,0.9999339238210718,0.75,0.9734663720237332,0.01,[0.01],,,,,,,,,0.023329831724389165,,,
,,,1.2655816196000855e-06,-4.065598864000419e-09,4.4047488559955315e-10,typ,,5.409278249872834e-16,True,,0.8346061706542969,2.0,,,-2.283940354175229e-06,21,4.397931803696186e-09,False,False,547,0.6666666667,90,4.274144129544269e-08,,,4.404748855995532e-08,0.029650890600377858,3.3772172915207688,1.0265509601827632,-1.7150219688696677,-1.7150219688696677,0.7499977160596458,,0.12148765010400929,0.0,0.004208491707353073,0.004208491707353073,,1.2655816196000855e-06,1.1070321949194494e-06,success,0.9999616012290686,0.016939506325476302,0.75,0.9996184713773616,0.01,[0.01],,,,,,,,,0.32124351373601007,,,
,,,0.01287788448011655,-2.4386607851983357e-06,4.226567900809409e-06,arith,,5.442330610756701e-08,True,,0.893463134765625,2.08,,,-3.389115066365633e-08,18,4.372033887886208e-09,False,False,548,0.6666666667,195,0.0004226106096198998,,,0.00042265679008094087,0.00010926231903727735,3.281677283814825,0.9975102801848703,-8.120881842406521e-06,-8.120881842406521e-06,0.7499999661088493,,0.43144782376113305,0.0,0.16069474776313558,0.43144782376113305,,0.01287788448011655,0.012887236546247896,success,0.9999340579970111,0.9999340579970111,0.75,0.9783803086496945,0.01,[0.01],,,,,,,,,0.018936812090243758,,,
,,,8.387833278487902e-07,-2.1529577202244726e-09,2.7973087726186965e-10,typ,,2.2999836918669835e-16,True,,0.8530311584472656,2.08,,,-9.890138380819202e-06,21,3.899910110838425e-09,False,False,549,0.6666666667,66,2.742047457912287e-08,,,2.7973087726186965e-08,0.01975517155893972,3.2690772060822404,0.9936803158153175,-3.839255034122572,-3.839255034122572,0.7499901098616192,,2.8366390342206595,0.0,0.004273177572925464,0.004273177572925464,,8.387833278487902e-07,1.1412845743581248e-06,success,0.9993317315234367,0.011198360296067335,0.75,0.9991506459317037,0.01,[0.01],,,,,,,,,0.2566762653409096,,,
,,,0.012116320837524749,-1.8822255444628822e-06,3.978667561758394e-06,arith,,4.8203269911116795e-08,True,,0.911407470703125,2.16,,,-3.978357839384827e-06,18,4.45842823085187e-09,False,False,550,0.6666666667,189,0.00039783751649947454,,,0.0003978667561758394,7.349112714497676e-05,3.2834844985893343,0.9980596076050179,-8.573301985224371e-06,-8.573301985224371e-06,0.7499960216421606,,0.41987093397178826,0.0,0.14814362671803674,0.41987093397178826,,0.012116320837524749,0.012123220577302182,success,0.9999336460162663,0.9999336460162663,0.75,0.9822392921357822,0.01,[0.01],,,,,,,,,0.015534629444885211,,,
,,,5.692337449732325e-07,-1.3170629580767122e-09,1.9217171130936393e-10,typ,,1.0765596807100635e-16,True,,0.8734817504882812,2.16,,,6.308394888909774e-06,20,3.5990171446067805e-09,False,False,551,0.6666666667,51,1.8912436063689222e-08,,,1.9217171130936392e-08,0.015857436308957983,3.3224376156017517,1.0098999353717877,-6.551511732861062,-6.551511732861062,0.7500063083948889,,0.06583888055034887,0.0,0.002838292257917767,0.002838292257917767,,5.692337449732325e-07,5.035007795005966e-07,success,0.9996016835723963,0.008478425704728572,0.75,0.9978489689672032,0.01,[0.01],,,,,,,,,0.23137471552018501,,,
,,,0.011401640356633016,-1.4683023082243501e-06,3.7454505939039703e-06,arith,,4.2702124733562264e-08,True,,0.9295806884765625,2.24,,,-3.047668721278818e-06,19,4.281193113643696e-09,False,False,552,0.6666666667,173,0.00037452615060533715,,,0.000374545059390397,5.048467356807353e-05,3.2848444512412014,0.9984729836421721,-9.039871963367687e-06,-9.039871963367687e-06,0.7499969523312787,,0.40853446527770015,0.0,0.13656322000650759,0.40853446527770015,,0.011401640356633016,0.011406787273408069,success,0.9999336816679651,0.9999336816679651,0.75,0.9852750766938888,0.01,[0.01],,,,,,,,,0.01287799178273634,,,
,,,4.068547435961234e-07,-7.229499950347601e-10,1.354565142404759e-10,typ,,5.4588468674412705e-17,True,,0.8947219848632812,2.24,,,-5.661964698644439e-06,20,3.374284868200643e-09,False,False,553,0.6666666667,41,1.3417188697841898e-08,,,1.354565142404759e-08,0.009483687582395059,3.2977835232421118,1.0024059899132691,-9.626504490417052,-9.626504490417052,0.7499943380353014,,0.305438266798094,0.0,0.002559521480336998,0.002559521480336998,,4.068547435961234e-07,4.094499902882142e-07,success,1.0005850684841946,0.006924352369028788,0.75,0.9968544786322314,0.01,[0.01],,,,,,,,,0.17769240900197497,,,
,,,0.010734866786524168,-1.1574194765892485e-06,3.527466666679473e-06,arith,,3.78655451408638e-08,True,,0.94793701171875,2.32,,,-2.2897518617837065e-06,17,4.333092805384457e-09,False,False,554,0.6666666667,196,0.000352734187520591,,,0.0003527466666679473,3.5377080878286595e-05,3.285873914740981,0.9987859030231148,-9.520535756841835e-06,-9.520535756841835e-06,0.7499977102481382,,0.3975149686220463,0.0,0.12591869140105533,0.3975149686220463,,0.010734866786524168,0.01073876836970622,success,0.9999333934738847,0.9999333934738847,0.75,0.9876946464454528,0.01,[0.01],,,,,,,,,0.010781870884901854,,,
,,,3.0436212877499173e-07,-5.271955572698164e-10,9.964632796034642e-11,typ,,3.005063334701699e-17,True,,0.9142684936523438,2.32,,,-9.63299388367922e-07,20,3.1441579715406734e-09,False,False,555,0.6666666667,39,9.873315536320473e-09,,,9.964632796034642e-09,0.009164136961525397,3.2439369431600995,0.9860385922262648,-12.991202091199826,-12.991202091199826,0.7499990367006116,,0.23286690129532264,0.0,0.0022336029353031126,0.0022336029353031126,,3.0436212877499173e-07,3.118132038571914e-07,success,1.0000992325859301,0.005905049624823425,0.75,0.9974517674895501,0.01,[0.01],,,,,,,,,0.17321325731019596,,,
,,,0.010115051932739958,-9.214341817123261e-07,3.324566090560013e-06,arith,,3.3627309618889556e-08,True,,0.9664306640625,2.4,,,-8.81081732106992e-06,16,4.414113553601994e-09,False,False,556,0.6666666667,203,0.0003324482152192036,,,0.0003324566090560013,2.5247916777766428e-05,3.2866683970563684,0.9990273966888487,-1.0015272221012813e-05,-1.0015272221012813e-05,0.7499911891826789,,0.38685603582925654,0.0,0.11616127492577673,0.38685603582925654,,0.010115051932739958,0.010117944703818979,success,0.9999332178765342,0.9999332178765342,0.75,0.9896273800510195,0.01,[0.01],,,,,,,,,0.009109534857946385,,,
,,,2.307288026763188e-07,-3.683391211920772e-10,7.725498667896333e-11,typ,,1.7689276869011617e-17,True,,0.9334487915039062,2.4,,,6.334226402948673e-06,20,2.583831944058822e-09,False,False,557,0.6666666667,31,7.666696426205301e-09,,,7.725498667896333e-09,0.0076114493340588,3.322817237066252,1.0100153264601455,-16.69882571349554,-16.69882571349554,0.750006334226403,,0.13657813692773008,0.0,0.001876926186699017,0.001876926186699017,,2.307288026763188e-07,2.2017904141113835e-07,success,0.9995499944951975,0.005160834615791656,0.75,0.9935375625021682,0.01,[0.01],,,,,,,,,0.1596415865377705,,,
,,,0.09685239212724954,2.876163679229869e-05,3.157824964417001e-05,arith,,3.05760178547836e-06,True,,0.7910385131835938,0.0,,,2.0730643108812785e-06,20,4.816734607593662e-09,False,False,558,0.75,610,0.003156970848444434,,,0.0031578249644170007,0.00027047603403962763,3.259569308620325,0.9907902615409437,-2.4125624236471816e-06,-2.4125624236471816e-06,0.7500020730643109,,0.9236383899047905,0.0,0.9236383899047905,0.9236383899047905,,0.09685239212724954,0.09712302436410741,success,0.999935803448888,0.999935803448888,0.75,0.9999994192399891,0.01,[0.01],,,,,,,,,-0.0296963618146986,,,
,,,0.09685220499219756,2.8759441527432962e-05,3.157818015519532e-05,typ,,3.0575892721945522e-06,True,,0.7910385131835938,0.0,,,7.10408583959321e-07,20,4.4510920436089544e-09,False,False,559,0.75,328,0.0031569640282747024,,,0.003157818015519532,0.0002704358644584848,3.259568564834459,0.9907900354571508,-3.498325855226048e-06,-3.498325855226048e-06,0.750000710408584,,0.9236384750096723,0.0,0.9236384750096723,0.9236384750096723,,0.09685220499219756,0.0971232770000223,success,0.9999324015370179,0.9999324015370179,0.75,0.9999999865538921,0.01,[0.01],,,,,,,,,-0.029694152579953993,,,
,,,0.09392332212467265,2.6590837473419963e-05,3.0626601797951113e-05,arith,,2.8758451136155034e-06,True,,0.7910842895507812,0.08,,,-1.2484885385521949e-06,20,4.819177636423814e-09,False,False,560,0.75,590,0.0030619073607704612,,,0.003062660179795111,0.00024580560050911166,3.2600075162440736,0.9909234606863017,-2.422204933538643e-06,-2.422204933538643e-06,0.7499987515114614,,0.9163342133730111,0.0,0.9162429161105212,0.9163342133730111,,0.09392332212467265,0.09418259479249182,success,0.9999349370535827,0.9999349370535827,0.75,0.9999999859919129,0.01,[0.01],,,,,,,,,-0.028311219058162803,,,
,,,0.0938658932356676,2.6629876613918874e-05,3.0603829345165044e-05,typ,,2.8719466275873807e-06,True,,0.7908782958984375,0.08,,,3.1530545250291198e-06,19,4.765793227328744e-09,False,False,561,0.75,342,0.0030596274414358684,,,0.0030603829345165045,0.00024686227076855236,3.259573137768061,0.9907914254622866,-1.056008943063928e-05,-1.056008943063928e-05,0.750003153054525,,0.9163803928369506,0.0,0.9162892929589602,0.9162892929589602,,0.0938658932356676,0.09412980763923307,success,0.9999324164519577,0.9930161406428255,0.75,0.999999986035694,0.01,[0.01],,,,,,,,,-0.02837013072156003,,,
,,,0.08608247842584858,2.117421704066244e-05,2.8080557498891096e-05,arith,,2.4167956376168086e-06,True,,0.7912216186523438,0.16,,,-8.911786142928868e-06,20,4.811809692691141e-09,False,False,562,0.75,568,0.0028075349151321606,,,0.0028080557498891094,0.00018547878081459372,3.2614475866311983,0.9913611895947569,-2.451135928155661e-06,-2.451135928155661e-06,0.7499910882138571,,0.8952037513088728,0.0,0.8939260738193379,0.8952037513088728,,0.08608247842584858,0.08630994112159547,success,0.999935510670476,0.999935510670476,0.75,0.999998733401172,0.01,[0.01],,,,,,,,,-0.024597592248580415,,,
,,,0.0857022417628492,2.1202501332995514e-05,2.7940635770705315e-05,typ,,2.3941255757659234e-06,True,,0.7903976440429688,0.16,,,6.869806588816196e-06,20,4.599176969715415e-09,False,False,563,0.75,329,0.002793539032958815,,,0.0027940635770705314,0.0001877352097571672,3.259586885357038,0.9907956042282487,-3.255115638117962e-05,-3.255115638117962e-05,0.7500068698065888,,0.895782950235455,0.0,0.8945041893323388,0.8945041893323388,,0.0857022417628492,0.08594558551813455,success,0.9999324842389372,0.9724081084634747,0.75,0.9999682059684842,0.01,[0.01],,,,,,,,,-0.024739727802763872,,,
,,,0.07550657285618499,1.4761236623925437e-05,2.4648564635598844e-05,arith,,1.8609107473515614e-06,True,,0.791473388671875,0.24,,,-1.2452468522994309e-06,18,4.790122055263617e-09,False,False,564,0.75,610,0.0024645678872168915,,,0.0024648564635598846,0.00011707632767235523,3.2640441672688243,0.9921504554656381,-2.4993445033928176e-06,-2.4993445033928176e-06,0.7499987547531477,,0.8624511326044155,0.0,0.8567290661554482,0.8624511326044155,,0.07550657285618499,0.07568898649588088,success,0.9999348282484808,0.9999348282484808,0.75,0.9999996486111188,0.01,[0.01],,,,,,,,,-0.019549604843065387,,,
,,,0.0742582814303855,1.4539682929270671e-05,2.4208107587553286e-05,typ,,1.7974410637538988e-06,True,,0.7895965576171875,0.24,,,-4.0663131772866734e-07,19,4.516774880997279e-09,False,False,565,0.75,343,0.0024205260734978576,,,0.0024208107587553288,0.00011759913757880844,3.2596042177019875,0.9908008726293654,-7.175604808144201e-05,-7.175604808144201e-05,0.7499995933686823,,0.8648311235764706,0.0,0.8590327750279382,0.8590327750279382,,0.0742582814303855,0.07447062734254069,success,0.9999325831199125,0.9385562819676199,0.75,0.9999578363091373,0.01,[0.01],,,,,,,,,-0.019579880720645423,,,
,,,0.06435183271551682,9.109615058044945e-06,2.1029201720416702e-05,arith,,1.3531846861666084e-06,True,,0.7918167114257812,0.32,,,3.3967827459679967e-06,20,4.749669125398824e-09,False,False,566,0.75,495,0.0021027912167609825,,,0.0021029201720416703,6.132200470669041e-05,3.26764775458205,0.9932458146614417,-2.566868093408208e-06,-2.566868093408208e-06,0.750003396782746,,0.8212814262952477,0.0,0.8058295539290583,0.8212814262952477,,0.06435183271551682,0.06448624143156968,success,0.9999354099329808,0.9999354099329808,0.75,0.9999999764624662,0.01,[0.01],,,,,,,,,-0.014155952788969117,,,
,,,0.06156933453074548,8.360990093895877e-06,2.0070352467512655e-05,typ,,1.2356483390669094e-06,True,,0.7885208129882812,0.32,,,-5.407088601527832e-06,20,4.14969544364093e-09,False,False,567,0.75,330,0.002006921706210535,,,0.0020070352467512656,5.657127392973615e-05,3.259612470244179,0.9908033811013942,-0.00013271972848997548,-0.00013271972848997548,0.7499945929113985,,0.8271332328654734,0.0,0.8110206494717265,0.8110206494717265,,0.06156933453074548,0.06174455817253339,success,0.9999326915711463,0.8923010003043151,0.75,0.9999989146213858,0.01,[0.01],,,,,,,,,-0.01357979610729868,,,
,,,0.05402448564607938,4.872634612496136e-06,1.7676127643686905e-05,arith,,9.549199615965634e-07,True,,0.7922515869140625,0.4,,,2.7242771827307166e-06,19,4.7757077280725855e-09,False,False,568,0.75,505,0.0017675688165776418,,,0.0017676127643686905,2.4862793443553525e-05,3.2717920317783094,0.9945055238740426,-2.6537304827115677e-06,-2.6537304827115677e-06,0.7500027242771827,,0.7752536635431078,0.0,0.7442045136725268,0.7752536635431078,,0.05402448564607938,0.054116543039388454,success,0.9999353259523835,0.9999353259523835,0.75,0.999999969882449,0.01,[0.01],,,,,,,,,-0.00901930773467669,,,
,,,0.0491563363975975,3.435847104547251e-06,1.6023308000176737e-05,typ,,7.876353132136771e-07,True,,0.7872390747070312,0.4,,,-2.472669759279178e-06,20,4.3346346132059995e-09,False,False,569,0.75,334,0.0016023067847102056,,,0.0016023308000176735,1.4987733786085941e-05,3.2596139218961766,0.9908038223506901,-0.00022271685294842898,-0.00022271685294842898,0.7499975273302407,,0.7859124265599171,0.0,0.7519317446245395,0.7519317446245395,,0.0491563363975975,0.0492974050224653,success,0.9999328759441536,0.835049571388623,0.75,0.999999966318976,0.01,[0.01],,,,,,,,,-0.006989632174287051,,,
,,,0.045143320635797846,1.9682856284869883e-06,1.4788826828713457e-05,arith,,6.676128772075856e-07,True,,0.7927780151367188,0.48,,,-4.749986591390254e-06,20,4.726489688142118e-09,False,False,570,0.75,450,0.0014788741009853419,,,0.0014788826828713456,5.802952528348973e-06,3.2759532975352754,0.9957703969898809,-2.7599624425240794e-06,-2.7599624425240794e-06,0.7499952500134086,,0.7276234132080804,0.0,0.6763496938520817,0.7276234132080804,,0.045143320635797846,0.0452026068103203,success,0.9999354980945467,0.9999354980945467,0.75,0.9999999602412637,0.01,[0.01],,,,,,,,,-0.0043600816261756626,,,
,,,0.03790377724487119,-2.0581898273145666e-07,1.2355375601873232e-05,typ,,4.6831536222866566e-07,True,,0.7858428955078125,0.48,,,-9.925453758552472e-06,19,4.46758137690532e-09,False,False,571,0.75,365,0.0012355374484268162,,,0.0012355375601873233,9.045496527186059e-08,3.2596683978085546,0.9908203810424565,-0.00035232846380779486,-0.00035232846380779486,0.7499900745462414,,0.7435422107559954,0.0,0.6835057267914431,0.6835057267914431,,0.03790377724487119,0.03801265934872901,success,0.9999330385132481,0.7691299844233118,0.75,0.9999993120953027,0.01,[0.01],,,,,,,,,0.0005430038842878286,,,
,,,0.03781199749133657,5.099626217402084e-08,1.240152383647435e-05,arith,,4.6892638559290005e-07,True,,0.7934417724609375,0.56,,,7.661537320902134e-06,19,4.703655645089724e-09,False,False,572,0.75,387,0.0012401523767696743,,,0.001240152383647435,5.545899698634176e-09,3.279785409521981,0.99693521935691,-2.8855522201231415e-06,-2.8855522201231415e-06,0.7500076615373209,,0.6809053151172212,0.0,0.6071799720774684,0.6809053151172212,,0.03781199749133657,0.03784796011153678,success,0.9999358573586674,0.9999358573586674,0.75,0.9999996812778194,0.01,[0.01],,,,,,,,,-0.00013486794022374784,,,
,,,0.02822297541226111,-2.8792002809698113e-06,9.200859242556827e-06,typ,,2.596673343800988e-07,True,,0.7845840454101562,0.56,,,-2.4804382747767306e-06,20,4.6848713751420635e-09,False,False,573,0.75,359,0.0009200565517528305,,,0.0009200859242556827,3.1923651995780654e-05,3.259955898743134,0.9909077708474261,-0.0005337395711179365,-0.0005337395711179365,0.7499975195617252,,0.7015379889000636,0.0,0.6078093034680448,0.6078093034680448,,0.02822297541226111,0.028303042559615858,success,0.9999341725880687,0.6986427986736453,0.75,0.9999995805713853,0.01,[0.01],,,,,,,,,0.01020161850022014,,,
,,,0.03188604246803794,-1.2168590686205098e-06,1.046882870066867e-05,arith,,3.3380803579414274e-07,True,,0.7941970825195312,0.64,,,-3.5633155696102037e-06,20,4.700721530656033e-09,False,False,574,0.75,337,0.0010468782261980193,,,0.001046882870066867,4.4359010739451636e-06,3.2831864513992084,0.9979690121227635,-3.0305889865816235e-06,-3.0305889865816235e-06,0.7499964366844304,,0.6367680255640759,0.0,0.5409063429739637,0.6367680255640759,,0.03188604246803794,0.03190606406982338,success,0.9999351342801394,0.9999351342801394,0.75,0.9999999160325154,0.01,[0.01],,,,,,,,,0.0038162750044640065,,,
,,,0.020254993670699533,-4.953406662506893e-06,6.6061820916792754e-06,typ,,1.3378364021688815e-07,True,,0.7838516235351562,0.64,,,-6.183908565216001e-07,20,4.330212275898336e-09,False,False,575,0.75,137,0.0006604970724351146,,,0.0006606182091679275,0.0001833687463225328,3.2609097942626186,0.991197720316742,-0.0007665905967976951,-0.0007665905967976951,0.7499993816091435,,0.6607522909527469,0.0,0.527425522969102,0.527425522969102,,0.020254993670699533,0.020309696852790715,success,0.99994283573794,0.6315264365757742,0.75,0.9999990569259108,0.01,[0.01],,,,,,,,,0.024455236782781085,,,
,,,0.027140962205867453,-2.104733910921379e-06,8.9193733624088e-06,arith,,2.420759454243224e-07,True,,0.7951126098632812,0.72,,,-3.1354870677624547e-06,20,4.6867122292415776e-09,False,False,576,0.75,317,0.0008919210143993691,,,0.0008919373362408801,1.8299314142102785e-05,3.2862542146960054,0.9989015003478614,-3.195040958840485e-06,-3.195040958840485e-06,0.7499968645129322,,0.5961403576064899,0.0,0.4803751423893957,0.5961403576064899,,0.027140962205867453,0.027150044589135378,success,0.9999348787182809,0.9999348787182809,0.75,0.9999997052217291,0.01,[0.01],,,,,,,,,0.007754824220883253,,,
,,,0.013960590618091849,-6.841900609481695e-06,4.5596977998302955e-06,typ,,6.360926272169483e-08,True,,0.7834625244140625,0.72,,,8.74441467901832e-07,19,4.294469306057656e-09,False,False,577,0.75,144,0.0004556344674935324,,,0.0004559697799830295,0.0007353831420793083,3.263719135944472,0.9920516577901255,-0.0010580299923989992,-0.0010580299923989992,0.7500008744414679,,0.621592874834284,0.0,0.44550678905878555,0.44550678905878555,,0.013960590618091849,0.013992208447534574,success,0.9999440421205297,0.5698574422799537,0.75,0.9999995332402306,0.01,[0.01],,,,,,,,,0.049008675898103614,,,
,,,0.023354180332000946,-2.803191478646432e-06,7.682062690525087e-06,arith,,1.7940041951379331e-07,True,,0.7961883544921875,0.8,,,-9.537240575396844e-06,19,4.607899148865924e-09,False,False,578,0.75,324,0.0007681726224746617,,,0.0007682062690525087,4.379888475592939e-05,3.2892296434916064,0.9998059222501028,-3.3789512432346337e-06,-3.3789512432346337e-06,0.7499904627594246,,0.5594451168481884,0.0,0.4270870554404503,0.5594451168481884,,0.023354180332000946,0.02335530437971025,success,0.9999352639925927,0.9999352639925927,0.75,0.9004239604651675,0.01,[0.01],,,,,,,,,0.012002953812964153,,,
,,,0.009218297474176467,-8.691639811255934e-06,3.022887046670965e-06,typ,,2.779032742443911e-08,True,,0.782867431640625,0.8,,,7.0644555227872274e-06,18,4.218405047292232e-09,False,False,579,0.75,158,0.0003014691975637487,,,0.0003022887046670965,0.0027110080221168335,3.2703348791711777,0.9940626025933362,-0.0014288089853174714,-0.0014288089853174714,0.7500070644555228,,0.5842470082238426,0.0,0.36581366278314614,0.36581366278314614,,0.009218297474176467,0.00922776469558371,success,1.0000012409118988,0.5126467795819325,0.75,0.9999838073140092,0.01,[0.01],,,,,,,,,0.0942868228716216,,,
,,,0.020336164802415586,-3.457619988001119e-06,6.696253869031653e-06,arith,,1.3616416710345925e-07,True,,0.797515869140625,0.88,,,4.704313309566999e-06,18,4.62245047440688e-09,False,False,580,0.75,331,0.0006695665993387568,,,0.0006696253869031653,8.779171990530305e-05,3.2924920005527483,1.0007975598867993,-3.582242719145476e-06,-3.582242719145476e-06,0.7500047043133096,,0.5268001410485222,0.0,0.3814688165992778,0.5268001410485222,,0.020336164802415586,0.02033070768921616,success,0.9999350782414358,0.9999350782414358,0.75,0.8068098849417947,0.01,[0.01],,,,,,,,,0.01700232084857226,,,
,,,0.0058564890890107435,-1.043893288671423e-05,1.94115566696828e-06,typ,,1.125938566385778e-08,True,,0.78204345703125,0.88,,,6.088879539456471e-06,17,4.261458675300418e-09,False,False,581,0.75,174,0.00019225487306012676,,,0.00019411556669682797,0.009585494189691944,3.2827666907273576,0.9978414201784082,-0.0018671167502457473,-0.0018671167502457473,0.7500060888795395,,0.5488751485183975,0.0,0.292529849493973,0.292529849493973,,0.0058564890890107435,0.005842969944533681,success,0.9998640353077578,0.46320999646197025,0.75,0.9999832219377037,0.01,[0.01],,,,,,,,,0.17824557901596869,,,
,,,0.017940434204673204,-4.201220407321087e-06,5.915317200574306e-06,arith,,1.0610570878376412e-07,True,,0.799072265625,0.96,,,-2.766957971189754e-06,15,4.624950288400577e-09,False,False,582,0.75,389,0.0005914333375282815,,,0.0005915317200574305,0.00016631826462231838,3.296650074245262,1.002061462731392,-3.8049753848854286e-06,-3.8049753848854286e-06,0.7499972330420288,,0.49822383633988754,0.0,0.3433532384917674,0.49822383633988754,,0.017940434204673204,0.017928337161466187,success,0.9999347597037878,0.9999347597037878,0.75,0.7554198864306396,0.01,[0.01],,,,,,,,,0.023417607173781416,,,
,,,0.0036427522399279473,-1.1968378111122842e-05,1.2414227648121274e-06,typ,,4.378953482606118e-09,True,,0.7808761596679688,0.96,,,-1.4668948042917407e-06,20,4.30416003646418e-09,False,False,583,0.75,122,0.00012021002786323817,,,0.00012414227648121275,0.03167533840552438,3.2999781468974096,1.003073075512482,-0.002313281008487509,-0.002313281008487509,0.7499985331051957,,0.5157829198002591,0.0,0.22967840336103856,0.22967840336103856,,0.0036427522399279473,0.0036020328991142247,success,0.999852853719634,0.4252588191083255,0.75,0.9999849533934705,0.01,[0.01],,,,,,,,,0.3285531741615118,,,
,,,0.016061019622310515,-5.194326028360473e-06,5.306223055494214e-06,arith,,8.519637159176011e-08,True,,0.800994873046875,1.04,,,-2.4156965910959727e-06,18,4.593667197990986e-09,False,False,584,0.75,300,0.0005304543148270177,,,0.0005306223055494214,0.00031659189718706414,3.3027437068201984,1.003913704926914,-4.046970926071809e-06,-4.046970926071809e-06,0.7499975843034089,,0.4737520303430114,0.0,0.3122214733891233,0.4737520303430114,,0.016061019622310515,0.01604056219628438,success,0.9999346897523399,0.9999346897523399,0.75,0.7307414544975307,0.01,[0.01],,,,,,,,,0.032341197199865106,,,
,,,0.002324920275229059,-1.3334994367385681e-05,8.456537027726702e-07,typ,,1.7882553646205014e-09,True,,0.7787704467773438,1.04,,,9.53865773423157e-06,20,4.386553890675705e-09,False,False,585,0.75,128,7.691684672689761e-05,,,8.456537027726702e-05,0.09044510211794687,3.3083649166988964,1.005622347842149,-0.002688352964666364,-0.002688352964666364,0.7500095386577342,,0.4856799426488003,0.0,0.180903452965597,0.180903452965597,,0.002324920275229059,0.0022471590802524907,success,0.9999768600883467,0.39971302585048135,0.75,0.9999860909657303,0.01,[0.01],,,,,,,,,0.5735678126026008,,,
,,,0.014634533570358087,-6.68463428437958e-06,4.850823377236036e-06,arith,,7.094485322252265e-08,True,,0.8033981323242188,1.12,,,2.333053953362807e-07,20,4.541962080218499e-09,False,False,586,0.75,246,0.0004847770028436016,,,0.00048508233772360355,0.0006294495928976477,3.312555200430209,1.0068960413645107,-4.308032591640175e-06,-4.308032591640175e-06,0.7500002333053953,,0.45362051646132284,0.0,0.2875376421603872,0.45362051646132284,,0.014634533570358087,0.014601461347491266,success,0.999934813143611,0.999934813143611,0.75,0.7235342603919237,0.01,[0.01],,,,,,,,,0.04567712563056436,,,
,,,0.0015896114305658567,-1.447152903400712e-05,6.516694418933713e-07,typ,,8.264760412020643e-10,True,,0.7773284912109375,1.12,,,-8.178854408846803e-06,19,4.356595982890263e-09,False,False,587,0.75,162,5.199233128990914e-05,,,6.516694418933713e-05,0.20216711192027428,3.270757261188122,0.9941909913310543,-0.0029958699030195658,-0.0029958699030195658,0.7499918211455912,,0.45955444569584136,0.0,0.14542700420358037,0.14542700420358037,,0.0015896114305658567,0.0014604611565962307,success,1.000022857417456,0.3818887040219396,0.75,0.9999874589851954,0.01,[0.01],,,,,,,,,0.9103815407804198,,,
,,,0.013645517859170501,-9.087890112889565e-06,4.547512964469145e-06,arith,,6.197057962476916e-08,True,,0.8064422607421875,1.2,,,-9.414444690269974e-06,19,4.54545969478662e-09,False,False,588,0.75,252,0.00045414604461582736,,,0.0004547512964469145,0.001330951304187911,3.328170094406622,1.01164239998493,-4.587826825383241e-06,-4.587826825383241e-06,0.7499905855553097,,0.4384792936302855,0.0,0.2689138225941125,0.4384792936302855,,0.013645517859170501,0.013591615539991189,success,0.9999351108664594,0.9999351108664594,0.75,0.7286877941660063,0.01,[0.01],,,,,,,,,0.0665998183922498,,,
,,,0.0012773172840502796,-1.572775905248164e-05,5.926703534517061e-07,typ,,5.096656813951345e-10,True,,0.7759265899658203,1.2,,,-4.072295402002268e-06,22,4.461035510604879e-09,False,False,589,0.75,117,3.9901259284539067e-05,,,5.926703534517061e-05,0.32675459381164357,3.1238330352827526,0.9495313819076555,-0.0033230596465209502,-0.0033230596465209502,0.749995927704598,,0.4407044102601307,0.0,0.12542477676161054,0.12542477676161054,,0.0012773172840502796,0.0010896928662537434,success,1.0002108784120152,0.36529305333036066,0.75,0.999988751318013,0.01,[0.01],,,,,,,,,1.231311847797915,,,
,,,0.013130710219481654,-1.2924037887290295e-05,4.406966204802979e-06,arith,,5.769956542700464e-08,True,,0.810516357421875,1.28,,,4.8926724385278675e-06,18,4.500274538131088e-09,False,False,590,0.75,265,0.0004394245586304804,,,0.00044069662048029786,0.0028864797021385755,3.3465406766689507,1.0172263874019842,-4.885504677292515e-06,-4.885504677292515e-06,0.7500048926724385,,0.42961464330287114,0.0,0.25606822321974837,0.42961464330287114,,0.013130710219481654,0.013045855423316637,success,0.9999345709359425,0.9999345709359425,0.75,0.7435859762160067,0.01,[0.01],,,,,,,,,0.09842603843404658,,,
,,,0.001219748068857151,-1.6765081813896867e-05,5.807761980616369e-07,typ,,4.273326777972243e-10,True,,0.77508544921875,1.28,,,-6.896234625908271e-06,17,4.466100245471477e-09,False,False,591,0.75,227,3.503450332966018e-05,,,5.807761980616368e-05,0.39676413312754205,2.8722737280072868,0.8730665215994653,-0.0037704887764169965,-0.0037704887764169965,0.7499931037653741,,0.4393947685798195,0.0,0.12093948394975035,0.12093948394975035,,0.001219748068857151,0.0010114168302917223,success,0.9998923361498324,0.34571049073353316,0.75,0.9999879176618024,0.01,[0.01],,,,,,,,,1.3744708634468257,,,
,,,0.013160990118556887,-1.806701055815906e-05,4.429836107751598e-06,arith,,5.7974612370436654e-08,True,,0.8159637451171875,1.36,,,-2.1896411817046157e-06,19,4.410942857395692e-09,False,False,592,0.75,227,0.00044050342602030315,,,0.00044298361077515976,0.005598818318620489,3.347038650224324,1.0173777532121433,-5.200095970684651e-06,-5.200095970684651e-06,0.7499978103588183,,0.4289786947463181,0.0,0.24868769871963786,0.4289786947463181,,0.013160990118556887,0.013055127748391678,success,0.9999351386945909,0.9999351386945909,0.75,0.7666489733355701,0.01,[0.01],,,,,,,,,0.13727698596691995,,,
,,,0.0011770517489022314,-1.5640923628925037e-05,5.25163647955971e-07,typ,,3.735062983205859e-10,True,,0.7760810852050781,1.36,,,-5.676651937847055e-06,21,4.372934490385463e-09,False,False,593,0.75,153,3.1732359997675015e-05,,,5.25163647955971e-05,0.39576244240851544,2.6959188521039934,0.8194610672966075,-0.004453649548812131,-0.004453649548812131,0.7499943233480622,,0.49052213629173025,0.0,0.12308017075951068,0.12308017075951068,,0.0011770517489022314,0.0010361961064555077,success,1.0000733685179881,0.3210505757171923,0.75,0.9999897107413265,0.01,[0.01],,,,,,,,,1.3288220881972632,,,
,,,0.013675167698039782,-2.2208430802411825e-05,4.561432663862103e-06,arith,,6.188514222292507e-08,True,,0.8233795166015625,1.44,,,9.894942793131634e-06,19,4.451717343254963e-09,False,False,594,0.75,223,0.00045253662396985286,,,0.0004561432663862103,0.007906819374822776,3.30918518852767,1.0058716805799486,-5.529881100583981e-06,-5.529881100583981e-06,0.7500098949427931,,0.4366744215799381,0.0,0.24479310668834203,0.4366744215799381,,0.013675167698039782,0.013608590332633692,success,0.9999350116660697,0.9999350116660697,0.75,0.7962650971498599,0.01,[0.01],,,,,,,,,0.16239969624354378,,,
,,,0.000901587558954572,-1.1554781262363051e-05,3.9254888911116465e-07,typ,,2.2040422468300765e-10,True,,0.7806129455566406,1.44,,,1.3836073425865791e-06,21,4.4418114158136994e-09,False,False,595,0.75,157,2.4446236252258787e-05,,,3.925488891111647e-05,0.37724352481007956,2.711465570865375,0.8241867031365806,-0.00555733764855001,-0.00555733764855001,0.7500013836073426,,0.5747649761607768,0.0,0.11010604504351384,0.11010604504351384,,0.000901587558954572,0.0008123416971326269,success,1.0001245118655842,0.29037660018996525,0.75,0.9999903309336731,0.01,[0.01],,,,,,,,,1.281603893887056,,,
,,,0.014350424160257938,-2.2570468841282548e-05,4.7167578855862805e-06,arith,,6.71780502556892e-08,True,,0.8329238891601562,1.52,,,-4.866498248823348e-08,20,4.462033477970486e-09,False,False,596,0.75,204,0.00046812588607472716,,,0.000471675788558628,0.007526149465396222,3.2621048747196957,0.9915609812161186,-5.873754775654401e-06,-5.873754775654401e-06,0.7499999513350175,,0.447586543848606,0.0,0.24052072255441456,0.447586543848606,,0.014350424160257938,0.014360904787019355,success,0.9999345688502365,0.9999345688502365,0.75,0.829442732855994,0.01,[0.01],,,,,,,,,0.1572808482120633,,,
,,,0.000490590830421536,-6.741347685533315e-06,2.3321167315534493e-07,typ,,6.896573978003111e-11,True,,0.7880401611328125,1.52,,,-5.793160265721298e-06,19,4.302390840705696e-09,False,False,597,0.75,161,1.405769034059868e-05,,,2.3321167315534494e-05,0.3972132633671946,2.8654612905259014,0.8709957889121551,-0.007450772266053467,-0.007450772266053467,0.7499942068397343,,0.5964545794966516,0.0,0.0791567386067201,0.0791567386067201,,0.000490590830421536,0.00041052992357529927,success,1.0012790331138617,0.25348060763878383,0.75,0.9999888273481177,0.01,[0.01],,,,,,,,,1.3741283504505926,,,
,,,0.014809879704921772,-1.9600197093447237e-05,4.824252678875049e-06,arith,,7.10624341141841e-08,True,,0.8445281982421875,1.6,,,7.431542275559977e-06,19,4.374849103971638e-09,False,False,598,0.75,204,0.00047983127162449466,,,0.00048242526788750485,0.005376990874398142,3.2399403721357185,0.9848237803061619,-6.231008009932983e-06,-6.231008009932983e-06,0.7500074315422756,,0.45526059215077186,0.0,0.23319540469139902,0.45526059215077186,,0.014809879704921772,0.014863378080012913,success,0.9999348665062008,0.9999348665062008,0.75,0.861770059674301,0.01,[0.01],,,,,,,,,0.1323454172752902,,,
,,,0.0001458193610667885,-2.4858594127431917e-06,9.099807930315637e-08,typ,,7.0897847623672864e-12,True,,0.8008832931518555,1.6,,,5.521534109265147e-06,23,4.278473112717056e-09,False,False,599,0.75,82,4.862032524693348e-06,,,9.099807930315637e-06,0.4656994343258954,3.334284617024504,1.013500991992085,-0.010961791501997355,-0.010961791501997355,0.7500055215341093,,0.5366734038948325,0.0,0.03747340052261807,0.03747340052261807,,0.0001458193610667885,9.009294081119607e-05,success,1.0008874786723003,0.21112346522641243,0.75,0.999990143584563,0.01,[0.01],,,,,,,,,1.7047526436524523,,,
,,,0.014917145948539375,-1.551875528975577e-05,4.848394697107477e-06,arith,,7.208337954713328e-08,True,,0.857757568359375,1.68,,,7.871265936376659e-06,18,4.475371496570752e-09,False,False,600,0.75,223,0.000483225006953769,,,0.0004848394697107477,0.0033298913513412996,3.239393169583384,0.984657450675278,-6.601838755249567e-06,-6.601838755249567e-06,0.7500078712659364,,0.4577302550660873,0.0,0.22304709905566564,0.4577302550660873,,0.014917145948539375,0.01497713178771318,success,0.9999345038658173,0.9999345038658173,0.75,0.8904265356426673,0.01,[0.01],,,,,,,,,0.10403300566537195,,,
,,,3.269747541803997e-05,-5.485531265044852e-07,2.345176336021713e-08,typ,,4.659029233825442e-13,True,,0.8132572174072266,1.68,,,-4.00038833170413e-06,22,4.31803932394935e-09,False,False,601,0.75,95,1.4248895898718056e-06,,,2.345176336021713e-06,0.39241686521153213,4.357796960329422,1.324611438280676,-0.01819642765683751,-0.01819642765683751,0.7499959996116683,,0.47901511231613636,0.0,0.017480400889014078,0.017480400889014078,,3.269747541803997e-05,1.9331536137860238e-05,success,0.9999164064670842,0.16528664439700785,0.75,0.9999885654144943,0.01,[0.01],,,,,,,,,1.6776620197467464,,,
,,,0.014712729676872743,-1.1743095282203305e-05,4.787195606151486e-06,arith,,7.029481457681285e-08,True,,0.872222900390625,1.76,,,-1.706413631730186e-06,18,4.464939138387244e-09,False,False,602,0.75,214,0.0004777822750819027,,,0.0004787195606151486,0.0019579010559784248,3.247407419120457,0.9870934904225819,-6.986521250718102e-06,-6.986521250718102e-06,0.7499982935863683,,0.45570018867220274,0.0,0.21114752580836454,0.45570018867220274,,0.014712729676872743,0.014764088683633336,success,0.9999343701440471,0.9999343701440471,0.75,0.9139932859623026,0.01,[0.01],,,,,,,,,0.0798158842044283,,,
,,,9.154939601877747e-06,-9.997035869736375e-08,4.96567743853884e-09,typ,,3.5466404414150514e-14,True,,0.8267097473144531,1.76,,,-8.165589218789293e-06,21,4.410220459820959e-09,False,False,603,0.75,105,3.874018394056481e-07,,,4.96567743853884e-07,0.21984090952222254,4.231615458459049,1.286256860910854,-0.035595988054187726,-0.035595988054187726,0.7499918344107812,,0.5495850134611809,0.0,0.010495349142716676,0.010495349142716676,,9.154939601877747e-06,6.918870642578259e-06,success,0.9995046784005789,0.11890482866228733,0.75,0.9999831430037515,0.01,[0.01],,,,,,,,,1.0919827223858372,,,
,,,0.014288551638946979,-8.722892357932754e-06,4.658635957201918e-06,arith,,6.648907159044671e-08,True,,0.8876495361328125,1.84,,,-8.918468110463706e-06,19,4.3607042462144734e-09,False,False,604,0.75,196,0.000465331079528133,,,0.00046586359572019177,0.0011430732020079088,3.256670733930499,0.9899092004855972,-7.38519856729623e-06,-7.38519856729623e-06,0.7499910815318895,,0.45040253131548375,0.0,0.1984052136919997,0.45040253131548375,,0.014288551638946979,0.014328291210174978,success,0.9999341547956082,0.9999341547956082,0.75,0.932431998368986,0.01,[0.01],,,,,,,,,0.061048121449597134,,,
,,,3.7404613360810974e-06,-2.5384826739975602e-08,1.5263816353136762e-09,typ,,5.064982062376463e-15,True,,0.8438401222229004,1.84,,,3.5965915476943167e-06,24,4.319658913263827e-09,False,False,605,0.75,52,1.354106247140914e-07,,,1.5263816353136762e-07,0.1128652128583551,3.6201583854884025,1.1003961977712584,-0.08788212921705432,-0.08788212921705432,0.7500035965915477,,0.4391802052479452,0.0,0.0074105755826358,0.0074105755826358,,3.7404613360810974e-06,3.4380334940295433e-06,success,1.0007644909331181,0.07589154990256047,0.75,0.9999746825162171,0.01,[0.01],,,,,,,,,0.6786549695116332,,,
,,,0.013729636517966057,-6.454158651001286e-06,4.4852773210679205e-06,arith,,6.15395711366468e-08,True,,0.9038543701171875,1.92,,,3.800146162302731e-06,19,4.3190495791052256e-09,False,False,606,0.75,190,0.00044822432885326975,,,0.000448527732106792,0.0006764425737894491,3.264648181084337,0.9923340536498103,-7.797881241442266e-06,-7.797881241442266e-06,0.7500038001461623,,0.4429113758791487,0.0,0.18544360742879296,0.4429113758791487,,0.013729636517966057,0.013759077828642764,success,0.9999342985405578,0.9999342985405578,0.75,0.9468167353749395,0.01,[0.01],,,,,,,,,0.04700895498985447,,,
,,,2.1100955282609046e-06,-1.0021493511421944e-08,7.766437748101149e-10,typ,,1.5383622240790203e-15,True,,0.8580465316772461,1.92,,,-3.0649315461150906e-06,23,4.449435885118766e-09,False,False,607,0.75,66,7.290486157974589e-08,,,7.766437748101149e-08,0.06128312690627397,3.4550502857959473,1.0502093535019283,-0.2922885476256344,-0.2922885476256344,0.7499969350684539,,0.8032262946707603,0.0,0.005769077386085054,0.005769077386085054,,2.1100955282609046e-06,2.0810187258537687e-06,success,0.9996855512331296,0.04155272044574154,0.75,0.9999354226010854,0.01,[0.01],,,,,,,,,0.47493079707540276,,,
,,,0.013101258891679127,-4.791042559874979e-06,4.287029982996142e-06,arith,,5.614253559481269e-08,True,,0.9206085205078125,2.0,,,6.649151298554479e-06,19,4.37668566477977e-09,False,False,608,0.75,182,0.0004285277930846015,,,0.00042870299829961424,0.0004086867031666455,3.2708901993896795,0.9942313996988535,-8.224821918978117e-06,-8.224821918978117e-06,0.7500066491512986,,0.43406009297918785,0.0,0.1727048266171401,0.43406009297918785,,0.013101258891679127,0.013122664318523818,success,0.9999340259891285,0.9999340259891285,0.75,0.9577794961273455,0.01,[0.01],,,,,,,,,0.03656932970707011,,,
,,,1.2977994599056944e-06,-4.941338799702216e-09,4.539441083203282e-10,typ,,5.647115894720515e-16,True,,0.8763542175292969,2.0,,,8.701793998922014e-06,21,4.344247688315723e-09,False,False,609,0.75,98,4.351300851312472e-08,,,4.5394410832032815e-08,0.041445682065785784,3.3528299138209405,1.0191380862593251,-1.086098573132457,-1.086098573132457,0.7500087017939989,,0.3920474901379942,0.0,0.004431929677567015,0.004431929677567015,,1.2977994599056944e-06,1.2277587001874457e-06,success,1.0004029670298284,0.021406020267371234,0.75,0.999769365246739,0.01,[0.01],,,,,,,,,0.3807474846738865,,,
,,,0.012446348233907518,-3.582821680221959e-06,4.07793484727076e-06,arith,,5.074256057312608e-08,True,,0.937774658203125,2.08,,,-7.199951143066485e-06,18,4.283763331040172e-09,False,False,610,0.75,195,0.0004076903491651343,,,0.000407793484727076,0.00025291125484934766,3.275582054296583,0.9956575525767902,-8.666105654647847e-06,-8.666105654647847e-06,0.7499928000488569,,0.42441764476906385,0.0,0.16044585512353024,0.42441764476906385,,0.012446348233907518,0.012461826342081707,success,0.9999338472891834,0.9999338472891834,0.75,0.966170928422662,0.01,[0.01],,,,,,,,,0.028786127568416395,,,
,,,8.549475640808154e-07,-2.491519059526675e-09,2.9223973311903515e-10,typ,,2.43641980733762e-16,True,,0.8968477249145508,2.08,,,-2.4277641921255366e-06,23,4.104223169042043e-09,False,False,611,0.75,45,2.8497885831829954e-08,,,2.9223973311903513e-08,0.024845611249508254,3.3332904881095304,1.0131988130370104,-2.823585727512782,-2.823585727512782,0.7499975722358079,,0.14234086566547258,0.0,0.0035916041195678803,0.0035916041195678803,,8.549475640808154e-07,8.062545410080821e-07,success,1.0010827209391706,0.013148957804545293,0.75,0.9991448144447298,0.01,[0.01],,,,,,,,,0.2914236105468521,,,
,,,0.011791483611468295,-2.7074186947105357e-06,3.867095899788646e-06,arith,,4.559146781034559e-08,True,,0.955352783203125,2.16,,,6.520710595925294e-07,18,4.333724004017554e-09,False,False,612,0.75,190,0.00038664742548599843,,,0.00038670958997886465,0.0001607523952783585,3.2790396715638774,0.9967085421991037,-9.121421791577966e-06,-9.121421791577966e-06,0.7500006520710596,,0.4143594836478236,0.0,0.1487903480922911,0.4143594836478236,,0.011791483611468295,0.0118027052016072,success,0.9999335747020788,0.9999335747020788,0.75,0.9726405547825155,0.01,[0.01],,,,,,,,,0.022960797673308248,,,
,,,6.063157982576769e-07,-1.5754961691067292e-09,2.0267944753287716e-10,typ,,1.2040556284245138e-16,True,,0.9154586791992188,2.16,,,1.7818025532800874e-07,20,3.7510741119599104e-09,False,False,613,0.75,62,1.985855608388427e-08,,,2.0267944753287717e-08,0.020198825010959164,3.275282639995573,0.9955665415426569,-5.205370076376119,-5.205370076376119,0.7500001781802553,,0.11151637874026595,0.0,0.0030189427228710917,0.0030189427228710917,,6.063157982576769e-07,5.696364577152307e-07,success,1.0003890175207588,0.009583012806576396,0.75,0.9988828712731104,0.01,[0.01],,,,,,,,,0.25984745468188547,,,
,,,0.01115433517693613,-2.0681869892747767e-06,3.6607765652950823e-06,arith,,4.0829251419751755e-08,True,,0.97320556640625,2.24,,,5.148773624119585e-07,17,4.313184451430433e-09,False,False,614,0.75,201,0.0003660393091304499,,,0.00036607765652950825,0.00010475208845550006,3.281587860900137,0.9974830988781875,-9.590961156294713e-06,-9.590961156294713e-06,0.7500005148773624,,0.404166801935356,0.0,0.1378400850600875,0.404166801935356,,0.01115433517693613,0.01116250464673809,success,0.9999335253920442,0.9999335253920442,0.75,0.9776522234813317,0.01,[0.01],,,,,,,,,0.018541553185089654,,,
,,,4.303456013006135e-07,-9.015988781179263e-10,1.4558083668684014e-10,typ,,6.183719216482113e-17,True,,0.9376087188720703,2.24,,,-5.637613506470629e-06,22,3.5541156692850737e-09,False,False,615,0.75,38,1.4369193498884026e-08,,,1.4558083668684013e-08,0.012974933658769255,3.338989281046833,1.0149310383742307,-8.010201393722152,-8.010201393722152,0.7499943623864935,,0.546687541756744,0.0,0.0026055443709271913,0.0026055443709271913,,4.303456013006135e-07,4.2430795389543586e-07,success,0.9983200986937938,0.0076468040784012665,0.75,0.9979072235002306,0.01,[0.01],,,,,,,,,0.20950577289347586,,,
,,,0.01054445505773312,-1.5977312516581026e-06,3.4624776192118693e-06,arith,,3.65073868990338e-08,True,,0.9912872314453125,2.32,,,-5.150391231611984e-06,19,4.2569611507413066e-09,False,False,616,0.75,166,0.0003462235525605462,,,0.00034624776192118694,6.991918303361541e-05,3.283465581340136,0.9980538574507779,-1.00746562745268e-05,-1.00746562745268e-05,0.7499948496087684,,0.39401843352595955,0.0,0.1276257514773895,0.39401843352595955,,0.01054445505773312,0.01055051863503616,success,0.9999334377666248,0.9999334377666248,0.75,0.9815725671922723,0.01,[0.01],,,,,,,,,0.015152335923574867,,,
,,,3.280037283650298e-07,-5.94632025157586e-10,1.0754987104761245e-10,typ,,3.4923171443452044e-17,True,,0.9561481475830078,2.32,,,1.9474337292768595e-06,22,3.107106518151731e-09,False,False,617,0.75,27,1.0647187340683713e-08,,,1.0754987104761245e-08,0.010023235084104276,3.2460568036088415,0.9866829525357341,-11.170871978371894,-11.170871978371894,0.7500019474337293,,1.2545560582158863,0.0,0.0024783219395959045,0.0024783219395959045,,3.280037283650298e-07,3.8388257609761096e-07,success,0.9993686793879748,0.006413422492593373,0.75,0.996518997429162,0.01,[0.01],,,,,,,,,0.1812881908756324,,,
,,,0.00996666148497163,-1.2486042929174742e-06,3.274072303482106e-06,arith,,3.263001131344716e-08,True,,1.0095977783203125,2.4,,,8.86280833167774e-08,19,4.304481992776389e-09,False,False,618,0.75,163,0.00032739158807238285,,,0.0003274072303482106,4.7776207663833386e-05,3.284867139975054,0.9984798801902799,-1.0572287691489697e-05,-1.0572287691489697e-05,0.7500000886280833,,0.3840254927061228,0.0,0.11814087762280613,0.3840254927061228,,0.00996666148497163,0.009971119331464499,success,0.9999331242385237,0.9999331242385237,0.75,0.9846657400661877,0.01,[0.01],,,,,,,,,0.012527808783314248,,,
,,,2.5107479310355524e-07,-4.5562970394834934e-10,8.34819407722125e-11,typ,,2.0752612580146446e-17,True,,0.9753513336181641,2.4,,,2.8113630659021283e-06,22,2.6444138251775518e-09,False,False,619,0.75,26,8.265510178708811e-09,,,8.34819407722125e-09,0.00990440540164825,3.292050976738123,1.0006635047220624,-14.570792493611219,-14.570792493611219,0.7500028113630659,,0.0529071110618985,0.0,0.001920879195001746,0.001920879195001746,,2.5107479310355524e-07,2.3061208171471748e-07,success,1.0006715224367018,0.005565123116707782,0.75,0.9914148896577409,0.01,[0.01],,,,,,,,,0.1814717034379576,,,
,,,0.09422183727623618,2.6004477251884602e-05,3.072317343098196e-05,arith,,2.894117614786421e-06,True,,0.8704147338867188,0.0,,,6.769629123271059e-06,20,4.7983165525200795e-09,False,False,620,0.8333333333,605,0.003071599640220931,,,0.003072317343098196,0.00023360310707396794,3.259965766975787,0.9909107704304647,-2.937195811358287e-06,-2.937195811358287e-06,0.7500067696291233,,0.9190552155483284,0.0,0.9190552155483284,0.9190552155483284,,0.09422183727623618,0.09448265037371432,success,0.9999351691747979,0.9999351691747979,0.75,0.9999999903123263,0.01,[0.01],,,,,,,,,-0.027599204179860785,,,
,,,0.09422166646113839,2.6002248197608197e-05,3.072310970696428e-05,typ,,2.8941064785472218e-06,True,,0.8704147338867188,0.0,,,6.178065953932332e-06,20,4.280073117351456e-09,False,False,621,0.8333333333,330,0.003071593389553232,,,0.003072310970696428,0.0002335639686347604,3.2599650429873335,0.9909105503643635,-4.095471644324257e-06,-4.095471644324257e-06,0.7500061780659539,,0.9190544063985976,0.0,0.9190544063985976,0.9190544063985976,,0.09422166646113839,0.09447993266590424,success,0.9999322163867488,0.9999322163867488,0.75,0.9999450629425025,0.01,[0.01],,,,,,,,,-0.02759688845912399,,,
,,,0.09137781954791047,2.4110843691436285e-05,2.979927169049096e-05,arith,,2.722411138409327e-06,True,,0.8704376220703125,0.08,,,-5.6972614024264345e-06,19,4.8217119380005285e-09,False,False,622,0.8333333333,639,0.0029792909831711785,,,0.002979927169049096,0.00021349041161992783,3.2604093618245082,0.9910456070958549,-2.9468359728471345e-06,-2.9468359728471345e-06,0.7499943027385976,,0.9116864871361147,0.0,0.9115954386303718,0.9116864871361147,,0.09137781954791047,0.0916274926024943,success,0.9999350869181103,0.9999350869181103,0.75,0.9999999899211082,0.01,[0.01],,,,,,,,,-0.026385882056197112,,,
,,,0.09132299225701603,2.4125284611114668e-05,2.9777346799745665e-05,typ,,2.718774381870087e-06,True,,0.8702316284179688,0.08,,,9.675204859505016e-07,20,3.908767637885717e-09,False,False,623,0.8333333333,328,0.0029770973493930966,,,0.0029777346799745663,0.00021403202432902478,3.259964742520115,0.9909104590332808,-1.150451787581728e-05,-1.150451787581728e-05,0.750000967520486,,0.9117307615000914,0.0,0.9116397827001793,0.9116397827001793,,0.09132299225701603,0.09157601159750221,success,0.9999322437606579,0.9926985104516302,0.75,0.9999999898605662,0.01,[0.01],,,,,,,,,-0.02641753627960127,,,
,,,0.08376028561627286,1.9360751439607906e-05,2.7325835874833284e-05,arith,,2.288444978883125e-06,True,,0.8705520629882812,0.16,,,-1.788321948303917e-07,20,4.793433024974144e-09,False,False,624,0.8333333333,559,0.0027321360738513626,,,0.0027325835874833283,0.00016376942100346882,3.2618514296476633,0.9914839431520587,-2.9757106403333674e-06,-2.9757106403333674e-06,0.7499998211678052,,0.8903689988187519,0.0,0.8890542924432902,0.8903689988187519,,0.08376028561627286,0.0839789586380728,success,0.9999359042062272,0.9999359042062272,0.75,0.999999207172108,0.01,[0.01],,,,,,,,,-0.023114476385986106,,,
,,,0.08338687296196788,1.9326500384266626e-05,2.7188189316193264e-05,typ,,2.266764574958237e-06,True,,0.8697052001953125,0.16,,,5.256538415432388e-06,19,4.3407541984789216e-09,False,False,625,0.8333333333,339,0.002718371003061946,,,0.0027188189316193264,0.00016475115432336413,3.259950765034413,0.9909062103870938,-3.456342799879801e-05,-3.456342799879801e-05,0.7500052565384154,,0.8909629442919453,0.0,0.8896449521205295,0.8896449521205295,,0.08338687296196788,0.08361702107163926,success,0.9999322965694095,0.9710896029020208,0.75,0.9999999886091572,0.01,[0.01],,,,,,,,,-0.023176909863356188,,,
,,,0.07346704179886032,1.3738454319834479e-05,2.3985301126904833e-05,arith,,1.7619403753214709e-06,True,,0.8707351684570312,0.24,,,9.117426265081718e-07,20,4.774078897621049e-09,False,False,626,0.8333333333,516,0.002398273201397369,,,0.002398530112690483,0.00010711197318504011,3.2644205383461795,0.9922648585547772,-3.0238563209553353e-06,-3.0238563209553353e-06,0.7500009117426265,,0.8573315549426169,0.0,0.8514045176894552,0.8573315549426169,,0.07346704179886032,0.07364212687771507,success,0.9999346806641612,0.9999346806641612,0.75,0.9999999866345716,0.01,[0.01],,,,,,,,,-0.018700159940355187,,,
,,,0.07222602478762132,1.3434737694078971e-05,2.354737243383668e-05,typ,,1.7005526129127302e-06,True,,0.8688125610351562,0.24,,,-5.2028507113721645e-06,20,4.058301961959164e-09,False,False,627,0.8333333333,318,0.0023544873442961304,,,0.002354737243383668,0.00010612610313085583,3.259887763751968,0.9908870602935689,-7.626998010226867e-05,-7.626998010226867e-05,0.7499947971492886,,0.8598097253283363,0.0,0.8537899698342031,0.8537899698342031,,0.07222602478762132,0.07242833105045102,success,0.9999324131478297,0.9353953767439871,0.75,0.9999744379920145,0.01,[0.01],,,,,,,,,-0.01860096514183559,,,
,,,0.06259034534739422,8.777634358455702e-06,2.0455424442593786e-05,arith,,1.2802350332245433e-06,True,,0.8709869384765625,0.32,,,2.007722603947215e-06,19,4.791852814195745e-09,False,False,628,0.8333333333,517,0.002045419347215413,,,0.0020455424442593784,6.0178191027559526e-05,3.267947054554107,0.9933367909437405,-3.0912926932948276e-06,-3.0912926932948276e-06,0.750002007722604,,0.8158086890179581,0.0,0.7997555548583546,0.8158086890179581,,0.06259034534739422,0.06271932463200516,success,0.9999348199306715,0.9999348199306715,0.75,0.9999998387708059,0.01,[0.01],,,,,,,,,-0.014023943005486447,,,
,,,0.05979884946020531,7.977186622816498e-06,1.9493851239196618e-05,typ,,1.16564624014594e-06,True,,0.8675994873046875,0.32,,,-6.529012145373159e-07,19,3.955985470753098e-09,False,False,629,0.8333333333,325,0.0019492787079819144,,,0.0019493851239196617,5.458948898374379e-05,3.2597261077391,0.9908379227578689,-0.0001422428688256025,-0.0001422428688256025,0.7499993470987855,,0.8219532995145893,0.0,0.8051519637879717,0.8051519637879717,,0.05979884946020531,0.05996978582314618,success,0.9999325417147673,0.8861455086865964,0.75,0.9999999824232462,0.01,[0.01],,,,,,,,,-0.013340033620755734,,,
,,,0.05250191868117136,5.061106216495484e-06,1.7178877811494453e-05,arith,,9.01898431096726e-07,True,,0.871307373046875,0.4,,,1.9253760368265205e-06,18,4.758170411538871e-09,False,False,630,0.8333333333,523,0.001717838992844602,,,0.0017178877811494452,2.840016989382226e-05,3.2719546942208546,0.994554967327681,-3.178047444826336e-06,-3.178047444826336e-06,0.7500019253760368,,0.76938658874461,0.0,0.7370624181278745,0.76938658874461,,0.05250191868117136,0.05259052861530073,success,0.9999355928739017,0.9999355928739017,0.75,0.9999999792943892,0.01,[0.01],,,,,,,,,-0.00963985001620624,,,
,,,0.04758000696669876,3.6714416261694364e-06,1.5508599182722723e-05,typ,,7.378857776740714e-07,True,,0.8660659790039062,0.4,,,-2.391416364266874e-06,20,3.983998616076028e-09,False,False,631,0.8333333333,303,0.00155083158813011,,,0.0015508599182722724,1.8267376587999157e-05,3.2594185814548893,0.9907444459765168,-0.00024265534349422475,-0.00024265534349422475,0.7499976085836357,,0.7806690770329,0.0,0.7450667976910101,0.7450667976910101,,0.04758000696669876,0.04771747269570606,success,0.999932727295921,0.8241918377678642,0.75,0.9999999763941586,0.01,[0.01],,,,,,,,,-0.007716353696078855,,,
,,,0.04381084005108317,2.5256034385700587e-06,1.4352194591460122e-05,arith,,6.287753229557515e-07,True,,0.8716964721679688,0.48,,,-1.2771202331229858e-06,20,4.751623475090128e-09,False,False,632,0.8333333333,426,0.0014352048995696118,,,0.0014352194591460122,1.0144494841976368e-05,3.2759127601665976,0.9957580751073524,-3.2841563057707263e-06,-3.2841563057707263e-06,0.7499987228797669,,0.7213336600750004,0.0,0.6678527330346621,0.7213336600750004,,0.04381084005108317,0.04386850491726785,success,0.9999343166865013,0.9999343166865013,0.75,0.9999999733995555,0.01,[0.01],,,,,,,,,-0.005764791169548953,,,
,,,0.036437425503164284,5.624300638478497e-07,1.1874735192338784e-05,typ,,4.326844626130709e-07,True,,0.8642578125,0.48,,,-9.831603710264147e-06,13,4.342237439696437e-09,False,False,633,0.8333333333,416,0.0011874726510946716,,,0.0011874735192338784,7.310808979973251e-07,3.258936751696548,0.990597987292229,-0.0003951735408969706,-0.0003951735408969706,0.7499901683962897,,0.7383599033624801,0.0,0.6750649149736903,0.6750649149736903,,0.036437425503164284,0.036544598996469224,success,0.9999330369342943,0.7508623004460129,0.75,0.9999990445810828,0.01,[0.01],,,,,,,,,-0.0015435505008415246,,,
,,,0.03662301823341506,8.753142787612532e-07,1.2010404285598992e-05,arith,,4.398564889670916e-07,True,,0.8721771240234375,0.56,,,8.560278539571087e-06,19,4.685608242282675e-09,False,False,634,0.8333333333,440,0.0012010383365010696,,,0.0012010404285598992,1.741872113386249e-06,3.279463011066726,0.9968372219776372,-3.4096340194422065e-06,-3.4096340194422065e-06,0.7500085602785396,,0.674160043190217,0.0,0.5971084577434035,0.674160043190217,,0.03662301823341506,0.03665896550126231,success,0.9999354727858539,0.9999354727858539,0.75,0.9999999446057158,0.01,[0.01],,,,,,,,,-0.0023900659229735776,,,
,,,0.026778040514926986,-1.6026229574610268e-06,8.725157158675795e-06,typ,,2.3364004349378187e-07,True,,0.8622894287109375,0.56,,,-5.8447433226582746e-08,19,4.536178900247162e-09,False,False,635,0.8333333333,293,0.0008725061244251349,,,0.0008725157158675794,1.0992859234627066e-05,3.2582896569253093,0.990401294067777,-0.0006306509935554112,-0.0006306509935554112,0.7499999415525668,,0.6965444997488065,0.0,0.5968519151828295,0.5968519151828295,,0.026778040514926986,0.026858440476356,success,0.9999334767160469,0.66831737790767,0.75,0.9999986264409052,0.01,[0.01],,,,,,,,,0.005984840289444145,,,
,,,0.030799646833831632,-1.8247700645787673e-07,1.0109916730547545e-05,arith,,3.1138183152245225e-07,True,,0.8727264404296875,0.64,,,7.5385428746077565e-06,19,4.721985225021011e-09,False,False,636,0.8333333333,455,0.0010109915649435866,,,0.0010109916730547544,1.0693576483955177e-07,3.28247778423573,0.9977536031353271,-3.5545589955374808e-06,-3.5545589955374808e-06,0.7500075385428746,,0.6295061573503781,0.0,0.5290926663287331,0.6295061573503781,,0.030799646833831632,0.030821099859607754,success,0.9999361530389643,0.9999361530389643,0.75,0.999999952353029,0.01,[0.01],,,,,,,,,0.0005924646066312562,,,
,,,0.018738013251384505,-3.1033282863429157e-06,6.104512895049291e-06,typ,,1.143768128742284e-07,True,,0.8602752685546875,0.64,,,3.465062810348307e-06,19,4.5404609561580695e-09,False,False,637,0.8333333333,275,0.0006103998931998693,,,0.0006104512895049291,8.419394953110584e-05,3.2575486259450073,0.9901760476596575,-0.0009989718304189714,-0.0009989718304189714,0.7500034650628103,,0.6560512345381647,0.0,0.512372501678978,0.512372501678978,,0.018738013251384505,0.018795199873812382,success,0.9999465877275021,0.580696222167987,0.75,0.999999923199735,0.01,[0.01],,,,,,,,,0.016561671959078258,,,
,,,0.026121358765012384,-8.743907521951945e-07,8.58090197363985e-06,arith,,2.2414405442166182e-07,True,,0.8733673095703125,0.72,,,4.035803803925653e-06,19,4.71591430643209e-09,False,False,638,0.8333333333,341,0.0008580872704136896,,,0.000858090197363985,3.411005398275209e-06,3.285002430895875,0.9985210036989809,-3.718958988492018e-06,-3.718958988492018e-06,0.7500040358038039,,0.5882615818523402,0.0,0.4666986084607827,0.5882615818523402,,0.026121358765012384,0.026133299073774437,success,0.9999349525496247,0.9999349525496247,0.75,0.9999999281163934,0.01,[0.01],,,,,,,,,0.003347416801940547,,,
,,,0.012319644798912685,-4.15786999869818e-06,4.013797511569575e-06,typ,,4.943127175437072e-08,True,,0.8586044311523438,0.72,,,4.538902694584124e-06,20,4.649008674589975e-09,False,False,639,0.8333333333,283,0.0004012394233860821,,,0.0004013797511569575,0.0003496134781858738,3.2569074022450297,0.9899811390268738,-0.0015520458626902647,-0.0015520458626902647,0.7500045389026946,,0.6172340780264574,0.0,0.42392814828529396,0.42392814828529396,,0.012319644798912685,0.012357015524101544,success,0.9999394394898077,0.49666025557161314,0.75,0.9999998638664652,0.01,[0.01],,,,,,,,,0.03374991784718621,,,
,,,0.022368367209915523,-1.3548510000561844e-06,7.35296187920006e-06,arith,,1.644719157732251e-07,True,,0.8740997314453125,0.8,,,-7.721548118677646e-06,19,4.598895780845233e-09,False,False,640,0.8333333333,317,0.0007352879815935669,,,0.000735296187920006,1.116057253383399e-05,3.287177712585235,0.9991822100455453,-3.9028968941488655e-06,-3.9028968941488655e-06,0.7499922784518813,,0.5507859038822167,0.0,0.411431377428361,0.5507859038822167,,0.022368367209915523,0.022373958004988048,success,0.9999353535008719,0.9999353535008719,0.75,0.9999998333534121,0.01,[0.01],,,,,,,,,0.006056995521137553,,,
,,,0.007460769400073687,-4.8834953322767235e-06,2.433197857030629e-06,typ,,1.812967958939862e-08,True,,0.8578033447265625,0.8,,,8.93098878340659e-06,19,4.3199347676116495e-09,False,False,641,0.8333333333,141,0.00024300013332699384,,,0.00024331978570306292,0.0013137130428808256,3.25703852104843,0.9900209943639485,-0.0022461157329177056,-0.0022461157329177056,0.7500089309887834,,0.5801485094335406,0.0,0.3344493627827669,0.3344493627827669,,0.007460769400073687,0.007481119947178716,success,0.9998661095797913,0.42980241168595407,0.75,0.9999990407403322,0.01,[0.01],,,,,,,,,0.06545565303530881,,,
,,,0.019351037207124982,-1.7285574563889333e-06,6.365086336473778e-06,arith,,1.2316803461278688e-07,True,,0.8750152587890625,0.88,,,9.613332724311974e-06,19,4.6589414795112575e-09,False,False,642,0.8333333333,306,0.0006364931930751333,,,0.0006365086336473779,2.4258229077167616e-05,3.289194198028717,0.9997951481213387,-4.106301333891681e-06,-4.106301333891681e-06,0.7500096133327243,,0.5171086632709534,0.0,0.36369668145763023,0.5171086632709534,,0.019351037207124982,0.019352137861155742,success,0.9999347435529541,0.9999347435529541,0.75,0.8941297708931019,0.01,[0.01],,,,,,,,,0.008932634658738007,,,
,,,0.004020641951206739,-5.26631642813635e-06,1.3176820298366638e-06,typ,,5.270193558791282e-09,True,,0.8567161560058594,0.88,,,7.893303386463657e-07,21,4.296498165263469e-09,False,False,643,0.8333333333,104,0.0001310784104316851,,,0.00013176820298366638,0.005234893823867172,3.260136366839225,0.990962626570743,-0.0030898213535204932,-0.0030898213535204932,0.7500007893303386,,0.5446800744379167,0.0,0.24732912570607407,0.24732912570607407,,0.004020641951206739,0.00402558642393221,success,1.0001434431713587,0.3764008056697414,0.75,0.9999873177581353,0.01,[0.01],,,,,,,,,0.130981979794439,,,
,,,0.01691822015831606,-2.0695151408824822e-06,5.56853736346318e-06,arith,,9.420545818196058e-08,True,,0.8760223388671875,0.96,,,-5.8474520034934585e-06,19,4.615790384484383e-09,False,False,644,0.8333333333,290,0.0005568284210774642,,,0.000556853736346318,4.546125346996136e-05,3.2912943315952665,1.000433512177648,-4.3293751338039765e-06,-4.3293751338039765e-06,0.7499941525479965,,0.48711146909885933,0.0,0.32327135628452053,0.48711146909885933,,0.01691822015831606,0.01691576295907761,success,0.9999351026998584,0.9999351026998584,0.75,0.790009864553734,0.01,[0.01],,,,,,,,,0.012232463707863638,,,
,,,0.0018040802840274647,-5.0221728789841685e-06,6.043082980629563e-07,typ,,1.0649984655831677e-09,True,,0.8560638427734375,0.96,,,7.233410563745046e-06,19,4.3065913622870555e-09,False,False,645,0.8333333333,136,5.903276450677927e-05,,,6.0430829806295626e-05,0.023134967763932812,3.2721805692035693,0.9946236250894925,-0.003956869425490815,-0.003956869425490815,0.7500072334105637,,0.5106453836173931,0.0,0.16567377924182944,0.16567377924182944,,0.0018040802840274647,0.0017940690688657266,success,0.9999345085868439,0.3382161626620188,0.75,0.9999877633070635,0.01,[0.01],,,,,,,,,0.2783785690386555,,,
,,,0.014952951564813523,-2.4414627192703494e-06,4.925622831396129e-06,arith,,7.364663888419637e-08,True,,0.87725830078125,1.04,,,-2.816387288717692e-06,17,4.6083525748212075e-09,False,False,646,0.8333333333,316,0.0004925224198378175,,,0.0004925622831396129,8.093047957563211e-05,3.2938140520483903,1.001199415353923,-4.571963289968931e-06,-4.571963289968931e-06,0.7499971836127113,,0.46060803855310933,0.0,0.28952611041213044,0.46060803855310933,,0.014952951564813523,0.01494714158286815,success,0.9999351933277187,0.9999351933277187,0.75,0.7352131201915073,0.01,[0.01],,,,,,,,,0.01632763076030733,,,
,,,0.0006104189574667819,-3.748566585554057e-06,2.280186431123992e-07,typ,,1.2513515096532854e-10,True,,0.8544845581054688,1.04,,,-6.6963581383250315e-06,20,4.3401372265359576e-09,False,False,647,0.8333333333,121,2.04998795392324e-05,,,2.280186431123992e-05,0.10095598941323337,3.3583294372616157,1.020809740932759,-0.004565621404566508,-0.004565621404566508,0.7499933036418617,,0.4778917568497039,0.0,0.0946719911609553,0.0946719911609553,,0.0006104189574667819,0.0005848115851459482,success,1.0001558885915782,0.3175238535874436,0.75,0.9999883192930045,0.01,[0.01],,,,,,,,,0.6140973408018785,,,
,,,0.013369839317257827,-2.9154954363290014e-06,4.409086142159352e-06,arith,,5.894027314297949e-08,True,,0.87872314453125,1.12,,,-7.296674613632703e-06,17,4.4419304112618005e-09,False,False,648,0.8333333333,295,0.0004408450374336153,,,0.0004409086142159352,0.00014419491992236286,3.2973099150456595,1.0022620302841272,-4.834112942762999e-06,-4.834112942762999e-06,0.7499927033253864,,0.4374591871087226,0.0,0.26176726517717974,0.4374591871087226,,0.013369839317257827,0.0133601295303776,success,0.9999350505051776,0.9999350505051776,0.75,0.7079550307035682,0.01,[0.01],,,,,,,,,0.021806510662889352,,,
,,,0.00015027400320758634,-1.7603070001422519e-06,8.078146960903127e-08,typ,,9.040674088391289e-12,True,,0.8535575866699219,1.12,,,-4.968095789315008e-06,21,4.431200288396718e-09,False,False,649,0.8333333333,114,6.016126472589295e-06,,,8.078146960903126e-06,0.2552590957175777,4.003437949462692,1.216899215034641,-0.0048536073111434905,-0.0048536073111434905,0.7499950319042107,,0.4264051437890909,0.0,0.04313193480829066,0.04313193480829066,,0.00015027400320758634,0.00012107515673454265,success,1.0001461949170831,0.30903808128997207,0.75,0.9999896532626918,0.01,[0.01],,,,,,,,,1.1713982209621374,,,
,,,0.012109895302505978,-3.5943571468059595e-06,4.000737085868983e-06,arith,,4.843558783942746e-08,True,,0.88055419921875,1.2,,,7.772382123016897e-06,17,4.548928901925689e-09,False,False,650,0.8333333333,292,0.0003999670239048588,,,0.00040007370858689833,0.0002666625667963429,3.3028115761008365,1.0039343347144558,-5.115604627207548e-06,-5.115604627207548e-06,0.750007772382123,,0.4176227973332833,0.0,0.2393051082291696,0.4176227973332833,,0.012109895302505978,0.012094670405617264,success,0.9999345793805589,0.9999345793805589,0.75,0.7162351893422577,0.01,[0.01],,,,,,,,,0.029681157904496137,,,
,,,4.38562329027901e-05,-7.186957136147534e-07,3.6492330491544085e-08,typ,,1.0838926164345266e-12,True,,0.8526763916015625,1.2,,,-1.3081836047756923e-06,19,4.423997468880718e-09,False,False,651,0.8333333333,171,2.4714676676335553e-06,,,3.6492330491544082e-06,0.32274326294226724,5.635385221324658,1.7129517027154557,-0.00504994283705159,-0.00504994283705159,0.7499986918163952,,0.2616381127503405,0.0,0.0205389236963989,0.0205389236963989,,4.38562329027901e-05,2.736436298280836e-05,success,0.9999124159411881,0.3036376451815552,0.75,0.9999902518848912,0.01,[0.01],,,,,,,,,1.6387538692796173,,,
,,,0.011143330155824582,-4.6669070416778396e-06,3.6930352191479945e-06,arith,,4.113093070271843e-08,True,,0.88275146484375,1.28,,,-6.138315866821564e-06,17,4.427627187151091e-09,False,False,652,0.8333333333,279,0.0003691080684818391,,,0.00036930352191479944,0.0005292487652078605,3.312367697271426,1.0068390472385569,-5.4164377166992074e-06,-5.4164377166992074e-06,0.7499938616841332,,0.40130119570998884,0.0,0.22166591829610097,0.40130119570998884,,0.011143330155824582,0.011118964680349072,success,0.9999349496861378,0.9999349496861378,0.75,0.7224796880201116,0.01,[0.01],,,,,,,,,0.04188072126031788,,,
,,,2.089398551683376e-05,-4.416667377932478e-07,2.5522782277752707e-08,typ,,3.3820313598773694e-13,True,,0.8519325256347656,1.28,,,9.439691787904714e-06,21,4.49210515658982e-09,False,False,653,0.8333333333,145,1.618662632436761e-06,,,2.5522782277752706e-06,0.3657969515934432,7.747026679676049,2.3548137386806416,-0.005363058670420062,-0.005363058670420062,0.7500094396917879,,0.2369134410704924,0.0,0.013685149921633109,0.013685149921633109,,2.089398551683376e-05,1.2122044356489415e-05,success,0.9999593214214434,0.29550346901951524,0.75,0.9999908441413113,0.01,[0.01],,,,,,,,,2.1138462905385285,,,
,,,0.010471325774191615,-6.483034629133001e-06,3.490192451557943e-06,arith,,3.6504912436885175e-08,True,,0.8856353759765625,1.36,,,6.945251102008498e-06,19,4.432294826437874e-09,False,False,654,0.8333333333,235,0.0003486178658184603,,,0.0003490192451557943,0.0011500206447207922,3.3292619610564405,1.0119742876489475,-5.735902162544416e-06,-5.735902162544416e-06,0.750006945251102,,0.3890531942361064,0.0,0.2084974925969164,0.3890531942361064,,0.010471325774191615,0.010430342152924193,success,0.9999346448269231,0.9999346448269231,0.75,0.7270544425801999,0.01,[0.01],,,,,,,,,0.061912261817997825,,,
,,,1.6438514991888053e-05,-4.7106187845289827e-07,2.8476392638016476e-08,typ,,2.4621031396335126e-13,True,,0.8501014709472656,1.36,,,6.546588027567246e-06,21,4.379858738191391e-09,False,False,655,0.8333333333,155,1.4977649385291141e-06,,,2.8476392638016475e-06,0.4740327689787603,9.111315342463836,2.769507765111084,-0.00594111326855723,-0.00594111326855723,0.7500065465880276,,0.2826965370887525,0.0,0.011202746628632129,0.011202746628632129,,1.6438514991888053e-05,8.107877659876689e-06,success,1.0004756590502908,0.2819987373085469,0.75,0.999991345502976,0.01,[0.01],,,,,,,,,2.8655987398214138,,,
,,,0.010147537348892949,-9.642647949305604e-06,3.4123161107584525e-06,arith,,3.453362452067628e-08,True,,0.8893890380859375,1.44,,,-4.463146960898001e-07,19,4.444990484988134e-09,False,False,656,0.8333333333,228,0.0003403153231502394,,,0.00034123161107584525,0.0026852375215676294,3.3536740141918897,1.0193946620054177,-6.073428633595408e-06,-6.073428633595408e-06,0.7499995536853039,,0.3822347299611471,0.0,0.19985684664230047,0.3822347299611471,,0.010147537348892949,0.010077268248432384,success,0.9999346058999155,0.9999346058999155,0.75,0.7304207587299983,0.01,[0.01],,,,,,,,,0.09502451301997497,,,
,,,2.163832200918021e-05,-7.629137117998923e-07,4.25047653011939e-08,typ,,3.3769446685957413e-13,True,,0.8465251922607422,1.44,,,5.618630796178081e-07,22,4.52662528844245e-09,False,False,657,0.8333333333,142,1.5606314885059241e-06,,,4.25047653011939e-06,0.6328337593568389,7.212349866333513,2.1922914758987044,-0.006963966375081593,-0.006963966375081593,0.7500005618630796,,0.2899969681203463,0.0,0.010403243405129686,0.010403243405129686,,2.163832200918021e-05,6.9755260463716994e-06,success,1.0012552643213357,0.26201767244186175,0.75,0.9999907032982193,0.01,[0.01],,,,,,,,,3.5257526506732857,,,
,,,0.010270142703630254,-1.4434156813302489e-05,3.4747546894091292e-06,arith,,3.547788163742917e-08,True,,0.894561767578125,1.52,,,-2.9952075153438784e-07,18,4.549367083180254e-09,False,False,658,0.8333333333,235,0.0003454468225148281,,,0.00034747546894091293,0.005838243580958439,3.3636029457771874,1.022412695306996,-6.427417589969261e-06,-6.427417589969261e-06,0.7499997004792485,,0.383146645105022,0.0,0.1958399102712279,0.383146645105022,,0.010270142703630254,0.010168831874938767,success,0.9999343631592166,0.9999343631592166,0.75,0.7558525496262174,0.01,[0.01],,,,,,,,,0.14054485151603932,,,
,,,2.3727051058243803e-05,-8.204797059310551e-07,4.149137038334798e-08,typ,,3.1128091571749154e-13,True,,0.8481903076171875,1.52,,,-6.905941932200399e-06,19,4.3300497101218814e-09,False,False,659,0.8333333333,178,1.3119241618074536e-06,,,4.149137038334798e-06,0.6838079461617452,5.529233947307726,1.680685584529843,-0.008764831782703209,-0.008764831782703209,0.7499930940580678,,0.3671760989502624,0.0,0.009915261422546912,0.009915261422546912,,2.3727051058243803e-05,6.303565275451145e-06,success,0.9995928422772264,0.2352108767365407,0.75,0.9999897908211802,0.01,[0.01],,,,,,,,,3.457992752310384,,,
,,,0.01085957780527721,-1.8998966691568817e-05,3.641492605119327e-06,arith,,3.918411153728759e-08,True,,0.9017486572265625,1.6,,,7.988940420089463e-06,19,4.523698915366008e-09,False,False,660,0.8333333333,210,0.0003608253676146238,,,0.0003641492605119327,0.00912783096864196,3.3226463688052474,1.0099633887367898,-6.795796500327802e-06,-6.795796500327802e-06,0.7500079889404201,,0.39321219727495466,0.0,0.19546807924792367,0.39321219727495466,,0.01085957780527721,0.010783619104512449,success,0.9999344573476787,0.9999344573476787,0.75,0.787804418345808,0.01,[0.01],,,,,,,,,0.17495124610034354,,,
,,,2.3204657584851253e-05,-6.595392670286496e-07,3.005990322832316e-08,typ,,2.625377166943153e-13,True,,0.8491973876953125,1.6,,,2.3523207790532297e-06,19,4.25863025533353e-09,False,False,661,0.8333333333,151,1.1314009514439393e-06,,,3.005990322832316e-06,0.6236178996152235,4.875749393443126,1.482050099061204,-0.012070015624892199,-0.012070015624892199,0.750002352320779,,0.1174283791512514,0.0,0.009647893814016024,0.009647893814016024,,2.3204657584851253e-05,5.92797124216183e-06,success,0.999753177021252,0.20195000403483254,0.75,0.999988574092224,0.01,[0.01],,,,,,,,,2.842271059665272,,,
,,,0.011649209502111804,-2.0037484438453722e-05,3.833910403238295e-06,arith,,4.426052471702757e-08,True,,0.911224365234375,1.68,,,-7.634510786891369e-06,18,4.445925368795125e-09,False,False,662,0.8333333333,220,0.00037994444780998994,,,0.0003833910403238295,0.008989757587784086,3.2615470409482503,0.9913914200821231,-7.176970382086656e-06,-7.176970382086656e-06,0.7499923654892131,,0.40760238408914506,0.0,0.19512159802172654,0.40760238408914506,,0.011649209502111804,0.01165391398440949,success,0.9999341742505244,0.9999341742505244,0.75,0.8231158063202321,0.01,[0.01],,,,,,,,,0.1720072459407762,,,
,,,1.074967360567659e-05,-2.2005510503506315e-07,1.0223503247975657e-08,typ,,6.147507377032013e-14,True,,0.8585443496704102,1.68,,,-8.409028037226207e-07,23,4.3943192313705215e-09,False,False,663,0.8333333333,78,5.718785148774836e-07,,,1.0223503247975655e-06,0.44062372651887144,5.319961664468503,1.6170744383274303,-0.01862722885399441,-0.01862722885399441,0.7499991590971963,,0.4086554676823054,0.0,0.009872626480142126,0.009872626480142126,,1.074967360567659e-05,6.1579561858953426e-06,success,1.0003682878923152,0.16370269591393502,0.75,0.9999869425764282,0.01,[0.01],,,,,,,,,2.0470863870588447,,,
,,,0.012247845894919026,-1.7520288236134035e-05,3.98414104136219e-06,arith,,4.8490184998349095e-08,True,,0.922943115234375,1.76,,,8.691830196694283e-07,18,4.42889684479598e-09,False,False,664,0.8333333333,215,0.00039590786342653993,,,0.000398414104136219,0.006290542136084064,3.232469340513019,0.9825528590050383,-7.570046898614695e-06,-7.570046898614695e-06,0.7500008691830197,,0.4183959299642929,0.0,0.19157974105964862,0.4183959299642929,,0.012247845894919026,0.01229975068899622,success,0.99993427320978,0.99993427320978,0.75,0.8576970604009084,0.01,[0.01],,,,,,,,,0.14304791541672043,,,
,,,5.26054472451949e-06,-6.424072267395669e-08,3.1058376931556845e-09,typ,,1.2211527642271707e-14,True,,0.8698740005493164,1.76,,,8.294262829777743e-06,23,4.411464157246912e-09,False,False,665,0.8333333333,74,2.3213428041688464e-07,,,3.1058376931556846e-07,0.2525872136575664,4.412742264786814,1.341312808130311,-0.033370847430711406,-0.033370847430711406,0.7500082942628298,,1.2986484988116092,0.0,0.00929800391986331,0.00929800391986331,,5.26054472451949e-06,5.430948895195068e-06,success,0.999293641523189,0.12297591387305187,0.75,0.9999844094947375,0.01,[0.01],,,,,,,,,1.2211800495589282,,,
,,,0.012503666410919748,-1.377609977956982e-05,4.0566113000621334e-06,arith,,5.0532733529607725e-08,True,,0.9363555908203125,1.84,,,-6.051586197486358e-06,19,4.279022373064137e-09,False,False,666,0.8333333333,195,0.0004041433277960478,,,0.00040566113000621335,0.0037415519947457698,3.232198576915806,0.9824705567405676,-7.975648821631856e-06,-7.975648821631856e-06,0.7499939484138025,,0.42323906968603453,0.0,0.18495701857519642,0.42323906968603453,,0.012503666410919748,0.012561886142051105,success,0.9999342623730704,0.9999342623730704,0.75,0.8875649785252335,0.01,[0.01],,,,,,,,,0.11017648205600579,,,
,,,2.9209116473097793e-06,-2.263359102266643e-08,1.2626386486705531e-09,typ,,3.1757764926639726e-15,True,,0.8837871551513672,1.84,,,-2.570041287008884e-06,22,4.3605668815708215e-09,False,False,667,0.8333333333,89,1.0872552395033685e-07,,,1.262638648670553e-07,0.13890229746400345,3.7223147112469266,1.1314479972984761,-0.07338822282095435,-0.07338822282095435,0.749997429958713,,0.23717360934634724,0.0,0.006293101150150097,0.006293101150150097,,2.9209116473097793e-06,2.479999245721765e-06,success,0.9988062368715273,0.08317960227759633,0.75,0.9999766489508445,0.01,[0.01],,,,,,,,,0.7748810561768427,,,
,,,0.01245056460553089,-1.032464553559876e-05,4.045573626472635e-06,arith,,5.0263077497393674e-08,True,,0.9510955810546875,1.92,,,3.515738428383486e-06,19,4.2554341855667085e-09,False,False,668,0.8333333333,188,0.00040370119018590854,,,0.00040455736264726345,0.002116319069692504,3.242432797036153,0.9855813866293169,-8.39410163136641e-06,-8.39410163136641e-06,0.7500035157384284,,0.42305744907810316,0.0,0.1763301717933005,0.42305744907810316,,0.01245056460553089,0.012499405439201094,success,0.9999342582836965,0.9999342582836965,0.75,0.9122187815103872,0.01,[0.01],,,,,,,,,0.08292511916296763,,,
,,,1.7160422250722086e-06,-9.665306303264995e-09,6.506178377347716e-10,typ,,1.0230695360021128e-15,True,,0.9026298522949219,1.92,,,-5.448052700085526e-07,21,4.490488116598501e-09,False,False,669,0.8333333333,108,5.961796982933e-08,,,6.506178377347716e-08,0.08367145240131521,3.474155178601235,1.0560165445591034,-0.21208870500584853,-0.21208870500584853,0.74999945519473,,0.1423335204100435,0.0,0.004796334518200147,0.004796334518200147,,1.7160422250722086e-06,1.438643729680033e-06,success,0.9992244213116028,0.0489097537782584,0.75,0.9999523006747059,0.01,[0.01],,,,,,,,,0.563232428785853,,,
,,,0.012182506185189233,-7.599836422994012e-06,3.9685257440330745e-06,arith,,4.8288831909109364e-08,True,,0.9667510986328125,2.0,,,-3.8656238170453605e-06,19,4.290172587061882e-09,False,False,670,0.8333333333,181,0.00039637847233614423,,,0.0003968525744033074,0.0011946553902945716,3.2536693707411173,0.988996895472931,-8.826087557912824e-06,-8.826087557912824e-06,0.749996134376183,,0.4193899670107021,0.0,0.16668992868189805,0.4193899670107021,,0.012182506185189233,0.012219525721770898,success,0.999933935586826,0.999933935586826,0.75,0.9311689236533081,0.01,[0.01],,,,,,,,,0.06238319363410987,,,
,,,1.1615591304433046e-06,-4.93764680273735e-09,4.0787963352391136e-10,typ,,4.493959564929858e-16,True,,0.9199390411376953,2.0,,,-1.285551321394962e-06,22,4.355405881760384e-09,False,False,671,0.8333333333,82,3.868902965977079e-08,,,4.0787963352391136e-08,0.051459634659529914,3.330784343712685,1.0124370364870094,-0.7552099740071885,-0.7552099740071885,0.7499987144486786,,1.2928747819372735,0.0,0.004711985364939562,0.004711985364939562,,1.1615591304433046e-06,1.3878931042907634e-06,success,0.9999881299887711,0.025781642222340174,0.75,0.9998392724983943,0.01,[0.01],,,,,,,,,0.4250878559107805,,,
,,,0.011779607349165675,-5.582396926012486e-06,3.84629811615875e-06,arith,,4.527671840074615e-08,True,,0.9831390380859375,2.08,,,-5.339489270950182e-06,19,4.454090315391304e-09,False,False,672,0.8333333333,178,0.0003843652598823934,,,0.00038462981161587503,0.0006878087072092134,3.2629717484566,0.9918244792353934,-9.271718874192853e-06,-9.271718874192853e-06,0.749994660510729,,0.4134119005360323,0.0,0.15664522754457372,0.4134119005360323,,0.011779607349165675,0.011806544590620034,success,0.999933558557265,0.999933558557265,0.75,0.9458025222027125,0.01,[0.01],,,,,,,,,0.047390348086669254,,,
,,,7.940519138549838e-07,-2.7099680139255766e-09,2.768672510234337e-10,typ,,2.1250304392242603e-16,True,,0.9406757354736328,2.08,,,9.151671011453644e-06,22,4.251431847653124e-09,False,False,673,0.8333333333,62,2.6761857784683215e-08,,,2.768672510234337e-08,0.033404720646497715,3.370290697337288,1.024445528018922,-2.172786222547207,-2.172786222547207,0.7500091516710115,,0.5307098884337663,0.0,0.0034618237312064887,0.0034618237312064887,,7.940519138549838e-07,7.490493472992029e-07,success,0.9974514351926397,0.015062023906690508,0.75,0.9995078340990403,0.01,[0.01],,,,,,,,,0.3412834811730575,,,
,,,0.011302148733988488,-4.123680511334748e-06,3.697307838466247e-06,arith,,4.1770518364727446e-08,True,,1.0000762939453125,2.16,,,-6.7625343378452385e-06,19,4.256434106579737e-09,False,False,674,0.8333333333,177,0.0003695803280230482,,,0.00036973078384662473,0.00040693345036403415,3.2700005699944867,0.9939609847888817,-9.731216688109315e-06,-9.731216688109315e-06,0.7499932374656622,,0.40598882620061266,0.0,0.14660748408234073,0.40598882620061266,,0.011302148733988488,0.011321482079723916,success,0.9999337988193562,0.9999337988193562,0.75,0.9569163703003263,0.01,[0.01],,,,,,,,,0.03648580998526212,,,
,,,5.937970613412089e-07,-1.6807733398332211e-09,1.9872598382329564e-10,typ,,1.1517790618651944e-16,True,,0.9582595825195312,2.16,,,-2.428243348617798e-07,20,4.0511658650655275e-09,False,False,675,0.8333333333,64,1.9396846782361504e-08,,,1.9872598382329562e-08,0.023940080245927475,3.2665784398713362,0.9929207819649146,-4.326571938033499,-4.326571938033499,0.7499997571756651,,2.133450832648492,0.0,0.0034818416141038254,0.0034818416141038254,,5.937970613412089e-07,7.577190343178608e-07,success,0.9993657858662076,0.010575916851451282,0.75,0.9988564016301446,0.01,[0.01],,,,,,,,,0.2830551798348176,,,
,,,0.01079006974522841,-3.0764300726350025e-06,3.534763956364873e-06,arith,,3.813088520010468e-08,True,,1.0174713134765625,2.24,,,2.6209802135301885e-06,19,4.319547676999772e-09,False,False,676,0.8333333333,173,0.00035338868144913464,,,0.0003534763956364873,0.0002481472269024392,3.2751287970627843,0.9955197788985215,-1.0204559432106962e-05,-1.0204559432106962e-05,0.7500026209802135,,0.39770142734142133,0.0,0.13682072207620494,0.39770142734142133,,0.01079006974522841,0.010803878618122546,success,0.9999334765247024,0.9999334765247024,0.75,0.9654512488313981,0.01,[0.01],,,,,,,,,0.028511679213153028,,,
,,,4.35829917963615e-07,-1.088729381187962e-09,1.484515461565289e-10,typ,,6.351429351750987e-17,True,,0.9786558151245117,2.24,,,-6.833922965521211e-06,23,3.534070035971118e-09,False,False,677,0.8333333333,29,1.4573183459794588e-08,,,1.484515461565289e-08,0.01832053372967452,3.3437776662710017,1.0163865329501753,-6.9178879437641925,-6.9178879437641925,0.7499931660770345,,0.3461174524425157,0.0,0.0025727813357472986,0.0025727813357472986,,4.35829917963615e-07,4.1370535466564433e-07,success,0.9989610236841674,0.008279896528070724,0.75,0.9977941528466296,0.01,[0.01],,,,,,,,,0.2498060221003125,,,
,,,0.010269756683487775,-2.3211601498065944e-06,3.3678035213533776e-06,arith,,3.4581134937651464e-08,True,,1.035186767578125,2.32,,,2.895181909545741e-06,18,4.318662217167219e-09,False,False,678,0.8333333333,182,0.0003367278895054323,,,0.0003367803521353378,0.00015577699106505597,3.27883025745722,0.9966448879436299,-1.0691973812086805e-05,-1.0691973812086805e-05,0.7500028951819095,,0.3889588472391124,0.0,0.1274510363738014,0.3889588472391124,,0.010269756683487775,0.010279739055596742,success,0.99993304619138,0.99993304619138,0.75,0.9719952278487737,0.01,[0.01],,,,,,,,,0.022601900135946464,,,
,,,3.365969326484114e-07,-6.604110866600288e-10,1.1183244157333975e-10,typ,,3.720631400078537e-17,True,,0.9972553253173828,2.32,,,-4.742494027709654e-06,22,3.22945982709662e-09,False,False,679,0.8333333333,31,1.10536699511902e-08,,,1.1183244157333974e-08,0.01158645955688986,3.283948509042472,0.9982006498700209,-9.818862671062455,-9.818862671062455,0.7499952575059723,,0.13539039527312277,0.0,0.002305538746150037,0.002305538746150037,,3.365969326484114e-07,3.3222177915666254e-07,success,0.999612635090457,0.006884602258422546,0.75,0.9983825424037217,0.01,[0.01],,,,,,,,,0.1962023484479741,,,
,,,0.00975693498081065,-1.7731127101191421e-06,3.202069139415056e-06,arith,,3.123923646865023e-08,True,,1.0531768798828125,2.4,,,2.7015822665621414e-06,19,4.395107504913925e-09,False,False,680,0.8333333333,166,0.0003201746914383428,,,0.0003202069139415056,0.00010063025425089707,3.281508917175763,0.9974591028634033,-1.1193389927749648e-05,-1.1193389927749648e-05,0.7500027015822666,,0.3800192339140388,0.0,0.11857824545518515,0.3800192339140388,,0.00975693498081065,0.009764176660334606,success,0.9999330284576429,0.9999330284576429,0.75,0.9770661035959312,0.01,[0.01],,,,,,,,,0.01817284540284826,,,
,,,2.630651277590001e-07,-5.189661458880744e-10,8.666007435073778e-11,typ,,2.2527917670103364e-17,True,,1.01641845703125,2.4,,,-8.541902307701577e-07,17,2.938627043061623e-09,False,False,681,0.8333333333,54,8.563627517647149e-09,,,8.666007435073779e-09,0.011813966026877495,3.255326006376824,0.9895004523233527,-12.972837772094746,-12.972837772094746,0.7499991458097692,,0.07491764209614461,0.0,0.001997932119449048,0.001997932119449048,,2.630651277590001e-07,2.494846452874568e-07,success,0.9998837004426248,0.005936591580360749,0.75,0.9944097033237592,0.01,[0.01],,,,,,,,,0.19727667833020837,,,
,,,0.09231934503341667,2.369894836869851e-05,3.0104812178603564e-05,arith,,2.7786949025289248e-06,True,,0.9504661560058594,0.0,,,4.656212411191518e-07,21,4.8130581485581375e-09,False,False,682,0.9166666667,552,0.0030098728511593373,,,0.0030104812178603562,0.00020208287545848234,3.2602840174720247,0.9910075069813854,-3.5042312928390334e-06,-3.5042312928390334e-06,0.7500004656212411,,0.9156336328371825,0.0,0.9156336328371825,0.9156336328371825,,0.09231934503341667,0.09257300346048924,success,0.9999349357945001,0.9999349357945001,0.75,0.9999996820079622,0.01,[0.01],,,,,,,,,-0.025670620128555116,,,
,,,0.09231918553442267,2.3696662533154368e-05,3.010475251807741e-05,typ,,2.7786847013690565e-06,True,,0.9504661560058594,0.0,,,-1.7060404311486366e-08,21,4.452331241070343e-09,False,False,683,0.9166666667,315,0.0030098670014078277,,,0.003010475251807741,0.00020204464379777423,3.260283313792398,0.9910072930884274,-4.722221483547079e-06,-4.722221483547079e-06,0.7499999829395957,,0.9156325976972481,0.0,0.9156325976972481,0.9156325976972481,,0.09231918553442267,0.09256906850326606,success,0.999932014282068,0.999932014282068,0.75,0.9999250148661398,0.01,[0.01],,,,,,,,,-0.02566818846589444,,,
,,,0.08953966874566854,2.2003726222785083e-05,2.920189903072426e-05,arith,,2.614244201987822e-06,True,,0.95050048828125,0.08,,,6.871148396037086e-06,17,4.808710338047754e-09,False,False,684,0.9166666667,732,0.0029196491774091866,,,0.002920189903072426,0.00018516797920247632,3.2607326097020253,0.9911438626685346,-3.513840338786097e-06,-3.513840338786097e-06,0.750006871148396,,0.9082191535119662,0.0,0.9081273931728745,0.9082191535119662,,0.08953966874566854,0.08978235427192514,success,0.9999354781622053,0.9999354781622053,0.75,0.9999999926010301,0.01,[0.01],,,,,,,,,-0.02457427700038203,,,
,,,0.0894880431944589,2.2007420162079158e-05,2.9181020591498952e-05,typ,,2.610868104608262e-06,True,,0.9502944946289062,0.08,,,9.841058466575348e-06,20,4.608277244502519e-09,False,False,685,0.9166666667,323,0.0029175608398708704,,,0.002918102059149895,0.00018546961965492872,3.2602800728707027,0.9910063079663606,-1.2329383849685703e-05,-1.2329383849685703e-05,0.7500098410584666,,0.9082632287454998,0.0,0.9081714862296013,0.9081714862296013,,0.0894880431944589,0.08973342412077236,success,0.9999320490377163,0.9924673543158249,0.75,0.999999992587392,0.01,[0.01],,,,,,,,,-0.02459258173101036,,,
,,,0.08208411615096006,1.7780075280469036e-05,2.6781175555511273e-05,arith,,2.1979929938808603e-06,True,,0.9505691528320312,0.16,,,-7.320832535295807e-06,20,4.800338305436714e-09,False,False,686,0.9166666667,556,0.0026777324249170863,,,0.002678117555551127,0.0001438064707960653,3.262180980291602,0.9915841145360006,-3.542716077924212e-06,-3.542716077924212e-06,0.7499926791674647,,0.8867737639157701,0.0,0.8854276724416603,0.8867737639157701,,0.08208411615096006,0.0822963463467613,success,0.9999349764022023,0.9999349764022023,0.75,0.9999999601050815,0.01,[0.01],,,,,,,,,-0.02166079884172704,,,
,,,0.08172303482890136,1.770924499918683e-05,2.664757786353389e-05,typ,,2.177407316489e-06,True,,0.9497451782226562,0.16,,,8.283942439568648e-06,20,4.306220700194074e-09,False,False,687,0.9166666667,319,0.002664374029975401,,,0.002664757786353389,0.00014401172967890732,3.2602485156769343,0.9909967157296854,-3.625042249406419e-05,-3.625042249406419e-05,0.7500082839424396,,0.8873841564347623,0.0,0.8860339314255293,0.8860339314255293,,0.08172303482890136,0.08195036219905978,success,0.9999321188415538,0.9701366611716691,0.75,0.9999683585055207,0.01,[0.01],,,,,,,,,-0.02166983279104064,,,
,,,0.07199981092559306,1.27637230342568e-05,2.3508313944677017e-05,arith,,1.6924312465705327e-06,True,,0.9507064819335938,0.24,,,-7.353925109976345e-06,20,4.755606417972718e-09,False,False,688,0.9166666667,515,0.002350605126337826,,,0.002350831394467702,9.625025869924075e-05,3.2647379154467746,0.992361329625257,-3.590827169228767e-06,-3.590827169228767e-06,0.74999264607489,,0.8535435319963186,0.0,0.8474546065587066,0.8535435319963186,,0.07199981092559306,0.07216946702548033,success,0.9999350890231247,0.9999350890231247,0.75,0.9999993649281621,0.01,[0.01],,,,,,,,,-0.017727439655983605,,,
,,,0.07077823020054902,1.2422119842623412e-05,2.307680795863659e-05,typ,,1.6331813169288579e-06,True,,0.9488296508789062,0.24,,,5.780348464323737e-06,20,4.235596054329939e-09,False,False,689,0.9166666667,315,0.0023074627781752436,,,0.002307680795863659,9.447480293044097e-05,3.2601306526556026,0.9909608896671984,-7.971308581955245e-05,-7.971308581955245e-05,0.7500057803484643,,0.8561054091024141,0.0,0.8499138964999636,0.8499138964999636,,0.07077823020054902,0.07097672790185822,success,0.9999322133803341,0.933137028408673,0.75,0.9999999089535377,0.01,[0.01],,,,,,,,,-0.017550763571546685,,,
,,,0.061330493303780445,8.327360524494497e-06,2.0045289219348193e-05,arith,,1.2293181313062717e-06,True,,0.9509124755859375,0.32,,,4.995647459815622e-06,19,4.78881661266499e-09,False,False,690,0.9166666667,516,0.002004415854307984,,,0.0020045289219348195,5.64060840421078e-05,3.2682206620771317,0.9934199576579994,-3.6581943605865693e-06,-3.6581943605865693e-06,0.7500049956474598,,0.8117884685727388,0.0,0.7952723308972716,0.8117884685727388,,0.061330493303780445,0.06145535605101059,success,0.9999353545140909,0.9999353545140909,0.75,0.9999997609090219,0.01,[0.01],,,,,,,,,-0.013577846966349436,,,
,,,0.05855378251137705,7.537567953045837e-06,1.9088633842269287e-05,typ,,1.1176548995089007e-06,True,,0.9475479125976562,0.32,,,2.2457969084399565e-07,20,4.157244930303022e-09,False,False,691,0.9166666667,304,0.0019087663538930886,,,0.0019088633842269287,5.0831471042886955e-05,3.259851493833406,0.990876035560331,-0.00014923626411762888,-0.00014923626411762888,0.7500002245796908,,0.8181709010632671,0.0,0.8008481664994764,0.8008481664994764,,0.05855378251137705,0.058719968994750064,success,0.9999323618868138,0.8818220160640742,0.75,0.9999999873416621,0.01,[0.01],,,,,,,,,-0.012872896728031671,,,
,,,0.05142147915028648,5.008203325821741e-06,1.6826358258778314e-05,arith,,8.652111482784669e-07,True,,0.951141357421875,0.4,,,-6.297682068279187e-06,18,4.773928914642592e-09,False,False,692,0.9166666667,516,0.0016825870484000784,,,0.0016826358258778312,2.89887312528895e-05,3.272148285510189,0.9946138120234156,-3.7449095675733558e-06,-3.7449095675733558e-06,0.7499937023179317,,0.7651195216458445,0.0,0.7318311810133482,0.7651195216458445,,0.05142147915028648,0.05150731924894805,success,0.9999350692255151,0.9999350692255151,0.75,0.9999995083894025,0.01,[0.01],,,,,,,,,-0.009739516265536752,,,
,,,0.04649359639761249,3.7000974548674268e-06,1.5154095746479256e-05,typ,,7.045547206864072e-07,True,,0.9459228515625,0.4,,,3.2279083856945334e-06,16,4.067196594667563e-09,False,False,693,0.9166666667,343,0.0015153801281816673,,,0.0015154095746479255,1.9431358195710056e-05,3.2593308446654903,0.990717777190464,-0.00025712062407497096,-0.00025712062407497096,0.7500032279083857,,0.7769003629513556,0.0,0.7400979620949724,0.7400979620949724,,0.04649359639761249,0.04662841971647615,success,0.9999325383862837,0.816744912626789,0.75,0.9999999831394503,0.01,[0.01],,,,,,,,,-0.00795829477940199,,,
,,,0.0428758743127622,2.7433629425267858e-06,1.4046268553414418e-05,arith,,6.022385190192662e-07,True,,0.9514389038085938,0.48,,,-4.800017067818629e-06,20,4.761173671855945e-09,False,False,694,0.9166666667,413,0.0014046093022527758,,,0.0014046268553414417,1.2496620436384816e-05,3.275989877213273,0.9957815158786969,-3.8509503181862435e-06,-3.8509503181862435e-06,0.7499951999829322,,0.7168167390941674,0.0,0.6616908901473694,0.7168167390941674,,0.0428758743127622,0.04293197553981845,success,0.9999352616170248,0.9999352616170248,0.75,0.9999999814202648,0.01,[0.01],,,,,,,,,-0.00639838367496616,,,
,,,0.03545516985274387,9.699423244880136e-07,1.1553040072009668e-05,typ,,4.0961405728054623e-07,True,,0.9439544677734375,0.48,,,7.545701896649604e-08,19,4.246187610343759e-09,False,False,695,0.9166666667,283,0.0011553013537427637,,,0.0011553040072009668,2.2967618796631028e-06,3.2584848938563327,0.9904606389786029,-0.00042579603438428956,-0.00042579603438428956,0.750000075457019,,0.7347218406432757,0.0,0.6690675427894365,0.6690675427894365,,0.03545516985274387,0.03556105357666506,success,0.9999325876522295,0.738739361241169,0.75,0.9999999766071037,0.01,[0.01],,,,,,,,,-0.0027356865825674498,,,
,,,0.0358008693675372,1.2777087849040249e-06,1.1740534361035344e-05,arith,,4.2031970442476916e-07,True,,0.9517822265625,0.56,,,-8.926109125173554e-06,16,4.6602689464297195e-09,False,False,696,0.9166666667,522,0.0011740488760474022,,,0.0011740534361035344,3.884027755423086e-06,3.279386497558025,0.9968139646598386,-3.976396278710737e-06,-3.976396278710737e-06,0.7499910738908748,,0.6693917866161045,0.0,0.5898938292664029,0.6693917866161045,,0.0358008693675372,0.035836257640820136,success,0.9999348310544321,0.9999348310544321,0.75,0.9999999761971247,0.01,[0.01],,,,,,,,,-0.0035689322842606726,,,
,,,0.025848612732765577,-8.691088751815657e-07,8.41947953201089e-06,typ,,2.1763111048415892e-07,True,,0.9416885375976562,0.56,,,1.7072494956638096e-06,20,4.471848703703852e-09,False,False,697,0.9166666667,218,0.000841945030993059,,,0.0008419479532010889,3.470770394780088e-06,3.257215540723443,0.9900748018929495,-0.00069969170746994,-0.00069969170746994,0.7500017072494957,,0.6931674581414432,0.0,0.5892691858776805,0.5892691858776805,,0.025848612732765577,0.025928924241301117,success,0.9999337591194565,0.6491290153374755,0.75,0.999999291624895,0.01,[0.01],,,,,,,,,0.003362303749786492,,,
,,,0.030062445694381355,3.4796242424335464e-07,9.867116450986712e-06,arith,,2.966295313900762e-07,True,,0.9521942138671875,0.64,,,-6.288986941660468e-06,19,4.635697097801724e-09,False,False,698,0.9166666667,410,0.000986711242344185,,,0.0009867116450986712,4.0817850709410396e-07,3.28220548778771,0.9976708349400822,-4.121270572596605e-06,-4.121270572596605e-06,0.7499937110130583,,0.6244707368830343,0.0,0.5207471058931551,0.6244707368830343,,0.030062445694381355,0.030084166628999272,success,0.9999351313911082,0.9999351313911082,0.75,0.9999997459830595,0.01,[0.01],,,,,,,,,-0.0011574654563397298,,,
,,,0.017819020790866846,-2.065851476116442e-06,5.801005143755557e-06,typ,,1.0336396352218441e-07,True,,0.93914794921875,0.64,,,-9.1740937896434e-06,17,4.376815335850472e-09,False,False,699,0.9166666667,212,0.0005800765638882004,,,0.0005801005143755558,4.128678868902334e-05,3.255378455956003,0.9895163950836845,-0.0011691725575343876,-0.0011691725575343876,0.7499908259062104,,0.6530703453720503,0.0,0.502341587866763,0.502341587866763,,0.017819020790866846,0.017877330633942347,success,0.999937531344616,0.5505250389143067,0.75,0.9999999464749157,0.01,[0.01],,,,,,,,,0.011593518523617728,,,
,,,0.025445518622146043,-2.4329608774792624e-07,8.357525792869948e-06,arith,,2.1266151900455183e-07,True,,0.9526748657226562,0.72,,,-1.749147750418345e-06,20,4.620009406097335e-09,False,False,700,0.9166666667,384,0.0008357523466606247,,,0.0008357525792869948,2.7834358620441714e-07,3.2844775501382113,0.9983614590800681,-4.285636137743966e-06,-4.285636137743966e-06,0.7499982508522496,,0.58292328230021,0.0,0.45717681331469234,0.58292328230021,,0.025445518622146043,0.02545844127216159,success,0.9999346116897796,0.9999346116897796,0.75,0.9999999579389806,0.01,[0.01],,,,,,,,,0.0009561451325113802,,,
,,,0.01137896239180467,-2.818797580567037e-06,3.701939369740877e-06,typ,,4.211628324522231e-08,True,,0.93658447265625,0.72,,,5.15290435632032e-06,17,4.364760403211321e-09,False,False,701,0.9166666667,195,0.00037012410969523195,,,0.00037019393697408767,0.0001886235075227792,3.252705272686391,0.9887038448047746,-0.0020220875855456477,-0.0020220875855456477,0.7500051529043563,,0.6147843785495974,0.0,0.41007672918990995,0.41007672918990995,,0.01137896239180467,0.011418614172899397,success,0.9999328788935938,0.4481038154331382,0.75,0.9999999075278239,0.01,[0.01],,,,,,,,,0.02477200893639639,,,
,,,0.021733627444673904,-6.299324884598348e-07,7.142370623200178e-06,arith,,1.5522922538147602e-07,True,,0.9532241821289062,0.8,,,7.046261829568579e-08,20,4.671974830406715e-09,False,False,702,0.9166666667,298,0.0007142352365091124,,,0.0007142370623200178,2.5563093847586605e-06,3.2863139773942556,0.9989196660298345,-4.469564233250617e-06,-4.469564233250617e-06,0.7500000704626183,,0.5450807112349716,0.0,0.4006959551073201,0.5450807112349716,,0.021733627444673904,0.02174088535803115,success,0.9999345071017427,0.9999345071017427,0.75,0.9999998326841042,0.01,[0.01],,,,,,,,,0.002898423146634952,,,
,,,0.0064874559501373694,-3.1709575918965948e-06,2.1091278324042973e-06,typ,,1.3672818933881986e-08,True,,0.9339523315429688,0.8,,,7.7516327657845e-06,20,4.2520928144532206e-09,False,False,703,0.9166666667,152,0.00021075779225279316,,,0.00021091278324042974,0.0007348581970960941,3.2486970836130364,0.9874855014212508,-0.003621355246696357,-0.003621355246696357,0.7500077516327658,,0.5783560032276129,0.0,0.3146440965761687,0.3146440965761687,,0.0064874559501373694,0.006511486677523491,success,0.9999030392108472,0.3508174996542829,0.75,0.9999998125275716,0.01,[0.01],,,,,,,,,0.048878290908926335,,,
,,,0.018739494788643604,-8.988144873896549e-07,6.161312257299967e-06,arith,,1.1545907106939595e-07,True,,0.9538421630859375,0.88,,,-6.0597608695367455e-06,19,4.607702987895954e-09,False,False,704,0.9166666667,306,0.0006161269146880404,,,0.0006161312257299967,6.996954181544663e-06,3.287852322792725,0.9993872669597055,-4.673134529342379e-06,-4.673134529342379e-06,0.7499939402391305,,0.5109431336577541,0.0,0.35172495670574283,0.5109431336577541,,0.018739494788643604,0.018743013738147074,success,0.9999344400843077,0.9999344400843077,0.75,0.9999998577103175,0.01,[0.01],,,,,,,,,0.004796364563330432,,,
,,,0.003075987852859708,-3.0840248438020297e-06,1.0004265304749634e-06,typ,,3.0677886461823818e-09,True,,0.932098388671875,0.88,,,-1.1552724338281806e-06,18,4.444420926737832e-09,False,False,705,0.9166666667,195,9.973344476410388e-05,,,0.00010004265304749634,0.0030907645286621815,3.242322451676229,0.9855478456618861,-0.0061501700511654,-0.0061501700511654,0.7499988447275662,,0.5436253361399055,0.0,0.21891031983673997,0.21891031983673997,,0.003075987852859708,0.003087067619889166,success,0.9999407298761549,0.27653739492074214,0.75,0.9999994716232652,0.01,[0.01],,,,,,,,,0.1002612816216049,,,
,,,0.01631172954959247,-1.1067786319835376e-06,5.365386880269286e-06,arith,,8.751751476094405e-08,True,,0.9545745849609375,0.96,,,-3.515009119769985e-06,19,4.634457656061515e-09,False,False,706,0.9166666667,289,0.0005365311783454047,,,0.0005365386880269286,1.3996533132774206e-05,3.2892353733194977,0.9998076639089348,-4.896351093132325e-06,-4.896351093132325e-06,0.7499964849908802,,0.4803326322676722,0.0,0.30998075753714893,0.4803326322676722,,0.01631172954959247,0.016312640027108395,success,0.9999347154983231,0.9999347154983231,0.75,0.8894607770296605,0.01,[0.01],,,,,,,,,0.006785170319423235,,,
,,,0.0010314090719568908,-2.385452093451577e-06,3.3929401923620084e-07,typ,,3.4426054781078087e-10,True,,0.9315948486328125,0.96,,,5.486207749427763e-06,19,4.44886856376403e-09,False,False,707,0.9166666667,132,3.337769243755204e-05,,,3.3929401923620084e-05,0.01626051314756502,3.2361255436918546,0.9836642115061877,-0.008698746278954806,-0.008698746278954806,0.7500054862077494,,0.5102727013850358,0.0,0.12720609812936884,0.12720609812936884,,0.0010314090719568908,0.0010315714130702763,success,0.9999328586205434,0.2355362955921678,0.75,0.9999859194604364,0.01,[0.01],,,,,,,,,0.23128089119147097,,,
,,,0.01433230001234368,-1.2928580082515098e-06,4.7163255987780895e-06,arith,,6.759412195575453e-08,True,,0.9554443359375,1.04,,,7.944946798010832e-06,16,4.57916191257635e-09,False,False,708,0.9166666667,342,0.00047162089753590943,,,0.0004716325598778089,2.4727601297314883e-05,3.2906155824935728,1.0002271971905088,-5.139253091727405e-06,-5.139253091727405e-06,0.750007944946798,,0.4530002933871619,0.0,0.27482268483012645,0.4530002933871619,,0.01433230001234368,0.01433120457904475,success,0.9999344900088974,0.9999344900088974,0.75,0.7755815531379507,0.01,[0.01],,,,,,,,,0.009020589906281873,,,
,,,0.00018029067768503179,-9.395270932783286e-07,6.559330134849705e-08,typ,,1.0943149592715018e-11,True,,0.9307136535644531,1.04,,,8.27355542076802e-07,21,4.370199248066823e-09,False,False,709,0.9166666667,95,6.069725696984025e-06,,,6.559330134849705e-06,0.07464244485338718,3.366633136510724,1.023333762842348,-0.010132205839714,-0.010132205839714,0.7500008273555421,,0.4826395949009552,0.0,0.05251698839148969,0.05251698839148969,,0.00018029067768503179,0.00017501983353448202,success,1.0000804897119768,0.21938428753824293,0.75,0.9999883441549849,0.01,[0.01],,,,,,,,,0.5211179553718714,,,
,,,0.012711408119319161,-1.4889437893606622e-06,4.185002483798161e-06,arith,,5.3195057598314927e-08,True,,0.9564056396484375,1.12,,,-3.4068765732975237e-06,19,4.550589187048666e-09,False,False,710,0.9166666667,265,0.00041848280771874174,,,0.0004185002483798161,4.167419527677316e-05,3.292182925687986,1.0007036123934039,-5.402016626788217e-06,-5.402016626788217e-06,0.7499965931234267,,0.428696005287877,0.0,0.24549628116006939,0.428696005287877,,0.012711408119319161,0.012708522405014303,success,0.9999343972253623,0.9999343972253623,0.75,0.7168456311592905,0.01,[0.01],,,,,,,,,0.01171344492588294,,,
,,,2.7155163141652934e-05,-1.5675255757862354e-07,1.093887751633365e-08,typ,,2.7247563923515984e-13,True,,0.9301528930664062,1.12,,,3.925074083088731e-06,20,4.448537854659179e-09,False,False,711,0.9166666667,125,1.0034026966209351e-06,,,1.0938877516333648e-06,0.08271877519180534,3.6950715095569775,1.1231670569741783,-0.009958899228756594,-0.009958899228756594,0.7500039250740831,,0.3383427561280248,0.0,0.019541071622631925,0.019541071622631925,,2.7155163141652934e-05,2.41864761603477e-05,success,1.000064276819773,0.22137966563107442,0.75,0.9999895187532553,0.01,[0.01],,,,,,,,,0.5772477107242376,,,
,,,0.011381394964222831,-1.7275056554123302e-06,3.7495413505433116e-06,arith,,4.2672026769429445e-08,True,,0.957550048828125,1.2,,,-9.966023745477948e-06,18,4.585668930554336e-09,False,False,712,0.9166666667,274,0.00037492791440388486,,,0.00037495413505433115,6.993028745367884e-05,3.2942175856515186,1.0013220748608482,-5.6845483052003374e-06,-5.6845483052003374e-06,0.7499900339762545,,0.40719787904362,0.0,0.22122444161258945,0.40719787904362,,0.011381394964222831,0.011376586673664587,success,0.9999345702974702,0.9999345702974702,0.75,0.7041323492844525,0.01,[0.01],,,,,,,,,0.015178329728848763,,,
,,,8.390608969362243e-06,-4.05503575636891e-08,3.2981544742421566e-09,typ,,2.6029193015375414e-14,True,,0.93017578125,1.2,,,8.235790673660759e-06,14,4.391828601249036e-09,False,False,713,0.9166666667,265,3.1021816307277934e-07,,,3.2981544742421567e-07,0.05941894021182668,3.6972067725420237,1.123816099093276,-0.009348889286735764,-0.009348889286735764,0.7500082357906737,,0.18089003703987547,0.0,0.010649768669599382,0.010649768669599382,,8.390608969362243e-06,7.1841682760987466e-06,success,0.9995632986650782,0.22825358631750028,0.75,0.9999906539866484,0.01,[0.01],,,,,,,,,0.48328265220982247,,,
,,,0.010293179297336318,-2.0512928219472592e-06,3.3942856554473727e-06,arith,,3.4933783035655164e-08,True,,0.9589691162109375,1.28,,,3.866739358038274e-06,19,4.4818390046807e-09,False,False,714,0.9166666667,238,0.00033938768602520476,,,0.00033942856554473725,0.00012043629700664983,3.2972095037053513,1.0022315088965739,-5.986717953586156e-06,-5.986717953586156e-06,0.750003866739358,,0.3883550953940813,0.0,0.20131584417291204,0.3883550953940813,,0.010293179297336318,0.01028588364056265,success,0.9999347664415854,0.9999347664415854,0.75,0.7139931284417603,0.01,[0.01],,,,,,,,,0.01992866113269877,,,
,,,4.04870046255155e-06,-1.7967775293704976e-08,1.5776620615234731e-09,typ,,6.064640169235043e-15,True,,0.930633544921875,1.28,,,5.2623298495424464e-06,18,4.503615117489538e-09,False,False,715,0.9166666667,198,1.4979226606981485e-07,,,1.577662061523473e-07,0.050542763732509426,3.6997616261148045,1.124592681457357,-0.009022947059054497,-0.009022947059054497,0.7500052623298495,,0.11355812609544538,0.0,0.0073844529093414785,0.0073844529093414785,,4.04870046255155e-06,3.455442080877495e-06,success,1.0000895712669553,0.23221482169281657,0.75,0.9999915821767934,0.01,[0.01],,,,,,,,,0.4437911734863542,,,
,,,0.009414946306189761,-2.532989592966526e-06,3.1096328465676906e-06,arith,,2.9270610246120755e-08,True,,0.960662841796875,1.36,,,9.937235799561961e-06,18,4.457433765788346e-09,False,False,716,0.9166666667,251,0.00031089513730818717,,,0.00031096328465676906,0.00021914917916148483,3.302144560333735,1.0037315862333633,-6.308571357567278e-06,-6.308571357567278e-06,0.7500099372357996,,0.3721447440457446,0.0,0.18524166585126758,0.3721447440457446,,0.009414946306189761,0.009403856773659246,success,0.9999345807387935,0.9999345807387935,0.75,0.7210910121788842,0.01,[0.01],,,,,,,,,0.026903919688859378,,,
,,,2.5310433391614345e-06,-1.1487407505984744e-08,1.0191801196844613e-09,typ,,2.4476285221245544e-15,True,,0.9290943145751953,1.36,,,2.828248421682389e-06,22,4.498932242947687e-09,False,False,717,0.9166666667,131,9.670433074984342e-08,,,1.0191801196844613e-07,0.05115564087157504,3.8207299437979096,1.1613626408499806,-0.009192120396503266,-0.009192120396503266,0.7500028282484217,,0.08767515047220582,0.0,0.0058578168091498505,0.0058578168091498505,,2.5310433391614345e-06,2.1747210078749696e-06,success,1.0000144641430215,0.23024823165418698,0.75,0.9999919184859768,0.01,[0.01],,,,,,,,,0.4538605613047567,,,
,,,0.00873243734712577,-3.3123574073310997e-06,2.892684028909662e-06,arith,,2.524921033589107e-08,True,,0.9627227783203125,1.44,,,3.5586709978829845e-06,19,4.550276190206459e-09,False,False,718,0.9166666667,225,0.0002891427597153239,,,0.0002892684028909662,0.00043434808083646045,3.311134660593855,1.0064642490316194,-6.649920296392109e-06,-6.649920296392109e-06,0.7500035586709979,,0.35873893631956943,0.0,0.17262730359872666,0.35873893631956943,,0.00873243734712577,0.00871471617895987,success,0.9999343564007167,0.9999343564007167,0.75,0.7260831810994671,0.01,[0.01],,,,,,,,,0.037931648125953545,,,
,,,1.7878728201626455e-06,-8.797252974973946e-09,7.77291299831739e-10,typ,,1.3123063284123718e-15,True,,0.9291744232177734,1.44,,,2.074751824343579e-06,22,4.502315644316722e-09,False,False,719,0.9166666667,135,7.340042947199058e-08,,,7.772912998317389e-08,0.05568955309444922,4.105461453645972,1.2479106416442076,-0.010002434078758823,-0.010002434078758823,0.7500020747518243,,0.069136017557202,0.0,0.0049215608007779355,0.0049215608007779355,,1.7878728201626455e-06,1.5339048590045282e-06,success,1.0006708516530738,0.22123826817897188,0.75,0.9999920432407704,0.01,[0.01],,,,,,,,,0.4920513850741154,,,
,,,0.008255726874556502,-4.68187710720417e-06,2.7504835711288333e-06,arith,,2.2685321162947484e-08,True,,0.96533203125,1.52,,,-9.183836700676906e-06,14,4.475791214236445e-09,False,False,720,0.9166666667,294,0.00027478284477726425,,,0.00027504835711288333,0.000965329654778152,3.328390691122829,1.011709453346111,-7.010275645098437e-06,-7.010275645098437e-06,0.7499908161632993,,0.3486726919838634,0.0,0.16330638466582387,0.3486726919838634,,0.008255726874556502,0.008225096444534424,success,0.999934633490487,0.999934633490487,0.75,0.7296371226766225,0.01,[0.01],,,,,,,,,0.05671065889586713,,,
,,,1.4028581354938914e-06,-8.110269620192547e-09,7.047842612513377e-10,typ,,9.22935861352273e-16,True,,0.9290542602539062,1.52,,,2.1099523757062144e-06,20,4.457714352623967e-09,False,False,721,0.9166666667,171,6.578967879937079e-08,,,7.047842612513377e-08,0.06652741247992894,4.689688653101678,1.4254944157389084,-0.011754876051900377,-0.011754876051900377,0.7500021099523757,,0.07890656138859757,0.0,0.004404062612030453,0.004404062612030453,,1.4028581354938914e-06,1.2262855270927513e-06,success,0.9995838503803826,0.20484474543857714,0.75,0.9999909632244666,0.01,[0.01],,,,,,,,,0.5781247166048789,,,
,,,0.008034965989958223,-7.212569838546465e-06,2.70425859464909e-06,arith,,2.1676604672381744e-08,True,,0.9688568115234375,1.6,,,-3.2212399541098335e-06,19,4.4149030054352845e-09,False,False,722,0.9166666667,208,0.0002697784246936738,,,0.000270425859464909,0.0023941304005329024,3.3575552781534115,1.020574424781247,-7.388509466771495e-06,-7.388509466771495e-06,0.7499967787600459,,0.34317598554624984,0.0,0.15737617242866137,0.34317598554624984,,0.008034965989958223,0.007978695318866056,success,0.9999342721443053,0.9999342721443053,0.75,0.7322841780945196,0.01,[0.01],,,,,,,,,0.08976478366629609,,,
,,,1.2446307993872145e-06,-9.338136394740841e-09,7.655670664844628e-10,typ,,8.656475586162983e-16,True,,0.9267654418945312,1.6,,,-5.3037515208576025e-06,20,4.408863679870404e-09,False,False,723,0.9166666667,140,6.955054937114636e-08,,,7.655670664844628e-08,0.09151591786037346,5.588046624379623,1.6985624946921405,-0.015150981385310496,-0.015150981385310496,0.7499946962484791,,0.104011303688364,0.0,0.004168738573444466,0.004168738573444466,,1.2446307993872145e-06,1.0962691482576343e-06,success,1.0002281615960027,0.1812823081916639,0.75,0.9999907713944973,0.01,[0.01],,,,,,,,,0.7502736071884457,,,
,,,0.008179034401205649,-1.150423151755537e-05,2.7800960744766557e-06,arith,,2.2606154088991833e-08,True,,0.9737548828125,1.68,,,9.971009767295591e-06,16,4.48306064860285e-09,False,False,724,0.9166666667,256,0.0002763914782612911,,,0.0002780096074476656,0.005820407435664227,3.3792678292262592,1.0271742489050337,-7.782969264561747e-06,-7.782969264561747e-06,0.7500099710097673,,0.344734932873483,0.0,0.15527148729375823,0.344734932873483,,0.008179034401205649,0.008086096658666804,success,0.9999343491384305,0.9999343491384305,0.75,0.7476622631290195,0.01,[0.01],,,,,,,,,0.14065513058435802,,,
,,,1.275147258120852e-06,-1.2830526784613755e-08,9.075810415977391e-10,typ,,9.92677059145133e-16,True,,0.9228000640869141,1.68,,,-2.2510152106747228e-06,22,4.373773888009842e-09,False,False,725,0.9166666667,96,7.784803306623682e-08,,,9.075810415977391e-08,0.1422470336181739,6.10502297444134,1.8557044618021865,-0.021867966259547785,-0.021867966259547785,0.7499977489847893,,0.14292606550815573,0.0,0.004170447635346517,0.004170447635346517,,1.275147258120852e-06,1.0942869837563675e-06,success,1.0016729874873036,0.1516389711840496,0.75,0.9999883222081222,0.01,[0.01],,,,,,,,,1.0061996136447593,,,
,,,0.008771115129757574,-1.6300070973403474e-05,2.959376543933057e-06,arith,,2.5691340065402925e-08,True,,0.980621337890625,1.76,,,7.512759996330942e-07,18,4.342625849016219e-09,False,False,726,0.9166666667,213,0.00029290848068155514,,,0.0002959376543933057,0.010235850919209893,3.33946683344528,1.0150761968970163,-8.191233213495448e-06,-8.191233213495448e-06,0.7500007512759996,,0.35605123651498255,0.0,0.15689146164918688,0.35605123651498255,,0.008771115129757574,0.008687186206221057,success,0.9999341355605589,0.9999341355605589,0.75,0.7807711695641534,0.01,[0.01],,,,,,,,,0.18583806884603044,,,
,,,1.3927264105238586e-06,-1.5686317429893117e-08,8.831327603044806e-10,typ,,9.839017647635178e-16,True,,0.9233236312866211,1.76,,,-3.7249422231155904e-06,23,4.344716416174292e-09,False,False,727,0.9166666667,76,7.064573180553344e-08,,,8.831327603044806e-08,0.20005535995316623,5.072477356048761,1.5418482291414495,-0.03639996939512685,-0.03639996939512685,0.7499962750577769,,0.7664456060135134,0.0,0.004529847562748426,0.004529847562748426,,1.3927264105238586e-06,1.2875970347194213e-06,success,1.0007105913357104,0.11803026562466067,0.75,0.9999847223967083,0.01,[0.01],,,,,,,,,1.1263028625983247,,,
,,,0.009602879908013989,-1.7952432902239612e-05,3.1668692675704514e-06,arith,,3.008877541374985e-08,True,,0.9900054931640625,1.84,,,-5.160862653896814e-06,19,4.3713195236854376e-09,False,False,728,0.9166666667,195,0.00031333074767122263,,,0.0003166869267570451,0.01059778223304202,3.26288312123674,0.9917975397909361,-8.610581274540912e-06,-8.610581274540912e-06,0.7499948391373461,,0.3730920174358987,0.0,0.1590906229200982,0.3730920174358987,,0.009602879908013989,0.009600868944778943,success,0.9999339422958986,0.9999339422958986,0.75,0.8180089173443563,0.01,[0.01],,,,,,,,,0.18694842666164746,,,
,,,1.3638849491253616e-06,-1.2846909117952433e-08,6.482720173741181e-10,typ,,7.191253735507652e-16,True,,0.9318981170654297,1.84,,,6.540315853342804e-07,22,4.354116223455368e-09,False,False,729,0.9166666667,90,5.2726248941446943e-08,,,6.482720173741181e-08,0.18666474059733174,3.8658868532319732,1.1750886953904482,-0.07317876769438995,-0.07317876769438995,0.7500006540315853,,0.2425558558369922,0.0,0.004141081387926396,0.004141081387926396,,1.3638849491253616e-06,1.0737562788615646e-06,success,0.997936329801274,0.08345661504280537,0.75,0.9999772801462778,0.01,[0.01],,,,,,,,,0.941934957651007,,,
,,,0.01028058377534814,-1.584618036370397e-05,3.339819123856545e-06,arith,,3.4084188865197995e-08,True,,1.00177001953125,1.92,,,-3.3006107901245585e-06,17,4.406119831796305e-09,False,False,730,0.9166666667,213,0.0003315394301530681,,,0.0003339819123856545,0.007313217099511731,3.2249085985570987,0.9802546690324738,-9.04026048245991e-06,-9.04026048245991e-06,0.7499966993892099,,0.3865268818637113,0.0,0.15823901442264912,0.3865268818637113,,0.01028058377534814,0.010330791032908168,success,0.9999338283776976,0.9999338283776976,0.75,0.8541734091054548,0.01,[0.01],,,,,,,,,0.15413697033140863,,,
,,,1.1339608658298313e-06,-7.799205181594447e-09,4.404544826786644e-10,typ,,4.38630545072319e-16,True,,0.9465522766113281,1.92,,,-5.299028239313941e-06,21,4.4470375024537945e-09,False,False,731,0.9166666667,108,3.868127713131702e-08,,,4.404544826786644e-08,0.12178718454462582,3.411165084873551,1.0368698519964112,-0.18874868982322643,-0.18874868982322643,0.7499947009717607,,0.28583249673085886,0.0,0.00410307763693541,0.00410307763693541,,1.1339608658298313e-06,1.0528876759825362e-06,success,0.99934342460544,0.0519573313621152,0.75,0.9999543132778486,0.01,[0.01],,,,,,,,,0.6877843333585412,,,
,,,0.010627101468818794,-1.2380984644744968e-05,3.441249754811195e-06,arith,,3.641722154315296e-08,True,,1.0153656005859375,2.0,,,-8.309667569594836e-07,19,4.414243134228857e-09,False,False,732,0.9166666667,185,0.0003426825428364028,,,0.0003441249754811195,0.004191595343232623,3.224609681594506,0.9801638091710918,-9.48106070348747e-06,-9.48106070348747e-06,0.749999169033243,,0.39328687547607266,0.0,0.15416347582998027,0.39328687547607266,,0.010627101468818794,0.010683814342911865,success,0.9999335299283121,0.9999335299283121,0.75,0.8857229070979465,0.01,[0.01],,,,,,,,,0.1165038715502273,,,
,,,9.044823338711709e-07,-4.5301037249111354e-09,3.2774955192578844e-10,typ,,2.759218398926139e-16,True,,0.9619102478027344,2.0,,,7.172913684905247e-06,21,4.396456829445689e-09,False,False,733,0.9166666667,104,3.0506050760734324e-08,,,3.2774955192578846e-08,0.06922677448414224,3.3727635818124693,1.0251971947650305,-0.6137499261285893,-0.6137499261285893,0.7500071729136849,,0.287257359012858,0.0,0.003686471030247401,0.003686471030247401,,9.044823338711709e-07,8.49530315859975e-07,success,0.9990888219115804,0.028688997348209736,0.75,0.9998819546776846,0.01,[0.01],,,,,,,,,0.5008504373460075,,,
,,,0.010674918149172923,-9.182213168562237e-06,3.4636586700240174e-06,arith,,3.688995976050661e-08,True,,1.0302886962890625,2.08,,,2.9531678173988496e-06,19,4.382576802217166e-09,False,False,734,0.9166666667,173,0.0003455760432539222,,,0.00034636586700240174,0.0022803163467434344,3.237271128684925,0.9840124275885701,-9.933925252930318e-06,-9.933925252930318e-06,0.7500029531678174,,0.3946128809845721,0.0,0.1480008592364604,0.3946128809845721,,0.010674918149172923,0.010721578855744459,success,0.9999337061147183,0.9999337061147183,0.75,0.910835314919261,0.01,[0.01],,,,,,,,,0.08601670795268497,,,
,,,6.836441535646466e-07,-2.829038432972122e-09,2.390525922074178e-10,typ,,1.554234486018414e-16,True,,0.9816970825195312,2.08,,,1.5561639087335877e-06,20,4.2849396763064865e-09,False,False,735,0.9166666667,111,2.2734553903728262e-08,,,2.3905259220741777e-08,0.04897270957002357,3.3254952573186074,1.0108293470055059,-1.8011887719387827,-1.8011887719387827,0.7500015561639087,,0.1891247911418569,0.0,0.003153461439816739,0.003153461439816739,,6.836441535646466e-07,6.215562542721308e-07,success,1.0007287660948219,0.016606984185862032,0.75,0.999654217689075,0.01,[0.01],,,,,,,,,0.41381739582222626,,,
,,,0.010512946852229315,-6.69651360101917e-06,3.4216143359504383e-06,arith,,3.592640636826423e-08,True,,1.046173095703125,2.16,,,8.256058006472777e-06,18,4.325811691296777e-09,False,False,736,0.9166666667,190,0.0003417348805548834,,,0.00034216143359504383,0.0012466426612686413,3.2506097991203777,0.9880668972187755,-1.0399563440410776e-05,-1.0399563440410776e-05,0.7500082560580065,,0.3922335603526777,0.0,0.14070286907037102,0.3922335603526777,,0.010512946852229315,0.010547644484557892,success,0.9999334346403332,0.9999334346403332,0.75,0.9302851044801663,0.01,[0.01],,,,,,,,,0.06369777851201774,,,
,,,5.368354836250869e-07,-1.6953315179715696e-09,1.8304106302845622e-10,typ,,9.538878863830351e-17,True,,0.999481201171875,2.16,,,-8.245078392477012e-06,18,4.072675196050559e-09,False,False,737,0.9166666667,103,1.776871901130157e-08,,,1.8304106302845623e-08,0.029249572892877093,3.3099002493864242,1.0060890330177044,-3.73755117569733,-3.73755117569733,0.7499917549216075,,0.1600257971341642,0.0,0.0028828848943698647,0.0028828848943698647,,5.368354836250869e-07,5.194516440125357e-07,success,0.9998179855046022,0.011424769094580631,0.75,0.9992312567690118,0.01,[0.01],,,,,,,,,0.31580094268797415,,,
,,,0.010220037061525088,-4.882424537560902e-06,3.335389361700088e-06,arith,,3.4063964821826426e-08,True,,1.062744140625,2.24,,,5.762169404732731e-06,15,4.3010241448818425e-09,False,False,738,0.9166666667,229,0.0003333056878048466,,,0.0003335389361700088,0.0006993137528126454,3.261296273177203,0.9913151958199774,-1.0878538785977178e-05,-1.0878538785977178e-05,0.7500057621694047,,0.38746914557488626,0.0,0.13289635580208847,0.38746914557488626,,0.010220037061525088,0.010244837303514581,success,0.9999331179360552,0.9999331179360552,0.75,0.9451359454819022,0.01,[0.01],,,,,,,,,0.04777306097980354,,,
,,,4.143748742896952e-07,-1.2054882480059116e-09,1.3999956499883397e-10,typ,,5.655910023092348e-17,True,,1.0196914672851562,2.24,,,4.821284600331488e-06,20,3.604944400262335e-09,False,False,739,0.9166666667,61,1.3649259098509489e-08,,,1.3999956499883396e-08,0.025049892217652865,3.293939846595791,1.0012376523112383,-6.154112568777331,-6.154112568777331,0.7500048212846003,,0.07574790291016056,0.0,0.0024601530153777447,0.0024601530153777447,,4.143748742896952e-07,3.7827740203853774e-07,success,1.0006401164088996,0.008828025713616572,0.75,0.9982939285926966,0.01,[0.01],,,,,,,,,0.29091731251136094,,,
,,,0.009851793703637991,-3.5883667977077426e-06,3.2219796930903722e-06,arith,,3.17294028773623e-08,True,,1.079864501953125,2.32,,,9.670782648241172e-06,18,4.371761570914566e-09,False,False,740,0.9166666667,182,0.0003220672684776735,,,0.0003221979693090372,0.00040565380236249916,3.2691231481912078,0.9936942805418962,-1.1370996934400288e-05,-1.1370996934400288e-05,0.7500096707826482,,0.38120855449764374,0.0,0.12495824817474248,0.38120855449764374,,0.009851793703637991,0.00986935994499831,success,0.999933224088764,0.999933224088764,0.75,0.9563580066042118,0.01,[0.01],,,,,,,,,0.036423486987782326,,,
,,,3.2324164919280675e-07,-7.245817284162013e-10,1.0867753991806368e-10,typ,,3.460408855217738e-17,True,,1.040170669555664,2.32,,,5.402154748423982e-06,22,3.3377477988012694e-09,False,False,741,0.9166666667,37,1.070533102358254e-08,,,1.0867753991806369e-08,0.014945403470329289,3.3118662308262876,1.006686619717222,-8.88231976918816,-8.88231976918816,0.7500054021547484,,0.07694848604929166,0.0,0.002199549621601553,0.002199549621601553,,3.2324164919280675e-07,3.023786344582191e-07,success,1.000321154498682,0.007279498446320091,0.75,0.9976350080935446,0.01,[0.01],,,,,,,,,0.22416100469280914,,,
,,,0.00944625914061628,-2.6673905666727343e-06,3.0941204253792967e-06,arith,,2.9220748377971538e-08,True,,1.09735107421875,2.4,,,-4.019637061869474e-06,17,4.31858863280872e-09,False,False,742,0.9166666667,187,0.0003093367220080854,,,0.0003094120425379297,0.00024343115163355834,3.2747007826412866,0.9953896781151151,-1.1877388839263503e-05,-1.1877388839263503e-05,0.7499959803629381,,0.3740622386553285,0.0,0.11714450833986623,0.3740622386553285,,0.00944625914061628,0.00945877117266081,success,0.9999327709769048,0.9999327709769048,0.75,0.9649374483616192,0.01,[0.01],,,,,,,,,0.028237533260163265,,,
,,,2.620754504150651e-07,-5.548190873533031e-10,8.595131276152998e-11,typ,,2.221790478605255e-17,True,,1.0575084686279297,2.4,,,-8.289690752505408e-06,22,3.0703687577385352e-09,False,False,743,0.9166666667,29,8.477674940886177e-09,,,8.595131276152997e-09,0.013665449833523871,3.234822234383098,0.9832680529807418,-11.880484002652553,-11.880484002652553,0.7499917103092475,,0.19538232687191967,0.0,0.0020710751527634637,0.0020710751527634637,,2.620754504150651e-07,2.6808618877373855e-07,success,0.9998184767880245,0.006238672767542846,0.75,0.996558373564614,0.01,[0.01],,,,,,,,,0.21170204476405624,,,
,,,0.09089788408230466,2.175157410990788e-05,2.964281247040233e-05,arith,,2.6939958008318672e-06,True,,1.0310440063476562,0.0,,,-4.258824372160852e-06,20,4.8018115334859694e-09,False,False,744,1.0,597,0.0029637607388006454,,,0.002964281247040233,0.00017559340568889387,3.2605387559044496,0.9910849381798629,-4.111541364512899e-06,-4.111541364512899e-06,0.7499957411756278,,0.9130149376915975,0.0,0.9130149376915975,0.9130149376915975,,0.09089788408230466,0.09114618331674973,success,0.9999350649966225,0.9999350649966225,0.75,0.9999993472441214,0.01,[0.01],,,,,,,,,-0.023929681454644903,,,
,,,0.09089773423043433,2.1749209487027058e-05,2.9642756136734496e-05,typ,,2.693986341061158e-06,True,,1.0310440063476562,0.0,,,-5.450237669402114e-06,20,4.30286352324169e-09,False,False,745,1.0,327,0.002963755217739144,,,0.0029642756136734495,0.00017555585314159064,3.2605380572256566,0.9910847258069759,-5.332549914634915e-06,-5.332549914634915e-06,0.7499945497623306,,0.9130151296930553,0.0,0.9130151296930553,0.9130151296930553,,0.09089773423043433,0.09114701503956957,success,0.9999317959532038,0.9999317959532038,0.75,0.9999999946725339,0.01,[0.01],,,,,,,,,-0.023927119494409795,,,
,,,0.08816533628864259,2.02241922808352e-05,2.8755285934032943e-05,arith,,2.5348104364966764e-06,True,,1.03106689453125,0.08,,,-3.6678952429758382e-06,17,4.798896095200973e-09,False,False,746,1.0,727,0.002875064671900094,,,0.0028755285934032944,0.00016133433841168193,3.2609921233527444,0.9912227453593212,-4.121155232005252e-06,-4.121155232005252e-06,0.749996332104757,,0.9055680720916102,0.0,0.9054753705137,0.9055680720916102,,0.08816533628864259,0.0884027725882148,success,0.9999347360615088,0.9999347360615088,0.75,0.9999991013128433,0.01,[0.01],,,,,,,,,-0.022938938512777462,,,
,,,0.0881167894315946,2.0224196752302054e-05,2.873541596981703e-05,typ,,2.531663580107372e-06,True,,1.0308609008789062,0.08,,,-6.120355536820554e-06,20,4.0525129667782216e-09,False,False,747,1.0,324,0.002873077419681424,,,0.002873541596981703,0.00016153491592623982,3.260533478596386,0.9910833340705645,-1.3113466919036781e-05,-1.3113466919036781e-05,0.7499938796444632,,0.9056125561144595,0.0,0.9055198539845177,0.9055198539845177,,0.0881167894315946,0.08835681446363383,success,0.999931805868758,0.9922942868631017,0.75,0.9999956052311321,0.01,[0.01],,,,,,,,,-0.022951581512172747,,,
,,,0.08083438193016247,1.6402861905403917e-05,2.6375118062116843e-05,arith,,2.131747313007592e-06,True,,1.0311355590820312,0.16,,,-9.63808312381964e-07,20,4.786680566988787e-09,False,False,748,1.0,551,0.0026371789603702694,,,0.002637511806211684,0.00012619691052409037,3.262447113962821,0.9916650094717255,-4.1500013557009986e-06,-4.1500013557009986e-06,0.7499990361916876,,0.8840302516745728,0.0,0.8826581664967212,0.8840302516745728,,0.08083438193016247,0.08104177357669287,success,0.999935442020738,0.999935442020738,0.75,0.9999999938643636,0.01,[0.01],,,,,,,,,-0.020291937061602455,,,
,,,0.08048410749754872,1.6328038719377842e-05,2.6245075658280056e-05,typ,,2.11204488571389e-06,True,,1.0303115844726562,0.16,,,-7.334566721528546e-06,20,4.648630875948237e-09,False,False,749,1.0,319,0.0026241763142844264,,,0.0026245075658280054,0.0001262147413450281,3.260490046888263,0.9910701324143406,-3.767826070201995e-05,-3.767826070201995e-05,0.7499926654332785,,0.8846550280702614,0.0,0.8832783160426918,0.8832783160426918,,0.08048410749754872,0.0807067168211546,success,0.9999318780431821,0.9694270947707959,0.75,0.9999999938034093,0.01,[0.01],,,,,,,,,-0.020287283076196302,,,
,,,0.07090881509996344,1.1866456090765666e-05,2.3153705991113267e-05,arith,,1.6416610442226124e-06,True,,1.03125,0.24,,,3.9327029239810685e-06,8,4.797308456392911e-09,False,False,750,1.0,870,0.0023151720162130573,,,0.0023153705991113267,8.576721944455314e-05,3.2649988763022653,0.9924406522135448,-4.1980933054812505e-06,-4.1980933054812505e-06,0.750003932702924,,0.850663975340028,0.0,0.8444466201063907,0.850663975340028,,0.07090881509996344,0.07107436848279076,success,0.9999347472949168,0.9999347472949168,0.75,0.9999999928218194,0.01,[0.01],,,,,,,,,-0.016734810861014915,,,
,,,0.06970661771791631,1.1531873980552086e-05,2.2728587382533488e-05,typ,,1.5841999678250145e-06,True,,1.0293960571289062,0.24,,,-7.50367782864636e-06,20,4.367641542409615e-09,False,False,751,1.0,311,0.0022726679613632094,,,0.0022728587382533486,8.393697634099655e-05,3.260333144494368,0.9910224398055434,-8.250239138285899e-05,-8.250239138285899e-05,0.7499924963221714,,0.853295015305951,0.0,0.8469686152866479,0.8469686152866479,,0.06970661771791631,0.06989959772212687,success,0.9999320018693861,0.9314702097379426,0.75,0.9999770736406909,0.01,[0.01],,,,,,,,,-0.01654344215526055,,,
,,,0.06039646209621215,7.858747337093194e-06,1.9741334135893704e-05,arith,,1.1922449789574548e-06,True,,1.0313873291015625,0.32,,,-6.8086312707826835e-06,19,4.753271132903771e-09,False,False,752,1.0,502,0.0019740311560935424,,,0.0019741334135893705,5.179867537027744e-05,3.2684549517965005,0.9934911731930445,-4.265489361954971e-06,-4.265489361954971e-06,0.7499931913687292,,0.8087507516384922,0.0,0.7918750825605655,0.8087507516384922,,0.06039646209621215,0.06051816493896252,success,0.9999339818717754,0.9999339818717754,0.75,0.9999997030284934,0.01,[0.01],,,,,,,,,-0.013011933256246257,,,
,,,0.05764161201767136,7.1016719956337436e-06,1.879186127779241e-05,typ,,1.0831427431192785e-06,True,,1.0281143188476562,0.32,,,-5.82854707897873e-06,20,4.5881867818322354e-09,False,False,753,1.0,297,0.0018790986324032995,,,0.0018791861277792409,4.6560250018873106e-05,3.259968912436416,0.9909117265358467,-0.00015474691129650526,-0.00015474691129650526,0.749994171452921,,0.8153241194522586,0.0,0.7976007455536452,0.7976007455536452,,0.05764161201767136,0.05780511231058913,success,0.9999321446673436,0.8786715003576684,0.75,0.9999999906585803,0.01,[0.01],,,,,,,,,-0.012320391028371245,,,
,,,0.05062571157998515,4.8496937926422355e-06,1.656687715534581e-05,arith,,8.386864251176995e-07,True,,1.0315704345703125,0.4,,,-9.920034463650751e-06,19,4.783534560876162e-09,False,False,754,1.0,472,0.0016566412578569538,,,0.001656687715534581,2.804250746328289e-05,3.2723317977260913,0.9946695930481998,-4.352187195139491e-06,-4.352187195139491e-06,0.7499900799655363,,0.7619188725738503,0.0,0.7278904981867633,0.7619188725738503,,0.05062571157998515,0.05070936021592856,success,0.9999349831867486,0.9999349831867486,0.75,0.9999999892515542,0.01,[0.01],,,,,,,,,-0.009579507410932985,,,
,,,0.04570857819020227,3.636225129442528e-06,1.4898063017588918e-05,typ,,6.809560561888319e-07,True,,1.0264663696289062,0.4,,,-3.5002000230432984e-06,20,4.703713793431631e-09,False,False,755,1.0,276,0.0014897773747309343,,,0.0014898063017588917,1.9416636862987936e-05,3.2592949370065316,0.9907068625709415,-0.0002680152314615266,-0.0002680152314615266,0.749996499799977,,0.7740954963509011,0.0,0.7363839221158374,0.7363839221158374,,0.04570857819020227,0.045841194441598336,success,0.9999323619929295,0.8114124028640572,0.75,0.9999999876920024,0.01,[0.01],,,,,,,,,-0.007955235698453557,,,
,,,0.04219289070061508,2.7969550397185594e-06,1.3823000112336577e-05,arith,,5.832245099369129e-07,True,,1.03179931640625,0.48,,,-9.569478099047402e-06,17,4.724785879788295e-09,False,False,756,1.0,502,0.0013822814702961579,,,0.0013823000112336576,1.3413106669350275e-05,3.2761004219983616,0.9958151174641088,-4.4582282138285216e-06,-4.4582282138285216e-06,0.749990430521901,,0.71346108541046,0.0,0.6570879344123276,0.71346108541046,,0.04219289070061508,0.04224765097510644,success,0.9999349811874294,0.9999349811874294,0.75,0.9999999865625652,0.01,[0.01],,,,,,,,,-0.006628972306175235,,,
,,,0.0347587628942662,1.1939476703052527e-06,1.132510615145811e-05,typ,,3.936452539598886e-07,True,,1.0244522094726562,0.48,,,-5.001734863063767e-06,20,4.354875892446346e-09,False,False,757,1.0,252,0.0011325065139899564,,,0.001132510615145811,3.621295729807386e-06,3.258189934535255,0.9903709820959893,-0.00044855306765821277,-0.00044855306765821277,0.7499949982651369,,0.7320585600755146,0.0,0.6646447808468743,0.6646447808468743,,0.0347587628942662,0.03486349586021118,success,0.9999324042236883,0.7302591726177411,0.75,0.9999999830240698,0.01,[0.01],,,,,,,,,-0.0034349544428182344,,,
,,,0.035206827470433286,1.4685590530708221e-06,1.1545804683342448e-05,arith,,4.064889968280658e-07,True,,1.032073974609375,0.56,,,-5.426145798681503e-06,18,4.6632924608855015e-09,False,False,758,1.0,432,0.0011545743426312283,,,0.0011545804683342448,5.305566120729178e-06,3.2794046654752984,0.996819487044486,-4.583663029655654e-06,-4.583663029655654e-06,0.7499945738542013,,0.6658895052989579,0.0,0.5845549818124157,0.6658895052989579,,0.035206827470433286,0.03524156040506811,success,0.9999351248596521,0.9999351248596521,0.75,0.999999770227481,0.01,[0.01],,,,,,,,,-0.004171233702622365,,,
,,,0.025206081693549414,-4.1754498342318e-07,8.208323607892192e-06,typ,,2.0689950108380769e-07,True,,1.0220947265625,0.56,,,-2.044105830156795e-06,16,4.443579819075748e-09,False,False,759,1.0,253,0.0008208316691156171,,,0.0008208323607892192,8.426490415277618e-07,3.256482618342379,0.9898520202034474,-0.0007506282801758387,-0.0007506282801758387,0.7499979558941698,,0.6907566839350501,0.0,0.5837766228871347,0.5837766228871347,,0.025206081693549414,0.025286181209874248,success,0.999932378053741,0.6361299638541306,0.75,0.9999999753422779,0.01,[0.01],,,,,,,,,0.0016565247566028302,,,
,,,0.02953686953380394,6.295218130213836e-07,9.694346234285883e-06,arith,,2.863402436399126e-07,True,,1.0323944091796875,0.64,,,-6.217723721446689e-07,19,4.659560902878892e-09,False,False,760,1.0,391,0.000969433281723393,,,0.0009694346234285883,1.3840079185033137e-06,3.282112481872562,0.9976425645318566,-4.72855152743837e-06,-4.72855152743837e-06,0.7499993782276279,,0.6208240973711564,0.0,0.5146417873731002,0.6208240973711564,,0.02953686953380394,0.02955846896013688,success,0.9999340405954885,0.9999340405954885,0.75,0.9999999784465567,0.01,[0.01],,,,,,,,,-0.002131308506816937,,,
,,,0.017204880257663882,-1.4287728742385442e-06,5.598373826547708e-06,typ,,9.63173099314667e-08,True,,1.0194168090820312,0.64,,,1.28217297890032e-07,20,4.303054537247565e-09,False,False,761,1.0,144,0.0005598255174636414,,,0.0005598373826547708,2.1193995787047253e-05,3.2538762785882693,0.989059787916866,-0.0012956198743451115,-0.0012956198743451115,0.7500001282172979,,0.6510298882068462,0.0,0.4952420736953722,0.4952420736953722,,0.017204880257663882,0.01726375581643775,success,0.9999226655259692,0.5310544172825598,0.75,0.9999995207149629,0.01,[0.01],,,,,,,,,0.008304462761966041,,,
,,,0.024971601842557305,1.0168648828653261e-07,8.201301899326407e-06,arith,,2.0479963528044613e-07,True,,1.0327606201171875,0.72,,,4.2050292394790745e-06,19,4.597165871973454e-09,False,False,762,1.0,379,0.0008201301485250371,,,0.0008201301899326407,5.0489061482220025e-08,3.284251261476339,0.9982926755748709,-4.892962948592114e-06,-4.892962948592114e-06,0.7500042050292395,,0.5791226046672702,0.0,0.45029898459674056,0.5791226046672702,,0.024971601842557305,0.024984825045721214,success,0.9999346013737423,0.9999346013737423,0.75,0.9999999272119366,0.01,[0.01],,,,,,,,,-0.00040720851200356573,,,
,,,0.010783166478854094,-2.003732954498556e-06,3.504669510479083e-06,typ,,3.7787419839107085e-08,True,,1.0163726806640625,0.72,,,-3.6663657450031195e-06,19,4.164992170188259e-09,False,False,763,1.0,150,0.00035042971758999207,,,0.0003504669510479083,0.00010623956925154992,3.2497849150079294,0.9878161625148524,-0.00238272387554153,-0.00238272387554153,0.749996333634255,,0.6132375097444799,0.0,0.40062586098002095,0.40062586098002095,,0.010783166478854094,0.010824028375398928,success,0.9999600303704448,0.4192982810154511,0.75,0.9999999339220071,0.01,[0.01],,,,,,,,,0.018582045992036736,,,
,,,0.021297522095143184,-2.3485657679636216e-07,6.99820498253983e-06,arith,,1.4904437008437148e-07,True,,1.033172607421875,0.8,,,4.981241770174449e-06,18,4.667094817537142e-09,False,False,764,1.0,410,0.0006998202392679309,,,0.000699820498253983,3.7007497316777385e-07,3.285923292585864,0.9988009120881826,-5.076975987880158e-06,-5.076975987880158e-06,0.7500049812417702,,0.5411014437400558,0.0,0.3930475119000175,0.5411014437400558,,0.021297522095143184,0.02130543703923218,success,0.9999348026620495,0.9999348026620495,0.75,0.9999997652546273,0.01,[0.01],,,,,,,,,0.001102741322427928,,,
,,,0.0059163492501198576,-2.2305582371446354e-06,1.9194455741235153e-06,typ,,1.1351134993062246e-08,True,,1.013214111328125,0.8,,,-2.263029043936271e-06,18,4.246141141021311e-09,False,False,765,1.0,160,0.0001918604618013767,,,0.00019194455741235154,0.00043812448817797176,3.2428860043630765,0.9857191451377147,-0.00486111416690778,-0.00486111416690778,0.7499977369709561,,0.5774310867796194,0.0,0.30171681067263034,0.30171681067263034,,0.0059163492501198576,0.005942101636443929,success,0.9999438495414997,0.3076260837602743,0.75,0.9999998675945401,0.01,[0.01],,,,,,,,,0.037701598449406064,,,
,,,0.01832945900403029,-4.5674066296503937e-07,6.0253613063371555e-06,arith,,1.1044140443694408e-07,True,,1.03363037109375,0.88,,,-8.673392334346275e-07,17,4.6095625008853446e-09,False,False,766,1.0,348,0.0006025349925093816,,,0.0006025361306337155,1.888889771189825e-06,3.287249189279923,0.9992039363554711,-5.280678903752745e-06,-5.280678903752745e-06,0.7499991326607666,,0.5067433634510481,0.0,0.3433035037315925,0.5067433634510481,,0.01832945900403029,0.018333971466670585,success,0.9999347340789296,0.9999347340789296,0.75,0.999999945301838,0.01,[0.01],,,,,,,,,0.0024918393001376144,,,
,,,0.0025634952602896547,-2.061834116270996e-06,8.295939964322141e-07,typ,,2.1224091178957147e-09,True,,1.01019287109375,0.88,,,5.3512073134864835e-06,17,4.272608537359549e-09,False,False,767,1.0,171,8.279356512856977e-05,,,8.29593996432214e-05,0.001998984025497136,3.229713992886991,0.9817153337565925,-0.011491675246667794,-0.011491675246667794,0.7500053512073135,,0.543450337073597,0.0,0.20094053060872907,0.20094053060872907,,0.0025634952602896547,0.002576707392423882,success,0.9999330669735795,0.20581869390795487,0.75,0.9999996560090925,0.01,[0.01],,,,,,,,,0.08043058039584691,,,
,,,0.015917346157845933,-6.125266497549077e-07,5.234192530557974e-06,arith,,8.33140791768062e-08,True,,1.0341796875,0.96,,,6.265817583672728e-06,13,4.654571423998191e-09,False,False,768,1.0,425,0.0005234168959486958,,,0.0005234192530557974,4.503286968821773e-06,3.2883427347635754,0.9995363343237823,-5.504075690161312e-06,-5.504075690161312e-06,0.7500062658175837,,0.47585024292306716,0.0,0.3007737992275975,0.47585024292306716,,0.015917346157845933,0.015919613215830623,success,0.9999345709963384,0.9999345709963384,0.75,0.9999998876625665,0.01,[0.01],,,,,,,,,0.003848170691776926,,,
,,,0.0006769658165970495,-1.3284188436902005e-06,2.19665255599577e-07,typ,,1.4694117251069603e-10,True,,1.007537841796875,0.96,,,-7.274822419800486e-06,18,4.383906127675403e-09,False,False,769,1.0,171,2.1705848199150632e-05,,,2.1966525559957702e-05,0.011867027404745925,3.2063433140924174,0.9746114992426191,-0.02949468476517486,-0.02949468476517486,0.7499927251775802,,0.5109737277593749,0.0,0.10390150313569055,0.10390150313569055,,0.0006769658165970495,0.0006800211158014461,success,0.999811201475646,0.13025018486203044,0.75,0.9999985325400189,0.01,[0.01],,,,,,,,,0.19623130313548984,,,
,,,0.01394375774624942,-7.32868318710631e-07,4.586568139239707e-06,arith,,6.395345792425188e-08,True,,1.0347747802734375,1.04,,,-1.3056206997763553e-06,19,4.601203214676517e-09,False,False,770,1.0,274,0.0004586529620500186,,,0.0004586568139239707,8.39816140344411e-06,3.2893067306292427,0.9998293539301895,-5.7473591063819576e-06,-5.7473591063819576e-06,0.7499986943793002,,0.44814948933222903,0.0,0.2648117305337851,0.44814948933222903,,0.01394375774624942,0.013944463848621426,success,0.9999345276848468,0.9999345276848468,0.75,0.8859439331357606,0.01,[0.01],,,,,,,,,0.005255888204940717,,,
,,,7.73403166323411e-05,-2.8535925458377834e-07,2.6576040041718684e-08,typ,,1.973969447483689e-12,True,,1.0069427490234375,1.04,,,4.117727068431165e-06,19,4.410640035594605e-09,False,False,771,1.0,122,2.552316221909857e-06,,,2.6576040041718684e-06,0.039617558559037466,3.3001109034024365,1.0031134286511585,-0.04103071786528332,-0.04103071786528332,0.7500041177270684,,0.5391438674298763,0.0,0.03550373517172853,0.03550373517172853,,7.73403166323411e-05,7.904367229963153e-05,success,0.9998320126194287,0.1109321246756906,0.75,0.9999766587209873,0.01,[0.01],,,,,,,,,0.36896571802299905,,,
,,,0.012318085942981298,-8.392479990141595e-07,4.053002578418175e-06,arith,,4.992452975087603e-08,True,,1.03546142578125,1.12,,,-7.0748002971576796e-06,17,4.447504331245879e-09,False,False,772,1.0,305,0.0004052945399307141,,,0.0004053002578418175,1.4107839787254247e-05,3.2902395859776106,1.0001129079543807,-6.0105424718972416e-06,-6.0105424718972416e-06,0.7499929251997028,,0.4233476237713295,0.0,0.23461735121436916,0.4233476237713295,,0.012318085942981298,0.012317611692654294,success,0.9999343165042299,0.9999343165042299,0.75,0.7619676434637642,0.01,[0.01],,,,,,,,,0.006813136415015461,,,
,,,1.2768414951520444e-05,-3.8573519194176964e-08,4.413121483112087e-09,typ,,5.486064994482091e-14,True,,1.0075035095214844,1.12,,,8.884143996912286e-06,21,4.451619261240252e-09,False,False,773,1.0,95,4.2965904658579563e-07,,,4.4131214831120873e-07,0.026405576574328637,3.365014750986241,1.0228418326315574,-0.03255332802391719,-0.03255332802391719,0.7500088841439969,,0.8309622143186908,0.0,0.015165592775802676,0.015165592775802676,,1.2768414951520444e-05,1.4418753952743807e-05,success,0.9999208602343491,0.12457400871343167,0.75,0.9999870391148568,0.01,[0.01],,,,,,,,,0.3021010778599711,,,
,,,0.010971070577707494,-9.481097766188838e-07,3.61093574627494e-06,arith,,3.961493201180073e-08,True,,1.036285400390625,1.2,,,-5.0058277967224285e-08,18,4.5818584839923905e-09,False,False,774,1.0,271,0.0003610853811504568,,,0.000361093574627494,2.2690730638588698e-05,3.291250189240045,1.0004200945106088,-6.293628265731854e-06,-6.293628265731854e-06,0.749999949941722,,0.4011684024377058,0.0,0.20938688928418542,0.4011684024377058,,0.010971070577707494,0.010969585980434588,success,0.9999343252130256,0.9999343252130256,0.75,0.7009818533451876,0.01,[0.01],,,,,,,,,0.008641907550438893,,,
,,,4.5088082905263295e-06,-1.1383554313169613e-08,1.545709375184347e-09,typ,,6.839721936774574e-15,True,,1.0087394714355469,1.2,,,2.061562546784579e-06,21,4.492765575263904e-09,False,False,775,1.0,115,1.5169688964478346e-07,,,1.545709375184347e-07,0.01859371444459582,3.3644564122080984,1.0226721179939329,-0.02419778296373576,-0.02419778296373576,0.7500020615625468,,1.14495304936342,0.0,0.009170167471498777,0.009170167471498777,,4.5088082905263295e-06,5.2760643973807825e-06,success,0.999875008023533,0.14426921537134024,0.75,0.9999901035729427,0.01,[0.01],,,,,,,,,0.25247368217203064,,,
,,,0.009850455143976767,-1.0754593347574247e-06,3.2433666956245463e-06,arith,,3.1947481537937025e-08,True,,1.037200927734375,1.28,,,-7.757705621558308e-06,18,4.550223945298382e-09,False,False,776,1.0,257,0.00032432492784327706,,,0.0003243366695624546,3.620225611063363e-05,3.2924867237387625,1.0007959559276827,-6.596832755091436e-06,-6.596832755091436e-06,0.7499922422943784,,0.38137906453674403,0.0,0.18840386641972154,0.38137906453674403,,0.009850455143976767,0.009847954744554438,success,0.9999344203280417,0.9999344203280417,0.75,0.7018575949953743,0.01,[0.01],,,,,,,,,0.010917864393454277,,,
,,,2.291705899471771e-06,-5.400815467967987e-09,7.847191154908594e-10,typ,,1.76917661867963e-15,True,,1.009368896484375,1.28,,,2.9432728683165266e-06,18,4.42597655935808e-09,False,False,777,1.0,195,7.71991126386426e-08,,,7.847191154908593e-08,0.016219802542304085,3.3686308813201853,1.0239410044484778,-0.019554680406772124,-0.019554680406772124,0.7500029432728683,,1.0145109249434119,0.0,0.006453566564232623,0.006453566564232623,,2.291705899471771e-06,2.61544542560537e-06,success,1.0001563735223076,0.1602099426408249,0.75,0.9999913382799733,0.01,[0.01],,,,,,,,,0.23566791311279744,,,
,,,0.008916873191968192,-1.2404443647254649e-06,2.937554709357038e-06,arith,,2.6192264135583706e-08,True,,1.038299560546875,1.36,,,-6.954157698357832e-06,18,4.463025236957645e-09,False,False,778,1.0,254,0.0002937382148618665,,,0.00029375547093570377,5.8742987091595515e-05,3.294184054635307,1.0013118826540943,-6.92004154012214e-06,-6.92004154012214e-06,0.7499930458423016,,0.3637934832286978,0.0,0.1710295921356227,0.3637934832286978,,0.008916873191968192,0.008913162872568006,success,0.9999342207499418,0.9999342207499418,0.75,0.7127436062213138,0.01,[0.01],,,,,,,,,0.01391120337836346,,,
,,,1.4227363086451635e-06,-3.3464740238555852e-09,4.885733232275923e-10,typ,,6.839121179989848e-16,True,,1.008453369140625,1.36,,,7.400697703441317e-06,18,4.48791672040807e-09,False,False,779,1.0,210,4.8070195006849676e-08,,,4.885733232275922e-08,0.016110935216634297,3.3787142926453972,1.027005993960347,-0.017438270789965564,-0.017438270789965564,0.7500074006977034,,0.36290336367084924,0.0,0.004837497832602595,0.004837497832602595,,1.4227363086451635e-06,1.4705842522753272e-06,success,1.0005909316653985,0.16947734578209694,0.75,0.9999917763076869,0.01,[0.01],,,,,,,,,0.23521393272393176,,,
,,,0.008142115740214102,-1.4720874606039975e-06,2.6845403666234687e-06,arith,,2.1855671332833416e-08,True,,1.0396270751953125,1.44,,,2.760573817983669e-06,19,4.516037134632225e-09,False,False,780,1.0,226,0.00026842742144879785,,,0.0002684540366623469,9.914253434192636e-05,3.296777275260636,1.0021001272037067,-7.263223804426029e-06,-7.263223804426029e-06,0.750002760573818,,0.3482995100852316,0.0,0.15675152103290854,0.3482995100852316,,0.008142115740214102,0.008136721888885574,success,0.9999341682191282,0.9999341682191282,0.75,0.7204143095650658,0.01,[0.01],,,,,,,,,0.01807991322615721,,,
,,,9.925155788652179e-07,-2.412810181016472e-09,3.425462216636764e-10,typ,,3.341608085130003e-16,True,,1.0076637268066406,1.44,,,3.6475280322800785e-06,21,4.469388556022301e-09,False,False,781,1.0,158,3.366806684234211e-08,,,3.425462216636764e-08,0.01712339202507479,3.3921953024491702,1.0311037295703838,-0.0171024805193012,-0.0171024805193012,0.7500036475280323,,0.23790932230810594,0.0,0.003986320341945559,0.003986320341945559,,9.925155788652179e-07,9.988701540347044e-07,success,0.9996417364803984,0.17114395197623566,0.75,0.9999920890191122,0.01,[0.01],,,,,,,,,0.24310048450575786,,,
,,,0.007508539507895234,-1.822849400494906e-06,2.479144243471928e-06,arith,,1.861142971794313e-08,True,,1.0411834716796875,1.52,,,-1.0218134616213348e-06,19,4.395787785426876e-09,False,False,782,1.0,219,0.0002478701710016069,,,0.0002479144243471928,0.00017850250425102796,3.3011768898728073,1.0034374496839324,-7.626458542141809e-06,-7.626458542141809e-06,0.7499989781865384,,0.33489411990067425,0.0,0.14519598985782958,0.33489411990067425,,0.007508539507895234,0.0075004594064574815,success,0.9999340811196381,0.9999340811196381,0.75,0.725753783091949,0.01,[0.01],,,,,,,,,0.024277016836339194,,,
,,,7.297993892444106e-07,-1.8417932510349038e-09,2.528318907317902e-10,typ,,1.811243570580123e-16,True,,1.0107421875,1.52,,,8.369385879003488e-06,13,4.416665105549873e-09,False,False,783,1.0,287,2.4818376080793564e-08,,,2.5283189073179017e-08,0.018384270712057327,3.4007120924681757,1.0336925233070604,-0.018452790452267418,-0.018452790452267418,0.750008369385879,,1.5952684310047274,0.0,0.0036926328504652437,0.0036926328504652437,,7.297993892444106e-07,8.568233290560729e-07,success,0.9998300809229116,0.16496993750507888,0.75,0.9999918642252573,0.01,[0.01],,,,,,,,,0.25236979890347444,,,
,,,0.007009791841913335,-2.3965846664146503e-06,2.3206647199531265e-06,arith,,1.6261633003680225e-08,True,,1.0431060791015625,1.6,,,-4.3485989158487115e-06,19,4.432622824731237e-09,False,False,784,1.0,207,0.00023198453492509965,,,0.00023206647199531264,0.0003530758644645563,3.309435431991074,1.0059477454716812,-8.009404478043192e-06,-8.009404478043192e-06,0.7499956514010842,,0.3237338536637142,0.0,0.13610385531644914,0.3237338536637142,,0.007009791841913335,0.0069968684854161784,success,0.9999342368078308,0.9999342368078308,0.75,0.7295244990856611,0.01,[0.01],,,,,,,,,0.03418909891282162,,,
,,,5.977697302534471e-07,-1.6368165006663306e-09,2.0943373000881624e-10,typ,,1.2251397603648978e-16,True,,1.007680892944336,1.6,,,-1.1340623857769572e-06,22,4.367990001792517e-09,False,False,785,1.0,108,2.04951789687553e-08,,,2.0943373000881623e-08,0.021400279320215307,3.4286076948167974,1.0421717696521953,-0.022085579296189425,-0.022085579296189425,0.7499988659376142,,2.218473837585889,0.0,0.0033785566206025737,0.0033785566206025737,,5.977697302534471e-07,7.167406617874825e-07,success,0.9996604594085525,0.15114237109389111,0.75,0.9999912208120653,0.01,[0.01],,,,,,,,,0.2738205730110055,,,
,,,0.006657119036155436,-3.4228508322755485e-06,2.21604597803157e-06,arith,,1.4740765957529647e-08,True,,1.0455780029296875,1.68,,,5.042065931437634e-07,19,4.468864520642291e-09,False,False,786,1.0,200,0.00022142860714178563,,,0.000221604597803157,0.0007941652073829871,3.3261926959573076,1.0110413429306788,-8.411482825906045e-06,-8.411482825906045e-06,0.7500005042065931,,0.31528692986881907,0.0,0.12939015195071235,0.31528692986881907,,0.006657119036155436,0.006634388584092328,success,0.9999341082477353,0.9999341082477353,0.75,0.7322478640220974,0.01,[0.01],,,,,,,,,0.05141639819996797,,,
,,,5.012993437743078e-07,-1.495210688467447e-09,1.7797185087500866e-10,typ,,8.698151705103352e-17,True,,1.0081558227539062,1.68,,,-5.481144724761577e-07,20,4.333864773832559e-09,False,False,787,1.0,130,1.735121302895498e-08,,,1.7797185087500866e-08,0.025058572822232204,3.461247903960303,1.0520932035264556,-0.02978584036407092,-0.02978584036407092,0.7499994518855275,,0.19136099299925197,0.0,0.002839115922737381,0.002839115922737381,,5.012993437743078e-07,5.055490490491637e-07,success,0.9985232348908654,0.13051790122732226,0.75,0.9999896573113489,0.01,[0.01],,,,,,,,,0.2982670348638263,,,
,,,0.006496060377556419,-5.4164999937989765e-06,2.1861306166273226e-06,arith,,1.4171898006652908e-08,True,,1.048828125,1.76,,,-1.1465000897548094e-06,12,4.357312648683659e-09,False,False,788,1.0,288,0.0002181614268182627,,,0.00021861306166273225,0.0020659096992398365,3.3583651342281255,1.0208205915094568,-8.831826307303774e-06,-8.831826307303774e-06,0.7499988534999102,,0.3106882179500515,0.0,0.12524623772954377,0.3106882179500515,,0.006496060377556419,0.006452000596508671,success,0.9999340493209841,0.9999340493209841,0.75,0.7342788690930739,0.01,[0.01],,,,,,,,,0.08338130619156078,,,
,,,4.5599959632467585e-07,-1.557964367196121e-09,1.666853081842819e-10,typ,,7.358118027583393e-17,True,,1.005274772644043,1.76,,,-1.7632670098466363e-06,23,4.372002027567238e-09,False,False,789,1.0,77,1.6136238029351994e-08,,,1.666853081842819e-08,0.031933995555727644,3.5386518232491695,1.0756211736891674,-0.04638253053307602,-0.04638253053307602,0.7499982367329902,,0.11328522800604644,0.0,0.0026623154671700567,0.0026623154671700567,,4.5599959632467585e-07,4.4400596122058467e-07,success,1.0004521273012468,0.10487379565564699,0.75,0.9999856705828867,0.01,[0.01],,,,,,,,,0.3416591549100487,,,
,,,0.006630883492849696,-9.144528726542787e-06,2.262220448410522e-06,arith,,1.4916897822921798e-08,True,,1.05340576171875,1.84,,,9.710035719923127e-06,17,4.289383580735316e-09,False,False,790,1.0,227,0.00022496093980549033,,,0.0002262220448410522,0.0055746337031297504,3.3926239248219825,1.0312340151488304,-9.268238659925691e-06,-9.268238659925691e-06,0.7500097100357199,,0.3123740176028305,0.0,0.12419227878406046,0.3123740176028305,,0.006630883492849696,0.006548773506306688,success,0.999933643611453,0.999933643611453,0.75,0.7413865221210169,0.01,[0.01],,,,,,,,,0.13790814959128203,,,
,,,4.3335722364542994e-07,-1.7910645142580473e-09,1.6765587236335758e-10,typ,,6.944697128100279e-17,True,,1.0043792724609375,1.84,,,-9.3256667339503e-06,19,4.3845579886316166e-09,False,False,791,1.0,143,1.602534064087134e-08,,,1.6765587236335758e-08,0.044152738882900236,3.697951658925886,1.124042517403552,-0.0866549359961412,-0.0866549359961412,0.749990674333266,,0.04579059825435969,0.0,0.0025143585950192803,0.0025143585950192803,,4.3335722364542994e-07,3.9560589226184897e-07,success,1.0002039302653185,0.07685405480626986,0.75,0.9999782965775805,0.01,[0.01],,,,,,,,,0.4132997943801404,,,
,,,0.0071839762510009526,-1.3978460223728114e-05,2.4405812213218907e-06,arith,,1.7337680182389014e-08,True,,1.0599517822265625,1.92,,,-3.5937565190380383e-07,19,4.217465213904957e-09,False,False,792,1.0,182,0.00024133821684019807,,,0.00024405812213218906,0.011144498155721312,3.359396083841064,1.0211339626146325,-9.717745319563352e-06,-9.717745319563352e-06,0.7499996406243481,,0.3239916776477242,0.0,0.12671626683173048,0.3239916776477242,,0.0071839762510009526,0.007094216374497831,success,0.999933974104466,0.999933974104466,0.75,0.7751948947363559,0.01,[0.01],,,,,,,,,0.19457831896062405,,,
,,,4.762714354220694e-07,-2.7804266094586104e-09,2.0324091648158846e-10,typ,,8.906707089859755e-17,True,,1.0009632110595703,1.92,,,-6.053348771128952e-07,22,4.3892081503136005e-09,False,False,793,1.0,84,1.870090546573862e-08,,,2.0324091648158846e-08,0.0798651280716533,3.9265225824777774,1.1935197469650518,-0.20415969103135778,-0.20415969103135778,0.7499993946651229,,0.04095638086364175,0.0,0.002576546574312103,0.002576546574312103,,4.762714354220694e-07,4.151303744668278e-07,success,1.0017508352062399,0.05004937489248814,0.75,0.9999566419743933,0.01,[0.01],,,,,,,,,0.5837903352307093,,,
,,,0.00801512539976258,-1.6187905931170724e-05,2.650996020291225e-06,arith,,2.098601723846928e-08,True,,1.0691986083984375,2.0,,,4.889752663883584e-06,19,4.2888173574626656e-09,False,False,794,1.0,186,0.0002618301797136064,,,0.0002650996020291225,0.012332807331626689,3.2667009766480035,0.9929580286786696,-1.0176480014531357e-05,-1.0176480014531357e-05,0.7500048897526639,,0.34297478678888593,0.0,0.1304594749345902,0.34297478678888593,,0.00801512539976258,0.008005421224904972,success,0.9999336353976761,0.9999336353976761,0.75,0.8135920303136849,0.01,[0.01],,,,,,,,,0.20196697024416155,,,
,,,5.203282617277093e-07,-3.3610599772357165e-09,2.0883280095992636e-10,typ,,9.736488414463143e-17,True,,1.0080585479736328,2.0,,,2.1379693162515423e-06,22,4.481375739221158e-09,False,False,795,1.0,86,1.8712203681064515e-08,,,2.0883280095992635e-08,0.10396242376429818,3.5962305062831117,1.0931229946418655,-0.6003887443704288,-0.6003887443704288,0.7500021379693163,,0.04811482597932909,0.0,0.0026474643256261753,0.0026474643256261753,,5.203282617277093e-07,4.381437865797121e-07,success,0.9992508434183078,0.02906847100668158,0.75,0.9998939348857766,0.01,[0.01],,,,,,,,,0.6459499174762446,,,
,,,0.008734803714127595,-1.4474490732554394e-05,2.8343699083315397e-06,arith,,2.454815392053902e-08,True,,1.080963134765625,2.08,,,1.9968800567538025e-06,18,4.436970940500638e-09,False,False,796,1.0,191,0.00028103841510296394,,,0.00028343699083315394,0.008462465407706548,3.2174554151504844,0.9779891729384891,-1.064375380611395e-05,-1.064375380611395e-05,0.7500019968800568,,0.35868606837099565,0.0,0.13147971634945768,0.35868606837099565,,0.008734803714127595,0.008783098406578815,success,0.9999332404145918,0.9999332404145918,0.75,0.8515753166682948,0.01,[0.01],,,,,,,,,0.16571054377722855,,,
,,,5.06607130796212e-07,-2.600429782365338e-09,1.785037799732e-10,typ,,8.366905275548855e-17,True,,1.022801399230957,2.08,,,-1.6512538411062039e-06,23,4.342092748743399e-09,False,False,797,1.0,61,1.6515569495437147e-08,,,1.785037799732e-08,0.07477760426604173,3.2600349445299663,0.9909317978854775,-1.6836710182073154,-1.6836710182073154,0.7499983487461589,,0.4235715690668232,0.0,0.002904969632383011,0.002904969632383011,,5.06607130796212e-07,5.274610709798393e-07,success,1.0009264948423326,0.01722256619816695,0.75,0.9996782626802295,0.01,[0.01],,,,,,,,,0.5133030358807539,,,
,,,0.009138305648078665,-1.1245101282382466e-05,2.9533060374615143e-06,arith,,2.6861760939788335e-08,True,,1.094696044921875,2.16,,,9.146745726829053e-06,18,4.295866255751077e-09,False,False,798,1.0,189,0.00029394684282021185,,,0.00029533060374615144,0.004685464047366353,3.216644902679682,0.9777428066897934,-1.1120536890665486e-05,-1.1120536890665486e-05,0.7500091467457268,,0.3670611797301758,0.0,0.12924755374333893,0.3670611797301758,,0.009138305648078665,0.009193702735043737,success,0.9999332690357134,0.9999332690357134,0.75,0.8841715823365683,0.01,[0.01],,,,,,,,,0.12305455426243876,,,
,,,4.31027698595487e-07,-1.7036843195303495e-09,1.4985162011195428e-10,typ,,6.168765868704726e-17,True,,1.0416641235351562,2.16,,,-2.18809930896402e-06,20,3.987221692299495e-09,False,False,799,1.0,75,1.4311762071917377e-08,,,1.4985162011195427e-08,0.04493778170532639,3.32038106102057,1.0092748177386166,-3.506286989553771,-3.506286989553771,0.749997811900691,,0.10656461161454982,0.0,0.00250798330519963,0.00250798330519963,,4.31027698595487e-07,3.9313415069565434e-07,success,0.9998119556830749,0.011829100426175162,0.75,0.9990719230961176,0.01,[0.01],,,,,,,,,0.39526098324581954,,,
,,,0.009254103374651755,-8.249836537573052e-06,2.998188256912678e-06,arith,,2.7677484263240204e-08,True,,1.1097564697265625,2.24,,,1.8289369598800675e-06,19,4.280973879707934e-09,False,False,800,1.0,170,0.0002990833702922812,,,0.0002998188256912678,0.0024529993981894883,3.231900035950659,0.9823798111687043,-1.1608579920489208e-05,-1.1608579920489208e-05,0.7500018289369599,,0.3696231702553705,0.0,0.12491691833185287,0.3696231702553705,,0.009254103374651755,0.009298906932454448,success,0.9999331776664772,0.9999331776664772,0.75,0.9099768834951557,0.01,[0.01],,,,,,,,,0.08914787531086452,,,
,,,3.589797523285749e-07,-1.1975149536837457e-09,1.2031651458792415e-10,typ,,4.1757150543514195e-17,True,,1.0616655349731445,2.24,,,6.194856849273123e-06,23,3.4522112411435914e-09,False,False,801,1.0,33,1.1632174314191902e-08,,,1.2031651458792414e-08,0.033202187244925956,3.240342732072796,0.9849460830613869,-5.799153075942502,-5.799153075942502,0.7500061948568493,,0.15854480471618904,0.0,0.0023754551286735395,0.0023754551286735395,,3.589797523285749e-07,3.526796309382484e-07,success,0.9989453148865766,0.009122618697017875,0.75,0.9983435294142812,0.01,[0.01],,,,,,,,,0.3335884394358983,,,
,,,0.009167429577130013,-5.9544340518796065e-06,2.9810188115685472e-06,arith,,2.7292824738276278e-08,True,,1.1257781982421875,2.32,,,-5.738366118945848e-06,19,4.409674283095186e-09,False,False,802,1.0,169,0.00029771512841902475,,,0.00029810188115685473,0.0012973844255161618,3.247531119974291,0.9871310909733659,-1.2108795406412e-05,-1.2108795406412e-05,0.749994261633881,,0.3683034896318776,0.0,0.11940923282287076,0.3683034896318776,,0.009167429577130013,0.009200013451894737,success,0.9999329776253483,0.9999329776253483,0.75,0.9297351155171009,0.01,[0.01],,,,,,,,,0.06495205664556325,,,
,,,2.9270480188016323e-07,-7.814815217830355e-10,9.973954806154286e-11,typ,,2.8583531286082596e-17,True,,1.081263542175293,2.32,,,2.0322023293051217e-06,23,3.218750541626282e-09,False,False,803,1.0,27,9.76530999917966e-09,,,9.973954806154286e-09,0.020918964546128165,3.336231567249003,1.0140927938958018,-8.397979859389645,-8.397979859389645,0.7500020322023293,,0.08222062964749968,0.0,0.0020760116829934704,0.0020760116829934704,,2.9270480188016323e-07,2.693664775237233e-07,success,0.9998941072518817,0.0075199702606908265,0.75,0.9968664689060905,0.01,[0.01],,,,,,,,,0.2669862321230327,,,
,,,0.0089534386727853,-4.309208901488581e-06,2.920560083204051e-06,arith,,2.6130486313795537e-08,True,,1.1425323486328125,2.4,,,1.5579655343600507e-07,19,4.302099793563366e-09,False,False,804,1.0,159,0.00029184861000077276,,,0.0002920560083204051,0.0007101320079838931,3.259625945591945,0.9908074771159511,-1.2621683633315308e-05,-1.2621683633315308e-05,0.7500001557965534,,0.36452052128341955,0.0,0.11331517703700128,0.36452052128341955,,0.0089534386727853,0.008976545865763377,success,0.999933080655975,0.999933080655975,0.75,0.9447399542615225,0.01,[0.01],,,,,,,,,0.04812909384845365,,,
,,,2.4284961319545926e-07,-5.803945853837314e-10,7.966725882934099e-11,typ,,1.9010305116305243e-17,True,,1.1012649536132812,2.4,,,2.874376773709386e-06,20,3.22600069308257e-09,False,False,805,1.0,39,7.828015398568768e-09,,,7.966725882934099e-09,0.01741122845238962,3.2234003981173047,0.9797962310712843,-11.226214182769136,-11.226214182769136,0.7500028743767737,,0.3887968713460293,0.0,0.0020509539954615716,0.0020509539954615716,,2.4284961319545926e-07,2.6290258633003973e-07,success,0.9999978575289992,0.006448350482438659,0.75,0.9955478367094535,0.01,[0.01],,,,,,,,,0.23899341561503606,,,
,,,0.08980773036722461,2.0084782785424326e-05,2.928849117261857e-05,arith,,2.6299295195938294e-06,True,,1.1120452880859375,0.0,,,1.837572932372744e-06,19,4.8427070837227656e-09,False,False,806,1.0833333333,647,0.002928399937110117,,,0.0029288491172618568,0.00015336404633907363,3.2607437301175115,0.9911472428695136,-4.757088451727912e-06,-4.757088451727912e-06,0.7500018375729324,,0.9109676611262963,0.0,0.9109676611262963,0.9109676611262963,,0.08980773036722461,0.09005192126103516,success,0.9999343474983002,0.9999343474983002,0.75,0.9999993890427072,0.01,[0.01],,,,,,,,,-0.022364202617411073,,,
,,,0.08980758666178869,2.0082321515606614e-05,2.9288437003865198e-05,typ,,2.6299205447755065e-06,True,,1.1120452880859375,0.0,,,1.3964536506039238e-06,19,4.384860631354162e-09,False,False,807,1.0833333333,339,0.0029283946295981297,,,0.0029288437003865196,0.00015332698987339786,3.2607430379198714,0.9911470324666609,-5.981352796361416e-06,-5.981352796361416e-06,0.7500013964536506,,0.9109676112143026,0.0,0.9109676112143026,0.9109676112143026,,0.08980758666178869,0.09005167957106724,success,0.9999315540025356,0.9999315540025356,0.75,0.9999999959627298,0.01,[0.01],,,,,,,,,-0.022361497799997375,,,
,,,0.08711212630386675,1.86901568881478e-05,2.841302613866813e-05,arith,,2.474769799702222e-06,True,,1.1120681762695312,0.08,,,6.892009697723189e-06,20,4.849229293031689e-09,False,False,808,1.0833333333,584,0.002840901611182887,,,0.0028413026138668133,0.0001411333949326839,3.2612010884376548,0.9912862631285504,-4.766698594394587e-06,-4.766698594394587e-06,0.7500068920096977,,0.9034965275618483,0.0,0.9034028382384969,0.9034965275618483,,0.08711212630386675,0.08734554042073327,success,0.9999349255405958,0.9999349255405958,0.75,0.9999997166564418,0.01,[0.01],,,,,,,,,-0.02145528720416296,,,
,,,0.08706633161972704,1.8689768435784375e-05,2.8394058645394364e-05,typ,,2.4718172186057e-06,True,,1.1118621826171875,0.08,,,-2.1363206690327985e-06,19,4.154610499185448e-09,False,False,809,1.0833333333,338,0.0028390046676155683,,,0.0028394058645394363,0.00014129608200025574,3.260737663802435,0.9911453989308419,-1.3886718533448299e-05,-1.3886718533448299e-05,0.749997863679331,,0.9035420291480849,0.0,0.9034483611462731,0.9034483611462731,,0.08706633161972704,0.08730446197465035,success,0.9999315709196424,0.9921615055893939,0.75,0.999981469148478,0.01,[0.01],,,,,,,,,-0.02146612598474258,,,
,,,0.07987625969867311,1.520836576034768e-05,2.6063825043688236e-05,arith,,2.081649563541321e-06,True,,1.1121139526367188,0.16,,,-4.4736610060880366e-07,20,4.8201139335334994e-09,False,False,810,1.0833333333,550,0.002606092938495342,,,0.0026063825043688236,0.00011109876351458535,3.2626627089533513,0.9917305424906092,-4.79557325061249e-06,-4.79557325061249e-06,0.7499995526338994,,0.881890905698918,0.0,0.8804975447761377,0.881890905698918,,0.07987625969867311,0.08007992666181526,success,0.9999333471016852,0.9999333471016852,0.75,0.9999992881332286,0.01,[0.01],,,,,,,,,-0.019039907248686955,,,
,,,0.0795378477563194,1.5120479609895062e-05,2.593766760673261e-05,typ,,2.062797628354683e-06,True,,1.1113357543945312,0.16,,,8.668605054218403e-06,20,4.422483001121337e-09,False,False,811,1.0833333333,318,0.0025934793139921115,,,0.002593766760673261,0.00011082210070221518,3.2606858082679957,0.9911296367384586,-3.9016731043477605e-05,-3.9016731043477605e-05,0.7500086686050542,,0.8825265656571911,0.0,0.881127920545783,0.881127920545783,,0.0795378477563194,0.07975366483691451,success,0.9999316375116566,0.9688849813931906,0.75,0.9999493417963029,0.01,[0.01],,,,,,,,,-0.01901042087060209,,,
,,,0.07007378666014162,1.1066059131708662e-05,2.288232879454827e-05,arith,,1.6033289685716848e-06,True,,1.1122055053710938,0.24,,,4.685651851077388e-06,20,4.763841547855802e-09,False,False,812,1.0833333333,508,0.002288058124142544,,,0.002288232879454827,7.637129675575708e-05,3.265212618292832,0.9925056219879798,-4.8436872306488335e-06,-4.8436872306488335e-06,0.7500046856518511,,0.8484256522965687,0.0,0.8421059839413149,0.8484256522965687,,0.07007378666014162,0.07023616741328984,success,0.9999348398583453,0.9999348398583453,0.75,0.9999999945905627,0.01,[0.01],,,,,,,,,-0.01579200962177073,,,
,,,0.06889105228841542,1.073810309999164e-05,2.2463603560364683e-05,typ,,1.5474259806051322e-06,True,,1.1104202270507812,0.24,,,-4.3652333431287715e-06,20,4.105627189548739e-09,False,False,813,1.0833333333,308,0.0022461929803695917,,,0.0022463603560364683,7.450971364717731e-05,3.2605003200790224,0.9910732550898831,-8.482939143310633e-05,-8.482939143310633e-05,0.7499956347666569,,0.8511131983969984,0.0,0.8446799693598829,0.8446799693598829,,0.06889105228841542,0.06908199550044955,success,0.9999317540180667,0.9302053496502197,0.75,0.9999999944087526,0.01,[0.01],,,,,,,,,-0.01558707951656203,,,
,,,0.059684618742541454,7.400724918488201e-06,1.950973809384999e-05,arith,,1.164376509168955e-06,True,,1.1123199462890625,0.32,,,1.0706914335134599e-06,19,4.802375485309374e-09,False,False,814,1.0833333333,507,0.001950882042476752,,,0.001950973809384999,4.703646343460024e-05,3.2686512598701083,0.993550843692174,-4.911104532396757e-06,-4.911104532396757e-06,0.7500010706914335,,0.8063992039579301,0.0,0.7892399069566252,0.8063992039579301,,0.059684618742541454,0.0598038609050445,success,0.9999346287960404,0.9999346287960404,0.75,0.9999999934725939,0.01,[0.01],,,,,,,,,-0.012399718846177667,,,
,,,0.05695209216655904,6.684046474832882e-06,1.8567580127503765e-05,typ,,1.0574178582542867e-06,True,,1.109161376953125,0.32,,,1.2002735985117141e-06,18,4.4432723362689206e-09,False,False,815,1.0833333333,320,0.0018566795670329707,,,0.0018567580127503765,4.224875663233899e-05,3.260072626661414,0.9909432518799588,-0.00015916641567287327,-0.00015916641567287327,0.7500012002735985,,0.8131263987336772,0.0,0.7950888813524887,0.7950888813524887,,0.05695209216655904,0.05711307320235337,success,0.9999318992643716,0.8763040644817943,0.75,0.9999999929819477,0.01,[0.01],,,,,,,,,-0.01173626151482737,,,
,,,0.05002178015802201,4.648659984946875e-06,1.6370028332087257e-05,arith,,8.188363483686047e-07,True,,1.112457275390625,0.4,,,-9.275694304866633e-06,18,4.708641045335912e-09,False,False,816,1.0833333333,502,0.0016369596319480199,,,0.0016370028332087256,2.639046178132696e-05,3.2724937552737217,0.9947188222394769,-4.997859923771696e-06,-4.997859923771696e-06,0.7499907243056951,,0.7594560318104949,0.0,0.72485033118611,0.7594560318104949,,0.05002178015802201,0.05010368935983485,success,0.9999342802893437,0.9999342802893437,0.75,0.9999999919888324,0.01,[0.01],,,,,,,,,-0.009293271791330616,,,
,,,0.0451210394862022,3.521036393163513e-06,1.4706505067628236e-05,typ,,6.635603981632044e-07,True,,1.1075363159179688,0.4,,,6.822245497639656e-06,20,4.162387425216759e-09,False,False,817,1.0833333333,272,0.0014706230302298732,,,0.0014706505067628235,1.868325127146182e-05,3.2592844645779553,0.9907036793343647,-0.00027652895207405204,-0.00027652895207405204,0.7500068222454976,,0.7719483947638316,0.0,0.7335323064782764,0.7335323064782764,,0.0451210394862022,0.045251961796241566,success,0.9999321156518721,0.8074578962267306,0.75,0.9999992705217692,0.01,[0.01],,,,,,,,,-0.007803535630512744,,,
,,,0.04167783001798733,2.7679598618604474e-06,1.3654730268312742e-05,arith,,5.690918654624082e-07,True,,1.112640380859375,0.48,,,-7.191311869769734e-06,18,4.678771367961063e-09,False,False,818,1.0833333333,468,0.0013654546439121212,,,0.001365473026831274,1.3462674686070007e-05,3.2762133808857556,0.9958494528486299,-5.103955910451823e-06,-5.103955910451823e-06,0.7499928086881302,,0.7108977895211664,0.0,0.6535607409056046,0.7108977895211664,,0.04167783001798733,0.04173147887802773,success,0.9999348264861689,0.9999348264861689,0.75,0.9999998883608356,0.01,[0.01],,,,,,,,,-0.006641324321985694,,,
,,,0.034244264068155325,1.3109274312021502e-06,1.1156791962708486e-05,typ,,3.820544115937325e-07,True,,1.1055221557617188,0.48,,,-4.606134918372362e-06,20,4.281910976177502e-09,False,False,819,1.0833333333,237,0.0011156741778224264,,,0.0011156791962708486,4.498110602944618e-06,3.257988478309634,0.990309746746293,-0.00046603419031847934,-0.00046603419031847934,0.7499953938650816,,0.7300443174622999,0.0,0.661283522323209,0.661283522323209,,0.034244264068155325,0.03434811041301825,success,0.9999323689463008,0.7240780598967435,0.75,0.9999999873907358,0.01,[0.01],,,,,,,,,-0.003828166459039829,,,
,,,0.03476244683094944,1.5493778453525291e-06,1.1400265321945488e-05,arith,,3.96298716541139e-07,True,,1.1128692626953125,0.56,,,3.7385809312784346e-06,19,4.692149331515362e-09,False,False,820,1.0833333333,404,0.0011400196265480061,,,0.0011400265321945488,6.057443706480726e-06,3.2794573756328123,0.9968355090111338,-5.229444374577107e-06,-5.229444374577107e-06,0.7500037385809313,,0.6632380712414634,0.0,0.5804979985836664,0.6632380712414634,,0.03476244683094944,0.03479656476073578,success,0.9999344447214418,0.9999344447214418,0.75,0.9999999875968665,0.01,[0.01],,,,,,,,,-0.004457044847525229,,,
,,,0.024739405696506716,-1.2892521978481838e-07,8.055054420989093e-06,typ,,1.9927724260657689e-07,True,,1.1031646728515625,0.56,,,-1.0715364247015913e-06,19,4.393548408265673e-09,False,False,821,1.0833333333,181,0.0008055053749117161,,,0.0008055054420989092,8.340998034350034e-08,3.2559608941028686,0.9896934350510012,-0.0007894315371407,-0.0007894315371407,0.7499989284635753,,0.6889657958651191,0.0,0.5796569155044918,0.5796569155044918,,0.024739405696506716,0.02481925943102988,success,0.9999328580934105,0.6268696436289726,0.75,0.9999999817573397,0.01,[0.01],,,,,,,,,0.0005211330513207236,,,
,,,0.02914754858270612,7.816032066381261e-07,9.566525794759246e-06,arith,,2.7884016446688375e-07,True,,1.11309814453125,0.64,,,-6.86527277515836e-06,17,4.693966426537396e-09,False,False,822,1.0833333333,441,0.0009566504835755751,,,0.0009566525794759246,2.1908688634804065e-06,3.2820958539998006,0.9976375102646077,-5.374476502776628e-06,-5.374476502776628e-06,0.7499931347272248,,0.618093329618618,0.0,0.5100486906961864,0.618093329618618,,0.02914754858270612,0.029168906781876825,success,0.9999337348450986,0.9999337348450986,0.75,0.9999999844543684,0.01,[0.01],,,,,,,,,-0.002681540111067414,,,
,,,0.01676866256201096,-1.00830285471661e-06,5.454560889405543e-06,typ,,9.146467430373708e-08,True,,1.1004638671875,0.64,,,4.9826203036840155e-06,16,4.335846834734406e-09,False,False,823,1.0833333333,199,0.0005454500259963983,,,0.0005454560889405543,1.1115366165819113e-05,3.2527938586593277,0.9887307717116707,-0.001391992949525982,-0.001391992949525982,0.7500049826203037,,0.6495579010297333,0.0,0.49000808361514264,0.49000808361514264,,0.01676866256201096,0.01682783198251145,success,0.9999293900505102,0.5176473490740389,0.75,0.9999999717511092,0.01,[0.01],,,,,,,,,0.00601301893331015,,,
,,,0.024624805292084315,2.992088924674875e-07,8.087174948107312e-06,arith,,1.991450189342033e-07,True,,1.113372802734375,0.72,,,-8.613589430161994e-06,18,4.681651564358023e-09,False,False,824,1.0833333333,386,0.0008087171312506531,,,0.0008087174948107312,4.4955139517306596e-07,3.284156449799896,0.9982638562810299,-5.53903896772514e-06,-5.53903896772514e-06,0.7499913864105698,,0.5763124139933965,0.0,0.44517920336605926,0.5763124139933965,,0.024624805292084315,0.02463806661406914,success,0.9999345883388547,0.9999345883388547,0.75,0.9999999091361566,0.01,[0.01],,,,,,,,,-0.0012150710997242634,,,
,,,0.010371133765629268,-1.4868743762466792e-06,3.3683883316920377e-06,typ,,3.4931795167152194e-08,True,,1.0974197387695312,0.72,,,8.273704742656207e-06,20,4.241763704351206e-09,False,False,825,1.0833333333,131,0.0003368175163540831,,,0.00033683883316920377,6.328490964099927e-05,3.2476441242164107,0.9871654401440705,-0.0026618407060789366,-0.0026618407060789366,0.7500082737047427,,0.6121838008874475,0.0,0.39377638226184186,0.39377638226184186,,0.010371133765629268,0.010412697126365701,success,0.999934097316623,0.4005574518320574,0.75,0.9999987387642888,0.01,[0.01],,,,,,,,,0.014336661833196047,,,
,,,0.020983055192080838,-5.916849771428233e-09,6.894483569041673e-06,arith,,1.446673292150868e-07,True,,1.1136932373046875,0.8,,,-6.053627918944926e-06,19,4.6895241128650224e-09,False,False,826,1.0833333333,344,0.0006894483567373227,,,0.0006894483569041673,2.4199726933350003e-10,3.2857386611532413,0.9987447908623098,-5.723212981532705e-06,-5.723212981532705e-06,0.749993946372081,,0.5382025039868499,0.0,0.3874156932046927,0.5382025039868499,,0.020983055192080838,0.020991224530864123,success,0.9999350031593595,0.9999350031593595,0.75,0.9999999748477034,0.01,[0.01],,,,,,,,,2.819822812867259e-05,,,
,,,0.005538700259325758,-1.6519846508380485e-06,1.7942191415631875e-06,typ,,9.93491297137666e-09,True,,1.09423828125,0.8,,,-3.7127401741887667e-06,14,4.344289227152834e-09,False,False,827,1.0833333333,219,0.00017937264170684813,,,0.00017942191415631876,0.00027461778959565796,3.2385331090056804,0.9843960236080669,-0.005870190603745407,-0.005870190603745407,0.7499962872598258,,0.5768962123139723,0.0,0.292606991596946,0.292606991596946,,0.005538700259325758,0.005565402698433794,success,0.9998350214293389,0.2822966768974205,0.75,0.9999992116684555,0.01,[0.01],,,,,,,,,0.029826215059327827,,,
,,,0.018038943523179505,-2.0269561774394646e-07,5.9293255993752165e-06,arith,,1.0695872853215854e-07,True,,1.1140594482421875,0.88,,,-2.3219230094184695e-06,19,4.625122832865732e-09,False,False,828,1.0833333333,344,0.0005929323321774347,,,0.0005929325599375216,3.8412477628931203e-07,3.2869570849065206,0.9991151472728904,-5.927089389896065e-06,-5.927089389896065e-06,0.7499976780769906,,0.5037365824332278,0.0,0.33717078377499704,0.5037365824332278,,0.018038943523179505,0.01804389167879266,success,0.9999345582596605,0.9999345582596605,0.75,0.9999999664760097,0.01,[0.01],,,,,,,,,0.0011236557034700432,,,
,,,0.0022557978252522692,-1.4697081958492436e-06,7.273208505771606e-07,typ,,1.638528750811643e-09,True,,1.090850830078125,0.88,,,-1.5125267527338337e-06,18,4.40798561362307e-09,False,False,829,1.0833333333,151,7.263632992590566e-05,,,7.273208505771606e-05,0.001316545947148537,3.2199840390298555,0.9787577824318215,-0.016575264399925595,-0.016575264399925595,0.7499984874732473,,0.5435126737945261,0.0,0.18897680985755214,0.18897680985755214,,0.0022557978252522692,0.0022700200922628018,success,0.9999497747892927,0.1724544068740383,0.75,0.9999971049043257,0.01,[0.01],,,,,,,,,0.06515247862183234,,,
,,,0.015643782378014993,-3.3419395594753987e-07,5.143550662667514e-06,arith,,8.04644755314652e-08,True,,1.114471435546875,0.96,,,1.8219107222883224e-08,18,4.5553278701909315e-09,False,False,830,1.0833333333,357,0.0005143543523371052,,,0.0005143550662667514,1.388009359715564e-06,3.2879155431103007,0.9994064836319265,-6.150768801671536e-06,-6.150768801671536e-06,0.7500000182191072,,0.47270787019893,0.0,0.29415034102637594,0.47270787019893,,0.015643782378014993,0.015646655480519144,success,0.9999339525507104,0.9999339525507104,0.75,0.9999999516395559,0.01,[0.01],,,,,,,,,0.0021362733632577227,,,
,,,0.000502963666127317,-8.322457529701645e-07,1.614527609631816e-07,typ,,8.051223956708231e-11,True,,1.0875320434570312,0.96,,,7.155860732632746e-06,20,4.441350880248155e-09,False,False,831,1.0833333333,108,1.6007565752612826e-05,,,1.614527609631816e-05,0.008529451146192418,3.1826485352046827,0.967409150113473,-0.06899081739540536,-0.06899081739540536,0.7500071558607326,,0.5119347324965783,0.0,0.08986967260401664,0.08986967260401664,,0.000502963666127317,0.000507037803442488,success,1.0000486754306064,0.08542317334520204,0.75,0.9999988052831894,0.01,[0.01],,,,,,,,,0.16546836461930337,,,
,,,0.013680901232545107,-4.274252877953415e-07,4.499252196064326e-06,arith,,6.155364222229109e-08,True,,1.11492919921875,1.04,,,-4.988868231858845e-07,17,4.564714926686981e-09,False,False,832,1.0833333333,317,0.00044992388422381756,,,0.00044992521960643265,2.9680101423423347e-06,3.2887006241482575,0.9996451196519893,-6.394361732969486e-06,-6.394361732969486e-06,0.7499995011131768,,0.4448299370746272,0.0,0.25769019500202966,0.4448299370746272,,0.013680901232545107,0.013682395539168989,success,0.9999342488073205,0.9999342488073205,0.75,0.9999998301281326,0.01,[0.01],,,,,,,,,0.003124248034029744,,,
,,,4.7015516010934715e-05,-1.2310137736206318e-07,1.5567755672500424e-08,typ,,7.167721169663264e-13,True,,1.0857467651367188,1.04,,,5.313765321757202e-06,20,4.338533823093594e-09,False,False,833,1.0833333333,93,1.5245437629560883e-06,,,1.5567755672500425e-06,0.020704207447763228,3.242639648156823,0.985644261830469,-0.30994564699957394,-0.30994564699957394,0.7500053137653218,,0.4218560465302562,0.0,0.026969700268601945,0.026969700268601945,,4.7015516010934715e-05,4.548802143503981e-05,success,0.9997744614067712,0.04030119948058655,0.75,0.9998486070131901,0.01,[0.01],,,,,,,,,0.26183138633091396,,,
,,,0.012060139786732852,-4.998020071738714e-07,3.967064415473731e-06,arith,,4.784310159154047e-08,True,,1.1154327392578125,1.12,,,-7.17775129266407e-06,19,4.5788339627310566e-09,False,False,834,1.0833333333,264,0.0003967043702442971,,,0.0003967064415473731,5.221248911203866e-06,3.2893845117840557,0.9998529965662016,-6.6579887661808845e-06,-6.6579887661808845e-06,0.7499928222487073,,0.4197959565749956,0.0,0.22698501651735903,0.4197959565749956,,0.012060139786732852,0.012060672778871358,success,0.9999341418606911,0.9999341418606911,0.75,0.883592580727402,0.01,[0.01],,,,,,,,,0.00414424721447835,,,
,,,8.648994240865159e-06,-1.7129847145171908e-08,2.87809494958507e-09,typ,,2.4599194980407415e-14,True,,1.0858268737792969,1.12,,,7.019347370018636e-07,21,4.2663194474389934e-09,False,False,835,1.0833333333,96,2.8441682692052245e-07,,,2.87809494958507e-07,0.011787894761684781,3.28843815823922,0.9995653395822811,-0.33896958837302016,-0.33896958837302016,0.750000701934737,,0.21209079266369638,0.0,0.011164489183050672,0.011164489183050672,,8.648994240865159e-06,7.79243321020726e-06,success,0.9996902420993554,0.03863327720739469,0.75,0.9999348233686883,0.01,[0.01],,,,,,,,,0.19805594347879238,,,
,,,0.010712167618657027,-5.632326396144401e-07,3.5243664934699648e-06,arith,,3.7753287396622446e-08,True,,1.11602783203125,1.2,,,-4.695727382264536e-06,17,4.520726830090698e-09,False,False,836,1.0833333333,293,0.00035243368793883316,,,0.00035243664934699645,8.40266802211605e-06,3.2900314902187593,1.0000496544285873,-6.941661735642736e-06,-6.941661735642736e-06,0.7499953042726177,,0.3973097007011731,0.0,0.20121743971131192,0.3973097007011731,,0.010712167618657027,0.010711979977063042,success,0.9999341413986885,0.9999341413986885,0.75,0.7500494263652014,0.01,[0.01],,,,,,,,,0.005257877393866359,,,
,,,3.233143136106688e-06,-5.3983330547968916e-09,1.0768851152741178e-09,typ,,3.4525817190534603e-15,True,,1.087646484375,1.2,,,-5.0952237443668835e-06,15,4.3862023815841144e-09,False,False,837,1.0833333333,226,1.0678715954441219e-07,,,1.0768851152741178e-07,0.008369992028074025,3.3028899448294764,1.0039581559514947,-0.12754718457524206,-0.12754718457524206,0.7499949047762556,,0.1482324464767548,0.0,0.006876520024821811,0.006876520024821811,,3.233143136106688e-06,2.9571245052392054e-06,success,0.9993229303408832,0.06325306869638117,0.75,0.9999818943186128,0.01,[0.01],,,,,,,,,0.16696857601230422,,,
,,,0.009583861819056518,-6.267003588782736e-07,3.1538096960570928e-06,arith,,3.0225283577271994e-08,True,,1.1167144775390625,1.28,,,7.771673075085417e-07,19,4.470757694697414e-09,False,False,838,1.0833333333,244,0.00031537687153598295,,,0.0003153809696057093,1.2994029828314731e-05,3.2907076238191233,1.000255174398655,-7.245504874918581e-06,-7.245504874918581e-06,0.7500007771673075,,0.37710534847241284,0.0,0.1796405874786551,0.37710534847241284,,0.009583861819056518,0.009583074334276936,success,0.9999337773016757,0.9999337773016757,0.75,0.6863669737730439,0.01,[0.01],,,,,,,,,0.006539121397098451,,,
,,,1.6746595360484414e-06,-2.6246042089180752e-09,5.586894508076084e-10,typ,,9.287260692311575e-16,True,,1.0879440307617188,1.28,,,3.955197454996728e-06,20,4.4379610281075134e-09,False,False,839,1.0833333333,147,5.545760491846582e-08,,,5.5868945080760834e-08,0.007362590464172951,3.3115749037159303,1.0065980668942764,-0.0669262901050794,-0.0669262901050794,0.750003955197455,,0.18218822340511326,0.0,0.005088283368695379,0.005088283368695379,,1.6746595360484414e-06,1.6199664218239308e-06,success,1.0001400607773419,0.087370980652171,0.75,0.9999875283104263,0.01,[0.01],,,,,,,,,0.1567246447663709,,,
,,,0.008634536390661258,-6.984514352862346e-07,2.8421092248557924e-06,arith,,2.4539807693843946e-08,True,,1.11749267578125,1.36,,,3.6896213769788133e-06,17,4.49074070505013e-09,False,False,840,1.0833333333,266,0.0002842052726812889,,,0.0002842109224855792,1.9878913311652802e-05,3.2914942948028227,1.0004942937042716,-7.5696506700679775e-06,-7.5696506700679775e-06,0.750003689621377,,0.3589548663870297,0.0,0.1616029287545278,0.3589548663870297,,0.008634536390661258,0.008633176721630827,success,0.9999340895061865,0.9999340895061865,0.75,0.700518498412285,0.01,[0.01],,,,,,,,,0.008089043854649215,,,
,,,1.0286199801377107e-06,-1.6049572697841262e-09,3.4383885811374134e-10,typ,,3.511036315656968e-16,True,,1.088338851928711,1.36,,,-2.5237562781832423e-06,22,4.396853948463395e-09,False,False,841,1.0833333333,122,3.4133464092219105e-08,,,3.4383885811374136e-08,0.0072831128083897835,3.3183745942451313,1.008664924972737,-0.04583789804375443,-0.04583789804375443,0.7499974762437218,,0.24855234023381137,0.0,0.0040770197285345,0.0040770197285345,,1.0286199801377107e-06,1.040603670197552e-06,success,0.9996277287702724,0.10551702448380053,0.75,0.9999895932633392,0.01,[0.01],,,,,,,,,0.15603014726286535,,,
,,,0.007833191159165892,-7.878793796867178e-07,2.5791663381476695e-06,arith,,2.0202482204079654e-08,True,,1.1183624267578125,1.44,,,-2.872752978611004e-06,19,4.459650008810796e-09,False,False,842,1.0833333333,222,0.00025790870915284663,,,0.00025791663381476696,3.072567210233309e-05,3.2925113649378845,1.000803445954067,-7.914240021190564e-06,-7.914240021190564e-06,0.7499971272470214,,0.3426736915669523,0.0,0.14655692838418513,0.3426736915669523,,0.007833191159165892,0.00783119570466987,success,0.9999340538139797,0.9999340538139797,0.75,0.7121057742703318,0.01,[0.01],,,,,,,,,0.010058217189871493,,,
,,,6.994445009376238e-07,-1.11999251856642e-09,2.3436717374951583e-10,typ,,1.6267244763774674e-16,True,,1.0899009704589844,1.44,,,1.8675190205375003e-06,21,4.444118238320128e-09,False,False,843,1.0833333333,152,2.325737745020227e-08,,,2.343671737495158e-08,0.0076520923079861376,3.3251212096206544,1.01071565013902,-0.03770830656955357,-0.03770830656955357,0.7500018675190205,,0.15928853660643552,0.0,0.0033239788841179195,0.0033239788841179195,,6.994445009376238e-07,6.919660246147324e-07,success,0.9998569312790468,0.11628009095870868,0.75,0.9999902749485206,0.01,[0.01],,,,,,,,,0.1601260024297911,,,
,,,0.007156375647460884,-9.075809549471528e-07,2.357396152016866e-06,arith,,1.6869588710521712e-08,True,,1.119415283203125,1.52,,,2.745373659074346e-06,18,4.447449877066798e-09,False,False,844,1.0833333333,234,0.00023572810514086305,,,0.00023573961520168658,4.8825314377828316e-05,3.293959355312776,1.001243582250127,-8.279134293017712e-06,-8.279134293017712e-06,0.7500027453736591,,0.32812211164197436,0.0,0.13404257583171045,0.32812211164197436,,0.007156375647460884,0.007153564350588245,success,0.9999338820305362,0.9999338820305362,0.75,0.7201480528414752,0.01,[0.01],,,,,,,,,0.012682131286235188,,,
,,,5.193436065039375e-07,-8.731617191787294e-10,1.744576536522433e-10,typ,,8.984105564213172e-17,True,,1.0887393951416016,1.52,,,9.305022174332933e-06,22,4.451218751409562e-09,False,False,845,1.0833333333,129,1.729896248206736e-08,,,1.744576536522433e-08,0.008414814717707867,3.330928168831939,1.0124807540809704,-0.0358637536529942,-0.0358637536529942,0.7500093050221743,,0.2320832803961048,0.0,0.0029151425935704154,0.0029151425935704154,,5.193436065039375e-07,5.323024328117205e-07,success,0.9997548465611689,0.11924243770360933,0.75,0.9999903544711096,0.01,[0.01],,,,,,,,,0.16812794231868708,,,
,,,0.00658766484209576,-1.0787877567574668e-06,2.171620812326809e-06,arith,,1.4304746292704624e-08,True,,1.12060546875,1.6,,,-8.023672985801866e-06,14,4.447336713507417e-09,False,False,846,1.0833333333,303,0.00021714441513927716,,,0.00021716208123268087,8.134980703552094e-05,3.296227424195978,1.001932992521612,-8.664599389957071e-06,-8.664599389957071e-06,0.7499919763270142,,0.3152291387829497,0.0,0.12372007271503135,0.3152291387829497,,0.00658766484209576,0.006583659573426624,success,0.999933598123054,0.999933598123054,0.75,0.725718454120838,0.01,[0.01],,,,,,,,,0.016375874951377576,,,
,,,4.053567297228392e-07,-7.232536853443765e-10,1.3661674904567137e-10,typ,,5.485542272515494e-17,True,,1.0887680053710938,1.6,,,-1.6244258012054758e-06,20,4.383026413106897e-09,False,False,847,1.0833333333,138,1.353262909010098e-08,,,1.3661674904567138e-08,0.009445826764844043,3.338449345433059,1.0147669176277958,-0.03897264191171144,-0.03897264191171144,0.7499983755741988,,0.1322051767193202,0.0,0.00253710591229688,0.00253710591229688,,4.053567297228392e-07,4.031393350122934e-07,success,0.9994369737685121,0.11447448622835871,0.75,0.9999904649875814,0.01,[0.01],,,,,,,,,0.1784239984960649,,,
,,,0.006116696410356184,-1.3390751536040257e-06,2.018882523971949e-06,arith,,1.2347098365043052e-08,True,,1.1220703125,1.68,,,-8.883523456293396e-06,13,4.425615768742264e-09,False,False,848,1.0833333333,301,0.00020185893718933259,,,0.00020188825239719486,0.00014520511973426312,3.3001300644505593,1.0031192529113853,-9.070299859834574e-06,-9.070299859834574e-06,0.7499911164765437,,0.3039989817794791,0.0,0.1153167110226038,0.3039989817794791,,0.006116696410356184,0.006110734479828123,success,0.9999335285573825,0.9999335285573825,0.75,0.7296566762384913,0.01,[0.01],,,,,,,,,0.021892130388175494,,,
,,,3.3237690993359736e-07,-6.365965138857776e-10,1.1249934421985256e-10,typ,,3.6986929279859174e-17,True,,1.0879526138305664,1.68,,,1.027346436366372e-06,23,4.37671880551649e-09,False,False,849,1.0833333333,79,1.1128008045820171e-08,,,1.1249934421985255e-08,0.010837963279751109,3.3480087554948796,1.0176726298549543,-0.048605942616734385,-0.048605942616734385,0.7500010273464364,,0.08416130005087166,0.0,0.002273543706811956,0.002273543706811956,,3.3237690993359736e-07,3.2360689002638594e-07,success,1.0002697299019567,0.10263286302136632,0.75,0.9999883781234766,0.01,[0.01],,,,,,,,,0.19152850118648662,,,
,,,0.00574121801965004,-1.7660572863223733e-06,1.8994978984081708e-06,arith,,1.0902312604289798e-08,True,,1.1239013671875,1.76,,,-1.1659953214060437e-07,16,4.412361840281114e-09,False,False,850,1.0833333333,241,0.00018989546411537174,,,0.00018994978984081707,0.0002860004503866535,3.307581482978536,1.0053842125465926,-9.495976769130087e-06,-9.495976769130087e-06,0.7499998834004679,,0.2945776990860623,0.0,0.10867363530146434,0.2945776990860623,,0.00574121801965004,0.005731663765539817,success,0.9999336626522942,0.9999336626522942,0.75,0.7324862981901535,0.01,[0.01],,,,,,,,,0.030761021098272532,,,
,,,2.8293995206542673e-07,-5.869132209072088e-10,9.637410697341854e-11,typ,,2.6923618078531674e-17,True,,1.0873603820800781,1.76,,,4.792012948562352e-06,21,4.40679953165788e-09,False,False,851,1.0833333333,110,9.515665031393618e-09,,,9.637410697341854e-09,0.012632611577071762,3.3631394088853264,1.0222717969873605,-0.07072490195355272,-0.07072490195355272,0.7500047920129486,,0.04818003345063405,0.0,0.0020704484249456094,0.0020704484249456094,,2.8293995206542673e-07,2.682344222975244e-07,success,0.9992371398515407,0.08519046234872349,0.75,0.9999833115489422,0.01,[0.01],,,,,,,,,0.2074338447514445,,,
,,,0.0054722408681014655,-2.5391294015720558e-06,1.8197851604931884e-06,arith,,9.951855548297482e-09,True,,1.126190185546875,1.84,,,1.2668764988177372e-06,18,4.270167883861406e-09,False,False,852,1.0833333333,210,0.0001818606999978451,,,0.00018197851604931885,0.0006474173656950042,3.3233314172616035,1.0101716184981409,-9.941302428436967e-06,-9.941302428436967e-06,0.7500012668764988,,0.28738343166505587,0.0,0.10377580303087848,0.28738343166505587,,0.0054722408681014655,0.005455225034177024,success,0.9999336666189079,0.9999336666189079,0.75,0.734554312133651,0.01,[0.01],,,,,,,,,0.0464001761394136,,,
,,,2.5495856905473283e-07,-5.876810320085729e-10,8.754796459204975e-11,typ,,2.1975734780660762e-17,True,,1.0839529037475586,1.84,,,1.693454231288527e-07,23,4.362269102834912e-09,False,False,853,1.0833333333,67,8.619335628583306e-09,,,8.754796459204975e-09,0.015472756134637824,3.3806808927975127,1.0276037687258377,-0.12370739250582947,-0.12370739250582947,0.7500001693454231,,0.04857824559634722,0.0,0.00197016477124201,0.00197016477124201,,2.5495856905473283e-07,2.427604074399488e-07,success,1.0004008158242201,0.06444999763086597,0.75,0.9999774362735363,0.01,[0.01],,,,,,,,,0.230500600229841,,,
,,,0.005347367258796982,-4.091308219127777e-06,1.7980681310789883e-06,arith,,9.598191850274158e-09,True,,1.12921142578125,1.92,,,1.5351828995813221e-06,17,4.385101355615345e-09,False,False,854,1.0833333333,220,0.0001794937842446509,,,0.00017980681310789882,0.0017409176984860483,3.356675828640061,1.020307104184308,-1.040513471745302e-05,-1.040513471745302e-05,0.7500015351828996,,0.2834033273324179,0.0,0.10080353962776875,0.2834033273324179,,0.005347367258796982,0.005313148435979413,success,0.9999334197149086,0.9999334197149086,0.75,0.7361218432895559,0.01,[0.01],,,,,,,,,0.07651070182989853,,,
,,,2.2804415605221049e-07,-5.739329103157436e-10,7.962370014960048e-11,typ,,1.782832051682641e-17,True,,1.0872116088867188,1.92,,,7.145057118740361e-06,20,4.4518210564907365e-09,False,False,855,1.0833333333,122,7.81792474995265e-09,,,7.962370014960049e-09,0.018140988767918195,3.4282504253968886,1.0420631727706822,-0.2696257741018322,-0.2696257741018322,0.7500071450571187,,0.023309937093287342,0.0,0.0018304528496058843,0.0018304528496058843,,2.2804415605221049e-07,2.094731361896542e-07,success,0.9983143679956196,0.043603283799672314,0.75,0.9999566014196177,0.01,[0.01],,,,,,,,,0.25167621931269407,,,
,,,0.0054615331873931975,-7.253122425051867e-06,1.8680112238874672e-06,arith,,1.0149597508771596e-08,True,,1.1334228515625,2.0,,,-3.8070727264027937e-06,16,4.420786011306687e-09,False,False,856,1.0833333333,231,0.00018583788032634885,,,0.0001868011223887467,0.005156511107001187,3.4026687003443756,1.0342872607848819,-1.0885325462968725e-05,-1.0885325462968725e-05,0.7499961929272736,,0.2849427477186903,0.0,0.1003098390825007,0.2849427477186903,,0.0054615331873931975,0.005391017258377999,success,0.9999333983294872,0.9999333983294872,0.75,0.737385044445418,0.01,[0.01],,,,,,,,,0.13280377828325163,,,
,,,2.2483477488163278e-07,-6.821572781989394e-10,8.096606583294429e-11,typ,,1.7738648632401703e-17,True,,1.0844507217407227,2.0,,,-4.357577659153122e-06,23,4.453007224038883e-09,False,False,857,1.0833333333,61,7.889637464551668e-09,,,8.096606583294429e-09,0.025562452196923643,3.509082377806223,1.0666331400533868,-0.7134207413394226,-0.7134207413394226,0.7499956424223408,,0.0221881128743175,0.0,0.0018124753449584587,0.0018124753449584587,,2.2483477488163278e-07,2.0534050652405563e-07,success,1.0003202769455977,0.026691750765449447,0.75,0.9998862365796114,0.01,[0.01],,,,,,,,,0.303403812225253,,,
,,,0.005955812137115432,-1.1958211616408978e-05,2.0380512998988757e-06,arith,,1.199525184293879e-08,True,,1.1396484375,2.08,,,-7.475382149291221e-06,13,4.448776707872975e-09,False,False,858,1.0833333333,264,0.00020140413375678478,,,0.00020380512998988755,0.011780842971037599,3.3816401377349434,1.027895344223228,-1.1377700212264713e-05,-1.1377700212264713e-05,0.7499925246178507,,0.2961750294452342,0.0,0.10307123258310902,0.2961750294452342,,0.005955812137115432,0.005862923680192801,success,0.9999330078931908,0.9999330078931908,0.75,0.770484750343042,0.01,[0.01],,,,,,,,,0.20078221644849725,,,
,,,2.452904666846891e-07,-1.0404204596019861e-09,9.463322317405557e-11,typ,,2.213015274348202e-17,True,,1.0810174942016602,2.08,,,3.3582450184033164e-06,23,4.247342710016471e-09,False,False,859,1.0833333333,56,9.022019095397388e-09,,,9.463322317405556e-09,0.04663301187538495,3.678096102689072,1.118007152024179,-1.8092560646329876,-1.8092560646329876,0.7500033582450184,,0.024476071040544733,0.0,0.0018763683590520871,0.0018763683590520871,,2.452904666846891e-07,2.2005796007134414e-07,success,1.0017307390024266,0.016635562009992052,0.75,0.9996599440103631,0.01,[0.01],,,,,,,,,0.4241585389208803,,,
,,,0.006760009311144951,-1.4657829287906898e-05,2.2446437011652655e-06,arith,,1.495896036064664e-08,True,,1.148712158203125,2.16,,,9.411069273213002e-06,18,4.198050221146176e-09,False,False,860,1.0833333333,185,0.00022128609107067962,,,0.00022446437011652655,0.014159392175234667,3.273458376837651,0.9950120320353497,-1.187735304570268e-05,-1.187735304570268e-05,0.7500094110692732,,0.3164587958358696,0.0,0.10764019462904904,0.3164587958358696,,0.006760009311144951,0.006741825865978792,success,0.9999333965511881,0.9999333965511881,0.75,0.8099576799452959,0.01,[0.01],,,,,,,,,0.21683149553863976,,,
,,,2.6729723337363813e-07,-1.357658931013235e-09,1.0150402615240119e-10,typ,,2.5288507593862246e-17,True,,1.0889396667480469,2.16,,,-5.467534907821481e-06,21,4.0906730680925626e-09,False,False,861,1.0833333333,65,9.460819057005734e-09,,,1.0150402615240119e-08,0.06793657201331338,3.539437702963818,1.0758600524778337,-3.574313251658865,-3.574313251658865,0.7499945324650922,,0.029341213491116434,0.0,0.0019317800657472177,0.0019317800657472177,,2.6729723337363813e-07,2.3324155976354478e-07,success,0.9999729246900241,0.011736175756390611,0.75,0.9991393210992693,0.01,[0.01],,,,,,,,,0.5079210562256169,,,
,,,0.007498337390434742,-1.332895652849807e-05,2.4308873530273033e-06,arith,,1.8049952449000973e-08,True,,1.160430908203125,2.24,,,1.22491253795598e-06,18,4.2611408361114095e-09,False,False,862,1.0833333333,184,0.00024071939563597667,,,0.00024308873530273033,0.009746809796854645,3.2103036060107204,0.9758152836368141,-1.238350858986275e-05,-1.238350858986275e-05,0.750001224912538,,0.3341703118768842,0.0,0.10993981755191203,0.3341703118768842,,0.007498337390434742,0.007544567560654995,success,0.9999329935353461,0.9999329935353461,0.75,0.8489677677304001,0.01,[0.01],,,,,,,,,0.17775882618327044,,,
,,,2.6950780985219453e-07,-1.1513588417983228e-09,9.169999011547025e-11,typ,,2.33882363169011e-17,True,,1.1046667098999023,2.24,,,-1.1776887922643198e-06,23,3.9241898450726e-09,False,False,863,1.0833333333,38,8.67812933871113e-09,,,9.169999011547025e-09,0.05363901045316626,3.2199917855703157,0.9787601370977672,-5.740393514966693,-5.740393514966693,0.7499988223112077,,0.6045506268177493,0.0,0.002185629676723626,0.002185629676723626,,2.6950780985219453e-07,2.9856570154089213e-07,success,0.9991316052155078,0.009188770458178197,0.75,0.9987530784367141,0.01,[0.01],,,,,,,,,0.4272079693830615,,,
,,,0.007937487144578533,-1.0304284026306372e-05,2.5600042773561107e-06,arith,,2.021382277228539e-08,True,,1.17425537109375,2.32,,,7.4769049021039535e-06,17,4.138128538211216e-09,False,False,864,1.0833333333,194,0.00025466274658588703,,,0.0002560004277356111,0.005225308260443839,3.208354759476076,0.9752229053239319,-1.2897329787940983e-05,-1.2897329787940983e-05,0.7500074769049021,,0.3439339110346976,0.0,0.10903261707187736,0.3439339110346976,,0.007937487144578533,0.007991569059342611,success,0.9999330610300202,0.9999330610300202,0.75,0.8827409888937856,0.01,[0.01],,,,,,,,,0.12981796176318106,,,
,,,2.415642733220316e-07,-8.27021925651439e-10,8.268535971172328e-11,typ,,1.9289863567625005e-17,True,,1.1232576370239258,2.32,,,2.713766137141249e-06,23,3.3654666941375486e-09,False,False,865,1.0833333333,31,7.985395895820037e-09,,,8.268535971172328e-09,0.03424307233341414,3.3057023648421016,1.0048130291252304,-8.215630109066135,-8.215630109066135,0.7500027137661371,,0.4128395877189474,0.0,0.0019062984053182306,0.0019062984053182306,,2.415642733220316e-07,2.2712545801915352e-07,success,0.9991403778783843,0.007625619609392104,0.75,0.9981609629757576,0.01,[0.01],,,,,,,,,0.34236102643743527,,,
,,,0.008098660433735796,-7.47982724997072e-06,2.619757714326785e-06,arith,,2.1160580331303056e-08,True,,1.189453125,2.4,,,-2.484794578982985e-07,12,4.255866026255298e-09,False,False,866,1.0833333333,243,0.0002612849434105978,,,0.0002619757714326785,0.0026369920328994673,3.226273598559445,0.9806695792802024,-1.3421349027802109e-05,-1.3421349027802109e-05,0.7499997515205421,,0.3475106759162262,0.0,0.10604859254748975,0.3475106759162262,,0.008098660433735796,0.008142068590232261,success,0.9999326232690532,0.9999326232690532,0.75,0.9091403540707453,0.01,[0.01],,,,,,,,,0.09235882046384779,,,
,,,2.1308715976160277e-07,-5.80852354331415e-10,7.004389538388779e-11,typ,,1.458806526845914e-17,True,,1.142369270324707,2.4,,,2.005167784480122e-06,23,3.215111025071705e-09,False,False,867,1.0833333333,26,6.84605552243502e-09,,,7.004389538388779e-09,0.02260497008140137,3.212795895395216,0.9765728487680632,-10.923739515289073,-10.923739515289073,0.7500020051677845,,2.9135577134293174,0.0,0.002060395535599101,0.002060395535599101,,2.1308715976160277e-07,2.6532868092620055e-07,success,0.9992112841507382,0.006563054796811143,0.75,0.9976088636071727,0.01,[0.01],,,,,,,,,0.27258909217301497,,,
,,,0.08895198669367652,1.8651675876722344e-05,2.9010356534126632e-05,arith,,2.5801809633894335e-06,True,,1.1933670043945312,0.0,,,4.288131890906044e-06,20,4.79594589753056e-09,False,False,868,1.1666666667,595,0.0029006445603905274,,,0.002901035653412663,0.0001348115186642723,3.2609103722207595,0.9911978959949508,-5.43897830974872e-06,-5.43897830974872e-06,0.7500042881318909,,0.9093379544649293,0.0,0.9093379544649293,0.9093379544649293,,0.08895198669367652,0.08919295359580129,success,0.9999343622329747,0.9999343622329747,0.75,0.9999999968849596,0.01,[0.01],,,,,,,,,-0.020968251041939088,,,
,,,0.08895184763183821,1.8649116182114934e-05,2.901030406105942e-05,typ,,2.580172357058281e-06,True,,1.1933670043945312,0.0,,,3.620696594763828e-06,20,4.405800701018122e-09,False,False,869,1.1666666667,324,0.0029006394198098353,,,0.002901030406105942,0.00013477497350037297,3.2609096910670803,0.9911976889490597,-6.672214233971918e-06,-6.672214233971918e-06,0.7500036206965948,,0.9093375995943846,0.0,0.9093375995943846,0.9093375995943846,,0.08895184763183821,0.08919105138628475,success,0.9999312793942897,0.9999312793942897,0.75,0.9999887788528764,0.01,[0.01],,,,,,,,,-0.020965406204153905,,,
,,,0.08628432851421938,1.7378119360004277e-05,2.8144023975048557e-05,arith,,2.4280862113426656e-06,True,,1.1933670043945312,0.08,,,-8.381547419666902e-06,20,4.800857835059134e-09,False,False,870,1.1666666667,579,0.002814052393004976,,,0.0028144023975048556,0.0001243619250004997,3.2613713770064616,0.9913380246466071,-5.448635450235962e-06,-5.448635450235962e-06,0.7499916184525803,,0.9018486155195264,0.0,0.9017540416445323,0.9018486155195264,,0.08628432851421938,0.0865145755520874,success,0.9999345598557178,0.9999345598557178,0.75,0.9999999967703491,0.01,[0.01],,,,,,,,,-0.020140528018527046,,,
,,,0.08624214277650441,1.736860525839163e-05,2.8126231984175388e-05,typ,,2.4253648460957167e-06,True,,1.1931838989257812,0.08,,,-4.177471585764536e-06,20,4.4751788936196725e-09,False,False,871,1.1666666667,321,0.0028122734060319256,,,0.0028126231984175387,0.00012436517831817615,3.26090391019145,0.9911959317735757,-1.4793048432033265e-05,-1.4793048432033265e-05,0.7499958225284142,,0.9018937248865059,0.0,0.901799108627683,0.901799108627683,,0.08624214277650441,0.08647387644287742,success,0.9999312854770982,0.9920573840660419,0.75,0.999999996774367,0.01,[0.01],,,,,,,,,-0.020139348002289535,,,
,,,0.07912473449768578,1.4170080347357126e-05,2.5819662124361705e-05,arith,,2.0427731192330227e-06,True,,1.1934127807617188,0.16,,,-6.480580624135257e-06,20,4.836776888489633e-09,False,False,872,1.1666666667,548,0.002581712447063907,,,0.0025819662124361704,9.828376957107156e-05,3.2628386855938407,0.9917840329751326,-5.4775224714937376e-06,-5.4775224714937376e-06,0.7499935194193759,,0.8801912342993468,0.0,0.8787804368490539,0.8801912342993468,,0.07912473449768578,0.07932547304528395,success,0.9999341115615293,0.9999341115615293,0.75,0.999999996430125,0.01,[0.01],,,,,,,,,-0.01790853446436723,,,
,,,0.07879569241253075,1.4084789583114416e-05,2.5696581291452763e-05,typ,,2.0245815341973034e-06,True,,1.192657470703125,0.16,,,-5.733755220727055e-06,18,4.355249632442707e-09,False,False,873,1.1666666667,342,0.0025694063624667604,,,0.0025696581291452763,9.797672136242988e-05,3.2608462262312097,0.9911783979521895,-4.026300481377082e-05,-4.026300481377082e-05,0.7499942662447793,,0.8808372598424578,0.0,0.8794210299364885,0.8794210299364885,,0.07879569241253075,0.07901001963321283,success,0.9999313753910805,0.9684615315229249,0.75,0.999984760093093,0.01,[0.01],,,,,,,,,-0.0178750755934401,,,
,,,0.069419696816524,1.035749579069619e-05,2.266977211225998e-05,arith,,1.5736214292137246e-06,True,,1.1934814453125,0.24,,,-7.4440131729858194e-06,16,4.811845085004579e-09,False,False,874,1.1666666667,680,0.002266822676239569,,,0.002266977211225998,6.816786056059253e-05,3.2653883266456387,0.9925590309228264,-5.525699044881048e-06,-5.525699044881048e-06,0.749992555986827,,0.8466518048865372,0.0,0.8402497466012553,0.8466518048865372,,0.069419696816524,0.06957957578962803,success,0.9999339190840961,0.9999339190840961,0.75,0.9999992207127026,0.01,[0.01],,,,,,,,,-0.014920110956507074,,,
,,,0.0682549102328694,1.0035341516608994e-05,2.2256935579975374e-05,typ,,1.5190444319906215e-06,True,,1.1917877197265625,0.24,,,9.053903362588045e-07,19,4.696568722542897e-09,False,False,875,1.1666666667,317,0.0022255460109873496,,,0.0022256935579975374,6.629259884302447e-05,3.260638690160634,0.9911153145512319,-8.691802819709446e-05,-8.691802819709446e-05,0.7500009053903363,,0.849385223311211,0.0,0.842865987530346,0.842865987530346,,0.0682549102328694,0.06844346397937401,success,0.9999314906747278,0.9292226681234421,0.75,0.9999939527178637,0.01,[0.01],,,,,,,,,-0.01470273930823557,,,
,,,0.059128850685304914,6.973055943537895e-06,1.932894923670421e-05,arith,,1.14284992981173e-06,True,,1.1935958862304688,0.32,,,7.1425146577208665e-06,20,4.740473194371063e-09,False,False,876,1.1666666667,465,0.0019328126905327424,,,0.0019328949236704209,4.254402899577645e-05,3.2688149154454944,0.9936005890219973,-5.5931443228978426e-06,-5.5931443228978426e-06,0.7500071425146577,,0.8045420131872767,0.0,0.7871561641859528,0.8045420131872767,,0.059128850685304914,0.059246143900434235,success,0.9999342749042022,0.9999342749042022,0.75,0.9999999950174705,0.01,[0.01],,,,,,,,,-0.011792984072445169,,,
,,,0.05641687204494284,6.301219851772892e-06,1.8393520724580512e-05,typ,,1.0376651998030426e-06,True,,1.1905517578125,0.32,,,-9.677493725268604e-07,16,4.219075450629796e-09,False,False,877,1.1666666667,339,0.0018392816939167013,,,0.001839352072458051,3.826268086658795e-05,3.2601624784364005,0.9909705635445408,-0.00016280191104063092,-0.00016280191104063092,0.7499990322506275,,0.8113939963183526,0.0,0.7931065441118983,0.7931065441118983,,0.05641687204494284,0.05657565780509106,success,0.9999316510353244,0.8744788495144241,0.75,0.9999936432262403,0.01,[0.01],,,,,,,,,-0.011169034410048843,,,
,,,0.04955214939881235,4.433855925729082e-06,1.6216996494757836e-05,arith,,8.035673740298863e-07,True,,1.1937103271484375,0.4,,,1.7209276449436928e-06,19,4.698438092565295e-09,False,False,878,1.1666666667,465,0.0016216599759629115,,,0.0016216996494757836,2.4464155791665404e-05,3.2726329647403327,0.9947611368432707,-5.6799851298446405e-06,-5.6799851298446405e-06,0.7500017209276449,,0.7575197196287492,0.0,0.7224561892849657,0.7575197196287492,,0.04955214939881235,0.04963266508817954,success,0.9999348292979974,0.9999348292979974,0.75,0.999999993904203,0.01,[0.01],,,,,,,,,-0.008947857922456441,,,
,,,0.0446682569671287,3.394534304802695e-06,1.45589256708122e-05,typ,,6.503103101660195e-07,True,,1.1889495849609375,0.4,,,-7.570206023377324e-06,19,4.292328893775211e-09,False,False,879,1.1666666667,283,0.0014558667705448676,,,0.00145589256708122,1.771870873966338e-05,3.259287174819106,0.9907045031488887,-0.00028346695753715494,-0.00028346695753715494,0.7499924297939766,,0.7702668800996058,0.0,0.7312954124568537,0.7312954124568537,,0.0446682569671287,0.04479781572665614,success,0.9999318469099262,0.8044401731802343,0.75,0.999996870602725,0.01,[0.01],,,,,,,,,-0.007599433099215685,,,
,,,0.04127912820117559,2.698597417189129e-06,1.3524530712909467e-05,arith,,5.582735547309064e-07,True,,1.19384765625,0.48,,,-4.858705179966449e-06,14,4.74063949218851e-09,False,False,880,1.1666666667,620,0.001352435429377618,,,0.0013524530712909467,1.304438113464527e-05,3.2763178107504265,0.9958811957211181,-5.7862217923116506e-06,-5.7862217923116506e-06,0.74999514129482,,0.708894302681942,0.0,0.6507992879525767,0.708894302681942,,0.04127912820117559,0.04133186288868192,success,0.9999348863735039,0.9999348863735039,0.75,0.9999999924935475,0.01,[0.01],,,,,,,,,-0.00653743800992453,,,
,,,0.03385194856576326,1.3649529562168873e-06,1.1028498057544792e-05,typ,,3.7333428590505365e-07,True,,1.1870040893554688,0.48,,,8.698244391425192e-08,20,4.285742652343479e-09,False,False,881,1.1666666667,232,0.0011028443020932375,,,0.0011028498057544791,4.99039961096476e-06,3.2578458517706057,0.9902663934770336,-0.0004799150098271642,-0.0004799150098271642,0.7500000869824439,,0.7284808392021302,0.0,0.6586660624482384,0.6586660624482384,,0.03385194856576326,0.03395500575513782,success,0.9999320286887855,0.7194230244643459,0.75,0.9999999532211364,0.01,[0.01],,,,,,,,,-0.004032125221876757,,,
,,,0.03442053468744741,1.5718667125691067e-06,1.1288354741607297e-05,arith,,3.885487351827433e-07,True,,1.19403076171875,0.56,,,2.83385068144959e-06,17,4.671847199440226e-09,False,False,882,1.1666666667,463,0.001128828295989372,,,0.0011288354741607297,6.358917239908319e-06,3.279519932620445,0.9968545240552299,-5.911861455692199e-06,-5.911861455692199e-06,0.7500028338506814,,0.6611803654183743,0.0,0.5773445777146127,0.6611803654183743,,0.03442053468744741,0.034454113118599014,success,0.9999341120884868,0.9999341120884868,0.75,0.999999990699667,0.01,[0.01],,,,,,,,,-0.004566653966425281,,,
,,,0.02438790820837154,6.03212141647225e-08,7.939671115631815e-06,typ,,1.9363196673403868e-07,True,,1.1846923828125,0.56,,,3.721040812587617e-06,16,4.358718709816475e-09,False,False,883,1.1666666667,219,0.0007939670966432922,,,0.0007939671115631816,1.8791570971202497e-08,3.255576861531529,0.989576703146945,-0.0008198392235030207,-0.0008198392235030207,0.7500037210408126,,0.6875939708943847,0.0,0.5764809836227371,0.5764809836227371,,0.02438790820837154,0.024467521441876423,success,0.9999328707795332,0.620014448587782,0.75,0.9999999862681251,0.01,[0.01],,,,,,,,,-0.000247340664272372,,,
,,,0.02885034883643958,8.607478607107489e-07,9.469033418756078e-06,arith,,2.7318417638813715e-07,True,,1.1942138671875,0.64,,,-5.205576891986752e-06,16,4.64924431214369e-09,False,False,884,1.1666666667,469,0.0009469007738412179,,,0.0009469033418756078,2.712034350696361e-06,3.2821120438073526,0.997642431376,-6.057067411319433e-06,-6.057067411319433e-06,0.749994794423108,,0.6159907703634113,0.0,0.5065044904148912,0.6159907703634113,,0.02885034883643958,0.028871443672504098,success,0.9999340516440397,0.9999340516440397,0.75,0.9999999884478724,0.01,[0.01],,,,,,,,,-0.0029834920388330864,,,
,,,0.016445158107432932,-7.182906453545044e-07,5.347977326544865e-06,typ,,8.794781674854558e-08,True,,1.1820144653320312,0.64,,,-1.7807366856636975e-06,20,4.316450650783805e-09,False,False,885,1.1666666667,136,0.0005347945953088445,,,0.0005347977326544865,5.866415376122588e-06,3.251988164632643,0.988485870094359,-0.001467238604573054,-0.001467238604573054,0.7499982192633143,,0.6484541023497916,0.0,0.48602389910237176,0.48602389910237176,,0.016445158107432932,0.016504479098433736,success,0.9999355589236868,0.5079686978419922,0.75,0.9999985740158553,0.01,[0.01],,,,,,,,,0.004367794098798291,,,
,,,0.02436249124875302,4.1352152167202067e-07,8.000948218858314e-06,arith,,1.9492285996361287e-07,True,,1.1944427490234375,0.72,,,-1.452387665801247e-06,19,4.7010954568047625e-09,False,False,886,1.1666666667,356,0.000800094119986969,,,0.0008000948218858314,8.772695975312445e-07,3.284122759932941,0.99825361578944,-6.221817113447373e-06,-6.221817113447373e-06,0.7499985476123342,,0.574168867160035,0.0,0.4412605266805409,0.574168867160035,,0.02436249124875302,0.02437568854815045,success,0.9999342621080085,0.9999342621080085,0.75,0.999999985641123,0.01,[0.01],,,,,,,,,-0.001697369605800008,,,
,,,0.010071724292704521,-1.1305570119261145e-06,3.2694442534061056e-06,typ,,3.2927662951516255e-08,True,,1.1790390014648438,0.72,,,-6.9437766661017974e-06,20,4.3310597457199285e-09,False,False,887,1.1666666667,129,0.0003269317347712495,,,0.00032694442534061057,3.881567745904133e-05,3.2460353884792434,0.986676443116898,-0.002881340211752414,-0.002881340211752414,0.7499930562233339,,0.6114259478131228,0.0,0.3886422510705558,0.3886422510705558,,0.010071724292704521,0.010113715750107471,success,0.9999097976198025,0.38755636810072963,0.75,0.9999999637271952,0.01,[0.01],,,,,,,,,0.01122505917626276,,,
,,,0.02074774708213663,1.3153386314733415e-07,6.8169860709778595e-06,arith,,1.414370855619398e-07,True,,1.1946945190429688,0.8,,,-1.2805778182300998e-06,20,4.6556008303246305e-09,False,False,888,1.1666666667,314,0.0006816985237096615,,,0.0006816986070977859,1.223240352170432e-07,3.2856508275859473,0.9987180926593046,-6.406246876000904e-06,-6.406246876000904e-06,0.7499987194221818,,0.5360159676804819,0.0,0.38314458802812174,0.5360159676804819,,0.02074774708213663,0.020755998480025645,success,0.9999339838276782,0.9999339838276782,0.75,0.999999840561048,0.01,[0.01],,,,,,,,,-0.0006339669682043792,,,
,,,0.005272193072033536,-1.260545054422697e-06,1.7059625403374002e-06,typ,,8.992574912481343e-09,True,,1.1759262084960938,0.8,,,-8.094054250173954e-06,20,4.25529303490317e-09,False,False,889,1.1666666667,123,0.00017056611526961436,,,0.00017059625403374003,0.00017666720934975529,3.235202370990282,0.9833836006536989,-0.006688209714094654,-0.006688209714094654,0.7499919059457498,,0.5765600102293702,0.0,0.28590716456794235,0.28590716456794235,,0.005272193072033536,0.00529945773172868,success,0.9998269068089914,0.2658648619686799,0.75,0.9999999268401998,0.01,[0.01],,,,,,,,,0.023909311309354087,,,
,,,0.01782433962923089,-4.8983805860362716e-08,5.85851939660149e-06,arith,,1.0442423705004856e-07,True,,1.1949920654296875,0.88,,,6.368220128116775e-06,19,4.599222927187319e-09,False,False,890,1.1666666667,328,0.0005858519261987065,,,0.000585851939660149,2.2977550574340882e-08,3.2868085908660705,0.9990700104970637,-6.6103993419714844e-06,-6.6103993419714844e-06,0.7500063682201281,,0.5014984383439819,0.0,0.3325648414856943,0.5014984383439819,,0.01782433962923089,0.017829482438070768,success,0.999934291519484,0.999934291519484,0.75,0.999999807036446,0.01,[0.01],,,,,,,,,0.00027481414110866746,,,
,,,0.0020483212310878304,-1.0947817615221364e-06,6.585435491799287e-07,typ,,1.3477101862758192e-09,True,,1.172698974609375,0.88,,,-3.1544454859311344e-07,18,4.3406120184869194e-09,False,False,891,1.1666666667,151,6.579584128804211e-05,,,6.585435491799286e-05,0.0008885309107289395,3.2121837282865537,0.9763867722799534,-0.021075809243205765,-0.021075809243205765,0.7499996845554514,,0.5436518497790362,0.0,0.1803526591438819,0.1803526591438819,,0.0020483212310878304,0.0020630541209758985,success,0.9999184243255794,0.1534366349033404,0.75,0.9999998005406301,0.01,[0.01],,,,,,,,,0.05344775735887459,,,
,,,0.01544473230555054,-1.67035680890871e-07,5.07776008706451e-06,arith,,7.842461735560167e-08,True,,1.1953125,0.96,,,7.275763845404626e-06,10,4.600745949834876e-09,False,False,892,1.1666666667,501,0.0005077758280563877,,,0.000507776008706451,3.5576722840445497e-07,3.2876958823941727,0.9993397147806531,-6.83443489912772e-06,-6.83443489912772e-06,0.7500072757638454,,0.4704039818250596,0.0,0.289223090421968,0.4704039818250596,,0.01544473230555054,0.015447894804902336,success,0.9999344296756532,0.9999344296756532,0.75,0.9999999478301167,0.01,[0.01],,,,,,,,,0.00108150583374528,,,
,,,0.00040094869726785336,-5.59369027283958e-07,1.275952716949352e-07,typ,,5.084626425493747e-11,True,,1.1698150634765625,0.96,,,5.70632461105447e-06,19,4.337087562970171e-09,False,False,893,1.1666666667,124,1.2681488829222874e-05,,,1.2759527169493518e-05,0.006116084023648137,3.1628706903494486,0.9613974061615924,-0.11181579686682054,-0.11181579686682054,0.750005706324611,,0.5118026169537071,0.0,0.08038897130737441,0.08038897130737441,,0.00040094869726785336,0.0004051839349597118,success,0.999837989253671,0.06712831646990818,0.75,0.9999989661455094,0.01,[0.01],,,,,,,,,0.13951137167812572,,,
,,,0.013493096627517909,-2.470633536497324e-07,4.437065370661032e-06,arith,,5.986969074864216e-08,True,,1.1956329345703125,1.04,,,-9.410746329319153e-06,19,4.619761818970111e-09,False,False,894,1.1666666667,360,0.0004437060846843972,,,0.00044370653706610316,1.0195515914186632e-06,3.28839329423833,0.9995517025612617,-7.078533018547908e-06,-7.078533018547908e-06,0.7499905892536707,,0.44244052402069384,0.0,0.25245033678225054,0.44244052402069384,,0.013493096627517909,0.013494969646123216,success,0.9999337941250556,0.9999337941250556,0.75,0.9999999568257326,0.01,[0.01],,,,,,,,,0.0018310352357950935,,,
,,,3.47473239822431e-05,-6.67846028905799e-08,1.1278218047490487e-08,typ,,3.8742771325528066e-13,True,,1.1680068969726562,1.04,,,-2.3235178289171543e-06,20,4.301952752348594e-09,False,False,895,1.1666666667,88,1.1149857567542974e-06,,,1.1278218047490487e-06,0.011381273123733866,3.208839211111877,0.9753701609634023,-0.6573836624575282,-0.6573836624575282,0.7499976764821711,,0.3635225041428051,0.0,0.022864347652713432,0.022864347652713432,,3.47473239822431e-05,3.268377359396761e-05,success,0.9999221631727838,0.02757040011321432,0.75,0.9993255262905929,0.01,[0.01],,,,,,,,,0.1922007085342998,,,
,,,0.011879727366275654,-3.04777990762943e-07,3.907207081733137e-06,arith,,4.6416462004947525e-08,True,,1.196044921875,1.12,,,-3.2616986390676672e-06,15,4.571841772438659e-09,False,False,896,1.1666666667,350,0.0003907199262561805,,,0.00039072070817331366,2.0012175366951486e-06,3.288963746469149,0.9997250992469757,-7.3425828693374565e-06,-7.3425828693374565e-06,0.7499967383013609,,0.4172921041834071,0.0,0.2214244427287682,0.4172921041834071,,0.011879727366275654,0.011880734197026288,success,0.9999338103172878,0.9999338103172878,0.75,0.999999878423386,0.01,[0.01],,,,,,,,,0.00256553017898501,,,
,,,6.923725535439007e-06,-9.92144266638583e-09,2.270902745391655e-09,typ,,1.5624672302184367e-14,True,,1.1673774719238281,1.12,,,-1.2238859471436214e-06,21,4.002129753010665e-09,False,False,897,1.1666666667,52,2.256685684926369e-07,,,2.270902745391655e-07,0.006260532510314079,3.2593517368294713,0.9907241276468143,-1.5720081106449213,-1.5720081106449213,0.7499987761140529,,0.18114511775885228,0.0,0.009951653611122104,0.009951653611122104,,6.923725535439007e-06,6.19013872555114e-06,success,1.0000849703468229,0.017737049884515074,0.75,0.9999306044125573,0.01,[0.01],,,,,,,,,0.1432963021945778,,,
,,,0.010535652637428545,-3.4984315464780807e-07,3.465669677865883e-06,arith,,3.651296949183097e-08,True,,1.196502685546875,1.2,,,6.946285784348305e-07,18,4.60732663327323e-09,False,False,898,1.1666666667,272,0.00034656580610978413,,,0.0003465669677865883,3.3519547797508924e-06,3.2894574074945115,0.9998751542051991,-7.626833469300031e-06,-7.626833469300031e-06,0.7500006946285784,,0.3946562417660593,0.0,0.1953302459243015,0.3946562417660593,,0.010535652637428545,0.01053605139646532,success,0.9999336827830902,0.9999336827830902,0.75,0.8834043794498179,0.01,[0.01],,,,,,,,,0.0033205646264852073,,,
,,,2.6512924886329155e-06,-3.226921176714146e-09,8.735628890084414e-10,typ,,2.3056577056958235e-15,True,,1.1677494049072266,1.2,,,-6.838945249665329e-06,22,4.12805639421785e-09,False,False,899,1.1666666667,65,8.696353629714724e-08,,,8.735628890084413e-08,0.004495985448084888,3.280043098601626,0.9970135474445939,-1.7769446628387962,-1.7769446628387962,0.7499931610547503,,0.11190326663255144,0.0,0.006174156617783107,0.006174156617783107,,2.6512924886329155e-06,2.3826071656365164e-06,success,1.0002412995161278,0.01669738232743217,0.75,0.999578473776001,0.01,[0.01],,,,,,,,,0.12171124802522416,,,
,,,0.009407767190634816,-3.891029296870395e-07,3.095093589211727e-06,arith,,2.9117768519440346e-08,True,,1.1970062255859375,1.28,,,8.984547069657012e-07,19,4.547373207937705e-09,False,False,900,1.1666666667,241,0.00030950774960105646,,,0.0003095093589211727,5.199584664748322e-06,3.2899171857607534,1.0000149100396452,-7.931429265696423e-06,-7.931429265696423e-06,0.750000898454707,,0.37425554447042864,0.0,0.17341171775002,0.37425554447042864,,0.009407767190634816,0.009407711188226652,success,0.9999338494565844,0.9999338494565844,0.75,0.7394887781261691,0.01,[0.01],,,,,,,,,0.004135975325520185,,,
,,,1.3706312208785013e-06,-1.5628587406146364e-09,4.529506631981928e-10,typ,,6.183857930539503e-16,True,,1.1684589385986328,1.28,,,-1.1273056066407605e-06,22,4.489288263927313e-09,False,False,901,1.1666666667,100,4.5116861752032615e-08,,,4.5295066319819276e-08,0.003934304158611774,3.2916849598037845,1.0005522489150014,-0.5775328791711131,-0.5775328791711131,0.7499988726943934,,0.08193062712226587,0.0,0.004465640668913961,0.004465640668913961,,1.3706312208785013e-06,1.2464958222237405e-06,success,0.99951538560714,0.029632994609189996,0.75,0.9999609220635071,0.01,[0.01],,,,,,,,,0.11402474398714832,,,
,,,0.008455097372792621,-4.2774387080540895e-07,2.7820739569711965e-06,arith,,2.3522523239682926e-08,True,,1.1975555419921875,1.36,,,-6.014398007625488e-06,19,4.394464073472215e-09,False,False,902,1.1666666667,234,0.00027820523173837443,,,0.00027820739569711964,7.778221494759743e-06,3.2903847167225044,1.0001570224109473,-8.256525462060687e-06,-8.256525462060687e-06,0.7499939856019924,,0.35584543621517317,0.0,0.1550055483680236,0.35584543621517317,,0.008455097372792621,0.008454669532970593,success,0.999933687319935,0.999933687319935,0.75,0.682129412613102,0.01,[0.01],,,,,,,,,0.005059005851095599,,,
,,,8.35175678027139e-07,-9.45695262658639e-10,2.7665000421021466e-10,typ,,2.301570153126619e-16,True,,1.1693344116210938,1.36,,,8.059969098805908e-06,20,4.412776022038443e-09,False,False,903,1.1666666667,153,2.7557916420212483e-08,,,2.7665000421021465e-08,0.003870739171491689,3.299655048062474,1.0029748652433144,-0.22031979699979107,-0.22031979699979107,0.7500080599690988,,0.06824091432239497,0.0,0.003508656702453649,0.003508656702453649,,8.35175678027139e-07,7.696256315264432e-07,success,0.9999109287299913,0.04822333557516991,0.75,0.9999814284542061,0.01,[0.01],,,,,,,,,0.11323309425060972,,,
,,,0.007645818061712445,-4.7019591858573215e-07,2.5161963326814363e-06,arith,,1.9238158283028486e-08,True,,1.1982421875,1.44,,,8.650058422432494e-06,13,4.497979832141183e-09,False,False,904,1.1666666667,316,0.0002516167416978751,,,0.0002516196332681436,1.1491830867623433e-05,3.2909067370813183,1.0003156975728684,-8.601991680905695e-06,-8.601991680905695e-06,0.7500086500584224,,0.3392134972510534,0.0,0.13953729847865415,0.3392134972510534,,0.007645818061712445,0.007645049155959706,success,0.9999336717231969,0.9999336717231969,0.75,0.69972846645753,0.01,[0.01],,,,,,,,,0.00614971367080139,,,
,,,5.64237985447488e-07,-6.556804659870596e-10,1.8729601181380427e-10,typ,,1.0524960751469282e-16,True,,1.1701698303222656,1.44,,,-2.145773847495036e-08,21,4.361150154758419e-09,False,False,905,1.1666666667,141,1.8653406936298532e-08,,,1.8729601181380427e-08,0.004068118928108398,3.3059466780679108,1.004887291440886,-0.1272794804680761,-0.1272794804680761,0.7499999785422615,,0.05953640006848093,0.0,0.0028981779285016385,0.0028981779285016385,,5.64237985447488e-07,5.252200479485185e-07,success,1.0002160493278882,0.06354524847659765,0.75,0.9999859839765203,0.01,[0.01],,,,,,,,,0.11620636733045366,,,
,,,0.006955511401330275,-5.213533359449349e-07,2.2894792443854796e-06,arith,,1.5924227178131324e-08,True,,1.198974609375,1.52,,,7.536754117243305e-06,15,4.467081986966605e-09,False,False,906,1.1666666667,282,0.0002289440166122902,,,0.00022894792443854794,1.7068624960546814e-05,3.291548290302616,1.000510706368123,-8.968274141505435e-06,-8.968274141505435e-06,0.7500075367541172,,0.32418851204987775,0.0,0.12654870719882907,0.32418851204987775,,0.006955511401330275,0.00695438341308904,success,0.9999335513972528,0.9999335513972528,0.75,0.7118403989630391,0.01,[0.01],,,,,,,,,0.0074955428273070415,,,
,,,4.10605542683677e-07,-4.99693888540994e-10,1.3656066395573505e-10,typ,,5.582287155054262e-17,True,,1.17022705078125,1.52,,,-9.108227065013352e-06,17,4.376211711176849e-09,False,False,907,1.1666666667,211,1.359525523832189e-08,,,1.3656066395573505e-08,0.004453050790037589,3.3110257473546643,1.006431143376692,-0.09689582510267247,-0.09689582510267247,0.749990891772935,,0.055544459735955454,0.0,0.0024846654489907487,0.0024846654489907487,,4.10605542683677e-07,3.8610111873517e-07,success,1.0002268012375075,0.07286929256273446,0.75,0.9999876692007763,0.01,[0.01],,,,,,,,,0.12169682008553623,,,
,,,0.00636524170868422,-5.873459950090222e-07,2.095752558220553e-06,arith,,1.3339626619349264e-08,True,,1.199798583984375,1.6,,,9.328968010313687e-07,18,4.495976816412891e-09,False,False,908,1.1666666667,217,0.00020956983614855914,,,0.00020957525582205528,2.586027379467555e-05,3.2924097110505484,1.0007725468775066,-9.355396651519851e-06,-9.355396651519851e-06,0.750000932896801,,0.3106320579821052,0.0,0.11565268314495983,0.3106320579821052,,0.00636524170868422,0.00636367929922803,success,0.9999338192062468,0.9999338192062468,0.75,0.7201083571699762,0.01,[0.01],,,,,,,,,0.009227394997548875,,,
,,,3.1543628570679467e-07,-4.065079577575492e-10,1.051294097419207e-10,typ,,3.2996381807818964e-17,True,,1.1700725555419922,1.6,,,-2.9033486927954044e-06,22,4.331045670716661e-09,False,False,909,1.1666666667,101,1.0460553621433987e-08,,,1.051294097419207e-08,0.004983130114274123,3.316217599378314,1.008009277153688,-0.09060515583786413,-0.09060515583786413,0.7499970966513072,,0.04929852470274213,0.0,0.0021822102460076005,0.0021822102460076005,,3.1543628570679467e-07,2.9784104428257067e-07,success,0.9998370431753986,0.07538414333496021,0.75,0.999987300378556,0.01,[0.01],,,,,,,,,0.12887165369915868,,,
,,,0.005860627177245908,-6.770516915381213e-07,1.9303723310672564e-06,arith,,1.1312734146663285e-08,True,,1.2008056640625,1.68,,,8.684240942247179e-06,16,4.519165844258084e-09,False,False,910,1.1666666667,256,0.00019302941143544113,,,0.00019303723310672564,4.051897739429093e-05,3.293664749480817,1.001154032815321,-9.763193232580633e-06,-9.763193232580633e-06,0.7500086842409422,,0.298443422105523,0.0,0.10653363707939321,0.298443422105523,,0.005860627177245908,0.00585846906254442,success,0.9999331728856078,0.9999331728856078,0.75,0.7258595357960759,0.01,[0.01],,,,,,,,,0.011552546699554586,,,
,,,2.520183892920661e-07,-3.449866944620656e-10,8.424650912781152e-11,typ,,2.111265371451454e-17,True,,1.1705818176269531,1.68,,,4.6626478793498904e-06,21,4.2896773558094925e-09,False,False,911,1.1666666667,110,8.377425859208599e-09,,,8.424650912781152e-09,0.00560557987048552,3.324132767748124,1.0104151998375606,-0.10143908827348691,-0.10143908827348691,0.7500046626478793,,0.03676270971731368,0.0,0.001943624877016697,0.001943624877016697,,2.520183892920661e-07,2.3625770795286735e-07,success,0.999854801495176,0.07127205995884243,0.75,0.9999858335047943,0.01,[0.01],,,,,,,,,0.1368894926402604,,,
,,,0.005431815296969786,-8.062750347712151e-07,1.7902607556694754e-06,arith,,9.72371567877845e-09,True,,1.201904296875,1.76,,,-6.973325348713644e-06,15,4.375209814853749e-09,False,False,912,1.1666666667,267,0.00017901410757105383,,,0.00017902607556694755,6.685057389439262e-05,3.2956589608435203,1.001760200382427,-1.019215589851514e-05,-1.019215589851514e-05,0.7499930266746513,,0.28757983745884746,0.0,0.09897091920252936,0.28757983745884746,,0.005431815296969786,0.005428741812917748,success,0.9999335005129205,0.9999335005129205,0.75,0.7298943822610566,0.01,[0.01],,,,,,,,,0.01484356500893922,,,
,,,2.1088418910982165e-07,-3.113718574443494e-10,7.066709195543188e-11,typ,,1.4805619950162107e-17,True,,1.1685562133789062,1.76,,,-2.461045197632572e-06,20,4.438754326955922e-09,False,False,913,1.1666666667,123,7.020734941134834e-09,,,7.0667091955431885e-09,0.006505751565006954,3.3291898130298727,1.0119523572785996,-0.13589897771877016,-0.13589897771877016,0.7499975389548024,,0.035626734486453183,0.0,0.001783345367852188,0.001783345367852188,,2.1088418910982165e-07,1.988674297358888e-07,success,0.999335128836954,0.061589651187369025,0.75,0.9999815453743365,0.01,[0.01],,,,,,,,,0.147650641216254,,,
,,,0.0050727144059779135,-1.0027961395459267e-06,1.6737463752229108e-06,arith,,8.489431749449086e-09,True,,1.203277587890625,1.84,,,-8.231057910590422e-06,18,4.389553986543728e-09,False,False,914,1.1666666667,207,0.00016735481381417331,,,0.0001673746375222911,0.0001184391399511417,3.299117600962414,1.0028115009143448,-1.0641726946114885e-05,-1.0641726946114885e-05,0.7499917689420894,,0.27805468194677724,0.0,0.09277760271169543,0.27805468194677724,,0.0050727144059779135,0.005068100424487876,success,0.999933071225557,0.999933071225557,0.75,0.732803733725242,0.01,[0.01],,,,,,,,,0.01976843282098016,,,
,,,1.8287606028665038e-07,-2.939271895911627e-10,6.144184512842099e-11,typ,,1.1149849381047193e-17,True,,1.1659011840820312,1.84,,,5.7586115360663825e-06,20,4.434522968399696e-09,False,False,915,1.1666666667,117,6.0969431228834884e-09,,,6.1441845128420985e-09,0.007688797408324862,3.3339208605690605,1.0133904232882156,-0.22126437748955846,-0.22126437748955846,0.7500057586115361,,0.0364496622370538,0.0,0.0016667624412956905,0.0016667624412956905,,1.8287606028665038e-07,1.736837834074091e-07,success,1.0010330342574814,0.048243343366095204,0.75,0.9999725032921583,0.01,[0.01],,,,,,,,,0.1607248040724655,,,
,,,0.004782967011760691,-1.324733591236501e-06,1.5815103863638955e-06,arith,,7.562557087647668e-09,True,,1.20501708984375,1.92,,,6.622942437362056e-06,17,4.460116196828108e-09,False,False,916,1.1666666667,220,0.00015811434762255994,,,0.00015815103863638954,0.00023199982842954213,3.305779597345694,1.0048365049912695,-1.111160585008967e-05,-1.111160585008967e-05,0.7500066229424374,,0.26999899885251616,0.0,0.08785456419682405,0.26999899885251616,,0.004782967011760691,0.004775508557972128,success,0.9999332320147685,0.9999332320147685,0.75,0.734937906465604,0.01,[0.01],,,,,,,,,0.027696900019990815,,,
,,,1.615075949177372e-07,-2.8188439276849413e-10,5.458742480041206e-11,typ,,8.73682488138093e-18,True,,1.1657953262329102,1.92,,,2.8203015023375855e-06,23,4.309666170246588e-09,False,False,917,1.1666666667,61,5.409544291604969e-09,,,5.4587424800412056e-09,0.009012732990449657,3.349405515177341,1.018097193887827,-0.4436331778269526,-0.4436331778269526,0.7500028203015023,,0.026425127177222948,0.0,0.0015577829125018932,0.0015577829125018932,,1.615075949177372e-07,1.5169075278844472e-07,success,1.0015766344600625,0.03399625217957682,0.75,0.9999409802098479,0.01,[0.01],,,,,,,,,0.17453321183568488,,,
,,,0.004572438665086797,-1.910979577147406e-06,1.5189630411947238e-06,arith,,6.94171349745231e-09,True,,1.207122802734375,2.0,,,1.159922980997763e-06,18,4.3391565515901375e-09,False,False,918,1.1666666667,197,0.00015181643770218923,,,0.0001518963041194724,0.0005257956587300469,3.3202509387691777,1.0092352653170287,-1.1601827083421797e-05,-1.1601827083421797e-05,0.750001159922981,,0.263781857200283,0.0,0.08422518410840424,0.263781857200283,,0.004572438665086797,0.004559079902666764,success,0.9999331800809704,0.9999331800809704,0.75,0.7365194511227304,0.01,[0.01],,,,,,,,,0.04179344365488893,,,
,,,1.4782338402466952e-07,-2.851102632883937e-10,5.0321753979708896e-11,typ,,7.357444101105072e-18,True,,1.165022850036621,2.0,,,-6.097150180850441e-06,23,4.355402794639024e-09,False,False,919,1.1666666667,64,4.977185544526044e-09,,,5.032175397970889e-09,0.010927650388938899,3.366981196760741,1.0234395604718798,-1.0286383028932067,-1.0286383028932067,0.7499939028498191,,0.022577703127646863,0.0,0.0014874726370319605,0.0014874726370319605,,1.4782338402466952e-07,1.3829482741694955e-07,success,0.9994706844045039,0.022216246539885593,0.75,0.9998503516819203,0.01,[0.01],,,,,,,,,0.1928722340985057,,,
,,,0.004471400490106444,-3.1138877757642924e-06,1.501551089464058e-06,arith,,6.704339980269399e-09,True,,1.2099151611328125,2.08,,,-1.6030165849167943e-06,19,4.220752604073483e-09,False,False,920,1.1666666667,173,0.00014993825749010014,,,0.0001501551089464058,0.0014441830040100403,3.3532728240706255,1.0192727148315615,-1.211091012655991e-05,-1.211091012655991e-05,0.7499983969834151,,0.2602506185095717,0.0,0.08204505126088263,0.2602506185095717,,0.004471400490106444,0.004444178097031767,success,0.9999332162652931,0.9999332162652931,0.75,0.7377421396603441,0.01,[0.01],,,,,,,,,0.06964010006829348,,,
,,,1.3364691882951898e-07,-2.685163507367723e-10,4.59478271048742e-11,typ,,6.068684488864901e-18,True,,1.1719322204589844,2.08,,,9.552544841362476e-06,21,4.2179854219369395e-09,False,False,921,1.1666666667,84,4.540833819450907e-09,,,4.5947827104874195e-09,0.011741336736855046,3.3976344978392126,1.0327570467153269,-2.233415283736258,-2.233415283736258,0.7500095525448414,,0.01976815395286196,0.0,0.0014129092639336704,0.0014129092639336704,,1.3364691882951898e-07,1.2477308971904564e-07,success,0.998015256460222,0.014967125647996668,0.75,0.9995759848361584,0.01,[0.01],,,,,,,,,0.2009147334547187,,,
,,,0.004560622219135957,-5.732683920507317e-06,1.561842169937401e-06,arith,,7.0901084380675854e-09,True,,1.2138519287109375,2.16,,,-4.217775062542728e-07,19,4.322856266096302e-09,False,False,922,1.1666666667,175,0.00015546362091378965,,,0.00015618421699374008,0.004613757355388321,3.408824792842485,1.0361584885204422,-1.2636404074813437e-05,-1.2636404074813437e-05,0.7499995782224937,,0.2614677974182492,0.0,0.08180463070868299,0.2614677974182492,,0.004560622219135957,0.0045007383752992515,success,0.9999326305739646,0.9999326305739646,0.75,0.7387632150095722,0.01,[0.01],,,,,,,,,0.12569960073547629,,,
,,,1.307474051531165e-07,-3.068946283269753e-10,4.5771699880318714e-11,typ,,5.8903466759029316e-18,True,,1.171926498413086,2.16,,,6.617199265424034e-06,22,4.110444915399868e-09,False,False,923,1.1666666667,59,4.505134667112382e-09,,,4.577169988031871e-09,0.015737960597452767,3.445678070502799,1.0473605416613705,-3.979160987005803,-3.979160987005803,0.7500066171992654,,0.01877340974856604,0.0,0.0013954615672511247,0.0013954615672511247,,1.307474051531165e-07,1.2170902348852752e-07,success,0.9982845687505831,0.011127094627982885,0.75,0.9993516919519145,0.01,[0.01],,,,,,,,,0.23472330327900215,,,
,,,0.004987637854405725,-1.017274508367531e-05,1.7192428450876195e-06,arith,,8.471475952537768e-09,True,,1.219757080078125,2.24,,,7.084198123896712e-06,18,4.214318169355417e-09,False,False,924,1.1666666667,187,0.00016984945980098913,,,0.00017192428450876196,0.012068246866352862,3.405408827967656,1.0351201597072475,-1.3173525539017365e-05,-1.3173525539017365e-05,0.7500070841981239,,0.27182766827415844,0.0,0.08442332579884311,0.27182766827415844,,0.004987637854405725,0.0048940558039965235,success,0.9999328609007196,0.9999328609007196,0.75,0.7664887667036027,0.01,[0.01],,,,,,,,,0.20395917627999857,,,
,,,1.430983641915798e-07,-4.771554603173663e-10,5.278602586295111e-11,typ,,7.325916619852051e-18,True,,1.16583251953125,2.24,,,-5.461804359896405e-06,17,3.9248701502319385e-09,False,False,925,1.1666666667,87,5.119497110424078e-09,,,5.2786025862951115e-09,0.030141590178453824,3.577607011335298,1.0874621309868568,-6.0935838795999135,-6.0935838795999135,0.7499945381956401,,0.016542047228853603,0.0,0.001444656975513639,0.001444656975513639,,1.430983641915798e-07,1.3044108172737853e-07,success,1.000910267592539,0.008926339970420404,0.75,0.9987822988101892,0.01,[0.01],,,,,,,,,0.3334457825657263,,,
,,,0.005753249248529604,-1.3303861407126037e-05,1.919789567947665e-06,arith,,1.0868035160789859e-08,True,,1.22845458984375,2.32,,,-5.759844367236866e-06,17,4.239834201220551e-09,False,False,926,1.1666666667,193,0.00018890256081930526,,,0.00019197895679476647,0.016024652007823995,3.2834065179356573,0.9980359043286227,-1.3716686463449332e-05,-1.3716686463449332e-05,0.7499942401556328,,0.29295124617982604,0.0,0.08937725066502535,0.29295124617982604,,0.005753249248529604,0.005725950634343344,success,0.9999324468634159,0.9999324468634159,0.75,0.8066722602770071,0.01,[0.01],,,,,,,,,0.23124083161399955,,,
,,,1.556733340589373e-07,-6.520653320786718e-10,5.766631716900774e-11,typ,,8.551918659300706e-18,True,,1.172292709350586,2.32,,,6.21313533977208e-06,22,3.2321216702032503e-09,False,False,927,1.1666666667,34,5.493502603382916e-09,,,5.766631716900774e-09,0.047363717144858423,3.5288655161089424,1.0726464930203616,-8.481316858124133,-8.481316858124133,0.7500062131353398,,0.02133455928579049,0.0,0.0014926273153938955,0.0014926273153938955,,1.556733340589373e-07,1.3924715866455748e-07,success,0.9999272389415893,0.007514798698881142,0.75,0.9974337789699741,0.01,[0.01],,,,,,,,,0.41886771168644876,,,
,,,0.006491563404223506,-1.2360789574671013e-05,2.1032267421849237e-06,arith,,1.3500440631442581e-08,True,,1.24017333984375,2.4,,,8.104388718677136e-06,17,4.380615654972251e-09,False,False,928,1.1666666667,192,0.00020796901748905351,,,0.00021032267421849235,0.011190694194929062,3.2036815253740856,0.9738024124919775,-1.426282185257267e-05,-1.426282185257267e-05,0.7500081043887187,,0.31237025754395703,0.0,0.0924959406256267,0.31237025754395703,,0.006491563404223506,0.006535835988847955,success,0.9999323511593445,0.9999323511593445,0.75,0.8472363348396732,0.01,[0.01],,,,,,,,,0.19041313786797343,,,
,,,1.679036858249842e-07,-5.940847969481846e-10,5.6165392677883114e-11,typ,,9.077439700459188e-18,True,,1.1835222244262695,2.4,,,-9.449286235474474e-06,23,2.989776581462705e-09,False,False,929,1.1666666667,24,5.406337362910028e-09,,,5.616539267788311e-09,0.03742552038829721,3.2199039207187914,0.9787334293854962,-11.065416375706159,-11.065416375706159,0.7499905507137645,,0.2616021394173712,0.0,0.0016840691237068586,0.0016840691237068586,,1.679036858249842e-07,1.7725663141821934e-07,success,0.9994691971663331,0.00653740489528578,0.75,0.9964344312485639,0.01,[0.01],,,,,,,,,0.35382475020079895,,,
,,,0.08826718732508348,1.7411349163283965e-05,2.8787781845401677e-05,arith,,2.5407133777420214e-06,True,,1.2749404907226562,0.0,,,-2.6190089938982197e-06,20,4.834913639588654e-09,False,False,930,1.25,590,0.0028784347329259574,,,0.0028787781845401677,0.0001193046466916899,3.2610473043905106,0.9912395183835044,-6.155394928602283e-06,-6.155394928602283e-06,0.7499973809910061,,0.9080200235057052,0.0,0.9080200235057052,0.9080200235057052,,0.08826718732508348,0.08850557468576015,success,0.9999350969835539,0.9999350969835539,0.75,0.9999994353726124,0.01,[0.01],,,,,,,,,-0.019725732393804356,,,
,,,0.08826705238875347,1.740867592099911e-05,2.878773078980181e-05,typ,,2.540705079779445e-06,True,,1.2749404907226562,0.0,,,-3.92508528479496e-06,20,4.343052441760859e-09,False,False,931,1.25,324,0.0028784297322963157,,,0.0028787730789801807,0.0001192684086050689,3.2610466243042575,0.991239311662072,-7.448329001253826e-06,-7.448329001253826e-06,0.7499960749147152,,0.9080199391764221,0.0,0.9080199391764221,0.9080199391764221,,0.08826705238875347,0.08850506821537257,success,0.9999310014392256,0.9999310014392256,0.75,0.9999999975585141,0.01,[0.01],,,,,,,,,-0.019722733964567318,,,
,,,0.08562419020031803,1.622066605599901e-05,2.7929495690928855e-05,arith,,2.391177341231755e-06,True,,1.27496337890625,0.08,,,7.144580331575057e-06,17,4.820481887971323e-09,False,False,932,1.25,718,0.0027926422844263853,,,0.0027929495690928855,0.00011002155925070339,3.2615108859926045,0.9913804302934214,-6.165015248761163e-06,-6.165015248761163e-06,0.7500071445803316,,0.9005159558657871,0.0,0.9004205701794716,0.9005159558657871,,0.08562419020031803,0.08585191999958003,success,0.9999350603840003,0.9999350603840003,0.75,0.9999999051258041,0.01,[0.01],,,,,,,,,-0.018944022732420265,,,
,,,0.08558399476882655,1.6213459653869382e-05,2.791235792545866e-05,typ,,2.388588218404121e-06,True,,1.2747802734375,0.08,,,3.985221276536777e-06,16,4.240256257161644e-09,False,False,933,1.25,373,0.002790928636663907,,,0.002791235792545866,0.00011004297192636446,3.261040389856265,0.9912374166171222,-1.5584261189162656e-05,-1.5584261189162656e-05,0.7500039852212765,,0.9005622101556136,0.0,0.9004668222283425,0.9004668222283425,,0.08558399476882655,0.08581655167492272,success,0.9999310121435748,0.9919742580430074,0.75,0.9999604078383617,0.01,[0.01],,,,,,,,,-0.018944499725286293,,,
,,,0.07852466200148538,1.3255747936658878e-05,2.562470508201674e-05,arith,,2.011995590599749e-06,True,,1.2749862670898438,0.16,,,-5.0430502691600765e-06,20,4.784042348979087e-09,False,False,934,1.25,548,0.0025622467379250737,,,0.0025624705082016737,8.732599102460433e-05,3.2629834661072543,0.9918280409740948,-6.193981866009436e-06,-6.193981866009436e-06,0.7499949569497308,,0.878818637203754,0.0,0.8773934083224291,0.878818637203754,,0.07852466200148538,0.07872306171215554,success,0.9999334547949883,0.9999334547949883,0.75,0.9999999641817029,0.01,[0.01],,,,,,,,,-0.016880999674227355,,,
,,,0.0782046502626101,1.316536228090082e-05,2.5504582428755166e-05,typ,,1.9944036221707213e-06,True,,1.2742767333984375,0.16,,,7.791189390315978e-06,19,4.398902842753829e-09,False,False,935,1.25,328,0.002550236610576919,,,0.0025504582428755164,8.689901088034175e-05,3.260978218064093,0.9912185186584062,-4.139827601833536e-05,-4.139827601833536e-05,0.7500077911893903,,0.8794732293734799,0.0,0.8780424388022036,0.8780424388022036,,0.0782046502626101,0.07841858388775011,success,0.9999310808047315,0.9681244147778711,0.75,0.9999751853760475,0.01,[0.01],,,,,,,,,-0.016834500552961647,,,
,,,0.06889856909676602,9.717659540618678e-06,2.2500429368257106e-05,arith,,1.5501529546288182e-06,True,,1.275054931640625,0.24,,,3.905849568108799e-06,18,4.793337724102714e-09,False,False,936,1.25,588,0.0022499058760591588,,,0.0022500429368257106,6.0914733807341395e-05,3.2655335307460915,0.9926031676768092,-6.242209257844287e-06,-6.242209257844287e-06,0.7500039058495681,,0.8452219332237977,0.0,0.8387524923717229,0.8452219332237977,,0.06889856909676602,0.06905644902107153,success,0.9999339425492971,0.9999339425492971,0.75,0.999999996775332,0.01,[0.01],,,,,,,,,-0.014104298054391392,,,
,,,0.06774811157194895,9.418938686584839e-06,2.209230222620143e-05,typ,,1.496623039695929e-06,True,,1.273406982421875,0.24,,,-9.51172789298571e-06,18,4.389792186078061e-09,False,False,937,1.25,326,0.0022090992722454046,,,0.0022092302226201428,5.9274209359175153e-05,3.2607540210169934,0.9911503709278623,-8.876396307412712e-05,-8.876396307412712e-05,0.749990488272107,,0.8479936503581986,0.0,0.8414044991111862,0.8414044991111862,,0.06774811157194895,0.06793446117583943,success,0.999931183229766,0.9284437530586701,0.75,0.999999996688011,0.01,[0.01],,,,,,,,,-0.013902880047928513,,,
,,,0.05868583094970688,6.585187509443175e-06,1.918485338420834e-05,arith,,1.125835697806028e-06,True,,1.2751235961914062,0.32,,,-5.032099046120564e-06,20,4.771331058040929e-09,False,False,938,1.25,458,0.0019184114454660391,,,0.0019184853384208338,3.851629893378417e-05,3.268951660768162,0.9936421546158479,-6.309824672804569e-06,-6.309824672804569e-06,0.7499949679009539,,0.8030498907616896,0.0,0.785480875288952,0.8030498907616896,,0.05868583094970688,0.05880155457085129,success,0.9999337920809083,0.9999337920809083,0.75,0.9999993168475585,0.01,[0.01],,,,,,,,,-0.011221085912690934,,,
,,,0.05599263835363715,5.951582670782002e-06,1.8255574573657523e-05,typ,,1.0221423637043722e-06,True,,1.272216796875,0.32,,,-5.126343247896514e-06,15,3.5486269023998787e-09,False,False,939,1.25,349,0.0018254941966634015,,,0.0018255574573657523,3.4652813635384855e-05,3.260239649958952,0.9909940208745659,-0.000165943238352453,-0.000165943238352453,0.7499948736567521,,0.8100037593873637,0.0,0.7915144044967537,0.7915144044967537,,0.05599263835363715,0.05614953199081198,success,0.9999313577902926,0.8730409741235405,0.75,0.9999933719498354,0.01,[0.01],,,,,,,,,-0.010629223493976332,,,
,,,0.049179191601518145,4.222716627112297e-06,1.6095490047138557e-05,arith,,7.915453576128425e-07,True,,1.275238037109375,0.4,,,5.997395448709142e-06,18,4.760334656529627e-09,False,False,940,1.25,494,0.0016095127468268669,,,0.0016095490047138557,2.252673691985698e-05,3.2727515325347105,0.9947971771310754,-6.3967613895140295e-06,-6.3967613895140295e-06,0.7500059973954487,,0.7559696284874141,0.0,0.7205379031897466,0.7559696284874141,,0.049179191601518145,0.04925857742401944,success,0.9999339851991302,0.9999339851991302,0.75,0.9999999952913766,0.01,[0.01],,,,,,,,,-0.008586388855936263,,,
,,,0.04431179549732224,3.2532189524004308e-06,1.4442764133481157e-05,typ,,6.399742272653252e-07,True,,1.2706832885742188,0.4,,,3.4900212178001766e-06,20,4.163983749992446e-09,False,False,941,1.25,264,0.0014442525293383763,,,0.0014442764133481157,1.6537007402893424e-05,3.259295889794519,0.9907071521837614,-0.0002892309291022949,-0.0002892309291022949,0.7500034900212178,,0.7689241094401046,0.0,0.7295064520609152,0.7295064520609152,,0.04431179549732224,0.04444034356440815,success,0.9999315790283756,0.8020821073542346,0.75,0.9999968559837211,0.01,[0.01],,,,,,,,,-0.00734165455470434,,,
,,,0.040963847832300414,2.609460502538987e-06,1.3421604991908713e-05,arith,,5.497937752696778e-07,True,,1.2753524780273438,0.48,,,1.087219184014998e-06,20,4.69165494896852e-09,False,False,942,1.25,393,0.0013421438765236302,,,0.0013421604991908714,1.2385007047350057e-05,3.2764106585351978,0.9959094180634729,-6.503169836816528e-06,-6.503169836816528e-06,0.750001087219184,,0.7072975790177314,0.0,0.6485964951648799,0.7072975790177314,,0.040963847832300414,0.041015828940183616,success,0.9999332679610942,0.9999332679610942,0.75,0.9999998516974047,0.01,[0.01],,,,,,,,,-0.0063701547599280955,,,
,,,0.03354513855668206,1.3828999761054108e-06,1.09281972425408e-05,typ,,3.66585978263438e-07,True,,1.2687835693359375,0.48,,,1.3169828629866487e-06,19,4.4670084792894875e-09,False,False,943,1.25,242,0.0010928140232421713,,,0.00109281972425408,5.216790822968816e-06,3.257741867411328,0.9902347860219466,-0.0004911891408261501,-0.0004911891408261501,0.750001316982863,,0.7272411794975644,0.0,0.6565866565613148,0.6565866565613148,,0.03354513855668206,0.033647622643113946,success,0.9999318155335088,0.7158230290672417,0.75,0.9999996292577734,0.01,[0.01],,,,,,,,,-0.004122504886270451,,,
,,,0.034151413811612186,1.5616579403568502e-06,1.1200308468182376e-05,arith,,3.8250393053907787e-07,True,,1.2754898071289062,0.56,,,-9.388838241308761e-07,20,4.711116073231724e-09,False,False,944,1.25,364,0.0011200237057507078,,,0.0011200308468182377,6.375777551238229e-06,3.2795822507643204,0.9968734664995295,-6.629055442602624e-06,-6.629055442602624e-06,0.7499990611161759,,0.6595495616088434,0.0,0.5748438856685519,0.6595495616088434,,0.034151413811612186,0.03418453006155853,success,0.9999331197704336,0.9999331197704336,0.75,0.9999999426311587,0.01,[0.01],,,,,,,,,-0.004572747555844538,,,
,,,0.024115591084100843,1.8772358119013019e-07,7.850316910157573e-06,typ,,1.893149972458191e-07,True,,1.26654052734375,0.56,,,6.932230870559941e-06,17,4.349212691104784e-09,False,False,945,1.25,198,0.0007850315448856343,,,0.0007850316910157574,1.8614550820929442e-07,3.2552863504274514,0.989488398360166,-0.0008442728356529193,-0.0008442728356529193,0.7500069322308706,,0.6865171285715864,0.0,0.5739775222262647,0.5739775222262647,,0.024115591084100843,0.0241949824423563,success,0.999933893346861,0.6147831933219314,0.75,0.9999995993579128,0.01,[0.01],,,,,,,,,-0.0007784324279486327,,,
,,,0.028617848027794084,8.977197151129919e-07,9.392810895882072e-06,arith,,2.688012288714747e-07,True,,1.2756500244140625,0.64,,,1.6091703436416083e-07,19,4.703160550083381e-09,False,False,946,1.25,372,0.0009392782735110301,,,0.0009392810895882072,2.9981197410741345e-06,3.282141524403893,0.9976513924028079,-6.774485769697985e-06,-6.774485769697985e-06,0.7500001609170344,,0.6143350146063021,0.0,0.5037118333508778,0.6143350146063021,,0.028617848027794084,0.02863869269689176,success,0.9999339695813745,0.9999339695813745,0.75,0.9999999912258412,0.01,[0.01],,,,,,,,,-0.00313692250458914,,,
,,,0.016197335797704906,-5.138136259261226e-07,5.26637277011992e-06,typ,,8.530094418907954e-08,True,,1.2639312744140625,0.64,,,-4.175514082382925e-06,19,4.3347626086712765e-09,False,False,947,1.25,149,0.000526635647086889,,,0.000526637277011992,3.094967208224426e-06,3.2513720383664024,0.9882985901666531,-0.0015273137424378198,-0.0015273137424378198,0.7499958244859176,,0.6476014035214525,0.0,0.4829122191435156,0.4829122191435156,,0.016197335797704906,0.01625673074582469,success,0.999937617308982,0.5007228024532405,0.75,0.9999990386287543,0.01,[0.01],,,,,,,,,0.003172210740972153,,,
,,,0.024158712482540257,4.80032028608848e-07,7.934016179024777e-06,arith,,1.9167538527013373e-07,True,,1.2758331298828125,0.72,,,8.935092792317079e-07,19,4.722562798449493e-09,False,False,948,1.25,348,0.000793400664081993,,,0.0007934016179024777,1.2021912523181995e-06,3.284118160913549,0.9982522178551749,-6.93953901510563e-06,-6.93953901510563e-06,0.7500008935092792,,0.5724937191677943,0.0,0.4381960365525874,0.5724937191677943,,0.024158712482540257,0.02417180945537879,success,0.9999338717175295,0.9999338717175295,0.75,0.9999999891862522,0.01,[0.01],,,,,,,,,-0.001986993425066721,,,
,,,0.00984546269812985,-8.823886547368025e-07,3.194728343430532e-06,typ,,3.1452800126165464e-08,True,,1.2611160278320312,0.72,,,-5.843239914149478e-07,20,4.157220889121617e-09,False,False,949,1.25,129,0.00031946492603277996,,,0.0003194728343430532,2.475424957337964e-05,3.244793422390016,0.9862989306942854,-0.0030570584284207412,-0.0030570584284207412,0.7499994156760086,,0.6108590498848551,0.0,0.38467330879846257,0.38467330879846257,,0.00984546269812985,0.009887725340636273,success,0.9998894489807987,0.37809912014617175,0.75,0.9999999722955114,0.01,[0.01],,,,,,,,,0.008962388887059747,,,
,,,0.02056647393505653,2.1626460790403402e-07,6.757345560472263e-06,arith,,1.3897472456924213e-07,True,,1.2760391235351562,0.8,,,1.8927329636930779e-06,20,4.6465797250507134e-09,False,False,950,1.25,302,0.0006757343286364373,,,0.0006757345560472263,3.365386407273589e-07,3.2856109937475284,0.9987059846243317,-7.124304131816907e-06,-7.124304131816907e-06,0.7500018927329637,,0.5343218785764985,0.0,0.37982965114352746,0.5343218785764985,,0.02056647393505653,0.02057473094060611,success,0.9999334927767067,0.9999334927767067,0.75,0.9999999625599394,0.01,[0.01],,,,,,,,,-0.0010515395521222563,,,
,,,0.005074666435759966,-9.890508362307635e-07,1.640624525628265e-06,typ,,8.324643992333724e-09,True,,1.25811767578125,0.8,,,-8.187546467919304e-06,17,4.345199552477985e-09,False,False,951,1.25,170,0.0001640431759942277,,,0.0001640624525628265,0.00011749530924144968,3.232590320385484,0.9825896324766634,-0.007356729341372409,-0.007356729341372409,0.7499918124535321,,0.576336725385134,0.0,0.28079165761195124,0.28079165761195124,,0.005074666435759966,0.0051022775184224834,success,0.9998380604310904,0.25443808463407014,0.75,0.9999982443593661,0.01,[0.01],,,,,,,,,0.019489967444188207,,,
,,,0.017660620041579266,4.8076547620882005e-08,5.804571457545916e-06,arith,,1.0251232870455994e-07,True,,1.2762451171875,0.88,,,-8.974449442256116e-06,16,4.676404157922544e-09,False,False,952,1.25,389,0.0005804571326669738,,,0.0005804571457545916,2.254708705161382e-08,3.286731333896404,0.99904652719423,-7.3289420448052495e-06,-7.3289420448052495e-06,0.7499910255505577,,0.4997823581863525,0.0,0.32902161761370613,0.4997823581863525,,0.017660620041579266,0.01766584576252608,success,0.9999337347045044,0.9999337347045044,0.75,0.9999999833888742,0.01,[0.01],,,,,,,,,-0.00027222457369952484,,,
,,,0.0019001743437373983,-8.387062001571199e-07,6.095432401916339e-07,typ,,1.1575349983205233e-09,True,,1.2549591064453125,0.88,,,3.797445759401441e-06,19,4.422169952240388e-09,False,False,953,1.25,133,6.0917304884971815e-05,,,6.095432401916339e-05,0.0006073258097314664,3.205879770229679,0.9744705988040908,-0.02499014120562835,-0.02499014120562835,0.7500037974457594,,0.5438065411932669,0.0,0.17388901852438207,0.17388901852438207,,0.0019001743437373983,0.0019151701419472728,success,0.9999637074021461,0.1412086445103244,0.75,0.9999998428931247,0.01,[0.01],,,,,,,,,0.044138381455434916,,,
,,,0.015294605623683536,-6.158992032172537e-08,5.028220141043401e-06,arith,,7.690464025300294e-08,True,,1.276519775390625,0.96,,,1.3592668202111469e-06,18,4.54932415457599e-09,False,False,954,1.25,331,0.0005028219893026657,,,0.0005028220141043401,4.932495732169911e-08,3.287577343766557,0.9993036833584811,-7.5533804234830665e-06,-7.5533804234830665e-06,0.7500013592668202,,0.4686574060109377,0.0,0.28546189544825656,0.4686574060109377,,0.015294605623683536,0.01529791090458659,success,0.9999339422090262,0.9999339422090262,0.75,0.999999979037523,0.01,[0.01],,,,,,,,,0.0004026904768721465,,,
,,,0.0003357905501842306,-3.933688684981981e-07,1.0612663534955393e-07,typ,,3.5481582206524386e-11,True,,1.25244140625,0.96,,,8.63459277100631e-06,14,4.387449465535381e-09,False,False,955,1.25,212,1.0566581515488598e-05,,,1.0612663534955394e-05,0.004342172849917803,3.146777510472308,0.9565056660604296,-0.15373630322724277,-0.15373630322724277,0.750008634592771,,0.5110137925586075,0.0,0.07364979173103775,0.07364979173103775,,0.0003357905501842306,0.0003398694241251277,success,0.9998212979780823,0.05725612659417874,0.75,0.9999991024097981,0.01,[0.01],,,,,,,,,0.1171470931157465,,,
,,,0.013353283314541229,-1.344738543212308e-07,4.390863852986082e-06,arith,,5.863243094128376e-08,True,,1.27679443359375,1.04,,,-2.5741768596709846e-06,17,4.599315564283363e-09,False,False,956,1.25,355,0.00043908624987710126,,,0.0004390863852986082,3.0841654739461473e-07,3.2882268692595824,0.9995011154337586,-7.797924625570479e-06,-7.797924625570479e-06,0.7499974258231403,,0.4406518954801672,0.0,0.24847819380308284,0.4406518954801672,,0.013353283314541229,0.013355350106040631,success,0.9999336735566492,0.9999336735566492,0.75,0.9999999725539176,0.01,[0.01],,,,,,,,,0.0010070471145833758,,,
,,,2.807606409167385e-05,-4.098462029925583e-08,9.016030891547904e-09,typ,,2.514549220625361e-13,True,,1.251068115234375,1.04,,,-8.25597447207116e-06,18,4.299720251836772e-09,False,False,957,1.25,113,8.956202737017786e-07,,,9.016030891547905e-07,0.006635753054728892,3.189978021055241,0.9696370466590779,-0.9555212530665314,-0.9555212530665314,0.7499917440255279,,0.33191150798298863,0.0,0.020416985719838233,0.020416985719838233,,2.807606409167385e-05,2.605889745310661e-05,success,0.9999098866727618,0.02281979859627447,0.75,0.999989860306334,0.01,[0.01],,,,,,,,,0.1459770862661982,,,
,,,0.011747515569306553,-1.848789703517118e-07,3.863454408274865e-06,arith,,4.5385956632281335e-08,True,,1.2771148681640625,1.12,,,5.808799492523775e-07,19,4.5345581961812284e-09,False,False,958,1.25,333,0.00038634514987036044,,,0.00038634544082748645,7.531009694088624e-07,3.288739202693954,0.999656846123729,-8.062579167949255e-06,-8.062579167949255e-06,0.7500005808799493,,0.4154474636741258,0.0,0.2172484229915578,0.4154474636741258,,0.011747515569306553,0.011748764643199145,success,0.9999340699897789,0.9999340699897789,0.75,0.9999999613115552,0.01,[0.01],,,,,,,,,0.0015737708050777672,,,
,,,5.925078596028817e-06,-6.434382303497933e-09,1.9292960630346177e-09,typ,,1.138982953286151e-14,True,,1.2505760192871094,1.12,,,-1.994628708867907e-06,21,3.808264128033109e-09,False,False,959,1.25,47,1.9223085986564548e-07,,,1.9292960630346178e-07,0.0036217688472200103,3.2443596612285432,0.98616708311139,-2.360449921011297,-2.360449921011297,0.7499980053712911,,0.16893325521297564,0.0,0.009211802061719157,0.009211802061719157,,5.925078596028817e-06,5.303829815455219e-06,success,0.9999276594282317,0.014415025362667274,0.75,0.9987509259912145,0.01,[0.01],,,,,,,,,0.10859572914037743,,,
,,,0.010408637921370595,-2.2163385690838197e-07,3.423571378171753e-06,arith,,3.563466575179097e-08,True,,1.2774810791015625,1.2,,,6.237323885827095e-06,19,4.490412550591613e-09,False,False,960,1.25,250,0.0003423566658863915,,,0.0003423571378171753,1.3784750826253585e-06,3.289159143325359,0.9997844927692292,-8.347481179659505e-06,-8.347481179659505e-06,0.7500062373238858,,0.39273644305733596,0.0,0.19094780291864488,0.39273644305733596,,0.010408637921370595,0.010409330477606431,success,0.9999335111958053,0.9999335111958053,0.75,0.9999999223866933,0.01,[0.01],,,,,,,,,0.0021293262248399695,,,
,,,2.315402249274787e-06,-2.1586729603478546e-09,7.586470691440217e-10,typ,,1.7519132613520556e-15,True,,1.2510223388671875,1.2,,,-2.8607805979685708e-06,19,3.5203634326912216e-09,False,False,961,1.25,49,7.566345164866178e-08,,,7.586470691440217e-08,0.002652818074779682,3.267831828027312,0.993301766279495,-3.6631106315768958,-3.6631106315768958,0.749997139219402,,0.10674076820911853,0.0,0.005781529143207681,0.005781529143207681,,2.315402249274787e-06,2.0891730772219416e-06,success,0.9995197575427264,0.011519621730986885,0.75,0.9998300124963608,0.01,[0.01],,,,,,,,,0.09323101249573278,,,
,,,0.00928376149798485,-2.505276755178806e-07,3.0539201938348454e-06,arith,,2.8351803949326166e-08,True,,1.2778472900390625,1.28,,,-2.8013941082427607e-06,19,4.537124373909662e-09,False,False,962,1.25,241,0.00030539134332005686,,,0.00030539201938348454,2.213756040660105e-06,3.289521638253478,0.9998946780147734,-8.652925496730845e-06,-8.652925496730845e-06,0.7499971986058918,,0.37223713726923385,0.0,0.16881892623824177,0.37223713726923385,,0.00928376149798485,0.009284059629229388,success,0.9999336067066852,0.9999336067066852,0.75,0.8844841738360484,0.01,[0.01],,,,,,,,,0.0026985578590344077,,,
,,,1.2008161251292667e-06,-1.049829571454726e-09,3.948757533887734e-10,typ,,4.730710299627059e-16,True,,1.2506675720214844,1.28,,,-9.491067912481554e-06,21,3.823918236303472e-09,False,False,963,1.25,41,3.939579258329666e-08,,,3.948757533887734e-08,0.0023243451843526254,3.2807514621820837,0.9972288641538573,-4.2072342833447784,-4.2072342833447784,0.7499905089320875,,0.07650813943084153,0.0,0.004183583765478243,0.004183583765478243,,1.2008161251292667e-06,1.093913252065424e-06,success,0.9995767845059957,0.01074339728366631,0.75,0.9978338360716396,0.01,[0.01],,,,,,,,,0.08742633859465478,,,
,,,0.008331882483717488,-2.756766668875947e-07,2.741078042276427e-06,arith,,2.2838264129320925e-08,True,,1.2783050537109375,1.36,,,5.1122765962752226e-06,19,4.526646742431408e-09,False,False,964,1.25,230,0.000274106892097343,,,0.0002741078042276427,3.327633455188067e-06,3.2898554754344427,0.9999961523497308,-8.978782883372152e-06,-8.978782883372152e-06,0.7500051122765963,,0.3536962852162636,0.0,0.15018493548268774,0.3536962852162636,,0.008331882483717488,0.008331885226622465,success,0.9999335315997699,0.9999335315997699,0.75,0.7294281305748586,0.01,[0.01],,,,,,,,,0.0033086960530988464,,,
,,,7.283377432128236e-07,-6.303863775735936e-10,2.4012354406092674e-10,typ,,1.7449365318857002e-16,True,,1.250244140625,1.36,,,-3.2665241163076786e-06,15,4.16223813029145e-09,False,False,965,1.25,177,2.3957793594335562e-08,,,2.4012354406092672e-08,0.0022721975044340714,3.289379661783501,0.9998515223428112,-2.4813818479475582,-2.4813818479475582,0.7499967334758837,,0.05984976113677554,0.0,0.003272080675494097,0.003272080675494097,,7.283377432128236e-07,6.691695757604687e-07,success,0.9999014245353501,0.01413192197967233,0.75,0.9998362112243008,0.01,[0.01],,,,,,,,,0.08655138134031753,,,
,,,0.007521253889025446,-3.0008742435128104e-07,2.4746458191836523e-06,arith,,1.861234943903335e-08,True,,1.2787628173828125,1.44,,,-4.906640764690273e-06,19,4.519890419195167e-09,False,False,966,1.25,226,0.0002474633846118578,,,0.00024746458191836525,4.838294426554767e-06,3.290187889720639,1.000097194176542,-9.325524233543426e-06,-9.325524233543426e-06,0.7499950933592353,,0.33689663157269917,0.0,0.13448299746012632,0.33689663157269917,,0.007521253889025446,0.00752101742697007,success,0.9999333820216799,0.9999333820216799,0.75,0.6806360884604977,0.01,[0.01],,,,,,,,,0.003989858988660791,,,
,,,4.876767068366133e-07,-4.319933557682413e-10,1.6112247292959637e-10,typ,,7.838905873624902e-17,True,,1.2507133483886719,1.44,,,1.7479580725066057e-06,21,4.293405604374112e-09,False,False,967,1.25,108,1.6073980495138098e-08,,,1.6112247292959638e-08,0.002375013064643099,3.296032037167479,1.0018736019866246,-0.90902368360356,-0.90902368360356,0.7500017479580725,,0.049134794016960415,0.0,0.0026862454077426143,0.0026862454077426143,,4.876767068366133e-07,4.510182811137157e-07,success,0.9998326478549078,0.02362360641285756,0.75,0.9999534551961455,0.01,[0.01],,,,,,,,,0.08858191291735662,,,
,,,0.006826945258363648,-3.263510865309939e-07,2.24645443195836e-06,arith,,1.533631492735645e-08,True,,1.2793121337890625,1.52,,,-4.218595652250023e-06,19,4.513860648558673e-09,False,False,968,1.25,218,0.00022464388312720137,,,0.000224645443195836,6.944581703681359e-06,3.290547596701344,1.0002065319876903,-9.69301812943097e-06,-9.69301812943097e-06,0.7499957814043477,,0.32164853469490184,0.0,0.12122752483866907,0.32164853469490184,,0.006826945258363648,0.006826493852467084,success,0.9999332003171332,0.9999332003171332,0.75,0.6992616030719306,0.01,[0.01],,,,,,,,,0.0047803384116956735,,,
,,,3.4956578660500703e-07,-3.223023755737539e-10,1.1573065529289224e-10,typ,,4.035159873047231e-17,True,,1.2519950866699219,1.52,,,-9.531691924413721e-06,21,4.384509115408561e-09,False,False,969,1.25,107,1.1543348999445339e-08,,,1.1573065529289225e-08,0.0025677319262280797,3.3021964510756834,1.003747359127546,-0.45891237387715633,-0.45891237387715633,0.7499904683080756,,0.040146714760705325,0.0,0.002277562790691974,0.002277562790691974,,3.4956578660500703e-07,3.242412814576004e-07,success,0.9998290835991287,0.0334166403060621,0.75,0.9999722989951143,0.01,[0.01],,,,,,,,,0.09220077820085422,,,
,,,0.006229475113478195,-3.570578152299152e-07,2.0501227796460793e-06,arith,,1.2771061345096575e-08,True,,1.2799530029296875,1.6,,,3.236991769295372e-06,19,4.462041082549179e-09,False,False,970,1.25,212,0.00020501023139918957,,,0.00020501227796460792,9.982648057343964e-06,3.2909711920291014,1.0003352895276716,-1.0081436397929295e-05,-1.0081436397929295e-05,0.7500032369917693,,0.30779401597010236,0.0,0.11002424739828529,0.30779401597010236,,0.006229475113478195,0.006228802957024494,success,0.9999330206114501,0.9999330206114501,0.75,0.7117714075430551,0.01,[0.01],,,,,,,,,0.005731748000042235,,,
,,,2.653540349741221e-07,-2.592308752845485e-10,8.800310841099856e-11,typ,,2.3284779260422778e-17,True,,1.2514686584472656,1.6,,,3.204382427512975e-06,21,4.264909539809827e-09,False,False,971,1.25,105,8.77498594008324e-09,,,8.800310841099856e-09,0.0028777280114177235,3.3068974967495763,1.0051763056636527,-0.3273900592476449,-0.3273900592476449,0.7500032043824275,,0.03626816273526136,0.0,0.001990568141962826,0.001990568141962826,,2.653540349741221e-07,2.4768715582275144e-07,success,1.0005307748898529,0.039643930185527296,0.75,0.999974707237867,0.01,[0.01],,,,,,,,,0.09769245653635124,,,
,,,0.005713637932028425,-3.954170776138776e-07,1.8806785460047018e-06,arith,,1.0745359923739262e-08,True,,1.2806396484375,1.68,,,-1.2964962037287364e-06,16,4.514540087172937e-09,False,False,972,1.25,255,0.00018806511808361123,,,0.00018806785460047018,1.455068897747873e-05,3.291512698580209,1.0004998877817963,-1.0491142368724725e-05,-1.0491142368724725e-05,0.7499987035037963,,0.2952051914253392,0.0,0.10055593473836379,0.2952051914253392,,0.005713637932028425,0.005712701667730723,success,0.9999329984272819,0.9999329984272819,0.75,0.7202096427733972,0.01,[0.01],,,,,,,,,0.0069205833886904836,,,
,,,2.1012777463077542e-07,-2.193550457961732e-10,6.979934122238585e-11,typ,,1.4618663605637845e-17,True,,1.2506017684936523,1.68,,,-7.882244973389518e-06,23,4.400318826136036e-09,False,False,973,1.25,65,6.957035371133078e-09,,,6.9799341222385845e-09,0.003280654330611735,3.310859491734296,1.0063806077279631,-0.30598569862103797,-0.30598569862103797,0.7499921177550266,,0.033859917304512904,0.0,0.001776672348261413,0.001776672348261413,,2.1012777463077542e-07,1.973198351072824e-07,success,0.9994068665879943,0.04103597453960832,0.75,0.9999751699038257,0.01,[0.01],,,,,,,,,0.1043912667811818,,,
,,,0.00526748044604923,-4.4564583847056964e-07,1.734228297345985e-06,arith,,9.13481504504188e-09,True,,1.281463623046875,1.76,,,5.021450520614756e-06,18,4.391787392378703e-09,False,False,974,1.25,211,0.000173419059427041,,,0.00017342282973459847,2.174054917250296e-05,3.292258247624071,1.000726507516559,-1.0921970938206787e-05,-1.0921970938206787e-05,0.7500050214505206,,0.2837790972087903,0.0,0.09255498530335604,0.2837790972087903,,0.00526748044604923,0.005266181242553224,success,0.9999332610159823,0.9999332610159823,0.75,0.7260557067525318,0.01,[0.01],,,,,,,,,0.00846032259701728,,,
,,,1.6966709971299016e-07,-1.840742417314007e-10,5.6545425056968456e-11,typ,,9.560014944985089e-18,True,,1.2539691925048828,1.76,,,-4.924606509248974e-06,22,4.424390117954183e-09,False,False,975,1.25,83,5.634572030262122e-09,,,5.6545425056968456e-09,0.0035317579476330193,3.320957356961719,1.0094499906992729,-0.36021920912229505,-0.36021920912229505,0.7499950753934908,,0.02526181864455828,0.0,0.0015914236960815015,0.0015914236960815015,,1.6966709971299016e-07,1.5831275616715286e-07,success,0.9991101551116351,0.037811614400442506,0.75,0.9999684253881652,0.01,[0.01],,,,,,,,,0.10849141763063183,,,
,,,0.004882107483892973,-5.146133284847725e-07,1.6079104569801346e-06,arith,,7.849726848574631e-09,True,,1.282379150390625,1.84,,,1.3237452123338045e-06,18,4.26949611979847e-09,False,False,976,1.25,209,0.0001607856212603351,,,0.00016079104569801346,3.373594378226832e-05,3.293365043493989,1.0010629331193306,-1.1374297069733047e-05,-1.1374297069733047e-05,0.7500013237452123,,0.273448391508183,0.0,0.08582162375351583,0.273448391508183,,0.004882107483892973,0.0048802538432818985,success,0.9999331675847883,0.9999331675847883,0.75,0.7301758649156914,0.01,[0.01],,,,,,,,,0.010540802925428874,,,
,,,1.4383928028448613e-07,-1.7000911951301571e-10,4.804768658488495e-11,typ,,6.8822415569868195e-18,True,,1.2514457702636719,1.84,,,4.44693659118478e-06,21,4.369995783967333e-09,False,False,977,1.25,98,4.784674633643246e-09,,,4.804768658488495e-09,0.004182100382658165,3.326403346971766,1.01110537316104,-0.5255959806158419,-0.5255959806158419,0.7500044469365912,,0.023109104933362493,0.0,0.00146723283572297,0.00146723283572297,,1.4383928028448613e-07,1.3456201763562455e-07,success,1.000736900275069,0.0312595393878542,0.75,0.999949917639235,0.01,[0.01],,,,,,,,,0.11819380573704952,,,
,,,0.004551136825805587,-6.136099297757143e-07,1.4997440710637144e-06,arith,,6.8251639539557415e-09,True,,1.283477783203125,1.92,,,4.09036028181653e-06,18,4.3575279442692804e-09,False,False,978,1.25,204,0.00014996613407129624,,,0.00014997440710637144,5.5162979036351425e-05,3.295135694909613,1.0016011466110777,-1.18479148372184e-05,-1.18479148372184e-05,0.7500040903602818,,0.26417991035695176,0.0,0.08019197401550206,0.26417991035695176,,0.004551136825805587,0.004548382813383055,success,0.9999329767054844,0.9999329767054844,0.75,0.7331482823362131,0.01,[0.01],,,,,,,,,0.013482563879346795,,,
,,,1.2287417019162995e-07,-1.5065074752307212e-10,4.116993738237233e-11,typ,,5.036026244971106e-18,True,,1.2541780471801758,1.92,,,6.611758289531977e-06,23,4.393722198217032e-09,False,False,979,1.25,60,4.098523096528024e-09,,,4.116993738237233e-09,0.004486439106686094,3.335544883140306,1.013884066955757,-0.9221350353823651,-0.9221350353823651,0.7500066117582895,,0.02081283805496754,0.0,0.0013571860251152745,0.0013571860251152745,,1.2287417019162995e-07,1.1512867029328373e-07,success,0.9989428922703099,0.023523905719392744,0.75,0.9999131012059814,0.01,[0.01],,,,,,,,,0.12260570898515356,,,
,,,0.004271283204111661,-7.642475742969962e-07,1.4089027057426996e-06,arith,,6.017238388911447e-09,True,,1.284759521484375,2.0,,,2.7764490784232265e-07,18,4.2350758264060095e-09,False,False,980,1.25,198,0.00014087659612734365,,,0.00014089027057426995,9.705742540321559e-05,3.2982265374427002,1.002540650082791,-1.2342987503313535e-05,-1.2342987503313535e-05,0.7500002776449078,,0.2560007469435751,0.0,0.07556049630402191,0.2560007469435751,,0.004271283204111661,0.004267004323624614,success,0.9999328157021008,0.9999328157021008,0.75,0.7353199830695764,0.01,[0.01],,,,,,,,,0.017892692611937072,,,
,,,1.0867782271962028e-07,-1.4284131344816787e-10,3.652987891384738e-11,typ,,3.949584063740703e-18,True,,1.2542338371276855,2.0,,,-5.772975167905869e-07,24,4.325234654289872e-09,False,False,981,1.25,44,3.634213462235345e-09,,,3.6529878913847377e-09,0.0051394720452456796,3.3440249089377807,1.0164616857091102,-1.7516697717581842,-1.7516697717581842,0.7499994227024832,,0.019347295630165687,0.0,0.0012775868739210911,0.0012775868739210911,,1.0867782271962028e-07,1.0201726547895941e-07,success,0.999636059230207,0.016976026849779394,0.75,0.9998023407923907,0.01,[0.01],,,,,,,,,0.1314355678772536,,,
,,,0.00404319845932943,-1.0110693445071384e-06,1.336212947776448e-06,arith,,5.401551870566369e-09,True,,1.28631591796875,2.08,,,-5.343623867393177e-06,17,4.380828631086556e-09,False,False,982,1.25,203,0.00013359601129899084,,,0.0001336212947776448,0.0001892174349608707,3.304216022113046,1.0043612351114122,-1.2859227113218253e-05,-1.2859227113218253e-05,0.7499946563761326,,0.24903042158214306,0.0,0.0718680528446618,0.24903042158214306,,0.00404319845932943,0.004036214699686627,success,0.9999327988180808,0.9999327988180808,0.75,0.7369488713815061,0.01,[0.01],,,,,,,,,0.025006671195527356,,,
,,,9.869262488715803e-08,-1.4115885875192006e-10,3.331548140690026e-11,typ,,3.2680664860221507e-18,True,,1.25390625,2.08,,,4.075261613056824e-06,11,4.314205972116967e-09,False,False,983,1.25,215,3.31135836113261e-09,,,3.331548140690026e-09,0.006060179443552646,3.3552237210416793,1.0198657164023757,-3.097453285938236,-3.097453285938236,0.7500040752616131,,0.01765478583893332,0.0,0.0012175939557682338,0.0012175939557682338,,9.869262488715803e-08,9.265996278521014e-08,success,0.9988731364237752,0.012681411714190053,0.75,0.9995352243747433,0.01,[0.01],,,,,,,,,0.14302878144472958,,,
,,,0.0038745489114441205,-1.458240236785939e-06,1.2858728762946467e-06,arith,,4.980050888514762e-09,True,,1.288330078125,2.16,,,2.045346405021853e-06,15,4.3156556881759294e-09,False,False,984,1.25,228,0.0001285324047350482,,,0.00012858728762946467,0.0004268143097832294,3.317351456201947,1.0083539283000422,-1.339578899788355e-05,-1.339578899788355e-05,0.750002045346405,,0.2435698251335337,0.0,0.06912229420118962,0.2435698251335337,,0.0038745489114441205,0.003862353990464186,success,0.9999324656228009,0.9999324656228009,0.75,0.7381858283015443,0.01,[0.01],,,,,,,,,0.0376363873605721,,,
,,,9.168014642788678e-08,-1.4378531093207634e-10,3.1110745781013905e-11,typ,,2.8315635130442816e-18,True,,1.2541522979736328,2.16,,,-5.891892076448357e-06,22,4.022187993506387e-09,False,False,985,1.25,55,3.088524204388696e-09,,,3.1110745781013904e-09,0.007248419524052715,3.3688037429325544,1.0239935480779925,-4.833925026885411,-4.833925026885411,0.7499941081079236,,0.016564082610377964,0.0,0.0011738680456011357,0.0011738680456011357,,9.168014642788678e-08,8.61237886510051e-08,success,0.9982535608526647,0.010083159712615112,0.75,0.9992490016432679,0.01,[0.01],,,,,,,,,0.15683364014386053,,,
,,,0.0037902448348589627,-2.3896709363445618e-06,1.27087039593649e-06,arith,,4.811199426789436e-09,True,,1.2908935546875,2.24,,,-8.137015129472402e-06,16,4.265849204535404e-09,False,False,986,1.25,209,0.00012693637578608993,,,0.000127087039593649,0.001185516698168572,3.3490283957029203,1.0179825633132584,-1.3952151660281899e-05,-1.3952151660281899e-05,0.7499918629848705,,0.24036631499618002,0.0,0.06748667053251976,0.24036631499618002,,0.0037902448348589627,0.003766408238936191,success,0.9999324643673436,0.9999324643673436,0.75,0.7391826580412498,0.01,[0.01],,,,,,,,,0.06304793068687033,,,
,,,9.066937625935171e-08,-1.7378618636594838e-10,3.103230007286956e-11,typ,,2.7834776529284977e-18,True,,1.2479009628295898,2.24,,,-8.419336654075238e-06,23,3.605978541248588e-09,False,False,987,1.25,31,3.069920371974995e-09,,,3.103230007286956e-09,0.010733859634556241,3.3858404001741005,1.0291720709090593,-6.887221168789376,-6.887221168789376,0.7499915806633459,,0.015210116966776134,0.0,0.0011654683985791257,0.0011654683985791257,,9.066937625935171e-08,8.489543743099251e-08,success,1.001814186904219,0.008392702162850013,0.75,0.9982056231083034,0.01,[0.01],,,,,,,,,0.19167021273957857,,,
,,,0.003856844771165798,-4.526275519320637e-06,1.3210158515744897e-06,arith,,5.074465909695403e-09,True,,1.2945556640625,2.32,,,-4.917025014039567e-06,16,4.1896112428147485e-09,False,False,988,1.25,204,0.00013157039525242697,,,0.00013210158515744897,0.004021071392814029,3.4113479556154798,1.0369254380364887,-1.4525081766336581e-05,-1.4525081766336581e-05,0.749995082974986,,0.24122294274729753,0.0,0.0673630002112018,0.24122294274729753,,0.003856844771165798,0.0038044241837626065,success,0.9999325704766175,0.9999325704766175,0.75,0.739996170285415,0.01,[0.01],,,,,,,,,0.11735695336145177,,,
,,,8.78430570078436e-08,-1.8774957875364495e-10,3.056008737816773e-11,typ,,2.6492415934028987e-18,True,,1.2513771057128906,2.32,,,8.517609468627896e-06,21,3.5833642743605084e-09,False,False,989,1.25,46,3.0158804618631897e-09,,,3.0560087378167732e-09,0.013130942806875405,3.43325991215663,1.043585874154495,-9.120103523101466,-9.120103523101466,0.7500085176094686,,0.013461088274478736,0.0,0.001144602367657365,0.001144602367657365,,8.78430570078436e-08,8.188263530681606e-08,success,1.0003343150761346,0.007249158645165017,0.75,0.9981057674952956,0.01,[0.01],,,,,,,,,0.21373297463552593,,,
,,,0.00421844629899824,-8.611194954616145e-06,1.4641442877630678e-06,arith,,6.102261373367121e-09,True,,1.3000946044921875,2.4,,,9.834405130249024e-07,19,4.319874048749986e-09,False,False,990,1.25,164,0.000144656609112607,,,0.00014641442877630676,0.012005781659575117,3.4291442597469786,1.0423348658336762,-1.5109407861678154e-05,-1.5109407861678154e-05,0.750000983440513,,0.25050098148791683,0.0,0.06968517659319229,0.25050098148791683,,0.00421844629899824,0.0041253101538780805,success,0.9999320069442829,0.9999320069442829,0.75,0.7631574205859503,0.01,[0.01],,,,,,,,,0.20413190886561852,,,
,,,8.961635672614497e-08,-2.3559656102184937e-10,3.2151710648131726e-11,typ,,2.8258134312334445e-18,True,,1.253422737121582,2.4,,,3.877366555604667e-06,23,3.413125125265537e-09,False,False,991,1.25,24,3.1532340015436405e-09,,,3.2151710648131724e-09,0.019264002449938367,3.518592048078323,1.0695237331974394,-11.592657757668718,-11.592657757668718,0.7500038773665556,,0.013604427925272847,0.0,0.001152909429089255,0.001152909429089255,,8.961635672614497e-08,8.307539611618329e-08,success,1.0004650215020763,0.006392082593559663,0.75,0.9974381539744841,0.01,[0.01],,,,,,,,,0.2628945982950405,,,
,,,0.08771148312106546,1.6318097126281005e-05,2.860715999691897e-05,arith,,2.508910150917554e-06,True,,1.3567428588867188,0.0,,,7.777633275196649e-07,20,4.856506422229441e-09,False,False,992,1.3333333333,593,0.002860412413109676,,,0.0028607159996918968,0.00010612258688158341,3.2611606956429373,0.9912739851912361,-6.9045380297803015e-06,-6.9045380297803015e-06,0.7500007777633275,,0.9069391572074158,0.0,0.9069391572074158,0.9069391572074158,,0.08771148312106546,0.08794778278414278,success,0.9999324413230111,0.9999324413230111,0.75,0.9999999471360765,0.01,[0.01],,,,,,,,,-0.01860428822501797,,,
,,,0.0877113503436301,1.631530912435698e-05,2.8607109801127414e-05,typ,,2.508902040773558e-06,True,,1.3567428588867188,0.0,,,1.3520691873880608e-06,20,4.832635599436575e-09,False,False,993,1.3333333333,321,0.0028604074967998284,,,0.002860710980112741,0.00010608667391518285,3.2611600272866634,0.9912737820352898,-8.214152057885258e-06,-8.214152057885258e-06,0.7500013520691874,,0.9069394574810131,0.0,0.9069394574810131,0.9069394574810131,,0.0877113503436301,0.08794979748921572,success,0.9999306505525494,0.9999306505525494,0.75,0.9999999980700163,0.01,[0.01],,,,,,,,,-0.01860113777799324,,,
,,,0.08508649191919941,1.5218253484686214e-05,2.7754761318416392e-05,arith,,2.3613236793996206e-06,True,,1.3567428588867188,0.08,,,-8.017163231288649e-06,20,4.791082448394244e-09,False,False,994,1.3333333333,581,0.0027752039438198976,,,0.002775476131841639,9.806894702450342e-05,3.261626941272078,0.9914157068682741,-6.914227482281176e-06,-6.914227482281176e-06,0.7499919828367687,,0.8994238154254489,0.0,0.8993277419666935,0.8994238154254489,,0.08508649191919941,0.08531216752808306,success,0.9999327076031498,0.9999327076031498,0.75,0.9999992977553278,0.01,[0.01],,,,,,,,,-0.01788562807259454,,,
,,,0.08504907468389641,1.5203463845062972e-05,2.7738528674317395e-05,typ,,2.358905051530534e-06,True,,1.3565826416015625,0.08,,,3.976009766315514e-06,19,4.156481341035187e-09,False,False,995,1.3333333333,334,0.0027735810886807687,,,0.0027738528674317395,9.797879121919711e-05,3.2611537503369585,0.9912718740713686,-1.6485247429929954e-05,-1.6485247429929954e-05,0.7500039760097663,,0.8994704429502451,0.0,0.899374362451026,0.899374362451026,,0.08504907468389641,0.08528047134420516,success,0.9999306790933313,0.9919067579418239,0.75,0.999983032730194,0.01,[0.01],,,,,,,,,-0.017876107296369757,,,
,,,0.07803790627057235,1.2443715252401346e-05,2.546656189581868e-05,arith,,1.9872023242103447e-06,True,,1.3567886352539062,0.16,,,6.995979422330656e-06,20,4.839215733011758e-09,False,False,996,1.3333333333,542,0.0025464577654356,,,0.002546656189581868,7.791556122872825e-05,3.2631036468438093,0.9918645715375312,-6.943189043020527e-06,-6.943189043020527e-06,0.7500069959794223,,0.8776944264801051,0.0,0.876257160414733,0.8776944264801051,,0.07803790627057235,0.07823441016477031,success,0.9999340064186648,0.9999340064186648,0.75,0.9999989852722379,0.01,[0.01],,,,,,,,,-0.01594573182070852,,,
,,,0.07772399135221678,1.2368098563197169e-05,2.534844855417691e-05,typ,,1.970029626354889e-06,True,,1.3560791015625,0.16,,,-7.667420352963639e-06,16,4.426699366012235e-09,False,False,997,1.3333333333,361,0.002534648043777671,,,0.002534844855417691,7.764247961738464e-05,3.2610883714033303,0.9912520012585471,-4.252093111315055e-05,-4.252093111315055e-05,0.749992332579647,,0.878356207509526,0.0,0.8769132813184662,0.8769132813184662,,0.07772399135221678,0.07793543500191695,success,0.9999307592295883,0.9678515884204287,0.75,0.9999849495938568,0.01,[0.01],,,,,,,,,-0.01591284537505216,,,
,,,0.06847552948181636,9.150135298923548e-06,2.2362965876104934e-05,arith,,1.531232204174088e-06,True,,1.3568344116210938,0.24,,,4.472203915084627e-06,20,4.819312874154516e-09,False,False,998,1.3333333333,504,0.0022361743176892205,,,0.0022362965876104933,5.467518125735238e-05,3.2656546573809777,0.992639985758861,-6.991550495948008e-06,-6.991550495948008e-06,0.7500044722039151,,0.8440529959857821,0.0,0.8375280817488293,0.8440529959857821,,0.06847552948181636,0.06863178163149859,success,0.9999336761415706,0.9999336761415706,0.75,0.9999989135295885,0.01,[0.01],,,,,,,,,-0.013362635335814908,,,
,,,0.06733877230920059,8.858121000685058e-06,2.1959331375082862e-05,typ,,1.4786359492213267e-06,True,,1.3552780151367188,0.24,,,8.736640155992959e-06,20,4.301801565893655e-09,False,False,999,1.3333333333,304,0.002195816612800496,,,0.002195933137508286,5.306386874900462e-05,3.260850380101864,0.9911796605774637,-9.044067758142826e-05,-9.044067758142826e-05,0.750008736640156,,0.8468562083588744,0.0,0.840209350126295,0.840209350126295,,0.06733877230920059,0.06752346288640315,success,0.999930892935267,0.9278156740627149,0.75,0.9999999973897588,0.01,[0.01],,,,,,,,,-0.013154562664152939,,,
,,,0.05832759595558251,6.224778147755711e-06,1.906834281707263e-05,arith,,1.1121718475137576e-06,True,,1.356903076171875,0.32,,,5.1918740167078425e-06,18,4.735724318585001e-09,False,False,1000,1.3333333333,537,0.0019067678502654145,,,0.0019068342817072628,3.4838602643995715e-05,3.2690664153507227,0.9936770358262483,-7.059281950507553e-06,-7.059281950507553e-06,0.7500051918740167,,0.8018324276801283,0.0,0.7841129423388865,0.8018324276801283,,0.05832759595558251,0.058442042187489364,success,0.9999335058569094,0.9999335058569094,0.75,0.9999988302614397,0.01,[0.01],,,,,,,,,-0.010672097907988507,,,
,,,0.05565051661353016,5.6304484415911275e-06,1.814433967362656e-05,typ,,1.009710174499036e-06,True,,1.3541107177734375,0.32,,,-2.8311723263563238e-06,19,4.326518966130167e-09,False,False,1001,1.3333333333,300,0.0018143770012254436,,,0.0018144339673626562,3.139609279656885e-05,3.260305764680573,0.9910141173401185,-0.00016874142207463352,-0.00016874142207463352,0.7499971688276736,,0.808870867570111,0.0,0.7902161985445182,0.7902161985445182,,0.05565051661353016,0.055805983143955754,success,0.9999310272053686,0.871887282022928,0.75,0.9999997018385233,0.01,[0.01],,,,,,,,,-0.01011751333899066,,,
,,,0.04887762674533552,4.024163397640528e-06,1.5997257127657842e-05,arith,,7.818917689437674e-07,True,,1.3569717407226562,0.4,,,-6.268291977029605e-06,20,4.72925569541506e-09,False,False,1002,1.3333333333,421,0.0015996925812654858,,,0.0015997257127657843,2.0710738118470052e-05,3.272852402593682,0.9948278379523825,-7.146478010011431e-06,-7.146478010011431e-06,0.749993731708023,,0.7547092608273313,0.0,0.7189775320898045,0.7547092608273313,,0.04887762674533552,0.04895608510503363,success,0.9999335346283436,0.9999335346283436,0.75,0.9999999963036591,0.01,[0.01],,,,,,,,,-0.008233139916157161,,,
,,,0.04402537756499678,3.1177264575958123e-06,1.4349445614563716e-05,typ,,6.317300408112905e-07,True,,1.3526229858398438,0.4,,,-3.3727364479041455e-07,20,3.998949598827e-09,False,False,1003,1.3333333333,260,0.0014349224827853824,,,0.0014349445614563717,1.5386427867939475e-05,3.25930761335763,0.9907107157196343,-0.0002941686986344268,-0.0002941686986344268,0.7499996627263552,,0.7678343702055235,0.0,0.7280535978295799,0.7280535978295799,,0.04402537756499678,0.04415309325359991,success,0.999931296716003,0.8002024818394985,0.75,0.9999992443313651,0.01,[0.01],,,,,,,,,-0.007081657512176841,,,
,,,0.040709908056407014,2.513257110507749e-06,1.3338723314445341e-05,arith,,5.430118832596189e-07,True,,1.357086181640625,0.48,,,4.237031095977173e-06,18,4.68249465735588e-09,False,False,1004,1.3333333333,459,0.0013338568156607727,,,0.0013338723314445342,1.1632135546832296e-05,3.2764918402974565,0.9959340943601995,-7.253070305038734e-06,-7.253070305038734e-06,0.750004237031096,,0.7060039551595425,0.0,0.6468113079883361,0.7060039551595425,,0.040709908056407014,0.040761263932162936,success,0.9999337769978257,0.9999337769978257,0.75,0.9999999954721424,0.01,[0.01],,,,,,,,,-0.0061735759929141066,,,
,,,0.03330020585105114,1.378848927644027e-06,1.084814549965185e-05,typ,,3.6124357701619535e-07,True,,1.3507919311523438,0.48,,,-2.466497461828254e-07,20,4.293868527408541e-09,False,False,1005,1.3333333333,219,0.0010848088406180004,,,0.001084814549965185,5.262970693817661e-06,3.257664068114936,0.9902111378715558,-0.0005006194808102411,-0.0005006194808102411,0.7499997533502538,,0.7262405722932183,0.0,0.6549059248480594,0.6549059248480594,,0.03330020585105114,0.033402162669744356,success,0.9999311792856738,0.712977189199479,0.75,0.9999999942801435,0.01,[0.01],,,,,,,,,-0.004140661874018124,,,
,,,0.03393557143343745,1.532510925755241e-06,1.1129716238426659e-05,arith,,3.7769093185327905e-07,True,,1.3572006225585938,0.56,,,2.9002704416969394e-06,20,4.656839426084386e-09,False,False,1006,1.3333333333,364,0.0011129647031112965,,,0.0011129716238426658,6.21824601905417e-06,3.279640377632387,0.9968911349487513,-7.379233885580457e-06,-7.379233885580457e-06,0.7500029002704417,,0.6582339590753302,0.0,0.5728262955748097,0.6582339590753302,,0.03393557143343745,0.03396829461125468,success,0.9999338090548154,0.9999338090548154,0.75,0.9999998089382943,0.01,[0.01],,,,,,,,,-0.004515942596579425,,,
,,,0.02389977310771672,2.760807389971795e-07,7.779526260023665e-06,typ,,1.8592883627951517e-07,True,,1.3486175537109375,0.56,,,2.810717187884393e-07,19,4.195378949442286e-09,False,False,1007,1.3333333333,165,0.0007779523070848014,,,0.0007779526260023665,4.099447118499362e-07,3.2550614751803537,0.9894200444815425,-0.0008643507946729607,-0.0008643507946729607,0.7500002810717188,,0.6856547273624726,0.0,0.5719671319669661,0.5719671319669661,,0.02389977310771672,0.023978965088032055,success,0.9999337997728357,0.6106914792847169,0.75,0.9999996678178629,0.01,[0.01],,,,,,,,,-0.0011551605019548866,,,
,,,0.028432167236762836,9.107016974946418e-07,9.331964732106109e-06,arith,,2.6532715253323175e-07,True,,1.3573150634765625,0.64,,,-8.944284304091e-06,19,4.639004945534074e-09,False,False,1008,1.3333333333,371,0.0009331935561709955,,,0.0009331964732106108,3.125857950743891e-06,3.2821752503072466,0.9976616438481495,-7.525040857801605e-06,-7.525040857801605e-06,0.7499910557156959,,0.6130065872241193,0.0,0.5014725449217603,0.6130065872241193,,0.028432167236762836,0.028452786308124714,success,0.999933452468554,0.999933452468554,0.75,0.9999996544087757,0.01,[0.01],,,,,,,,,-0.0032030681654021194,,,
,,,0.016002654554003112,-3.6494849636437615e-07,5.202296191610827e-06,typ,,8.325041565454906e-08,True,,1.346099853515625,0.64,,,-9.945187443571868e-06,18,4.265038249612863e-09,False,False,1009,1.3333333333,163,0.0005202287868778852,,,0.0005202296191610827,1.5998381616356863e-06,3.2508905639517685,0.9881522394939004,-0.001576262601888327,-0.001576262601888327,0.7499900548125564,,0.646926868066875,0.0,0.4804318084574007,0.4804318084574007,,0.016002654554003112,0.016062079632147744,success,0.9999377343190964,0.49513917277539543,0.75,0.9999998187982556,0.01,[0.01],,,,,,,,,0.002280549737125227,,,
,,,0.023996914982657987,5.176572393551583e-07,7.88090379288131e-06,arith,,1.8911711033526222e-07,True,,1.3574752807617188,0.72,,,-2.218870894576952e-06,20,4.628533805377483e-09,False,False,1010,1.3333333333,321,0.0007880892626070174,,,0.000788090379288131,1.4169454963892388e-06,3.284127410446514,0.9982550293760593,-7.690448727272871e-06,-7.690448727272871e-06,0.7499977811291054,,0.5711575699195732,0.0,0.43575305456541386,0.5711575699195732,,0.023996914982657987,0.024009903044461208,success,0.9999332628960599,0.9999332628960599,0.75,0.9999996954085207,0.01,[0.01],,,,,,,,,-0.0021571824533664313,,,
,,,0.009669891888770172,-6.927709162458856e-07,3.13678764334988e-06,typ,,3.033191745768111e-08,True,,1.343353271484375,0.72,,,-1.469958698985252e-06,18,4.192397591157277e-09,False,False,1011,1.3333333333,158,0.0003136738011818533,,,0.000313678764334988,1.5822407185255994e-05,3.2438191118364896,0.98600277579873,-0.003200188004771191,-0.003200188004771191,0.749998530041301,,0.6104211593912933,0.0,0.3815425846724572,0.3815425846724572,,0.009669891888770172,0.009712330721446078,success,0.9999087588479456,0.37096600783710504,0.75,0.9999995028767591,0.01,[0.01],,,,,,,,,0.007164205393551644,,,
,,,0.020423480468277546,2.6928913912784003e-07,6.710333786883713e-06,arith,,1.3704829851540197e-07,True,,1.357635498046875,0.8,,,-5.759047256859162e-06,18,4.571175718433102e-09,False,False,1012,1.3333333333,343,0.0006710330236233247,,,0.0006710333786883713,5.291317211163106e-07,3.285595834978256,0.998701376910996,-7.875672876712426e-06,-7.875672876712426e-06,0.7499942409527431,,0.5329799995993589,0.0,0.377204793343753,0.5329799995993589,,0.020423480468277546,0.020431709281975616,success,0.999933854259298,0.999933854259298,0.75,0.9999999898182989,0.01,[0.01],,,,,,,,,-0.0013185271704600457,,,
,,,0.004923915646156546,-7.815626494920609e-07,1.5908046057152765e-06,typ,,7.832376847884263e-09,True,,1.3403892517089844,0.8,,,3.815248831084972e-06,21,4.395245563234949e-09,False,False,1013,1.3333333333,106,0.0001590680549939553,,,0.00015908046057152764,7.798303781476467e-05,3.230519497589664,0.9819601778263053,-0.007909171255656716,-0.007909171255656716,0.7500038152488311,,0.5761798834250866,0.0,0.276801014128817,0.276801014128817,,0.004923915646156546,0.004951748312805009,success,0.9999043163845934,0.2460882962980403,0.75,0.9999970698702365,0.01,[0.01],,,,,,,,,0.0158727871404971,,,
,,,0.017532459706455644,1.1037290004324221e-07,5.762379283732464e-06,arith,,1.010286704231771e-07,True,,1.357818603515625,0.88,,,-7.411129015366669e-06,18,4.651375255319515e-09,False,False,1014,1.3333333333,340,0.0005762378588896869,,,0.0005762379283732464,1.2058137118329857e-07,3.286691477052189,0.9990344121663337,-8.080753319105924e-06,-8.080753319105924e-06,0.7499925888709846,,0.4984328423853372,0.0,0.32623139490295827,0.4984328423853372,,0.017532459706455644,0.017537713936342316,success,0.9999333046916271,0.9999333046916271,0.75,0.9999999875427739,0.01,[0.01],,,,,,,,,-0.0006295345997721113,,,
,,,0.0017892398009891639,-6.63680422789919e-07,5.729270241214863e-07,typ,,1.0246633629168472e-09,True,,1.3377113342285156,0.88,,,-1.1274720103093827e-06,21,4.358111085599291e-09,False,False,1015,1.3333333333,99,5.726808459941324e-05,,,5.729270241214863e-05,0.00042968496333609986,3.2006936447396894,0.9728942056846005,-0.02837864099443126,-0.02837864099443126,0.7499988725279897,,0.5439580859554721,0.0,0.16886440102089778,0.16886440102089778,,0.0017892398009891639,0.0018043618800324414,success,0.9997711764726934,0.13272407770069553,0.75,0.999999166655296,0.01,[0.01],,,,,,,,,0.03709287164431563,,,
,,,0.015178106513480501,7.051048867415038e-09,4.989819998146233e-06,arith,,7.573601936524131e-08,True,,1.3580474853515625,0.96,,,2.977474953036463e-06,19,4.63911283648425e-09,False,False,1016,1.3333333333,303,0.000498981999487064,,,0.0004989819998146232,6.564550803300107e-10,3.2875115156418944,0.9992836740079577,-8.305733893413281e-06,-8.305733893413281e-06,0.750002977474953,,0.46729641714369846,0.0,0.28252174362624416,0.46729641714369846,,0.015178106513480501,0.015181481937050505,success,0.9999333808145658,0.9999333808145658,0.75,0.9999999399073097,0.01,[0.01],,,,,,,,,-4.645539192357504e-05,,,
,,,0.00029128270619461734,-2.872259957286182e-07,9.15656081983337e-08,typ,,2.6588979377744383e-11,True,,1.3353195190429688,0.96,,,6.131882302362612e-06,20,4.417933940264185e-09,False,False,1017,1.3333333333,103,9.128238241503856e-06,,,9.15656081983337e-06,0.003093145875050144,3.1338071390358904,0.9525631459017738,-0.19286789562395146,-0.19286789562395146,0.7500061318823024,,0.5098748448343847,0.0,0.06864086285398033,0.06864086285398033,,0.00029128270619461734,0.00029509248196518586,success,0.9998551054304312,0.05112652887022405,0.75,0.9999783726903121,0.01,[0.01],,,,,,,,,0.09860729443261602,,,
,,,0.013245888289259745,-6.114493023592875e-08,4.3554238878063955e-06,arith,,5.769145453155439e-08,True,,1.3582763671875,1.04,,,2.540762375824457e-06,16,4.552841102279767e-09,False,False,1018,1.3333333333,360,0.0004355423605552581,,,0.00043554238878063954,6.480513074630886e-08,3.2881325211568626,0.9994724370494327,-8.550874424219845e-06,-8.550874424219845e-06,0.7500025407623758,,0.439272722587051,0.0,0.24539659948023138,0.439272722587051,,0.013245888289259745,0.013248057972314832,success,0.999933333831865,0.999933333831865,0.75,0.999999980692139,0.01,[0.01],,,,,,,,,0.0004616144187589693,,,
,,,2.399747872466187e-05,-2.7343825681398573e-08,7.660110098837777e-09,typ,,1.8307564432253237e-13,True,,1.3342666625976562,1.04,,,5.140436629691436e-07,20,4.193290911664524e-09,False,False,1019,1.3333333333,80,7.628953292263496e-07,,,7.660110098837777e-07,0.004067409759424845,3.1790645091491756,0.966319736827026,-1.2045127058930911,-1.2045127058930911,0.750000514043663,,0.3130150128868922,0.0,0.018815186477021104,0.018815186477021104,,2.399747872466187e-05,2.2129423712460474e-05,success,0.9999115689705141,0.02029949029543981,0.75,0.999991163327234,0.01,[0.01],,,,,,,,,0.11394457724134875,,,
,,,0.011647141732969608,-1.0734762910416697e-07,3.8302940798323215e-06,arith,,4.461196650324799e-08,True,,1.3585052490234375,1.12,,,-7.818941253789902e-06,19,4.574444457584704e-09,False,False,1020,1.3333333333,287,0.00038302930904467934,,,0.0003830294079832321,2.5830536953413715e-07,3.2886120717535086,0.9996182029516384,-8.816317530296902e-06,-8.816317530296902e-06,0.7499921810587462,,0.4140420174893153,0.0,0.2140331156105568,0.4140420174893153,,0.011647141732969608,0.011648521995507755,success,0.9999333605108016,0.9999333605108016,0.75,0.9999999749685892,0.01,[0.01],,,,,,,,,0.0009216650021549718,,,
,,,5.283126523804007e-06,-4.473729020998582e-09,1.7132153003469617e-09,typ,,9.031118942896556e-15,True,,1.3337059020996094,1.12,,,-3.4053667684608158e-06,21,3.5665602917958418e-09,False,False,1021,1.3333333333,45,1.7094269656812772e-07,,,1.7132153003469616e-07,0.002211242606178684,3.235635107316035,0.9835151367238898,-2.9539366068160184,-2.9539366068160184,0.7499965946332315,,0.16208489442749938,0.0,0.008708479908848191,0.008708479908848191,,5.283126523804007e-06,4.74003067127311e-06,success,1.0000549897410618,0.012856599131776697,0.75,0.999270758587446,0.01,[0.01],,,,,,,,,0.08467957374939725,,,
,,,0.01031349948475868,-1.3996666649186177e-07,3.392104307902318e-06,arith,,3.4984446441130524e-08,True,,1.35882568359375,1.2,,,7.880723802644596e-06,17,4.557636753152825e-09,False,False,1022,1.3333333333,354,0.00033921024083853054,,,0.00033921043079023183,5.59981899271506e-07,3.2889926580189046,0.9997338873043022,-9.101912700115646e-06,-9.101912700115646e-06,0.7500078807238026,,0.3912931629579489,0.0,0.18759687534600675,0.3912931629579489,,0.01031349948475868,0.010314350432443024,success,0.9999330936268751,0.9999330936268751,0.75,0.9999999116087576,0.01,[0.01],,,,,,,,,0.0013571209917516835,,,
,,,2.095806171941427e-06,-1.5366495631960821e-09,6.844462914600324e-10,typ,,1.432105470124286e-15,True,,1.3341236114501953,1.2,,,1.1687254624082044e-06,22,3.0972976830550374e-09,False,False,1023,1.3333333333,28,6.833196167170702e-08,,,6.844462914600323e-08,0.0016461112537533452,3.260414182691735,0.9910470724637757,-4.773461325980306,-4.773461325980306,0.7500011687254624,,0.10335110348516463,0.0,0.0055087528709496375,0.0055087528709496375,,2.095806171941427e-06,1.8966779324403347e-06,success,0.9999382912232642,0.010048604196946498,0.75,0.9981040584080355,0.01,[0.01],,,,,,,,,0.07332021366139138,,,
,,,0.009192310460903115,-1.6397417954357807e-07,3.023635112529528e-06,arith,,2.7794165787327594e-08,True,,1.359100341796875,1.28,,,-5.614969444622808e-06,18,4.5676525619866156e-09,False,False,1024,1.3333333333,262,0.0003023632187526976,,,0.00030236351125295283,9.673794765544315e-07,3.2893059915536336,0.9998291292781429,-9.408270319483949e-06,-9.408270319483949e-06,0.7499943850305554,,0.3707429975545145,0.0,0.1653322697061766,0.3707429975545145,,0.009192310460903115,0.00919279599804032,success,0.9999328449144735,0.9999328449144735,0.75,0.9999999376595966,0.01,[0.01],,,,,,,,,0.001783818989153986,,,
,,,1.0920058158158832e-06,-7.512525008922911e-10,3.5802055623127123e-10,typ,,3.903961492660887e-16,True,,1.3329963684082031,1.28,,,4.577184692045044e-06,21,2.9655295208566937e-09,False,False,1025,1.3333333333,28,3.575037271888588e-08,,,3.580205562312712e-08,0.0014435736535712517,3.2738262197051835,0.995123842859548,-6.305767755166494,-6.305767755166494,0.750004577184692,,0.07561233981525957,0.0,0.0039977648005604174,0.0039977648005604174,,1.0920058158158832e-06,9.988921434552453e-07,success,1.000199241261946,0.008703777319346217,0.75,0.9948170624121434,0.01,[0.01],,,,,,,,,0.06879565017069061,,,
,,,0.008242704667531098,-1.8308958181956017e-07,2.711504639420662e-06,arith,,2.2350098425589947e-08,True,,1.359466552734375,1.36,,,3.0076436633441617e-06,18,4.494343528939677e-09,False,False,1026,1.3333333333,250,0.00027115005725765473,,,0.0002711504639420662,1.499847743386227e-06,3.289576276167506,0.9999112859491366,-9.735093607010571e-06,-9.735093607010571e-06,0.7500030076436633,,0.3521349181376629,0.0,0.146557812159403,0.3521349181376629,,0.008242704667531098,0.008242928473614405,success,0.9999330108198121,0.9999330108198121,0.75,0.8871172289416763,0.01,[0.01],,,,,,,,,0.002221231855373513,,,
,,,6.590975497699275e-07,-4.506370497741326e-10,2.1668313778119903e-10,typ,,1.4261225143741874e-16,True,,1.3333797454833984,1.36,,,1.1705158287078632e-07,22,3.2780897482114123e-09,False,False,1027,1.3333333333,20,2.163750289880469e-08,,,2.16683137781199e-08,0.0014219324877195701,3.282898397415942,0.997881454211151,-7.120822706007962,-7.120822706007962,0.7500001170515829,,0.05751804005585796,0.0,0.0031154294511058236,0.0031154294511058236,,6.590975497699275e-07,6.066228726708001e-07,success,0.9997797312228885,0.008184061436086866,0.75,0.9947964292843412,0.01,[0.01],,,,,,,,,0.06837182901551331,,,
,,,0.007432952107111056,-1.9967724008030875e-07,2.4453154313862744e-06,arith,,1.8175872617273582e-08,True,,1.359832763671875,1.44,,,-1.8996135093818367e-06,18,4.501861892168114e-09,False,False,1028,1.3333333333,241,0.0002445310067299485,,,0.0002445315431386274,2.1936175269560405e-06,3.289823521074585,0.9999864393890409,-1.0082880914892155e-05,-1.0082880914892155e-05,0.7499981003864906,,0.33524705907158936,0.0,0.13070557983853595,0.33524705907158936,,0.007432952107111056,0.007432978604711583,success,0.9999331739959813,0.9999331739959813,0.75,0.7208832618994828,0.01,[0.01],,,,,,,,,0.0026863786716623513,,,
,,,4.378681352455454e-07,-3.054032094079995e-10,1.442657778775482e-10,typ,,6.307611601867337e-17,True,,1.3340606689453125,1.44,,,-6.55357762258113e-06,19,3.973692137699801e-09,False,False,1029,1.3333333333,73,1.4405276598467682e-08,,,1.442657778775482e-08,0.0014765240655492517,3.289866386461204,0.9999994689041695,-6.1941302355998085,-6.1941302355998085,0.7499934464223774,,0.04608832130186295,0.0,0.002545745254026933,0.002545745254026933,,4.378681352455454e-07,4.050537925582693e-07,success,1.0001508128945635,0.008824561076043942,0.75,0.9990259203660026,0.01,[0.01],,,,,,,,,0.06974775847453185,,,
,,,0.006738102934960913,-2.156032189849859e-07,2.2168868837028005e-06,arith,,1.4937565532806155e-08,True,,1.36029052734375,1.52,,,9.452518259012166e-06,17,4.47239423544519e-09,False,False,1030,1.3333333333,250,0.00022168799849141523,,,0.00022168868837028004,3.111926322813102e-06,3.2900654773493936,1.0000599852775007,-1.045148097000403e-05,-1.045148097000403e-05,0.750009452518259,,0.3198846350249047,0.0,0.11728768875912503,0.3198846350249047,,0.006738102934960913,0.006737969195511971,success,0.9999327508766883,0.9999327508766883,0.75,0.6797078411811296,0.01,[0.01],,,,,,,,,0.0031997614323509382,,,
,,,3.1059376368796775e-07,-2.2334368794097297e-10,1.0251328987196174e-10,typ,,3.179010612642514e-17,True,,1.3359832763671875,1.52,,,8.206325446735718e-06,19,4.193123264580305e-09,False,False,1031,1.3333333333,101,1.0235268650906488e-08,,,1.0251328987196173e-08,0.0015666589482928722,3.295387688849143,1.0016777435837492,-3.7337296550364214,-3.7337296550364214,0.7500082063254467,,0.0402287538587726,0.0,0.002151654462649866,0.002151654462649866,,3.1059376368796775e-07,2.8935392839288383e-07,success,0.9997962840191507,0.011491840421724128,0.75,0.9997776427045074,0.01,[0.01],,,,,,,,,0.071908619570788,,,
,,,0.006138592728808993,-2.3243015381792333e-07,2.019802860423448e-06,arith,,1.2398693128846581e-08,True,,1.360748291015625,1.6,,,5.04921459165697e-06,18,4.413396293691437e-09,False,False,1032,1.3333333333,228,0.00020197940597457047,,,0.00020198028604234483,4.357196395731461e-06,3.290321005116728,1.0001376564050202,-1.084144213557266e-05,-1.084144213557266e-05,0.7500050492145917,,0.3058834529035936,0.0,0.10591153195105539,0.3058834529035936,,0.006138592728808993,0.006138312411765128,success,0.9999327185155134,0.9999327185155134,0.75,0.699128796280693,0.01,[0.01],,,,,,,,,0.0037863752180056958,,,
,,,2.3316401412461385e-07,-1.7652104995082083e-10,7.710614866934604e-11,typ,,1.7947219456358235e-17,True,,1.3354225158691406,1.6,,,-7.655336841105864e-06,21,4.33403277798988e-09,False,False,1033,1.3333333333,81,7.697251020376752e-09,,,7.710614866934603e-09,0.0017331752121557767,3.3012174066719306,1.0034497653140662,-2.1064770501801244,-2.1064770501801244,0.7499923446631589,,0.03275698689220437,0.0,0.0018647939612256043,0.0018647939612256043,,2.3316401412461385e-07,2.173450582545029e-07,success,0.9998609524864305,0.015439715518278609,0.75,0.9998856617411407,0.01,[0.01],,,,,,,,,0.07570681548503434,,,
,,,0.005618854098054806,-2.5167403800100814e-07,1.8489583858101982e-06,arith,,1.0388964063421027e-08,True,,1.3612518310546875,1.68,,,-1.8563502108825958e-06,19,4.371960254027046e-09,False,False,1034,1.3333333333,206,0.0001848947113080866,,,0.0001848958385810198,6.09679991639288e-06,3.290612428824151,1.000226238589953,-1.1252803083402194e-05,-1.1252803083402194e-05,0.7499981436497891,,0.29310214533023826,0.0,0.09624576704198592,0.29310214533023826,,0.005618854098054806,0.005618414637076331,success,0.9999326067367718,0.9999326067367718,0.75,0.7118574855535157,0.01,[0.01],,,,,,,,,0.00447909900504687,,,
,,,1.8460205614609758e-07,-1.532639411867863e-10,6.104529252775365e-11,typ,,1.1245596682995223e-17,True,,1.3298892974853516,1.68,,,9.637287861963273e-06,22,4.3334145346828936e-09,False,False,1035,1.3333333333,69,6.091804673126308e-09,,,6.104529252775364e-09,0.0020844489594789278,3.299965775194366,1.0030693149656935,-1.5016801979364796,-1.5016801979364796,0.750009637287862,,0.04007115284705023,0.0,0.0016759184040358109,0.0016759184040358109,,1.8460205614609758e-07,1.7554882582200617e-07,success,0.9995704879927725,0.01836797951811159,0.75,0.9999090080413237,0.01,[0.01],,,,,,,,,0.08302396213045984,,,
,,,0.0051665128043202335,-2.7501024370528384e-07,1.7002988091693501e-06,arith,,8.784539938109749e-09,True,,1.361846923828125,1.76,,,-6.521117089652861e-07,18,4.316574595161768e-09,False,False,1036,1.3333333333,216,0.00017002841705461612,,,0.000170029880916935,8.609441534536592e-06,3.290970592629491,1.0003351073320375,-1.168558403922583e-05,-1.168558403922583e-05,0.749999347888291,,0.2814220889237989,0.0,0.08801891256329471,0.2814220889237989,,0.0051665128043202335,0.005165864189451983,success,0.9999326473246463,0.9999326473246463,0.75,0.720402953552155,0.01,[0.01],,,,,,,,,0.005322937426484659,,,
,,,1.4650440955268508e-07,-1.2378844373914947e-10,4.8627795452793037e-11,typ,,7.108862881856828e-18,True,,1.3362865447998047,1.76,,,-6.881984027096166e-06,22,4.368898437523592e-09,False,False,1037,1.3333333333,70,4.852320079349133e-09,,,4.862779545279304e-09,0.0021509233212771563,3.312064185756927,1.0067467908008627,-1.4047391054631888,-1.4047391054631888,0.7499931180159729,,0.02504987853716094,0.0,0.001481765641006429,0.001481765641006429,,1.4650440955268508e-07,1.3723092769982367e-07,success,0.9985785821699958,0.01901359138143044,0.75,0.9999157071503001,0.01,[0.01],,,,,,,,,0.08449468798728094,,,
,,,0.0047718300572706625,-3.0471781747941113e-07,1.5706408184985501e-06,arith,,7.494738213939288e-09,True,,1.36248779296875,1.84,,,-8.66333868021485e-06,17,4.338939559044484e-09,False,False,1038,1.3333333333,226,0.00015706213599371227,,,0.00015706408184985502,1.2388931446507408e-05,3.2914444585972307,1.0004791453142552,-1.2140205714148192e-05,-1.2140205714148192e-05,0.7499913366613198,,0.2707482702568887,0.0,0.08101687635644951,0.2707482702568887,,0.0047718300572706625,0.004770863845331585,success,0.9999325401054963,0.9999325401054963,0.75,0.7262858017093815,0.01,[0.01],,,,,,,,,0.00638576424185777,,,
,,,1.2154056398670986e-07,-1.0939525271044336e-10,4.042594234134677e-11,typ,,4.901424510545919e-18,True,,1.3361749649047852,1.84,,,-2.6228545224604716e-07,23,4.288892340154601e-09,False,False,1039,1.3333333333,51,4.032747874266797e-09,,,4.0425942341346766e-09,0.0024356537652825503,3.3180262967249083,1.0085590552217112,-1.6488576749963595,-1.6488576749963595,0.7499997377145478,,0.02216772241943304,0.0,0.001350625372576086,0.001350625372576086,,1.2154056398670986e-07,1.1401472195199783e-07,success,0.9986343208597568,0.017530170702843316,0.75,0.9998898849322391,0.01,[0.01],,,,,,,,,0.09000719522940953,,,
,,,0.0044270210558328615,-3.438213344901247e-07,1.4574525373349479e-06,arith,,6.452054857548794e-09,True,,1.363311767578125,1.92,,,7.252877302188487e-06,18,4.370299386966988e-09,False,False,1040,1.3333333333,203,0.00014574258347038648,,,0.0001457452537334948,1.8321441281338598e-05,3.29211407924889,1.0006826855853075,-1.2616253102625138e-05,-1.2616253102625138e-05,0.7500072528773022,,0.26100281234371747,0.0,0.07505438125676223,0.26100281234371747,,0.0044270210558328615,0.004425542660700066,success,0.9999325429752275,0.9999325429752275,0.75,0.7304676077757493,0.01,[0.01],,,,,,,,,0.007766426455937448,,,
,,,1.053788083810915e-07,-1.0816093580610535e-10,3.503619614782848e-11,typ,,3.680373812229901e-18,True,,1.329784870147705,1.92,,,4.165524575827639e-06,24,4.135959049879034e-09,False,False,1041,1.3333333333,32,3.4925179633083455e-09,,,3.503619614782848e-09,0.0031686235080033544,3.3142507653702227,1.0074114313045046,-2.254517548256965,-2.254517548256965,0.7500041655245758,,0.025061256622563397,0.0,0.0012646798159225894,0.0012646798159225894,,1.053788083810915e-07,9.996535316938085e-08,success,0.9993391001288541,0.014946085769655632,0.75,0.9998124825232652,0.01,[0.01],,,,,,,,,0.10264012040727635,,,
,,,0.004126478229238545,-3.97793162300991e-07,1.35894188694275e-06,arith,,5.6074858718696325e-09,True,,1.3641357421875,2.0,,,-7.381812820450584e-06,16,4.4008553601807845e-09,False,False,1042,1.3333333333,228,0.00013589035396181833,,,0.00013589418869427498,2.8218516873291248e-05,3.293131489194699,1.000991941125184,-1.311482178395875e-05,-1.311482178395875e-05,0.7499926181871795,,0.25214078747624236,0.0,0.07000854356537935,0.25214078747624236,,0.004126478229238545,0.004124163247230194,success,0.9999321913728245,0.9999321913728245,0.75,0.7334665418640772,0.01,[0.01],,,,,,,,,0.009640016018560103,,,
,,,9.08190631567697e-08,-9.749405388506379e-11,3.0342031438559094e-11,typ,,2.7461297789802464e-18,True,,1.332655906677246,2.0,,,7.670959185746007e-06,23,4.249941100753656e-09,False,False,1043,1.3333333333,53,3.0237371797592127e-09,,,3.0342031438559095e-09,0.0034493287365711884,3.3294080280697345,1.0120186866969818,-3.2569296796825666,-3.2569296796825666,0.7500076709591857,,0.018115913337195592,0.0,0.0011689198594055478,0.0011689198594055478,,9.08190631567697e-08,8.539945754115352e-08,success,1.0007577916831298,0.012379070152218494,0.75,0.9996707501736201,0.01,[0.01],,,,,,,,,0.10734976831546025,,,
,,,0.0038659717793223603,-4.749447928831427e-07,1.2738099039874528e-06,arith,,4.924287568480531e-09,True,,1.3651885986328125,2.08,,,-9.556554632084158e-07,19,4.371945473532921e-09,False,False,1044,1.3333333333,174,0.00012737515557714898,,,0.0001273809903987453,4.580606241207057e-05,3.2947771698291,1.0014921680545084,-1.3635008712745058e-05,-1.3635008712745058e-05,0.7499990443445368,,0.2441361428558062,0.0,0.06575775054757899,0.2441361428558062,,0.0038659717793223603,0.00386232181870577,success,0.9999326103622383,0.9999326103622383,0.75,0.7356914901936283,0.01,[0.01],,,,,,,,,0.012285262800505814,,,
,,,8.0237458582821e-08,-9.084252473647306e-11,2.6898113677154938e-11,typ,,2.1499839178262337e-18,True,,1.3342208862304688,2.08,,,-7.842125157475621e-06,20,4.093460482930463e-09,False,False,1045,1.3333333333,80,2.6795264403932024e-09,,,2.6898113677154938e-09,0.0038236611852178162,3.339495651681687,1.015084956590486,-4.622751951953455,-4.622751951953455,0.7499921578748425,,0.015998640313981235,0.0,0.0010985317563430644,0.0010985317563430644,,8.0237458582821e-08,7.542392786242059e-08,success,0.9997660677417863,0.010336572015845548,0.75,0.9993629495623444,0.01,[0.01],,,,,,,,,0.1132171012653716,,,
,,,0.0036436459373470047,-5.918030606512358e-07,1.2016436907541532e-06,arith,,4.378013921092435e-09,True,,1.366424560546875,2.16,,,2.538461353340793e-06,18,4.287401216872245e-09,False,False,1046,1.3333333333,189,0.0001201547569761988,,,0.00012016436907541531,7.999125939310274e-05,3.2976518312228036,1.0023659603394515,-1.4177222919165965e-05,-1.4177222919165965e-05,0.7500025384613533,,0.23701736996181752,0.0,0.06223672699121289,0.23701736996181752,,0.0036436459373470047,0.003637899571532743,success,0.9999322533412046,0.9999322533412046,0.75,0.7373619392225328,0.01,[0.01],,,,,,,,,0.016242057291717446,,,
,,,7.215286881658568e-08,-8.555977015550465e-11,2.425580907420644e-11,typ,,1.742805735902303e-18,True,,1.336318016052246,2.16,,,1.4914633794660404e-07,23,3.837210689138997e-09,False,False,1047,1.3333333333,40,2.415435123352554e-09,,,2.425580907420644e-09,0.004182826487894313,3.347663319517687,1.0175676299087089,-6.277962494280464,-6.277962494280464,0.750000149146338,,0.015235302777543031,0.0,0.0010429552348352152,0.0010429552348352152,,7.215286881658568e-08,6.798516917739426e-08,success,0.9981937128112474,0.008822203869905162,0.75,0.999007763270927,0.01,[0.01],,,,,,,,,0.11858124501327817,,,
,,,0.003460575148415726,-7.825275372893189e-07,1.1432665370980506e-06,arith,,3.9557474169502035e-09,True,,1.367889404296875,2.24,,,-1.5689280925546e-06,18,4.132865725690941e-09,False,False,1048,1.3333333333,183,0.00011430895869321522,,,0.00011432665370980505,0.00015477595132584943,3.3031780496241097,1.0040457293079106,-1.4741395408709545e-05,-1.4741395408709545e-05,0.7499984310719074,,0.23089153615878377,0.0,0.05941383088121324,0.23089153615878377,,0.003460575148415726,0.0034515217568004738,success,0.9999321497220177,0.9999321497220177,0.75,0.738600476291021,0.01,[0.01],,,,,,,,,0.02261264396028403,,,
,,,6.843214761317344e-08,-9.694078498687802e-11,2.304345455483743e-11,typ,,1.5675155678202168e-18,True,,1.3300094604492188,2.24,,,-3.435463606926703e-07,20,3.774800359321588e-09,False,False,1049,1.3333333333,55,2.2906128515517527e-09,,,2.304345455483743e-09,0.005959438025800477,3.3472759973863533,1.0174498980983162,-8.192508705234374,-8.192508705234374,0.7499996564536393,,0.015284799940665617,0.0,0.0010169653493557124,0.0010169653493557124,,6.843214761317344e-08,6.463899141432216e-08,success,1.0011701273820708,0.007681266045938968,0.75,0.9984513570801088,0.01,[0.01],,,,,,,,,0.14165971457575088,,,
,,,0.0033232555612289867,-1.1276453334221795e-06,1.1021217623393245e-06,arith,,3.661360691847663e-09,True,,1.369720458984375,2.32,,,-7.127834181330783e-06,18,4.417893264877135e-09,False,False,1050,1.3333333333,175,0.000110173913031643,,,0.00011021217623393246,0.00034717763133761283,3.315240462304353,1.0077122630989443,-1.5326866936805298e-05,-1.5326866936805298e-05,0.7499928721658187,,0.22602277974183604,0.0,0.05730858523552874,0.22602277974183604,,0.0033232555612289867,0.0033086926478044145,success,0.9999319134806853,0.9999319134806853,0.75,0.7396689412277563,0.01,[0.01],,,,,,,,,0.033931947532953505,,,
,,,6.355469796761074e-08,-9.428466979643394e-11,2.157161424594542e-11,typ,,1.3620878291162477e-18,True,,1.333740234375,2.32,,,-4.2010440326478715e-07,15,3.5064835991964697e-09,False,False,1051,1.3333333333,81,2.1431741046278057e-09,,,2.157161424594542e-09,0.006484132252348964,3.3721725901679647,1.0250175548461986,-10.30523729504546,-10.30523729504546,0.7499995798955967,,0.0125697083362179,0.0,0.000977978968426262,0.000977978968426262,,6.355469796761074e-08,5.977792181908106e-08,success,1.000458582863555,0.0068127578221899455,0.75,0.9972942686075851,0.01,[0.01],,,,,,,,,0.14835200671472637,,,
,,,0.003250693239637117,-1.8461164171021635e-06,1.088396441849179e-06,arith,,3.5346348097387246e-09,True,,1.3721923828125,2.4,,,3.3224642539408933e-06,16,4.24675641901285e-09,False,False,1052,1.3333333333,204,0.00010873480052314332,,,0.0001088396441849179,0.0009632855983657175,3.344972672207042,1.016749771197873,-1.5931974750896488e-05,-1.5931974750896488e-05,0.7500033224642539,,0.223030633026532,0.0,0.05603403729652891,0.223030633026532,,0.003250693239637117,0.003225524724928707,success,0.9999320471172853,0.9999320471172853,0.75,0.7405137699155622,0.01,[0.01],,,,,,,,,0.056791468188743956,,,
,,,6.08634341018856e-08,-9.842481103127437e-11,2.079823909206856e-11,typ,,1.2561648109888337e-18,True,,1.3354511260986328,2.4,,,-6.455077368183737e-06,22,3.2902065574005716e-09,False,False,1053,1.3333333333,29,2.0639072203615873e-09,,,2.079823909206856e-09,0.007652902139844407,3.391046283892886,1.0307544698099345,-12.612115256063843,-12.612115256063843,0.7499935449226318,,0.01194738416759702,0.0,0.0009570932455589162,0.0009570932455589162,,6.08634341018856e-08,5.725190913541593e-08,success,1.0002736913086057,0.006126616254045527,0.75,0.9969410515763331,0.01,[0.01],,,,,,,,,0.16171419257498826,,,
,,,0.08725290135770054,1.536055745619581e-05,2.8458107314710535e-05,arith,,2.4828164836319297e-06,True,,1.4387054443359375,0.0,,,-9.07061133215148e-06,19,4.821607421291534e-09,False,False,1054,1.4166666667,641,0.0028455403144170715,,,0.0028458107314710533,9.502285271163302e-05,3.2612558094217885,0.9913028963131979,-7.684815360356478e-06,-7.684815360356478e-06,0.7499909293886678,,0.906042117055697,0.0,0.906042117055697,0.906042117055697,,0.08725290135770054,0.08748747701217016,success,0.9999332546523073,0.9999332546523073,0.75,0.999999998453934,0.01,[0.01],,,,,,,,,-0.017604638031718765,,,
,,,0.08725277158298815,1.535765072605683e-05,2.845805815578381e-05,typ,,2.482808590526174e-06,True,,1.4387054443359375,0.0,,,-9.216237963460827e-06,19,4.614835695192306e-09,False,False,1055,1.4166666667,335,0.0028455355004565292,,,0.0028458058155783807,9.498719848407808e-05,3.261255142766524,0.9913026936742965,-9.002309182337426e-06,-9.002309182337426e-06,0.7499907837620365,,0.9060423156033232,0.0,0.9060423156033232,0.9060423156033232,,0.08725277158298815,0.08748895188182895,success,0.999930319150365,0.999930319150365,0.75,0.9999651680824003,0.01,[0.01],,,,,,,,,-0.017601332825800047,,,
,,,0.08464477628545046,1.4319981967039526e-05,2.7611211203860272e-05,arith,,2.3369397334375396e-06,True,,1.4387283325195312,0.08,,,4.126356605516079e-06,20,4.8393058862594425e-09,False,False,1056,1.4166666667,577,0.0027608788586747494,,,0.002761121120386027,8.774034195352617e-05,3.261723853299752,0.9914451645923333,-7.694467001361557e-06,-7.694467001361557e-06,0.7500041263566055,,0.8985172913739772,0.0,0.8984206065793408,0.8985172913739772,,0.08464477628545046,0.08486877098011526,success,0.999933295147954,0.999933295147954,0.75,0.9999999983993967,0.01,[0.01],,,,,,,,,-0.016917738572251362,,,
,,,0.08460878254687887,1.4308092254573005e-05,2.7595447382827025e-05,typ,,2.334612485393484e-06,True,,1.438568115234375,0.08,,,8.723464619109222e-06,18,4.398460507804379e-09,False,False,1057,1.4166666667,346,0.002759302775808119,,,0.0027595447382827024,8.768202639609986e-05,3.261248646710266,0.9913007191099692,-1.7354368582256753e-05,-1.7354368582256753e-05,0.7500087234646191,,0.8985641847181824,0.0,0.8984674844960427,0.8984674844960427,,0.08460878254687887,0.08483749392450415,success,0.9999303456396831,0.9918512105347821,0.75,0.9999721853153754,0.01,[0.01],,,,,,,,,-0.016910883035866135,,,
,,,0.0776364977183344,1.1729334493550248e-05,2.5336149325526966e-05,arith,,1.9668723220149924e-06,True,,1.438751220703125,0.16,,,1.5283251444397905e-06,18,4.815659258806834e-09,False,False,1058,1.4166666667,634,0.0025334377255795525,,,0.0025336149325526965,6.994234635547145e-05,3.2632045494515696,0.9918952422524837,-7.723550819949067e-06,-7.723550819949067e-06,0.7500015283251444,,0.8767624340734139,0.0,0.8753151112463521,0.8767624340734139,,0.0776364977183344,0.07783143628402478,success,0.9999330577967359,0.9999330577967359,0.75,0.9999992577863789,0.01,[0.01],,,,,,,,,-0.015108015995394757,,,
,,,0.07732948772215711,1.1649663105989748e-05,2.522029751244293e-05,typ,,1.950136972187122e-06,True,,1.4380874633789062,0.16,,,1.4179538940783942e-06,20,4.125926367914965e-09,False,False,1059,1.4166666667,314,0.002521854249434465,,,0.002522029751244293,6.958752558003733e-05,3.261180597103427,0.9912800345098353,-4.3635413984734065e-05,-4.3635413984734065e-05,0.7500014179538941,,0.877429825491938,0.0,0.8759766407419154,0.8759766407419154,,0.07732948772215711,0.07753801510870398,success,0.999930415957382,0.9676276129664879,0.75,0.9999947630709229,0.01,[0.01],,,,,,,,,-0.015064968680313377,,,
,,,0.06812756910163796,8.640992100016104e-06,2.2249900904929948e-05,arith,,1.5157569946607395e-06,True,,1.4387969970703125,0.24,,,5.5249796351297675e-06,19,4.803386963832351e-09,False,False,1060,1.4166666667,539,0.002224880492065431,,,0.0022249900904929946,4.925793963386526e-05,3.26575646453227,0.9926709314220776,-7.772020914963628e-06,-7.772020914963628e-06,0.7500055249796351,,0.8430850545635424,0.0,0.8365139185762132,0.8430850545635424,,0.06812756910163796,0.0682824802732854,success,0.9999333841214662,0.9999333841214662,0.75,0.9999996746318597,0.01,[0.01],,,,,,,,,-0.0126835467843052,,,
,,,0.06700158134564305,8.370879337510258e-06,2.1849806294880848e-05,typ,,1.4639015022321194e-06,True,,1.437286376953125,0.24,,,-7.802567327686027e-06,18,3.884599927533252e-09,False,False,1061,1.4166666667,327,0.0021848760474476674,,,0.002184980629488085,4.7864058383896934e-05,3.2609320609561174,0.9912044885799653,-9.19633747198022e-05,-9.19633747198022e-05,0.7499921974326723,,0.8459149487774079,0.0,0.8392202525926705,0.8392202525926705,,0.06700158134564305,0.06718500035959207,success,0.9999305455208478,0.9273016051595052,0.75,0.9999999979093407,0.01,[0.01],,,,,,,,,-0.012493554882424571,,,
,,,0.05803288800764497,5.901655283573665e-06,1.8972499584043714e-05,arith,,1.1009941140508135e-06,True,,1.4388427734375,0.32,,,-3.700093411329597e-06,16,4.785289187109518e-09,False,False,1062,1.4166666667,616,0.0018971899415134636,,,0.0018972499584043714,3.1633623520160295e-05,3.2691634117253257,0.9937065191886997,-7.839966776146488e-06,-7.839966776146488e-06,0.7499962999065887,,0.8008264784738963,0.0,0.7829824003634209,0.8008264784738963,,0.05803288800764497,0.05814627742799773,success,0.9999327215578679,0.9999327215578679,0.75,0.9999999975782918,0.01,[0.01],,,,,,,,,-0.01016950127106583,,,
,,,0.05537036729249416,5.336628457280774e-06,1.8053261471552056e-05,typ,,9.995872389039798e-07,True,,1.436187744140625,0.32,,,2.6904742296274264e-06,18,4.363097746009082e-09,False,False,1063,1.4166666667,308,0.0018052747124173056,,,0.0018053261471552057,2.849055168290221e-05,3.2603625381080383,0.9910313743927291,-0.00017124937773875526,-0.00017124937773875526,0.7500026904742296,,0.8079353387994928,0.0,0.7891437158736495,0.7891437158736495,,0.05537036729249416,0.05552478210776559,success,0.9999306746497533,0.8709469294099799,0.75,0.999999997419021,0.01,[0.01],,,,,,,,,-0.0096380586191347,,,
,,,0.048630561015539,3.834531672807471e-06,1.5916785685126173e-05,arith,,7.740275137986363e-07,True,,1.4389114379882812,0.4,,,-4.30927142369697e-06,20,4.745607725900349e-09,False,False,1064,1.4166666667,424,0.0015916483331362558,,,0.0015916785685126172,1.8995905932003965e-05,3.2729384565966115,0.9948539952326845,-7.92736356744928e-06,-7.92736356744928e-06,0.7499956907285763,,0.7536700426452958,0.0,0.7176902995960657,0.7536700426452958,,0.048630561015539,0.048708251049583984,success,0.9999338343929357,0.9999338343929357,0.75,0.999999997064682,0.01,[0.01],,,,,,,,,-0.007885024545742372,,,
,,,0.043791677722219036,2.985975406469621e-06,1.4273314055298344e-05,typ,,6.250434530885162e-07,True,,1.4347457885742188,0.4,,,-2.0241791751640648e-06,20,4.0092653762789365e-09,False,False,1065,1.4166666667,260,0.0014273110453847297,,,0.0014273314055298343,1.426448337485732e-05,3.259320308389418,0.9907145745465756,-0.00029841759245638575,-0.00029841759245638575,0.7499979758208248,,0.7669373873796562,0.0,0.7268570203538605,0.7268570203538605,,0.043791677722219036,0.04391877692331824,success,0.9999309409283749,0.798678665160873,0.75,0.999996553068784,0.01,[0.01],,,,,,,,,-0.006818591024099074,,,
,,,0.04050216422688421,2.416471524661662e-06,1.3270930971457246e-05,arith,,5.37495586314976e-07,True,,1.4390029907226562,0.48,,,2.2585488490545202e-07,20,4.708720749912327e-09,False,False,1066,1.4166666667,386,0.0013270786798059578,,,0.0013270930971457245,1.0863849565419924e-05,3.27656238904162,0.9959555386069889,-8.034259096469727e-06,-8.034259096469727e-06,0.7500002258548849,,0.7049408537684781,0.0,0.6453442420809836,0.7049408537684781,,0.04050216422688421,0.040552997259085476,success,0.9999330762969698,0.9999330762969698,0.75,0.9999999964115037,0.01,[0.01],,,,,,,,,-0.0059662775330353215,,,
,,,0.03310129105578583,1.360775046425904e-06,1.0783147480580421e-05,typ,,3.5693425154342926e-07,True,,1.4329833984375,0.48,,,-7.830616737258822e-07,16,4.296163634335057e-09,False,False,1067,1.4166666667,280,0.0010783091539900529,,,0.001078314748058042,5.187787702329532e-06,3.257604521143212,0.9901930377625835,-0.0005086518416337017,-0.0005086518416337017,0.7499992169383263,,0.7254205922416876,0.0,0.6535273353377187,0.6535273353377187,,0.03310129105578583,0.03320282479160945,success,0.9999310310721607,0.7106856521617849,0.75,0.9999998346180378,0.01,[0.01],,,,,,,,,-0.004110942513186511,,,
,,,0.033759548101855046,1.4944003449806033e-06,1.1072161328493958e-05,arith,,3.737889297284e-07,True,,1.4390945434570312,0.56,,,-4.2771192956259085e-06,20,4.649489949493464e-09,False,False,1068,1.4166666667,363,0.0011072095177359935,,,0.0011072161328493958,5.974545715244885e-06,3.2796929461124917,0.9969071138506307,-8.160777983744595e-06,-8.160777983744595e-06,0.7499957228807044,,0.6571567619995307,0.0,0.5711751199908498,0.6571567619995307,,0.033759548101855046,0.03379193695633727,success,0.9999331181636149,0.9999331181636149,0.75,0.999999565696099,0.01,[0.01],,,,,,,,,-0.0044266005589644955,,,
,,,0.023725532859367605,3.334345907277526e-07,7.722389474812181e-06,typ,,1.8321769405886468e-07,True,,1.4309005737304688,0.56,,,4.846590164087061e-06,20,4.296584365042622e-09,False,False,1069,1.4166666667,148,0.0007722384788779334,,,0.0007722389474812181,6.068112548386398e-07,3.2548836034804958,0.9893659779680443,-0.0008811853831155124,-0.0008811853831155124,0.7500048465901641,,0.6849523765521727,0.0,0.5703260844528657,0.5703260844528657,,0.023725532859367605,0.023804548493501096,success,0.9999309730336136,0.6074249697801597,0.75,0.9999994161399173,0.01,[0.01],,,,,,,,,-0.0014053829378845833,,,
,,,0.02828143660653551,9.076047714288513e-07,9.282588252087712e-06,arith,,2.6252410744956874e-07,True,,1.439208984375,0.64,,,-2.702553988265244e-06,15,4.618128470726282e-09,False,False,1070,1.4166666667,483,0.0009282559125334621,,,0.0009282588252087712,3.137783590048397e-06,3.2822091941360325,0.9976719615348792,-8.30692584860755e-06,-8.30692584860755e-06,0.7499972974460117,,0.611923035915519,0.0,0.49964694318868086,0.611923035915519,,0.02828143660653551,0.028301856476985812,success,0.9999325792566486,0.9999325792566486,0.75,0.9999999946441878,0.01,[0.01],,,,,,,,,-0.003209189066509848,,,
,,,0.01584651943301505,-2.591989049623582e-07,5.150925872966165e-06,typ,,8.1624179759906e-08,True,,1.428497314453125,0.64,,,1.4571858195644438e-06,18,4.317969815244062e-09,False,False,1071,1.4166666667,162,0.0005150921633292423,,,0.0005150925872966165,8.230896438519056e-07,3.2505066207541184,0.9880355347561884,-0.001616886083786494,-0.001616886083786494,0.7500014571858196,,0.6463828791084403,0.0,0.4784187888332664,0.4784187888332664,,0.01584651943301505,0.015905950490346397,success,0.9999298445814516,0.490734158304317,0.75,0.9999998224659482,0.01,[0.01],,,,,,,,,0.0016356835080284977,,,
,,,0.02386613566744505,5.36637595640944e-07,7.837992291231787e-06,arith,,1.8706229940301725e-07,True,,1.4393463134765625,0.72,,,5.175969610693443e-06,19,4.670891972199825e-09,False,False,1072,1.4166666667,345,0.0007837980224766019,,,0.0007837992291231787,1.5394842607448995e-06,3.2841429940656583,0.9982597662282707,-8.472783141661583e-06,-8.472783141661583e-06,0.7500051759696107,,0.5700730527828475,0.0,0.43377195164549637,0.5700730527828475,,0.02386613566744505,0.023879017853454868,success,0.9999336879790154,0.9999336879790154,0.75,0.9999999934850574,0.01,[0.01],,,,,,,,,-0.0022485315725953585,,,
,,,0.009530029494215834,-5.622700483114521e-07,3.0906556997998048e-06,typ,,2.945372382795119e-08,True,,1.425933837890625,0.72,,,8.294005972908636e-06,18,4.320296523329399e-09,False,False,1073,1.4166666667,157,0.0003090622525966773,,,0.00030906556997998045,1.0733590620871421e-05,3.2430356357685968,0.9857646276310669,-0.0033186628899464117,-0.0033186628899464117,0.7500082940059729,,0.610075272469613,0.0,0.3790138985737044,0.3790138985737044,,0.009530029494215834,0.009572585533334902,success,0.9998816817223692,0.3654302917901346,0.75,0.9999999830244192,0.01,[0.01],,,,,,,,,0.0058999822471978375,,,
,,,0.020308503525985337,3.015877102711097e-07,6.672553583831551e-06,arith,,1.3550948702942216e-07,True,,1.439483642578125,0.8,,,3.210146393928248e-06,18,4.566097801596369e-09,False,False,1074,1.4166666667,346,0.0006672549105158523,,,0.0006672553583831551,6.712082521145273e-07,3.2855936906531773,0.9987007251143307,-8.65851214294452e-06,-8.65851214294452e-06,0.7500032101463939,,0.5318966356092856,0.0,0.3750872067720698,0.5318966356092856,,0.020308503525985337,0.020316690079982564,success,0.9999333539142329,0.9999333539142329,0.75,0.9999999920946117,0.01,[0.01],,,,,,,,,-0.0014850316759441149,,,
,,,0.004804953363289156,-6.368599454287944e-07,1.5515241902352087e-06,typ,,7.454595785505059e-09,True,,1.4230728149414062,0.8,,,1.30937178155488e-06,20,4.362560479737976e-09,False,False,1075,1.4166666667,122,0.0001551439779303525,,,0.00015515241902352086,5.440516636144924e-05,3.2288342092076228,0.981447911585364,-0.008371009044373691,-0.008371009044373691,0.7500013093717816,,0.5760675045535236,0.0,0.2735954608433973,0.2735954608433973,,0.004804953363289156,0.004832928792109044,success,0.9999223645095322,0.23975729212037117,0.75,0.9999999652382616,0.01,[0.01],,,,,,,,,0.0132542378099762,,,
,,,0.017430007697084315,1.5104507654794148e-07,5.728673128564244e-06,arith,,9.985079391033972e-08,True,,1.4396209716796875,0.88,,,-6.092604525775869e-06,19,4.536413365542338e-09,False,False,1076,1.4166666667,313,0.0005728671819636816,,,0.0005728673128564244,2.2848701590673225e-07,3.286671996476,0.9990284907812211,-8.864221132264222e-06,-8.864221132264222e-06,0.7499939073954742,,0.49735048820898914,0.0,0.32399509777955626,0.49735048820898914,,0.017430007697084315,0.017435263415934675,success,0.9999330522470705,0.9999330522470705,0.75,0.9999999904032014,0.01,[0.01],,,,,,,,,-0.0008665806646385374,,,
,,,0.0017042924328780462,-5.305711703159852e-07,5.449310845526902e-07,typ,,9.284404180764062e-10,True,,1.4204177856445312,0.88,,,9.526452888430903e-06,20,4.302692197424365e-09,False,False,1077,1.4166666667,116,5.447659099844413e-05,,,5.449310845526902e-05,0.000303110930778451,3.1964344819890607,0.9715995754509433,-0.03131389771102008,-0.03131389771102008,0.7500095264528884,,0.5440946390241453,0.0,0.16490196198491183,0.16490196198491183,,0.0017042924328780462,0.0017194713852634277,success,0.9998267608394261,0.12652128493940085,0.75,0.9999998991596569,0.01,[0.01],,,,,,,,,0.031131463126900547,,,
,,,0.01508561434471985,5.292905055547727e-08,4.959357598211437e-06,arith,,7.481495332268944e-08,True,,1.4398040771484375,0.96,,,-2.7279484404729715e-07,19,4.658853768863921e-09,False,False,1078,1.4166666667,288,0.0004959357412505749,,,0.0004959357598211437,3.744551271930543e-08,3.287474609372859,0.9992724558473702,-9.089880834396735e-06,-9.089880834396735e-06,0.749999727205156,,0.4662127024451551,0.0,0.2801798623801354,0.4662127024451551,,0.01508561434471985,0.015089022172308609,success,0.9999334505995275,0.9999334505995275,0.75,0.999999964596512,0.01,[0.01],,,,,,,,,-0.00035085777314732355,,,
,,,0.0002595587421868628,-2.1521969118582668e-07,8.124964869813622e-08,typ,,2.104273710373859e-11,True,,1.4181976318359375,0.96,,,4.388225218865394e-06,19,4.364044801343824e-09,False,False,1079,1.4166666667,120,8.107119385171546e-06,,,8.124964869813623e-06,0.0021963768370714073,3.1234237448011006,0.949406972519492,-0.22849975103734382,-0.22849975103734382,0.7500043882252189,,0.5087350142047463,0.0,0.06482225995240516,0.06482225995240516,,0.0002595587421868628,0.00026310187354629055,success,0.9999264131221591,0.04698311213099722,0.75,0.9999715204451856,0.01,[0.01],,,,,,,,,0.0829175274053704,,,
,,,0.013161298288743687,-1.1789933301674402e-08,4.3275367099451386e-06,arith,,5.695600135607391e-08,True,,1.4399871826171875,1.04,,,-3.6766748860994625e-06,19,4.599537676722148e-09,False,False,1080,1.4166666667,288,0.0004327536699383679,,,0.0004327536709945138,2.4405245256043927e-09,3.2880773647420796,0.9994556715097389,-9.335765165575396e-06,-9.335765165575396e-06,0.7499963233251139,,0.438183509552335,0.0,0.24295766908452143,0.438183509552335,,0.013161298288743687,0.013163523357128105,success,0.9999328743271301,0.9999328743271301,0.75,0.999999941726968,0.01,[0.01],,,,,,,,,8.95803213559702e-05,,,
,,,2.1296265953673537e-05,-1.9347507873518047e-08,6.773697395865184e-09,typ,,1.4388013517113498e-13,True,,1.4174652099609375,1.04,,,2.797933221110327e-06,19,4.088397463951908e-09,False,False,1081,1.4166666667,91,6.756120321004731e-07,,,6.773697395865184e-07,0.0025949011054409773,3.1724436273013965,0.9643072300703069,-1.412174269755302,-1.412174269755302,0.7500027979332211,,0.3004743163976308,0.0,0.017694460713532503,0.017694460713532503,,2.1296265953673537e-05,1.9571157669454657e-05,success,0.9999313655354377,0.018734593780791235,0.75,0.9997153850330411,0.01,[0.01],,,,,,,,,0.09084929684671159,,,
,,,0.011568774022763333,-5.5487595526920946e-08,3.8044343191999727e-06,arith,,4.4012637844396695e-08,True,,1.440216064453125,1.12,,,5.2682036091322715e-06,18,4.485922780442252e-09,False,False,1082,1.4166666667,294,0.00038044340530634524,,,0.0003804434319199973,6.995429492119568e-08,3.288536923253619,0.9995953605467651,-9.601859376370662e-06,-9.601859376370662e-06,0.7500052682036091,,0.4129412568756173,0.0,0.21149957271881603,0.4129412568756173,,0.011568774022763333,0.011570228077923794,success,0.999932952919884,0.999932952919884,0.75,0.9999999398478048,0.01,[0.01],,,,,,,,,0.0004796324607753649,,,
,,,4.832357534120389e-06,-3.300503553815732e-09,1.5632489058075137e-09,typ,,7.543284303975642e-15,True,,1.4175567626953125,1.12,,,1.62500331435389e-06,19,3.66459381358501e-09,False,False,1083,1.4166666667,59,1.5609946595867334e-07,,,1.5632489058075137e-07,0.0014420264184454403,3.230296286160196,0.9818923296875968,-3.423475844903429,-3.423475844903429,0.7500016250033144,,0.15675575050196025,0.0,0.00833485405625964,0.00833485405625964,,4.832357534120389e-06,4.342003327404853e-06,success,0.9998706028186339,0.011926313303314628,0.75,0.9990535873900906,0.01,[0.01],,,,,,,,,0.06830006949012946,,,
,,,0.010239997837868435,-8.561568226083493e-08,3.367828126958552e-06,arith,,3.4486545408323026e-08,True,,1.4404449462890625,1.2,,,4.80243422595894e-06,19,4.495728954983684e-09,False,False,1084,1.4166666667,277,0.0003367827411133689,,,0.0003367828126958552,2.1254791992048336e-07,3.288894650621077,0.9997040966276414,-9.888470214816083e-06,-9.888470214816083e-06,0.750004802434226,,0.3901752708441302,0.0,0.18497647113110766,0.3901752708441302,,0.010239997837868435,0.010240938770708334,success,0.9999331068540791,0.9999331068540791,0.75,0.9999999770540385,0.01,[0.01],,,,,,,,,0.0008360908236154154,,,
,,,1.93834535783866e-06,-1.150820679737087e-09,6.317331241468113e-10,typ,,1.223192580345975e-15,True,,1.4180831909179688,1.2,,,6.245376347524534e-06,20,3.0411331061260673e-09,False,False,1085,1.4166666667,39,6.310498670422119e-08,,,6.317331241468113e-08,0.0010815597259081805,3.2556111040287483,0.9895871116179925,-5.604061675920527,-5.604061675920527,0.7500062453763475,,0.10310365322282068,0.0,0.005309270963667451,0.005309270963667451,,1.93834535783866e-06,1.7617966118812962e-06,success,0.999905454811165,0.00924933268955251,0.75,0.9999126682266998,0.01,[0.01],,,,,,,,,0.05937129186412387,,,
,,,0.009122479757068095,-1.071267454477234e-07,3.000549736744071e-06,arith,,2.7372442757384198e-08,True,,1.440673828125,1.28,,,-4.338101783352144e-06,15,4.549192505944454e-09,False,False,1086,1.4166666667,387,0.00030005484787374876,,,0.00030005497367440706,4.192587003688323e-07,3.289180747606114,0.9997910596831228,-1.0195767791249693e-05,-1.0195767791249693e-05,0.7499956618982166,,0.36959910518035205,0.0,0.16262132656006248,0.36959910518035205,,0.009122479757068095,0.009123071074552392,success,0.9999324353215162,0.9999324353215162,0.75,0.9999999287533247,0.01,[0.01],,,,,,,,,0.0011743160664699928,,,
,,,1.0121186499859072e-06,-5.620808310586775e-10,3.312178104021039e-10,typ,,3.34915788254822e-16,True,,1.4169387817382812,1.28,,,6.798681946751373e-06,20,3.0632688043198274e-09,False,False,1087,1.4166666667,31,3.309056584022884e-08,,,3.312178104021039e-08,0.0009424372422380508,3.269435440270723,0.9937892059513121,-7.658375466137008,-7.658375466137008,0.7500067986819468,,0.07276597956275814,0.0,0.003850170023702275,0.003850170023702275,,1.0121186499859072e-06,9.264952603255786e-07,success,0.9997021514413926,0.007863063387593629,0.75,0.9986107543626461,0.01,[0.01],,,,,,,,,0.055535072994307925,,,
,,,0.008175539823675766,-1.2328777778040253e-07,2.6892782648445263e-06,arith,,2.1986286351305936e-08,True,,1.440948486328125,1.36,,,-4.46817358090712e-06,18,4.4738823794728e-09,False,False,1088,1.4166666667,248,0.0002689276405655228,,,0.0002689278264844526,6.913339250113454e-07,3.2894175353011916,0.9998630345117344,-1.0523758517964389e-05,-1.0523758517964389e-05,0.7499955318264191,,0.35095606026178017,0.0,0.14375721900306362,0.35095606026178017,,0.008175539823675766,0.00817588624803832,success,0.9999328938043149,0.9999328938043149,0.75,0.9999999333957976,0.01,[0.01],,,,,,,,,0.0015080077944623317,,,
,,,6.10893444014581e-07,-3.3669028640620495e-10,2.0046693029409665e-10,typ,,1.2235057310943136e-16,True,,1.4164981842041016,1.36,,,-2.836980365072961e-06,22,2.5513979642318263e-09,False,False,1089,1.4166666667,19,2.0028136544629714e-08,,,2.0046693029409664e-08,0.0009256631381907738,3.2784991786802795,0.9965442520629545,-9.366514620196154,-9.366514620196154,0.7499971630196349,,0.0564526235449787,0.0,0.003002344792629425,0.003002344792629425,,6.10893444014581e-07,5.633825406967786e-07,success,0.9997806329356541,0.007082009429757474,0.75,0.9996096363270016,0.01,[0.01],,,,,,,,,0.055114404926920234,,,
,,,0.00736748697590585,-1.3623216415916184e-07,2.4236273069962405e-06,arith,,1.785602405954202e-08,True,,1.4412689208984375,1.44,,,1.0870308797539252e-06,19,4.401639643475025e-09,False,False,1090,1.4166666667,219,0.00024236247879279866,,,0.00024236273069962405,1.0393793825840713e-06,3.289622086681729,0.9999252106757095,-1.0872619911268355e-05,-1.0872619911268355e-05,0.7500010870308798,,0.33402093179098685,0.0,0.12780798044846875,0.33402093179098685,,0.00736748697590585,0.007367655584134872,success,0.9999329175172277,0.9999329175172277,0.75,0.8920653524456176,0.01,[0.01],,,,,,,,,0.0018490994908397754,,,
,,,4.037178029070872e-07,-2.2710199007981512e-10,1.3276465347862255e-10,typ,,5.3547878892212056e-17,True,,1.4180259704589844,1.44,,,-1.0194896746806847e-06,21,2.357928445013347e-09,False,False,1091,1.4166666667,21,1.3263690257557385e-08,,,1.3276465347862255e-08,0.000962235803743285,3.2853865155433657,0.9986377514322887,-10.3987900387148,-10.3987900387148,0.7499989805103253,,0.04599060687508279,0.0,0.002448055838069645,0.002448055838069645,,4.037178029070872e-07,3.7456252790458544e-07,success,0.9997264259527048,0.006713831260514752,0.75,0.9913597242217626,0.01,[0.01],,,,,,,,,0.05625265679256682,,,
,,,0.0066734820600907055,-1.4747319348359014e-07,2.195450948287346e-06,arith,,1.4651280768861936e-08,True,,1.44158935546875,1.52,,,-3.928346548054407e-06,17,4.3930294977645e-09,False,False,1092,1.4166666667,254,0.000219544768936755,,,0.0002195450948287346,1.4843965421411226e-06,3.289808333339117,0.9999818228710375,-1.1242732364906741e-05,-1.1242732364906741e-05,0.749996071653452,,0.3185984449945989,0.0,0.1142926608750552,0.3185984449945989,,0.0066734820600907055,0.006673514085452434,success,0.9999325801546002,0.9999325801546002,0.75,0.7131709921982167,0.01,[0.01],,,,,,,,,0.0022098387641666293,,,
,,,2.8612163337287435e-07,-1.6719633572110435e-10,9.426737170265647e-11,typ,,2.6943979750653383e-17,True,,1.4173736572265625,1.52,,,-1.545344117448444e-06,19,3.479219892467363e-09,False,False,1093,1.4166666667,49,9.416966984645975e-09,,,9.426737170265647e-09,0.00103643343854865,3.2912460598090334,1.0004188393140951,-10.1235868366981,-10.1235868366981,0.7499984546558826,,0.037553856934005,0.0,0.002063936200120252,0.002063936200120252,,2.8612163337287435e-07,2.662404551485039e-07,success,0.9995669526624171,0.00683050671645344,0.75,0.997159487074246,0.01,[0.01],,,,,,,,,0.058435405163234796,,,
,,,0.006073871721970772,-1.5818406624454178e-07,1.9983009779076196e-06,arith,,1.2137398779500816e-08,True,,1.44195556640625,1.6,,,-4.632870544973855e-06,17,4.5177347304702196e-09,False,False,1094,1.4166666667,238,0.0001998296858262036,,,0.00019983009779076194,2.061574121651812e-06,3.289988576863876,1.0000366103328548,-1.1634121090017195e-05,-1.1634121090017195e-05,0.749995367129455,,0.304518885913617,0.0,0.1028072704645331,0.304518885913617,,0.006073871721970772,0.006073787334989417,success,0.9999326874227407,0.9999326874227407,0.75,0.6789420851620975,0.01,[0.01],,,,,,,,,0.002604336632141059,,,
,,,2.1303184839631242e-07,-1.3103319403381407e-10,7.030673729607135e-11,typ,,1.4960404502957333e-17,True,,1.417027473449707,1.6,,,3.4917471919415632e-06,23,3.806523005417745e-09,False,False,1095,1.4166666667,32,7.02261404366442e-09,,,7.030673729607135e-09,0.0011463603991142923,3.2965089945612003,1.0020185796496608,-8.447188753377096,-8.447188753377096,0.7500034917471919,,0.03183157620463582,0.0,0.0017835873358556101,0.0017835873358556101,,2.1303184839631242e-07,1.988247375698216e-07,success,0.9994342208210424,0.007531160152067794,0.75,0.9988770931344547,0.01,[0.01],,,,,,,,,0.06150873450154143,,,
,,,0.005553020783362793,-1.6930439842816478e-07,1.827046311763975e-06,arith,,1.0145597477412362e-08,True,,1.442413330078125,1.68,,,9.732515574789602e-06,18,4.546183594300935e-09,False,False,1096,1.4166666667,211,0.00018270411498925459,,,0.0001827046311763975,2.825254836682532e-06,3.290175241854809,1.0000933496863327,-1.204679416392867e-05,-1.204679416392867e-05,0.7500097325155748,,0.29163617337965814,0.0,0.09301809257238423,0.29163617337965814,,0.005553020783362793,0.005552816825199102,success,0.9999326788302676,0.9999326788302676,0.75,0.6991583652589004,0.01,[0.01],,,,,,,,,0.0030488702461804506,,,
,,,1.6446728461897373e-07,-1.0594236977560332e-10,5.436911623055128e-11,typ,,8.93071712785847e-18,True,,1.4182376861572266,1.68,,,3.7979571310131632e-06,22,4.170051506691828e-09,False,False,1097,1.4166666667,50,5.430087295809942e-09,,,5.436911623055128e-09,0.0012551845088391025,3.3016215403507068,1.0035726072221163,-6.527923385491716,-6.527923385491716,0.750003797957131,,0.02781738977812259,0.0,0.0015696226696544024,0.0015696226696544024,,1.6446728461897373e-07,1.539829434212834e-07,success,1.000855560299343,0.008628799585354428,0.75,0.9993958790402024,0.01,[0.01],,,,,,,,,0.06441546719825962,,,
,,,0.005098517103865793,-1.8178448347627012e-07,1.6776143390997808e-06,arith,,8.553312355992308e-09,True,,1.4428253173828125,1.76,,,-2.582746728707619e-06,19,4.362980113124093e-09,False,False,1098,1.4166666667,199,0.00016776078576861148,,,0.00016776143390997807,3.863470593211533e-06,3.2903838969454875,1.0001567732286143,-1.248159954541988e-05,-1.248159954541988e-05,0.7499974172532713,,0.2798278600243686,0.0,0.08466124637086371,0.2798278600243686,,0.005098517103865793,0.005098156477874151,success,0.9999324032552759,0.9999324032552759,0.75,0.7120558891279503,0.01,[0.01],,,,,,,,,0.003565438337716621,,,
,,,1.3238501717014474e-07,-9.373254147041623e-11,4.381063922329705e-11,typ,,5.791086436480694e-18,True,,1.4148101806640625,1.76,,,-7.4445790791966004e-06,19,4.164894763836269e-09,False,False,1099,1.4166666667,93,4.37442737877039e-09,,,4.381063922329705e-09,0.001514824635515896,3.30432209949277,1.004393478768426,-5.341932387751505,-5.341932387751505,0.7499925554209208,,0.026086739586715337,0.0,0.0014117876410539142,0.0014117876410539142,,1.3238501717014474e-07,1.245722796780976e-07,success,1.0012801001722593,0.009586756272224741,0.75,0.9995497263787899,0.01,[0.01],,,,,,,,,0.07080298320311329,,,
,,,0.004700268567056992,-1.9656143746740184e-07,1.5466951823438878e-06,arith,,7.2698441119907596e-09,True,,1.443328857421875,1.84,,,-3.335645922031283e-06,18,4.517042966577415e-09,False,False,1100,1.4166666667,204,0.0001546686962303235,,,0.00015466951823438877,5.314583472224559e-06,3.2906352908078005,1.0002331877996842,-1.2938157472290623e-05,-1.2938157472290623e-05,0.749996664354078,,0.26898604416035565,0.0,0.07750613028997533,0.26898604416035565,,0.004700268567056992,0.004699662592074153,success,0.9999321593793153,0.9999321593793153,0.75,0.7206502196829898,0.01,[0.01],,,,,,,,,0.0041819192810609125,,,
,,,1.0818491183344301e-07,-8.003573721704704e-11,3.5890037438732306e-11,typ,,3.876354816776347e-18,True,,1.4169387817382812,1.84,,,5.046693294596949e-06,20,4.254251898580965e-09,False,False,1101,1.4166666667,86,3.583082660125676e-09,,,3.5890037438732306e-09,0.0016497847787600144,3.3119985027505874,1.00672682556102,-4.971655531824089,-4.971655531824089,0.7500050466932946,,0.02135800526044927,0.0,0.0012750075339282665,0.0012750075339282665,,1.0818491183344301e-07,1.0160343537691728e-07,success,0.9999112981907744,0.009958128432322128,0.75,0.9995441024352751,0.01,[0.01],,,,,,,,,0.07398049863022185,,,
,,,0.0043502439726220065,-2.1486659594251235e-07,1.431659737139647e-06,arith,,6.228022974683305e-09,True,,1.443878173828125,1.92,,,-8.00345314100337e-06,18,4.303643326954461e-09,False,False,1102,1.4166666667,205,0.000143164912448106,,,0.0001431659737139647,7.412835823977089e-06,3.29096283677664,1.0003327498354644,-1.3416928821933572e-05,-1.3416928821933572e-05,0.749991996546859,,0.25902225542540924,0.0,0.07137371484871094,0.25902225542540924,,0.0043502439726220065,0.00434922654842418,success,0.9999320062118421,0.9999320062118421,0.75,0.7265579776240685,0.01,[0.01],,,,,,,,,0.004939184958240551,,,
,,,8.95670884163859e-08,-6.50794147694935e-11,2.965166291002114e-11,typ,,2.651577783327994e-18,True,,1.4239025115966797,1.92,,,-2.6048123246136257e-06,22,4.108699525782331e-09,False,False,1103,1.4166666667,57,2.9604376230263837e-09,,,2.965166291002114e-09,0.0015947395564557096,3.3052739297091907,1.004682800460889,-5.229710294489386,-5.229710294489386,0.7499973951876754,,0.030200703260676812,0.0,0.0011729246932058747,0.0011729246932058747,,8.95670884163859e-08,8.598505248763319e-08,success,0.9962452875880085,0.009705950440132068,0.75,0.9995769230850515,0.01,[0.01],,,,,,,,,0.07265996463672866,,,
,,,0.004041965253532805,-2.383160738341018e-07,1.3303950661483761e-06,arith,,5.377353836292166e-09,True,,1.44451904296875,2.0,,,-7.580149504748945e-06,17,4.293623121610214e-09,False,False,1104,1.4166666667,215,0.00013303810149263877,,,0.00013303950661483762,1.0561691294597005e-05,3.2914212059680445,1.0004720773625193,-1.3917937939079386e-05,-1.3917937939079386e-05,0.7499924198504953,,0.24986228697257926,0.0,0.06611364068754165,0.24986228697257926,,0.004041965253532805,0.0040402641391692464,success,0.9999321165311298,0.9999321165311298,0.75,0.7307440868050884,0.01,[0.01],,,,,,,,,0.005896044594292493,,,
,,,7.84703454718439e-08,-6.832842536487321e-11,2.6114417921575596e-11,typ,,2.0445386223893057e-18,True,,1.414907455444336,2.0,,,5.901931176888198e-06,22,4.098578986238194e-09,False,False,1105,1.4166666667,48,2.6054920621228953e-09,,,2.6114417921575597e-09,0.002278331476708434,3.320352480234431,1.0092661302213735,-5.971594485458193,-5.971594485458193,0.7500059019311769,,0.018189780853907146,0.0,0.0010884266365217595,0.0010884266365217595,,7.84703454718439e-08,7.404245393212905e-08,success,1.0003762515509782,0.009064839043552217,0.75,0.9992937574076933,0.01,[0.01],,,,,,,,,0.08707547412211951,,,
,,,0.003770345476821513,-2.6936398984061936e-07,1.2412561216904026e-06,arith,,4.6798918470334e-09,True,,1.44525146484375,2.08,,,-6.415409081972356e-06,17,4.376500033272821e-09,False,False,1106,1.4166666667,206,0.00012412368775761777,,,0.00012412561216904025,1.55037416440581e-05,3.292103827638014,1.000679569469263,-1.4441435835288886e-05,-1.4441435835288886e-05,0.749993584590918,,0.2414489555643983,0.0,0.061607222477699314,0.2414489555643983,,0.003770345476821513,0.0037675524308347936,success,0.9999318182684136,0.9999318182684136,0.75,0.7337803404760083,0.01,[0.01],,,,,,,,,0.0071442787271499405,,,
,,,6.788345098470799e-08,-5.935300649548028e-11,2.265735362586302e-11,typ,,1.5345365749244157e-18,True,,1.4190330505371094,2.08,,,-1.383736077942288e-07,21,3.8808665520827306e-09,False,False,1107,1.4166666667,59,2.2605459101808165e-09,,,2.265735362586302e-09,0.0022904053541194158,3.3300397628430036,1.0122107110419087,-7.0728467984078325,-7.0728467984078325,0.7499998616263922,,0.015988529750108824,0.0,0.0010123144663101782,0.0010123144663101782,,6.788345098470799e-08,6.404908781790876e-08,success,0.999559275407661,0.008303958632754547,0.75,0.9991521811724542,0.01,[0.01],,,,,,,,,0.08743369058955275,,,
,,,0.0035315402464665604,-3.1197418264063657e-07,1.1630249508565718e-06,arith,,4.107172093704143e-09,True,,1.446075439453125,2.16,,,-9.038042711240202e-06,18,4.384538217889464e-09,False,False,1108,1.4166666667,188,0.00011629973912412647,,,0.00011630249508565718,2.3696495321793667e-05,3.293173261737248,1.0010046384555484,-1.4987685256774661e-05,-1.4987685256774661e-05,0.7499909619572888,,0.23374411983868157,0.0,0.05776125007689351,0.23374411983868157,,0.0035315402464665604,0.003527082957090895,success,0.99993185138045,0.99993185138045,0.75,0.736024302018251,0.01,[0.01],,,,,,,,,0.008833941024819937,,,
,,,6.104768261120885e-08,-6.088902683777136e-11,2.0420151315032763e-11,typ,,1.2428954427637283e-18,True,,1.415515422821045,2.16,,,1.9386190899250977e-06,24,3.845512428142548e-09,False,False,1109,1.4166666667,25,2.0359420531640665e-09,,,2.0420151315032762e-09,0.0029740613796230375,3.335003010892752,1.0137193575432417,-8.481271500369564,-8.481271500369564,0.7500019386190899,,0.01460635341245557,0.0,0.0009602183354538791,0.0009602183354538791,,6.104768261120885e-08,5.762643384483307e-08,success,0.9989713543686747,0.007555473061262092,0.75,0.9987750982448468,0.01,[0.01],,,,,,,,,0.09974011171816641,,,
,,,0.0033228726219267347,-3.7270605309801556e-07,1.0949014464771466e-06,arith,,3.6380791304048747e-09,True,,1.44708251953125,2.24,,,-1.5028387509996577e-06,17,4.3490987569186245e-09,False,False,1110,1.4166666667,200,0.00010948596423462571,,,0.00010949014464771466,3.818072487163765e-05,3.29491908633986,1.0015353055010543,-1.5556408353730833e-05,-1.5556408353730833e-05,0.749998497161249,,0.22673238860975464,0.0,0.054500073312064794,0.22673238860975464,,0.0033228726219267347,0.0033159936127472173,success,0.9999317409366696,0.9999317409366696,0.75,0.737701349934813,0.01,[0.01],,,,,,,,,0.011216380990310295,,,
,,,5.540080208418824e-08,-6.014212726741292e-11,1.8575423370290093e-11,typ,,1.0254762782951968e-18,True,,1.414987564086914,2.24,,,4.975870874668331e-06,22,3.5709158328281195e-09,False,False,1111,1.4166666667,38,1.8510134144571787e-09,,,1.8575423370290093e-09,0.0035148176392431956,3.3411310754027337,1.0155820657920056,-10.156655503479996,-10.156655503479996,0.7500049758708747,,0.013600101092119347,0.0,0.0009152045527820215,0.0009152045527820215,,5.540080208418824e-08,5.2350136922008915e-08,success,0.9991119673422312,0.006876358742903033,0.75,0.9984093250731693,0.01,[0.01],,,,,,,,,0.10855822479974145,,,
,,,0.0031432488044148364,-4.6416365782273176e-07,1.0366841427109171e-06,arith,,3.2583407442306662e-09,True,,1.448272705078125,2.32,,,6.730253574449563e-06,18,4.210164172843816e-09,False,False,1112,1.4166666667,171,0.00010366155996477843,,,0.00010366841427109171,6.611759581237686e-05,3.297911378163289,1.0024448531491137,-1.61478208149852e-05,-1.61478208149852e-05,0.7500067302535744,,0.22043962749892476,0.0,0.051778445573633584,0.22043962749892476,,0.0031432488044148364,0.003132963083466396,success,0.99993175742633,0.99993175742633,0.75,0.7390497069909762,0.01,[0.01],,,,,,,,,0.014767003400137868,,,
,,,5.058461180323923e-08,-5.688731182770542e-11,1.703220344605748e-11,typ,,8.583312332256286e-19,True,,1.4174652099609375,2.32,,,1.0259543494761658e-06,19,3.3367945159548567e-09,False,False,1113,1.4166666667,50,1.6968228135550594e-09,,,1.7032203446057482e-09,0.003756138230118233,3.354424899325612,1.0196229037170021,-12.070519154729944,-12.070519154729944,0.7500010259543495,,0.012119967201971824,0.0,0.0008742814874801821,0.0008742814874801821,,5.058461180323923e-08,4.777314200441091e-08,success,0.9995240801415005,0.006280878962683969,0.75,0.9969857584767242,0.01,[0.01],,,,,,,,,0.11245971808379597,,,
,,,0.002993881820423641,-6.128602957967025e-07,9.891360688002962e-07,arith,,2.96098089656435e-09,True,,1.44964599609375,2.4,,,1.965233597411853e-06,17,4.287985442371903e-09,False,False,1114,1.4166666667,190,9.89010613700632e-05,,,9.891360688002961e-05,0.00012683300470100293,3.3034390567917766,1.004125065973412,-1.6762144856291485e-05,-1.6762144856291485e-05,0.7500019652335974,,0.21496191310341708,0.0,0.049581833342049346,0.21496191310341708,,0.002993881820423641,0.0029788628276473036,success,0.9999314580129627,0.9999314580129627,0.75,0.7401558526437169,0.01,[0.01],,,,,,,,,0.020470423769431936,,,
,,,4.734427729213867e-08,-5.790940818110431e-11,1.600041820344632e-11,typ,,7.5417473665826e-19,True,,1.4175310134887695,2.4,,,-7.619184430374126e-06,23,3.0559109947588397e-09,False,False,1115,1.4166666667,25,1.5929585998421986e-09,,,1.600041820344632e-09,0.004426897105044289,3.3646275557504457,1.0227241393927828,-14.15830130326275,-14.15830130326275,0.7499923808155696,,0.011274491676732279,0.0,0.0008459405768681571,0.0008459405768681571,,4.734427729213867e-08,4.472607469229561e-08,success,0.9992839678027521,0.005774679332882477,0.75,0.996015710135834,0.01,[0.01],,,,,,,,,0.1223155394764468,,,
,,,0.08687102076352703,1.4504215913917964e-05,2.8333980725580246e-05,arith,,2.4611914556459785e-06,True,,1.5208282470703125,0.0,,,-9.923564863623113e-06,19,4.839747648202368e-09,False,False,1116,1.5,640,0.0028331559063241893,,,0.0028333980725580247,8.546848259015873e-05,3.2613360375220726,0.9913272827314443,-8.494563954228643e-06,-8.494563954228643e-06,0.7499900764351364,,0.9052893674190493,0.0,0.9052893674190493,0.9052893674190493,,0.08687102076352703,0.08710416461568388,success,0.999932699911232,0.999932699911232,0.75,0.9999992770493429,0.01,[0.01],,,,,,,,,-0.016696265090979094,,,
,,,0.08687089325747195,1.4501180887934482e-05,2.833393233096235e-05,typ,,2.461183726840319e-06,True,,1.5208282470703125,0.0,,,-9.4515997650646e-06,19,4.286610054631437e-09,False,False,1117,1.5,336,0.0028331511678436985,,,0.002833393233096235,8.543298886616262e-05,3.26133536977302,0.9913270797600712,-9.826382593881161e-06,-9.826382593881161e-06,0.7499905484002349,,0.9052892520661201,0.0,0.9052892520661201,0.9052892520661201,,0.08687089325747195,0.08710325056587964,success,0.9999299406131603,0.9999299406131603,0.75,0.9999741779245993,0.01,[0.01],,,,,,,,,-0.016692795876928783,,,
,,,0.08427606959310671,1.3524929401947475e-05,2.7491388087904045e-05,arith,,2.3166832119919785e-06,True,,1.5208511352539062,0.08,,,4.021093896966477e-06,20,4.831829938773575e-09,False,False,1118,1.5,578,0.0027489217558165167,,,0.0027491388087904044,7.89530791219681e-05,3.261805835379587,0.9914700841564323,-8.504238311611003e-06,-8.504238311611003e-06,0.750004021093897,,0.8977569264163975,0.0,0.8976597180596976,0.8977569264163975,,0.08427606959310671,0.08449866088286029,success,0.9999325265530871,0.9999325265530871,0.75,0.9999995455235576,0.01,[0.01],,,,,,,,,-0.016048362800077397,,,
,,,0.08424131145955685,1.3515986588107571e-05,2.7476031398063178e-05,typ,,2.3144342367833538e-06,True,,1.52069091796875,0.08,,,3.2696474304705347e-06,17,4.127464549654333e-09,False,False,1119,1.5,358,0.0027473862843344775,,,0.002747603139806318,7.892532538586327e-05,3.2613289569375494,0.99132513049183,-1.826017745498623e-05,-1.826017745498623e-05,0.7500032696474305,,0.8978039515959595,0.0,0.8977067141632991,0.8977067141632991,,0.08424131145955685,0.08446691815141355,success,0.9999299741606876,0.9918048953170688,0.75,0.9999923594476494,0.01,[0.01],,,,,,,,,-0.016044368676046097,,,
,,,0.07730230136058344,1.1087279340184722e-05,2.5227571339939773e-05,arith,,1.950026394552475e-06,True,,1.5208740234375,0.16,,,6.062141701734802e-06,16,4.770956889467532e-09,False,False,1120,1.5,729,0.0025225981118678522,,,0.0025227571339939774,6.30350516037983e-05,3.263289795346415,0.9919211538973829,-8.533402373660996e-06,-8.533402373660996e-06,0.7500060621417017,,0.8759810702954532,0.0,0.8745252240303142,0.8759810702954532,,0.07730230136058344,0.07749593838242498,success,0.9999330057732086,0.9999330057732086,0.75,0.9999999985762797,0.01,[0.01],,,,,,,,,-0.01434275454293026,,,
,,,0.07700055437085074,1.1012421365167134e-05,2.5113448316386207e-05,typ,,1.933628169101122e-06,True,,1.520233154296875,0.16,,,7.925946001741124e-07,18,4.123840735058979e-09,False,False,1121,1.5,339,0.0025111873348188708,,,0.002511344831638621,6.271413537712663e-05,3.2612587731829414,0.991303797188562,-4.473652384725136e-05,-4.473652384725136e-05,0.7500007925946002,,0.8766535534204177,0.0,0.8751917686841065,0.8751917686841065,,0.07700055437085074,0.07720773396499211,success,0.999930036058766,0.9674414083156309,0.75,0.9999999985663831,0.01,[0.01],,,,,,,,,-0.014301742961653256,,,
,,,0.0678374352099225,8.187205262805029e-06,2.2155628016700286e-05,arith,,1.502913949788034e-06,True,,1.5208969116210938,0.24,,,-5.2055966430764045e-06,20,4.807446801394047e-09,False,False,1122,1.5,502,0.0022154639914337515,,,0.0022155628016700285,4.459825566780939e-05,3.265842796942444,0.9926971733280342,-8.582072949404472e-06,-8.582072949404472e-06,0.7499947944033569,,0.8422746491810994,0.0,0.8356646899477963,0.8422746491810994,,0.0678374352099225,0.06799122615280956,success,0.9999331087044048,0.9999331087044048,0.75,0.9999999983578682,0.01,[0.01],,,,,,,,,-0.012068860264940405,,,
0.8444818207234578,-1.4472385367051966e-06,0.00027713755931589595,0.06672196036003199,7.92090276313873e-06,2.1758979940718226e-05,typ,0.027713755683567754,1.4517390563787495e-06,True,0.07900935073163808,1.5194778442382812,0.24,0.00017137592559012864,0.33119124615402173,5.3834003064245906e-06,20,4.308275239511918e-09,False,False,1123,1.5,298,0.002175803961012475,0.2175803961012475,0.002175803961012475,0.0021758979940718227,4.321574798264753e-05,3.261001249471429,0.9912255193667628,-9.352473759624341e-05,-9.352473759624341e-05,0.7500053834003064,0.7500053834003064,0.8451267826056706,0.0,0.8383917102790654,0.8383917102790654,False,0.06672196036003199,0.06690393056277283,success,0.9999301450192497,0.9268753527630641,0.75,0.9999999983140277,0.01,[0.01],0.07850989183333852,0.00032817468657674243,False,-1.7137592559012864e-06,0.00023403762858744372,True,success,0.0065738685705210645,-0.011871507851983818,0.000326100124947143,0.0001187150785198382,0.0
,,,0.05778783022956449,5.605917301323476e-06,1.8892806551957012e-05,arith,,1.091742871275706e-06,True,,1.5209426879882812,0.32,,,-6.750069455163654e-06,20,4.755297214820106e-09,False,False,1124,1.5,460,0.0018892262729690895,,,0.0018892806551957012,2.87846204649988e-05,3.2692459043090247,0.993731593927366,-8.650209201080633e-06,-8.650209201080633e-06,0.7499932499305448,,0.7999854445066108,0.0,0.782036892347498,0.7999854445066108,,0.05778783022956449,0.057900337684741204,success,0.9999333829926359,0.9999333829926359,0.75,0.9999997212545256,0.01,[0.01],,,,,,,,,-0.009700861373499823,,,
,,,0.05513774149866799,5.071687911550028e-06,1.7977639486969743e-05,typ,,9.912207167705119e-07,True,,1.518402099609375,0.32,,,1.4932226455321995e-07,18,4.356696870161126e-09,False,False,1125,1.5,306,0.0017977172982220492,,,0.0017977639486969742,2.5949165884038803e-05,3.2604115608643096,0.9910462755238015,-0.0001735547625837234,-0.0001735547625837234,0.7500001493222646,,0.8071537756825916,0.0,0.7882475502599074,0.7882475502599074,,0.05513774149866799,0.055291411904961424,success,0.9999303008893273,0.8701699373274151,0.75,0.9999999525441085,0.01,[0.01],,,,,,,,,-0.009198214822913175,,,
,,,0.04842541283677107,3.656947176861502e-06,1.58499727429891e-05,arith,,7.675281002681617e-07,True,,1.5210113525390625,0.4,,,-5.44825295545337e-07,19,4.76709314542109e-09,False,False,1126,1.5,455,0.0015849696580910743,,,0.00158499727429891,1.7423504938165213e-05,3.2730121753088137,0.9948764030342152,-8.737848715263522e-06,-8.737848715263522e-06,0.7499994551747045,,0.7528030345463367,0.0,0.7166161369378724,0.7528030345463367,,0.04842541283677107,0.04850245946292885,success,0.9999332589604903,0.9999332589604903,0.75,0.9999999976388523,0.01,[0.01],,,,,,,,,-0.007551710894418348,,,
,,,0.04359845335264611,2.8570501162809376e-06,1.4210374685688025e-05,typ,,6.195421951222255e-07,True,,1.51702880859375,0.4,,,6.637249689300795e-06,17,4.072637490758998e-09,False,False,1127,1.5,299,0.00142101874603454,,,0.0014210374685688025,1.3175257286761271e-05,3.2593329275711436,0.9907184103178627,-0.0003022486488343919,-0.0003022486488343919,0.7500066372496893,,0.7661899249532496,0.0,0.7258593349685069,0.7258593349685069,,0.04359845335264611,0.04372494964712115,success,0.9999305052430574,0.7974252018015324,0.75,0.9999999973212204,0.01,[0.01],,,,,,,,,-0.006553099700972616,,,
,,,0.040329993111277586,2.3214139045698837e-06,1.3214754554987476e-05,arith,,5.329455712073527e-07,True,,1.5210800170898438,0.48,,,-3.2785696888470994e-06,20,4.700665879004683e-09,False,False,1128,1.5,385,0.0013214620933280636,,,0.0013214754554987476,1.011155419372066e-05,3.2766236524809607,0.9959741604595529,-8.845110770425873e-06,-8.845110770425873e-06,0.7499967214303112,,0.7040561842878327,0.0,0.6441234909348327,0.7040561842878327,,0.040329993111277586,0.04038038547848298,success,0.999933083488708,0.999933083488708,0.75,0.9999998521677922,0.01,[0.01],,,,,,,,,-0.005756048353801331,,,
,,,0.03293742564491745,1.3314671607855671e-06,1.0729611114945596e-05,typ,,3.534039954926002e-07,True,,1.5153350830078125,0.48,,,8.71976376082273e-06,19,4.456221435186295e-09,False,False,1129,1.5,230,0.0010729557291528449,,,0.0010729611114945596,5.016343702508774e-06,3.2575579546497186,0.9901788832458671,-0.0005156226770531484,-0.0005156226770531484,0.7500087197637608,,0.7247397837853295,0.0,0.6523818624530002,0.6523818624530002,,0.03293742564491745,0.03303861689563778,success,0.9999306719856677,0.7088112352231354,0.75,0.9999990231190894,0.01,[0.01],,,,,,,,,-0.004042414167820747,,,
,,,0.03361412924799209,1.450016338069425e-06,1.1024622632848039e-05,arith,,3.705809875435122e-07,True,,1.5211715698242188,0.56,,,2.0303063739124383e-06,20,4.692450219786496e-09,False,False,1130,1.5,362,0.0011024560083336041,,,0.001102462263284804,5.673619322941315e-06,3.2797398980652113,0.9969213855329023,-8.971985549771654e-06,-8.971985549771654e-06,0.7500020303063739,,0.6562628899223482,0.0,0.5698053634498069,0.6562628899223482,,0.03361412924799209,0.03364623288998357,success,0.9999328102918849,0.9999328102918849,0.75,0.9999999964864597,0.01,[0.01],,,,,,,,,-0.004313710842758303,,,
,,,0.02358261742367971,3.729524518903657e-07,7.675536310080839e-06,typ,,1.8100909722866728e-07,True,,1.5133209228515625,0.56,,,7.694743821118344e-06,19,4.330040099290069e-09,False,False,1131,1.5,161,0.0007675530411942864,,,0.0007675536310080838,7.684333362311762e-07,3.254740673626725,0.9893225325021586,-0.000895558899522807,-0.000895558899522807,0.7500076947438211,,0.6843721764019904,0.0,0.5689687513318085,0.5689687513318085,,0.02358261742367971,0.023661477486993647,success,0.9999321724817339,0.6047719304259224,0.75,0.9999999948217717,0.01,[0.01],,,,,,,,,-0.0015814718323669949,,,
,,,0.02815721842749144,8.957169336639785e-07,9.241907337178998e-06,arith,,2.6022560127075956e-07,True,,1.5212631225585938,0.64,,,-2.4499888229279065e-07,20,4.642827551516504e-09,False,False,1132,1.5,336,0.0009241878843284001,,,0.0009241907337178998,3.083118446955014e-06,3.2822414142515752,0.9976817552756109,-9.118616934333064e-06,-9.118616934333064e-06,0.7499997550011177,,0.6110272597509577,0.0,0.4981393971239729,0.6110272597509577,,0.02815721842749144,0.028177463987086246,success,0.9999327989064929,0.9999327989064929,0.75,0.9999998086181903,0.01,[0.01],,,,,,,,,-0.00318112719823717,,,
,,,0.01571921745087042,-1.742231348747684e-07,5.1090563572019935e-06,typ,,8.031033749390932e-08,True,,1.510986328125,0.64,,,-4.058572981024966e-07,15,4.348394722102712e-09,False,False,1133,1.5,206,0.0005109054426208875,,,0.0005109056357201993,3.779549457315071e-07,3.250196418604777,0.9879412446093694,-0.0016511717899172942,-0.0016511717899172942,0.7499995941427019,,0.6459369208057738,0.0,0.476763431481607,0.476763431481607,,0.01571921745087042,0.01577863956968352,success,0.9999428865146419,0.4871905796759233,0.75,0.9999998074433919,0.01,[0.01],,,,,,,,,0.0011083448359900457,,,
,,,0.023758752341649765,5.443769453094078e-07,7.802769248859626e-06,arith,,1.8538376581643783e-07,True,,1.5213775634765625,0.72,,,3.8134271237444395e-06,19,4.658589176106613e-09,False,False,1134,1.5,343,0.000780275677571902,,,0.0007802769248859626,1.5985530532167438e-06,3.2841609961313356,0.9982652382000781,-9.285015509643527e-06,-9.285015509643527e-06,0.7500038134271237,,0.5691800721685149,0.0,0.43214337458878993,0.5691800721685149,,0.023758752341649765,0.02377153639258544,success,0.9999322121628731,0.9999322121628731,0.75,0.9999999948161243,0.01,[0.01],,,,,,,,,-0.00229126907625995,,,
,,,0.009417094546839788,-4.4456139829212096e-07,3.0534224967286e-06,typ,,2.875417070830398e-08,True,,1.5084228515625,0.72,,,3.877154153952844e-06,16,4.25942619285047e-09,False,False,1135,1.5,187,0.0003053401509911926,,,0.00030534224967286003,6.873210863102028e-06,3.2424029457542125,0.9855723129276586,-0.003418201618453496,-0.003418201618453496,0.750003877154154,,0.6097955162933397,0.0,0.3769531371782317,0.3769531371782317,,0.009417094546839788,0.009459728941372248,success,0.9999346431197075,0.36103420733329133,0.75,0.9999989196986383,0.01,[0.01],,,,,,,,,0.004720791493394404,,,
,,,0.020214497582033666,3.2112194232202187e-07,6.641676982370999e-06,arith,,1.3425806018148537e-07,True,,1.5214920043945312,0.8,,,2.055562543512579e-06,20,4.648829323152617e-09,False,False,1136,1.5,295,0.0006641671881116247,,,0.0006641676982370999,7.680672765737527e-07,3.2855982960562238,0.9987021249889941,-9.47135098302947e-06,-9.47135098302947e-06,0.7500020555625435,,0.5310086704556313,0.0,0.37335493425456173,0.5310086704556313,,0.020214497582033666,0.02022263744718987,success,0.9999329476272963,0.9999329476272963,0.75,0.9999999837391838,0.01,[0.01],,,,,,,,,-0.001588572463989558,,,
,,,0.004709712957605167,-5.204564831594715e-07,1.5200973407398506e-06,typ,,7.158951267552768e-09,True,,1.505767822265625,0.8,,,-6.687746311628828e-06,18,4.334700585141578e-09,False,False,1137,1.5,154,0.0001520039826629479,,,0.00015200973407398507,3.7835807504123626e-05,3.2274574699397416,0.9810294330287982,-0.008761499232221538,-0.008761499232221538,0.7499933122536884,,0.5759829954640033,0.0,0.27099393156334184,0.27099393156334184,,0.004709712957605167,0.004737783097291273,success,0.9999499775983721,0.23481754571863478,0.75,0.9999999720983447,0.01,[0.01],,,,,,,,,0.011050704954726527,,,
,,,0.01734665981684119,1.7769820319992392e-07,5.701265914437783e-06,arith,,9.88978887664528e-08,True,,1.5216064453125,0.88,,,-6.993414026101874e-06,16,4.540684853747018e-09,False,False,1138,1.5,380,0.0005701264094107427,,,0.0005701265914437783,3.1928529259177974e-07,3.286663919339846,0.9990260356262345,-9.67773310743558e-06,-9.67773310743558e-06,0.7499930065859739,,0.4964676910450494,0.0,0.3221741165537611,0.4964676910450494,,0.01734665981684119,0.017351903663228075,success,0.999932618035945,0.999932618035945,0.75,0.9999999671616489,0.01,[0.01],,,,,,,,,-0.0010243943507060867,,,
,,,0.0016375389098026456,-4.243234054842831e-07,5.229598335297086e-07,typ,,8.561870253163701e-10,True,,1.5030441284179688,0.88,,,-5.9464660639996225e-08,20,4.434096844727284e-09,False,False,1139,1.5,115,5.2284988172864665e-05,,,5.2295983352970856e-05,0.00021024903637396637,3.1929005081879853,0.9705253762254854,-0.033864565217923415,-0.033864565217923415,0.7499999405353394,,0.5442153329968902,0.0,0.1617133533487165,0.1617133533487165,,0.0016375389098026456,0.0016527359077501383,success,1.0001273534586823,0.1218102777197007,0.75,0.9999996267651521,0.01,[0.01],,,,,,,,,0.025912264004488424,,,
,,,0.015010780594064391,8.410906785049623e-08,4.934725853755817e-06,arith,,7.407408000825036e-08,True,,1.5217437744140625,0.96,,,-9.551179697697698e-06,19,4.556712022302372e-09,False,False,1140,1.5,296,0.0004934725382472177,,,0.0004934725853755817,9.550350987084586e-08,3.287454207693557,0.9992662544804847,-9.904203027334018e-06,-9.904203027334018e-06,0.7499904488203023,,0.46533389681798637,0.0,0.27828296942689323,0.46533389681798637,,0.015010780594064391,0.015014200592242758,success,0.99993259123902,0.99993259123902,0.75,0.9999999909268342,0.01,[0.01],,,,,,,,,-0.0005603244103358282,,,
,,,0.00023595159329920786,-1.6636679455512458e-07,7.361837821809964e-08,typ,,1.734269572633376e-11,True,,1.5013275146484375,0.96,,,6.295044862048016e-06,19,4.3258771195831055e-09,False,False,1141,1.5,119,7.350107487658141e-06,,,7.361837821809964e-06,0.0015933975232476083,3.1150912714276706,0.9468742043248994,-0.2605298482460258,-0.2605298482460258,0.750006295044862,,0.5073782215253525,0.0,0.061815033626089685,0.061815033626089685,,0.00023595159329920786,0.00023921102222271957,success,0.9999483444265943,0.04401589163590221,0.75,0.9999994199902839,0.01,[0.01],,,,,,,,,0.07050886676749689,,,
,,,0.01309329006729138,2.2025000646319617e-08,4.3051321997835835e-06,arith,,5.636834418470203e-08,True,,1.5219268798828125,1.04,,,1.573391842035754e-06,19,4.603395562954471e-09,False,False,1142,1.5,274,0.00043051321627340217,,,0.0004305132199783583,8.605905657031326e-09,3.288044594298542,0.9994457104893557,-1.0150805198890639e-05,-1.0150805198890639e-05,0.750001573391842,,0.4373056072307973,0.0,0.24099096152014585,0.4373056072307973,,0.01309329006729138,0.013095544475071746,success,0.9999325952376807,0.9999325952376807,0.75,0.9999999539430168,0.01,[0.01],,,,,,,,,-0.00016821593757661207,,,
,,,1.939494017270884e-05,-1.4325783200648547e-08,6.15545896341074e-09,typ,,1.191795302666037e-13,True,,1.500732421875,1.04,,,-1.8318420977880834e-06,15,4.21498001306406e-09,False,False,1143,1.5,141,6.144877437379494e-07,,,6.15545896341074e-07,0.001719047449450144,3.1682889365269205,0.9630443555094934,-1.5863413901351717,-1.5863413901351717,0.7499981681579022,,0.291072149791283,0.0,0.016866704086904584,0.016866704086904584,,1.939494017270884e-05,1.7782595123410208e-05,success,0.9999229478572884,0.017670484085954008,0.75,0.9999935307872468,0.01,[0.01],,,,,,,,,0.07386350807519765,,,
,,,0.011506224921546408,-1.9669968767693244e-08,3.783811906670797e-06,arith,,4.353739047207188e-08,True,,1.5221099853515625,1.12,,,4.9031085711526146e-06,19,4.584224336715736e-09,False,False,1144,1.5,274,0.0003783811873044853,,,0.0003783811906670797,8.88679053178638e-09,3.28849114183344,0.9995814446637211,-1.0417843716077776e-05,-1.0417843716077776e-05,0.7500049031085712,,0.4120610845581232,0.0,0.2094702611026472,0.4120610845581232,,0.011506224921546408,0.01150772134644771,success,0.999932160937357,0.999932160937357,0.75,0.9999999711103442,0.01,[0.01],,,,,,,,,0.00017095067150008092,,,
,,,4.512442599128612e-06,-2.5045543249395134e-09,1.45740064231422e-09,typ,,6.570163950009514e-15,True,,1.5006637573242188,1.12,,,7.823730671541185e-06,20,3.475177835352467e-09,False,False,1145,1.5,50,1.4560105321402348e-07,,,1.45740064231422e-07,0.0009538284351088391,3.2266571821243817,0.9807861747026778,-3.8046980457048645,-3.8046980457048645,0.7500078237306715,,0.15287814061034935,0.0,0.00805926481516718,0.00805926481516718,,4.512442599128612e-06,4.059603788755072e-06,success,0.9997708517356065,0.01130431166271707,0.75,0.9969474080207446,0.01,[0.01],,,,,,,,,0.05550329494325673,,,
,,,0.010181795345685236,-4.824079822146808e-08,3.348624330128291e-06,arith,,3.409500529177396e-08,True,,1.5222930908203125,1.2,,,1.7004950259025264e-06,19,4.4851730651813325e-09,False,False,1146,1.5,268,0.00033486241015659863,,,0.0003348624330128291,6.825558264626485e-08,3.288834618921152,0.9996858491789641,-1.070547791744939e-05,-1.070547791744939e-05,0.7500017004950259,,0.38928833644444444,0.0,0.182886962273999,0.38928833644444444,,0.010181795345685236,0.01018278930557593,success,0.9999323015980613,0.9999323015980613,0.75,0.9999999774488675,0.01,[0.01],,,,,,,,,0.00047379461660375247,,,
,,,1.827788685124305e-06,-8.768393060541971e-10,5.948687740776931e-10,typ,,1.0865255672243323e-15,True,,1.5003204345703125,1.2,,,-6.921427453732143e-06,19,3.1976485516057494e-09,False,False,1147,1.5,43,5.944481307205594e-08,,,5.94868774077693e-08,0.0007071195790799837,3.2522803952040653,0.9885746975365379,-6.26313830772143,-6.26313830772143,0.7499930785725463,,0.09884105453476941,0.0,0.005153979231971185,0.005153979231971185,,1.827788685124305e-06,1.6602395518408797e-06,success,1.0002131655568711,0.008735730573455834,0.75,0.9991415320749293,0.01,[0.01],,,,,,,,,0.04797268487273541,,,
,,,0.009067685453423218,-6.837459621190327e-08,2.9824569793834426e-06,arith,,2.7043977092330386e-08,True,,1.52252197265625,1.28,,,9.28205486028233e-06,17,4.503994848541292e-09,False,False,1148,1.5,305,0.0002982456463806956,,,0.00029824569793834426,1.7286971454498336e-07,3.28910445683912,0.9997678700706844,-1.101369709159293e-05,-1.101369709159293e-05,0.7500092820548603,,0.36869969897051347,0.0,0.1604699554634578,0.36869969897051347,,0.009067685453423218,0.009068339367403122,success,0.9999321264959408,0.9999321264959408,0.75,0.9999999788690478,0.01,[0.01],,,,,,,,,0.0007540468464980841,,,
,,,9.5354281658407e-07,-4.3575460778471595e-10,3.1165633939373753e-10,typ,,2.969877815935797e-16,True,,1.5008811950683594,1.28,,,-3.715526081915499e-06,21,2.7104683358198325e-09,False,False,1149,1.5,26,3.114572061457038e-08,,,3.1165633939373754e-08,0.0006389513796545434,3.266315898235744,0.9928409788770939,-8.690215428990006,-8.690215428990006,0.7499962844739181,,0.07201725922203842,0.0,0.0037409363280563684,0.0037409363280563684,,9.5354281658407e-07,8.746687587609145e-07,success,1.0001409269480208,0.007361892569528197,0.75,0.9952583600384305,0.01,[0.01],,,,,,,,,0.04569848361353548,,,
,,,0.008123383286062777,-8.293547608458889e-08,2.672043237209287e-06,arith,,2.1706024494489805e-08,True,,1.522705078125,1.36,,,-6.653804708545152e-06,15,4.461983320727431e-09,False,False,1150,1.5,371,0.00026720423904816424,,,0.0002672043237209287,3.168839608600338e-07,3.2893220674026837,0.9998340157503044,-1.1343048488666129e-05,-1.1343048488666129e-05,0.7499933461952915,,0.35003898009343115,0.0,0.1415473548620644,0.35003898009343115,,0.008123383286062777,0.008123801724641617,success,0.9999323300326083,0.9999323300326083,0.75,0.9999999560081844,0.01,[0.01],,,,,,,,,0.0010209474693491393,,,
,,,5.747713938195008e-07,-2.6005592581897914e-10,1.883835231981955e-10,typ,,1.0820983111670151e-16,True,,1.5004806518554688,1.36,,,-3.681741247429926e-06,20,2.6210336263427953e-09,False,False,1151,1.5,26,1.8826586061915836e-08,,,1.883835231981955e-08,0.0006245906066495229,3.275491136886341,0.9956299169979321,-10.917364388388712,-10.917364388388712,0.7499963182587526,,0.05527543905214129,0.0,0.0029137940212936773,0.0029137940212936773,,5.747713938195008e-07,5.30639554053081e-07,success,1.0002036381725052,0.006532213462603194,0.75,0.9991019022199864,0.01,[0.01],,,,,,,,,0.045245105900424507,,,
,,,0.007317263536914359,-9.40572969036181e-08,2.4070174247742077e-06,arith,,1.761277198824271e-08,True,,1.522979736328125,1.44,,,2.3449338835135336e-06,18,4.458038209182894e-09,False,False,1152,1.5,238,0.00024070162157463986,,,0.00024070174247742076,5.022929192462164e-07,3.2895032461293874,0.9998890874794256,-1.1693161888092895e-05,-1.1693161888092895e-05,0.7500023449338835,,0.3330787332191492,0.0,0.12553550426711046,0.3330787332191492,,0.007317263536914359,0.00731751425754526,success,0.9999324606597709,0.9999324606597709,0.75,0.9999999507566097,0.01,[0.01],,,,,,,,,0.0012854162820447141,,,
,,,3.797826873021907e-07,-1.755213860848033e-10,1.2473962931499923e-10,typ,,4.73431438773564e-17,True,,1.5002861022949219,1.44,,,-3.891629986041423e-06,21,2.1472177707597585e-09,False,False,1153,1.5,20,1.2465850988011404e-08,,,1.2473962931499922e-08,0.0006503100524720285,3.2823642058471205,0.9977190794450168,-12.770773999539143,-12.770773999539143,0.749996108370014,,0.04451018861278237,0.0,0.0023746278479971285,0.0023746278479971285,,3.797826873021907e-07,3.524296964662632e-07,success,1.0000167632721202,0.006017748679319455,0.75,0.9973862985525219,0.01,[0.01],,,,,,,,,0.04621626839591612,,,
,,,0.006624550736082091,-1.0301853820018181e-07,2.179253675738405e-06,arith,,1.443656592890324e-08,True,,1.52325439453125,1.52,,,2.7767477008833197e-06,17,4.4215841720100895e-09,False,False,1154,1.5,250,0.00021792520736947895,,,0.0002179253675738405,7.351340660029059e-07,3.289660175481799,0.9999367882826293,-1.2064616845389002e-05,-1.2064616845389002e-05,0.7500027767477009,,0.3176227267283582,0.0,0.11195382008391258,0.3176227267283582,,0.006624550736082091,0.006624676432654316,success,0.9999321818425804,0.9999321818425804,0.75,0.8987779649869174,0.01,[0.01],,,,,,,,,0.001555102259826744,,,
,,,2.676186303562115e-07,-1.2843171423204658e-10,8.805725294087141e-11,typ,,2.3549266719745904e-17,True,,1.5004520416259766,1.52,,,-1.705211740699042e-07,22,2.359464989359634e-09,False,False,1155,1.5,14,8.799561782526445e-09,,,8.80572529408714e-09,0.0006999436565247076,3.288097607709098,0.9994618246338751,-13.989766954447976,-13.989766954447976,0.7499998294788259,,0.03696289453719135,0.0,0.001997340634401956,0.001997340634401956,,2.676186303562115e-07,2.493362158014817e-07,success,1.0000464215596014,0.005742402314375286,0.75,0.9873830915616535,0.01,[0.01],,,,,,,,,0.047990573025913266,,,
,,,0.0060256420150256815,-1.1081558663234179e-07,1.982319421167908e-06,arith,,1.1944734911296495e-08,True,,1.523529052734375,1.6,,,-4.144670399774952e-06,18,4.330606785261715e-09,False,False,1156,1.5,217,0.00019823173831951557,,,0.00019823194211679077,1.028074855252644e-06,3.2898027766203217,0.999980133831061,-1.2457640665384248e-05,-1.2457640665384248e-05,0.7499958553296002,,0.3035002177796565,0.0,0.10039967235928471,0.3035002177796565,,0.0060256420150256815,0.006025665028756393,success,0.9999324068659478,0.9999324068659478,0.75,0.7060495727561215,0.01,[0.01],,,,,,,,,0.0018390668804421082,,,
,,,1.978399960466137e-07,-9.927953376074483e-11,6.520249226383705e-11,typ,,1.2889804385883131e-17,True,,1.5010700225830078,1.6,,,-7.553526753634188e-06,22,3.1182807262263833e-09,False,False,1157,1.5,21,6.515267207570163e-09,,,6.520249226383705e-09,0.0007640841079175314,3.293200231380454,1.0010128362440647,-14.132300781628706,-14.132300781628706,0.7499924464732464,,0.031622176672914254,0.0,0.0017203574994361646,0.0017203574994361646,,1.978399960466137e-07,1.8497726755786955e-07,success,0.9990180555030389,0.005726700525494757,0.75,0.9944651917498128,0.01,[0.01],,,,,,,,,0.05018173056238501,,,
,,,0.00550489497864676,-1.1819527553404151e-07,1.8110798998944161e-06,arith,,9.96979067673369e-09,True,,1.523895263671875,1.68,,,7.462705285288251e-06,18,4.4265011164960745e-09,False,False,1158,1.5,216,0.00018110773621306237,,,0.00018110798998944162,1.40124341982935e-06,3.2899398974107794,1.0000218135534344,-1.2872036537180651e-05,-1.2872036537180651e-05,0.7500074627052853,,0.2905626984975308,0.0,0.09053635378169667,0.2905626984975308,,0.00550489497864676,0.005504815069470594,success,0.9999322475873689,0.9999322475873689,0.75,0.6785690978953567,0.01,[0.01],,,,,,,,,0.002147094104292919,,,
,,,1.522642434342124e-07,-8.122684935405995e-11,5.026382574829494e-11,typ,,7.646785598617228e-18,True,,1.5003547668457031,1.68,,,-3.4434172575537048e-06,21,3.317867093553211e-09,False,False,1159,1.5,36,5.02204944913486e-09,,,5.026382574829494e-09,0.0008620763800058491,3.2982460857953804,1.0025465920694865,-13.172428340586936,-13.172428340586936,0.7499965565827424,,0.027064829843513844,0.0,0.0015107697243892952,0.0015107697243892952,,1.522642434342124e-07,1.4265187512456622e-07,success,1.0010927740789808,0.005966147344244809,0.75,0.997179346759496,0.01,[0.01],,,,,,,,,0.05334597770431571,,,
,,,0.00504982434699646,-1.257631904548296e-07,1.6614364032603029e-06,arith,,8.389946183790031e-09,True,,1.524261474609375,1.76,,,9.051716631347517e-06,18,4.371800381341515e-09,False,False,1160,1.5,212,0.00016614332711949108,,,0.0001661436403260303,1.885155150051753e-06,3.290081311804637,1.0000647983747435,-1.3308467581209064e-05,-1.3308467581209064e-05,0.7500090517166313,,0.27868372727784596,0.0,0.08209454567705966,0.27868372727784596,,0.00504982434699646,0.005049608349060608,success,0.9999319219072401,0.9999319219072401,0.75,0.6992969541380738,0.01,[0.01],,,,,,,,,0.0024904468316730892,,,
,,,1.215016738692166e-07,-7.136041052785184e-11,4.012917582119026e-11,typ,,4.870669725076008e-18,True,,1.4970502853393555,1.76,,,-6.38300036381878e-07,23,3.693581806545563e-09,False,False,1161,1.5,25,4.0087264397021855e-09,,,4.012917582119026e-09,0.0010444127822398278,3.299317871140726,1.0028723757488893,-11.725679249027007,-11.725679249027007,0.7499993616999636,,0.027200031394372447,0.0,0.001355221845129403,0.001355221845129403,,1.215016738692166e-07,1.1478940894671143e-07,success,1.001226775464149,0.0063587798755470794,0.75,0.9983893632917972,0.01,[0.01],,,,,,,,,0.058732039037308725,,,
,,,0.004650336632187357,-1.340959435183636e-07,1.5300761252292345e-06,arith,,7.115351073466731e-09,True,,1.524627685546875,1.84,,,4.175538877992935e-07,18,4.49348553929626e-09,False,False,1162,1.5,209,0.00015300722584721607,,,0.00015300761252292345,2.5271664657785905e-06,3.290239781528392,1.0001129673946905,-1.3767205209938159e-05,-1.3767205209938159e-05,0.7500004175538878,,0.26775334524230926,0.0,0.07484946913012995,0.26775334524230926,,0.004650336632187357,0.004649900104832247,success,0.9999317513379745,0.9999317513379745,0.75,0.7123329356577808,0.01,[0.01],,,,,,,,,0.0028835749779965824,,,
,,,9.81940253815368e-08,-5.859590818719665e-11,3.2519779958122305e-11,typ,,3.189814618153571e-18,True,,1.5011558532714844,1.84,,,-8.10871351375475e-06,21,3.764476279154203e-09,False,False,1163,1.5,47,3.2484813671294347e-09,,,3.2519779958122306e-09,0.0010752313475978852,3.3082271090398128,1.0055804593367492,-10.55681185428503,-10.55681185428503,0.7499918912864862,,0.02108205210585853,0.0,0.001215676557548315,0.001215676557548315,,9.81940253815368e-08,9.23670756792251e-08,success,0.9995269103045596,0.006728503064117217,0.75,0.9984674982307603,0.01,[0.01],,,,,,,,,0.05967359822506503,,,
,,,0.004298210985309145,-1.4374859627238498e-07,1.4143029862462706e-06,arith,,6.078951968380319e-09,True,,1.52508544921875,1.92,,,5.63618447313452e-06,17,4.218713365147146e-09,False,False,1164,1.5,215,0.00014142981787440328,,,0.00014143029862462707,3.399202493793594e-06,3.290434517007104,1.0001721598822915,-1.4248043710534991e-05,-1.4248043710534991e-05,0.7500056361844731,,0.25767539153251784,0.0,0.06861213450784279,0.25767539153251784,,0.004298210985309145,0.004297393709953551,success,0.9999319901245634,0.9999319901245634,0.75,0.7209536344236706,0.01,[0.01],,,,,,,,,0.003344382040893369,,,
,,,8.10690485183388e-08,-4.8061064869428145e-11,2.6811022061102133e-11,typ,,2.1712341823413576e-18,True,,1.5061368942260742,1.92,,,5.712633981413973e-06,23,3.9075826112366095e-09,False,False,1165,1.5,31,2.6782529485962795e-09,,,2.6811022061102133e-09,0.0010627187234564623,3.3036689063772915,1.0041949318696042,-10.00163198756414,-10.00163198756414,0.7500057126339814,,0.026473307326345563,0.0,0.0011136670069597533,0.0011136670069597533,,8.10690485183388e-08,7.751609109062374e-08,success,0.9970540238573598,0.006928808744979277,0.75,0.9989646827661817,0.01,[0.01],,,,,,,,,0.05928411119634165,,,
,,,0.003986830754844529,-1.5544643468569568e-07,1.3119516263119944e-06,arith,,5.230504929054899e-09,True,,1.525543212890625,2.0,,,-1.9351426179259335e-06,18,4.397973621283708e-09,False,False,1166,1.5,190,0.00013119455654592664,,,0.00013119516263119943,4.619722714119203e-06,3.290697915543764,1.0002522234368034,-1.4751741645693014e-05,-1.4751741645693014e-05,0.7499980648573821,,0.24836905589701025,0.0,0.06323537732861287,0.24836905589701025,,0.003986830754844529,0.00398536684047911,success,0.9999317819179051,0.9999317819179051,0.75,0.7268487267632601,0.01,[0.01],,,,,,,,,0.0038989975808932345,,,
,,,6.94887328727386e-08,-4.731299535079702e-11,2.3096895063752646e-11,typ,,1.6027354517457177e-18,True,,1.5009727478027344,2.0,,,2.3401894755359365e-07,21,3.749908005438093e-09,False,False,1167,1.5,49,2.3064680927208177e-09,,,2.3096895063752646e-09,0.0013947388363479553,3.3191972243109893,1.0089149745286548,-10.061235129254959,-10.061235129254959,0.7500002340189476,,0.01690604284331431,0.0,0.0010239763250798936,0.0010239763250798936,,6.94887328727386e-08,6.553314675775907e-08,success,1.0006117763197457,0.00691235917562236,0.75,0.9987406136808632,0.01,[0.01],,,,,,,,,0.06808729040641144,,,
,,,0.0037107435380946225,-1.7002435163474893e-07,1.2212439893510626e-06,arith,,4.5316943336412045e-09,True,,1.526092529296875,2.08,,,-7.463444395838792e-07,18,4.341956736928443e-09,False,False,1168,1.5,186,0.00012212361989231193,,,0.00012212439893510626,6.379092148043437e-06,3.291082195214695,1.0003690304501287,-1.5278083839959035e-05,-1.5278083839959035e-05,0.7499992536555604,,0.23976305497664732,0.0,0.058590601356436664,0.23976305497664732,,0.0037107435380946225,0.003708235797357806,success,0.9999316336519997,0.9999316336519997,0.75,0.7310294049117823,0.01,[0.01],,,,,,,,,0.00458194833162877,,,
,,,5.982935704949135e-08,-4.1737461010066876e-11,1.9910586448042897e-11,typ,,1.1894955700131554e-18,True,,1.5030784606933594,2.08,,,6.171348127415044e-06,21,3.6964824823178224e-09,False,False,1169,1.5,43,1.9881470045369106e-09,,,1.9910586448042895e-09,0.0014623578642331268,3.323029199348237,1.01007975526804,-10.635532815995344,-10.635532815995344,0.7500061713481274,,0.016233691333739586,0.0,0.0009518104131620038,0.0009518104131620038,,5.982935704949135e-08,5.6621586342844714e-08,success,0.9989369724031959,0.00671759291753493,0.75,0.9984734455633203,0.01,[0.01],,,,,,,,,0.06976083827132104,,,
,,,0.0034655722392301857,-1.887027144945968e-07,1.140762856773137e-06,arith,,3.953360479263446e-09,True,,1.5267333984375,2.16,,,5.716150287993216e-06,16,4.189422316780511e-09,False,False,1170,1.5,219,0.00011407525817847658,,,0.0001140762856773137,9.007120375737492e-06,3.29167162892026,1.0005481968123082,-1.5827341755115902e-05,-1.5827341755115902e-05,0.750005716150288,,0.23179887312062553,0.0,0.054576492617045794,0.23179887312062553,,0.0034655722392301857,0.0034614704058071183,success,0.9999314550760061,0.9999314550760061,0.75,0.7340645328448229,0.01,[0.01],,,,,,,,,0.005445066542214503,,,
,,,5.300330822598422e-08,-4.241041034509192e-11,1.7686711097373815e-11,typ,,9.35655556892401e-19,True,,1.4995965957641602,2.16,,,-8.76612810518651e-06,23,3.4936097858073776e-09,False,False,1171,1.5,25,1.7652776556949086e-09,,,1.7686711097373816e-09,0.0019186461653556796,3.3305046699509653,1.012352025857296,-11.611298388370143,-11.611298388370143,0.7499912338718948,,0.014047444742058187,0.0,0.0008952736569306184,0.0008952736569306184,,5.300330822598422e-08,5.009480287694641e-08,success,0.9989657579262013,0.006417462662148601,0.75,0.9981764367454459,0.01,[0.01],,,,,,,,,0.08001464769759549,,,
,,,0.0032479041327209655,-2.1355885469972911e-07,1.0694191521626037e-06,arith,,3.4733252765354513e-09,True,,1.527374267578125,2.24,,,-6.880489705984871e-06,18,4.405884263445388e-09,False,False,1172,1.5,181,0.00010694051100657446,,,0.00010694191521626037,1.3130582925014463e-05,3.2926006013910247,1.0008305705832354,-1.6400379413007054e-05,-1.6400379413007054e-05,0.749993119510294,,0.22443228993828065,0.0,0.051116129330411625,0.22443228993828065,,0.0032479041327209655,0.0032414844439929173,success,0.9999312378561529,0.9999312378561529,0.75,0.7362938772274763,0.01,[0.01],,,,,,,,,0.00657528196562926,,,
,,,4.776523569933888e-08,-4.346136104204698e-11,1.5931023370219556e-11,typ,,7.59060196306586e-19,True,,1.496337890625,2.24,,,2.709060131556029e-06,15,3.3810859111980765e-09,False,False,1173,1.5,82,1.5891478084281538e-09,,,1.5931023370219555e-09,0.00248228158474369,3.3269966852694695,1.0112857263769108,-12.91579429507098,-12.91579429507098,0.7500027090601316,,0.014566092915257582,0.0,0.0008520109930718552,0.0008520109930718552,,4.776523569933888e-08,4.537027102656542e-08,success,0.9997800905650418,0.006069437539074088,0.75,0.9980237507586893,0.01,[0.01],,,,,,,,,0.09098952492481584,,,
,,,0.00305500990106389,-2.47290828799044e-07,1.0063615519771704e-06,arith,,3.0743833525862705e-09,True,,1.5281982421875,2.32,,,-6.382030240947856e-07,16,4.187553242844663e-09,False,False,1174,1.5,211,0.00010063415347739572,,,0.00010063615519771704,1.9890667696768122e-05,3.294069634352099,1.0012771030585124,-1.6996357625976926e-05,-1.6996357625976926e-05,0.7499993617969759,,0.21762982049149765,0.0,0.04813604213405319,0.21762982049149765,,0.00305500990106389,0.003045389933669426,success,0.999931271380867,0.999931271380867,0.75,0.7380640310657174,0.01,[0.01],,,,,,,,,0.008094599913176266,,,
,,,4.285336300362453e-08,-3.936941353646083e-11,1.4368418745072414e-11,typ,,6.141851135484666e-19,True,,1.4997482299804688,2.32,,,2.7680203191771113e-06,20,3.4236615201233375e-09,False,False,1175,1.5,39,1.4332250038264646e-09,,,1.4368418745072414e-09,0.0025172364092028005,3.344486647886287,1.0166020375194995,-14.516122424238747,-14.516122424238747,0.7500027680203192,,0.011861367927542726,0.0,0.0008056199832936483,0.0008056199832936483,,4.285336300362453e-08,4.056405142811215e-08,success,0.9997746089343664,0.0057078127279856835,0.75,0.9972303915195172,0.01,[0.01],,,,,,,,,0.09187006754436278,,,
,,,0.002885227819688907,-2.9543247859129346e-07,9.511186525650167e-07,arith,,2.7441067158562075e-09,True,,1.52911376953125,2.4,,,-2.532212577843751e-06,17,4.250424905859438e-09,False,False,1176,1.5,187,9.510884017997874e-05,,,9.511186525650167e-05,3.180545891687613e-05,3.2964065967668934,1.0019874544524963,-1.7616143475042206e-05,-1.7616143475042206e-05,0.7499974677874222,,0.2113843710898055,0.0,0.045593607451140356,0.2113843710898055,,0.002885227819688907,0.0028713492651421743,success,0.9999312504780605,0.9999312504780605,0.75,0.739472881250034,0.01,[0.01],,,,,,,,,0.010239485304253991,,,
,,,3.9385839043268605e-08,-3.9030751677810593e-11,1.3241107597788457e-11,typ,,5.199887330245623e-19,True,,1.4996623992919922,2.4,,,2.320016525558799e-07,22,2.9746198237104727e-09,False,False,1177,1.5,28,1.3202428732146891e-09,,,1.3241107597788458e-09,0.002921120106903048,3.352075023117555,1.0189086270005623,-16.35763812084198,-16.35763812084198,0.7500002320016526,,0.011000534835617696,0.0,0.0007725844239773155,0.0007725844239773155,,3.9385839043268605e-08,3.730548345973659e-08,success,0.9992762137254839,0.0053588652552226815,0.75,0.997398586103483,0.01,[0.01],,,,,,,,,0.09909843899715347,,,
,,,0.08654970053225813,1.3732488242260503e-05,2.8229534985951356e-05,arith,,2.44306921796567e-06,True,,1.60308837890625,0.0,,,1.1657207585891172e-06,17,4.7875487846254956e-09,False,False,1178,1.5833333333,737,0.0028227356108009964,,,0.0028229534985951357,7.718433698879251e-05,3.2614042491677115,0.9913480165854673,-9.332255860990406e-06,-9.332255860990406e-06,0.7500011657207586,,0.9046516011838925,0.0,0.9046516011838925,0.9046516011838925,,0.08654970053225813,0.08678164316688008,success,0.9999330833097506,0.9999330833097506,0.75,0.9999999989761998,0.01,[0.01],,,,,,,,,-0.015866592440885726,,,
,,,0.08654957453977923,1.372932443300425e-05,2.8229487141273514e-05,typ,,2.4430616072040046e-06,True,,1.60308837890625,0.0,,,7.935411348025667e-07,17,4.388663307775394e-09,False,False,1179,1.5833333333,358,0.0028227309264023523,,,0.0028229487141273515,7.71490193602548e-05,3.2614035844913265,0.9913478145480731,-1.0705922144299898e-05,-1.0705922144299898e-05,0.7500007935411348,,0.9046514907183961,0.0,0.9046514907183961,0.9046514907183961,,0.08654957453977923,0.08678070833485557,success,0.9999295420252557,0.9999295420252557,0.75,0.9999755523376558,0.01,[0.01],,,,,,,,,-0.015862960050362914,,,
,,,0.08396494403381427,1.281782687028338e-05,2.7390278439381666e-05,arith,,2.299658899547595e-06,True,,1.60308837890625,0.08,,,-4.811234172841239e-06,17,4.827653461893334e-09,False,False,1180,1.5833333333,719,0.0027388321709849272,,,0.0027390278439381665,7.143883318759752e-05,3.2618757774458205,0.9914913439952439,-9.34203119314699e-06,-9.34203119314699e-06,0.7499951887658272,,0.8971129582907164,0.0,0.8970153000519273,0.8971129582907164,,0.08396494403381427,0.08418635049360024,success,0.9999328468587863,0.9999328468587863,0.75,0.9999990048087447,0.01,[0.01],,,,,,,,,-0.015265688577272675,,,
,,,0.08393215811835927,1.2801506905160945e-05,2.737556370380462e-05,typ,,2.2975262627879035e-06,True,,1.6029510498046875,0.08,,,8.36974502149701e-06,19,4.386494342489402e-09,False,False,1181,1.5833333333,332,0.0027373611191409885,,,0.002737556370380462,7.13231850075998e-05,3.2613972766919948,0.9913458972069897,-1.91698693982566e-05,-1.91698693982566e-05,0.7500083697450215,,0.8971601532594635,0.0,0.8970624579134314,0.8970624579134314,,0.08393215811835927,0.08415642560606486,success,0.9999295632484919,0.9917658404154756,0.75,0.9999999989413683,0.01,[0.01],,,,,,,,,-0.015252207487752838,,,
,,,0.07702040622679648,1.0515021207637856e-05,2.51359864647288e-05,arith,,1.9358733227536734e-06,True,,1.6031112670898438,0.16,,,-1.3302625754274544e-06,20,4.779304824664819e-09,False,False,1182,1.5833333333,544,0.002513455092736392,,,0.00251359864647288,5.711084253236471e-05,3.263362550095101,0.9919432686891403,-9.371288705632848e-06,-9.371288705632848e-06,0.7499986697374246,,0.8753197026889997,0.0,0.8738566116471022,0.8753197026889997,,0.07702040622679648,0.07721294460150843,success,0.9999323096241629,0.9999323096241629,0.75,0.9999999988376629,0.01,[0.01],,,,,,,,,-0.013652253633504637,,,
,,,0.07672327204297445,1.0444639740792152e-05,2.5023378793915587e-05,typ,,1.919766408140669e-06,True,,1.6024932861328125,0.16,,,-9.041467185721963e-06,19,4.0707817638552716e-09,False,False,1183,1.5833333333,325,0.002502195692416981,,,0.0025023378793915586,5.6821652962457186e-05,3.261325574091058,0.9913241022297983,-4.57754674335481e-05,-4.57754674335481e-05,0.7499909585328143,,0.8759965725179807,0.0,0.8745274920296068,0.8745274920296068,,0.07672327204297445,0.07692972187296919,success,0.9999296411033776,0.96728489320885,0.75,0.9999999988269174,0.01,[0.01],,,,,,,,,-0.013613391950934875,,,
,,,0.0675933920129488,7.774651059487091e-06,2.207633142031099e-05,arith,,1.4921536787017628e-06,True,,1.6031341552734375,0.24,,,-8.131182977932916e-06,19,4.78519930422093e-09,False,False,1184,1.5833333333,541,0.0022075437173147226,,,0.002207633142031099,4.0507054670491736e-05,3.2659164625024673,0.9927195649732399,-9.420119299185007e-06,-9.420119299185007e-06,0.7499918688170221,,0.8415892180796152,0.0,0.8349462784179343,0.8415892180796152,,0.0675933920129488,0.06774624055264447,success,0.9999319979580064,0.9999319979580064,0.75,0.999999998660692,0.01,[0.01],,,,,,,,,-0.01150208744961003,,,
,,,0.06648609739829049,7.526017022969385e-06,2.168237216379896e-05,typ,,1.4415196665760903e-06,True,,1.6017608642578125,0.24,,,-8.844287634035553e-06,19,4.246250657678486e-09,False,False,1185,1.5833333333,314,0.0021681520242353026,,,0.002168237216379896,3.929097054048587e-05,3.261060746650247,0.9912436043405064,-9.490773827386834e-05,-9.490773827386834e-05,0.749991155712366,,0.8444605803993999,0.0,0.8376914223037305,0.8376914223037305,,0.06648609739829049,0.06666739833504445,success,0.9999297358744134,0.9265178743821004,0.75,0.9999999986251383,0.01,[0.01],,,,,,,,,-0.011319685343966204,,,
,,,0.05758184796140712,5.334362469288911e-06,1.8825822899229193e-05,arith,,1.083997216508838e-06,True,,1.603179931640625,0.32,,,-4.2429122175668965e-06,18,4.7968769299528464e-09,False,False,1186,1.5833333333,534,0.0018825328725735962,,,0.0018825822899229193,2.6249768516151015e-05,3.269316528075514,0.9937530609782078,-9.48847620453326e-06,-9.48847620453326e-06,0.7499957570877824,,0.7992750914177681,0.0,0.7812381018594313,0.7992750914177681,,0.05758184796140712,0.057693612127552474,success,0.9999327937988869,0.9999327937988869,0.75,0.9999999984105749,0.01,[0.01],,,,,,,,,-0.009263965395595054,,,
,,,0.054942695589302926,4.825335837875325e-06,1.7914236485310885e-05,typ,,9.842331580612717e-07,True,,1.6007537841796875,0.32,,,9.435139518343405e-06,19,3.974896364559208e-09,False,False,1187,1.5833333333,297,0.00179138127007532,,,0.0017914236485310885,2.365630028565256e-05,3.2604539163238533,0.9910591500396856,-0.0001757326061906238,-0.0001757326061906238,0.7500094351395183,,0.80649396542659,0.0,0.787490728098177,0.787490728098177,,0.054942695589302926,0.055095649383252024,success,0.9999299222545132,0.8695202213999321,0.75,0.9999931066922155,0.01,[0.01],,,,,,,,,-0.008782488347395163,,,
,,,0.048252929635161625,3.4945011031570315e-06,1.579380196020876e-05,arith,,7.62085003119671e-07,True,,1.6032257080078125,0.4,,,-9.399255725295319e-06,19,4.7311288882815515e-09,False,False,1188,1.5833333333,455,0.0015793548886705198,,,0.001579380196020876,1.6023596104301858e-05,3.2730756466228184,0.9948956960002021,-9.576473587469985e-06,-9.576473587469985e-06,0.7499906007442747,,0.7520721897751544,0.0,0.7157107115694352,0.7520721897751544,,0.048252929635161625,0.048329431628470074,success,0.9999320810847492,0.9999320810847492,0.75,0.9999999980786982,0.01,[0.01],,,,,,,,,-0.007242049611451176,,,
,,,0.04343644174100609,2.7425682906478648e-06,1.4157609189657552e-05,typ,,6.149486450776638e-07,True,,1.5994033813476562,0.4,,,-7.176079069415309e-06,20,4.194731824866856e-09,False,False,1189,1.5833333333,258,0.0014157436024441264,,,0.0014157609189657551,1.22312470959984e-05,3.259345254120105,0.9907221571394558,-0.00030570544010610507,-0.00030570544010610507,0.7499928239209306,,0.7655604265290862,0.0,0.725019081399765,0.725019081399765,,0.04343644174100609,0.04356242634388877,success,0.9999301214175554,0.7963810196697396,0.75,0.9999999978248267,0.01,[0.01],,,,,,,,,-0.00631398010684367,,,
,,,0.040185659921739725,2.2295570506512413e-06,1.3167666224942318e-05,arith,,5.291463859538681e-07,True,,1.6032943725585938,0.48,,,-4.3131033264920404e-06,20,4.697965236690365e-09,False,False,1190,1.5833333333,389,0.001316754252597478,,,0.0013167666224942318,9.39414512982773e-06,3.2766769418788053,0.9959903584941485,-9.684085834694642e-06,-9.684085834694642e-06,0.7499956868966735,,0.7033118989613284,0.0,0.6430965969247608,0.7033118989613284,,0.040185659921739725,0.04023567797937527,success,0.9999322794754443,0.9999322794754443,0.75,0.999999585832842,0.01,[0.01],,,,,,,,,-0.0055481409413040165,,,
,,,0.03280057303688491,1.3028258587553463e-06,1.0684907801537579e-05,typ,,3.504694013814965e-07,True,,1.5977783203125,0.48,,,-1.8476517533727588e-06,16,4.290623499184981e-09,False,False,1191,1.5833333333,275,0.0010684856053806942,,,0.0010684907801537578,4.843067586290838e-06,3.2575211542163007,0.9901676972554497,-0.0005217856417430717,-0.0005217856417430717,0.7499981523482466,,0.7241681042120512,0.0,0.6514199165986067,0.6514199165986067,,0.03280057303688491,0.03290147002324141,success,0.9999301293627301,0.7072571051500668,0.75,0.9999999970619403,0.01,[0.01],,,,,,,,,-0.003971960664499038,,,
,,,0.033492381207733776,1.4050035918039604e-06,1.0984828163936973e-05,arith,,3.6790607833293443e-07,True,,1.603363037109375,0.56,,,-6.288739045734459e-06,18,4.735572646275731e-09,False,False,1192,1.5833333333,422,0.0010984769224111801,,,0.0010984828163936972,5.365566424113334e-06,3.2797814989563334,0.9969340306874895,-9.811451376469924e-06,-9.811451376469924e-06,0.7499937112609543,,0.6555129391469373,0.0,0.568657125696116,0.6555129391469373,,0.033492381207733776,0.03352424025786204,success,0.9999323293206834,0.9999323293206834,0.75,0.9999993873621149,0.01,[0.01],,,,,,,,,-0.004194994626059998,,,
,,,0.023463814872187922,3.9937615062824236e-07,7.636596396704741e-06,typ,,1.791835246045877e-07,True,,1.595855712890625,0.56,,,5.277378774426467e-06,18,4.304072821119533e-09,False,False,1193,1.5833333333,175,0.0007636589598947831,,,0.0007636596396704741,8.901553201443597e-07,3.254624041549022,0.9892870806016681,-0.0009080350016686852,-0.0009080350016686852,0.7500052773787744,,0.683886955847003,0.0,0.5678325618422553,0.5678325618422553,,0.023463814872187922,0.023542537857597887,success,0.9999296784974907,0.6025852061714303,0.75,0.9999999958104459,0.01,[0.01],,,,,,,,,-0.0017020938530401977,,,
,,,0.02805356282264816,8.784849864820215e-07,9.207967578230003e-06,arith,,2.5831552518891134e-07,True,,1.60345458984375,0.64,,,-9.184751414981207e-08,17,4.704966562854203e-09,False,False,1194,1.5833333333,418,0.0009207940068858863,,,0.0009207967578230003,2.9875616856634905e-06,3.282271177843095,0.9976908023225777,-9.958565338911984e-06,-9.958565338911984e-06,0.7499999081524859,,0.6102777460112631,0.0,0.4968794469776603,0.6102777460112631,,0.02805356282264816,0.028073656212580157,success,0.9999321771992852,0.9999321771992852,0.75,0.9999995598336775,0.01,[0.01],,,,,,,,,-0.003131456036567321,,,
,,,0.015613855836918515,-1.1704450832201676e-07,5.074411959971557e-06,typ,,7.92311231007141e-08,True,,1.593658447265625,0.64,,,9.68130956269242e-06,18,4.3357452430021295e-09,False,False,1195,1.5833333333,161,0.0005074411082583097,,,0.0005074411959971556,1.7290445988939902e-07,3.249941036719961,0.9878636178248184,-0.001680551884185291,-0.001680551884185291,0.7500096813095627,,0.6455663918364115,0.0,0.47538191407240016,0.47538191407240016,,0.015613855836918515,0.015673261932661536,success,0.9999243256669571,0.4842927621669348,0.75,0.9999999935761404,0.01,[0.01],,,,,,,,,0.0007496195017073769,,,
,,,0.023669411631705873,5.44819012962347e-07,7.773472089392223e-06,arith,,1.8399321386364435e-07,True,,1.603546142578125,0.72,,,-2.581000857482252e-07,18,4.658893816262205e-09,False,False,1196,1.5833333333,370,0.0007773459548828835,,,0.0007773472089392223,1.6132512272335343e-06,3.2841794590348234,0.9982708502497826,-1.0125591574100946e-05,-1.0125591574100946e-05,0.7499997418999143,,0.5684353774563369,0.0,0.43078750230572477,0.5684353774563369,,0.023669411631705873,0.023682106694626597,success,0.9999323425528757,0.9999323425528757,0.75,0.9999999958211526,0.01,[0.01],,,,,,,,,-0.002301785196183524,,,
,,,0.00932382941720508,-3.743048026175607e-07,3.022685798161171e-06,typ,,2.818286665977788e-08,True,,1.5913009643554688,0.72,,,-3.8537146385131393e-07,20,4.300255279740715e-09,False,False,1197,1.5833333333,127,0.00030226707717080913,,,0.0003022685798161171,4.9712256196171785e-06,3.241876954688184,0.9854124308154727,-0.003502967929834502,-0.003502967929834502,0.7499996146285361,,0.6095666702482093,0.0,0.3752341448469382,0.3752341448469382,,0.00932382941720508,0.009366517609041152,success,0.9998767970950299,0.35747620328893037,0.75,0.9999999890203664,0.01,[0.01],,,,,,,,,0.004014496467801774,,,
,,,0.020136558381587493,3.32183272017153e-07,6.616085819910308e-06,arith,,1.3322508802449088e-07,True,,1.6036376953125,0.8,,,-5.6237803940373254e-06,16,4.650166854387134e-09,False,False,1198,1.5833333333,397,0.0006616080340040108,,,0.0006616085819910308,8.282646793510676e-07,3.2856063159679425,0.9987045627498383,-1.0312628932461726e-05,-1.0312628932461726e-05,0.749994376219606,,0.53027094139885,0.0,0.3719187506713126,0.53027094139885,,0.020136558381587493,0.02014465167216971,success,0.999932245525364,0.999932245525364,0.75,0.9999999462768749,0.01,[0.01],,,,,,,,,-0.001649652665178849,,,
,,,0.004631927272243896,-4.300606993863898e-07,1.4944453933616647e-06,typ,,6.921977422185995e-09,True,,1.5885772705078125,0.8,,,4.368524768150195e-06,19,4.346949936464331e-09,False,False,1199,1.5833333333,138,0.00014944054635021727,,,0.00014944453933616648,2.6718848122167152e-05,3.2263146108902987,0.9806820455339205,-0.009095217108635317,-0.009095217108635317,0.7500043685247682,,0.5759182449786294,0.0,0.2688450154431473,0.2688450154431473,,0.004631927272243896,0.004660060338653579,success,0.99999293756564,0.23087411775377217,0.75,0.9999999773676885,0.01,[0.01],,,,,,,,,0.009284703193926677,,,
,,,0.017277860394378546,1.9466546717638156e-07,5.678651507718299e-06,arith,,9.81149100840399e-08,True,,1.6037750244140625,0.88,,,7.587729439761937e-06,19,4.6416822973729885e-09,False,False,1200,1.5833333333,304,0.0005678649314469641,,,0.0005678651507718299,3.862270214671455e-07,3.286662344092804,0.99902555680855,-1.0519618236564656e-05,-1.0519618236564656e-05,0.7500075877294398,,0.49573703704592187,0.0,0.32066958481042723,0.49573703704592187,,0.017277860394378546,0.017283086032201807,success,0.9999323032366951,0.9999323032366951,0.75,0.9999999939843114,0.01,[0.01],,,,,,,,,-0.0011266757731166592,,,
,,,0.0015831968879022197,-3.5713440944391406e-07,5.051017770348246e-07,typ,,7.995480164890064e-10,True,,1.5862884521484375,0.88,,,1.1169278389955295e-06,19,4.381673104875106e-09,False,False,1201,1.5833333333,132,5.050212153640789e-05,,,5.051017770348246e-05,0.0001594959162856766,3.1898825675007876,0.9696080322577176,-0.03609098842151314,-0.03609098842151314,0.750001116927839,,0.5443252162988412,0.0,0.1590649141134552,0.1590649141134552,,0.0015831968879022197,0.0015983823368746872,success,0.999821450927738,0.11812628552875397,0.75,0.9999952355692626,0.01,[0.01],,,,,,,,,0.022557801381047887,,,
,,,0.014949276462616082,1.0527015228567255e-07,4.914490954070849e-06,arith,,7.346807286362603e-08,True,,1.6038665771484375,0.96,,,-8.125292589755695e-06,19,4.5834952832858805e-09,False,False,1202,1.5833333333,295,0.0004914490212777116,,,0.0004914490954070849,1.508383554145334e-07,3.28744352615785,0.9992630076829618,-1.0747020018514269e-05,-1.0747020018514269e-05,0.7499918747074102,,0.46460997105680174,0.0,0.27672282436173784,0.46460997105680174,,0.014949276462616082,0.014952697587335046,success,0.9999321117867771,0.9999321117867771,0.75,0.9999999928085567,0.01,[0.01],,,,,,,,,-0.000704182256237775,,,
,,,0.00021795199011508907,-1.3145303951454932e-07,6.782720202693151e-08,typ,,1.4765793764110313e-11,True,,1.584503173828125,0.96,,,-8.883712296237078e-06,18,4.3623884964368056e-09,False,False,1203,1.5833333333,136,6.774791896285631e-06,,,6.782720202693151e-06,0.0011688977534960968,3.1083872612074877,0.9448364295729216,-0.2891460884272465,-0.2891460884272465,0.7499911162877038,,0.5060527104262115,0.0,0.059413726758103684,0.059413726758103684,,0.00021795199011508907,0.00022095592772868657,success,0.9999554236977521,0.041799694398162016,0.75,0.999970425071219,0.01,[0.01],,,,,,,,,0.06031284203697146,,,
,,,0.013037674328736532,4.573629980890089e-08,4.286820166273174e-06,arith,,5.589016314192071e-08,True,,1.60400390625,1.04,,,-6.335699141768458e-06,14,4.556810417563009e-09,False,False,1204,1.5833333333,404,0.0004286820005829749,,,0.00042868201662731736,3.7427141394684495e-08,3.2880250708372927,0.999439776068748,-1.0994624965539887e-05,-1.0994624965539887e-05,0.7499936643008582,,0.4365866501805566,0.0,0.23938287280485387,0.4365866501805566,,0.013037674328736532,0.01303994334313534,success,0.9999321020598936,0.9999321020598936,0.75,0.9999999562912606,0.01,[0.01],,,,,,,,,-0.0003508010604935332,,,
,,,1.7995864879836785e-05,-1.1011747692870784e-08,5.703513648511938e-09,typ,,1.025184023716743e-13,True,,1.5840911865234375,1.04,,,2.777348512505995e-06,19,4.094353232810442e-09,False,False,1205,1.5833333333,86,5.696775512386717e-07,,,5.703513648511938e-07,0.0011814008943381203,3.165602515036434,0.9622277812939586,-1.7335969650757874,-1.7335969650757874,0.7500027773485125,,0.2838235137598474,0.0,0.01623388378988246,0.01623388378988246,,1.7995864879836785e-05,1.647307238098989e-05,success,0.9998745356657229,0.01690241221006527,0.75,0.9999944343932667,0.01,[0.01],,,,,,,,,0.06119043328230777,,,
,,,0.011455368821930425,5.521514906757368e-09,3.7670553138258e-06,arith,,4.3153007962000274e-08,True,,1.60418701171875,1.12,,,8.458934297572718e-06,17,4.622261936084845e-09,False,False,1206,1.5833333333,315,0.00037670553111644164,,,0.00037670553138258,7.06489090727493e-10,3.2884627022681956,0.9995728000724825,-1.1262567476697416e-05,-1.1262567476697416e-05,0.7500084589342976,,0.41134422216070365,0.0,0.20781724918206154,0.41134422216070365,,0.011455368821930425,0.011456889642038608,success,0.999931968736874,0.999931968736874,0.75,0.9999999896840606,0.01,[0.01],,,,,,,,,-4.820023687222406e-05,,,
,,,4.271634415541961e-06,-1.9501564808184884e-09,1.3781213763193225e-09,typ,,5.883027589579994e-15,True,,1.5837249755859375,1.12,,,-5.859849945499818e-06,19,3.6425151461092634e-09,False,False,1207,1.5833333333,56,1.3772310589537161e-07,,,1.3781213763193225e-07,0.0006460369753382743,3.2241313862037995,0.9800184248057406,-4.119862609969417,-4.119862609969417,0.7499941401500545,,0.14992500633107628,0.0,0.007845361215870447,0.007845361215870447,,4.271634415541961e-06,3.846960771367645e-06,success,0.9998047746718962,0.0108591575410724,0.75,0.9999772170813224,0.01,[0.01],,,,,,,,,0.04565363725235984,,,
,,,0.010134777611706957,-2.187735789022643e-08,3.3331224268522915e-06,arith,,3.378045407012218e-08,True,,1.6043243408203125,1.2,,,-9.556018822909351e-07,19,4.493898772126118e-09,False,False,1208,1.5833333333,262,0.0003333122379626905,,,0.0003333122426852291,1.4168512280311428e-08,3.288796762325327,0.999674342153671,-1.155137345753795e-05,-1.155137345753795e-05,0.7499990443981177,,0.3885707888064935,0.0,0.18119317867328646,0.3885707888064935,,0.010134777611706957,0.010135803556797999,success,0.9999317189636179,0.9999317189636179,0.75,0.9999999625943932,0.01,[0.01],,,,,,,,,0.0002158642125995473,,,
,,,1.7417164249155584e-06,-6.883121026138554e-10,5.663126016666298e-10,typ,,9.858821864088267e-16,True,,1.5832786560058594,1.2,,,5.505180350140471e-06,21,3.103578504662302e-09,False,False,1209,1.5833333333,31,5.660405863466688e-08,,,5.6631260166662986e-08,0.0004803271535200681,3.2499009497146556,0.9878514328363397,-6.8019854336382135,-6.8019854336382135,0.7500055051803501,,0.09769508834016655,0.0,0.005035154414082607,0.005035154414082607,,1.7417164249155584e-06,1.5845670492890344e-06,success,0.9996722147037693,0.008375973773801806,0.75,0.9999410772718841,0.01,[0.01],,,,,,,,,0.03951918307523718,,,
,,,0.009023755248320426,-4.1075829142842384e-08,2.9679640759904505e-06,arith,,2.6782179720321572e-08,True,,1.6045074462890625,1.28,,,2.219020554639073e-06,19,4.527258589289426e-09,False,False,1210,1.5833333333,256,0.0002967963889014663,,,0.00029679640759904506,6.299799549898319e-08,3.2890562823798706,0.9997532267909869,-1.1860842633272225e-05,-1.1860842633272225e-05,0.7500022190205546,,0.36797793937659046,0.0,0.15873660658572303,0.36797793937659046,,0.009023755248320426,0.009024447488949434,success,0.9999319052942116,0.9999319052942116,0.75,0.9999999846264113,0.01,[0.01],,,,,,,,,0.0004551966228304756,,,
,,,9.100619771554993e-07,-3.448101795715897e-10,2.971798076505597e-10,typ,,2.7033314926122316e-16,True,,1.5839252471923828,1.28,,,4.880229741432984e-06,22,2.746862776770712e-09,False,False,1211,1.5833333333,21,2.9704916373517737e-08,,,2.9717980765055972e-08,0.0004396123559510985,3.264054220390987,0.9921535112483485,-9.517851260550612,-9.517851260550612,0.7500048802297414,,0.07071958047969369,0.0,0.0036560808215683814,0.0036560808215683814,,9.100619771554993e-07,8.354381684134504e-07,success,0.9999442183832772,0.007023168185579219,0.75,0.9996992123424898,0.01,[0.01],,,,,,,,,0.03788864805112862,,,
,,,0.008081894838137638,-5.478668244776468e-08,2.6583474449096077e-06,arith,,2.1484481491410764e-08,True,,1.6046905517578125,1.36,,,-3.409579183433209e-07,19,4.569439826706103e-09,False,False,1212,1.5833333333,246,0.00026583470735139594,,,0.00026583474449096075,1.3970922001906875e-07,3.289262143042855,0.9998158009291037,-1.2191348012992602e-05,-1.2191348012992602e-05,0.7499996590420817,,0.3493084911969176,0.0,0.13977195907746837,0.3493084911969176,,0.008081894838137638,0.00808235741196871,success,0.9999317641558199,0.9999317641558199,0.75,0.9999999791448858,0.01,[0.01],,,,,,,,,0.0006778940278860337,,,
,,,5.480458278237661e-07,-2.0582367503623643e-10,1.7946570572852875e-10,typ,,9.831306787676251e-17,True,,1.5834903717041016,1.36,,,1.1171917595476089e-06,22,2.2855570949340945e-09,False,False,1213,1.5833333333,18,1.793884067453878e-08,,,1.7946570572852876e-08,0.0004307172940210753,3.2732373396166663,0.9949448447767721,-12.122451543524926,-12.122451543524926,0.7500011171917595,,0.05456361453300345,0.0,0.0028467202221741563,0.0028467202221741563,,5.480458278237661e-07,5.064905079894072e-07,success,1.0002068096036967,0.0061823020579565525,0.75,0.9970213027414806,0.01,[0.01],,,,,,,,,0.037555924082761684,,,
,,,0.007277685167387401,-6.49222449278173e-08,2.393943848034696e-06,arith,,1.742236541950254e-08,True,,1.60491943359375,1.44,,,6.7773507186341675e-06,17,4.457327218175504e-09,False,False,1214,1.5833333333,299,0.00023939432688810519,,,0.0002393943848034696,2.4192448988907857e-07,3.2894295559922493,0.9998666883636729,-1.2542882532957998e-05,-1.2542882532957998e-05,0.7500067773507186,,0.3323353845573879,0.0,0.12371909063045858,0.3323353845573879,,0.007277685167387401,0.007277985794053002,success,0.9999318219682873,0.9999318219682873,0.75,0.9999999734403859,0.01,[0.01],,,,,,,,,0.0008920727323949847,,,
,,,3.6127783271144874e-07,-1.3877548579598932e-10,1.185548688982361e-10,typ,,4.2811987457486775e-17,True,,1.5832443237304688,1.44,,,9.63107593632273e-06,20,2.123272724016378e-09,False,False,1215,1.5833333333,23,1.1850156190369019e-08,,,1.1855486889823611e-08,0.0004496398590907136,3.280067338046089,0.9970209153522055,-14.488590849257378,-14.488590849257378,0.7500096310759363,,0.04406555101514519,0.0,0.0023173644387788172,0.0023173644387788172,,3.6127783271144874e-07,3.356370499315729e-07,success,0.9997503790267867,0.0056271657083176935,0.75,0.99833492959128,0.01,[0.01],,,,,,,,,0.038412399884724946,,,
,,,0.0065864103422483096,-7.269104013810578e-08,2.1666465211514696e-06,arith,,1.4270417770921044e-08,True,,1.6051025390625,1.52,,,-6.686409361744694e-06,16,4.4084585891929865e-09,False,False,1216,1.5833333333,261,0.00021666457188954542,,,0.00021666465211514697,3.7027544996104227e-07,3.2895698966667433,0.9999093468134316,-1.2916075162823959e-05,-1.2916075162823959e-05,0.7499933135906383,,0.31686159662230146,0.0,0.11009592683554656,0.31686159662230146,,0.0065864103422483096,0.006586592093332051,success,0.9999318471865899,0.9999318471865899,0.75,0.9999999558287745,0.01,[0.01],,,,,,,,,0.001103651858309397,,,
,,,2.5341499608751847e-07,-1.0090962903149468e-10,8.33052795827518e-11,typ,,2.1100624346301402e-17,True,,1.58441162109375,1.52,,,2.8133991587520057e-06,17,1.883330395167402e-09,False,False,1217,1.5833333333,31,8.326509745703514e-09,,,8.330527958275179e-09,0.0004823478886081348,3.2857210008313404,0.9987394227681543,-16.470359424928205,-16.470359424928205,0.7500028133991588,,0.03694751218431541,0.0,0.0019452155517414688,0.0019452155517414688,,2.5341499608751847e-07,2.364919611960239e-07,success,0.9998445315177596,0.005260089723674329,0.75,0.9993892292302262,0.01,[0.01],,,,,,,,,0.03981991223465122,,,
,,,0.005988478350031746,-7.903943770128806e-08,1.9700259218498257e-06,arith,,1.1797451334766302e-08,True,,1.605377197265625,1.6,,,2.5360086866044185e-06,18,4.329287788163298e-09,False,False,1218,1.5833333333,227,0.0001970024878641126,,,0.00019700259218498258,5.295405954778977e-07,3.2896919108519156,0.99994643467842,-1.3310506063902256e-05,-1.3310506063902256e-05,0.7500025360086866,,0.3027144799940851,0.0,0.09849384162728021,0.3027144799940851,,0.005988478350031746,0.005988564320993801,success,0.9999317243912,0.9999317243912,0.75,0.9077328390660316,0.01,[0.01],,,,,,,,,0.0013198584528717392,,,
,,,1.8655416548479982e-07,-7.741879030407245e-11,6.141812050499669e-11,typ,,1.1451812547362383e-17,True,,1.5850467681884766,1.6,,,8.856265997669865e-06,22,1.8881184100970718e-09,False,False,1219,1.5833333333,13,6.138599220018735e-09,,,6.141812050499669e-09,0.0005231079125374115,3.290518442226314,1.0001976700899347,-17.854685718904907,-17.854685718904907,0.7500088562659977,,0.03200881423308937,0.0,0.0016724527827246217,0.0016724527827246217,,1.8655416548479982e-07,1.7481893606773696e-07,success,1.0001285014988253,0.005045360573654471,0.75,0.9843671554448287,0.01,[0.01],,,,,,,,,0.04149936298816143,,,
,,,0.005468319953804197,-8.456579010964479e-08,1.7989709110159495e-06,arith,,9.837341377648975e-09,True,,1.60565185546875,1.68,,,4.820214407175172e-06,17,4.351834652723529e-09,False,False,1220,1.5833333333,236,0.00017989696032335014,,,0.00017989709110159495,7.269614200739642e-07,3.289803117650414,0.9999802374917788,-1.3726839180397085e-05,-1.3726839180397085e-05,0.7500048202144072,,0.28974613471243527,0.0,0.08858312235253057,0.28974613471243527,,0.005468319953804197,0.005468310705157764,success,0.9999316671380662,0.9999316671380662,0.75,0.7002004874409757,0.01,[0.01],,,,,,,,,0.0015464674858831936,,,
,,,1.4263864650226507e-07,-6.209453326948308e-11,4.7028302477441683e-11,typ,,6.704197681619446e-18,True,,1.5853099822998047,1.68,,,2.3945532385827306e-06,22,2.5657801083865566e-09,False,False,1221,1.5833333333,15,4.700127101607758e-09,,,4.702830247744168e-09,0.0005747913477648874,3.2951287865263925,1.0015990467143827,-18.30743180950205,-18.30743180950205,0.7500023945532386,,0.027845126866327702,0.0,0.0014644332862220385,0.0014644332862220385,,1.4263864650226507e-07,1.3403549793890828e-07,success,0.9984736079955302,0.004989937556211371,0.75,0.9915692249145583,0.01,[0.01],,,,,,,,,0.043532755527441874,,,
,,,0.005013424107669547,-8.976650985854142e-08,1.6493735515210334e-06,arith,,8.269001067721796e-09,True,,1.605926513671875,1.76,,,-2.510223184870597e-08,18,4.392795043600599e-09,False,False,1222,1.5833333333,215,0.00016493719442310615,,,0.00016493735515210335,9.744851131379781e-07,3.2899110643917973,1.0000130493666006,-1.4165335114347307e-05,-1.4165335114347307e-05,0.7499999748977682,,0.27782778574511074,0.0,0.08008934029286369,0.27782778574511074,,0.005013424107669547,0.0050132872476612265,success,0.9999314792772329,0.9999314792772329,0.75,0.678241215652529,0.01,[0.01],,,,,,,,,0.0017905229625639774,,,
,,,1.1316810672377535e-07,-5.5073984589178484e-11,3.735213053515289e-11,typ,,4.224036750984042e-18,True,,1.581057071685791,1.76,,,-1.416759180861149e-06,24,3.0228882038682555e-09,False,False,1223,1.5833333333,13,3.732532842750668e-09,,,3.7352130535152894e-09,0.0007175523126047915,3.2982197465414558,1.0025385858963347,-17.828227131001736,-17.828227131001736,0.7499985832408191,,0.02532895250469143,0.0,0.0013067635248685326,0.0013067635248685326,,1.1316810672377535e-07,1.0672708198821688e-07,success,1.0020921640358447,0.005077420397849722,0.75,0.9959751591320087,0.01,[0.01],,,,,,,,,0.04866564103931241,,,
,,,0.004613666885775474,-9.504064592542246e-08,1.5179100597666788e-06,arith,,7.003122345606618e-09,True,,1.6062469482421875,1.84,,,4.287973989214322e-07,19,4.3061583633688565e-09,False,False,1224,1.5833333333,194,0.00015179081019477461,,,0.0001517910059766679,1.2898122126190982e-06,3.290025351911841,1.0000477886070198,-1.4626020115253544e-05,-1.4626020115253544e-05,0.7500004287973989,,0.2668471204151626,0.0,0.07278487947797066,0.2668471204151626,,0.004613666885775474,0.0046133185267671194,success,0.9999311455044608,0.9999311455044608,0.75,0.6994923595501065,0.01,[0.01],,,,,,,,,0.002059980667838091,,,
,,,9.099454995135344e-08,-4.456850606680069e-11,3.009529586525314e-11,typ,,2.7365215511785113e-18,True,,1.5850868225097656,1.84,,,-2.7950776115837073e-07,21,3.125164710225558e-09,False,False,1225,1.5833333333,33,3.0073466516857127e-09,,,3.009529586525314e-09,0.0007253408803074011,3.3049744773653686,1.0045917778631275,-16.863209263228388,-16.863209263228388,0.7499997204922388,,0.021202288871636586,0.0,0.0011713627373277742,0.0011713627373277742,,9.099454995135344e-08,8.575578515273204e-08,success,0.9996089487222635,0.005248895064093871,0.75,0.9975186996036649,0.01,[0.01],,,,,,,,,0.048979313695850395,,,
,,,0.004260837824751523,-1.0075251858531524e-07,1.4018866762370392e-06,arith,,5.973201625055968e-09,True,,1.6065673828125,1.92,,,-6.643558500329938e-06,16,4.398724089190033e-09,False,False,1226,1.5833333333,236,0.0001401884293825312,,,0.00014018866762370393,1.6994324631163045e-06,3.2901611173315777,1.000089056346096,-1.5109419254761788e-05,-1.5109419254761788e-05,0.7499933564414997,,0.2567068791227348,0.0,0.06648555756800277,0.2567068791227348,,0.004260837824751523,0.004260116723593112,success,0.9999313921128735,0.9999313921128735,0.75,0.7126344726951764,0.01,[0.01],,,,,,,,,0.002364617540710805,,,
,,,7.52048770039727e-08,-3.894227767728006e-11,2.4911504244329246e-11,typ,,1.8719501116880304e-18,True,,1.5853300094604492,1.92,,,4.179135677073731e-06,23,3.356858430242583e-09,False,False,1227,1.5833333333,21,2.4891339315522644e-09,,,2.4911504244329244e-09,0.0008094625121319454,3.309803872720616,1.0060597380241387,-15.92284650360008,-15.92284650360008,0.7500041791356771,,0.01902984120360718,0.0,0.0010657705505982904,0.0010657705505982904,,7.52048770039727e-08,7.099178120222727e-08,success,0.9980541284604296,0.005423566622058491,0.75,0.997929202255416,0.01,[0.01],,,,,,,,,0.05178158548842907,,,
,,,0.003948184352410928,-1.0723223006109668e-07,1.2990911552234043e-06,arith,,5.129039872657318e-09,True,,1.6069793701171875,2.0,,,5.942786112100862e-07,19,4.3795417495159534e-09,False,False,1228,1.5833333333,183,0.00012990882428084465,,,0.00012990911552234044,2.24188652674542e-06,3.2903434258716118,1.0001444714972891,-1.561530121080572e-05,-1.561530121080572e-05,0.7500005942786112,,0.24732055814663648,0.0,0.06103454091516761,0.24732055814663648,,0.003948184352410928,0.0039468238993242855,success,0.9999313006343221,0.9999313006343221,0.75,0.7212595429367976,0.01,[0.01],,,,,,,,,0.0027159884263159126,,,
,,,6.352079708181444e-08,-3.6012520272839497e-11,2.1082990101040458e-11,typ,,1.3379114344696919e-18,True,,1.583953857421875,2.0,,,-1.2279318341024137e-06,18,3.4529475514577013e-09,False,False,1229,1.5833333333,56,2.1062573140360143e-09,,,2.108299010104046e-09,0.0009684091574519047,3.315854666186204,1.007898958691865,-15.35457093712474,-15.35457093712474,0.7499987720681659,,0.01665462020897529,0.0,0.0009795319490603102,0.0009795319490603102,,6.352079708181444e-08,5.996776719474767e-08,success,1.0002047289391331,0.0055349945439973,0.75,0.9976073377407583,0.01,[0.01],,,,,,,,,0.05669406230286368,,,
,,,0.0036702125152534935,-1.1490814868194427e-07,1.2077291645921658e-06,arith,,4.43260949104018e-09,True,,1.607391357421875,2.08,,,-2.1995628791682265e-06,18,4.346479298934979e-09,False,False,1230,1.5833333333,193,0.00012077255670123039,,,0.00012077291645921658,2.9787968754824953e-06,3.2906148131558233,1.0002269633398746,-1.614449172572985e-05,-1.614449172572985e-05,0.7499978004371208,,0.23861376512351123,0.0,0.05630894158746662,0.23861376512351123,,0.0036702125152534935,0.003667810977064035,success,0.9999310441543133,0.9999310441543133,0.75,0.7271430028261233,0.01,[0.01],,,,,,,,,0.0031308309315709426,,,
,,,5.4351025170703436e-08,-3.209727123417576e-11,1.8068913768494767e-11,typ,,9.810337522180487e-19,True,,1.5850696563720703,2.08,,,6.012421583823091e-06,22,3.43194509401015e-09,False,False,1231,1.5833333333,28,1.804995856355715e-09,,,1.8068913768494766e-09,0.0010490506059454452,3.320996891386426,1.009462007723391,-15.296616026665063,-15.296616026665063,0.7500060124215838,,0.015339358768500766,0.0,0.0009069292763388598,0.0009069292763388598,,5.4351025170703436e-08,5.1407621769325305e-08,success,0.9997727542684104,0.005550782918387597,0.75,0.9977817631563558,0.01,[0.01],,,,,,,,,0.059055502878493996,,,
,,,0.003422363209355601,-1.242594062123943e-07,1.1263188047940586e-06,arith,,3.854656599132527e-09,True,,1.60784912109375,2.16,,,-4.716857892272941e-06,17,4.334015452499839e-09,False,False,1232,1.5833333333,200,0.00011263142931747218,,,0.00011263188047940586,4.0056326126477e-06,3.2910425465530766,1.0003569787021538,-1.6697041379246796e-05,-1.6697041379246796e-05,0.7499952831421077,,0.23052003164359386,0.0,0.05220262530429122,0.23052003164359386,,0.003422363209355601,0.0034183630605158317,success,0.9999309056925274,0.9999309056925274,0.75,0.7313087915812888,0.01,[0.01],,,,,,,,,0.0036308070947207024,,,
,,,4.764035018165798e-08,-3.2420114405408046e-11,1.5860119425714465e-11,typ,,7.545305795458938e-19,True,,1.5817251205444336,2.16,,,9.773028841086884e-06,23,3.1168013173995236e-09,False,False,1233,1.5833333333,22,1.5838056955265529e-09,,,1.5860119425714466e-09,0.0013910658461478375,3.3245047307320887,1.01052826302698,-15.71880694828152,-15.71880694828152,0.7500097730288411,,0.014187352948602346,0.0,0.0008496861960122006,0.0008496861960122006,,4.764035018165798e-08,4.5122982089101964e-08,success,1.0002148942438065,0.005474826608254431,0.75,0.9971775341485326,0.01,[0.01],,,,,,,,,0.06805179702035465,,,
,,,0.0032008828775437472,-1.3587352855925644e-07,1.0536492126801602e-06,arith,,3.372589262189612e-09,True,,1.6083984375,2.24,,,1.2719976684172352e-06,13,4.33009700763087e-09,False,False,1234,1.5833333333,244,0.00010536434450165282,,,0.00010536492126801602,5.473988460842193e-06,3.2917275805638337,1.0005652040725692,-1.7272972929928063e-05,-1.7272972929928063e-05,0.7500012719976684,,0.22298163656386336,0.0,0.04862780177643806,0.22298163656386336,,0.0032008828775437472,0.0031945610232484746,success,0.9999308696953811,0.9999308696953811,0.75,0.7343514509668515,0.01,[0.01],,,,,,,,,0.0042448766092785415,,,
,,,4.138724514761488e-08,-2.4502539316896093e-11,1.3721126376391641e-11,typ,,5.672792466081495e-19,True,,1.590871810913086,2.24,,,-9.539150622961401e-06,22,3.018616005584865e-09,False,False,1235,1.5833333333,27,1.370662010928363e-09,,,1.3721126376391642e-09,0.0010572213031265097,3.3117981301718826,1.0066659196004886,-16.55910473447094,-16.55910473447094,0.749990460849377,,0.01905849772536817,0.0,0.0007980471762993639,0.0007980471762993639,,4.138724514761488e-08,3.9805010978212173e-08,success,0.9992669335958057,0.005328712596166699,0.75,0.9973967111991504,0.01,[0.01],,,,,,,,,0.05920311736019994,,,
,,,0.003002764792179988,-1.508892382433027e-07,9.887631744626394e-07,arith,,2.969000480518315e-09,True,,1.60894775390625,2.32,,,-7.1794882670062066e-06,17,4.313806000750258e-09,False,False,1236,1.5833333333,189,9.88755592262969e-05,,,9.887631744626394e-05,7.668367781417275e-06,3.29281732234891,1.0008964458551546,-1.7873225495064525e-05,-1.7873225495064525e-05,0.749992820511733,,0.21595149804217822,0.0,0.0455178063275671,0.21595149804217822,,0.003002764792179988,0.002993221580502424,success,0.9999307249946675,0.9999307249946675,0.75,0.7366386125967999,0.01,[0.01],,,,,,,,,0.005025010238439558,,,
,,,3.749927958172205e-08,-2.772745798623371e-11,1.254506930362874e-11,typ,,4.696622492624749e-19,True,,1.5839195251464844,2.32,,,3.1338201447184133e-06,21,3.290187871895848e-09,False,False,1237,1.5833333333,30,1.25245672583907e-09,,,1.254506930362874e-09,0.0016342711819145328,3.339948766507888,1.0152226869820358,-17.74546108862354,-17.74546108862354,0.7500031338201447,,0.01162592545171938,0.0,0.0007541690375289358,0.0007541690375289358,,3.749927958172205e-08,3.554823113725326e-08,success,0.9997663923598991,0.005138253220074535,0.75,0.9965200005078748,0.01,[0.01],,,,,,,,,0.07394130846115952,,,
,,,0.0028255019776731423,-1.7024259158221106e-07,9.308735466733525e-07,arith,,2.630156064549181e-09,True,,1.60968017578125,2.4,,,7.368284062225783e-06,17,4.252954825029628e-09,False,False,1238,1.5833333333,192,9.308632891898265e-05,,,9.308735466733524e-05,1.1019201869634443e-05,3.2945058844248662,1.001409707179723,-1.8496879592169832e-05,-1.8496879592169832e-05,0.7500073682840622,,0.20939001179872116,0.0,0.04280827272261011,0.20939001179872116,,0.0028255019776731423,0.0028116993656925335,success,0.9999305767227086,0.9999305767227086,0.75,0.7384280580348517,0.01,[0.01],,,,,,,,,0.006025215799792477,,,
,,,3.417167552775665e-08,-2.846835834845053e-11,1.1449544146286168e-11,typ,,3.9043966008056065e-19,True,,1.5819053649902344,2.4,,,-6.701766819716681e-06,21,2.9296486027711225e-09,False,False,1239,1.5833333333,30,1.1425827210708996e-09,,,1.1449544146286168e-09,0.0020714305542779998,3.3436543670292465,1.0163490544748248,-19.24578317388095,-19.24578317388095,0.7499932982331803,,0.010974996600499979,0.0,0.0007203952219149184,0.0007203952219149184,,3.417167552775665e-08,3.243562047393194e-08,success,0.9997111961889268,0.004922678089262815,0.75,0.9962293255727156,0.01,[0.01],,,,,,,,,0.08330981114849495,,,
,,,0.08627576254733196,1.3044645409692556e-05,2.814049245245071e-05,arith,,2.42767228201876e-06,True,,1.6854400634765625,0.0,,,-3.285189985380299e-06,19,4.800220254723866e-09,False,False,1240,1.6666666667,640,0.0028138520139847027,,,0.002814049245245071,7.00880628516773e-05,3.2614629310763705,0.9913658537467985,-1.0196527427292238e-05,-1.0196527427292238e-05,0.7499967148100146,,0.9041067067087594,0.0,0.9041067067087594,0.9041067067087594,,0.08627576254733196,0.08650667965646937,success,0.999931872393903,0.999931872393903,0.75,0.9999995437826145,0.01,[0.01],,,,,,,,,-0.01511971036191781,,,
,,,0.08370053840318036,1.2178224450431932e-05,2.73043497657684e-05,arith,,2.285240466992801e-06,True,,1.6854400634765625,0.08,,,-8.446219872171312e-06,19,4.802318386559552e-09,False,False,1242,1.6666666667,625,0.0027302577863775952,,,0.0027304349765768397,6.489449511322762e-05,3.2619357515074885,0.991509573923992,-1.0206339988421656e-05,-1.0206339988421656e-05,0.7499915537801278,,0.8965627300221671,0.0,0.8964646777192778,0.8965627300221671,,0.08370053840318036,0.0839209399235858,success,0.9999317163324486,0.9999317163324486,0.75,0.9999999991280306,0.01,[0.01],,,,,,,,,-0.014549756408698558,,,
,,,0.07678087169036953,9.996074725330504e-06,2.5058162903487113e-05,arith,,1.923887669179107e-06,True,,1.6854629516601562,0.16,,,-2.4224721275611927e-06,20,4.768999575872493e-09,False,False,1244,1.6666666667,544,0.0025056861518028537,,,0.0025058162903487113,5.19345916773082e-05,3.2634249867693765,0.9919622471623611,-1.0235702953924602e-05,-1.0235702953924602e-05,0.7499975775278724,,0.874754888212103,0.0,0.8732855690260867,0.874754888212103,,0.07678087169036953,0.07697247765467846,success,0.9999322741123862,0.9999322741123862,0.75,0.9999996392090793,0.01,[0.01],,,,,,,,,-0.013018964887037472,,,
,,,0.06738608943972395,7.39878837304129e-06,2.2008972913447197e-05,arith,,1.4830438751526254e-06,True,,1.68548583984375,0.24,,,-5.393566826605856e-06,17,4.778894904672017e-09,False,False,1246,1.6666666667,626,0.0022008160548909585,,,0.0022008972913447195,3.69106064514789e-05,3.265979778897189,0.9927388108494115,-1.0284713659394437e-05,-1.0284713659394437e-05,0.7499946064331734,,0.8410043423418713,0.0,0.8343331731095563,0.8410043423418713,,0.06738608943972395,0.06753813741240522,success,0.9999320001588967,0.9999320001588967,0.75,0.9999992539726357,0.01,[0.01],,,,,,,,,-0.010979696899698294,,,
,,,0.05740698537656477,5.085015445356987e-06,1.8768960415233033e-05,arith,,1.0774435787085263e-06,True,,1.6855316162109375,0.32,,,1.6457918226020496e-06,19,4.805585924448864e-09,False,False,1248,1.6666666667,493,0.0018768509993008107,,,0.0018768960415233033,2.3998251099746183e-05,3.2693773884649873,0.9937715603183029,-1.0353319296110982e-05,-1.0353319296110982e-05,0.7500016457918226,,0.7986696616167397,0.0,0.7805571868301558,0.7986696616167397,,0.05740698537656477,0.05751811724988183,success,0.9999316618239645,0.9999316618239645,0.75,0.9999997131138562,0.01,[0.01],,,,,,,,,-0.008857833958709909,,,
,,,0.04810686671174895,3.340031624588839e-06,1.5746237579947677e-05,arith,,7.57490996658822e-07,True,,1.685577392578125,0.4,,,1.7778687496639023e-06,18,4.727548585708951e-09,False,False,1250,1.6666666667,487,0.0015746005683505114,,,0.0015746237579947677,1.4727101720993409e-05,3.273130586087314,0.9949123955949162,-1.0441640674185935e-05,-1.0441640674185935e-05,0.7500017778687497,,0.7514500936430403,0.0,0.714939814705001,0.7514500936430403,,0.04810686671174895,0.04818290515783827,success,0.9999319782932359,0.9999319782932359,0.75,0.999998985209992,0.01,[0.01],,,,,,,,,-0.00694294152350836,,,
,,,0.04006341123474063,2.142003601947013e-06,1.3127786353055087e-05,arith,,5.259393150848312e-07,True,,1.6856231689453125,0.48,,,-4.743372369331311e-06,19,4.714064495402634e-09,False,False,1252,1.6666666667,421,0.0013127671830120335,,,0.0013127786353055086,8.723704946969134e-06,3.2767234305641932,0.9960044893600369,-1.0549729924124937e-05,-1.0549729924124937e-05,0.7499952566276307,,0.7026796514794442,0.0,0.642224472379165,0.7026796514794442,,0.04006341123474063,0.04011310892034659,success,0.9999318206415112,0.9999318206415112,0.75,0.9999999980816945,0.01,[0.01],,,,,,,,,-0.0053465332479966,,,
,,,0.032685161854465954,1.2682976287644429e-06,1.0647212586624353e-05,typ,,3.4800425811384894e-07,True,,1.6803359985351562,0.48,,,-8.553718116033338e-07,20,4.3008407524330836e-09,False,False,1253,1.6666666667,212,0.001064716337227803,,,0.0010647212586624352,4.622275165614432e-06,3.257491402271655,0.9901586537487083,-0.0005273269751355208,-0.0005273269751355208,0.7499991446281884,,0.7236831801519444,0.0,0.6506035607254731,0.6506035607254731,,0.032685161854465954,0.03278579960893797,success,0.9999294562026345,0.7059532449989745,0.75,0.9999999975911773,0.01,[0.01],,,,,,,,,-0.00388034678981144,,,
,,,0.033389531780393854,1.3582903103698764e-06,1.0951215175638565e-05,arith,,3.656541021883481e-07,True,,1.6856918334960938,0.56,,,-1.0958646520231596e-06,20,4.721497968790222e-09,False,False,1254,1.6666666667,360,0.001095115992021961,,,0.0010951215175638565,5.045597047398195e-06,3.2798183551199327,0.9969452336178507,-1.0677566374236633e-05,-1.0677566374236633e-05,0.749998904135348,,0.6548771006730398,0.0,0.5676839815961472,0.6548771006730398,,0.033389531780393854,0.03342118006794724,success,0.999931749548635,0.999931749548635,0.75,0.9999999976678304,0.01,[0.01],,,,,,,,,-0.004068012451637482,,,
,,,0.023363900890354103,4.167785725642423e-07,7.603853494380607e-06,typ,,1.7765550572310267e-07,True,,1.6784820556640625,0.56,,,2.6632836117590486e-06,19,4.157249431739783e-09,False,False,1255,1.6666666667,160,0.0007603846059647025,,,0.0007603853494380607,9.77758657148226e-07,3.254527613060672,0.9892577698559386,-0.0009190272198805692,-0.0009190272198805692,0.7500026632836118,,0.6834767946792745,0.0,0.566871535140427,0.566871535140427,,0.023363900890354103,0.02344250290441178,success,0.99992938513485,0.6007597672828943,0.75,0.99999999657386,0.01,[0.01],,,,,,,,,-0.0017838569617298424,,,
,,,0.027966108033838324,8.582441461056725e-07,9.179337169895177e-06,arith,,2.567095983893019e-07,True,,1.685760498046875,0.64,,,-1.9860610487310026e-06,18,4.619506887302719e-09,False,False,1256,1.6666666667,390,0.000917931083147821,,,0.0009179337169895177,2.8693157773470164e-06,3.2822982806086074,0.9976990405754227,-1.0825308278596016e-05,-1.0825308278596016e-05,0.7499980139389513,,0.609643986722878,0.0,0.4958153279104061,0.609643986722878,,0.027966108033838324,0.027986068482445066,success,0.999932368645828,0.999932368645828,0.75,0.9999999971733883,0.01,[0.01],,,,,,,,,-0.003068872311682475,,,
,,,0.015525622745146971,-6.347027186366411e-08,5.0454076669094445e-06,typ,,7.833309200343278e-08,True,,1.67633056640625,0.64,,,-3.5166803558084325e-06,17,4.185283066055345e-09,False,False,1257,1.6666666667,176,0.0005045407407436735,,,0.0005045407666909444,5.14275012626812e-08,3.2497294892817346,0.9877993151143055,-0.001706081138241241,-0.001706081138241241,0.7499964833196442,,0.6452547278496145,0.0,0.47421931876708895,0.47421931876708895,,0.015525622745146971,0.015585007930110386,success,0.9999394514407342,0.48188952982668287,0.75,0.9999999947564913,0.01,[0.01],,,,,,,,,0.000408809829438267,,,
,,,0.023594259796771017,5.400102846163518e-07,7.748833079309331e-06,arith,,1.8282768918393e-07,True,,1.68585205078125,0.72,,,4.714604824096469e-06,17,4.6801954067362196e-09,False,False,1258,1.6666666667,390,0.0007748820719900305,,,0.0007748833079309331,1.5950026151337643e-06,3.2841974220190484,0.9982763103422528,-1.0992955742109185e-05,-1.0992955742109185e-05,0.7500047146048241,,0.5678073080472678,0.0,0.4296455954674001,0.5678073080472678,,0.023594259796771017,0.02360687499007854,success,0.999931634361151,0.999931634361151,0.75,0.9999999417708361,0.01,[0.01],,,,,,,,,-0.00228873585892385,,,
,,,0.009246306686713559,-3.0256754111631347e-07,2.9971460885556925e-06,typ,,2.771244037255295e-08,True,,1.674041748046875,0.72,,,9.921826078729268e-06,18,4.164595310076473e-09,False,False,1259,1.6666666667,157,0.00029971361876168594,,,0.00029971460885556923,3.3034555341523034e-06,3.241441463242379,0.9852800572892075,-0.003576067782230844,-0.003576067782230844,0.7500099218260787,,0.6093757556819706,0.0,0.3737972491417765,0.3737972491417765,,0.009246306686713559,0.009289031140820539,success,0.9999208927866626,0.3545502189944545,0.75,0.9999999910239388,0.01,[0.01],,,,,,,,,0.003272307001790094,,,
,,,0.02007120138438858,3.3684888168109387e-07,6.594631604143936e-06,arith,,1.3236206551545735e-07,True,,1.685943603515625,0.8,,,6.0736402692773694e-06,18,4.584668885995269e-09,False,False,1260,1.6666666667,340,0.000659462595091138,,,0.0006594631604143936,8.572476667115202e-07,3.285615955226623,0.9987074927331352,-1.1180693329786444e-05,-1.1180693329786444e-05,0.7500060736402693,,0.5296505597020528,0.0,0.37071293936895233,0.5296505597020528,,0.02007120138438858,0.0200792502736239,success,0.9999317211948016,0.9999317211948016,0.75,0.9999999615942231,0.01,[0.01],,,,,,,,,-0.001678269652274505,,,
,,,0.0045672926471910635,-3.680071519652919e-07,1.4731420076911532e-06,typ,,6.7281352307321875e-09,True,,1.6716384887695312,0.8,,,-7.501970629153476e-07,20,4.342653581437648e-09,False,False,1261,1.6666666667,122,0.00014731123557125392,,,0.00014731420076911531,2.0128391193180643e-05,3.225351361311432,0.9803892527714992,-0.009383315810237682,-0.009383315810237682,0.7499992498029371,,0.5758680763061541,0.0,0.2670419740120174,0.2670419740120174,,0.0045672926471910635,0.004595466992299701,success,0.9999902988564042,0.22766650884234604,0.75,0.9999999814691743,0.01,[0.01],,,,,,,,,0.008057446290235429,,,
,,,0.01722031097020365,2.0562977577440689e-07,5.65974075004531e-06,arith,,9.746245344290919e-08,True,,1.68603515625,0.88,,,3.093277982424425e-06,14,4.564993427353965e-09,False,False,1262,1.6666666667,436,0.0005659738294595769,,,0.000565974075004531,4.3384487913002754e-07,3.286664395543628,0.999026180374827,-1.138863335537778e-05,-1.138863335537778e-05,0.7500030932779824,,0.4951252293046015,0.0,0.31941333069131,0.4951252293046015,,0.01722031097020365,0.017225515890746,success,0.9999319278548905,0.9999319278548905,0.75,0.9999999951278286,0.01,[0.01],,,,,,,,,-0.0011941118608729462,,,
,,,0.001538819256532926,-3.0491285969909736e-07,4.905327073505476e-07,typ,,7.547482041782432e-10,True,,1.6695442199707031,0.88,,,2.183292981072782e-06,21,4.349090926791675e-09,False,False,1263,1.6666666667,98,4.9047228969485794e-05,,,4.905327073505476e-05,0.00012316743569662917,3.1873287756999376,0.968831772633603,-0.03804447445088988,-0.03804447445088988,0.7500021832929811,,0.5444214276234998,0.0,0.1568660876130074,0.1568660876130074,,0.001538819256532926,0.0015539817427773005,success,0.9998519355388108,0.11517801987428589,0.75,0.9999969010046545,0.01,[0.01],,,,,,,,,0.019814728624210787,,,
,,,0.014898040441713181,1.1965769673130501e-07,4.897640369701097e-06,arith,,7.296522997880966e-08,True,,1.686126708984375,0.96,,,-3.733770911340528e-06,18,4.62021507020241e-09,False,False,1264,1.6666666667,313,0.0004897639408637497,,,0.0004897640369701098,1.9622992464068886e-07,3.287438658660467,0.9992615281411732,-1.1616900891271514e-05,-1.1616900891271514e-05,0.7499962662290887,,0.4640058913005285,0.0,0.2754239389669812,0.4640058913005285,,0.014898040441713181,0.01490145671534025,success,0.9999316743694547,0.9999316743694547,0.75,0.9999999942070938,0.01,[0.01],,,,,,,,,-0.0008031774192012136,,,
,,,0.00020390002642571724,-1.0559015711926131e-07,6.332397485842648e-08,typ,,1.2900610865734142e-11,True,,1.6676788330078125,0.96,,,5.28427551271804e-07,19,4.4091733341818465e-09,False,False,1265,1.6666666667,117,6.326929472191099e-06,,,6.3323974858426485e-06,0.0008634981717074071,3.102956671021355,0.9431857280963154,-0.3146629381751699,-0.3146629381751699,0.7500005284275513,,0.5048250254677712,0.0,0.057465834789788166,0.057465834789788166,,0.00020390002642571724,0.00020668316419295333,success,0.9999892422807456,0.04009033891265273,0.75,0.9999995805583956,0.01,[0.01],,,,,,,,,0.051785259163626855,,,
,,,0.012991542333400248,6.225609734685539e-08,4.271637167105443e-06,arith,,5.5495151213554615e-08,True,,1.6862640380859375,1.04,,,5.33347971010123e-06,19,4.577717947788729e-09,False,False,1266,1.6666666667,279,0.00042716368687712217,,,0.00042716371671054426,6.984072128667961e-08,3.288013662388009,0.9994363083159932,-1.1865441524752966e-05,-1.1865441524752966e-05,0.7500053334797101,,0.4359890559371811,0.0,0.2380481397891957,0.4359890559371811,,0.012991542333400248,0.012993817383099661,success,0.9999313814775238,0.9999313814775238,0.75,0.9999999362047042,0.01,[0.01],,,,,,,,,-0.000479204822254243,,,
,,,1.693754630697716e-05,-8.642117156652263e-09,5.363040433752698e-09,typ,,9.076205950392789e-14,True,,1.6672897338867188,1.04,,,-2.5469791540277953e-06,20,4.09468078599748e-09,False,False,1267,1.6666666667,72,5.358630929117512e-07,,,5.363040433752698e-07,0.0008222023849446111,3.1637586885357223,0.9616673252435088,-1.8591711363444425,-1.8591711363444425,0.749997453020846,,0.27820434654820364,0.0,0.015740887123499102,0.015740887123499102,,1.693754630697716e-05,1.5487617930614808e-05,success,0.9999274650332903,0.01632398661526901,0.75,0.9999952174909293,0.01,[0.01],,,,,,,,,0.05102343043096081,,,
,,,0.011413374736463207,2.3683361600887698e-08,3.753225389195607e-06,arith,,4.283696727639581e-08,True,,1.6863555908203125,1.12,,,-8.759804013935835e-06,19,4.5671233012780404e-09,False,False,1268,1.6666666667,266,0.00037532253400513675,,,0.0003753225389195607,1.3093868465517536e-08,3.2884448523894014,0.9995673743599406,-1.21347862342741e-05,-1.21347862342741e-05,0.7499912401959861,,0.41075187460229895,0.0,0.20645397967984233,0.41075187460229895,,0.011413374736463207,0.01141490934282409,success,0.999931713297804,0.999931713297804,0.75,0.9999999918388638,0.01,[0.01],,,,,,,,,-0.00020750533604425164,,,
,,,4.084161366855322e-06,-1.555635255540899e-09,1.3166454193588294e-09,typ,,5.374972354544073e-15,True,,1.6669120788574219,1.12,,,4.7499351567559245e-06,21,3.6628003202540325e-09,False,False,1269,1.6666666667,40,1.3160528861969614e-07,,,1.3166454193588293e-07,0.00045003244849053486,3.2223332233571407,0.9794718488417252,-4.384255919460484,-4.384255919460484,0.7500047499351568,,0.1476974059209566,0.0,0.00767490318029886,0.00767490318029886,,4.084161366855322e-06,3.681603363136078e-06,success,0.9999551632430751,0.010525550199724783,0.75,0.9999807785521757,0.01,[0.01],,,,,,,,,0.038089466008016486,,,
,,,0.010096159362943277,-2.888004238968163e-09,3.320397019835409e-06,arith,,3.352325745215965e-08,True,,1.686492919921875,1.2,,,-8.654244300854153e-06,18,4.50654046193164e-09,False,False,1270,1.6666666667,281,0.0003320397019009296,,,0.0003320397019835409,2.487995445728784e-10,3.2887723931898387,0.999666934824715,-1.2424708804884064e-05,-1.2424708804884064e-05,0.7499913457556991,,0.3879808278279305,0.0,0.17980076409652068,0.3879808278279305,,0.010096159362943277,0.01009720481654697,success,0.9999313954953597,0.9999313954953597,0.75,0.9999999902630933,0.01,[0.01],,,,,,,,,2.8604978736451317e-05,,,
,,,1.6726883237867932e-06,-5.621108549998093e-10,5.435142756748647e-10,typ,,9.08814014119474e-16,True,,1.6672554016113281,1.2,,,7.42225358207893e-06,21,2.992008698659306e-09,False,False,1271,1.6666666667,31,5.4332537699672166e-08,,,5.4351427567486474e-08,0.0003475505365678351,3.2482164744636304,0.9873394137575894,-7.252189429688082,-7.252189429688082,0.7500074222535821,,0.09635135359447332,0.0,0.004936546802394403,0.004936546802394403,,1.6726883237867932e-06,1.5231098893915944e-06,success,1.0001130059359875,0.008109954061184046,0.75,0.9999529679899901,0.01,[0.01],,,,,,,,,0.03360523577561948,,,
,,,0.008987882276443596,-2.1465413276965576e-08,2.9561370041048995e-06,arith,,2.656941092516953e-08,True,,1.686676025390625,1.28,,,4.393308216776859e-06,18,4.5158666271329785e-09,False,False,1272,1.6666666667,272,0.0002956136952839879,,,0.00029561370041048993,1.734189594762556e-08,3.28902500268349,0.9997437189034031,-1.273536960531168e-05,-1.273536960531168e-05,0.7500043933082168,,0.36738784106439665,0.0,0.15731631278941136,0.36738784106439665,,0.008987882276443596,0.008988598558583954,success,0.9999313389361808,0.9999313389361808,0.75,0.9999999604042674,0.01,[0.01],,,,,,,,,0.0002388261507744091,,,
,,,8.752444659859911e-07,-2.8138984481181484e-10,2.8562337001526635e-10,typ,,2.4991109371736774e-16,True,,1.66790771484375,1.28,,,4.7312476048055885e-06,17,2.736460009762932e-09,False,False,1273,1.6666666667,43,2.8553290358235493e-08,,,2.8562337001526634e-08,0.00031673330129315447,3.2623217247159957,0.9916268957110125,-10.200925851530547,-10.200925851530547,0.7500047312476048,,0.07142048352412869,0.0,0.0035899630228320946,0.0035899630228320946,,8.752444659859911e-07,8.054943697341734e-07,success,0.9991903566268359,0.006777860068520462,0.75,0.999905256794117,0.01,[0.01],,,,,,,,,0.032149857068198666,,,
,,,0.00804824733241016,-3.458680139966793e-08,2.647248387112949e-06,arith,,2.130570857356206e-08,True,,1.6868133544921875,1.36,,,-4.115863214138038e-06,19,4.511499657237638e-09,False,False,1274,1.6666666667,247,0.0002647248238478497,,,0.0002647248387112949,5.6146772214107774e-08,3.2892232670560104,0.9998039840460967,-1.3067372197229595e-05,-1.3067372197229595e-05,0.7499958841367859,,0.34871565754814715,0.0,0.13832519840244487,0.34871565754814715,,0.00804824733241016,0.008048737828916923,success,0.9999312648990685,0.9999312648990685,0.75,0.999999982483543,0.01,[0.01],,,,,,,,,0.000429743271685842,,,
,,,5.266903802754856e-07,-1.6695274373663302e-10,1.7236329749037063e-10,typ,,9.075421748209877e-17,True,,1.6674442291259766,1.36,,,-9.706569221723527e-07,22,2.5315946367454524e-09,False,False,1275,1.6666666667,17,1.7231037604034033e-08,,,1.7236329749037064e-08,0.0003070343327195897,3.2715686956388557,0.9944376378280438,-13.103571581358885,-13.103571581358885,0.7499990293430778,,0.05435705180330507,0.0,0.0027925048169003086,0.0027925048169003086,,5.266903802754856e-07,4.873819798977899e-07,success,0.9993291264327763,0.005936587741583821,0.75,0.9965855655760592,0.01,[0.01],,,,,,,,,0.03169846080145005,,,
,,,0.007245825492205613,-4.415117984183851e-08,2.3834291166860404e-06,arith,,1.7269909503222138e-08,True,,1.6869964599609375,1.44,,,-8.766055956677121e-07,19,4.4537141042773125e-09,False,False,1276,1.6666666667,244,0.00023834288476584902,,,0.00023834291166860403,1.1287415605985609e-07,3.289382072784339,0.999852255199187,-1.342049625672906e-05,-1.342049625672906e-05,0.7499991233944043,,0.3317366989186691,0.0,0.12224534048909548,0.3317366989186691,,0.007245825492205613,0.007246157637123849,success,0.9999313442934807,0.9999313442934807,0.75,0.9999999626900141,0.01,[0.01],,,,,,,,,0.0006093326411094533,,,
,,,3.465272678192885e-07,-1.1199137308764701e-10,1.1364189868421997e-10,typ,,3.936747459319309e-17,True,,1.6672096252441406,1.44,,,-1.038872313952055e-06,21,2.0622447256113638e-09,False,False,1277,1.6666666667,19,1.1360570508905217e-08,,,1.1364189868421997e-08,0.00031848812442300203,3.278405933362125,0.996515908884941,-15.849466041523469,-15.849466041523469,0.749998961127686,,0.04365361954418036,0.0,0.0022705114456555557,0.0022705114456555557,,3.465272678192885e-07,3.222021991020626e-07,success,1.0002141999703273,0.00536598496033393,0.75,0.9997232021361585,0.01,[0.01],,,,,,,,,0.032318199312975776,,,
,,,0.006555947358744967,-5.130061262879086e-08,2.156587379131927e-06,arith,,1.4138470700369833e-08,True,,1.6871795654296875,1.52,,,-2.9669302261670083e-06,19,4.44698945190629e-09,False,False,1278,1.6666666667,251,0.00021565869777020937,,,0.00021565873791319268,1.8614123267069508e-07,3.289512346107273,0.9998918535410171,-1.3795170337895413e-05,-1.3795170337895413e-05,0.7499970330697738,,0.31625317117888724,0.0,0.10859203403128788,0.31625317117888724,,0.006555947358744967,0.006556164225606202,success,0.9999309076183013,0.9999309076183013,0.75,0.9999999681104155,0.01,[0.01],,,,,,,,,0.0007825049504151532,,,
,,,2.4268582612521414e-07,-8.136252480823659e-11,7.972508463511721e-11,typ,,1.9341528167132866e-17,True,,1.667449951171875,1.52,,,-2.1218919638021916e-06,18,1.8603402538005594e-09,False,False,1279,1.6666666667,27,7.969780714409573e-09,,,7.97250846351172e-09,0.00034214439716572924,3.283991010788389,0.9982135688516305,-18.331867287628008,-18.331867287628008,0.7499978781080362,,0.03638102687596195,0.0,0.0019039883650711486,0.0019039883650711486,,2.4268582612521414e-07,2.2657365053949e-07,success,0.9995104303916703,0.004966601836850911,0.75,0.9993030783144844,0.01,[0.01],,,,,,,,,0.03352586597548448,,,
,,,0.005959086152406594,-5.6877565207638777e-08,1.9603148457674958e-06,arith,,1.1681681816712727e-08,True,,1.687408447265625,1.6,,,4.8243512020818e-06,18,4.429694926953241e-09,False,False,1280,1.6666666667,223,0.00019603143028893864,,,0.00019603148457674957,2.7693414169988974e-07,3.2896223561018796,0.9999252925696153,-1.4191390837119925e-05,-1.4191390837119925e-05,0.7500048243512021,,0.3020927743193986,0.0,0.0969599252901366,0.3020927743193986,,0.005959086152406594,0.00595921095517685,success,0.9999312969768356,0.9999312969768356,0.75,0.9999999550348644,0.01,[0.01],,,,,,,,,0.0009544679125786528,,,
,,,1.7773184946394403e-07,-6.12963128196741e-11,5.844591125658963e-11,typ,,1.0383942663273933e-17,True,,1.6700077056884766,1.6,,,1.8252915960914606e-06,22,1.65343179041335e-09,False,False,1281,1.6666666667,13,5.842477133160365e-09,,,5.844591125658963e-09,0.00036170066530699305,3.287242635904496,0.9992019443682059,-20.429610172500173,-20.429610172500173,0.7500018252915961,,0.03564312785389441,0.0,0.0016379547830358597,0.0016379547830358597,,1.7773184946394403e-07,1.6768123305806543e-07,success,0.9990467517353641,0.00468987297054531,0.75,0.997954685543053,0.01,[0.01],,,,,,,,,0.03448808584648703,,,
,,,0.00543969808830598,-6.14367069329213e-08,1.7895084710464793e-06,arith,,9.734382034489932e-09,True,,1.687591552734375,1.68,,,-6.7702046429030105e-06,18,4.434502091760468e-09,False,False,1282,1.6666666667,218,0.00017895077771717645,,,0.00017895084710464794,3.8774597948418673e-07,3.289718929472884,0.9999546473543908,-1.4609875333405757e-05,-1.4609875333405757e-05,0.7499932297953571,,0.2891069420626758,0.0,0.087018280585569,0.2891069420626758,,0.00543969808830598,0.005439731473867929,success,0.9999311174478361,0.9999311174478361,0.75,0.919070780707691,0.01,[0.01],,,,,,,,,0.001129413911132222,,,
,,,1.3575960364394445e-07,-5.037673168720969e-11,4.473476032508095e-11,typ,,6.070635515744357e-18,True,,1.6673698425292969,1.68,,,1.888011626705044e-06,21,1.619784546383287e-09,False,False,1283,1.6666666667,15,4.471606687704953e-09,,,4.473476032508095e-09,0.00041787298949584595,3.293768225364444,1.0011854857123434,-21.963535641157726,-21.963535641157726,0.7500018880116267,,0.02658894285246575,0.0,0.001427912031373676,0.001427912031373676,,1.3575960364394445e-07,1.2743345040126824e-07,success,0.9990761819120181,0.004516972606782542,0.75,0.9805117875223938,0.01,[0.01],,,,,,,,,0.03710730610213942,,,
,,,0.004985262860153824,-6.543016929656555e-08,1.6400569267202812e-06,arith,,8.176110604209585e-09,True,,1.6878662109375,1.76,,,3.036597760464055e-06,16,4.39395989658311e-09,False,False,1284,1.6666666667,241,0.0001640056067967759,,,0.00016400569267202813,5.236114114251285e-07,3.2898086098456076,0.9999819069189323,-1.5050149642638084e-05,-1.5050149642638084e-05,0.7500030365977605,,0.27716526168221967,0.0,0.07848781092313065,0.27716526168221967,,0.004985262860153824,0.004985172401690018,success,0.9999309338624267,0.9999309338624267,0.75,0.6951236986405871,0.01,[0.01],,,,,,,,,0.001312471802029445,,,
,,,1.0594242388652088e-07,-3.913854641866852e-11,3.486819753996182e-11,typ,,3.692489538121814e-18,True,,1.672877311706543,1.76,,,2.128190012995468e-06,23,2.1457024082356233e-09,False,False,1285,1.6666666667,10,3.4853738499290754e-09,,,3.486819753996182e-09,0.00041467703211486574,3.289875502246765,1.000002239770718,-22.66726022741846,-22.66726022741846,0.750002128190013,,0.03718935908626914,0.0,0.001276598527143076,0.001276598527143076,,1.0594242388652088e-07,1.0185659273064402e-07,success,0.9968181998335969,0.00445046765787799,0.75,0.9907213550748238,0.01,[0.01],,,,,,,,,0.036943223482022045,,,
,,,0.0045856901340625665,-6.916451983994093e-08,1.508647193308568e-06,arith,,6.918183766405477e-09,True,,1.688140869140625,1.84,,,6.646013444466803e-06,18,4.340587548361049e-09,False,False,1286,1.6666666667,210,0.00015086461501219014,,,0.0001508647193308568,6.914715854267565e-07,3.289899897325504,1.0000096549854767,-1.5512969348122573e-05,-1.5512969348122573e-05,0.7500066460134445,,0.2661554593243625,0.0,0.0711450550588771,0.2661554593243625,,0.0045856901340625665,0.00458539120361255,success,0.9999309355684467,0.9999309355684467,0.75,0.6781136186590427,0.01,[0.01],,,,,,,,,0.0015082685008781112,,,
,,,8.576250014218378e-08,-3.594483643971431e-11,2.8345340278926323e-11,typ,,2.4296752184349885e-18,True,,1.6672782897949219,1.84,,,1.2552668574583592e-06,21,2.5626203647947056e-09,False,False,1287,1.6666666667,22,2.8330275055028514e-09,,,2.834534027892632e-09,0.0005314885533058165,3.3033406218405905,1.0040951453361142,-22.55289430083915,-22.55289430083915,0.7500012552668575,,0.020537081247400484,0.0,0.0011370564601946402,0.0011370564601946402,,8.576250014218378e-08,8.080616571920679e-08,success,1.0000511512792172,0.004475718930942638,0.75,0.9933483996021789,0.01,[0.01],,,,,,,,,0.0419120669058413,,,
,,,0.0042327496061480285,-7.290802537384983e-08,1.3925785328145076e-06,arith,,5.8944309207206425e-09,True,,1.68841552734375,1.92,,,3.68929220251335e-06,17,4.288467207828249e-09,False,False,1288,1.6666666667,219,0.00013925772769924868,,,0.00013925785328145076,9.017961940511184e-07,3.290006276227116,1.0000419902941544,-1.5998631114549325e-05,-1.5998631114549325e-05,0.7500036892922025,,0.2559785945238899,0.0,0.06480341930482728,0.2559785945238899,,0.0042327496061480285,0.004232079327442002,success,0.9999306085354307,0.9999306085354307,0.75,0.699784954188705,0.01,[0.01],,,,,,,,,0.0017224743289315204,,,
,,,7.049214812048543e-08,-3.131991865549189e-11,2.3334207553022675e-11,typ,,1.6438974777972377e-18,True,,1.667468547821045,1.92,,,-5.762298513567465e-06,24,2.744749985341266e-09,False,False,1289,1.6666666667,9,2.3320291998868897e-09,,,2.3334207553022677e-09,0.0005963585488026226,3.308211286030008,1.0055756497185027,-21.952087493610183,-21.952087493610183,0.7499942377014864,,0.018362833862465188,0.0,0.0010316682796786337,0.0010316682796786337,,7.049214812048543e-08,6.65212780078087e-08,success,0.9986237476490911,0.004556053855675657,0.75,0.9957157781549908,0.01,[0.01],,,,,,,,,0.044430364927963,,,
,,,0.003919695948387742,-7.689839019533198e-08,1.2896406860819654e-06,arith,,5.054993458749053e-09,True,,1.688690185546875,2.0,,,-4.862595052834706e-06,18,4.252857763439181e-09,False,False,1290,1.6666666667,198,0.00012896391774541298,,,0.00012896406860819654,1.1698047772830753e-06,3.290151058743694,1.0000859989020057,-1.650744919066212e-05,-1.650744919066212e-05,0.7499951374049472,,0.2465473171348478,0.0,0.05930883396648992,0.2465473171348478,,0.003919695948387742,0.0039183833102480765,success,0.999930690660496,0.999930690660496,0.75,0.7129869260181938,0.01,[0.01],,,,,,,,,0.0019618457964057645,,,
,,,5.916604710003426e-08,-2.8990443836634436e-11,1.9615015465265142e-11,typ,,1.1597024830519328e-18,True,,1.666010856628418,2.0,,,-6.015381723845081e-07,23,2.8602089758045585e-09,False,False,1291,1.6666666667,19,1.9600810598199677e-09,,,1.9615015465265143e-09,0.0007241833222420918,3.3128477494972497,1.0069849656177488,-21.282028316324965,-21.282028316324965,0.7499993984618276,,0.016593731573177405,0.0,0.0009458654941343261,0.0009458654941343261,,5.916604710003426e-08,5.591639943852117e-08,success,0.9992501014632089,0.004646932197769357,0.75,0.996850662384554,0.01,[0.01],,,,,,,,,0.04899844633463378,,,
,,,0.0036409464730180366,-8.132099211436918e-08,1.198009186032164e-06,arith,,4.361880707423258e-09,True,,1.689056396484375,2.08,,,1.9118272722717933e-06,18,4.278116792044473e-09,False,False,1292,1.6666666667,191,0.00011980073697176954,,,0.0001198009186032164,1.5161106357082253e-06,3.2903734745780224,1.0001536052087905,-1.7039165813688244e-05,-1.7039165813688244e-05,0.7500019118272723,,0.23778329699270534,0.0,0.054530867339302666,0.23778329699270534,,0.0036409464730180366,0.0036385857350505414,success,0.9999305850573528,0.9999305850573528,0.75,0.721587962096889,0.01,[0.01],,,,,,,,,0.002233512431918862,,,
,,,5.008876939271797e-08,-2.3662405156465314e-11,1.6616974950751452e-11,typ,,8.317639168949717e-19,True,,1.6700706481933594,2.08,,,-5.937125573396429e-06,21,2.928716001044916e-09,False,False,1293,1.6666666667,29,1.6605796608289117e-09,,,1.661697495075145e-09,0.0006727062233326876,3.315273425484338,1.0077222827041825,-20.840702215057835,-20.840702215057835,0.7499940628744266,,0.016273438193834682,0.0,0.0008721964918368333,0.0008721964918368333,,5.008876939271797e-08,4.754546533746007e-08,success,0.999773649634586,0.004710994741241075,0.75,0.9967399219460353,0.01,[0.01],,,,,,,,,0.047240939323027996,,,
,,,0.0033919154722538408,-8.643666042745906e-08,1.1161924975063476e-06,arith,,3.786023131009171e-09,True,,1.689422607421875,2.16,,,6.702233674715785e-07,18,4.326602032744958e-09,False,False,1294,1.6666666667,182,0.00011161902948287376,,,0.00011161924975063475,1.973385070105257e-06,3.290737354628291,1.0002642114809817,-1.7594677142853407e-05,-1.7594677142853407e-05,0.7500006702233675,,0.22961786941384177,0.0,0.05036675397188805,0.22961786941384177,,0.0033919154722538408,0.00338794060527089,success,0.9999306483534013,0.9999306483534013,0.75,0.7274391367642016,0.01,[0.01],,,,,,,,,0.0025483141055406113,,,
,,,4.37130449504479e-08,-2.5715776153492937e-11,1.4524498307253333e-11,typ,,6.342487462444928e-19,True,,1.6640167236328125,2.16,,,-5.8459157070700485e-06,19,2.9195451170675654e-09,False,False,1295,1.6666666667,39,1.4509370073932452e-09,,,1.4524498307253333e-09,0.0010415666690068218,3.3192311563698986,1.008925288637771,-20.744484936339386,-20.744484936339386,0.7499941540842929,,0.01457088331131526,0.0,0.0008148413969032654,0.0008148413969032654,,4.37130449504479e-08,4.149794718239408e-08,success,1.0002911454313894,0.004727031458057661,0.75,0.9965455044803108,0.01,[0.01],,,,,,,,,0.05882860867423843,,,
,,,0.0031687743757534523,-9.256631118996626e-08,1.0429537918672095e-06,arith,,3.3048766822417454e-09,True,,1.689788818359375,2.24,,,-8.859500963520617e-06,18,4.269444581847004e-09,False,False,1296,1.6666666667,184,0.00010429510878179616,,,0.00010429537918672094,2.5926836537914914e-06,3.2913390609262767,1.0004471082639326,-1.8174350686110392e-05,-1.8174350686110392e-05,0.7499911404990365,,0.22198909728556548,0.0,0.0467287590378283,0.22198909728556548,,0.0031687743757534523,0.0031624456471388363,success,0.999930463913666,0.999930463913666,0.75,0.7315818671002845,0.01,[0.01],,,,,,,,,0.002921202339246902,,,
,,,3.7761348481614756e-08,-1.8671512555706025e-11,1.2526448029462838e-11,typ,,4.726669438962648e-19,True,,1.6729545593261719,2.24,,,-5.7284278425218105e-06,21,3.100144907410059e-09,False,False,1297,1.6666666667,30,1.2517215695472233e-09,,,1.2526448029462838e-09,0.0007370272856989904,3.314822218694498,1.0075851322861402,-21.076823884639158,-21.076823884639158,0.7499942715721575,,0.016528703505335682,0.0,0.0007607303883445077,0.0007607303883445077,,3.7761348481614756e-08,3.616945411279468e-08,success,0.9980211451054111,0.004690587421933971,0.75,0.9955567584267264,0.01,[0.01],,,,,,,,,0.04944609582678651,,,
,,,0.0029683102224782477,-9.993641832093013e-08,9.772641525941685e-07,arith,,2.900813186919106e-09,True,,1.69024658203125,2.32,,,-7.609270056940787e-06,17,4.3465069412295355e-09,False,False,1298,1.6666666667,191,9.772607879567289e-05,,,9.772641525941685e-05,3.4429150304102153e-06,3.2923135208583822,1.0007433085651314,-1.8777912596433088e-05,-1.8777912596433088e-05,0.7499923907299431,,0.21484140870988594,0.0,0.04354108323673818,0.21484140870988594,,0.0029683102224782477,0.002958720127076777,success,0.9999299929193681,0.9999299929193681,0.75,0.7346233856350176,0.01,[0.01],,,,,,,,,0.003366778093614926,,,
,,,3.373127087408323e-08,-2.029674971867694e-11,1.1265417157858215e-11,typ,,3.795848796121177e-19,True,,1.6680450439453125,2.32,,,1.5052398709691772e-06,19,3.0561581357779183e-09,False,False,1299,1.6666666667,36,1.125320421602509e-09,,,1.1265417157858216e-09,0.0010841091512183124,3.3361340751235296,1.0140631598431555,-21.80611753347394,-21.80611753347394,0.750001505239871,,0.01156832558230364,0.0,0.0007157555751233134,0.0007157555751233134,,3.373127087408323e-08,3.201915744507136e-08,success,0.9999195722641471,0.0046089252472466665,0.75,0.9958752940455907,0.01,[0.01],,,,,,,,,0.060171909307667255,,,
,,,0.0027878747543294284,-1.0889708516559422e-07,9.182859009585247e-07,arith,,2.560054221963767e-09,True,,1.6907958984375,2.4,,,2.5118716731054036e-06,16,4.304435838825843e-09,False,False,1300,1.6666666667,198,9.182816473330203e-05,,,9.182859009585246e-05,4.632136352981829e-06,3.2938411092785835,1.0012076397656908,-1.9405693324705273e-05,-1.9405693324705273e-05,0.7500025118716731,,0.2081270930988297,0.0,0.040743418519749025,0.2081270930988297,,0.0027878747543294284,0.0027739576693587504,success,0.9999303049392317,0.9999303049392317,0.75,0.7369223516979274,0.01,[0.01],,,,,,,,,0.003906096749736786,,,
,,,3.0276470275232805e-08,-1.9406543446371715e-11,1.01322434835311e-11,typ,,3.0639195472201473e-19,True,,1.6680564880371094,2.4,,,-3.0868965668062742e-06,21,2.9385845021667345e-09,False,False,1301,1.6666666667,25,1.0119804321201006e-09,,,1.01322434835311e-09,0.001227680952427948,3.3424650328143946,1.0159875402236396,-22.88870387251522,-22.88870387251522,0.7499969131034332,,0.010692836384418375,0.0,0.0006784287663888792,0.0006784287663888792,,3.0276470275232805e-08,2.876662511406194e-08,success,0.9999119971588006,0.0044930534477222416,0.75,0.9956699051478083,0.01,[0.01],,,,,,,,,0.06409777384864752,,,
,,,0.08604072616772399,1.242277604005635e-05,2.806409394608223e-05,arith,,2.4145006969956003e-06,True,,1.76788330078125,0.0,,,-8.09633915987984e-06,17,4.853504539049344e-09,False,False,1302,1.75,740,0.002806230031449153,,,0.002806409394608223,6.391197215010052e-05,3.261513653405031,0.9913812714859294,-1.1085950400195588e-05,-1.1085950400195588e-05,0.7499919036608401,,0.9036374508868903,0.0,0.9036374508868903,0.9036374508868903,,0.08604072616772399,0.08627076414409102,success,0.9999310016107196,0.9999310016107196,0.75,0.9999988827661102,0.01,[0.01],,,,,,,,,-0.014438251039211291,,,
,,,0.0834745031600094,1.1589587870082326e-05,2.7230886833191916e-05,arith,,2.272950430460139e-06,True,,1.7679061889648438,0.08,,,8.325437467981978e-06,20,4.81017226591579e-09,False,False,1304,1.75,577,0.002722927773649875,,,0.0027230886833191914,5.90908663026792e-05,3.2619873980326526,0.9915252725851739,-1.1095717231669809e-05,-1.1095717231669809e-05,0.750008325437468,,0.8960888507202763,0.0,0.8959904480460891,0.8960888507202763,,0.0834745031600094,0.08369404954359144,success,0.999931267646954,0.999931267646954,0.75,0.9999999992742236,0.01,[0.01],,,,,,,,,-0.013883985446270515,,,
,,,0.07657540499660727,9.525783604767184e-06,2.499140748168634e-05,arith,,1.9136364087920877e-06,True,,1.7679061889648438,0.16,,,-4.177499362656434e-06,20,4.816119167457422e-09,False,False,1306,1.75,539,0.0024990222498684437,,,0.002499140748168634,4.7415616858453565e-05,3.263478985163924,0.9919786607061121,-1.1125283527433911e-05,-1.1125283527433911e-05,0.7499958225006373,,0.8742687536134565,0.0,0.872794053299932,0.8742687536134565,,0.07657540499660727,0.0767662114709418,success,0.9999322146638276,0.9999322146638276,0.75,0.9999993594286791,0.01,[0.01],,,,,,,,,-0.012439743028703838,,,
,,,0.06720834199559378,7.057005659838242e-06,2.1951217988295228e-05,arith,,1.475255164448293e-06,True,,1.7679290771484375,0.24,,,-5.604268810133206e-06,19,4.780016683012478e-09,False,False,1308,1.75,542,0.002195047698907691,,,0.002195121798829523,3.375663340013837e-05,3.266034592925384,0.9927554723160621,-1.1174493028999759e-05,-1.1174493028999759e-05,0.7499943957311899,,0.8405013015917647,0.0,0.833805809543513,0.8405013015917647,,0.06720834199559378,0.0673597032552296,success,0.9999309662411927,0.9999309662411927,0.75,0.9999999990847558,0.01,[0.01],,,,,,,,,-0.010500193056839437,,,
,,,0.05725715258605241,4.856943045074441e-06,1.872023823495926e-05,arith,,1.0718439471705716e-06,True,,1.767974853515625,0.32,,,6.0781994808412065e-06,18,4.798839674419242e-09,False,False,1310,1.75,535,0.0018719826235852116,,,0.001872023823495926,2.2008219231659627e-05,3.269430174285716,0.9937876052838103,-1.1243373506483528e-05,-1.1243373506483528e-05,0.7500060781994808,,0.7981494668352619,0.0,0.779972090717404,0.7981494668352619,,0.05725715258605241,0.05736774167315571,success,0.9999315196619456,0.9999315196619456,0.75,0.9999999594220779,0.01,[0.01],,,,,,,,,-0.008482683517617974,,,
,,,0.04798160983825922,3.200770639382637e-06,1.5705450409652645e-05,arith,,7.535625489573957e-07,True,,1.7679977416992188,0.4,,,-7.169098978465627e-06,20,4.708612028541982e-09,False,False,1312,1.75,420,0.0015705236891750253,,,0.0015705450409652646,1.3595146705364582e-05,3.2731783999517514,0.9949269292669342,-1.1332141516523834e-05,-1.1332141516523834e-05,0.7499928309010215,,0.7509163782622079,0.0,0.7142785994169222,0.7509163782622079,,0.04798160983825922,0.04805724896536914,success,0.9999322699234646,0.9999322699234646,0.75,0.9999999986919827,0.01,[0.01],,,,,,,,,-0.006670827948816404,,,
,,,0.039959030382218916,2.0574582434991036e-06,1.3093737761894932e-05,arith,,5.23208831909943e-07,True,,1.76806640625,0.48,,,7.808036215584124e-06,14,4.687390306252695e-09,False,False,1314,1.75,607,0.0013093631825029518,,,0.0013093737761894933,8.0906512213199e-06,3.2767641506276286,0.9960168667751127,-1.1440582744618442e-05,-1.1440582744618442e-05,0.7500078080362156,,0.7021378422746654,0.0,0.6414771624026752,0.7021378422746654,,0.039959030382218916,0.040008452146045766,success,0.9999323389762949,0.9999323389762949,0.75,0.9999999984131002,0.01,[0.01],,,,,,,,,-0.005148919340181581,,,
,,,0.03330173550216819,1.3127661027784618e-06,1.092252471511732e-05,arith,,3.6373730572389137e-07,True,,1.7681121826171875,0.56,,,4.249763483343827e-07,19,4.694154740972159e-09,False,False,1316,1.75,389,0.0010922472965416753,,,0.001092252471511732,4.737888163787247e-06,3.279850974945621,0.9969551488558975,-1.1569028865394786e-05,-1.1569028865394786e-05,0.7500004249763483,,0.6543333288761465,0.0,0.5668523473416182,0.6543333288761465,,0.03330173550216819,0.03333320108399157,success,0.9999315969369093,0.9999315969369093,0.75,0.9999999977607027,0.01,[0.01],,,,,,,,,-0.003942035101122556,,,
,,,0.027891648101562125,8.357612361688658e-07,9.15496430741634e-06,arith,,2.553463443479741e-07,True,,1.7681808471679688,0.64,,,3.718775563044119e-06,20,4.6278188736956014e-09,False,False,1318,1.75,337,0.000915493926419045,,,0.000915496430741634,2.7354804507644196e-06,3.2823228053266993,0.9977064951958193,-1.1717375203380473e-05,-1.1717375203380473e-05,0.750003718775563,,0.6091030036508399,0.0,0.4949078368996052,0.6091030036508399,,0.027891648101562125,0.02791149212801792,success,0.9999310693520123,0.9999310693520123,0.75,0.9999995780342489,0.01,[0.01],,,,,,,,,-0.0029964569792563004,,,
,,,0.015450895695041822,-2.81628747972387e-08,5.020847632888232e-06,typ,,7.757659228330619e-08,True,,1.7591400146484375,0.64,,,-7.607006118348636e-06,19,4.314251166490192e-09,False,False,1319,1.75,146,0.0005020847581554799,,,0.0005020847632888232,1.0224057111561066e-08,3.249551146194058,0.987745105316092,-0.0017285470422792866,-0.0017285470422792866,0.7499923929938817,,0.6449899894769964,0.0,0.47322864218681115,0.47322864218681115,,0.015450895695041822,0.015510258922943165,success,0.9999242101014406,0.4798721282487341,0.75,0.9999999956693493,0.01,[0.01],,,,,,,,,0.0001822734121897939,,,
,,,0.023530367069924344,5.323699067462025e-07,7.72788900209603e-06,arith,,1.818397814772333e-07,True,,1.76824951171875,0.72,,,3.0525601404374214e-06,17,4.697334404817622e-09,False,False,1320,1.75,393,0.0007727876957332055,,,0.000772788900209603,1.558609857362188e-06,3.284214366213413,0.9982814607597396,-1.1885800540704906e-05,-1.1885800540704906e-05,0.7500030525601404,,0.5672725783930598,0.0,0.42867508513905744,0.5672725783930598,,0.023530367069924344,0.023542910952083787,success,0.9999313979141451,0.9999313979141451,0.75,0.9999999950069524,0.01,[0.01],,,,,,,,,-0.0022624802459059734,,,
,,,0.00918092722065729,-2.420635172618542e-07,2.975613331583189e-06,typ,,2.7318830839336435e-08,True,,1.7568283081054688,0.72,,,5.12109029515706e-06,20,4.229237536662092e-09,False,False,1321,1.75,127,0.0002975606949357845,,,0.0002975613331583189,2.14484364489737e-06,3.2410745427353604,0.9851685268289861,-0.0036398351902056664,-0.0036398351902056664,0.7500051210902952,,0.6092149428029578,0.0,0.3725785286332289,0.3725785286332289,,0.00918092722065729,0.009223676149323774,success,0.999960655824552,0.35211105558688416,0.75,0.9999999925915687,0.01,[0.01],,,,,,,,,0.0026365911791262856,,,
,,,0.0200157535439693,3.3816115704581047e-07,6.5764339128685235e-06,arith,,1.3163216604520992e-07,True,,1.7683181762695312,0.8,,,-1.6069217283476434e-06,20,4.621871928274826e-09,False,False,1322,1.75,298,0.0006576428199720234,,,0.0006576433912868524,8.687304344043303e-07,3.2856260871086196,0.9987105724559644,-1.2074406158297472e-05,-1.2074406158297472e-05,0.7499983930782717,,0.5291239125996458,0.0,0.36969191222898273,0.5291239125996458,,0.0200157535439693,0.020023761210079136,success,0.9999310834043692,0.9999310834043692,0.75,0.9999999626208227,0.01,[0.01],,,,,,,,,-0.0016894750242750548,,,
,,,0.004513103912468581,-3.196919583429792e-07,1.455289305620962e-06,typ,,6.567769656023419e-09,True,,1.7547569274902344,0.8,,,1.2648559846173413e-06,21,4.327000966100122e-09,False,False,1323,1.75,106,0.00014552666597988825,,,0.0001455289305620962,1.556104479849473e-05,3.2245361241923622,0.9801414504019392,-0.009634383665263277,-0.009634383665263277,0.7500012648559846,,0.5758279407858541,0.0,0.26551845161177795,0.26551845161177795,,0.004513103912468581,0.004541305551541199,success,0.9999294317148659,0.22501625750703277,0.75,0.9999999846895625,0.01,[0.01],,,,,,,,,0.0070836383239426415,,,
,,,0.017171641074682453,2.123422651852708e-07,5.643751745953284e-06,arith,,9.691243420688462e-08,True,,1.7683868408203125,0.88,,,-9.499300869686422e-06,19,4.585582395801318e-09,False,False,1324,1.75,307,0.0005643749120156635,,,0.0005643751745953283,4.6525729097487297e-07,3.286668464365746,0.9990274171484461,-1.2283306030122336e-05,-1.2283306030122336e-05,0.7499905006991303,,0.49460726537583266,0.0,0.3183525158932129,0.49460726537583266,,0.017171641074682453,0.01717682472697139,success,0.9999310080338798,0.9999310080338798,0.75,0.9999999960092882,0.01,[0.01],,,,,,,,,-0.0012365869066430946,,,
,,,0.0015020957874005009,-2.616760658393331e-07,4.784862570709654e-07,typ,,7.186637167118972e-10,True,,1.7527427673339844,0.88,,,-5.620778576354013e-06,21,4.3199161423002825e-09,False,False,1325,1.75,98,4.784406711875567e-05,,,4.784862570709654e-05,9.527104015022869e-05,3.185154203884276,0.9681707820627686,-0.03976789551139619,-0.03976789551139619,0.7499943792214236,,0.5445054494286621,0.0,0.15502107763532794,0.15502107763532794,,0.0015020957874005009,0.001517230103861445,success,0.9999113090171826,0.11277371523098093,0.75,0.9999999533416972,0.01,[0.01],,,,,,,,,0.017420730956990756,,,
,,,0.01485484970751054,1.2947801727315007e-07,4.8834398191629025e-06,arith,,7.25427478047804e-08,True,,1.7684783935546875,0.96,,,-9.066125996493035e-06,19,4.615812451603436e-09,False,False,1326,1.75,285,0.0004883438690605072,,,0.0004883439819162903,2.31098953349657e-07,3.2874372927085416,0.9992611129415756,-1.2512526661548362e-05,-1.2512526661548362e-05,0.7499909338740035,,0.4634961838387884,0.0,0.27433106275064273,0.4634961838387884,,0.01485484970751054,0.014858258009538787,success,0.9999315572584545,0.9999315572584545,0.75,0.9999999949485112,0.01,[0.01],,,,,,,,,-0.0008716211864983502,,,
,,,0.00019269248219513685,-8.611046897182116e-08,5.974464537411057e-08,typ,,1.150492900213902e-11,True,,1.7508773803710938,0.96,,,-1.929907145648002e-06,20,4.323959606412599e-09,False,False,1327,1.75,100,5.970616430426251e-06,,,5.974464537411057e-06,0.000644092363543165,3.0985206907967977,0.9418373517954169,-0.3374230591721635,-0.3374230591721635,0.7499980700928544,,0.5036742960605584,0.0,0.055860783933425,0.055860783933425,,0.00019269248219513685,0.00019528252577138,success,1.0000080885431881,0.03873792644607344,0.75,0.9999242840031877,0.01,[0.01],,,,,,,,,0.04468802726025312,,,
,,,0.012952794252957466,7.40058517462475e-08,4.258888608732891e-06,arith,,5.516450241831532e-08,True,,1.76861572265625,1.04,,,6.946627838511077e-06,17,4.586199457231666e-09,False,False,1328,1.75,324,0.0004258888185900104,,,0.00042588886087328913,9.928242458708148e-08,3.2880072845499626,0.9994343696856933,-1.2762097971202803e-05,-1.2762097971202803e-05,0.7500069466278385,,0.43548669863110895,0.0,0.2369292759592574,0.43548669863110895,,0.012952794252957466,0.012955070350009226,success,0.9999308586149974,0.9999308586149974,0.75,0.9999998999525289,0.01,[0.01],,,,,,,,,-0.0005713504769779694,,,
,,,1.6111045315291154e-05,-6.911496506643091e-09,5.098057508970908e-09,typ,,8.20872667630293e-14,True,,1.7504653930664062,1.04,,,-2.9114604189750537e-06,20,4.176068004025327e-09,False,False,1329,1.75,71,5.09509253785783e-07,,,5.098057508970908e-07,0.0005815884006526719,3.162484145595461,0.9612799106455782,-1.9671888603866976,-1.9671888603866976,0.749997088539581,,0.27367563240802134,0.0,0.015346000055065772,0.015346000055065772,,1.6111045315291154e-05,1.4720208425518457e-05,success,0.9999999062917847,0.015874272341240146,0.75,0.9999958886934321,0.01,[0.01],,,,,,,,,0.042899119029125445,,,
,,,0.011378245584199892,3.664547388398635e-08,3.7416607412413103e-06,arith,,4.257353346371227e-08,True,,1.768707275390625,1.12,,,-6.610793374939306e-07,18,4.488352853345739e-09,False,False,1330,1.75,287,0.0003741660623218655,,,0.00037416607412413104,3.154285319080477e-08,3.2884337005473108,0.9995639846064194,-1.3032578550639857e-05,-1.3032578550639857e-05,0.7499993389206625,,0.4102554365095836,0.0,0.20531278731983457,0.4102554365095836,,0.011378245584199892,0.011379787512384228,success,0.9999309842581615,0.9999309842581615,0.75,0.999999965430907,0.01,[0.01],,,,,,,,,-0.00032206611830274735,,,
,,,3.934700971129527e-06,-1.270332033526285e-09,1.2677862937272209e-09,typ,,4.986746217637796e-15,True,,1.7502593994140625,1.12,,,5.601937802746093e-06,19,3.375067400440985e-09,False,False,1331,1.75,55,1.267376162566748e-07,,,1.2677862937272208e-07,0.0003235018098098415,3.2210228219780697,0.9790735345854031,-4.608839093562203,-4.608839093562203,0.7500056019378027,,0.14577724999895758,0.0,0.007535738674413749,0.007535738674413749,,3.934700971129527e-06,3.5492968123163557e-06,success,0.9999020585070173,0.010266987378816955,0.75,0.999983725199052,0.01,[0.01],,,,,,,,,0.03228535136080782,,,
,,,0.010063992573846993,1.0857820286098332e-08,3.3098021318601394e-06,arith,,3.3309823958051125e-08,True,,1.7688446044921875,1.2,,,7.119595761828634e-06,19,4.482557898720022e-09,False,False,1332,1.75,254,0.00033098021201458756,,,0.0003309802131860139,3.5392639771605565e-09,3.288756520694344,0.9996621101646224,-1.3323717493273434e-05,-1.3323717493273434e-05,0.7500071195957618,,0.387488655968687,0.0,0.17863970759116846,0.387488655968687,,0.010063992573846993,0.010065049881114344,success,0.9999311007304205,0.9999311007304205,0.75,0.9999999818323935,0.01,[0.01],,,,,,,,,-0.00010788780105337354,,,
,,,1.6188999494942084e-06,-4.6070086325861446e-10,5.257720759794735e-10,typ,,8.509601419632275e-16,True,,1.7504539489746094,1.2,,,4.555356705626679e-06,21,3.101193209323008e-09,False,False,1333,1.75,30,5.2564097134544495e-08,,,5.257720759794735e-08,0.00024935640369319986,3.2469021418505237,0.9869399045494103,-7.635163554045695,-7.635163554045695,0.7500045553567056,,0.09524176856713441,0.0,0.004858162739151118,0.004858162739151118,,1.6188999494942084e-06,1.4751243229115917e-06,success,1.0003365298964566,0.007905669257652405,0.75,0.9999602535464429,0.01,[0.01],,,,,,,,,0.0284576488746294,,,
,,,0.008958148022277998,-7.047492623903107e-09,2.9463387164113255e-06,arith,,2.639373829571406e-08,True,,1.7689361572265625,1.28,,,-6.691439935258003e-06,19,4.44488856316351e-09,False,False,1334,1.75,244,0.00029463387108669706,,,0.0002946338716411325,1.8817777296265305e-09,3.289004271351319,0.999737417334061,-1.3636121982108689e-05,-1.3636121982108689e-05,0.7499933085600647,,0.3668985221232415,0.0,0.15613910932301292,0.3668985221232415,,0.008958148022277998,0.0089588796102295,success,0.9999309807612866,0.9999309807612866,0.75,0.9999999907935663,0.01,[0.01],,,,,,,,,7.867131248977705e-05,,,
,,,8.487650856412995e-07,-2.2817804859498728e-10,2.7684929611286444e-10,typ,,2.3492795130310826e-16,True,,1.7501335144042969,1.28,,,-7.079282929867148e-07,21,2.5223324045501293e-09,False,False,1335,1.75,25,2.7678795379006934e-08,,,2.7684929611286443e-08,0.00022157297727093677,3.261066677606529,0.9912454071350384,-10.776424813314875,-10.776424813314875,0.749999292071707,,0.06917950683312701,0.0,0.003533418544479632,0.003533418544479632,,8.487650856412995e-07,7.803197699990766e-07,success,0.999738295697039,0.006592047327112884,0.75,0.9991267352622735,0.01,[0.01],,,,,,,,,0.026883533789868765,,,
,,,0.008020506154541886,-1.9795752931757584e-08,2.6381028327122796e-06,arith,,2.115891961421139e-08,True,,1.769073486328125,1.36,,,-6.522406620579346e-06,18,4.407895441553493e-09,False,False,1336,1.75,257,0.00026381027838535384,,,0.00026381028327122794,1.8520408052503282e-08,3.289197381089998,0.9997961156559484,-1.3969546478842282e-05,-1.3969546478842282e-05,0.7499934775933794,,0.3482265699104684,0.0,0.13712936625116096,0.3482265699104684,,0.008020506154541886,0.008021014739709937,success,0.9999312610776748,0.9999312610776748,0.75,0.9999999889895579,0.01,[0.01],,,,,,,,,0.00024681426022655145,,,
,,,5.09689392120883e-07,-1.3820022910456503e-10,1.6671342175991086e-10,typ,,8.49529632918768e-17,True,,1.751495361328125,1.36,,,5.934942208796201e-06,18,2.2254219092257817e-09,False,False,1337,1.75,33,1.6667594932352154e-08,,,1.6671342175991087e-08,0.00022477156304360866,3.2701475035601884,0.9940056472372628,-13.920788293262753,-13.920788293262753,0.7500059349422088,,0.05546696727939296,0.0,0.002750581504873782,0.002750581504873782,,5.09689392120883e-07,4.728577931656388e-07,success,0.9996635075400585,0.005753915756027735,0.75,0.9998650396657799,0.01,[0.01],,,,,,,,,0.027114597878817162,,,
,,,0.007219711508171459,-2.902058409015684e-08,2.374816294242751e-06,arith,,1.7145487687143185e-08,True,,1.769256591796875,1.44,,,4.799395411536622e-06,18,4.422923934680837e-09,False,False,1338,1.75,254,0.00023748161775906794,,,0.0002374816294242751,4.912046117299439e-08,3.289350516156774,0.9998426631346171,-1.4324179079415163e-05,-1.4324179079415163e-05,0.7500047993954115,,0.33124559736709475,0.0,0.12103061292240999,0.33124559736709475,,0.007219711508171459,0.007220064166536615,success,0.9999308609522318,0.9999308609522318,0.75,0.9999999649480631,0.01,[0.01],,,,,,,,,0.0004019632094344847,,,
,,,3.3507441511246445e-07,-9.196906106917298e-11,1.0983292156222656e-10,typ,,3.6793743644362305e-17,True,,1.7503509521484375,1.44,,,-7.5603025675441415e-06,19,2.332932279183289e-09,False,False,1339,1.75,25,1.0980767848841231e-08,,,1.0983292156222656e-08,0.0002298315792314095,3.27711318847058,0.9961229615572641,-16.969035480394833,-16.969035480394833,0.7499924396974325,,0.0432436975592584,0.0,0.002233281784745487,0.002233281784745487,,3.3507441511246445e-07,3.1172245309217417e-07,success,1.0002584196668116,0.005176895804257594,0.75,0.9976464258738769,0.01,[0.01],,,,,,,,,0.0274473540566517,,,
,,,0.006531152608760442,-3.57871295288219e-08,2.148406109064136e-06,arith,,1.4031566883172463e-08,True,,1.7693939208984375,1.52,,,-2.568493381538417e-06,19,4.359605400446696e-09,False,False,1340,1.75,227,0.00021484059129703198,,,0.00021484061090641361,9.127409177524645e-08,3.2894743725458118,0.999880310962434,-1.4700707420954692e-05,-1.4700707420954692e-05,0.7499974315066185,,0.3157578035390332,0.0,0.10735868240047859,0.3157578035390332,,0.006531152608760442,0.0065313922430108055,success,0.999931155014381,0.999931155014381,0.75,0.9999999831728927,0.01,[0.01],,,,,,,,,0.0005479450821715524,,,
,,,2.3400098250560132e-07,-6.643399917276604e-11,7.68299203023509e-11,typ,,1.797386336033107e-17,True,,1.7513809204101562,1.52,,,-9.652507193536053e-07,20,1.9026156766257905e-09,False,False,1341,1.75,20,7.681105937194441e-09,,,7.68299203023509e-09,0.0002454893917924908,3.2825101223712068,0.997763432749817,-19.83123854191719,-19.83123854191719,0.7499990347492806,,0.03677518625985076,0.0,0.001871140625038256,0.001871140625038256,,2.3400098250560132e-07,2.1882332499496602e-07,success,0.9997274581120007,0.0047625441908579124,0.75,0.9996828949218676,0.01,[0.01],,,,,,,,,0.028390478732787282,,,
,,,0.005935342460991751,-4.0935805550271246e-08,1.9524768559447996e-06,arith,,1.1588617111452667e-08,True,,1.7695770263671875,1.6,,,-1.5147103038515297e-07,19,4.398884453477391e-09,False,False,1342,1.75,241,0.00019524765736122823,,,0.00019524768559447996,1.4460223506519977e-07,3.2895769476560885,0.9999114900571905,-1.5098888815404262e-05,-1.5098888815404262e-05,0.7499998485289696,,0.30159047480437395,0.0,0.0957068519048774,0.30159047480437395,,0.005935342460991751,0.005935492189780256,success,0.9999303561499998,0.9999303561499998,0.75,0.9999999702326205,0.01,[0.01],,,,,,,,,0.0006896957643018829,,,
,,,1.7123122866370393e-07,-5.049063411288646e-11,5.629862402841452e-11,typ,,9.637533260328222e-18,True,,1.7521247863769531,1.6,,,8.479763840107957e-06,21,1.936398594916624e-09,False,False,1343,1.75,15,5.628373594898522e-09,,,5.629862402841452e-09,0.00026444837127426684,3.287001815511457,0.999128743746402,-22.416699039944838,-22.416699039944838,0.7500084797638401,,0.03225885497372586,0.0,0.0016043455108066525,0.0016043455108066525,,1.7123122866370393e-07,1.6087049215773852e-07,success,0.9985940322724096,0.004460221768773759,0.75,0.9973114598577578,0.01,[0.01],,,,,,,,,0.029486814120833916,,,
,,,0.00541675614536004,-4.498487044767811e-08,1.781931516061341e-06,arith,,9.652286466597432e-09,True,,1.7697601318359375,1.68,,,-1.2642580209387688e-06,19,4.35607336684642e-09,False,False,1344,1.75,206,0.00017819311424726995,,,0.0001781931516061341,2.0965375953499163e-07,3.2896646898145687,0.9999381604752481,-1.551921190106676e-05,-1.551921190106676e-05,0.7499987357419791,,0.2885943952497191,0.0,0.0857423971629407,0.2885943952497191,,0.00541675614536004,0.005416816494279463,success,0.9999305747277402,0.9999305747277402,0.75,0.999999962923607,0.01,[0.01],,,,,,,,,0.0008304761972017491,,,
,,,1.3033007567766787e-07,-4.173283992714072e-11,4.292054134008485e-11,typ,,5.592095771051346e-18,True,,1.7495126724243164,1.68,,,7.3414584841335895e-06,23,1.6480054100629067e-09,False,False,1345,1.75,9,4.290717811659765e-09,,,4.292054134008485e-09,0.0003113479716231439,3.292193140646646,1.0007067173685107,-24.625039290058837,-24.625039290058837,0.7500073414584841,,0.02644200373882598,0.0,0.0013995382071595624,0.0013995382071595624,,1.3033007567766787e-07,1.224193291742539e-07,success,1.0007829427037775,0.004243126547139388,0.75,0.9988196739005295,0.01,[0.01],,,,,,,,,0.03202088214109099,,,
,,,0.004962912611918977,-4.8332708748553555e-08,1.63267156065807e-06,arith,,8.10280394346064e-09,True,,1.769989013671875,1.76,,,6.203392986181555e-06,18,4.490321392651549e-09,False,False,1346,1.75,215,0.00016326710899565048,,,0.00016326715606580701,2.883014420244604e-07,3.2897437807699186,0.9999622012428825,-1.5961676562319398e-05,-1.5961676562319398e-05,0.7500062033929862,,0.27663942641436046,0.0,0.0771889064098907,0.27663942641436046,,0.004962912611918977,0.004962850697349858,success,0.9999302207209071,0.9999302207209071,0.75,0.9335081708489751,0.01,[0.01],,,,,,,,,0.000973877892439155,,,
,,,1.0140662640869077e-07,-3.1818978801735585e-11,3.338504101693399e-11,typ,,3.384451934631058e-18,True,,1.7550172805786133,1.76,,,-9.829907631431212e-06,23,1.7068285750331209e-09,False,False,1347,1.75,8,3.3375056980901622e-09,,,3.338504101693399e-09,0.0002990571743584716,3.2912106597839945,1.0004080789967813,-26.29558842991766,-26.29558842991766,0.7499901700923686,,0.03104389055239919,0.0,0.001244226917955696,0.001244226917955696,,1.0140662640869077e-07,9.67563737334144e-08,success,0.9982454149996817,0.004100303929353837,0.75,0.9803408286149653,0.01,[0.01],,,,,,,,,0.03137761301071014,,,
,,,0.004563730715168153,-5.125510230105057e-08,1.5013868498233492e-06,arith,,6.851922654802862e-09,True,,1.770172119140625,1.84,,,-3.3227258389167957e-06,18,4.279143652336331e-09,False,False,1348,1.75,210,0.00015013862741790628,,,0.00015013868498233492,3.834083710919977e-07,3.2898222263399766,0.9999860458369118,-1.642709646973049e-05,-1.642709646973049e-05,0.7499966772741611,,0.26561269014898103,0.0,0.06982216368822904,0.26561269014898103,,0.004563730715168153,0.004563460709475145,success,0.9999302589380767,0.9999302589380767,0.75,0.6902090890841591,0.01,[0.01],,,,,,,,,0.0011230965519218204,,,
,,,8.160241503263217e-08,-2.9098532204587567e-11,2.6953470820381005e-11,typ,,2.1986215878782103e-18,True,,1.7504653930664062,1.84,,,-9.782660826518352e-06,20,2.1878314229384363e-09,False,False,1349,1.75,17,2.6943094600803156e-09,,,2.6953470820381003e-09,0.000384967845031703,3.3017521099135143,1.0036122956100701,-27.214589572684165,-27.214589572684165,0.7499902173391735,,0.02035973063569115,0.0,0.0011094459204351224,0.0011094459204351224,,8.160241503263217e-08,7.692945056561777e-08,success,1.0001807432510599,0.0040330115755956636,0.75,0.9872534370521073,0.01,[0.01],,,,,,,,,0.035658910576300086,,,
,,,0.004210963198116346,-5.3975661654800713e-08,1.3853708798203462e-06,arith,,5.83374287729349e-09,True,,1.77044677734375,1.92,,,6.922988369462146e-06,17,4.3644789871394896e-09,False,False,1350,1.75,215,0.00013853701879662703,,,0.0001385370879820346,4.993998976987673e-07,3.289912836535774,1.0000135880337766,-1.691493834892377e-05,-1.691493834892377e-05,0.7500069229883695,,0.25541380813421366,0.0,0.06345156793208147,0.25541380813421366,,0.004210963198116346,0.0042103206837318646,success,0.9999304255677395,0.9999304255677395,0.75,0.6780227714376643,0.01,[0.01],,,,,,,,,0.001281788966451789,,,
,,,6.6926472733156e-08,-2.6523570105138328e-11,2.2132305000601258e-11,typ,,1.4805336073735102e-18,True,,1.7486572265625,1.92,,,7.776438594842006e-06,16,2.496015256916409e-09,False,False,1351,1.75,36,2.212179346843181e-09,,,2.2132305000601257e-09,0.0004749406882456235,3.3053876239129014,1.0047173593547687,-27.394601466404225,-27.394601466404225,0.7500077764385948,,0.018586938410431103,0.0,0.001005939652056241,0.001005939652056241,,6.6926472733156e-08,6.324470726635255e-08,success,0.9999714126178744,0.00402959871561115,0.75,0.9902253999089476,0.01,[0.01],,,,,,,,,0.0396309098955372,,,
,,,0.003897882516083869,-5.667004389853237e-08,1.2824191593466844e-06,arith,,4.998716008014538e-09,True,,1.7706756591796875,2.0,,,-8.680317353793043e-09,19,4.3570452164618364e-09,False,False,1352,1.75,184,0.00012824183354393802,,,0.00012824191593466844,6.424633460431891e-07,3.290038450742744,1.000051770174174,-1.742635571897182e-05,-1.742635571897182e-05,0.7499999913196826,,0.24595529234433017,0.0,0.05792632512161339,0.24595529234433017,,0.003897882516083869,0.0038965931112715114,success,0.9999300435996897,0.9999300435996897,0.75,0.7000930765112067,0.01,[0.01],,,,,,,,,0.0014538674181352117,,,
,,,5.549415403547439e-08,-2.1033513365336004e-11,1.837185128438797e-11,typ,,1.0190879364081642e-18,True,,1.7529230117797852,2.0,,,-1.4967892802975058e-07,23,2.6774984750113202e-09,False,False,1353,1.75,12,1.8363879117009636e-09,,,1.837185128438797e-09,0.0004339338074823541,3.3091556103856647,1.0058626899028749,-27.097981144254756,-27.097981144254756,0.749999850321072,,0.017530356266465583,0.0,0.0009175419610051777,0.0009175419610051777,,5.549415403547439e-08,5.261773902019354e-08,success,0.9998399715426648,0.0040659440828801595,0.75,0.9933797975610451,0.01,[0.01],,,,,,,,,0.0379022146222653,,,
,,,0.0036189006047117203,-5.947443090326167e-08,1.190705402901505e-06,arith,,4.309040965385838e-09,True,,1.7709503173828125,2.08,,,-6.782514438974374e-07,19,4.439799882292611e-09,False,False,1354,1.75,178,0.00011907044254753976,,,0.00011907054029015049,8.208798792108317e-07,3.2902379908559234,1.0001124230955285,-1.7961098586506078e-05,-1.7961098586506078e-05,0.7499993217485561,,0.23715778433165327,0.0,0.05311600209118599,0.23715778433165327,,0.0036189006047117203,0.003616552616053487,success,0.999929788257728,0.999929788257728,0.75,0.7133647444251628,0.01,[0.01],,,,,,,,,0.0016434391932684588,,,
,,,4.702291169279743e-08,-1.9252862368870136e-11,1.5598290668607777e-11,typ,,7.33106371959135e-19,True,,1.7522192001342773,2.08,,,3.067418635427366e-06,23,2.7739430469322222e-09,False,False,1355,1.75,14,1.559040785795121e-09,,,1.5598290668607776e-09,0.0005053637494029828,3.3154918095680617,1.0077886635057371,-26.66259213479182,-26.66259213479182,0.7500030674186354,,0.015324802801294862,0.0,0.0008444975075069608,0.0008444975075069608,,4.702291169279743e-08,4.4573532508577066e-08,success,0.9995160049035806,0.0041143643888991895,0.75,0.9942624511466629,0.01,[0.01],,,,,,,,,0.04094357766411799,,,
,,,0.003369387326234101,-6.249781551855229e-08,1.108723195233698e-06,arith,,3.735713976345254e-09,True,,1.771270751953125,2.16,,,3.7200732146969173e-06,18,4.239091313925495e-09,False,False,1356,1.75,188,0.00011087220359793391,,,0.00011087231952336979,1.045575995658921e-06,3.2905746019367155,1.0002147405949273,-1.851948918252797e-05,-1.851948918252797e-05,0.7500037200732147,,0.22895035095933786,0.0,0.048914267494280884,0.22895035095933786,,0.003369387326234101,0.0033654089291940623,success,0.9999299031244494,0.9999299031244494,0.75,0.7219289656265205,0.01,[0.01],,,,,,,,,0.0018548718050888167,,,
,,,4.040243521442373e-08,-1.7702622121277375e-11,1.3426634162095387e-11,typ,,5.421553340518585e-19,True,,1.751953125,2.16,,,-3.1237156528085563e-07,12,2.6377804150440857e-09,False,False,1357,1.75,64,1.3418877628898673e-09,,,1.3426634162095387e-09,0.0005776975154809047,3.321304163395605,1.0095554072144013,-26.351014343943596,-26.351014343943596,0.7499996876284347,,0.013808599428499642,0.0,0.000783074677864012,0.000783074677864012,,4.040243521442373e-08,3.8325397678606367e-08,success,1.0006948448382784,0.004151829053510587,0.75,0.9956279600977448,0.01,[0.01],,,,,,,,,0.04381573048091297,,,
,,,0.003145494005210227,-6.597281536765311e-08,1.0352291093982987e-06,arith,,3.2563026052191035e-09,True,,1.77154541015625,2.24,,,-8.373087592827844e-06,17,4.3951390960682024e-09,False,False,1358,1.75,199,0.00010352277257007427,,,0.00010352291093982986,1.3366099768511855e-06,3.29114512374203,1.0003881584287522,-1.9102531845163837e-05,-1.9102531845163837e-05,0.7499916269124072,,0.2212693202755705,0.0,0.045234997706954244,0.2212693202755705,,0.003145494005210227,0.003139134080584971,success,0.9999295465029241,0.9999295465029241,0.75,0.7277220335153387,0.01,[0.01],,,,,,,,,0.002097375333043875,,,
,,,3.511500561801727e-08,-1.582470136333666e-11,1.1682781423061547e-11,typ,,4.099905141316353e-19,True,,1.7529802322387695,2.24,,,-4.6933129849158206e-07,23,2.6279173832854763e-09,False,False,1359,1.75,15,1.1675649965474358e-09,,,1.1682781423061547e-09,0.0006104246351054841,3.3249745400819926,1.0106710679452355,-26.3329695576347,-26.3329695576347,0.7499995306687015,,0.013070834277107424,0.0,0.0007308513942924786,0.0007308513942924786,,3.511500561801727e-08,3.33840072816695e-08,success,0.9983113064250928,0.004162807860506663,0.75,0.9956446191846585,0.01,[0.01],,,,,,,,,0.04506535335770276,,,
,,,0.0029439516783737354,-6.988655295825042e-08,9.691754860112344e-07,arith,,2.85320091455117e-09,True,,1.77191162109375,2.32,,,-6.570839685249297e-06,17,4.441812056457951e-09,False,False,1360,1.75,185,9.69173826972358e-05,,,9.691754860112344e-05,1.7118044154813511e-06,3.292084697218054,1.000673754518881,-1.9709621715259377e-05,-1.9709621715259377e-05,0.7499934291603148,,0.2140560736981377,0.0,0.042000636106197135,0.2140560736981377,,0.0029439516783737354,0.0029342901034516452,success,0.9999297625529731,0.9999297625529731,0.75,0.7318181579966893,0.01,[0.01],,,,,,,,,0.002373902855527043,,,
,,,3.09610416543944e-08,-1.5218589781405833e-11,1.0325088372162585e-11,typ,,3.1944388570089434e-19,True,,1.7521705627441406,2.32,,,-4.549135924958314e-06,21,2.675648593265866e-09,False,False,1361,1.75,23,1.0317607826852772e-09,,,1.0325088372162585e-09,0.0007245018192755827,3.332448546797637,1.012942893566175,-26.649625033858893,-26.649625033858893,0.749995450864075,,0.011660406035856297,0.0,0.0006862080079446519,0.0006862080079446519,,3.09610416543944e-08,2.943010885224598e-08,success,0.99964456685636,0.00414203463984714,0.75,0.9952408171217605,0.01,[0.01],,,,,,,,,0.04915399795421873,,,
,,,0.002762032035608528,-7.422589670191193e-08,9.096976396730775e-07,arith,,2.5126085140107625e-09,True,,1.772369384765625,2.4,,,6.68138129733542e-06,18,4.198577378058023e-09,False,False,1362,1.75,177,9.096956449519193e-05,,,9.096976396730775e-05,2.1927298382193877e-06,3.2935738370300838,1.0011263987439725,-2.0341096303587935e-05,-2.0341096303587935e-05,0.7500066813812973,,0.20725872991566038,0.0,0.0391494800049187,0.20725872991566038,,0.002762032035608528,0.0027479885997253846,success,0.9999294187259334,0.9999294187259334,0.75,0.734810790442544,0.01,[0.01],,,,,,,,,0.002687365524547892,,,
,,,2.7569397426932516e-08,-1.4339718868903515e-11,9.210755371603065e-12,typ,,2.537293479047392e-19,True,,1.7523078918457031,2.4,,,-1.732395097486794e-06,21,2.400975306276101e-09,False,False,1363,1.75,23,9.203296828565113e-10,,,9.210755371603065e-10,0.0008097645347250406,3.3382292278809187,1.014700009915026,-27.305308210198014,-27.305308210198014,0.7499982676049025,,0.010794578778377936,0.0,0.0006478723254727565,0.0006478723254727565,,2.7569397426932516e-08,2.6233676384455286e-08,success,0.9999643594849191,0.004091086666741836,0.75,0.9953015201350383,0.01,[0.01],,,,,,,,,0.05201317477796978,,,
,,,0.08583797628503319,1.1852269507689368e-05,2.7998187529524067e-05,arith,,2.4031672808907157e-06,True,,1.8504180908203125,0.0,,,-1.5707603069348153e-06,19,4.856866818320821e-09,False,False,1364,1.8333333333,638,0.0027996551001048414,,,0.0027998187529524065,5.845122917066382e-05,3.261557670940796,0.9913946512124037,-1.1999153075014095e-05,-1.1999153075014095e-05,0.7499984292396931,,0.9032304264850537,0.0,0.9032304264850537,0.9032304264850537,,0.08583797628503319,0.086067258390985,success,0.9999310414927106,0.9999310414927106,0.75,0.9999999994109474,0.01,[0.01],,,,,,,,,-0.013807722433171975,,,
,,,0.08327800675806336,1.1068449848908734e-05,2.71670284064241e-05,arith,,2.262293464644628e-06,True,,1.8504180908203125,0.08,,,-5.390495502854975e-06,19,4.791161332860281e-09,False,False,1366,1.8333333333,624,0.0027165557302745867,,,0.00271670284064241,5.4150334597663095e-05,3.2620326014365815,0.9915390127723461,-1.2009051012355472e-05,-1.2009051012355472e-05,0.7499946095044971,,0.8956780483742062,0.0,0.8955793475154807,0.8956780483742062,,0.08327800675806336,0.08349680578109633,success,0.9999310401244295,0.9999310401244295,0.75,0.9999995062096163,0.01,[0.01],,,,,,,,,-0.013290963940893115,,,
,,,0.0763981540681709,9.09306487448692e-06,2.4933817728656534e-05,arith,,1.9048149645127813e-06,True,,1.8504409790039062,0.16,,,3.2794632108812394e-06,20,4.780861896839484e-09,False,False,1368,1.8333333333,543,0.0024932735453439023,,,0.0024933817728656532,4.3405916786896584e-05,3.2635259002712647,0.9919929211887315,-1.203865733463011e-05,-1.203865733463011e-05,0.7500032794632109,,0.8738472961702887,0.0,0.8723679047225914,0.8738472961702887,,0.0763981540681709,0.0765882722953883,success,0.9999312032644438,0.9999312032644438,0.75,0.9999988968371006,0.01,[0.01],,,,,,,,,-0.011902204949052933,,,
,,,0.06705501492504615,6.741329068901398e-06,2.190139737307542e-05,arith,,1.4685530822133234e-06,True,,1.8504638671875,0.24,,,4.212513829759956e-06,16,4.800647567841035e-09,False,False,1370,1.8333333333,664,0.0021900719638268174,,,0.002190139737307542,3.094482035560064e-05,3.2660822852323155,0.9927699690390289,-1.2088082578141208e-05,-1.2088082578141208e-05,0.7500042125138298,,0.8400654576902867,0.0,0.8333488377016036,0.8400654576902867,,0.06705501492504615,0.06720578429992757,success,0.9999308864060139,0.9999308864060139,0.75,0.9999999992343398,0.01,[0.01],,,,,,,,,-0.010053430122171818,,,
,,,0.05712761621810289,4.650085101521459e-06,1.8678116940000523e-05,arith,,1.0670146729337447e-06,True,,1.8504867553710938,0.32,,,-8.482781382879168e-07,20,4.7624411220745735e-09,False,False,1372,1.8333333333,456,0.0018677738431445766,,,0.0018678116940000521,2.026481341621002e-05,3.269476247728864,0.993801609931193,-1.2157356205635137e-05,-1.2157356205635137e-05,0.7499991517218617,,0.7976992446383836,0.0,0.7794657068669459,0.7976992446383836,,0.05712761621810289,0.05723773512068148,success,0.9999305616717771,0.9999305616717771,0.75,0.9999997714751082,0.01,[0.01],,,,,,,,,-0.00813981994937138,,,
,,,0.047873852452145614,3.0668979817574766e-06,1.5670362650231392e-05,arith,,7.501912235255607e-07,True,,1.8505325317382812,0.4,,,6.652851552435557e-06,20,4.77719042263082e-09,False,False,1374,1.8333333333,418,0.0015670166178404941,,,0.0015670362650231392,1.2537797039963362e-05,3.2732202185041896,0.994939640582628,-1.2246424276200047e-05,-1.2246424276200047e-05,0.7500066528515524,,0.7504547678185897,0.0,0.7137065705302635,0.7504547678185897,,0.047873852452145614,0.0479491469765697,success,0.9999309797219633,0.9999309797219633,0.75,0.9999999989074702,0.01,[0.01],,,,,,,,,-0.006406206780252597,,,
,,,0.039868866743786514,1.9814348855855683e-06,1.3064328389892958e-05,arith,,5.208560415895035e-07,True,,1.850555419921875,0.48,,,-7.599457275464516e-06,18,4.755220654551537e-09,False,False,1376,1.8333333333,450,0.0013064229914954329,,,0.0013064328389892957,7.537696212918113e-06,3.2767999148083042,0.9960277377824669,-1.2355530414538706e-05,-1.2355530414538706e-05,0.7499924005427245,,0.7016701674058519,0.0,0.6408325279750248,0.7016701674058519,,0.039868866743786514,0.03991804860081637,success,0.9999309829348658,0.9999309829348658,0.75,0.9999999986755733,0.01,[0.01],,,,,,,,,-0.004969880128068529,,,
,,,0.03322612314555117,1.2696029843165562e-06,1.0897817795801448e-05,arith,,3.6209062420934014e-07,True,,1.8506011962890625,0.56,,,-9.711882293705898e-06,19,4.6607248153017225e-09,False,False,1378,1.8333333333,386,0.0010897769283017373,,,0.0010897817795801447,4.451605356523369e-06,3.2798798810437004,0.9969639352561133,-1.2484548154910783e-05,-1.2484548154910783e-05,0.7499902881177063,,0.6538645917602844,0.0,0.5661360389955971,0.6538645917602844,,0.03322612314555117,0.033257429425286936,success,0.9999301643192445,0.9999301643192445,0.75,0.9999999983932896,0.01,[0.01],,,,,,,,,-0.0038210987744640027,,,
,,,0.02782763474628525,8.132420103606097e-07,9.134013202556045e-06,arith,,2.541773218059094e-07,True,,1.8506698608398438,0.64,,,-7.349900916775454e-07,20,4.606213332940198e-09,False,False,1380,1.8333333333,332,0.0009133989436160753,,,0.0009134013202556045,2.6019663826428926e-06,3.282344877471149,0.9977132043232229,-1.2633551481697398e-05,-1.2633551481697398e-05,0.7499992650099083,,0.6086375158406354,0.0,0.4941279832227545,0.6086375158406354,,0.02782763474628525,0.027847376481135874,success,0.9999304405320891,0.9999304405320891,0.75,0.9999999980614854,0.01,[0.01],,,,,,,,,-0.0029224259186065773,,,
,,,0.015387021511888605,8.006996002200352e-10,4.999858522391733e-06,typ,,7.693293063980004e-08,True,,1.8419952392578125,0.64,,,4.154268527178928e-06,19,4.288231827153169e-09,False,False,1381,1.8333333333,146,0.0004999858522350066,,,0.0004999858522391732,8.33341369601127e-12,3.249399839005218,0.9876991134456915,-0.001748551670163797,-0.001748551670163797,0.7500041542685272,,0.6447630038616529,0.0,0.47237835558198016,0.47237835558198016,,0.015387021511888605,0.015446362123227874,success,0.9999343061442979,0.4781605623057971,0.75,0.9999990726436813,0.01,[0.01],,,,,,,,,-5.203733546491658e-06,,,
,,,0.023475580262215988,5.226663016300741e-07,7.709932406472761e-06,arith,,1.809948638443485e-07,True,,1.850738525390625,0.72,,,3.1073803901104924e-06,18,4.58828133562215e-09,False,False,1382,1.8333333333,364,0.0007709920769697022,,,0.0007709932406472761,1.5093226665909814e-06,3.284230116392974,0.9982862482402466,-1.2802726558115663e-05,-1.2802726558115663e-05,0.7500031073803901,,0.56681329674866,0.0,0.4278427404577471,0.56681329674866,,0.023475580262215988,0.02348806055113594,success,0.9999306612242189,0.9999306612242189,0.75,0.9999999786057148,0.01,[0.01],,,,,,,,,-0.0022264254846612115,,,
,,,0.009125081577094095,-2.1031439451756218e-07,2.9572247323282013e-06,typ,,2.6984872692150546e-08,True,,1.8398895263671875,0.72,,,-4.092226103535879e-06,19,4.215674992832123e-09,False,False,1383,1.8333333333,142,0.000295721988501323,,,0.0002957224732328201,1.639143254246753e-06,3.2407599428332605,0.9850728999256225,-0.00369604982301464,-0.00369604982301464,0.7499959077738965,,0.6090784603180449,0.0,0.37153073683150467,0.37153073683150467,,0.009125081577094095,0.009167847457628464,success,0.9999082284301891,0.35005371729721835,0.75,0.9999999938349515,0.01,[0.01],,,,,,,,,0.0023047946776223486,,,
,,,0.01996830325556312,3.367549512853285e-07,6.560863652136448e-06,arith,,1.3100920162036475e-07,True,,1.8507843017578125,0.8,,,-8.395272362848871e-06,19,4.6007690172290705e-09,False,False,1384,1.8333333333,323,0.0006560857972940986,,,0.0006560863652136448,8.656170532511271e-07,3.2856361849939093,0.9987136418450339,-1.2992278351365693e-05,-1.2992278351365693e-05,0.7499916047276372,,0.5286725931885878,0.0,0.36881861714905817,0.5286725931885878,,0.01996830325556312,0.019976273090955413,success,0.9999311387115245,0.9999311387115245,0.75,0.9999998413927733,0.01,[0.01],,,,,,,,,-0.001686447501199229,,,
,,,0.004467330304452824,-2.7155972779120616e-07,1.4402140919328437e-06,typ,,6.433838313105841e-09,True,,1.837738037109375,0.8,,,4.079060953232627e-06,18,4.3110488385027466e-09,False,False,1385,1.8333333333,154,0.00014401975843811893,,,0.00014402140919328435,1.1461873444193018e-05,3.223843965479043,0.9799310593816336,-0.009855152173096963,-0.009855152173096963,0.7500040790609532,,0.5757947743537773,0.0,0.2642235475201093,0.2642235475201093,,0.004467330304452824,0.0044955501550196205,success,0.999970546223652,0.22279721853618556,0.75,0.9999985860714199,0.01,[0.01],,,,,,,,,0.006078792237962083,,,
,,,0.01713011707527322,2.1548296488287644e-07,5.6301131287365204e-06,arith,,9.644445060938124e-08,True,,1.8508758544921875,0.88,,,6.909773281327247e-07,19,4.662498247929764e-09,False,False,1386,1.8333333333,303,0.0005630110418135772,,,0.000563011312873652,4.814469417902889e-07,3.286673636494089,0.9990289892869431,-1.3202013830936206e-05,-1.3202013830936206e-05,0.7500006909773281,,0.49416430331226824,0.0,0.3174468838676187,0.49416430331226824,,0.01713011707527322,0.01713527989583437,success,0.9999309583853292,0.9999309583853292,0.75,0.9999999162139148,0.01,[0.01],,,,,,,,,-0.0012579188101050358,,,
,,,0.0014712848709965921,-2.2608858577070936e-07,4.6838674774539453e-07,typ,,6.890792196844803e-10,True,,1.8359298706054688,0.88,,,3.1169824312726746e-06,20,4.279596635463695e-09,False,False,1387,1.8333333333,115,4.683520052902633e-05,,,4.6838674774539454e-05,7.417471843193249e-05,3.183285674466424,0.9676028172259069,-0.04129676883008976,-0.04129676883008976,0.7500031169824313,,0.5445792116722441,0.0,0.1534546666190618,0.1534546666190618,,0.0014712848709965921,0.001486388572823185,success,0.9999397306367885,0.11078207847352167,0.75,0.9999999607464808,0.01,[0.01],,,,,,,,,0.015366744416909934,,,
,,,0.014818091359818564,1.3567091554473984e-07,4.871357027948631e-06,arith,,7.218419507983972e-08,True,,1.8509674072265625,0.96,,,5.171875352205646e-06,19,4.603132834421188e-09,False,False,1388,1.8333333333,291,0.0004871355785778038,,,0.0004871357027948631,2.549947757071419e-07,3.2874380832793597,0.9992613532462887,-1.343226222312512e-05,-1.343226222312512e-05,0.7500051718753522,,0.46306151748490754,0.0,0.27340098507290655,0.46306151748490754,,0.014818091359818564,0.01482149014560493,success,0.9999307144401657,0.9999307144401657,0.75,0.9999998760974352,0.01,[0.01],,,,,,,,,-0.0009155761848832401,,,
,,,0.00018352792346427668,-7.322842993569433e-08,5.68287544717413e-08,typ,,1.0424300898309061e-11,True,,1.8343963623046875,0.96,,,6.674953627383573e-06,19,4.285040416004886e-09,False,False,1389,1.8333333333,117,5.679953601359266e-06,,,5.68287544717413e-06,0.0005141491912016466,3.094871610894054,0.9407281645105625,-0.35776329005381347,-0.35776329005381347,0.7500066749536274,,0.5023584495818698,0.0,0.05450705110010225,0.05450705110010225,,0.00018352792346427668,0.0001859197658551149,success,0.9999239314820647,0.0376455605455892,0.75,0.9999996869018194,0.01,[0.01],,,,,,,,,0.03990042962042672,,,
,,,0.012919898705735015,8.231027613441426e-08,4.248068509538686e-06,arith,,5.4884608063280983e-08,True,,1.8510589599609375,1.04,,,6.381128382138002e-06,19,4.600501904039012e-09,False,False,1390,1.8333333333,273,0.00042480679851551967,,,0.0004248068509538686,1.2344045015460688e-07,3.288004095008517,0.9994334001813497,-1.3683164257714863e-05,-1.3683164257714863e-05,0.7500063811283821,,0.43505984442000184,0.0,0.23598120296764427,0.43505984442000184,,0.012919898705735015,0.012922172930810353,success,0.9999306685001021,0.9999306685001021,0.75,0.9999999954229667,0.01,[0.01],,,,,,,,,-0.0006370814354595331,,,
,,,1.5444497383469108e-05,-5.742192485446822e-09,4.885144827097711e-09,typ,,7.541563372543832e-14,True,,1.833984375,1.04,,,2.8909812136435065e-06,12,4.207635282592317e-09,False,False,1391,1.8333333333,167,4.883009906567683e-07,,,4.88514482709771e-07,0.00043702297589719754,3.1616502533738475,0.9610264378048061,-2.0608830680736143,-2.0608830680736143,0.7500028909812136,,0.2699322256376411,0.0,0.015020570375134696,0.015020570375134696,,1.5444497383469108e-05,1.4102440764184001e-05,success,0.9998631823544067,0.015515798052302172,0.75,0.9999966088022082,0.01,[0.01],,,,,,,,,0.03717953613429292,,,
,,,0.01134852214973873,4.607571708502566e-08,3.731878669703247e-06,arith,,4.2351305620293094e-08,True,,1.8511505126953125,1.12,,,4.371701240235559e-06,19,4.497806690998887e-09,False,False,1392,1.8333333333,263,0.0003731878482632924,,,0.00037318786697032466,5.0127654042244735e-08,3.288426839541253,0.9995618991106551,-1.3954874150112697e-05,-1.3954874150112697e-05,0.7500043717012402,,0.40983508289490905,0.0,0.20434906148426502,0.40983508289490905,,0.01134852214973873,0.011350067435117128,success,0.9999306000461926,0.9999306000461926,0.75,0.9999999918873768,0.01,[0.01],,,,,,,,,-0.00040600631938746693,,,
,,,3.8134773768521716e-06,-1.0592301086802302e-09,1.228249255814451e-09,typ,,4.68277878176079e-15,True,,1.833709716796875,1.12,,,-2.752782359838335e-07,18,3.5295118343435045e-09,False,False,1393,1.8333333333,61,1.2279550444393043e-07,,,1.228249255814451e-07,0.00023953718982837893,3.2200401971518122,0.9787748524539849,-4.801742824141256,-4.801742824141256,0.749999724721764,,0.14423779022039285,0.0,0.007420994718334705,0.007420994718334705,,3.8134773768521716e-06,3.4420287176984254e-06,success,0.9997626534309236,0.010061337851432373,0.75,0.9999866793014589,0.01,[0.01],,,,,,,,,0.02777596413996744,,,
,,,0.010036873812517366,2.1099752453582303e-08,3.3008730186694586e-06,arith,,3.3130445514329085e-08,True,,1.8512420654296875,1.2,,,-7.742295540236199e-07,19,4.588231625371188e-09,False,False,1394,1.8333333333,257,0.0003300872974313062,,,0.00033008730186694584,1.3437777223717208e-08,3.288746113552228,0.9996589467727497,-1.4247559876707171e-05,-1.4247559876707171e-05,0.749999225770446,,0.38707371695872306,0.0,0.17766362292129087,0.38707371695872306,,0.010036873812517366,0.0100379381890747,success,0.9999305153835448,0.9999305153835448,0.75,0.9999999937064025,0.01,[0.01],,,,,,,,,-0.00021022235456689712,,,
,,,1.5747663559083166e-06,-3.868255249538267e-10,5.112467263864716e-10,typ,,8.049445102949243e-16,True,,1.8339958190917969,1.2,,,-5.166547929480458e-07,21,3.043052231814191e-09,False,False,1395,1.8333333333,30,5.1115170658483915e-08,,,5.1124672638647156e-08,0.00018585899278811258,3.2458891737626034,0.9866319991724303,-7.966252748005162,-7.966252748005162,0.749999483345207,,0.0948001095861377,0.0,0.004793910867530719,0.004793910867530719,,1.5747663559083166e-06,1.4363631212978107e-06,success,0.9997779141297363,0.0077442885575668835,0.75,0.9999665357394403,0.01,[0.01],,,,,,,,,0.02456399474769753,,,
,,,0.008933181301183344,3.56542586340734e-09,2.938114708128488e-06,arith,,2.6246711358672906e-08,True,,1.85137939453125,1.28,,,8.943811350192732e-06,17,4.600775386717824e-09,False,False,1396,1.8333333333,282,0.0002938114706705449,,,0.0002938114708128488,4.843373397903775e-10,3.2889903469397272,0.999733184820469,-1.4561167346472791e-05,-1.4561167346472791e-05,0.7500089438113502,,0.3664870846558698,0.0,0.1551494411622034,0.3664870846558698,,0.008933181301183344,0.008933922675374482,success,0.9999306089506101,0.9999306089506101,0.75,0.9999999926160545,0.01,[0.01],,,,,,,,,-3.9912162791715e-05,,,
,,,8.261783074473029e-07,-1.9229878650762278e-10,2.693833497389401e-10,typ,,2.2252170111851e-16,True,,1.8339958190917969,1.28,,,6.061531756751393e-06,21,2.867293917250217e-09,False,False,1397,1.8333333333,24,2.693385908497766e-08,,,2.6938334973894008e-08,0.00016615313903719584,3.260054015239999,0.9909375946862177,-11.26966194474442,-11.26966194474442,0.7500060615317568,,0.06901132909497665,0.0,0.0034878079730921393,0.0034878079730921393,,8.261783074473029e-07,7.603043456109108e-07,success,1.0001791629884977,0.006446668737539516,0.75,0.9999355921629958,0.01,[0.01],,,,,,,,,0.023275700266420805,,,
,,,0.007997317325964842,-8.806069409243383e-09,2.6304614714964635e-06,arith,,2.1036635023734784e-08,True,,1.851470947265625,1.36,,,-1.1927124314858872e-06,18,4.408138553321237e-09,False,False,1398,1.8333333333,259,0.00026304614617998545,,,0.0002630461471496463,3.6862766687098245e-09,3.2891798019062604,0.9997907722248371,-1.4896358626161348e-05,-1.4896358626161348e-05,0.7499988072875685,,0.34781745390328583,0.0,0.13612864168401712,0.34781745390328583,,0.007997317325964842,0.00799783781790133,success,0.9999305904895296,0.9999305904895296,0.75,0.9999999912810067,0.01,[0.01],,,,,,,,,0.00011011279220661622,,,
,,,4.965799764807585e-07,-1.1425591757902284e-10,1.6237180744925143e-10,typ,,8.061753390958569e-17,True,,1.8336868286132812,1.36,,,1.6347526866633544e-06,20,2.197777214342416e-09,False,False,1399,1.8333333333,25,1.623455188042796e-08,,,1.6237180744925143e-08,0.00016190399912891358,3.2692723527600833,0.9937396332924663,-14.614125408339543,-14.614125408339543,0.7500016347526867,,0.05323437842811193,0.0,0.0027126409703582557,0.0027126409703582557,,4.965799764807585e-07,4.5990283324776914e-07,success,1.0003407417181895,0.005612810787396084,0.75,0.9998906601654992,0.01,[0.01],,,,,,,,,0.023008563170176483,,,
,,,0.007197994492362066,-1.775184428843567e-08,2.367657274080975e-06,arith,,1.7042383703507864e-08,True,,1.8516082763671875,1.44,,,1.2329459913029694e-06,19,4.5035485126753155e-09,False,False,1400,1.8333333333,233,0.0002367657230301006,,,0.00023676572740809752,1.8490838834593773e-08,3.289329038544519,0.9998361347233307,-1.5252865116998976e-05,-1.5252865116998976e-05,0.7500012329459913,,0.3308371239128877,0.0,0.12001872137557093,0.3308371239128877,,0.007197994492362066,0.0071983608015286984,success,0.9999302335284194,0.9999302335284194,0.75,0.9999999813406807,0.01,[0.01],,,,,,,,,0.0002466220876839028,,,
,,,3.256730217969245e-07,-7.666397081379102e-11,1.0671014885674458e-10,typ,,3.47467392701547e-17,True,,1.8340415954589844,1.44,,,-2.3652465874768325e-07,21,2.303122347799879e-09,False,False,1401,1.8333333333,18,1.0669210203054906e-08,,,1.0671014885674458e-08,0.0001691200545483813,3.276049745903656,0.995799713778415,-17.912046653255473,-17.912046653255473,0.7499997634753413,,0.04317892450295441,0.0,0.0022026310618302185,0.0022026310618302185,,3.256730217969245e-07,3.032246494002586e-07,success,0.9997572196238631,0.005033234604178563,0.75,0.996166706732682,0.01,[0.01],,,,,,,,,0.023540166265781547,,,
,,,0.006510642751005714,-2.4297436074968324e-08,2.1416425599875696e-06,arith,,1.3943469018062991e-08,True,,1.85174560546875,1.52,,,1.1057883129161894e-06,17,4.394811629564396e-09,False,False,1402,1.8333333333,258,0.00021416424693105932,,,0.00021416425599875695,4.2339920761826675e-08,3.2894486016450046,0.9998724775479141,-1.5631147895298764e-05,-1.5631147895298764e-05,0.7500011057883129,,0.31534791039369214,0.0,0.10633370565503217,0.31534791039369214,,0.006510642751005714,0.006510897558751636,success,0.9999304696044676,0.9999304696044676,0.75,0.9999999874443165,0.01,[0.01],,,,,,,,,0.0003731956583121543,,,
,,,2.2727994388238634e-07,-5.548269361511389e-11,7.459907411917349e-11,typ,,1.6951795050192943e-17,True,,1.833709716796875,1.52,,,4.078099116955336e-06,18,1.9134647214905378e-09,False,False,1403,1.8333333333,26,7.458552990036471e-09,,,7.459907411917349e-09,0.00018156014627124378,3.281659112823501,0.9975047568658236,-21.079477630396863,-21.079477630396863,0.750004078099117,,0.03570245621582879,0.0,0.0018433435616875527,0.0018433435616875527,,2.2727994388238634e-07,2.1237005874381927e-07,success,1.0000443051947208,0.0046110386605686254,0.75,0.9997445120219564,0.01,[0.01],,,,,,,,,0.02441161004678234,,,
,,,0.00591582114603295,-2.9189126448384e-08,1.946036922637942e-06,arith,,1.1512405525897322e-08,True,,1.8518829345703125,1.6,,,-2.7063798928583793e-06,19,4.341587251408525e-09,False,False,1404,1.8333333333,224,0.0001946036778616498,,,0.0001946036922637942,7.400755987763417e-08,3.2895463378257763,0.9999021857844755,-1.6031447429670472e-05,-1.6031447429670472e-05,0.7499972936201071,,0.3011774428428898,0.0,0.09466904537135166,0.3011774428428898,,0.00591582114603295,0.005915987393472334,success,0.9999301900231474,0.9999301900231474,0.75,0.9999999843336882,0.01,[0.01],,,,,,,,,0.0004934078588220628,,,
,,,1.6587392351074862e-07,-4.199263773305634e-11,5.4519425748450616e-11,typ,,9.041587674824656e-18,True,,1.8350658416748047,1.6,,,-2.3825235997421146e-06,22,1.8164098081798866e-09,False,False,1405,1.8333333333,12,5.450879489348283e-09,,,5.451942574845062e-09,0.00019499205690170536,3.2861581700001605,0.9988723062610647,-24.044288455840018,-24.044288455840018,0.7499976174764003,,0.0314327879305145,0.0,0.0015786522373940366,0.0015786522373940366,,1.6587392351074862e-07,1.5575911914732308e-07,success,0.9998873301873938,0.004295409607451796,0.75,0.9968725489574235,0.01,[0.01],,,,,,,,,0.025315997140644725,,,
,,,0.005398028585131275,-3.294537984841181e-08,1.7757510734522314e-06,arith,,9.585553969174637e-09,True,,1.852020263671875,1.68,,,-9.247821827429448e-06,18,4.47804372556779e-09,False,False,1406,1.8333333333,249,0.00017757508723791846,,,0.00017757510734522314,1.1323267649187927e-07,3.2896285085826387,0.9999271626995138,-1.6454020162213426e-05,-1.6454020162213426e-05,0.7499907521781726,,0.2881761083634413,0.0,0.0846905650234955,0.2881761083634413,,0.005398028585131275,0.005398106539230332,success,0.999929695827887,0.999929695827887,0.75,0.9999999368870435,0.01,[0.01],,,,,,,,,0.0006103224414031259,,,
,,,1.2568791053003073e-07,-3.370689933640099e-11,4.1375188762828744e-11,typ,,5.199224868322678e-18,True,,1.8343048095703125,1.68,,,-7.939468607887079e-06,19,1.4909176835658202e-09,False,False,1407,1.8333333333,20,4.136614926922842e-09,,,4.137518876282874e-09,0.0002184761899731234,3.2911796444690493,1.0003986514715175,-26.72566844838511,-26.72566844838511,0.7499920605313921,,0.026374153542185638,0.0,0.0013748672683019968,0.0013748672683019968,,1.2568791053003073e-07,1.18141363751438e-07,success,0.9988921362061709,0.00405780566996,0.75,0.9994016413395964,0.01,[0.01],,,,,,,,,0.02681793276239354,,,
,,,0.004944806368423213,-3.5940204198710285e-08,1.6266937559479113e-06,arith,,8.04368435218723e-09,True,,1.852203369140625,1.76,,,-5.260012506891343e-06,18,4.459870783482994e-09,False,False,1408,1.8333333333,293,0.0001626693494724684,,,0.00016266937559479113,1.6058537529808843e-07,3.2897010995465927,0.9999492277066825,-1.6898856192144743e-05,-1.6898856192144743e-05,0.7499947399874931,,0.2762136021268585,0.0,0.07612185810469216,0.2762136021268585,,0.004944806368423213,0.0049447625962830396,success,0.9999303591676314,0.9999303591676314,0.75,0.9999999625379369,0.01,[0.01],,,,,,,,,0.0007268273319703477,,,
,,,9.778590301951444e-08,-2.6472708064282324e-11,3.220481738038152e-11,typ,,3.148476344846904e-18,True,,1.836991310119629,1.76,,,-1.945582194906592e-06,23,1.5924869851444186e-09,False,False,1409,1.8333333333,8,3.2197650659508505e-09,,,3.220481738038152e-09,0.00022253567807472484,3.2926679271022374,1.0008510351454842,-29.034709779889216,-29.034709779889216,0.7499980544178051,,0.02666047209146621,0.0,0.0012179521584653867,0.0012179521584653867,,9.778590301951444e-08,9.271303895083393e-08,success,1.0005002182350025,0.003882187104963955,0.75,0.9949668853298629,0.01,[0.01],,,,,,,,,0.027072110853237557,,,
,,,0.004546079104160523,-3.8424934692203425e-08,1.4955566403625212e-06,arith,,6.798917315364965e-09,True,,1.852386474609375,1.84,,,-6.001727407056734e-06,18,4.447176377881155e-09,False,False,1410,1.8333333333,209,0.00014955563155825136,,,0.00014955566403625212,2.1716329479612852e-07,3.2897718700358656,0.9999707393559026,-1.7366509264926558e-05,-1.7366509264926558e-05,0.7499939982725929,,0.2651764690967885,0.0,0.06873713193397739,0.2651764690967885,,0.004546079104160523,0.004545826871852916,success,0.9999298249195102,0.9999298249195102,0.75,0.9511382283598283,0.01,[0.01],,,,,,,,,0.0008452324258290477,,,
,,,7.821864873491944e-08,-2.3262052113726126e-11,2.581931754146065e-11,typ,,2.0190110062823124e-18,True,,1.8348541259765625,1.84,,,8.935108776420009e-06,19,1.356079847275919e-09,False,False,1411,1.8333333333,18,2.58123994589152e-09,,,2.5819317541460647e-09,0.0002679421148268917,3.3000313705741218,1.0030892535702487,-30.835597552164113,-30.835597552164113,0.7500089351087764,,0.020642820813189147,0.0,0.0010869576308841465,0.0010869576308841465,,7.821864873491944e-08,7.384235520490136e-08,success,0.9998768391132483,0.0037619178529578958,0.75,0.9980627737372154,0.01,[0.01],,,,,,,,,0.02973977752103657,,,
,,,0.00419362995314701,-4.059704905871623e-08,1.3796432451653313e-06,arith,,5.785711589461885e-09,True,,1.852569580078125,1.92,,,-9.59102683528723e-06,18,4.264594619518463e-09,False,False,1412,1.8333333333,197,0.0001379642852159651,,,0.00013796432451653313,2.848603664251394e-07,3.2898535816788765,0.9999955767170644,-1.7857285259464083e-05,-1.7857285259464083e-05,0.7499904089731647,,0.2549647199653082,0.0,0.06234928661974633,0.2549647199653082,,0.00419362995314701,0.004193002518620353,success,0.9999299181788346,0.9999299181788346,0.75,0.6857083802395312,0.01,[0.01],,,,,,,,,0.0009680646483424495,,,
,,,6.379054485052781e-08,-2.0364762034137757e-11,2.1090208614414193e-11,typ,,1.3449411749920696e-18,True,,1.8343849182128906,1.92,,,3.84401038444615e-06,21,2.0526721849583657e-09,False,False,1413,1.8333333333,13,2.1083707282066604e-09,,,2.1090208614414192e-09,0.00030826306493453553,3.3051461359154946,1.0046439558055706,-31.942312829327165,-31.942312829327165,0.7500038440103844,,0.018186380828351358,0.0,0.0009820770772601705,0.0009820770772601705,,6.379054485052781e-08,6.027974741820262e-08,success,0.9994459073965867,0.0036974980414903715,0.75,0.9846966221397374,0.01,[0.01],,,,,,,,,0.0319244209025897,,,
,,,0.00388070204122311,-4.258952582602075e-08,1.2767393191982648e-06,arith,,4.9546430682548e-09,True,,1.85284423828125,2.0,,,5.3918392394214365e-06,17,4.360212546340037e-09,False,False,1414,1.8333333333,211,0.00012767388517911587,,,0.0001276739319198265,3.6609439303771834e-07,3.28996876912704,1.0000305895028303,-1.8370882654044555e-05,-1.8370882654044555e-05,0.7500053918392394,,0.24548920939728291,0.0,0.056801592041990576,0.24548920939728291,,0.00388070204122311,0.0038794234745940645,success,0.9999295389339242,0.9999295389339242,0.75,0.6779648966622213,0.01,[0.01],,,,,,,,,0.0010974696169303811,,,
,,,5.2905571088996206e-08,-1.7638126854422585e-11,1.7515192320750493e-11,typ,,9.26340148943973e-19,True,,1.834991455078125,2.0,,,-4.729215311138901e-06,18,1.941891732069119e-09,False,False,1415,1.8333333333,25,1.7509311966138888e-09,,,1.7515192320750492e-09,0.00033572880639380837,3.3095403009042723,1.0059796217989188,-32.37333676054443,-32.37333676054443,0.7499952707846889,,0.016570082617303472,0.0,0.0008952096346651994,0.0008952096346651994,,5.2905571088996206e-08,5.008754541024889e-08,success,1.0004924853411001,0.0036801844206136667,0.75,0.9892828715907962,0.01,[0.01],,,,,,,,,0.03333888377228221,,,
,,,0.0036017443924524586,-4.4541783973491925e-08,1.1850310048373087e-06,arith,,4.26817679258456e-09,True,,1.85302734375,2.08,,,-5.957718487881181e-06,14,4.263951543020863e-09,False,False,1416,1.8333333333,251,0.00011850304540012962,,,0.00011850310048373087,4.6482835495144567e-07,3.2901570041576402,1.0000878060911405,-1.8908873026536035e-05,-1.8908873026536035e-05,0.7499940422815121,,0.23667124879030546,0.0,0.051969942116825395,0.23667124879030546,,0.0036017443924524586,0.0035993968714307335,success,0.9999293770208844,0.9999293770208844,0.75,0.7004107367440102,0.01,[0.01],,,,,,,,,0.0012366725430830211,,,
,,,4.46292462851214e-08,-1.6205269963979184e-11,1.4801570538818735e-11,typ,,6.603203262089329e-19,True,,1.8342361450195312,2.08,,,8.571196762008348e-06,20,2.377043758638601e-09,False,False,1417,1.8333333333,20,1.4795686263450789e-09,,,1.4801570538818735e-09,0.0003975439871406901,3.3152444854044973,1.00771348597475,-32.34233188844433,-32.34233188844433,0.750008571196762,,0.014756753947078493,0.0,0.0008224535380341227,0.0008224535380341227,,4.46292462851214e-08,4.2276885830567376e-08,success,0.9991497545179484,0.003693205785842189,0.75,0.9920285580562489,0.01,[0.01],,,,,,,,,0.03631087529565054,,,
,,,0.003352096771740487,-4.648549401710498e-08,1.1030019892853931e-06,arith,,3.697367246605748e-09,True,,1.853302001953125,2.16,,,2.9786009880794495e-08,18,4.228638526237015e-09,False,False,1418,1.8333333333,186,0.0001103001344643755,,,0.00011030019892853932,5.844428608230902e-07,3.2904818081103633,1.0001865346539653,-1.9470343212371556e-05,-1.9470343212371556e-05,0.7500000297860099,,0.22843826458857097,0.0,0.04774359049365115,0.22843826458857097,,0.003352096771740487,0.0033481032487966233,success,0.9999294991867625,0.9999294991867625,0.75,0.7137435497933481,0.01,[0.01],,,,,,,,,0.0013867587120096362,,,
,,,3.817887109155811e-08,-1.5148765732744053e-11,1.2683967284654343e-11,typ,,4.84030066787133e-19,True,,1.8335752487182617,2.16,,,-5.991161871166106e-06,23,2.31439841883881e-09,False,False,1419,1.8333333333,11,1.2677956496575377e-09,,,1.2683967284654344e-09,0.0004738886457267288,3.320673486172998,1.009363704326329,-32.12212845510198,-32.12212845510198,0.7499940088381288,,0.013376856789142307,0.0,0.0007610806706126963,0.0007610806706126963,,3.817887109155811e-08,3.620275501491072e-08,success,0.9999616279503237,0.003718121287039912,0.75,0.9921524009523374,0.01,[0.01],,,,,,,,,0.03967840142893502,,,
,,,0.003127891654802955,-4.851583240885797e-08,1.0294026468520583e-06,arith,,3.2198575947346324e-09,True,,1.85357666015625,2.24,,,9.896019561583813e-07,17,4.280178873415434e-09,False,False,1420,1.8333333333,200,0.00010294018943368647,,,0.00010294026468520583,7.310212343815085e-07,3.291040764651143,1.0003564370689146,-2.0056297529671865e-05,-2.0056297529671865e-05,0.7500009896019562,,0.22072540934987914,0.0,0.04403564619619902,0.22072540934987914,,0.003127891654802955,0.0031214969977157074,success,0.9999291719386405,0.9999291719386405,0.75,0.7222601529303913,0.01,[0.01],,,,,,,,,0.00155107138491708,,,
,,,3.278937060643004e-08,-1.0618092641407432e-11,1.0795761457158366e-11,typ,,3.5387347950603736e-19,True,,1.8428363800048828,2.24,,,-7.70111408010532e-06,22,2.4070224182358064e-09,False,False,1421,1.8333333333,18,1.0792323029117317e-09,,,1.0795761457158365e-09,0.00031849796373262555,3.291409023569647,1.0004683743574436,-31.956901644051097,-31.956901644051097,0.7499922988859199,,0.025493808344583282,0.0,0.0007151906793777318,0.0007151906793777318,,3.278937060643004e-08,3.1968622286377596e-08,success,0.999199423356727,0.003739181557029002,0.75,0.9947404635262534,0.01,[0.01],,,,,,,,,0.0323827278323092,,,
,,,0.0029258651101523817,-5.073146885955741e-08,9.631877756090524e-07,arith,,2.818154933497875e-09,True,,1.853851318359375,2.32,,,-3.1308356558401584e-06,18,4.284692997727487e-09,False,False,1422,1.8333333333,182,9.631868959779566e-05,,,9.631877756090524e-05,9.132498543076e-07,3.2919730053030127,1.0006398042477753,-2.066713560704603e-05,-2.066713560704603e-05,0.7499968691643442,,0.2134731821234222,0.0,0.04077171469923153,0.2134731821234222,,0.0029258651101523817,0.0029161342040452433,success,0.9999290986319338,0.9999290986319338,0.75,0.7280353634520853,0.01,[0.01],,,,,,,,,0.0017338963673863717,,,
,,,2.891996901403652e-08,-1.2559883270152178e-11,9.64072063007817e-12,typ,,2.786515912270835e-19,True,,1.8344535827636719,2.32,,,7.974236288177394e-06,21,2.694729989680212e-09,False,False,1423,1.8333333333,23,9.63526589851593e-10,,,9.64072063007817e-10,0.0005658012270597986,3.3316999384886556,1.0127153439263237,-31.997103565197154,-31.997103565197154,0.7500079742362882,,0.011334413111905828,0.0,0.0006631599768984893,0.0006631599768984893,,2.891996901403652e-08,2.7486335707644348e-08,success,0.9997948913513631,0.0037454998424372495,0.75,0.9940008672540362,0.01,[0.01],,,,,,,,,0.04342979504596338,,,
,,,0.0027432442653458323,-5.2918421729410104e-08,9.034781874355409e-07,arith,,2.4784585561882363e-09,True,,1.854217529296875,2.4,,,6.750993990278786e-06,18,4.2826726590227894e-09,False,False,1424,1.8333333333,172,9.034771666152684e-05,,,9.03478187435541e-05,1.1298781605577809e-06,3.293462335922791,1.0010925064714675,-2.130253139994505e-05,-2.130253139994505e-05,0.7500067509939903,,0.20662737756441338,0.0,0.03788743925022649,0.20662737756441338,,0.0027432442653458323,0.0027290835574681526,success,0.9999287479060212,0.9999287479060212,0.75,0.732138016431624,0.01,[0.01],,,,,,,,,0.0019290451965180303,,,
,,,2.563085807175074e-08,-1.2274181313399024e-11,8.56071558224696e-12,typ,,2.192678305542826e-19,True,,1.8336124420166016,2.4,,,-2.4190556839887023e-06,22,2.5494219318260667e-09,False,False,1425,1.8333333333,16,8.554837685904493e-10,,,8.560715582246959e-10,0.0006866127353484388,3.337710217096976,1.0145422495541694,-32.33756127297617,-32.33756127297617,0.749997580944316,,0.010406184536046345,0.0,0.0006245665264995603,0.0006245665264995603,,2.563085807175074e-08,2.4380221011322923e-08,success,1.0003518081281522,0.0037312402498753685,0.75,0.9952599314650155,0.01,[0.01],,,,,,,,,0.047888296517575875,,,
,,,0.08566149287366027,1.1331551538576585e-05,2.794081886059794e-05,arith,,2.3933238516510717e-06,True,,1.9330215454101562,0.0,,,3.6001569908572506e-06,20,4.853483730252241e-09,False,False,1426,1.9166666667,589,0.0027939319889987413,,,0.002794081886059794,5.364805584279571e-05,3.261596191324185,0.9914063600049215,-1.293491768774007e-05,-1.293491768774007e-05,0.7500036001569909,,0.9028751499669303,0.0,0.9028751499669303,0.9028751499669303,,0.08566149287366027,0.08589011751206224,success,0.9999305420267532,0.9999305420267532,0.75,0.9999999995028805,0.01,[0.01],,,,,,,,,-0.013228290984012119,,,
,,,0.08310767865542214,1.058341573932939e-05,2.7111670814196656e-05,arith,,2.253076017149131e-06,True,,1.9330215454101562,0.08,,,1.9681843554941736e-07,20,4.806318908799637e-09,False,False,1428,1.9166666667,576,0.0027110323060408757,,,0.0027111670814196657,4.971120360439218e-05,3.2620719888967824,0.9915509851246107,-1.294486319277754e-05,-1.294486319277754e-05,0.7500001968184355,,0.8953194276736829,0.0,0.8952204590270446,0.8953194276736829,,0.08310767865542214,0.0833258331491058,success,0.9999305754710939,0.9999305754710939,0.75,0.9999987025194054,0.01,[0.01],,,,,,,,,-0.012734582304013016,,,
,,,0.07624328827340662,8.70609976708539e-06,2.4883503024033985e-05,arith,,1.8971242981404542e-06,True,,1.9330215454101562,0.16,,,-9.888514862388398e-06,20,4.782526928414155e-09,False,False,1430,1.9166666667,542,0.0024882508888355017,,,0.0024883503024033986,3.9951596767085134e-05,3.2635671220169478,0.9920054510969248,-1.2974705763769598e-05,-1.2974705763769598e-05,0.7499901114851376,,0.8734796570511145,0.0,0.8719961840154103,0.8734796570511145,,0.07624328827340662,0.07643280327536049,success,0.9999304650348284,0.9999304650348284,0.75,0.999999281062956,0.01,[0.01],,,,,,,,,-0.011418840876675627,,,
,,,0.066921166879775,6.4588798604955595e-06,2.1857907414433992e-05,arith,,1.462714952594956e-06,True,,1.93304443359375,0.24,,,-6.772169834690089e-06,17,4.760045503809207e-09,False,False,1432,1.9166666667,621,0.002185728403724263,,,0.0021857907414433993,2.8519527489277063e-05,3.2661241661415747,0.9927826993089235,-1.3024363037357814e-05,-1.3024363037357814e-05,0.7499932278301653,,0.8396854733151755,0.0,0.8329504569406911,0.8396854733151755,,0.066921166879775,0.06707141830158239,success,0.9999303557403197,0.9999303557403197,0.75,0.9999999993544978,0.01,[0.01],,,,,,,,,-0.009651475253112435,,,
,,,0.05701526816047475,4.4550541908486296e-06,1.864158478243136e-05,arith,,1.0628351077987061e-06,True,,1.9330902099609375,0.32,,,9.6120281418699e-06,19,4.789928827048302e-09,False,False,1434,1.9166666667,494,0.0018641236673784612,,,0.0018641584782431362,1.8673768931809432e-05,3.2695166181306248,0.9938138810618645,-1.3093863323456714e-05,-1.3093863323456714e-05,0.7500096120281419,,0.7973068479754283,0.0,0.7790242754194806,0.7973068479754283,,0.05701526816047475,0.05712497922189849,success,0.9999304448241372,0.9999304448241372,0.75,0.9999999992363212,0.01,[0.01],,,,,,,,,-0.007813791523894033,,,
,,,0.04778001103778109,2.9462975717242884e-06,1.563980718863966e-05,arith,,7.472614794325897e-07,True,,1.9331130981445312,0.4,,,2.3709333831778423e-06,20,4.730738465546708e-09,False,False,1436,1.9166666667,418,0.0015639625508702952,,,0.001563980718863966,1.1616507448945474e-05,3.2732569894837886,0.9949508176201579,-1.318345013700845e-05,-1.318345013700845e-05,0.7500023709333832,,0.7500530130714286,0.0,0.7132088586481505,0.7500530130714286,,0.04778001103778109,0.04785500449409724,success,0.99993063978702,0.99993063978702,0.75,0.9999999990801901,0.01,[0.01],,,,,,,,,-0.006166381103165846,,,
,,,0.03979071017082522,1.908177511335441e-06,1.3038836749948756e-05,arith,,5.188209329405008e-07,True,,1.933135986328125,0.48,,,-8.373638588743404e-06,18,4.740518272439229e-09,False,False,1438,1.9166666667,450,0.001303874524262458,,,0.0013038836749948756,7.018058890492937e-06,3.2768314982688254,0.9960373380032774,-1.329307716677801e-05,-1.329307716677801e-05,0.7499916263614113,,0.701263419710973,0.0,0.6402719004272267,0.701263419710973,,0.03979071017082522,0.03983968281193755,success,0.9999306193311688,0.9999306193311688,0.75,0.9999999988858139,0.01,[0.01],,,,,,,,,-0.004795535196892585,,,
,,,0.033160633545010955,1.226984591182326e-06,1.0876420156090868e-05,arith,,3.6066747758651316e-07,True,,1.9331817626953125,0.56,,,-6.820676412222504e-06,19,4.69733689723701e-09,False,False,1440,1.9166666667,388,0.0010876374756138391,,,0.0010876420156090867,4.174163173569037e-06,3.2799055969106328,0.9969717519423411,-1.3422706606021871e-05,-1.3422706606021871e-05,0.7499931793235878,,0.653457476604286,0.0,0.565514128892142,0.653457476604286,,0.033160633545010955,0.033191800314334205,success,0.9999303707819506,0.9999303707819506,0.75,0.9999997329999071,0.01,[0.01],,,,,,,,,-0.003700124092975681,,,
,,,0.027772197969307945,7.90827938454716e-07,9.11587084142348e-06,arith,,2.5316714426182646e-07,True,,1.9332275390625,0.64,,,-8.853679098752565e-06,16,4.733938624950786e-09,False,False,1442,1.9166666667,449,0.0009115848322182152,,,0.000911587084142348,2.4703335226114537e-06,3.2823647347813103,0.9977192402217314,-1.3572519026702366e-05,-1.3572519026702366e-05,0.7499911463209012,,0.6082339404981609,0.0,0.4934525657119249,0.6082339404981609,,0.027772197969307945,0.02779184949247726,success,0.9999302948774701,0.9999302948774701,0.75,0.9999999983721063,0.01,[0.01],,,,,,,,,-0.0028475525751641565,,,
,,,0.015331963599749525,2.1415671546963415e-08,4.981769166407468e-06,typ,,7.638030306308285e-08,True,,1.9249191284179688,0.64,,,3.3759539507238756e-06,20,4.196973618258369e-09,False,False,1443,1.9166666667,132,0.000498176913649408,,,0.0004981769166407468,6.004571346116489e-09,3.249270130393126,0.9876596867553742,-0.0017665549066455477,-0.0017665549066455477,0.7500033759539507,,0.6445668363374355,0.0,0.4716424509550949,0.4716424509550949,,0.015331963599749525,0.015391282112713744,success,0.9999210305725279,0.476694830036497,0.75,0.9999988568885282,0.01,[0.01],,,,,,,,,-0.00013967990080092076,,,
,,,0.0234282116092117,5.119409955037505e-07,7.694408960888145e-06,arith,,1.802659792599193e-07,True,,1.9332962036132812,0.72,,,-7.159161663494729e-08,20,4.62206438224892e-09,False,False,1444,1.9166666667,310,0.0007694397774221948,,,0.0007694408960888145,1.4538694595237442e-06,3.284244611823721,0.9982906543228488,-1.3742498016489774e-05,-1.3742498016489774e-05,0.7499999284083834,,0.5664158043489111,0.0,0.42712347730685646,0.5664158043489111,,0.0234282116092117,0.023440635173020342,success,0.9999305054547717,0.9999305054547717,0.75,0.9999999014302761,0.01,[0.01],,,,,,,,,-0.002185147565008595,,,
,,,0.009077122245266554,-1.8248183867721293e-07,2.9414364734240607e-06,typ,,2.6699745146334496e-08,True,,1.9229507446289062,0.72,,,-3.4319031265717115e-06,20,4.228786256043515e-09,False,False,1445,1.9166666667,127,0.0002941432804902194,,,0.00029414364734240604,1.2471871820581452e-06,3.2404904609895087,0.9849909872674854,-0.003746097231126687,-0.003746097231126687,0.7499965680968734,,0.6089611614302903,0.0,0.37062741872593796,0.37062741872593796,,0.009077122245266554,0.009119899296075968,success,0.9998840631558368,0.3483005789113857,0.75,0.9999999948281191,0.01,[0.01],,,,,,,,,0.002010349026337854,,,
,,,0.019927397643244766,3.329260188193088e-07,6.547442938171213e-06,arith,,1.304733881356586e-07,True,,1.9333648681640625,0.8,,,3.514634188239718e-06,19,4.643504919505086e-09,False,False,1446,1.9166666667,319,0.0006547437375993151,,,0.0006547442938171213,8.495191350898421e-07,3.2856459700409912,0.9987166161426909,-1.393285125591507e-05,-1.393285125591507e-05,0.7500035146341882,,0.5282825738593473,0.0,0.36806498396953313,0.5282825738593473,,0.019927397643244766,0.019935332968886388,success,0.9999300031832418,0.9999300031832418,0.75,0.999999991907688,0.01,[0.01],,,,,,,,,-0.0016706949135035106,,,
,,,0.004428132011218819,-2.3264549337684347e-07,1.4273088019104028e-06,typ,,6.320257671708246e-09,True,,1.9207763671875,0.8,,,-1.1409681329732635e-06,16,4.267656986671948e-09,False,False,1447,1.9166666667,186,0.00014272965791660376,,,0.0001427308801910403,8.563489799079766e-06,3.223247580582364,0.9797497801107199,-0.010050873608815479,-0.010050873608815479,0.749998859031867,,0.5757674653743426,0.0,0.26310828860994256,0.26310828860994256,,0.004428132011218819,0.004456363306799922,success,0.9999889738556639,0.22091784728896655,0.75,0.999999252859076,0.01,[0.01],,,,,,,,,0.005253806634206669,,,
,,,0.01709434200075603,2.1677769545652677e-07,5.6183646855050645e-06,arith,,9.604220042642442e-08,True,,1.93341064453125,0.88,,,-6.242447764148729e-06,17,4.604703398915589e-09,False,False,1448,1.9166666667,353,0.0005618361936492014,,,0.0005618364685505065,4.892906040272156e-07,3.2866792627897183,0.9990306994757412,-1.4143806405181119e-05,-1.4143806405181119e-05,0.7499937575522359,,0.493782619056436,0.0,0.31666868136750503,0.493782619056436,,0.01709434200075603,0.017099485033608412,success,0.9999306431895791,0.9999306431895791,0.75,0.9999999465110856,0.01,[0.01],,,,,,,,,-0.0012681254151048304,,,
,,,0.0014451220048759628,-1.975973284946627e-07,4.5981664520715536e-07,typ,,6.644521074928753e-10,True,,1.9191513061523438,0.88,,,-2.1813652274493833e-06,20,4.428352173352906e-09,False,False,1449,1.9166666667,114,4.597896269318149e-05,,,4.598166452071553e-05,5.87588022791878e-05,3.1816664986101255,0.967110646783051,-0.04266058449601018,-0.04266058449601018,0.7499978186347726,,0.5446443413512436,0.0,0.15211088878971032,0.15211088878971032,,0.0014451220048759628,0.0014601942383305846,success,0.9999106331201919,0.10911028410061714,0.75,0.9999999667674215,0.01,[0.01],,,,,,,,,0.013673401126545217,,,
,,,0.014786499503483423,1.3970887740293987e-07,4.860974489662407e-06,arith,,7.187677735926834e-08,True,,1.933502197265625,0.96,,,3.2811704385737883e-06,18,4.604699602392007e-09,False,False,1450,1.9166666667,312,0.00048609731696359584,,,0.00048609744896624065,2.715559299851463e-07,3.2874401196110035,0.9992619722168861,-1.43751585309482e-05,-1.43751585309482e-05,0.7500032811704386,,0.4626878939378149,0.0,0.27260400833916965,0.4626878939378149,,0.014786499503483423,0.014789888225636089,success,0.999930339914489,0.999930339914489,0.75,0.9999999967573622,0.01,[0.01],,,,,,,,,-0.0009448407810788962,,,
,,,0.00017604035152395288,-6.156622323325146e-08,5.445027426720687e-08,typ,,9.581655022731537e-12,True,,1.9176406860351562,0.96,,,8.456989824656702e-06,20,4.3691641008190034e-09,False,False,1451,1.9166666667,98,5.442874284097195e-06,,,5.445027426720687e-06,0.0003954328334372805,3.091833342173605,0.9398046415616244,-0.3759934241354064,-0.3759934241354064,0.7500084569898247,,0.5013711709462512,0.0,0.05337778237724926,0.05337778237724926,,0.00017604035152395288,0.00017828613065508614,success,0.9999361513757989,0.03674797263032459,0.75,0.9999326813129571,0.01,[0.01],,,,,,,,,0.03497279044280621,,,
,,,0.012891711291144045,8.806561958627686e-08,4.238799072057687e-06,arith,,5.464536610258363e-08,True,,1.93359375,1.04,,,8.44830507218397e-06,11,4.6105495465704565e-09,False,False,1452,1.9166666667,419,0.0004238798470465456,,,0.00042387990720576873,1.4192515880264216e-07,3.2880029460303666,0.9994330509338711,-1.4627268519318564e-05,-1.4627268519318564e-05,0.7500084483050722,,0.4346937242982179,0.0,0.23517016884046005,0.4346937242982179,,0.012891711291144045,0.012893981966385075,success,0.9999301131449321,0.9999301131449321,0.75,0.9999999962008432,0.01,[0.01],,,,,,,,,-0.0006831181493086453,,,
,,,1.4905824446634874e-05,-4.789651876604622e-09,4.713306719326728e-09,typ,,7.02327817563297e-14,True,,1.91729736328125,1.04,,,-2.1688144375975327e-06,17,4.084914105420044e-09,False,False,1453,1.9166666667,105,4.7117676722796366e-07,,,4.713306719326728e-07,0.0003265323346729856,3.1610245304769853,0.9608362408511795,-2.1428106856467135,-2.1428106856467135,0.7499978311855624,,0.26680592897014405,0.0,0.014752637716379472,0.014752637716379472,,1.4905824446634874e-05,1.3603765402822935e-05,success,0.9998519891968,0.015224266502123288,0.75,0.9999970784833679,0.01,[0.01],,,,,,,,,0.032132753835605044,,,
,,,0.011323116773730482,5.305152863059065e-08,3.7235197543864227e-06,arith,,4.2161846173745014e-08,True,,1.9336395263671875,1.12,,,-7.929495341119086e-06,19,4.6008122172058165e-09,False,False,1454,1.9166666667,265,0.00037235195058272363,,,0.0003723519754386423,6.675382510813599e-08,3.2884227728409234,0.9995606629819824,-1.4900529872285463e-05,-1.4900529872285463e-05,0.7499920705046589,,0.4094757778893836,0.0,0.20352800412632147,0.4094757778893836,,0.011323116773730482,0.01132466296485889,success,0.9999299737354205,0.9999299737354205,0.75,0.9999999873879183,0.01,[0.01],,,,,,,,,-0.0004685240794625528,,,
,,,3.7144397941709043e-06,-8.863931794524801e-10,1.195988986135092e-09,typ,,4.44164339062172e-15,True,,1.9169425964355469,1.12,,,3.450563049955946e-06,21,3.6312098782548447e-09,False,False,1455,1.9166666667,39,1.1957774622143616e-07,,,1.195988986135092e-07,0.00017686109419282322,3.2192673147937496,0.9785399243879793,-4.969157135777479,-4.969157135777479,0.75000345056305,,0.14292125055961352,0.0,0.007325758193682028,0.007325758193682028,,3.7144397941709043e-06,3.3542473277007705e-06,success,0.9998336991579498,0.009894366463445735,0.75,0.9999886333029536,0.01,[0.01],,,,,,,,,0.02386344182623455,,,
,,,0.010013770904180846,2.871292844733171e-08,3.293268297202786e-06,arith,,3.29780334297582e-08,True,,1.9337310791015625,1.2,,,-6.763793733766121e-06,19,4.491036017860736e-09,False,False,1456,1.9166666667,252,0.00032932682148729357,,,0.0003293268297202786,2.499943611406821e-08,3.2887393234630165,0.9996568828331219,-1.519464257776406e-05,-1.519464257776406e-05,0.7499932362062662,,0.3867200030709039,0.0,0.17683356105930986,0.3867200030709039,,0.010013770904180846,0.01001483928156317,success,0.9999300748713474,0.9999300748713474,0.75,0.9999999948247835,0.01,[0.01],,,,,,,,,-0.00028673442524377885,,,
,,,1.538666254534234e-06,-3.2630321999069217e-10,4.993799711886128e-10,typ,,7.682726360668203e-16,True,,1.9172515869140625,1.2,,,-6.240567169468747e-06,19,3.1977613371975544e-09,False,False,1457,1.9166666667,40,4.993107724321817e-08,,,4.993799711886128e-08,0.00013856934683692765,3.24508821169492,0.9863885358981793,-8.246626363061198,-8.246626363061198,0.7499937594328305,,0.09400612622749083,0.0,0.0047396740470486915,0.0047396740470486915,,1.538666254534234e-06,1.4040454170194978e-06,success,0.999984256847711,0.007613948040793805,0.75,0.9999715419742138,0.01,[0.01],,,,,,,,,0.021206887395438894,,,
,,,0.00891198591131641,1.1585611631096784e-08,2.9311351645117733e-06,arith,,2.6122235156066637e-08,True,,1.933868408203125,1.28,,,7.742913375130556e-06,18,4.5432400970953794e-09,False,False,1458,1.9166666667,262,0.0002931135149450439,,,0.00029311351645117735,5.138396387691434e-09,3.2889809057356043,0.9997303150385387,-1.5509773078030225e-05,-1.5509773078030225e-05,0.7500077429133751,,0.36613781294971215,0.0,0.1543114882899942,0.36613781294971215,,0.00891198591131641,0.008912733517596808,success,0.9999297507225992,0.9999297507225992,0.75,0.9999999939750213,0.01,[0.01],,,,,,,,,-0.00013000033602370727,,,
,,,8.079847472823427e-07,-1.6159452122235545e-10,2.633756389107973e-10,typ,,2.1277738625637703e-16,True,,1.917037010192871,1.28,,,1.5813979947765233e-07,23,2.5904680503198722e-09,False,False,1459,1.9166666667,16,2.6334332049219234e-08,,,2.633756389107973e-08,0.00012270845830163397,3.2592610365226298,0.9906965580594765,-11.698927857131523,-11.698927857131523,0.7500001581397995,,0.0682881408238246,0.0,0.0034494970725977726,0.0034494970725977726,,8.079847472823427e-07,7.43693230443261e-07,success,0.9995776369941094,0.006330102790573091,0.75,0.9999452834801419,0.01,[0.01],,,,,,,,,0.019999699470302966,,,
,,,0.007977705704719104,-5.150091233884884e-10,2.6240011824496174e-06,arith,,2.0933509202152754e-08,True,,1.9339599609375,1.36,,,2.958378857775834e-06,16,4.533616923080243e-09,False,False,1460,1.9166666667,286,0.00026240011824163706,,,0.0002624001182449617,1.2670161027574197e-11,3.2891676874770877,0.9997870898799284,-1.5846612705416267e-05,-1.5846612705416267e-05,0.7500029583788578,,0.34747133244108447,0.0,0.13528295548549252,0.34747133244108447,,0.007977705704719104,0.00797823410670304,success,0.9999299676289893,0.9999299676289893,0.75,0.9999999929635351,0.01,[0.01],,,,,,,,,6.455604436296035e-06,,,
,,,4.855248499995972e-07,-9.598311759800262e-11,1.5871040570033134e-10,typ,,7.704863316216476e-17,True,,1.9165534973144531,1.36,,,3.0997526410114773e-06,21,2.2499823573286275e-09,False,False,1461,1.9166666667,21,1.58691430855143e-08,,,1.5871040570033132e-08,0.00011955640277396305,3.268451261666105,0.993490051527906,-15.216323079917839,-15.216323079917839,0.750003099752641,,0.052964284832973205,0.0,0.002682940321864217,0.002682940321864217,,4.855248499995972e-07,4.498869826207656e-07,success,0.9997165076906239,0.005500695763135259,0.75,0.9923849991867405,0.01,[0.01],,,,,,,,,0.019768940271148273,,,
,,,0.007179702920473715,-9.231485262332719e-09,2.3616298442014763e-06,arith,,1.6955800604270905e-08,True,,1.934051513671875,1.44,,,-4.302799624378295e-06,18,4.5240307376551586e-09,False,False,1462,1.9166666667,245,0.00023616298323318597,,,0.00023616298442014763,5.026027532153884e-09,3.28931413805077,0.9998316055163401,-1.6205131232124815e-05,-1.6205131232124815e-05,0.7499956972003756,,0.3304930183495136,0.0,0.11916617343832679,0.3304930183495136,,0.007179702920473715,0.0071800784662736416,success,0.9999297154285732,0.9999297154285732,0.75,0.999999991729879,0.01,[0.01],,,,,,,,,0.0001285775381598049,,,
,,,3.1771663622911594e-07,-6.520253902118982e-11,1.0405527787183144e-10,typ,,3.305584149622944e-17,True,,1.9190025329589844,1.44,,,-4.679324536960294e-06,21,2.2089451779608752e-09,False,False,1463,1.9166666667,18,1.040418968567695e-08,,,1.0405527787183143e-08,0.0001285952556718204,3.2746757642788795,0.9953820734448394,-18.720571114719025,-18.720571114719025,0.749995320675463,,0.04667158061053358,0.0,0.002181361619638117,0.002181361619638117,,3.1771663622911594e-07,2.973967908212081e-07,success,0.9995850346720568,0.004920386170424622,0.75,0.999858822257961,0.01,[0.01],,,,,,,,,0.020522230058538742,,,
,,,0.006493448321535677,-1.5626355330828697e-08,2.135974874021519e-06,arith,,1.3869842216374431e-08,True,,1.9341888427734375,1.52,,,1.0875051050796003e-06,19,4.491002995949222e-09,False,False,1464,1.9166666667,225,0.00021359748364170028,,,0.0002135974874021519,1.7605317639169252e-08,3.289430716393,0.9998670410832056,-1.6585286024062566e-05,-1.6585286024062566e-05,0.7500010875051051,,0.3150042615356815,0.0,0.10547287423313073,0.3150042615356815,,0.006493448321535677,0.0064937134571036595,success,0.9999296238385081,0.9999296238385081,0.75,0.9999999901829355,0.01,[0.01],,,,,,,,,0.00024064802793615086,,,
,,,2.2165745448572659e-07,-4.6834568614206254e-11,7.273204578448685e-11,typ,,1.6119406651311396e-17,True,,1.9166908264160156,1.52,,,-5.183592384216951e-07,21,2.103579844336792e-09,False,False,1465,1.9166666667,16,7.272214998909225e-09,,,7.273204578448685e-09,0.00013605825723541566,3.2808348430156276,0.9972542088881005,-22.140765949082404,-22.140765949082404,0.7499994816407616,,0.035488995083605104,0.0,0.0018207391467566097,0.0018207391467566097,,2.2165745448572659e-07,2.0719350693897668e-07,success,1.0001105066264848,0.0044937897991126725,0.75,0.9997829169543033,0.01,[0.01],,,,,,,,,0.02112925492303807,,,
,,,0.005899534846094732,-2.036975439256795e-08,1.940666904643562e-06,arith,,1.1449031613680603e-08,True,,1.934326171875,1.6,,,3.4841238965022114e-06,15,4.3932754740825315e-09,False,False,1466,1.9166666667,283,0.00019406668343114247,,,0.00019406669046435622,3.6241220633036595e-08,3.289525165862987,0.9998957502794861,-1.6987576522519603e-05,-1.6987576522519603e-05,0.7500034841238965,,0.30083278706588523,0.0,0.09379918074857481,0.30083278706588523,,0.005899534846094732,0.00589971232141733,success,0.9999294699730191,0.9999294699730191,0.75,0.9999999880520646,0.01,[0.01],,,,,,,,,0.000345277295989733,,,
,,,1.6112917159004106e-07,-3.4643965874263007e-11,5.2873111658099687e-11,typ,,8.518200476485847e-18,True,,1.9219493865966797,1.6,,,5.053856451997518e-06,22,1.6992611272552882e-09,False,False,1467,1.9166666667,12,5.2865662948721655e-09,,,5.287311165809969e-09,0.00014087896748350646,3.2809492177634416,0.9972889746425824,-25.409365404607417,-25.409365404607417,0.750005053856452,,0.04572754408018005,0.0,0.001571287702316763,0.001571287702316763,,1.6112917159004106e-07,1.5430924262410818e-07,success,0.9982841754571962,0.0041703546416924815,0.75,0.9996890185433405,0.01,[0.01],,,,,,,,,0.021500741009459926,,,
,,,0.005382487462301002,-2.3959553802857146e-08,1.77062514301228e-06,arith,,9.530367058638297e-09,True,,1.9344635009765625,1.68,,,2.6966638118075537e-06,19,4.463482817454703e-09,False,False,1468,1.9166666667,219,0.00017706250363589486,,,0.00017706251430122798,6.023484508117465e-08,3.289603642851794,0.9999196044236699,-1.741226181839993e-05,-1.741226181839993e-05,0.7500026966638118,,0.287828892239339,0.0,0.08381074986190977,0.287828892239339,,0.005382487462301002,0.005382577293969609,success,0.9999293450428198,0.9999293450428198,0.75,0.9999999439117877,0.01,[0.01],,,,,,,,,0.00044513905458526577,,,
,,,1.2193662982575934e-07,-2.753827655191049e-11,4.011127014152505e-11,typ,,4.890274742412725e-18,True,,1.9192314147949219,1.68,,,7.897824402580689e-06,21,1.5292382511924611e-09,False,False,1469,1.9166666667,14,4.010505087274148e-09,,,4.0111270141525055e-09,0.00015505040756959065,3.289007653405655,0.9997384453553064,-28.465338776696026,-28.465338776696026,0.7500078978244026,,0.028174736766046347,0.0,0.0013567588977921074,0.0013567588977921074,,1.2193662982575934e-07,1.1504977195482635e-07,success,0.9993473093468094,0.0039212430699711335,0.75,0.9949550256229085,0.01,[0.01],,,,,,,,,0.022584088629693272,,,
,,,0.00492987234048639,-2.6746144253555388e-08,1.621766466202035e-06,arith,,7.995100929101535e-09,True,,1.934600830078125,1.76,,,-2.0528832578303735e-07,18,4.515351722123337e-09,False,False,1470,1.9166666667,234,0.00016217663210955934,,,0.0001621766466202035,8.947431367896869e-08,3.2896720423709533,0.9999403953843952,-1.7859617643314592e-05,-1.7859617643314592e-05,0.7499997947116742,,0.27586235760682154,0.0,0.075232089869953,0.27586235760682154,,0.00492987234048639,0.004929840585254057,success,0.9999292930268299,0.9999292930268299,0.75,0.9999999615800558,0.01,[0.01],,,,,,,,,0.0005425321875762115,,,
,,,9.4521311493534e-08,-2.1580018362940592e-11,3.1015033592728955e-11,typ,,2.9311159540082094e-18,True,,1.9248390197753906,1.76,,,8.16830910732591e-06,21,1.4972170129016361e-09,False,False,1471,1.9166666667,13,3.1010106691216625e-09,,,3.1015033592728956e-09,0.00015885526925515846,3.2807529012478804,0.9972293015774069,-31.23675835662577,-31.23675835662577,0.7500081683091073,,0.0565651154583838,0.0,0.0012187747857226139,0.0012187747857226139,,9.4521311493534e-08,9.283831670173766e-08,success,0.9961748010742054,0.00372897320535589,0.75,0.9992206112862878,0.01,[0.01],,,,,,,,,0.02283084948987069,,,
,,,0.004531620560233628,-2.898403318181129e-08,1.4907846298599642e-06,arith,,6.755669439479513e-09,True,,1.934783935546875,1.84,,,6.449164561050935e-06,18,4.493671477134012e-09,False,False,1472,1.9166666667,277,0.00014907844444794435,,,0.0001490784629859964,1.2435097390993704e-07,3.289738019024669,0.9999604498823368,-1.832963034813272e-05,-1.832963034813272e-05,0.750006449164561,,0.2648192010895644,0.0,0.06783536921152564,0.2648192010895644,,0.004531620560233628,0.004531379707989764,success,0.9999292599104286,0.9999292599104286,0.75,0.9999999686908145,0.01,[0.01],,,,,,,,,0.0006395953234954212,,,
,,,7.561434628001757e-08,-1.9827094509297058e-11,2.49540592998511e-11,typ,,1.886491767314353e-18,True,,1.9172401428222656,1.84,,,6.093568635900937e-06,21,1.566186078805051e-09,False,False,1473,1.9166666667,12,2.4948860370070968e-09,,,2.49540592998511e-09,0.0002083400427025128,3.2994876762776624,1.002923990321278,-33.64480995055379,-33.64480995055379,0.7500060935686359,,0.020147550325522776,0.0,0.0010684766371020487,0.0010684766371020487,,7.561434628001757e-08,7.13526885923831e-08,success,1.000013489640878,0.0035835991969333145,0.75,0.9990311135377969,0.01,[0.01],,,,,,,,,0.02622133958002189,,,
,,,0.004179529182981824,-3.084195087069774e-08,1.3749877206305886e-06,arith,,5.746800353391271e-09,True,,1.934967041015625,1.92,,,9.450484668382941e-06,18,4.307113861512689e-09,False,False,1474,1.9166666667,201,0.00013749874930389408,,,0.00013749877206305886,1.6552267658101014e-07,3.2898143136255746,0.9999836406601448,-1.882289694065016e-05,-1.882289694065016e-05,0.7500094504846684,,0.2545993926543282,0.0,0.061434286961226436,0.2545993926543282,,0.004179529182981824,0.004178911201591245,success,0.9999290725081553,0.9999290725081553,0.75,0.9729681113960336,0.01,[0.01],,,,,,,,,0.0007379288317038141,,,
,,,6.149158715247058e-08,-1.7535692508048302e-11,2.0322689203898052e-11,typ,,1.2493669138423331e-18,True,,1.916491985321045,1.92,,,1.866030215125214e-06,24,1.3173002915895697e-09,False,False,1475,1.9166666667,4,2.031768851151107e-09,,,2.0322689203898053e-09,0.00024606450144524204,3.3041411764397357,1.0043384847547814,-35.56721248751961,-35.56721248751961,0.7500018660302151,,0.017952262555509364,0.0,0.0009642366980639056,0.0009642366980639056,,6.149158715247058e-08,5.8109556120857625e-08,success,0.9987340189159019,0.0034806096992037474,0.75,0.9980783694334704,0.01,[0.01],,,,,,,,,0.0285172221438486,,,
,,,0.003866859917675358,-3.2449883654157327e-08,1.2721676920209117e-06,arith,,4.919293203842284e-09,True,,1.935150146484375,2.0,,,9.07504265379444e-06,18,4.28896046797387e-09,False,False,1476,1.9166666667,199,0.00012721674197082417,,,0.00012721676920209116,2.140540682062883e-07,3.289923728276744,1.0000168987260376,-1.933974480743735e-05,-1.933974480743735e-05,0.7500090750426538,,0.24511391306833769,0.0,0.05587406947634804,0.24511391306833769,,0.003866859917675358,0.0038655856628330458,success,0.9999288752834223,0.9999288752834223,0.75,0.6832430817946188,0.01,[0.01],,,,,,,,,0.0008391791878942757,,,
,,,5.071454457373056e-08,-1.368315405471351e-11,1.6767914998176725e-11,typ,,8.501899438786737e-19,True,,1.9199295043945312,2.0,,,-8.185625396617269e-06,20,1.5093319088941768e-09,False,False,1477,1.9166666667,14,1.6764223183403296e-09,,,1.6767914998176725e-09,0.0002201713673900409,3.3056046000828987,1.0047833122018677,-36.84689477526189,-36.84689477526189,0.7499918143746034,,0.017714158350826945,0.0,0.0008779085940613749,0.0008779085940613749,,5.071454457373056e-08,4.8170240979425e-08,success,0.9982127465142556,0.0034203436383179915,0.75,0.98424680219763,0.01,[0.01],,,,,,,,,0.026980729433191433,,,
,,,0.0035880418592951196,-3.390275661343704e-08,1.180504114637222e-06,arith,,4.235697028991571e-09,True,,1.935333251953125,2.08,,,5.997722248185511e-06,18,4.402928425964804e-09,False,False,1478,1.9166666667,192,0.00011805037942962251,,,0.00011805041146372221,2.713594921036268e-07,3.2901059703025264,1.0000722936593225,-1.988052028098887e-05,-1.988052028098887e-05,0.7500059977222482,,0.2362829002988805,0.0,0.05102636854666896,0.2362829002988805,,0.0035880418592951196,0.0035856914507782934,success,0.9999289839847577,0.9999289839847577,0.75,0.6779449257009423,0.01,[0.01],,,,,,,,,0.0009448818587667572,,,
,,,4.252800373678268e-08,-1.1327553261195569e-11,1.4052974607437574e-11,typ,,5.975166431551321e-19,True,,1.922018051147461,2.08,,,-6.0485097568285795e-06,22,1.8179754423537018e-09,False,False,1479,1.9166666667,12,1.404995745517058e-09,,,1.4052974607437573e-09,0.00021469847852687845,3.3036954995888275,1.0042030152366133,-37.49822034254769,-37.49822034254769,0.7499939514902432,,0.01867230779286692,0.0,0.0008067317670151249,0.0008067317670151249,,4.252800373678268e-08,4.0676026182646894e-08,success,0.9994185334136366,0.0033962425815371408,0.75,0.9880344066183934,0.01,[0.01],,,,,,,,,0.026635516050329707,,,
,,,0.0033384385288182223,-3.527589406990267e-08,1.0984888632655983e-06,arith,,3.6672363002149027e-09,True,,1.935516357421875,2.16,,,-3.316794534580225e-07,18,4.295272147551093e-09,False,False,1480,1.9166666667,184,0.00010984884905198696,,,0.00010984888632655983,3.39325905976481e-07,3.2904259911855402,1.0001695683432943,-2.044558933621016e-05,-2.044558933621016e-05,0.7499996683205465,,0.22803406070356314,0.0,0.046784402254857325,0.22803406070356314,,0.0033384385288182223,0.003334427585015234,success,0.9999287169700949,0.9999287169700949,0.75,0.7007839417043141,0.01,[0.01],,,,,,,,,0.0010566584876550063,,,
,,,3.653122355005628e-08,-1.4415485077712974e-11,1.2102006085229362e-11,typ,,4.418932834936295e-19,True,,1.9128284454345703,2.16,,,-5.312346231356457e-06,22,1.983831041649974e-09,False,False,1481,1.9166666667,13,1.209631763053687e-09,,,1.2102006085229363e-09,0.00047004229318935723,3.311227069622264,1.0064923380080322,-37.70138141056232,-37.70138141056232,0.7499946876537686,,0.015136084017298133,0.0,0.0007463322485330042,0.0007463322485330042,,3.653122355005628e-08,3.481325342381962e-08,success,1.0012497155452713,0.0033962731360605352,0.75,0.9899306937120254,0.01,[0.01],,,,,,,,,0.03946072339449678,,,
,,,0.003114166404992209,-3.664383300487568e-08,1.024867296825809e-06,arith,,3.191605962579615e-09,True,,1.935699462890625,2.24,,,-9.814799300955634e-06,18,4.221076844207044e-09,False,False,1482,1.9166666667,186,0.00010248668656444516,,,0.00010248672968258089,4.2071920787909606e-07,3.2909829866558318,1.0003388746642943,-2.103533833610607e-05,-2.103533833610607e-05,0.749990185200699,,0.22030149281965192,0.0,0.043059041869461155,0.22030149281965192,,0.003114166404992209,0.0031077318636070473,success,0.999928679449204,0.999928679449204,0.75,0.7141018348715977,0.01,[0.01],,,,,,,,,0.0011766819186711814,,,
,,,3.114690116821498e-08,-8.41687550319859e-12,1.0269988289949851e-11,typ,,3.198074664725568e-19,True,,1.925046443939209,2.24,,,-5.280967765086686e-06,24,2.3020148785451446e-09,False,False,1483,1.9166666667,7,1.0267713784603275e-09,,,1.026998828994985e-09,0.00022147107497698187,3.2965442466171715,1.0020292949897713,-37.68719088187552,-37.68719088187552,0.7499947190322349,,0.021201436464816266,0.0,0.0006948158270385837,0.0006948158270385837,,3.114690116821498e-08,3.017307613720614e-08,success,0.998912676347661,0.003407143989528829,0.75,0.991949095834292,0.01,[0.01],,,,,,,,,0.027023155394309037,,,
,,,0.0029119428002852684,-3.7869419755778274e-08,9.585879320614525e-07,arith,,2.7913517931137384e-09,True,,1.93597412109375,2.32,,,-2.952074492634793e-06,17,4.261801320434597e-09,False,False,1484,1.9166666667,194,9.585874395748031e-05,,,9.585879320614525e-05,5.137626219389412e-07,3.2919171334028094,1.0006228212265926,-2.1649424047145375e-05,-2.1649424047145375e-05,0.7499970479255074,,0.21302480424175801,0.0,0.03977396700115696,0.21302480424175801,,0.0029119428002852684,0.002902148380429564,success,0.9999285426431893,0.9999285426431893,0.75,0.7225875782929775,0.01,[0.01],,,,,,,,,0.0013004863884025606,,,
,,,2.730567517045538e-08,-1.0488076609773587e-11,9.09807282432754e-12,typ,,2.483190214672629e-19,True,,1.9171600341796875,2.32,,,-3.1374164702890894e-06,19,2.0380865787825717e-09,False,False,1485,1.9166666667,27,9.094044366862716e-10,,,9.098072824327541e-10,0.0004427814046567346,3.3304594411576502,1.0123382779526757,-37.66801693068172,-37.66801693068172,0.7499968625835297,,0.011201534189040624,0.0,0.0006444847571565654,0.0006444847571565654,,2.730567517045538e-08,2.596004753593744e-08,success,0.9998987336763135,0.003417895680170388,0.75,0.9904908793300798,0.01,[0.01],,,,,,,,,0.038409878328596096,,,
,,,0.002729005176699256,-3.906482716883921e-08,8.987763924070041e-07,arith,,2.452763901513074e-09,True,,1.936248779296875,2.4,,,-7.253513284455337e-07,18,4.361449248244627e-09,False,False,1486,1.9166666667,177,8.987758332066278e-05,,,8.98776392407004e-05,6.221796444840787e-07,3.2934193048827454,1.0010794266037353,-2.2288972747758944e-05,-2.2288972747758944e-05,0.7499992746486716,,0.2061490072609539,0.0,0.03686826137160873,0.2061490072609539,,0.002729005176699256,0.0027147388009606532,success,0.9999279991121363,0.9999279991121363,0.75,0.7283050086721442,0.01,[0.01],,,,,,,,,0.0014314676828897882,,,
,,,2.4053138662413072e-08,-9.831292343103695e-12,8.028679965100933e-12,typ,,1.930182981675749e-19,True,,1.9171371459960938,2.4,,,-5.783002935855208e-06,20,2.322511433288116e-09,False,False,1487,1.9166666667,24,8.024661599327878e-10,,,8.028679965100933e-10,0.0005005014262022529,3.3362222335947003,1.0140899568050967,-37.79558409802529,-37.79558409802529,0.7499942169970641,,0.010341829277155648,0.0,0.0006051768201607373,0.0006051768201607373,,2.4053138662413072e-08,2.2889945066108795e-08,success,0.9997146200932066,0.0034202100817164005,0.75,0.991192609843079,0.01,[0.01],,,,,,,,,0.04087322025240175,,,
,,,0.08550643503688422,1.0860969247011094e-05,2.7890416681739686e-05,arith,,2.3846921414958217e-06,True,,2.0156707763671875,0.0,,,-4.960114066698829e-06,19,4.806076046702505e-09,False,False,1488,2.0,638,0.0027889037128809736,,,0.0027890416681739683,4.946333164146813e-05,3.26163020558388,0.9914166991000806,-1.3892105118482761e-05,-1.3892105118482761e-05,0.7499950398859333,,0.9025632589945695,0.0,0.9025632589945695,0.9025632589945695,,0.08550643503688422,0.08573448034277713,success,0.999929915034869,0.999929915034869,0.75,0.9999999995775334,0.01,[0.01],,,,,,,,,-0.012701932015205739,,,
,,,0.08550631447172997,1.0857133210904587e-05,2.7890370770684997e-05,typ,,2.3846849365097777e-06,True,,2.0156707763671875,0.0,,,-4.0794083633333145e-06,19,4.13826375732571e-09,False,False,1489,2.0,335,0.0027888992190140535,,,0.0027890370770684994,4.942854850493854e-05,3.2616295489336253,0.9914164995023375,-1.534553435240981e-05,-1.534553435240981e-05,0.7499959205916367,,0.9025632574535677,0.0,0.9025632574535677,0.9025632574535677,,0.08550631447172997,0.08573446179001476,success,0.9999269803963654,0.9999269803963654,0.75,0.9999999995775496,0.01,[0.01],,,,,,,,,-0.012697463664504173,,,
,,,0.08295804957657253,1.0145069458969543e-05,2.706304209899078e-05,arith,,2.2449942657066194e-06,True,,2.0156707763671875,0.08,,,-8.009565768629656e-06,19,4.808975071341932e-09,False,False,1490,2.0,623,0.0027061801442600556,,,0.002706304209899078,4.584319773379793e-05,3.262106761275984,0.9915615546604671,-1.3902101164450396e-05,-1.3902101164450396e-05,0.7499919904342314,,0.8950046297179183,0.0,0.8949054274534873,0.8950046297179183,,0.08295804957657253,0.08317563637107066,success,0.9999299094469686,0.9999299094469686,0.75,0.9999993373573578,0.01,[0.01],,,,,,,,,-0.012229156194909534,,,
,,,0.08292955495497434,1.0130793751934602e-05,2.704973682177192e-05,typ,,2.243120003296683e-06,True,,2.0155563354492188,0.08,,,2.2283400908928996e-06,20,4.535656876308205e-09,False,False,1491,2.0,319,0.0027048499229431044,,,0.0027049736821771917,4.575247252969822e-05,3.2616235845129906,0.9914146865358622,-2.4036900206619275e-05,-2.4036900206619275e-05,0.7500022283400909,,0.895052925066536,0.0,0.89495369330943,0.89495369330943,,0.08292955495497434,0.08315086073643266,success,0.9999269999722235,0.9916385400970873,0.75,0.9999975834091333,0.01,[0.01],,,,,,,,,-0.012216143879507134,,,
,,,0.07610843754328592,8.339786520928858e-06,2.483968801108333e-05,arith,,1.8904402915470288e-06,True,,2.0156936645507812,0.16,,,3.5534503477485657e-06,20,4.777589098276751e-09,False,False,1492,2.0,542,0.002483877415656917,,,0.002483968801108333,3.6790096306781965e-05,3.2636032164557793,0.9920164224907208,-1.3931988712418374e-05,-1.3931988712418374e-05,0.7500035534503477,,0.8731568867807397,0.0,0.8716697987306301,0.8731568867807397,,0.07610843754328592,0.07629743016924029,success,0.9999299657902602,0.9999299657902602,0.75,0.9999985437240975,0.01,[0.01],,,,,,,,,-0.010957768665511873,,,
,,,0.07582758928599563,8.279199193195912e-06,2.4732427212830297e-05,typ,,1.8753317876009968e-06,True,,2.0151901245117188,0.16,,,9.536505766183367e-07,20,4.055385709821379e-09,False,False,1493,2.0,312,0.0024731523252412646,,,0.0024732427212830295,3.654960388114519e-05,3.261546817627794,0.9913913522008442,-5.136846317630437e-05,-5.136846317630437e-05,0.7500009536505766,,0.8738482126951473,0.0,0.8723549296559833,0.8723549296559833,,0.07582758928599563,0.07603080958840816,success,0.9999270752335507,0.9667795654143667,0.75,0.9999999995187118,0.01,[0.01],,,,,,,,,-0.01091845233529661,,,
,,,0.06680455349584886,6.1902431232966744e-06,2.1820015829272837e-05,arith,,1.4576380956370006e-06,True,,2.015716552734375,0.24,,,7.569789076677935e-06,18,4.801255008892381e-09,False,False,1494,2.0,579,0.0021819442229002793,,,0.0021820015829272835,2.628780265469503e-05,3.266160925745671,0.9927938728887152,-1.3981891855685156e-05,-1.3981891855685156e-05,0.7500075697890767,,0.8393520224358845,0.0,0.8326007961774081,0.8393520224358845,,0.06680455349584886,0.06695435508240619,success,0.9999297579520593,0.9999297579520593,0.75,0.9999999994519775,0.01,[0.01],,,,,,,,,-0.00926619938217434,,,
,,,0.06572607837941118,5.995571032429239e-06,2.1435523819065045e-05,typ,,1.4088369717635995e-06,True,,2.0145721435546875,0.24,,,-6.3694675243031185e-06,19,4.633497857037337e-09,False,False,1495,2.0,311,0.0021434976899594245,,,0.0021435523819065046,2.5514630545900124e-05,3.261259066128734,0.9913038862334054,-0.00010193810052508575,-0.00010193810052508575,0.7499936305324757,,0.8422867326062612,0.0,0.8354055290363711,0.8354055290363711,,0.06572607837941118,0.0659041793970871,success,0.9999272140397825,0.9253698829156224,0.75,0.9999995489941813,0.01,[0.01],,,,,,,,,-0.009122058063192407,,,
,,,0.05691676120192379,4.278230571223161e-06,1.8609553995033293e-05,arith,,1.0591772375527962e-06,True,,2.0157394409179688,0.32,,,6.832279739299452e-06,20,4.729804276212106e-09,False,False,1496,2.0,456,0.001860923241565256,,,0.0018609553995033294,1.7280337874761976e-05,3.2695522413217653,0.9938247092135389,-1.4051840641890576e-05,-1.4051840641890576e-05,0.7500068322797393,,0.7969628875027653,0.0,0.7786373665550529,0.7969628875027653,,0.05691676120192379,0.057026114028088416,success,0.9999298221758459,0.9999298221758459,0.75,0.9999999993519826,0.01,[0.01],,,,,,,,,-0.007516644448627826,,,
,,,0.05431460339285399,3.8817532988793985e-06,1.7710090057477143e-05,typ,,9.619014495149244e-07,True,,2.0137252807617188,0.32,,,7.754998276876535e-07,20,4.1120882516472325e-09,False,False,1497,2.0,281,0.0017709812636530803,,,0.0017710090057477142,1.5664570052356896e-05,3.260598721201531,0.9911031654444961,-0.00018513843332317883,-0.00018513843332317883,0.7500007754998277,,0.8043482951679205,0.0,0.7850289900671367,0.7850289900671367,,0.05431460339285399,0.05446552612683844,success,0.9999273582575273,0.8674462090266359,0.75,0.9999999993142691,0.01,[0.01],,,,,,,,,-0.007146794888297223,,,
,,,0.04769800256568439,2.8333229966743564e-06,1.561310525074302e-05,arith,,7.447059065890376e-07,True,,2.0157623291015625,0.4,,,2.286502937209889e-06,19,4.754964869276018e-09,False,False,1498,2.0,453,0.001561293694769527,,,0.0015613105250743022,1.0779601177973513e-05,3.2732894687140965,0.9949606901223337,-1.4141877443294413e-05,-1.4141877443294413e-05,0.7500022865029372,,0.7497010642895648,0.0,0.712772847408807,0.7497010642895648,,0.04769800256568439,0.04777273230018256,success,0.9999298864784266,0.9999298864784266,0.75,0.9999988965378394,0.01,[0.01],,,,,,,,,-0.005940129238687969,,,
,,,0.04291846019495682,2.246182790598643e-06,1.3988936051433066e-05,typ,,6.003785497560977e-07,True,,2.0126266479492188,0.4,,,4.262668450882856e-06,20,4.285847526313681e-09,False,False,1499,2.0,252,0.001398881849509237,,,0.0013988936051433066,8.40352263121706e-06,3.259394309942215,0.9907370683213379,-0.00031983065520147023,-0.00031983065520147023,0.7500042626684509,,0.7635217498027298,0.0,0.7222963065046976,0.7222963065046976,,0.04291846019495682,0.04304276438520167,success,0.9999275748804162,0.7930726194799622,0.75,0.9999999991218779,0.01,[0.01],,,,,,,,,-0.005233605260755797,,,
,,,0.03972245377590458,1.8388381257849395e-06,1.3016575097625602e-05,arith,,5.170469213103708e-07,True,,2.0157852172851562,0.48,,,-5.930586234437207e-06,20,4.725370553081602e-09,False,False,1500,2.0,386,0.0013016489973839648,,,0.0013016575097625602,6.539645437884796e-06,3.2768594929388217,0.9960458473625766,-1.4252057030160513e-05,-1.4252057030160513e-05,0.7499940694137656,,0.7009074615381404,0.0,0.6397813744919998,0.7009074615381404,,0.03972245377590458,0.039771242796592166,success,0.9999298521736437,0.9999298521736437,0.75,0.9999992779320653,0.01,[0.01],,,,,,,,,-0.004629215848947298,,,
,,,0.032365432048746215,1.1260836809881018e-06,1.0542806780493219e-05,typ,,3.412212283926575e-07,True,,2.0112762451171875,0.48,,,5.393542108933502e-06,19,4.372930766096057e-09,False,False,1501,2.0,222,0.0010542767600900166,,,0.0010542806780493219,3.7162393154591055e-06,3.257415994021491,0.9901357323892191,-0.0005454657998710438,-0.0005454657998710438,0.7500053935421089,,0.7223272110409966,0.0,0.6483202149441595,0.6483202149441595,,0.032365432048746215,0.032465312478842434,success,0.9999277645393346,0.7023778787690027,0.75,0.9999999988218543,0.01,[0.01],,,,,,,,,-0.003479279001411398,,,
,,,0.033103490133627664,1.185933543436076e-06,1.0857750636117103e-05,arith,,3.594280346177226e-07,True,,2.0158309936523438,0.56,,,-2.100405653848725e-06,20,4.6650496461156285e-09,False,False,1502,2.0,357,0.0010857708150011746,,,0.0010857750636117103,3.91297486748073e-06,3.279928522999487,0.9969787206377181,-1.4382335569189581e-05,-1.4382335569189581e-05,0.7499978995943462,,0.6531016212491634,0.0,0.5649707989386517,0.6531016212491634,,0.033103490133627664,0.033134534071275104,success,0.9999296028753558,0.9999296028753558,0.75,0.9999999381868887,0.01,[0.01],,,,,,,,,-0.0035825030492218825,,,
,,,0.02308867379741547,4.313811087724953e-07,7.513686797691048e-06,typ,,1.7348087739817483e-07,True,,2.009674072265625,0.56,,,1.5989313449926712e-06,18,4.302689197212606e-09,False,False,1503,2.0,172,0.0007513678737909761,,,0.0007513686797691047,1.0726799643632751e-06,3.2542703854869464,0.9891795820492327,-0.0009533262094613249,-0.0009533262094613249,0.750001598931345,,0.6823365572242865,0.0,0.5641975837526793,0.5641975837526793,,0.02308867379741547,0.02316691554028182,success,0.9999264729307393,0.5957975405098562,0.75,0.999999998329071,0.01,[0.01],,,,,,,,,-0.0018683667696010491,,,
,,,0.027723929080161743,7.676318181588415e-07,9.100075610835507e-06,arith,,2.522892616003049e-07,True,,2.0158767700195312,0.64,,,-8.355636036405656e-07,20,4.647817981255767e-09,False,False,1504,2.0,333,0.0009100054356322607,,,0.0009100075610835507,2.3356413516849345e-06,3.2823826413674833,0.9977246831712495,-1.4532901084739528e-05,-1.4532901084739528e-05,0.7499991644363964,,0.6078815714639826,0.0,0.4928631947572114,0.6078815714639826,,0.027723929080161743,0.027743500757058413,success,0.9999300668178537,0.9999300668178537,0.75,0.9999999288881107,0.01,[0.01],,,,,,,,,-0.0027688420928335573,,,
,,,0.015284143872101698,4.227714769292803e-08,4.966060552416531e-06,typ,,7.590198217334588e-08,True,,2.007843017578125,0.64,,,-1.890554128247679e-06,18,4.3051048161084936e-09,False,False,1505,2.0,160,0.0004966060435474605,,,0.0004966060552416531,2.354822796531153e-08,3.2491583938431807,0.9876257229168844,-0.0017829176634598211,-0.0017829176634598211,0.7499981094458718,,0.6443960383495052,0.0,0.4710017820863834,0.4710017820863834,,0.015284143872101698,0.015343440693779086,success,0.9999296392893678,0.47542915473370384,0.75,0.9999999974459257,0.01,[0.01],,,,,,,,,-0.0002766078888467998,,,
,,,0.023387011536416757,4.998996272272042e-07,7.680908471266565e-06,arith,,1.7963324512803506e-07,True,,2.0159454345703125,0.72,,,9.378177285968015e-06,19,4.6636521855121404e-09,False,False,1506,2.0,340,0.0007680897785863819,,,0.0007680908471266565,1.3911639210354164e-06,3.2842579197874926,0.9982946994587724,-1.4703731352157462e-05,-1.4703731352157462e-05,0.750009378177286,,0.5660692753645457,0.0,0.4264970676289875,0.5660692753645457,,0.023387011536416757,0.023399384406349477,success,0.9999288691466608,0.9999288691466608,0.75,0.9999999983509691,0.01,[0.01],,,,,,,,,-0.0021375096448248312,,,
,,,0.009035665560878526,-1.4581472126374418e-07,2.9277919743020503e-06,typ,,2.6454527849684643e-08,True,,2.0058746337890625,0.72,,,-3.7454069778952714e-07,19,4.188264987345591e-09,False,False,1507,2.0,142,0.00029277896211900637,,,0.000292779197430205,8.037155669047909e-07,3.2402589510023856,0.9849206166697244,-0.003791069104447563,-0.003791069104447563,0.7499996254593022,,0.6088593518677812,0.0,0.3698448951800894,0.3698448951800894,,0.009035665560878526,0.009078449299284263,success,0.9999298895079798,0.34679312916935634,0.75,0.9999999956280149,0.01,[0.01],,,,,,,,,0.0016137684632228332,,,
,,,0.019891823254761937,3.2820420770286635e-07,6.535772712213391e-06,arith,,1.3000832790664287e-07,True,,2.0159912109375,0.8,,,5.0862983056454425e-06,16,4.602364286019849e-09,False,False,1508,2.0,392,0.0006535767297023411,,,0.000653577271221339,8.285462511958359e-07,3.285655222911154,0.9987194286779619,-1.4895157898500277e-05,-1.4895157898500277e-05,0.7500050862983056,,0.5279433048038044,0.0,0.3674107847181932,0.5279433048038044,,0.019891823254761937,0.019899727261759183,success,0.999929748071104,0.999929748071104,0.75,0.9999999887883612,0.01,[0.01],,,,,,,,,-0.0016499453242643156,,,
,,,0.004394272578305235,-2.0221832648778926e-07,1.4161645958951695e-06,typ,,6.22297235785729e-09,True,,2.0038833618164062,0.8,,,-2.538226111514774e-07,20,4.2778626376872565e-09,False,False,1509,2.0,122,0.0001416155290088386,,,0.00014161645958951695,6.571133617161644e-06,3.222729734791652,0.9795923738653425,-0.010225741286119451,-0.010225741286119451,0.7499997461773888,,0.5757447324314403,0.0,0.2621400969251709,0.2621400969251709,,0.004394272578305235,0.004422510572728976,success,0.9999861794353224,0.2193102101932941,0.75,0.999999990903858,0.01,[0.01],,,,,,,,,0.004601861238334468,,,
,,,0.017063314706923037,2.1627780787202475e-07,5.608176863605146e-06,arith,,9.569403997968903e-08,True,,2.0160369873046875,0.88,,,-2.5940400147916876e-06,19,4.550094418224218e-09,False,False,1510,2.0,304,0.0005608174122280205,,,0.0005608176863605146,4.888085748997874e-07,3.2866850425051477,0.9990324562985664,-1.5107186164116013e-05,-1.5107186164116013e-05,0.7499974059599852,,0.49345105760741176,0.0,0.3159939169110753,0.49345105760741176,,0.017063314706923037,0.017068439184793352,success,0.9999291914485777,0.9999291914485777,0.75,0.9999999751647299,0.01,[0.01],,,,,,,,,-0.0012675017227706357,,,
,,,0.0014226629526786212,-1.7650976883963548e-07,4.524645425093915e-07,typ,,6.436733863302966e-10,True,,2.0024642944335938,0.88,,,4.353742403706562e-06,20,4.343249486548408e-09,False,False,1511,2.0,114,4.5244264294531196e-05,,,4.524645425093915e-05,4.840061932387734e-05,3.1802518094215007,0.9666806328338186,-0.04388366328768352,-0.04388366328768352,0.7500043537424037,,0.5447022322178667,0.0,0.1509470062931338,0.1509470062931338,,0.0014226629526786212,0.0014377037096083454,success,0.9997600936443695,0.10769091925399994,0.75,0.9999999716997752,0.01,[0.01],,,,,,,,,0.012406998334166149,,,
,,,0.014759140838177118,1.4201730464598204e-07,4.8519846249068805e-06,arith,,7.161110425475581e-08,True,,2.0161056518554688,0.96,,,-1.1991276815948027e-07,20,4.606245520954238e-09,False,False,1512,2.0,267,0.0004851983258369692,,,0.00048519846249068805,2.816449955956589e-07,3.287442888151851,0.999262813752393,-1.5339826956774823e-05,-1.5339826956774823e-05,0.7499998800872318,,0.46236408991985933,0.0,0.271915038040999,0.46236408991985933,,0.014759140838177118,0.01476251946369613,success,0.9999296365315764,0.9999296365315764,0.75,0.9999999537094614,0.01,[0.01],,,,,,,,,-0.0009622328711616413,,,
,,,0.0001697950423807715,-5.2078225597464616e-08,5.2470489584496925e-08,typ,,8.906516861158105e-12,True,,2.0008621215820312,0.96,,,-3.146498435580014e-06,20,4.265801867623618e-09,False,False,1513,2.0,99,5.24545165528739e-06,,,5.247048958449692e-06,0.00030441933645951807,3.089284340542921,0.939029837974643,-0.3923872257700827,-0.3923872257700827,0.7499968535015644,,0.5004771716036868,0.0,0.05241651067349851,0.05241651067349851,,0.0001697950423807715,0.00017191474445180826,success,0.9999570015325189,0.03599967084068313,0.75,0.9999343034807092,0.01,[0.01],,,,,,,,,0.03067122859846362,,,
,,,0.012867347971814245,9.20992319875951e-08,4.230788643042823e-06,arith,,5.443902118296328e-08,True,,2.01617431640625,1.04,,,-7.867129887539903e-07,17,4.45498324216656e-09,False,False,1514,2.0,317,0.0004230787983834061,,,0.0004230788643042823,1.5581226513882563e-07,3.2880030858740636,0.9994330934412579,-1.5593340600691258e-05,-1.5593340600691258e-05,0.7499992132870112,,0.4343772321973014,0.0,0.23447124182176643,0.4343772321973014,,0.012867347971814245,0.012869614197394647,success,0.9999291502976587,0.9999291502976587,0.75,0.9999999968183512,0.01,[0.01],,,,,,,,,-0.0007157592395055861,,,
,,,1.4462314020454438e-05,-3.998325652634274e-09,4.571996909008052e-09,typ,,6.610566839059699e-14,True,,2.0004730224609375,1.04,,,-3.926693469491482e-06,19,3.978972058173214e-09,False,False,1515,2.0,81,4.5708915113516387e-07,,,4.5719969090080517e-07,0.00024177567885820127,3.160553356044478,0.9606930209975686,-2.2150003226855715,-2.2150003226855715,0.7499960733065305,,0.2638837122477426,0.0,0.014527228052979433,0.014527228052979433,,1.4462314020454438e-05,1.3191189473286217e-05,success,0.9999519586907255,0.014983195456389604,0.75,0.9999974727925488,0.01,[0.01],,,,,,,,,0.02764651387723524,,,
,,,0.011301226877789531,5.7933849102092546e-08,3.7163190115765803e-06,arith,,4.1998960943738604e-08,True,,2.016265869140625,1.12,,,6.288338298521268e-06,18,4.6239494294530025e-09,False,False,1516,2.0,286,0.0003716318714588394,,,0.000371631901157658,7.991461041739381e-08,3.2884205890000584,0.9995599991739584,-1.5867759358158522e-05,-1.5867759358158522e-05,0.7500062883382985,,0.4091656520849621,0.0,0.2028206751384769,0.4091656520849621,,0.011301226877789531,0.011302772422164147,success,0.9999294309307195,0.9999294309307195,0.75,0.9999999849685054,0.01,[0.01],,,,,,,,,-0.000512633271843704,,,
,,,3.631760218648165e-06,-7.502415384797078e-10,1.1690957361757642e-09,typ,,4.245312524068271e-15,True,,2.0001983642578125,1.12,,,7.919516346044375e-06,19,3.4975095034175195e-09,False,False,1517,2.0,53,1.168940752825495e-07,,,1.1690957361757641e-07,0.00013256685955941416,3.2186617024529363,0.9783558403103805,-5.115723430503364,-5.115723430503364,0.750007919516346,,0.14183694549917172,0.0,0.00724533425464369,0.00724533425464369,,3.631760218648165e-06,3.2810021354561834e-06,success,0.9999132766268942,0.009756480369614311,0.75,0.9986813542945238,0.01,[0.01],,,,,,,,,0.020657793833067734,,,
,,,0.009993909809720794,3.436378680211226e-08,3.2867321824891635e-06,arith,,3.2847303819633645e-08,True,,2.0163116455078125,1.2,,,-7.593572584507768e-06,19,4.570969862813103e-09,False,False,1518,2.0,252,0.0003286732064330218,,,0.00032867321824891636,3.595028102882409e-08,3.2887349665026058,0.9996555584759642,-1.616363243201824e-05,-1.616363243201824e-05,0.7499924064274155,,0.3864157015029236,0.0,0.17612122725108273,0.3864157015029236,,0.009993909809720794,0.009994980197007624,success,0.9999293443980278,0.9999293443980278,0.75,0.9999999643309386,0.01,[0.01],,,,,,,,,-0.0003438472775558528,,,
,,,1.5084675790662795e-06,-2.780558770991067e-10,4.894654419782633e-10,typ,,7.38265435226768e-16,True,,2.000507354736328,1.2,,,9.960007440357188e-06,21,2.8779061203516193e-09,False,False,1519,2.0,30,4.894141879295437e-08,,,4.8946544197826327e-08,0.00010471433593436586,3.2444461831422604,0.9861933826195165,-8.49017902383113,-8.49017902383113,0.7500099600074404,,0.09332737144096549,0.0,0.004693773325267946,0.004693773325267946,,1.5084675790662795e-06,1.3769821910915156e-06,success,1.0001871478642292,0.007506764893474772,0.75,0.9999765720007809,0.01,[0.01],,,,,,,,,0.01843300319859837,,,
,,,0.008893815128931587,1.7703420737743546e-08,2.925153140323518e-06,arith,,2.601577094043994e-08,True,,2.0164031982421875,1.28,,,-5.420203841310922e-06,19,4.424026043371302e-09,False,False,1520,2.0,243,0.0002925153105084298,,,0.0002925153140323518,1.2046965804289465e-08,3.2889744869654116,0.9997283639663584,-1.6480637265580507e-05,-1.6480637265580507e-05,0.7499945797961587,,0.3658383982717121,0.0,0.15359518329529712,0.3658383982717121,,0.008893815128931587,0.008894566628237146,success,0.9999291809902383,0.9999291809902383,0.75,0.9999999627883146,0.01,[0.01],,,,,,,,,-0.00019905316763504905,,,
,,,7.923302760703637e-07,-1.408262069831414e-10,2.582110999802399e-10,typ,,2.045686401112025e-16,True,,2.0010852813720703,1.28,,,1.0794444659234514e-06,22,2.8665633579431544e-09,False,False,1521,2.0,19,2.5818606998811138e-08,,,2.582110999802399e-08,9.693615855567981e-05,3.258566254322748,0.9904853695948796,-12.077740680676053,-12.077740680676053,0.7500010794444659,,0.06922551906068539,0.0,0.0034190462447870155,0.0034190462447870155,,7.923302760703637e-07,7.306210037866189e-07,success,0.999372888158221,0.006234787038193875,0.75,0.9999534615657114,0.01,[0.01],,,,,,,,,0.01777367484700726,,,
,,,0.007960948204152454,5.840268709842495e-09,2.6184826471707134e-06,arith,,2.0845604693489316e-08,True,,2.0164947509765625,1.36,,,-5.723729161521973e-06,19,4.4890316057880076e-09,False,False,1522,2.0,238,0.00026184826428862063,,,0.00026184826471707136,1.6362557620428913e-09,3.2891592505530913,0.9997845253625516,-1.681922575863851e-05,-1.681922575863851e-05,0.7499942762708385,,0.34717561777459216,0.0,0.13456208776423093,0.34717561777459216,,0.007960948204152454,0.007961481874576976,success,0.9999291286804324,0.9999291286804324,0.75,0.9999999942158126,0.01,[0.01],,,,,,,,,-7.336147102170812e-05,,,
,,,4.759750644716146e-07,-8.275183392350121e-11,1.5555397096320956e-10,typ,,7.403296349201163e-17,True,,2.000624656677246,1.36,,,-3.0916015452131518e-06,23,2.475907161283346e-09,False,False,1523,2.0,13,1.5553958393639062e-08,,,1.5555397096320954e-08,9.248897170437576e-05,3.267809504034773,0.993294980599452,-15.74324505375784,-15.74324505375784,0.7499969083984548,,0.05288859000555281,0.0,0.0026572488815184547,0.0026572488815184547,,4.759750644716146e-07,4.4131208756730955e-07,success,0.9995054752646554,0.0054096545439283016,0.75,0.9941572699062305,0.01,[0.01],,,,,,,,,0.017385749821866185,,,
,,,0.007164127416363376,-2.751198238198723e-09,2.3564990483126358e-06,arith,,1.6882259431081664e-08,True,,2.016632080078125,1.44,,,7.664239155547037e-06,18,4.552889481507915e-09,False,False,1524,2.0,241,0.0002356499047256109,,,0.00023564990483126356,4.483458448823135e-10,3.289303651793934,0.9998284180764763,-1.717933581302407e-05,-1.717933581302407e-05,0.7500076642391555,,0.3301998014639536,0.0,0.11843984773640524,0.3301998014639536,,0.007164127416363376,0.007164509279352603,success,0.9999294282816418,0.9999294282816418,0.75,0.9999999777663696,0.01,[0.01],,,,,,,,,3.8402419140603094e-05,,,
,,,3.11573755442226e-07,-5.53570875507391e-11,1.0203378988915479e-10,typ,,3.178798669062489e-17,True,,2.0012168884277344,1.44,,,3.0023613573071373e-06,21,2.131984100323027e-09,False,False,1525,2.0,18,1.0202395463477737e-08,,,1.0203378988915478e-08,9.639213037256938e-05,3.2744720263737137,0.9953201445477269,-19.4243842501316,-19.4243842501316,0.7500030023613573,,0.04343993438260173,0.0,0.0021562873218341273,0.0021562873218341273,,3.11573755442226e-07,2.9059903708526257e-07,success,0.9997282683920783,0.004829544576502897,0.75,0.9998788581443817,0.01,[0.01],,,,,,,,,0.017766928884035537,,,
,,,0.0064788644555050815,-8.992705405041195e-09,2.131169398332651e-06,arith,,1.3807557582648815e-08,True,,2.0167236328125,1.52,,,2.386480902005772e-06,16,4.3795926169321565e-09,False,False,1526,2.0,275,0.00021311693858507187,,,0.00021311693983326512,5.8568467357709945e-09,3.2894180770209926,0.9998631991748087,-1.7561745976628048e-05,-1.7561745976628048e-05,0.750002386480902,,0.3147127575292269,0.0,0.10474238460178988,0.3147127575292269,,0.0064788644555050815,0.006479136736199687,success,0.9999289920524556,0.9999289920524556,0.75,0.9999999623444481,0.01,[0.01],,,,,,,,,0.00013880064117408885,,,
,,,2.1687089549300039e-07,-3.974914374712935e-11,7.114261227363881e-11,typ,,1.542718203706674e-17,True,,2.0006160736083984,1.52,,,-3.680777964976123e-06,22,1.9150583231825155e-09,False,False,1527,2.0,13,7.1135326858853035e-09,,,7.114261227363881e-09,0.00010240578118999144,3.2800771489943408,0.997023897522874,-23.05791059403921,-23.05791059403921,0.749996319222035,,0.035468031651908656,0.0,0.0018014613083135152,0.0018014613083135152,,2.1687089549300039e-07,2.0282922548620056e-07,success,0.9996093966352282,0.004400353367707691,0.75,0.9998152847846942,0.01,[0.01],,,,,,,,,0.018328482324366235,,,
,,,0.005885782359130288,-1.361610207703402e-08,1.936134151629612e-06,arith,,1.1395664049173022e-08,True,,2.016815185546875,1.6,,,-4.3452855843506555e-06,18,4.482773117207033e-09,False,False,1528,2.0,234,0.00019361341201302762,,,0.00019361341516296122,1.6269190846424317e-08,3.2895102163043095,0.9998912061585455,-1.796643273953844e-05,-1.796643273953844e-05,0.7499956547144156,,0.3005418647207077,0.0,0.09306392207920723,0.3005418647207077,,0.005885782359130288,0.0058859676044334345,success,0.9999289718482112,0.9999289718482112,0.75,0.9999999906753365,0.01,[0.01],,,,,,,,,0.00023133886450816713,,,
,,,1.5761513167305442e-07,-2.941069326356665e-11,5.1735736766249656e-11,typ,,8.153469973736679e-18,True,,2.0040950775146484,1.6,,,3.591246939493864e-06,22,1.7505263438965734e-09,False,False,1529,2.0,12,5.173024878505736e-09,,,5.173573676624966e-09,0.00010607718253041982,3.282061070910558,0.9976269374732892,-26.580533382380615,-26.580533382380615,0.7500035912469395,,0.038202138018541186,0.0,0.0015473310471668161,0.0015473310471668161,,1.5761513167305442e-07,1.4963974942091995e-07,success,0.9979357120718688,0.004072045552918493,0.75,0.9983512382935509,0.01,[0.01],,,,,,,,,0.01865981581297289,,,
,,,0.0053694267293472155,-1.7108088052651063e-08,1.7663192401351863e-06,arith,,9.484121447855455e-09,True,,2.0169525146484375,1.68,,,6.428319667683979e-07,19,4.356137003354774e-09,False,False,1530,2.0,212,0.00017663191856253304,,,0.00017663192401351862,3.08607043346966e-08,3.2895861600481684,0.9999142902885996,-1.8393357188505022e-05,-1.8393357188505022e-05,0.7500006428319668,,0.2875372311806508,0.0,0.08306920424038604,0.2875372311806508,,0.0053694267293472155,0.0053695247005145965,success,0.9999286642893291,0.9999286642893291,0.75,0.9999999717904182,0.01,[0.01],,,,,,,,,0.0003186203837952542,,,
,,,1.1910091601906674e-07,-2.4145712753012427e-11,3.918405781523465e-11,typ,,4.666274163694167e-18,True,,2.000507354736328,1.68,,,-3.597253052545213e-06,21,1.5096093247977849e-09,False,False,1531,2.0,14,3.917916267702884e-09,,,3.9184057815234646e-09,0.00012492678090889395,3.2895769391695264,0.999911487477585,-29.944675476162818,-29.944675476162818,0.7499964027469475,,0.025936180686581857,0.0,0.001338592585530767,0.001338592585530767,,1.1910091601906674e-07,1.1198947704380029e-07,success,1.0003597602757452,0.003815748483806374,0.75,0.9994823077878039,0.01,[0.01],,,,,,,,,0.02027332245635035,,,
,,,0.004917383334933294,-1.9780807936774356e-08,1.6176479478276483e-06,arith,,7.954594669156356e-09,True,,2.01708984375,1.76,,,2.6710729058576632e-06,14,4.325982440029131e-09,False,False,1532,2.0,302,0.00016176478682568003,,,0.00016176479478276483,4.918922449892353e-08,3.289651747841099,0.9999342265870362,-1.8843083277206144e-05,-1.8843083277206144e-05,0.7500026710729059,,0.2755687138962412,0.0,0.07448342792554474,0.2755687138962412,,0.004917383334933294,0.0049173596600383335,success,0.9999285225055478,0.9999285225055478,0.75,0.9999999023616976,0.01,[0.01],,,,,,,,,0.0004022628822986136,,,
,,,9.211634151762265e-08,-1.7969007950754823e-11,3.024495312149757e-11,typ,,2.7857315456776227e-18,True,,2.007059097290039,1.76,,,-4.4459187183987225e-06,22,1.5665778588347587e-09,False,False,1533,2.0,10,3.024144793184919e-09,,,3.024495312149757e-09,0.00011589337349266717,3.28296233150594,0.9979008878441722,-33.084131029536586,-33.084131029536586,0.7499955540812816,,0.043413962090892384,0.0,0.0011960193259118424,0.0011960193259118424,,9.211634151762265e-08,8.940395046602744e-08,success,0.997033557349799,0.0036135500014646263,0.75,0.9991294387553813,0.01,[0.01],,,,,,,,,0.019506862359831338,,,
,,,0.0045196044338387245,-2.1868661536185937e-08,1.48682099430175e-06,arith,,6.719842279932333e-09,True,,2.017181396484375,1.84,,,-9.762133473589785e-06,18,4.467236526212872e-09,False,False,1534,2.0,229,0.00014868208884875433,,,0.000148682099430175,7.116808754123954e-08,3.289714642625732,0.9999533443091082,-1.9316228009157578e-05,-1.9316228009157578e-05,0.7499902378665264,,0.2645225483655033,0.0,0.06708034228888665,0.2645225483655033,,0.0045196044338387245,0.004519370535618462,success,0.9999283520313433,0.9999283520313433,0.75,0.9999997417144839,0.01,[0.01],,,,,,,,,0.0004838622905237704,,,
,,,7.342979632020225e-08,-1.673703369008813e-11,2.4226028365575627e-11,typ,,1.7786322002349174e-18,True,,2.000518798828125,1.84,,,-9.827654701255462e-06,18,1.2634795977780723e-09,False,False,1535,2.0,20,2.422221345240984e-09,,,2.4226028365575627e-09,0.00015747167089136968,3.2986899959227776,1.0026815245681027,-35.94232903110305,-35.94232903110305,0.7499901723452987,,0.02005006213698785,0.0,0.0010530882365693986,0.0010530882365693986,,7.342979632020225e-08,6.931221611812112e-08,success,1.000090969728115,0.003454510482588444,0.75,0.9983101818441096,0.01,[0.01],,,,,,,,,0.022793245424655193,,,
,,,0.004167885065451294,-2.3557490586605052e-08,1.3711457930577027e-06,arith,,5.714777518486207e-09,True,,2.017364501953125,1.92,,,-6.553079157090025e-08,18,4.300147966748777e-09,False,False,1536,2.0,248,0.00013711456599073508,,,0.00013711457930577027,9.710882138406971e-08,3.2897875982069205,0.999975520146626,-1.9812142280385085e-05,-1.9812142280385085e-05,0.7499999344692084,,0.25429798705705464,0.0,0.060670402760192234,0.25429798705705464,,0.004167885065451294,0.004167271722688881,success,0.9999283606479077,0.9999283606479077,0.75,0.9999995549077981,0.01,[0.01],,,,,,,,,0.0005652144964811852,,,
,,,5.951740825966277e-08,-1.43753095420465e-11,1.966374200077716e-11,typ,,1.1701283110485025e-18,True,,2.0006160736083984,1.92,,,-8.613820744796108e-06,22,1.3265675203364805e-09,False,False,1537,2.0,9,1.966026991537438e-09,,,1.966374200077716e-09,0.00017657297388464809,3.3032805846653273,1.0040768962231335,-38.44061746853998,-38.44061746853998,0.7499913861792552,,0.017902371975358745,0.0,0.0009488187113698681,0.0009488187113698681,,5.951740825966277e-08,5.626608600623043e-08,success,0.9994053991552475,0.0033317335920819368,0.75,0.9964057257375913,0.01,[0.01],,,,,,,,,0.02415311748678613,,,
,,,0.0038555001282827377,-2.4948544359472515e-08,1.2684186873053695e-06,arith,,4.8903877891922085e-09,True,,2.017547607421875,2.0,,,6.256132178528162e-06,18,4.284181730660379e-09,False,False,1538,2.0,198,0.00012684185258659078,,,0.00012684186873053696,1.2727616157321606e-07,3.2898936160348895,1.000007745702077,-2.0331779658661368e-05,-2.0331779658661368e-05,0.7500062561321785,,0.2448061306635547,0.0,0.05510032316614282,0.2448061306635547,,0.0038555001282827377,0.003854226350832743,success,0.9999280198260716,0.9999280198260716,0.75,0.9999451709916494,0.01,[0.01],,,,,,,,,0.0006470897037833777,,,
,,,4.897248948415812e-08,-1.1026363861722543e-11,1.6176699838323453e-11,typ,,7.920916820206665e-19,True,,2.0040292739868164,2.0,,,1.7724459141499338e-06,23,1.0653377268283563e-09,False,False,1539,2.0,7,1.6174217205700695e-09,,,1.6176699838323453e-09,0.0001534696599164642,3.302714927517176,1.0039049570677743,-40.4814171158391,-40.4814171158391,0.7500017724459141,,0.018610734057756147,0.0,0.0008637563894024253,0.0008637563894024253,,4.897248948415812e-08,4.662971297214051e-08,success,0.998720155906723,0.0032423336434040167,0.75,0.9961105647926672,0.01,[0.01],,,,,,,,,0.02251542443087238,,,
,,,0.003576883759485776,-2.6120890051825027e-08,1.1768209907400199e-06,arith,,4.209351207299041e-09,True,,2.017730712890625,2.08,,,9.795898327169539e-06,18,4.3311873351462576e-09,False,False,1540,2.0,192,0.00011768207999871345,,,0.00011768209907400199,1.6209167482382147e-07,3.290072809512597,1.000062213987864,-2.087549020423111e-05,-2.087549020423111e-05,0.7500097958983272,,0.2359669071055659,0.0,0.050241702497665214,0.2359669071055659,,0.003576883759485776,0.0035745273215630037,success,0.9999281662145955,0.9999281662145955,0.75,0.6807104669460136,0.01,[0.01],,,,,,,,,0.0007302694694104415,,,
,,,4.0992294133432606e-08,-9.611778261552516e-12,1.355736495228043e-11,typ,,5.556551055168206e-19,True,,2.004180908203125,2.08,,,2.7482548442536725e-06,18,1.405899000185086e-09,False,False,1541,2.0,18,1.3555111204757821e-09,,,1.355736495228043e-09,0.0001662378736975948,3.306746180302826,1.0051303109791847,-41.91854767718195,-41.91854767718195,0.7500027482548443,,0.016834972427859255,0.0,0.0007906390678411168,0.0007906390678411168,,4.0992294133432606e-08,3.906939785332234e-08,success,0.9990388340531037,0.003186540612806325,0.75,0.9817444160783568,0.01,[0.01],,,,,,,,,0.02344776857393135,,,
,,,0.003327405770592927,-2.7162834381130928e-08,1.0948468815947817e-06,arith,,3.642999093914576e-09,True,,2.0178680419921875,2.16,,,-5.333491381875888e-08,19,4.4028932723915266e-09,False,False,1542,2.0,175,0.00010948466598545965,,,0.00010948468815947817,2.0253077297076339e-07,3.2903911796110767,1.000158986893507,-2.1444008968856927e-05,-2.1444008968856927e-05,0.7499999466650862,,0.22770782984037527,0.0,0.04598843363956729,0.22770782984037527,,0.003327405770592927,0.00332337737238638,success,0.9999280837183535,0.9999280837183535,0.75,0.6778894140205451,0.01,[0.01],,,,,,,,,0.0008163366975315021,,,
,,,3.488245375742725e-08,-1.0480858673861133e-11,1.1578399774561344e-11,typ,,4.037731463226007e-19,True,,1.9999580383300781,2.16,,,-5.8972117518152345e-06,21,1.7967757196343498e-09,False,False,1543,2.0,13,1.1575250672743412e-09,,,1.1578399774561344e-09,0.00027198074684293695,3.3183590676383496,1.0086602054502058,-42.7697948809731,-42.7697948809731,0.7499941027882482,,0.013233543447194004,0.0,0.0007277622835423273,0.0007277622835423273,,3.488245375742725e-08,3.310238265187328e-08,success,1.0011468140929782,0.003159370431456495,0.75,0.9874041565121958,0.01,[0.01],,,,,,,,,0.030046219645971796,,,
,,,0.0031031716079731706,-2.7994391822296844e-08,1.0212379713836077e-06,arith,,3.169075894095755e-09,True,,2.018096923828125,2.24,,,8.018995627412373e-06,18,4.325141475860625e-09,False,False,1544,2.0,179,0.0001021237718840058,,,0.00010212379713836077,2.472915783026269e-07,3.290948255056629,1.0003283175240711,-2.203663115269924e-05,-2.203663115269924e-05,0.7500080189956274,,0.21996243430306966,0.0,0.04224910278611811,0.21996243430306966,,0.0031031716079731706,0.003096709292019729,success,0.9999280277363984,0.9999280277363984,0.75,0.7011710937565053,0.01,[0.01],,,,,,,,,0.0009021219371293912,,,
,,,2.986239886219007e-08,-7.713835737065239e-12,9.905742930851452e-12,typ,,2.957497431656273e-19,True,,2.004166603088379,2.24,,,-7.349487079588712e-06,23,1.888879477582617e-09,False,False,1545,2.0,9,9.90375034940972e-10,,,9.905742930851452e-10,0.00020115416437128635,3.3164617467986592,1.008083489070526,-43.183292169388466,-43.183292169388466,0.7499926505129204,,0.013719047242876165,0.0,0.0006751935860570085,0.0006751935860570085,,2.986239886219007e-08,2.8492907723480178e-08,success,0.9983362917692425,0.0031516859224270805,0.75,0.9876820577802218,0.01,[0.01],,,,,,,,,0.02583126617745375,,,
,,,0.00290091756330719,-2.8765471639388807e-08,9.549500967130543e-07,arith,,2.7702306801844406e-09,True,,2.018280029296875,2.32,,,2.824680582325101e-06,18,4.331614176249745e-09,False,False,1546,2.0,180,9.549498114749043e-05,,,9.549500967130543e-05,2.9869429926109416e-07,3.2918888270172495,1.000614217117124,-2.2654864112796498e-05,-2.2654864112796498e-05,0.7500028246805823,,0.21267016910632378,0.0,0.03895119732922371,0.21267016910632378,,0.00290091756330719,0.002891070882787068,success,0.9999276300269088,0.9999276300269088,0.75,0.7145086981620791,0.01,[0.01],,,,,,,,,0.000991599072074104,,,
,,,2.5982612413530584e-08,-8.309421212319914e-12,8.65198160599522e-12,typ,,2.2473203819668593e-19,True,,2.0012340545654297,2.32,,,4.495358588818554e-06,22,2.161115635823412e-09,False,False,1547,2.0,13,8.64932419496261e-10,,,8.651981605995219e-10,0.0003071447852787586,3.3288893577377263,1.011861029821104,-43.36527235729261,-43.36527235729261,0.7500044953585888,,0.011228756692045703,0.0,0.0006288662592421308,0.0006288662592421308,,2.5982612413530584e-08,2.4717055848332325e-08,success,0.9998390799113066,0.0031540561361927144,0.75,0.9915333912698902,0.01,[0.01],,,,,,,,,0.03198069955426321,,,
,,,0.0027178622305584106,-2.9499016364139633e-08,8.951029094346075e-07,arith,,2.432765519823299e-09,True,,2.018463134765625,2.4,,,-5.294717493886658e-06,18,4.399215055316452e-09,False,False,1548,2.0,177,8.951025892594504e-05,,,8.951029094346075e-05,3.5769647671635647e-07,3.2934067782955396,1.0010756189778072,-2.3298777030071518e-05,-2.3298777030071518e-05,0.7499947052825061,,0.2057750751200099,0.0,0.03603120532108243,0.2057750751200099,,0.0027178622305584106,0.0027035087372709486,success,0.9999273342180417,0.9999273342180417,0.75,0.7229311029708502,0.01,[0.01],,,,,,,,,0.0010853757056728654,,,
,,,2.2785825662364565e-08,-7.693881414614123e-12,7.600419492014413e-12,typ,,1.7312263769465571e-19,True,,2.0013256072998047,2.4,,,-7.89475168150311e-06,22,1.9168838532683028e-09,False,False,1549,2.0,14,7.597821569424322e-10,,,7.600419492014413e-10,0.00034181305292697113,3.334450847648533,1.0135515200428376,-43.498138610270054,-43.498138610270054,0.7499921052483185,,0.010373986358177037,0.0,0.0005892257857513226,0.0005892257857513226,,2.2785825662364565e-08,2.1699195647609225e-08,success,1.000010552292239,0.003157950243861492,0.75,0.9930493623184997,0.01,[0.01],,,,,,,,,0.033766085673700805,,,
