K0_thermo,K1_thermo,K2_thermo,L11,L12,L22,branch,c_v_electronic,cauchy_schwarz_determinant,cauchy_schwarz_ok,charge_diffusivity_proxy,chemical_potential,disorder_full_width,dmu_dT_fixed_density,electronic_energy_density,final_residual,half_filling,ill_conditioned,index,interaction,iterations,kappa_e,kappa_e_over_T,kappa_from_variance,kappa_half_filling_formula,kappa_half_relative_difference,lorenz,lorenz_over_L0,max_imag_sigma_global,max_imag_sigma_relevant,particle_density_thermo,rho_arith_zero,rho_floor_count_final,rho_typ_zero,rho_zero,scalar_diffusivities_decoupled,sigma,sigma_T0,status,sum_rule_arith_bath,sum_rule_medium,target_filling,tau_symmetry_relative_error,temperature,temperatures,thermal_diffusivity_proxy,thermodynamic_energy_variance,thermodynamic_ill_conditioned,thermodynamic_mean_energy,thermodynamic_moment_determinant,thermodynamic_moment_ok,thermodynamic_status,thermoelectric_coupling,thermopower,transport_energy_variance,transport_mean_energy,variance_identity_relative_error
0.4952815249517414,-2.1655117977664875e-19,4.0682352826368715e-05,0.017154533293396546,-1.011896344125941e-21,1.4069695618940984e-06,arith,0.008136470565273743,2.4135906192307864e-08,True,0.034635924073824535,0.64583333335,1.52,8.744569254738455e-17,-0.022711872529732946,4.744964510349689e-09,True,False,0,1.2916666667,757,0.0002813939123788197,0.056278782475763935,0.0002813939123788197,0.0002813939123788197,0.0,3.280694467941477,0.9972115399821001,-5.413015704279467e-06,-5.413015704279467e-06,0.4999895968441702,0.4954816448881905,0.0,0.2737746502330265,0.4954816448881905,True,0.017154533293396546,0.017169435076846255,success,0.9999791936883402,0.9999791936883402,0.5,2.3238178640642433e-15,0.005,"[0.005, 0.0075, 0.01, 0.015, 0.02, 0.03, 0.05, 0.08]",0.034584272151097314,8.213985536878782e-05,False,-4.372284627369228e-19,2.0149217746468683e-05,True,success,-6.513347094725137e-18,1.1797422020399233e-17,8.201736169853692e-05,-5.898711010199617e-20,0.0
0.4950297596469928,1.555893644987743e-19,9.133734926541615e-05,0.01713582749873919,-2.3111426314731593e-21,3.151035485227825e-06,arith,0.01217831323538882,5.399560051726996e-08,True,0.0346157522144907,0.64583333335,1.52,-4.190707365680413e-17,-0.022686473479815228,4.744964510349689e-09,True,False,0,1.2916666667,757,0.00042013806469704337,0.05601840862627245,0.00042013806469704337,0.00042013806469704337,0.0,3.2690810309799243,0.9936814784447995,-5.413015704279467e-06,-5.413015704279467e-06,0.4999895968441702,0.4954816448881905,0.0,0.2737746502330265,0.4954816448881905,True,0.01713582749873919,0.017169435076846255,success,0.9999791936883402,0.9999791936883402,0.5,2.3238178640642433e-15,0.0075,"[0.005, 0.0075, 0.01, 0.015, 0.02, 0.03, 0.05, 0.08]",0.03449887160696188,0.00018450880474448462,False,3.1430305242603095e-19,4.521470605365239e-05,True,success,-9.945979525417597e-18,1.7982927926052067e-17,0.0001838858079926207,-1.348719594453905e-19,0.0
0.49467431166818987,-8.555032767268433e-20,0.0001618758284720936,0.01710949965644673,-2.8322664173815668e-21,5.5649902760441465e-06,arith,0.01618758284720936,9.521419921610672e-08,True,0.03458740276758738,0.64583333335,1.52,1.729427335415559e-17,-0.022651008084391466,4.744964510349689e-09,True,False,0,1.2916666667,757,0.0005564990276044146,0.05564990276044146,0.0005564990276044146,0.0005564990276044146,0.0,3.252573358536116,0.9886637477112394,-5.413015704279467e-06,-5.413015704279467e-06,0.49998959684417016,0.4954816448881905,0.0,0.2737746502330265,0.4954816448881905,True,0.01710949965644673,0.017169435076846255,success,0.9999791936883402,0.9999791936883402,0.5,2.3238178640642433e-15,0.01,"[0.005, 0.0075, 0.01, 0.015, 0.02, 0.03, 0.05, 0.08]",0.034378142361158735,0.0003272371834433849,False,-1.7294273354155588e-19,8.007581402515087e-05,True,success,-9.178743703341392e-18,1.6553765301455734e-17,0.0003252573358536116,-1.6553765301455733e-19,0.0
0.49364065091951725,2.1684043542953106e-19,0.00036088586308080314,0.017033500243083532,1.0587911860152501e-20,1.2280502627640778e-05,arith,0.02405905753872021,2.0917994449310715e-07,True,0.03450587023446061,0.64583333335,1.52,-2.928451901541695e-17,-0.022550295587241947,4.744964510349689e-09,True,False,0,1.2916666667,757,0.0008187001751760518,0.054580011678403456,0.0008187001751760518,0.0008187001751760518,0.0,3.2042745706693916,0.9739826766457994,-5.413015704279467e-06,-5.413015704279467e-06,0.4999895968441701,0.4954816448881905,0.0,0.2737746502330265,0.4954816448881905,True,0.017033500243083532,0.017169435076846255,success,0.9999791936883402,0.9999791936883402,0.5,2.3238178640642433e-15,0.015,"[0.005, 0.0075, 0.01, 0.015, 0.02, 0.03, 0.05, 0.08]",0.034028771653189266,0.0007310699846306654,False,4.392677852312543e-19,0.00017814793235885944,True,success,2.3149962700736407e-17,-4.143956207494398e-17,0.0007209617784006131,6.215934311241597e-19,0.0
0.4921563385980884,-1.2428861985707945e-18,0.0006330232610451565,0.016925841161435213,1.7023053507589105e-20,2.1232634642046522e-05,arith,0.031651163052257826,3.5938020139006626e-07,True,0.03439118799048412,0.64583333335,1.52,1.2626944947119513e-16,-0.022410884243602443,4.744964510349689e-09,True,False,0,1.2916666667,757,0.0010616317321023262,0.05308158660511631,0.0010616317321023262,0.0010616317321023262,0.0,3.136126949250852,0.9532682836521903,-5.413015704279467e-06,-5.413015704279467e-06,0.4999895968441701,0.4954816448881905,0.0,0.2737746502330265,0.4954816448881905,True,0.016925841161435213,0.017169435076846255,success,0.9999791936883402,0.9999791936883402,0.5,2.3238178640642433e-15,0.02,"[0.005, 0.0075, 0.01, 0.015, 0.02, 0.03, 0.05, 0.08]",0.03354163416837205,0.0012862239321113466,False,-2.5253889894239025e-18,0.00031154641040340614,True,success,2.8396210726191004e-17,-5.028717138849024e-17,0.0012544507797003406,1.0057434277698048e-18,0.0
0.4878181985772094,3.7772617473708253e-19,0.0013716133772735991,0.01661973086390946,-4.3333820811002594e-20,4.425269399372632e-05,arith,0.04572044590911997,7.354678641786741e-07,True,0.034069517931850944,0.64583333335,1.52,-2.5810583795272786e-17,-0.022022708173910433,4.744964510349689e-09,True,False,0,1.2916666667,757,0.0014750897997908774,0.04916965999302925,0.0014750897997908774,0.0014750897997908774,0.0,2.958511205485494,0.8992795714767295,-5.413015704279467e-06,-5.413015704279467e-06,0.49998959684417016,0.4954816448881905,0.0,0.2737746502330265,0.4954816448881905,True,0.01661973086390946,0.017169435076846255,success,0.9999791936883402,0.9999791936883402,0.5,2.3238178640642433e-15,0.03,"[0.005, 0.0075, 0.01, 0.015, 0.02, 0.03, 0.05, 0.08]",0.032263241761092215,0.002811730643248044,False,7.743175138581836e-19,0.0006690979668460094,True,success,-5.052951532332464e-17,8.691239981730402e-17,0.0026626600849369445,-2.6073719945191203e-18,0.0
0.4749500297472049,-3.9980827008250093e-19,0.003480256168408128,0.015757693185986587,4.0999559706283576e-20,0.00010235515772646488,arith,0.06960512336816255,1.612881171456898e-06,True,0.03317758121706765,0.64583333335,1.52,1.6835803560020887e-17,-0.02086144973803188,4.744964510349689e-09,True,False,0,1.2916666667,757,0.0020471031545292975,0.04094206309058595,0.0020471031545292975,0.0020471031545292975,0.0,2.598226949043276,0.7897662895454542,-5.413015704279467e-06,-5.413015704279467e-06,0.49998959684417027,0.4954816448881905,0.0,0.2737746502330265,0.4954816448881905,True,0.015757693185986587,0.017169435076846255,success,0.9999791936883402,0.9999791936883402,0.5,2.3238178640642433e-15,0.05,"[0.005, 0.0075, 0.01, 0.015, 0.02, 0.03, 0.05, 0.08]",0.029410236710616114,0.00732762596153645,False,-8.417901780010444e-19,0.0016529477707133337,True,success,3.2283306312653805e-17,-5.203751491080526e-17,0.006495567372608191,2.6018757455402634e-18,0.0
0.45268305816566423,1.0573129193146912e-18,0.008003890275537702,0.014348049175121428,-3.7664620076223437e-20,0.00020924625011134955,arith,0.10004862844422127,3.002275486307401e-06,True,0.03169557357251617,0.64583333335,1.52,-2.91957281215436e-17,-0.018308393624805117,4.744964510349689e-09,True,False,0,1.2916666667,757,0.0026155781263918695,0.032694726579898366,0.0026155781263918695,0.0026155781263918695,0.0,2.2786879373531055,0.6926380768924016,-5.413015704279467e-06,-5.413015704279467e-06,0.4999895968441701,0.4954816448881905,0.0,0.2737746502330265,0.4954816448881905,True,0.014348049175121428,0.017169435076846255,success,0.9999791936883402,0.9999791936883402,0.5,2.3238178640642433e-15,0.08,"[0.005, 0.0075, 0.01, 0.015, 0.02, 0.03, 0.05, 0.08]",0.026143068296534386,0.01768100248321772,False,2.335658249723488e-18,0.0036232255271528278,True,success,-2.1737436229492004e-17,3.281336335040882e-17,0.014583602799059873,-2.6250690680327058e-18,0.0
0.6342282428050023,-3.235465267212883e-19,5.219253321698211e-05,0.00022485302841896546,8.76726031447392e-23,1.771675059847116e-08,typ,0.010438506643396421,3.9836650258097594e-12,True,0.00035453014111214533,0.64583333335,1.52,1.0202841970276775e-16,-0.004667575232588694,4.625851118193677e-09,True,False,1,1.2916666667,563,3.5433501196942323e-06,0.0007086700239388465,3.5433501196942323e-06,3.5433501196942323e-06,0.0,3.1517032655588326,0.9580029160675264,-1.1590859175007784,-1.1590859175007784,0.4999896842693255,0.6323203869129275,0.0,0.06030497788171661,0.06030497788171661,True,0.00022485302841896546,0.0002276338350797313,success,0.9999793685386478,0.0107432047620195,0.5,1.2264523826927167e-14,0.005,"[0.005, 0.0075, 0.01, 0.015, 0.02, 0.03, 0.05, 0.08]",0.000339449907993862,8.229298176024155e-05,False,-5.1014209851383875e-19,3.310197862974828e-05,True,success,4.3926084761630494e-17,-7.798214127797298e-17,7.879258163897082e-05,3.8991070638986494e-19,0.0
0.6343539937552942,-7.64367825558201e-19,0.00011747245992279144,0.00022119040771586635,3.8613380683279203e-22,3.715964170196035e-08,typ,0.015662994656372192,8.21935629863212e-12,True,0.00034868608047448007,0.64583333335,1.52,1.6066062652352652e-16,-0.004634950656924863,4.625851118193677e-09,True,False,1,1.2916666667,563,4.9546188935947135e-06,0.0006606158524792952,4.9546188935947135e-06,4.9546188935947135e-06,0.0,2.9866387937034764,0.9078293330704803,-1.1590859175007784,-1.1590859175007784,0.49998968426932544,0.6323203869129275,0.0,0.06030497788171661,0.06030497788171661,True,0.00022119040771586635,0.0002276338350797313,success,0.9999793685386478,0.0107432047620195,0.5,1.2264523826927167e-14,0.0075,"[0.005, 0.0075, 0.01, 0.015, 0.02, 0.03, 0.05, 0.08]",0.00031632641153835935,0.00018518439401219743,False,-1.2049546989264488e-18,7.45191241082815e-05,True,success,1.346849046651696e-16,-2.3276103204186343e-16,0.00016799843214582052,1.7457077403139756e-18,0.0
0.6344603091564266,-1.0426975580700437e-18,0.00020893814968833278,0.0002162565555031845,2.0149602733908909e-22,6.002264788220395e-08,typ,0.020893814968833274,1.2980291083185939e-11,True,0.00034085119649283896,0.64583333335,1.52,1.6434401695772051e-16,-0.00458925409662875,4.625851118193677e-09,True,False,1,1.2916666667,563,6.0022647882203944e-06,0.0006002264788220395,6.0022647882203944e-06,6.0022647882203944e-06,0.0,2.775529636201945,0.8436598439231047,-1.1590859175007784,-1.1590859175007784,0.49998968426932544,0.6323203869129275,0.0,0.06030497788171661,0.06030497788171661,True,0.0002162565555031845,0.0002276338350797313,success,0.9999793685386478,0.0107432047620195,0.5,1.2264523826927167e-14,0.01,"[0.005, 0.0075, 0.01, 0.015, 0.02, 0.03, 0.05, 0.08]",0.0002872747172870922,0.0003293163444158316,False,-1.6434401695772052e-18,0.00013256296304583136,True,success,5.592735393880779e-17,-9.317452914675779e-17,0.0002775529636201945,9.317452914675779e-19,0.0
0.6345831059513042,2.7105054414666523e-19,0.00046747277935762534,0.0002035284473232961,6.54093069376334e-22,1.0525076855197408e-07,typ,0.031164851957175024,2.1421525502966884e-11,True,0.0003207278060423408,0.64583333335,1.52,-2.847544491332706e-17,-0.004458894749044115,4.625851118193677e-09,True,False,1,1.2916666667,563,7.016717903464938e-06,0.00046778119356432924,7.016717903464938e-06,7.016717903464938e-06,0.0,2.2983577957595243,0.6986169968998482,-1.1590859175007784,-1.1590859175007784,0.4999896842693255,0.6323203869129275,0.0,0.06030497788171661,0.06030497788171661,True,0.0002035284473232961,0.0002276338350797313,success,0.9999793685386478,0.0107432047620195,0.5,1.2264523826927167e-14,0.015,"[0.005, 0.0075, 0.01, 0.015, 0.02, 0.03, 0.05, 0.08]",0.00022514844328819258,0.0007366612425914435,False,4.2713167369990586e-19,0.0002966503282724506,True,success,1.413234886970623e-16,-2.1425115357865613e-16,0.0005171305040458929,3.2137673036798418e-18,0.0
0.6337188942973417,5.464560877759279e-19,0.0008092621552778868,0.00018877463331020826,4.847279528472073e-22,1.398946714491492e-07,typ,0.04046310776389434,2.64085653048652e-11,True,0.00029788386461085213,0.64583333335,1.52,-4.311502250393137e-17,-0.004279246537183584,4.625851118193677e-09,True,False,1,1.2916666667,563,6.994733572457459e-06,0.00034973667862287297,6.994733572457459e-06,6.994733572457459e-06,0.0,1.8526677683868684,0.563143473566898,-1.1590859175007784,-1.1590859175007784,0.49998968426932544,0.6323203869129275,0.0,0.06030497788171661,0.06030497788171661,True,0.00018877463331020826,0.0002276338350797313,success,0.9999793685386478,0.0107432047620195,0.5,1.2264523826927167e-14,0.02,"[0.005, 0.0075, 0.01, 0.015, 0.02, 0.03, 0.05, 0.08]",0.00017286693877475556,0.0012770049347750393,False,8.623004500786274e-19,0.0005128447182393861,True,success,9.432474959556675e-17,-1.2838800011086949e-16,0.0007410671073547475,2.56776000221739e-18,0.0
0.6251848222428011,1.0556854958671332e-17,0.0016340190959944544,0.0001595073342324671,6.491532081068742e-22,1.7256176750846576e-07,typ,0.054467303199815145,2.752486752571813e-11,True,0.00025513628699469563,0.64583333335,1.52,-5.628658162663775e-16,-0.003799648012376064,4.625851118193677e-09,True,False,1,1.2916666667,563,5.752058916948859e-06,0.00019173529723162864,5.75205891694886e-06,5.752058916948859e-06,0.0,1.202046903700317,0.36537844522956997,-1.1590859175007784,-1.1590859175007784,0.4999896842693255,0.6323203869129275,0.0,0.06030497788171661,0.06030497788171661,True,0.0001595073342324671,0.0002276338350797313,success,0.9999793685386478,0.0107432047620195,0.5,1.2264523826927167e-14,0.03,"[0.005, 0.0075, 0.01, 0.015, 0.02, 0.03, 0.05, 0.08]",0.00010560572268186725,0.0026136576542798015,False,1.6885974487991326e-17,0.0010215639380706356,True,success,1.237327282415493e-16,-1.3565796440866554e-16,0.0010818422133302853,4.069738932259966e-18,1.472573489743744e-16
0.5864526548019712,5.936731885756924e-17,0.003607055609176607,0.00011541992625779507,4.757413384904996e-22,1.6630183379236502e-07,typ,0.07214111218353213,1.9194545392850863e-11,True,0.0001968103056789285,0.64583333335,1.52,-2.024624438868503e-15,-0.002522904145330612,4.625851118193677e-09,True,False,1,1.2916666667,563,3.3260366758473004e-06,6.6520733516946e-05,3.3260366758473004e-06,3.3260366758473004e-06,0.0,0.5763366489107717,0.17518533433229355,-1.1590859175007784,-1.1590859175007784,0.4999896842693255,0.6323203869129275,0.0,0.06030497788171661,0.06030497788171661,True,0.00011541992625779507,0.0002276338350797313,success,0.9999793685386478,0.0107432047620195,0.5,1.2264523826927167e-14,0.05,"[0.005, 0.0075, 0.01, 0.015, 0.02, 0.03, 0.05, 0.08]",4.610459383251018e-05,0.006150633950825254,False,1.0123122194342515e-16,0.0021153673380199622,True,success,1.0858803513566389e-16,-8.243660413157984e-17,0.0014408416222769294,4.121830206578993e-18,0.0
0.5259250188098026,1.201443790058621e-16,0.007767939363130174,7.863768581699206e-05,3.8441016002654946e-22,1.29877208314841e-07,typ,0.09709924203912718,1.0213243102250494e-11,True,0.0001495226182526047,0.64583333335,1.52,-2.855549144575672e-15,6.651618842275711e-06,4.625851118193677e-09,True,False,1,1.2916666667,563,1.6234651039355123e-06,2.0293313799193902e-05,1.6234651039355123e-06,1.6234651039355123e-06,0.0,0.2580609231866398,0.07844111456731426,-1.1590859175007784,-1.1590859175007784,0.4999896842693255,0.6323203869129275,0.0,0.06030497788171661,0.06030497788171661,True,7.863768581699206e-05,0.0002276338350797313,success,0.9999793685386478,0.0107432047620195,0.5,1.2264523826927167e-14,0.08,"[0.005, 0.0075, 0.01, 0.015, 0.02, 0.03, 0.05, 0.08]",1.671964754659279e-05,0.014770051024972058,False,2.2844393156605377e-16,0.0040853536556676425,True,success,1.2028542940925028e-16,-6.110463387127771e-17,0.0016515899083944948,4.888370709702217e-18,0.0
0.4927166862663621,1.6440323241946823e-19,4.0465048949043217e-05,0.016955441017184304,-1.1894347490771795e-20,1.390143663680697e-06,arith,0.008093009789808644,2.3570498894950553e-08,True,0.03441215101860425,0.64583333335,1.5,-6.673337315415861e-17,-0.021983251819160676,4.81108759451841e-09,True,False,2,1.2916666667,764,0.0002780287327361394,0.05560574654722788,0.0002780287327361394,0.0002780287327361394,0.0,3.279522277885404,0.9968552369302948,-5.355402654988852e-06,-5.355402654988852e-06,0.49998960077490784,0.49294090075234837,0.0,0.26960946450703266,0.49294090075234837,True,0.016955441017184304,0.01697206060348152,success,0.9999792015498158,0.9999792015498158,0.5,2.350842415639387e-15,0.005,"[0.005, 0.0075, 0.01, 0.015, 0.02, 0.03, 0.05, 0.08]",0.034354182184019484,8.212640261013579e-05,False,3.336668657707931e-19,1.993780482777871e-05,True,success,-7.747404556710947e-17,1.4030124582093617e-16,8.198805694713509e-05,-7.015062291046809e-19,0.0
0.4924347241407254,7.207720985542062e-20,9.082486233200911e-05,0.016934594165810377,1.0306670432410725e-21,3.111524260005396e-06,arith,0.012109981644267883,5.269240058026483e-08,True,0.03438952075396474,0.64583333335,1.5,-1.9515875254652097e-17,-0.02195799185360112,4.81108759451841e-09,True,False,2,1.2916666667,764,0.0004148699013340528,0.05531598684454038,0.0004148699013340529,0.0004148699013340528,0.0,3.26644892123952,0.9928814130216765,-5.355402654988852e-06,-5.355402654988852e-06,0.49998960077490784,0.49294090075234837,0.0,0.26960946450703266,0.49294090075234837,True,0.016934594165810377,0.01697206060348152,success,0.9999792015498158,0.9999792015498158,0.5,2.350842415639387e-15,0.0075,"[0.005, 0.0075, 0.01, 0.015, 0.02, 0.03, 0.05, 0.08]",0.03425850785912847,0.00018444040982384838,False,1.4636906440989073e-19,4.472531602758227e-05,True,success,4.489979899866285e-18,-8.114884306444605e-18,0.00018373775181972302,6.086163229833454e-20,2.6133546179155227e-16
0.4920369050622675,2.4818065354551e-19,0.0001609061050971556,0.01690528467675683,-1.0389388493666028e-20,5.490705298370027e-06,arith,0.01609061050971556,9.282193614512237e-08,True,0.03435775752352856,0.64583333335,1.5,-5.0439438788458894e-17,-0.02192273217620291,4.81108759451841e-09,True,False,2,1.2916666667,764,0.0005490705298370027,0.05490705298370027,0.0005490705298370027,0.0005490705298370027,0.0,3.2479224120485997,0.9872500295017225,-5.355402654988852e-06,-5.355402654988852e-06,0.4999896007749078,0.49294090075234837,0.0,0.26960946450703266,0.49294090075234837,True,0.01690528467675683,0.01697206060348152,success,0.9999792015498158,0.9999792015498158,0.5,2.350842415639387e-15,0.01,"[0.005, 0.0075, 0.01, 0.015, 0.02, 0.03, 0.05, 0.08]",0.03412366047301141,0.0003270203991645563,False,5.043943878845889e-19,7.917174195762838e-05,True,success,-3.410080841612537e-17,6.145645395697155e-17,0.0003247922412048599,-6.145645395697155e-19,0.0
0.4908824498885707,1.3552528099187467e-20,0.00035833976589630476,0.01682093115548806,-1.7787691872391152e-20,1.2089222825543001e-05,arith,0.02388931772642032,2.0335198487181367e-07,True,0.0342667193730523,0.64583333335,1.5,-1.8405666641458816e-18,-0.021822677016640247,4.81108759451841e-09,True,False,2,1.2916666667,764,0.0008059481883695334,0.05372987922463556,0.0008059481883695334,0.0008059481883695334,0.0,3.1942274020368635,0.9709287035914936,-5.355402654988852e-06,-5.355402654988852e-06,0.4999896007749077,0.49294090075234837,0.0,0.26960946450703266,0.49294090075234837,True,0.01682093115548806,0.01697206060348152,success,0.9999792015498158,0.9999792015498158,0.5,2.350842415639387e-15,0.015,"[0.005, 0.0075, 0.01, 0.015, 0.02, 0.03, 0.05, 0.08]",0.0337367604047644,0.0007299909906692471,False,2.760849996218822e-20,0.000175902702175675,True,success,-3.944531148417965e-17,7.049824494639693e-17,0.0007187011654582942,-1.0574736741959539e-18,0.0
0.48923380561274227,2.208319128815933e-19,0.0006277233595762166,0.016702235961903667,-2.5326584137495243e-20,2.0844482445862996e-05,arith,0.03138616797881083,3.4814946431456264e-07,True,0.034139578602882734,0.64583333335,1.5,-2.2569159198331743e-17,-0.021684343884327918,4.81108759451841e-09,True,False,2,1.2916666667,764,0.0010422241222931498,0.05211120611465749,0.0010422241222931498,0.0010422241222931498,0.0,3.1200137654334767,0.9483704630823212,-5.355402654988852e-06,-5.355402654988852e-06,0.4999896007749078,0.49294090075234837,0.0,0.26960946450703266,0.49294090075234837,True,0.016702235961903667,0.01697206060348152,success,0.9999792015498158,0.9999792015498158,0.5,2.350842415639387e-15,0.02,"[0.005, 0.0075, 0.01, 0.015, 0.02, 0.03, 0.05, 0.08]",0.033206478822032925,0.0012830743754308285,False,4.513831839666349e-19,0.0003071034880774883,True,success,-4.292336423854204e-17,7.581794496037223e-17,0.0012480055061733907,-1.5163588992074448e-18,0.0
0.4844926132272997,2.359739645714047e-19,0.0013570010750898105,0.01637042019222254,-5.841243224698986e-20,4.323227982806655e-05,arith,0.04523336916966035,7.077305866531958e-07,True,0.033788792120432926,0.64583333335,1.5,-1.6235126407090512e-17,-0.0212999238998541,4.81108759451841e-09,True,False,2,1.2916666667,764,0.001441075994268885,0.048035866475629505,0.001441075994268885,0.001441075994268885,0.0,2.934308705066164,0.8919228935079574,-5.355402654988852e-06,-5.355402654988852e-06,0.4999896007749078,0.49294090075234837,0.0,0.26960946450703266,0.49294090075234837,True,0.01637042019222254,0.01697206060348152,success,0.9999792015498158,0.9999792015498158,0.5,2.350842415639387e-15,0.03,"[0.005, 0.0075, 0.01, 0.015, 0.02, 0.03, 0.05, 0.08]",0.031858692392859975,0.0028008705149301697,False,4.870537922127153e-19,0.0006574569970225174,True,success,-6.943385971204575e-17,1.1893897969856052e-16,0.002640877834559547,-3.568169390956816e-18,0.0
0.4709713431190319,1.635278153443451e-19,0.003443032319695188,0.015471009240428898,-1.0354961642215637e-20,9.985742797528575e-05,arith,0.06886064639390375,1.544895190931109e-06,True,0.03284915200566418,0.64583333335,1.5,-6.94427878610931e-18,-0.02015163120343842,4.81108759451841e-09,True,False,2,1.2916666667,764,0.001997148559505715,0.0399429711901143,0.001997148559505715,0.001997148559505715,0.0,2.5817947988638763,0.784771514827558,-5.355402654988852e-06,-5.355402654988852e-06,0.49998960077490784,0.49294090075234837,0.0,0.26960946450703266,0.49294090075234837,True,0.015471009240428898,0.01697206060348152,success,0.9999792015498158,0.9999792015498158,0.5,2.350842415639387e-15,0.05,"[0.005, 0.0075, 0.01, 0.015, 0.02, 0.03, 0.05, 0.08]",0.02900275649579907,0.007310492177493284,False,3.4721393930546553e-19,0.0016215695560090786,True,success,-8.331035476301922e-18,1.3386278142935901e-17,0.0064544869971596905,-6.693139071467951e-19,0.0
0.44865625579443275,2.177809786287092e-18,0.007964616473853187,0.014064923213586971,-5.538272631819978e-20,0.00020631621316217745,arith,0.09955770592316483,2.9018216958440674e-06,True,0.03134899610099563,0.64583333335,1.5,-6.067590048507344e-17,-0.01761851110651104,4.81108759451841e-09,True,False,2,1.2916666667,764,0.002578952664527218,0.03223690830659023,0.002578952664527218,0.002578952664527218,0.0,2.292007415685625,0.6966867128228497,-5.355402654988852e-06,-5.355402654988852e-06,0.4999896007749077,0.49294090075234837,0.0,0.26960946450703266,0.49294090075234837,True,0.014064923213586971,0.01697206060348152,success,0.9999792015498158,0.9999792015498158,0.5,2.350842415639387e-15,0.08,"[0.005, 0.0075, 0.01, 0.015, 0.02, 0.03, 0.05, 0.08]",0.02590409894054373,0.01775215740556273,False,4.8540720388058745e-18,0.0035733750059976283,True,success,-3.251164687247433e-17,4.922060849281696e-17,0.014668847460387999,-3.937648679425357e-18,0.0
0.6437130564745459,1.0238881430248356e-18,5.296598855741379e-05,0.00017323581111064834,-9.096281339608849e-23,1.3517652330954173e-08,typ,0.010593197711482759,2.3417414658645924e-12,True,0.0002691196168358262,0.64583333335,1.5,-3.1811942688638714e-16,-0.0039394373100957855,4.668342609648552e-09,True,False,3,1.2916666667,565,2.7035304661908346e-06,0.0005407060932381669,2.703530466190834e-06,2.7035304661908346e-06,0.0,3.1212143134355155,0.9487353859160792,-1.6253804414198896,-1.6253804414198896,0.4999893760424934,0.6399147780715099,0.0,0.05300017660553475,0.05300017660553475,True,0.00017323581111064834,0.00017576682662572926,success,0.9999787520849912,0.009042803505922003,0.5,1.3262079817623603e-14,0.005,"[0.005, 0.0075, 0.01, 0.015, 0.02, 0.03, 0.05, 0.08]",0.0002552138211543315,8.228198577716468e-05,False,1.5905971344319358e-18,3.409489838348866e-05,True,success,-5.944213656229107e-17,1.0501617744380711e-16,7.803035783588788e-05,-5.250808872190356e-19,1.5665311670183167e-16
0.643815799080927,9.972754162735319e-19,0.00011923350925669992,0.00016980118568795007,-1.2929705391256125e-22,2.793202645531935e-08,typ,0.01589780123422666,4.742891210780415e-12,True,0.0002637418745087463,0.64583333335,1.5,-2.0653431570483002e-16,-0.003906325783377178,4.668342609648552e-09,True,False,3,1.2916666667,565,3.7242701940425805e-06,0.0004965693592056774,3.7242701940425805e-06,3.7242701940425805e-06,0.0,2.924416323677747,0.88891597013401,-1.6253804414198896,-1.6253804414198896,0.4999893760424933,0.6399147780715099,0.0,0.05300017660553475,0.05300017660553475,True,0.00016980118568795007,0.00017576682662572926,success,0.9999787520849912,0.009042803505922003,0.5,1.3262079817623603e-14,0.0075,"[0.005, 0.0075, 0.01, 0.015, 0.02, 0.03, 0.05, 0.08]",0.000234263225409092,0.00018519817225192447,False,1.5490073677862251e-18,7.676441703932537e-05,True,success,-5.936999984671033e-17,1.0152819085741466e-16,0.00016449841820687325,-7.614614314306099e-19,0.0
0.6439310443992323,1.7313353441877899e-18,0.0002120050076926516,0.00016524150917197672,7.236537890131878e-23,4.428823735235548e-08,typ,0.02120050076926516,7.31825517866993e-12,True,0.00025661367099662344,0.64583333335,1.5,-2.688696808837772e-16,-0.0038599482043804533,4.668342609648552e-09,True,False,3,1.2916666667,565,4.428823735235548e-06,0.0004428823735235548,4.428823735235548e-06,4.428823735235548e-06,0.0,2.6802125915142825,0.8146869365559739,-1.6253804414198896,-1.6253804414198896,0.4999893760424933,0.6399147780715099,0.0,0.05300017660553475,0.05300017660553475,True,0.00016524150917197672,0.00017576682662572926,success,0.9999787520849912,0.009042803505922003,0.5,1.3262079817623603e-14,0.01,"[0.005, 0.0075, 0.01, 0.015, 0.02, 0.03, 0.05, 0.08]",0.00020890184545339197,0.0003292355750458431,False,2.6886968088377725e-18,0.00013651660602139644,True,success,2.675020200909791e-17,-4.3793704901353693e-17,0.00026802125915142825,4.379370490135369e-19,0.0
0.6438879150218138,1.314595135448391e-18,0.0004717349548402543,0.0001538084028786144,-2.539444480537498e-22,7.469477479928235e-08,typ,0.03144899698935029,1.1488684015255393e-11,True,0.00023887449863599887,0.64583333335,1.5,-1.3611014223428986e-16,-0.003727974031879347,4.668342609648552e-09,True,False,3,1.2916666667,565,4.97965165328549e-06,0.0003319767768856993,4.97965165328549e-06,4.97965165328549e-06,0.0,2.158378675498603,0.6560684464496992,-1.6253804414198896,-1.6253804414198896,0.4999893760424934,0.6399147780715099,0.0,0.05300017660553475,0.05300017660553475,True,0.0001538084028786144,0.00017576682662572926,success,0.9999787520849912,0.009042803505922003,0.5,1.3262079817623603e-14,0.015,"[0.005, 0.0075, 0.01, 0.015, 0.02, 0.03, 0.05, 0.08]",0.00015834055550235102,0.0007326352053435772,False,2.0416521335143477e-18,0.0003037444365150008,True,success,-7.49210025072596e-17,1.1006960317773308e-16,0.0004856352019871857,-1.6510440476659961e-18,0.0
0.6421665255853554,1.956805987802614e-18,0.0008071618077264253,0.00014107744579200187,-2.80414104632583e-22,9.59850899348311e-08,typ,0.040358090386321266,1.354133132212156e-11,True,0.00021968981591403454,0.64583333335,1.5,-1.5235970031441006e-16,-0.003547737258675813,4.668342609648552e-09,True,False,3,1.2916666667,565,4.799254496741555e-06,0.00023996272483707776,4.799254496741555e-06,4.799254496741555e-06,0.0,1.7009290428384125,0.5170204317360498,-1.6253804414198896,-1.6253804414198896,0.4999893760424934,0.6399147780715099,0.0,0.05300017660553475,0.05300017660553475,True,0.00014107744579200187,0.00017576682662572926,success,0.9999787520849912,0.009042803505922003,0.5,1.3262079817623603e-14,0.02,"[0.005, 0.0075, 0.01, 0.015, 0.02, 0.03, 0.05, 0.08]",0.00011891678845062963,0.0012569353517620238,False,3.0471940062882014e-18,0.0005183322936528732,True,success,-7.620249171563573e-17,9.938303853544837e-17,0.000680371617135365,-1.9876607707089674e-18,0.0
0.6298625194543107,1.0986487268741132e-18,0.001595699286193781,0.00011707233202195208,-1.348956569460754e-22,1.1293844299305557e-07,typ,0.05318997620645937,1.3221966896125309e-11,True,0.00018586965949867786,0.64583333335,1.5,-5.814225024988742e-17,-0.0030751331365923775,4.668342609648552e-09,True,False,3,1.2916666667,565,3.7646147664351855e-06,0.00012548715888117287,3.7646147664351855e-06,3.7646147664351855e-06,0.0,1.071877161015661,0.3258115880198863,-1.6253804414198896,-1.6253804414198896,0.4999893760424934,0.6399147780715099,0.0,0.05300017660553475,0.05300017660553475,True,0.00011707233202195208,0.00017576682662572926,success,0.9999787520849912,0.009042803505922003,0.5,1.3262079817623603e-14,0.03,"[0.005, 0.0075, 0.01, 0.015, 0.02, 0.03, 0.05, 0.08]",7.077677101833357e-05,0.00253340885813659,False,1.7442675074966223e-18,0.0010050711726934602,True,success,-3.709795198288015e-17,3.840806636840015e-17,0.0009646894449140948,-1.1522419910520045e-18,0.0
0.5838670327448043,4.0162169127928125e-18,0.0035079428587054097,8.306081024100037e-05,3.465550758969217e-23,1.0416300466372003e-07,typ,0.07015885717410819,8.651863564505687e-12,True,0.00014225980502876665,0.64583333335,1.5,-1.3757299821886721e-16,-0.0018350123410427002,4.668342609648552e-09,True,False,3,1.2916666667,565,2.0832600932744006e-06,4.166520186548801e-05,2.0832600932744006e-06,2.0832600932744006e-06,0.0,0.5016228681684746,0.1524750682346826,-1.6253804414198896,-1.6253804414198896,0.4999893760424934,0.6399147780715099,0.0,0.05300017660553475,0.05300017660553475,True,8.306081024100037e-05,0.00017576682662572926,success,0.9999787520849912,0.009042803505922003,0.5,1.3262079817623603e-14,0.05,"[0.005, 0.0075, 0.01, 0.015, 0.02, 0.03, 0.05, 0.08]",2.9693472459286556e-05,0.006008119420982372,False,6.878649910943361e-18,0.002048172187950654,True,success,1.1781956992730284e-17,-8.344611011893444e-18,0.0012540571704211863,4.172305505946721e-19,0.0
0.5203549167445104,-1.5877445266550128e-17,0.007697449857169657,5.5974641763405144e-05,-1.2577323953711182e-22,7.988950485698059e-08,typ,0.09621812321462071,4.471786415025304e-12,True,0.00010757012178072335,0.64583333335,1.5,3.8140903342193774e-16,0.0006499288617726879,4.668342609648552e-09,True,False,3,1.2916666667,565,9.986188107122574e-07,1.2482735133903218e-05,9.986188107122574e-07,9.986188107122574e-07,0.0,0.22300696780991505,0.06778598981696793,-1.6253804414198896,-1.6253804414198896,0.49998937604249344,0.6399147780715099,0.0,0.05300017660553475,0.05300017660553475,True,5.5974641763405144e-05,0.00017576682662572926,success,0.9999787520849912,0.009042803505922003,0.5,1.3262079817623603e-14,0.08,"[0.005, 0.0075, 0.01, 0.015, 0.02, 0.03, 0.05, 0.08]",1.0378697664729688e-05,0.014792691698441347,False,-3.051272267375502e-17,0.00400540587957256,True,success,-5.947681734968315e-17,2.8087102385740347e-17,0.0014272445939834562,-2.2469681908592275e-18,0.0
0.4892533876523899,-1.810310361472502e-19,4.017318870930377e-05,0.016689074373611248,8.087851335497427e-21,1.367753691132518e-06,arith,0.008034637741860754,2.28265430760919e-08,True,0.03411131081522257,0.64583333335,1.48,7.400297707325068e-17,-0.021288158850418678,4.747096066362967e-09,True,False,4,1.2916666667,772,0.0002735507382265036,0.054710147645300716,0.0002735507382265036,0.0002735507382265036,0.0,3.278201440087556,0.9964537503830622,-5.298682101310563e-06,-5.298682101310563e-06,0.4999896046341679,0.48950425096589767,0.0,0.26481645666176784,0.48950425096589767,True,0.016689074373611248,0.01670753443327229,success,0.999979209268336,0.999979209268336,0.5,2.180405082569567e-15,0.005,"[0.005, 0.0075, 0.01, 0.015, 0.02, 0.03, 0.05, 0.08]",0.034046430842960634,8.211121215137392e-05,False,-3.700148853662534e-19,1.965486866882561e-05,True,success,5.3531952881741327e-17,-9.69239054777769e-17,8.19550360021889e-05,4.846195273888845e-19,0.0
0.4889381118615795,4.656828325326533e-19,9.014232647550407e-05,0.01666594177017639,2.1945101651031824e-21,3.0593947238995904e-06,arith,0.012018976863400543,5.098769432049545e-08,True,0.03408599445586805,0.64583333335,1.48,-1.26991622930113e-16,-0.021263084890504564,4.747096066362967e-09,True,False,4,1.2916666667,772,0.0004079192965199454,0.05438923953599272,0.0004079192965199454,0.0004079192965199454,0.0,3.263496313981005,0.9919839280348856,-5.298682101310563e-06,-5.298682101310563e-06,0.4999896046341679,0.48950425096589767,0.0,0.26481645666176784,0.48950425096589767,True,0.01666594177017639,0.01670753443327229,success,0.999979209268336,0.999979209268336,0.5,2.180405082569567e-15,0.0075,"[0.005, 0.0075, 0.01, 0.015, 0.02, 0.03, 0.05, 0.08]",0.033939602443375724,0.00018436346909488568,False,9.524371719758474e-19,4.4074018905743025e-05,True,success,9.718626907372935e-18,-1.7556844934541863e-17,0.00018357166766143153,1.3167633700906395e-19,0.0
0.4884937321204313,-5.35748339138345e-19,0.00015962906053495061,0.016633466115674067,1.0376153603865179e-20,5.393806258206751e-06,arith,0.01596290605349506,8.971769363039272e-08,True,0.03405052106497309,0.64583333335,1.48,1.0967353394951312e-16,-0.02122809762677853,4.747096066362967e-09,True,False,4,1.2916666667,772,0.0005393806258206751,0.053938062582067514,0.0005393806258206751,0.0005393806258206751,0.0,3.2427434069944407,0.9856758007351913,-5.298682101310563e-06,-5.298682101310563e-06,0.49998960463416786,0.48950425096589767,0.0,0.26481645666176784,0.48950425096589767,True,0.016633466115674067,0.01670753443327229,success,0.999979209268336,0.999979209268336,0.5,2.180405082569567e-15,0.01,"[0.005, 0.0075, 0.01, 0.015, 0.02, 0.03, 0.05, 0.08]",0.0337896260250544,0.0003267781141060707,False,-1.0967353394951313e-18,7.797779553559628e-05,True,success,3.464155207850243e-17,-6.238118701000935e-17,0.00032427434069944407,6.238118701000936e-19,0.0
0.4872080636394719,1.3552528110100887e-20,0.0003550846704413743,0.016540369156190355,-1.9481757766407247e-20,1.1847012568739008e-05,arith,0.02367231136275829,1.9595396128497015e-07,True,0.033949292695676786,0.64583333335,1.48,-1.8544477019889933e-18,-0.02112889486750861,4.747096066362967e-09,True,False,4,1.2916666667,772,0.0007898008379159339,0.0526533891943956,0.000789800837915934,0.0007898008379159339,0.0,3.1833261215146265,0.9676151116543029,-5.298682101310563e-06,-5.298682101310563e-06,0.4999896046341679,0.48950425096589767,0.0,0.26481645666176784,0.48950425096589767,True,0.016540369156190355,0.01670753443327229,success,0.999979209268336,0.999979209268336,0.5,2.180405082569567e-15,0.015,"[0.005, 0.0075, 0.01, 0.015, 0.02, 0.03, 0.05, 0.08]",0.03336390882212131,0.000728815257672198,False,2.7816715529834897e-20,0.000173000114713802,True,success,-4.400997434696292e-17,7.852205950359561e-17,0.0007162483773407909,-1.177830892553934e-18,1.372753889887499e-16
0.48538550125960467,-1.2970050044474418e-18,0.0006211867420882758,0.016410471787496356,1.78055196157252e-21,2.0369982185818175e-05,arith,0.031059337104413793,3.342810179721725e-07,True,0.033809151169349294,0.64583333335,1.48,1.336056599426266e-16,-0.02099191433282734,4.747096066362967e-09,True,False,4,1.2916666667,772,0.0010184991092909088,0.05092495546454544,0.0010184991092909088,0.0010184991092909088,0.0,3.1031987455319068,0.9432593099241315,-5.298682101310563e-06,-5.298682101310563e-06,0.4999896046341679,0.48950425096589767,0.0,0.26481645666176784,0.48950425096589767,True,0.016410471787496356,0.01670753443327229,success,0.999979209268336,0.999979209268336,0.5,2.180405082569567e-15,0.02,"[0.005, 0.0075, 0.01, 0.015, 0.02, 0.03, 0.05, 0.08]",0.03279204272348013,0.0012797801757082952,False,-2.6721131988525318e-18,0.00030151503818433853,True,success,3.079631790498864e-18,-5.4250480565987675e-18,0.0012412794982127628,1.0850096113197534e-19,0.0
0.4802437656452171,-2.847191491062507e-19,0.001340211050750963,0.016054391798103355,-1.3842461823542484e-20,4.206689967686181e-05,arith,0.044673701691698764,6.75358489143847e-07,True,0.033429672484210096,0.64583333335,1.48,1.9762127033113754e-17,-0.020611946700862277,4.747096066362967e-09,True,False,4,1.2916666667,772,0.0014022299892287272,0.04674099964095758,0.0014022299892287272,0.0014022299892287272,0.0,2.911415158466451,0.8849640897901956,-5.298682101310563e-06,-5.298682101310563e-06,0.499989604634168,0.48950425096589767,0.0,0.26481645666176784,0.48950425096589767,True,0.016054391798103355,0.01670753443327229,success,0.999979209268336,0.999979209268336,0.5,2.180405082569567e-15,0.03,"[0.005, 0.0075, 0.01, 0.015, 0.02, 0.03, 0.05, 0.08]",0.03138826504474082,0.0027906891179531766,False,-5.928638109934126e-19,0.0006436280017719756,True,success,-1.6844035684497945e-17,2.874075828724909e-17,0.0026202736426198057,-8.622227486174726e-19,0.0
0.4661881607110195,-8.001286869619564e-19,0.0034043114936059284,0.015127709458969322,3.0475493124227253e-20,9.726153485362235e-05,arith,0.06808622987211857,1.4713442407990172e-06,True,0.032449793310702885,0.64583333335,1.48,3.4326426726136435e-17,-0.019477729022710222,4.747096066362967e-09,True,False,4,1.2916666667,772,0.001945230697072447,0.03890461394144894,0.001945230697072447,0.001945230697072447,0.0,2.571745183695482,0.7817167981155229,-5.298682101310563e-06,-5.298682101310563e-06,0.4999896046341679,0.48950425096589767,0.0,0.26481645666176784,0.48950425096589767,True,0.015127709458969322,0.01670753443327229,success,0.999979209268336,0.999979209268336,0.5,2.180405082569567e-15,0.05,"[0.005, 0.0075, 0.01, 0.015, 0.02, 0.03, 0.05, 0.08]",0.028570104420909084,0.007302440903719542,False,-1.7163213363068218e-18,0.0015870497136915313,True,success,2.5124278267058567e-17,-4.0290955093876584e-17,0.006429362959238705,2.0145477546938296e-18,0.0
0.4440843236263416,2.858105900565995e-18,0.007928693371133218,0.013743537534105406,1.6046890126245282e-20,0.00020357455117242537,arith,0.09910866713916523,2.7978344850268897e-06,True,0.0309480357736505,0.64583333335,1.48,-8.04494143484685e-17,-0.016964257155149723,4.747096066362967e-09,True,False,4,1.2916666667,772,0.002544681889655317,0.03180852362069146,0.002544681889655317,0.002544681889655317,0.0,2.3144349511002327,0.7035038661260151,-5.298682101310563e-06,-5.298682101310563e-06,0.49998960463416786,0.48950425096589767,0.0,0.26481645666176784,0.48950425096589767,True,0.013743537534105406,0.01670753443327229,success,0.999979209268336,0.999979209268336,0.5,2.180405082569567e-15,0.08,"[0.005, 0.0075, 0.01, 0.015, 0.02, 0.03, 0.05, 0.08]",0.02567567462169737,0.017854026700128523,False,6.43595314787748e-18,0.0035210084329603533,True,success,9.59356162410514e-18,-1.4594941519263117e-17,0.014812383687041492,1.1675953215410494e-18,0.0
0.6542398470268068,1.92278443580681e-19,5.380353083148299e-05,0.0001220620098148264,9.101473789719956e-23,9.387935486319434e-09,typ,0.010760706166296598,1.1459102734720797e-12,True,0.00018657073605274463,0.64583333335,1.48,-5.877919067586311e-17,-0.0032596302582441595,4.67846826533839e-09,True,False,5,1.2916666667,569,1.8775870972638867e-06,0.0003755174194527773,1.8775870972638867e-06,1.8775870972638867e-06,0.0,3.0764479466007013,0.9351280420908679,-2.367413205384304,-2.367413205384304,0.4999887711407038,0.6645924043962007,0.0,0.0447662812012834,0.0447662812012834,True,0.0001220620098148264,0.00012535459562383128,success,0.9999775422814033,0.007368877152199164,0.5,1.481155286841712e-14,0.005,"[0.005, 0.0075, 0.01, 0.015, 0.02, 0.03, 0.05, 0.08]",0.0001744854908448891,8.223823583352978e-05,False,2.938959533793156e-19,3.5200413780691516e-05,True,success,8.502299832341211e-17,-1.4912868964761932e-16,7.691119866501754e-05,7.456434482380967e-19,0.0
0.6542430574911792,8.803848695524384e-20,0.00012117051467324549,0.00011901471334684078,2.351757179354674e-22,1.8996208705525188e-08,typ,0.0161560686230994,2.2608283337648417e-12,True,0.00018191207684071665,0.64583333335,1.48,-1.7942055009921308e-17,-0.0032259835559465193,4.67846826533839e-09,True,False,5,1.2916666667,569,2.5328278274033583e-06,0.00033771037698711445,2.5328278274033583e-06,2.5328278274033583e-06,0.0,2.837551488301584,0.862512226322381,-2.367413205384304,-2.367413205384304,0.4999887711407038,0.6645924043962007,0.0,0.0447662812012834,0.0447662812012834,True,0.00011901471334684078,0.00012535459562383128,success,0.9999775422814033,0.007368877152199164,0.5,1.481155286841712e-14,0.0075,"[0.005, 0.0075, 0.01, 0.015, 0.02, 0.03, 0.05, 0.08]",0.0001567725346116695,0.00018520718452542262,False,1.345654125744098e-19,7.927496799760392e-05,True,success,1.5640789992670434e-16,-2.6346962917108945e-16,0.0001596122712169641,1.976022218783171e-18,0.0
0.6543587429164901,-1.5543054582116411e-19,0.00021524686622967693,0.00011506469987827948,3.2726867791906355e-22,2.938823374576101e-08,typ,0.021524686622967693,3.381548295908716e-12,True,0.00017584345150709502,0.64583333335,1.48,2.3753109055807374e-17,-0.0031788685271284616,4.67846826533839e-09,True,False,5,1.2916666667,569,2.938823374576101e-06,0.0002938823374576101,2.9388233745761014e-06,2.938823374576101e-06,0.0,2.5540616519965877,0.7763416490273966,-2.367413205384304,-2.367413205384304,0.49998877114070384,0.6645924043962007,0.0,0.0447662812012834,0.0447662812012834,True,0.00011506469987827948,0.00012535459562383128,success,0.9999775422814033,0.007368877152199164,0.5,1.481155286841712e-14,0.01,"[0.005, 0.0075, 0.01, 0.015, 0.02, 0.03, 0.05, 0.08]",0.00013653269039653568,0.0003289432112885316,False,-2.3753109055807375e-19,0.0001408486688027653,True,success,1.7796993621927394e-16,-2.84421441384945e-16,0.0002554061651996588,2.8442144138494497e-18,1.4411089733769337e-16
0.6539118463240333,1.260385027157423e-18,0.0004744939675343369,0.00010555614334541361,1.1076465389971081e-22,4.7265747684789586e-08,typ,0.0316329311689558,4.989190037943801e-12,True,0.00016142258920494814,0.64583333335,1.48,-1.2849693571008383e-16,-0.0030454262006621583,4.67846826533839e-09,True,False,5,1.2916666667,569,3.151049845652639e-06,0.00021006998971017594,3.151049845652639e-06,3.151049845652639e-06,0.0,1.9901256625373234,0.6049256631758199,-2.367413205384304,-2.367413205384304,0.4999887711407038,0.6645924043962007,0.0,0.0447662812012834,0.0447662812012834,True,0.00010555614334541361,0.00012535459562383128,success,0.9999775422814033,0.007368877152199164,0.5,1.481155286841712e-14,0.015,"[0.005, 0.0075, 0.01, 0.015, 0.02, 0.03, 0.05, 0.08]",9.961295805382221e-05,0.0007256237521948955,False,1.9274540356512575e-18,0.0003102772263799942,True,success,4.9589093752084225e-17,-6.995623396183475e-17,0.0004477782740708977,1.0493435094275213e-18,0.0
0.6507058475045638,4.071972750987312e-18,0.0007994521031076117,9.550570722668265e-05,2.200301747841721e-22,5.8470871116348826e-08,typ,0.03997260515538058,5.584301898127106e-12,True,0.0001467724742184875,0.64583333335,1.48,-3.1288890107590066e-16,-0.0028655638799759057,4.67846826533839e-09,True,False,5,1.2916666667,569,2.923543555817441e-06,0.00014617717779087205,2.923543555817441e-06,2.923543555817441e-06,0.0,1.530559607751197,0.46523433327751046,-2.367413205384304,-2.367413205384304,0.4999887711407038,0.6645924043962007,0.0,0.0447662812012834,0.0447662812012834,True,9.550570722668265e-05,0.00012535459562383128,success,0.9999775422814033,0.007368877152199164,0.5,1.481155286841712e-14,0.02,"[0.005, 0.0075, 0.01, 0.015, 0.02, 0.03, 0.05, 0.08]",7.313867946442597e-05,0.001228592160610643,False,6.257778021518014e-18,0.0005202081582919444,True,success,9.311031571156861e-17,-1.1519216032918893e-16,0.0006122238431004788,2.3038432065837783e-18,0.0
0.6332011222887008,2.171963493848918e-17,0.0015461941093190305,7.764883203823474e-05,7.709493539557891e-23,6.549648789261445e-08,typ,0.05153980364396769,5.085725787467895e-12,True,0.00012262901834029225,0.64583333335,1.48,-1.143377365893042e-15,-0.0024035739544189644,4.67846826533839e-09,True,False,5,1.2916666667,569,2.1832162630871486e-06,7.277387543623829e-05,2.1832162630871486e-06,2.1832162630871486e-06,0.0,0.9372179017503316,0.2848800814083955,-2.367413205384304,-2.367413205384304,0.49998877114070384,0.6645924043962007,0.0,0.0447662812012834,0.0447662812012834,True,7.764883203823474e-05,0.00012535459562383128,success,0.9999775422814033,0.007368877152199164,0.5,1.481155286841712e-14,0.03,"[0.005, 0.0075, 0.01, 0.015, 0.02, 0.03, 0.05, 0.08]",4.235980948178634e-05,0.002441868870557783,False,3.430132097679126e-17,0.0009790518452969883,True,success,3.418608583820932e-17,-3.309555485119506e-17,0.0008434961115752984,9.928666455358519e-19,0.0
0.5792870786759733,4.487432252616231e-17,0.0034083064850660948,5.397606646468695e-05,6.324657103153036e-23,5.804538139086615e-08,typ,0.0681661297013219,3.1330613639214945e-12,True,9.317671401898935e-05,0.64583333335,1.48,-1.549294785885012e-15,-0.0012039936898620351,4.67846826533839e-09,True,False,5,1.2916666667,569,1.160907627817323e-06,2.321815255634646e-05,1.160907627817323e-06,1.160907627817323e-06,0.0,0.43015643927177605,0.13075187873516922,-2.367413205384304,-2.367413205384304,0.49998877114070384,0.6645924043962007,0.0,0.0447662812012834,0.0447662812012834,True,5.397606646468695e-05,0.00012535459562383128,success,0.9999775422814033,0.007368877152199164,0.5,1.481155286841712e-14,0.05,"[0.005, 0.0075, 0.01, 0.015, 0.02, 0.03, 0.05, 0.08]",1.7030563901808414e-05,0.00588362249138401,False,7.74647392942506e-17,0.001974387906966313,True,success,3.573160581790403e-17,-2.343504266762696e-17,0.0010753910981794402,1.1717521333813479e-18,0.0
0.5135949596510074,5.3450887553980087e-17,0.007642780131206287,3.5994823758481236e-05,-4.420305310348521e-23,4.413742668805328e-08,typ,0.09553475164007859,1.5887188947893638e-12,True,7.008406738052892e-05,0.64583333335,1.48,-1.300900801049052e-15,0.0012401802090888873,4.67846826533839e-09,True,False,5,1.2916666667,569,5.517178336006659e-07,6.896472920008324e-06,5.517178336006659e-07,5.517178336006659e-07,0.0,0.19159624078957607,0.058238273694666616,-2.367413205384304,-2.367413205384304,0.49998877114070384,0.6645924043962007,0.0,0.0447662812012834,0.0447662812012834,True,3.5994823758481236e-05,0.00012535459562383128,success,0.9999775422814033,0.007368877152199164,0.5,1.481155286841712e-14,0.08,"[0.005, 0.0075, 0.01, 0.015, 0.02, 0.03, 0.05, 0.08]",5.775048598851543e-06,0.014880948474260004,False,1.0407206408392416e-16,0.003925293353108415,True,success,-3.506943239065573e-17,1.5350489489849884e-17,0.0012262159410532868,-1.2280391591879909e-18,0.0
0.5639380907985697,-1.5870861088992348e-19,4.633594486884104e-05,0.023111067644266577,-1.0332964113014827e-20,1.8965039968017398e-06,arith,0.009267188973768208,4.383023215770693e-08,True,0.04098156875968413,0.4270833333,0.88,5.628582763940726e-17,-0.024901547434506056,4.817918888225363e-09,True,False,6,0.8541666666,1080,0.00037930079936034794,0.07586015987206958,0.00037930079936034794,0.00037930079936034794,0.0,3.2824169371893586,0.9977351078510487,-2.0313084692924217e-06,-2.0313084692924217e-06,0.4999898530931301,0.5641172230117072,0.0,0.42966346558884955,0.5641172230117072,True,0.023111067644266577,0.023127822086450797,success,0.9999797061862603,0.9999797061862603,0.5,2.7002129686802972e-15,0.005,"[0.005, 0.0075, 0.01, 0.015, 0.02, 0.03, 0.05, 0.08]",0.04092943398845112,8.216494970791315e-05,False,-2.814291381970363e-19,2.6130604284682e-05,True,success,-4.9355781799500166e-17,8.94200499264104e-17,8.206042342973398e-05,-4.47100249632052e-19,0.0
0.5637208048099982,1.257314531080602e-20,0.0001040958077140355,0.023090788295991038,-1.008664038947162e-20,4.252249106757384e-06,arith,0.013879441028538069,9.818778390595174e-08,True,0.04096139099172289,0.4270833333,0.88,-2.9738469122834175e-18,-0.02487260996763983,4.817918888225363e-09,True,False,6,0.8541666666,1080,0.0005669665475676512,0.07559553967568683,0.0005669665475676512,0.0005669665475676512,0.0,3.2738397107391752,0.9951279436421459,-2.0313084692924217e-06,-2.0313084692924217e-06,0.4999898530931301,0.5641172230117072,0.0,0.42966346558884955,0.5641172230117072,True,0.023090788295991038,0.023127822086450797,success,0.9999797061862603,0.9999797061862603,0.5,2.7002129686802972e-15,0.0075,"[0.005, 0.0075, 0.01, 0.015, 0.02, 0.03, 0.05, 0.08]",0.04084937904933555,0.00018465844585800048,False,2.230385184212563e-20,5.8680972501902915e-05,True,success,-3.21897651744182e-17,5.824337255287114e-17,0.00018415348372907857,-4.368252941465335e-19,0.0
0.5634280258830586,9.325832749269847e-19,0.0001846924669240516,0.023063531963521823,2.2419903322637262e-20,7.525621310416368e-06,arith,0.01846924669240516,1.735674076381489e-07,True,0.04093430021940147,0.4270833333,0.88,-1.6551950419316652e-16,-0.024832169000303522,4.817918888225363e-09,True,False,6,0.8541666666,1080,0.0007525621310416369,0.07525621310416368,0.0007525621310416369,0.0007525621310416369,0.0,3.2629960243379825,0.9918318582185004,-2.0313084692924217e-06,-2.0313084692924217e-06,0.49998985309313015,0.5641172230117072,0.0,0.42966346558884955,0.5641172230117072,True,0.023063531963521823,0.023127822086450797,success,0.9999797061862603,0.9999797061862603,0.5,2.7002129686802972e-15,0.01,"[0.005, 0.0075, 0.01, 0.015, 0.02, 0.03, 0.05, 0.08]",0.04074676913331295,0.0003278013489559448,False,1.6551950419316653e-18,0.00010406091203449048,True,success,5.381454182189045e-17,-9.720932317780924e-17,0.0003262996024337982,9.720932317780924e-19,0.0
0.5626546695729429,9.21571847713217e-19,0.0004135525961137511,0.022991866455026037,2.710505434413514e-20,1.674868035573895e-05,arith,0.027570173074250075,3.8508342203706794e-07,True,0.040863193177578985,0.4270833333,0.88,-1.0919330542037964e-16,-0.024717025273201288,4.817918888225363e-09,True,False,6,0.8541666666,1080,0.0011165786903825968,0.0744385793588398,0.0011165786903825968,0.0011165786903825968,0.0,3.2376048940805964,0.9841138801034149,-2.0313084692924217e-06,-2.0313084692924217e-06,0.4999898530931301,0.5641172230117072,0.0,0.42966346558884955,0.5641172230117072,True,0.022991866455026037,0.023127822086450797,success,0.9999797061862603,0.9999797061862603,0.5,2.7002129686802972e-15,0.015,"[0.005, 0.0075, 0.01, 0.015, 0.02, 0.03, 0.05, 0.08]",0.040499516900945984,0.0007350025130470155,False,1.6378995813056945e-18,0.0002326872993174153,True,success,4.36790185213216e-17,-7.859316800038782e-17,0.0007284611011681341,1.1788975200058172e-18,0.0
0.5616968749907921,1.4140265116807835e-18,0.000731278428841379,0.022903674645124956,-1.0033554191270525e-20,2.9419407921120453e-05,arith,0.03656392144206895,6.738125472775548e-07,True,0.04077586268483408,0.4270833333,0.88,-1.258709612461315e-16,-0.02455664674098193,4.817918888225363e-09,True,False,6,0.8541666666,1080,0.0014709703960560227,0.07354851980280114,0.0014709703960560229,0.0014709703960560227,0.0,3.2112104691661747,0.9760909369817509,-2.0313084692924217e-06,-2.0313084692924217e-06,0.4999898530931301,0.5641172230117072,0.0,0.42966346558884955,0.5641172230117072,True,0.022903674645124956,0.023127822086450797,success,0.9999797061862603,0.9999797061862603,0.5,2.7002129686802972e-15,0.02,"[0.005, 0.0075, 0.01, 0.015, 0.02, 0.03, 0.05, 0.08]",0.040230104924237814,0.0013019093774615834,False,2.5174192249226303e-18,0.00041075680822837894,True,success,-1.2223209451792832e-17,2.1903808770279938e-17,0.00128448418766647,-4.3807617540559875e-19,1.4741318729356832e-16
0.559489471423142,-8.970834276284146e-20,0.0016282138411775659,0.022702392887491343,1.9710916727962285e-21,6.466460472778147e-05,arith,0.054273794705918865,1.4680412624444252e-06,True,0.040576979634209275,0.4270833333,0.88,5.344654805547123e-18,-0.024102181869182678,4.817918888225363e-09,True,False,6,0.8541666666,1080,0.0021554868242593824,0.07184956080864609,0.0021554868242593824,0.0021554868242593824,0.0,3.164845272686389,0.9619976072203266,-2.0313084692924217e-06,-2.0313084692924217e-06,0.49998985309313015,0.5641172230117072,0.0,0.42966346558884955,0.5641172230117072,True,0.022702392887491343,0.023127822086450797,success,0.9999797061862603,0.9999797061862603,0.5,2.7002129686802972e-15,0.03,"[0.005, 0.0075, 0.01, 0.015, 0.02, 0.03, 0.05, 0.08]",0.039715056519243425,0.0029101778037680845,False,-1.6033964416641368e-19,0.00091096850136428,True,success,1.6268132161412631e-18,-2.894102665101687e-18,0.0028483607454177504,8.682307995305061e-20,0.0
0.5549196090972542,2.5358103344418006e-18,0.004446813772885675,0.022293398557093197,9.05257597629471e-20,0.00017311795521916142,arith,0.08893627545771349,3.859387573089778e-06,True,0.04017410484621403,0.4270833333,0.88,-9.139379084358069e-17,-0.02266874277367016,4.817918888225363e-09,True,False,6,0.8541666666,1080,0.003462359104383228,0.06924718208766456,0.003462359104383228,0.003462359104383228,0.0,3.106174319286633,0.9441637758886634,-2.0313084692924217e-06,-2.0313084692924217e-06,0.4999898530931301,0.5641172230117072,0.0,0.42966346558884955,0.5641172230117072,True,0.022293398557093197,0.023127822086450797,success,0.9999797061862603,0.9999797061862603,0.5,2.7002129686802972e-15,0.05,"[0.005, 0.0075, 0.01, 0.015, 0.02, 0.03, 0.05, 0.08]",0.03893078596516531,0.00801343780249498,False,4.5696895421790346e-18,0.0024676241605780047,True,success,4.6080054215329146e-17,-8.121306361711646e-17,0.0077654357982165825,4.060653180855823e-18,0.0
0.5489422515426062,-2.488044335382263e-19,0.011167100415249341,0.021776441089727712,1.5838748047887366e-20,0.0004265375078614765,arith,0.13958875519061675,9.288468912504715e-06,True,0.03966982142207636,0.4270833333,0.88,5.6655420683835646e-18,-0.01923657574987308,4.817918888225363e-09,True,False,6,0.8541666666,1080,0.005331718848268456,0.0666464856033557,0.005331718848268456,0.005331718848268456,0.0,3.0604856564369416,0.9302760876917641,-2.0313084692924217e-06,-2.0313084692924217e-06,0.4999898530931301,0.5641172230117072,0.0,0.42966346558884955,0.5641172230117072,True,0.021776441089727712,0.023127822086450797,success,0.9999797061862603,0.9999797061862603,0.5,2.7002129686802972e-15,0.08,"[0.005, 0.0075, 0.01, 0.015, 0.02, 0.03, 0.05, 0.08]",0.03819590511418829,0.02034294205605087,False,-4.532433654706852e-19,0.006130093245149347,True,success,5.196952943320003e-18,-9.0916761734765e-18,0.019587108201196426,7.2733409387812e-19,0.0
0.6048560032906265,-2.4520466449669734e-19,4.958162444161611e-05,0.008261333953482587,-2.311155960067014e-21,6.764722884553781e-07,typ,0.009916324888323223,5.588563485206482e-09,True,0.013658348282133375,0.4270833333,0.88,8.107869084962335e-17,-0.010163657950545905,4.718755136690436e-09,True,False,7,0.8541666666,650,0.00013529445769107563,0.027058891538215123,0.00013529445769107563,0.00013529445769107563,0.0,3.275365902235241,0.9955918502286846,-0.0009739140517287063,-0.0009739140517287063,0.4999890551384254,0.6055211269897361,0.0,0.35406723660483935,0.35406723660483935,True,0.008261333953482587,0.008273015019169582,success,0.9999781102768492,0.34282295048005396,0.5,4.193691107672939e-15,0.005,"[0.005, 0.0075, 0.01, 0.015, 0.02, 0.03, 0.05, 0.08]",0.013643608818261795,8.197260864052746e-05,False,-4.0539345424811676e-19,2.998974319641276e-05,True,success,-3.091570530550666e-17,5.595115687322481e-17,8.188414755588102e-05,-2.797557843661241e-19,0.0
0.6040820945206765,-3.136668882801081e-20,0.00011102631960292529,0.00824723159728146,1.8628107394694183e-21,1.5117420107208424e-06,typ,0.014803509280390039,1.2467686477754738e-08,True,0.013652501327365818,0.4270833333,0.88,6.9232728713579824e-18,-0.010132745302443237,4.718755136690436e-09,True,False,7,0.8541666666,650,0.00020156560142944567,0.02687541352392609,0.00020156560142944567,0.00020156560142944567,0.0,3.2587193904903864,0.9905319174081704,-0.0009739140517287063,-0.0009739140517287063,0.4999890551384254,0.6055211269897361,0.0,0.35406723660483935,0.35406723660483935,True,0.00824723159728146,0.008273015019169582,success,0.9999781102768492,0.34282295048005396,0.5,4.193691107672939e-15,0.0075,"[0.005, 0.0075, 0.01, 0.015, 0.02, 0.03, 0.05, 0.08]",0.013616068839599827,0.00018379342908851122,False,-5.1924546535184865e-20,6.706901169265716e-05,True,success,1.66830632660411e-17,-3.011613804376017e-17,0.0001833029657150842,2.2587103532820127e-19,0.0
0.6030863828032302,6.2341624917916505e-19,0.00019626348116707774,0.008228311622269524,-1.402898318889935e-21,2.664019266548217e-06,typ,0.019626348116707774,2.192038069288863e-08,True,0.01364367005605926,0.4270833333,0.88,-1.0337097088503951e-16,-0.01008969429207469,4.718755136690436e-09,True,False,7,0.8541666666,650,0.0002664019266548217,0.02664019266548217,0.0002664019266548217,0.0002664019266548217,0.0,3.2376256379719246,0.9841201854902831,-0.0009739140517287063,-0.0009739140517287063,0.49998905513842534,0.6055211269897361,0.0,0.35406723660483935,0.35406723660483935,True,0.008228311622269524,0.008273015019169582,success,0.9999781102768492,0.34282295048005396,0.5,4.193691107672939e-15,0.01,"[0.005, 0.0075, 0.01, 0.015, 0.02, 0.03, 0.05, 0.08]",0.013573688037665836,0.00032543179014392186,False,1.0337097088503951e-18,0.00011836383293342281,True,success,-9.475500277109759e-18,1.704964983451841e-17,0.0003237625637971925,-1.7049649834518408e-19,0.0
0.6006542587724197,-5.692061405521119e-19,0.000436261955730053,0.008178564020505746,-4.2351647362714246e-22,5.8653266152746005e-06,typ,0.029084130382003536,4.7969949224199595e-08,True,0.013616092620770877,0.4270833333,0.88,6.317623738215286e-17,-0.009967819629266295,4.718755136690436e-09,True,False,7,0.8541666666,650,0.00039102177435164007,0.02606811829010934,0.00039102177435164007,0.00039102177435164007,0.0,3.187371062297723,0.9688446262180225,-0.0009739140517287063,-0.0009739140517287063,0.4999890551384254,0.6055211269897361,0.0,0.35406723660483935,0.35406723660483935,True,0.008178564020505746,0.008273015019169582,success,0.9999781102768492,0.34282295048005396,0.5,4.193691107672939e-15,0.015,"[0.005, 0.0075, 0.01, 0.015, 0.02, 0.03, 0.05, 0.08]",0.01344450630690315,0.0007263112670201629,False,-9.476435607322928e-19,0.00026204260164964117,True,success,-1.9336847780201996e-18,3.452248035761768e-18,0.0007171584890169877,-5.1783720536426523e-20,0.0
0.5979299980285937,-6.505106406209654e-19,0.0007667163161422756,0.00811698507857258,1.439956013381854e-20,1.0171186566985942e-05,typ,0.03833581580711378,8.255936959560275e-08,True,0.013575142751383442,0.4270833333,0.88,5.4396889499250146e-17,-0.009799196858091178,4.718755136690436e-09,True,False,7,0.8541666666,650,0.0005085593283492971,0.025427966417464854,0.0005085593283492971,0.0005085593283492971,0.0,3.1326861108307615,0.9522223941878535,-0.0009739140517287063,-0.0009739140517287063,0.4999890551384254,0.6055211269897361,0.0,0.35406723660483935,0.35406723660483935,True,0.00811698507857258,0.008273015019169582,success,0.9999781102768492,0.34282295048005396,0.5,4.193691107672939e-15,0.02,"[0.005, 0.0075, 0.01, 0.015, 0.02, 0.03, 0.05, 0.08]",0.013265905984839543,0.0012822844123395367,False,-1.087937789985003e-18,0.0004584426853994415,True,success,5.0114804645650115e-17,-8.870017620108025e-17,0.0012530744443323045,1.7740035240216048e-18,0.0
0.5924392580064749,9.108393696257655e-19,0.0016934603806379837,0.007973380711672763,2.0443589379016308e-20,2.17071904062504e-05,typ,0.05644867935459946,1.7307969328980497e-07,True,0.013458562382416628,0.4270833333,0.88,-5.1247975063338944e-17,-0.009324946926137714,4.718755136690436e-09,True,False,7,0.8541666666,650,0.00072357301354168,0.024119100451389333,0.00072357301354168,0.00072357301354168,0.0,3.0249528178279226,0.9194753998936502,-0.0009739140517287063,-0.0009739140517287063,0.4999890551384253,0.6055211269897361,0.0,0.35406723660483935,0.35406723660483935,True,0.007973380711672763,0.008273015019169582,success,0.9999781102768492,0.34282295048005396,0.5,4.193691107672939e-15,0.03,"[0.005, 0.0075, 0.01, 0.015, 0.02, 0.03, 0.05, 0.08]",0.012818245206346408,0.002858454023348121,False,1.5374392519001682e-18,0.0010032724113685297,True,success,4.913987991683008e-17,-8.546600293435371e-17,0.0027224575360451303,2.5639800880306113e-18,0.0
0.583170274578413,5.913017810341593e-19,0.004601912505925612,0.0076602356956118325,-4.714215120018763e-21,5.420612176929665e-05,typ,0.09203825011851223,4.152316688978478e-07,True,0.0131355043793163,0.4270833333,0.88,-2.0278872460076082e-17,-0.007839375615910327,4.718755136690436e-09,True,False,7,0.8541666666,650,0.001084122435385933,0.021682448707718658,0.001084122435385933,0.001084122435385933,0.0,2.8305197867657585,0.8603748453544925,-0.0009739140517287063,-0.0009739140517287063,0.4999890551384254,0.6055211269897361,0.0,0.35406723660483935,0.35406723660483935,True,0.0076602356956118325,0.008273015019169582,success,0.9999781102768492,0.34282295048005396,0.5,4.193691107672939e-15,0.05,"[0.005, 0.0075, 0.01, 0.015, 0.02, 0.03, 0.05, 0.08]",0.011779042235048715,0.007891198688500436,False,1.0139436230038042e-18,0.0026836985796664715,True,success,-7.315839381391305e-18,1.2308276944322488e-17,0.007076299466914397,-6.154138472161245e-19,0.0
0.5737452223345065,2.669022323066998e-18,0.011608834118349806,0.007195450488156226,2.356323123029195e-20,0.00011636423149527423,typ,0.14511042647937256,8.37293066316595e-07,True,0.01254119460703956,0.4270833333,0.88,-5.81491187021793e-17,-0.004281443192030764,4.718755136690436e-09,True,False,7,0.8541666666,650,0.001454552893690928,0.0181819111711366,0.001454552893690928,0.001454552893690928,0.0,2.526862105585214,0.7680739783165913,-0.0009739140517287063,-0.0009739140517287063,0.49998905513842534,0.6055211269897361,0.0,0.35406723660483935,0.35406723660483935,True,0.007195450488156226,0.008273015019169582,success,0.9999781102768492,0.34282295048005396,0.5,4.193691107672939e-15,0.08,"[0.005, 0.0075, 0.01, 0.015, 0.02, 0.03, 0.05, 0.08]",0.01002376554862991,0.020233430565425415,False,4.6519294961743444e-18,0.006660513112277015,True,success,2.5751118518482105e-17,-4.093425295100917e-17,0.01617191747574537,3.274740236080734e-18,0.0
0.5453447337180327,-1.458107971886904e-19,4.483844551129467e-05,0.021371776356431085,1.375411204070026e-20,1.7565078169637414e-06,arith,0.008967689102258935,3.753969223247207e-08,True,0.03918947967228604,0.4270833333,0.86,5.347472458185724e-17,-0.024361016337835308,4.865136038294691e-09,True,False,8,0.8541666666,1094,0.0003513015633927483,0.07026031267854965,0.0003513015633927483,0.0003513015633927483,0.0,3.287527976466368,0.9992886774986159,-2.0045365657651024e-06,-2.0045365657651024e-06,0.49998985507974575,0.545401097634751,0.0,0.4127663449293633,0.545401097634751,True,0.021371776356431085,0.02137669043345821,success,0.9999797101594914,0.9999797101594914,0.5,2.7591080278215858e-15,0.005,"[0.005, 0.0075, 0.01, 0.015, 0.02, 0.03, 0.05, 0.08]",0.03917414613584858,8.222036950021806e-05,False,-2.6737362290928623e-19,2.445241012768751e-05,True,success,7.098836994500244e-17,-1.2871285766156204e-16,8.21881994116592e-05,6.435642883078103e-19,0.0
0.5452772474960409,-7.575386224209632e-19,0.00010083777987178458,0.021365903341573775,3.157431116176162e-20,3.947916150241276e-06,arith,0.013445037316237946,8.435079486669314e-08,True,0.03918355926216948,0.4270833333,0.86,1.8523631807480064e-16,-0.024332999184483336,4.865136038294691e-09,True,False,8,0.8541666666,1094,0.0005263888200321701,0.07018517600428935,0.0005263888200321701,0.0005263888200321701,0.0,3.2849149826360504,0.9984944226154022,-2.0045365657651024e-06,-2.0045365657651024e-06,0.49998985507974575,0.545401097634751,0.0,0.4127663449293633,0.545401097634751,True,0.021365903341573775,0.02137669043345821,success,0.9999797101594914,0.9999797101594914,0.5,2.7591080278215858e-15,0.0075,"[0.005, 0.0075, 0.01, 0.015, 0.02, 0.03, 0.05, 0.08]",0.03915116095635047,0.00018492937369904975,False,-1.3892723855610048e-18,5.498454705209837e-05,True,success,1.0871495610891052e-16,-1.9703862212602591e-16,0.00018477646777327784,1.4777896659451944e-18,0.0
0.5451875435699962,2.744386749103933e-19,0.00017915807802038543,0.02135811419893198,1.7946510569950488e-20,7.009100446211619e-06,arith,0.017915807802038542,1.4970116776197286e-07,True,0.0391757193480152,0.4270833333,0.86,-5.033839788659044e-17,-0.024293796652835837,4.865136038294691e-09,True,False,8,0.8541666666,1094,0.0007009100446211619,0.07009100446211619,0.0007009100446211619,0.0007009100446211619,0.0,3.2817037969401395,0.997518339208587,-2.0045365657651024e-06,-2.0045365657651024e-06,0.49998985507974575,0.545401097634751,0.0,0.4127663449293633,0.545401097634751,True,0.02135811419893198,0.02137669043345821,success,0.9999797101594914,0.9999797101594914,0.5,2.7591080278215858e-15,0.01,"[0.005, 0.0075, 0.01, 0.015, 0.02, 0.03, 0.05, 0.08]",0.03912243602777482,0.000328617335691903,False,5.033839788659044e-19,9.767475246665566e-05,True,success,4.638391744086979e-17,-8.402666266691237e-17,0.000328170379694014,8.402666266691237e-19,0.0
0.5449554514237178,9.622294291682764e-19,0.00040252532046506994,0.021338049519973406,-2.2022856597066638e-20,1.5720848024071214e-05,arith,0.026835021364337998,3.3545223363360765e-07,True,0.03915558503768868,0.4270833333,0.86,-1.1771352767208325e-16,-0.024181906896154248,4.865136038294691e-09,True,False,8,0.8541666666,1094,0.001048056534938081,0.06987043566253873,0.001048056534938081,0.001048056534938081,0.0,3.2744527843154905,0.9953142956633821,-2.0045365657651024e-06,-2.0045365657651024e-06,0.49998985507974575,0.545401097634751,0.0,0.4127663449293633,0.545401097634751,True,0.021338049519973406,0.02137669043345821,success,0.9999797101594914,0.9999797101594914,0.5,2.7591080278215858e-15,0.015,"[0.005, 0.0075, 0.01, 0.015, 0.02, 0.03, 0.05, 0.08]",0.03905555060712119,0.0007386389463826015,False,1.765702915081249e-18,0.00021935836772351888,True,success,-3.802404426545947e-17,6.88062157897866e-17,0.0007367518764709853,-1.032093236846799e-18,0.0
0.5446741774934661,6.550178133339826e-19,0.00071448418409293,0.021313900207391774,-4.3917251116601706e-20,2.7854181404415396e-05,arith,0.035724209204646494,5.936812428122974e-07,True,0.03913146811085505,0.4270833333,0.86,-6.012932505340224e-17,-0.02402549663940573,4.865136038294691e-09,True,False,8,0.8541666666,1094,0.0013927090702207697,0.06963545351103849,0.0013927090702207695,0.0013927090702207697,0.0,3.2671380100995564,0.9930908709184775,-2.0045365657651024e-06,-2.0045365657651024e-06,0.4999898550797457,0.545401097634751,0.0,0.4127663449293633,0.545401097634751,True,0.021313900207391774,0.02137669043345821,success,0.9999797101594914,0.9999797101594914,0.5,2.7591080278215858e-15,0.02,"[0.005, 0.0075, 0.01, 0.015, 0.02, 0.03, 0.05, 0.08]",0.03898502167655053,0.0013117643788088354,False,1.2025865010680448e-18,0.0003891610853029069,True,success,-5.699785142248719e-17,1.0302490555288179e-16,0.0013068552040398226,-2.060498111057636e-18,1.5569686385594352e-16
0.5440367009605251,1.6678167782719806e-18,0.001602634500951711,0.021259866383221873,6.057497677548136e-20,6.226721610781905e-05,arith,0.0534211500317237,1.3237926945074338e-06,True,0.03907800033653331,0.4270833333,0.86,-1.0218776143394758e-16,-0.023579684772952712,4.865136038294691e-09,True,False,8,0.8541666666,1094,0.002075573870260635,0.0691857956753545,0.002075573870260635,0.002075573870260635,0.0,3.2542911807740906,0.9891859030585556,-2.0045365657651024e-06,-2.0045365657651024e-06,0.4999898550797457,0.545401097634751,0.0,0.4127663449293633,0.545401097634751,True,0.021259866383221873,0.02137669043345821,success,0.9999797101594914,0.9999797101594914,0.5,2.7591080278215858e-15,0.03,"[0.005, 0.0075, 0.01, 0.015, 0.02, 0.03, 0.05, 0.08]",0.038853036092036074,0.0029458205634329015,False,3.0656328430184272e-18,0.0008718919867432864,True,success,5.264816832079735e-17,-9.497547426307232e-17,0.0029288620626966816,2.8492642278921693e-18,0.0
0.5426974200364845,1.958299475152452e-18,0.004426518076759978,0.021149958096019713,1.512033670407542e-20,0.00017106200851145934,arith,0.08853036153519955,3.6179543118383325e-06,True,0.038971915684798804,0.4270833333,0.86,-7.216910944668945e-17,-0.022159547581970217,4.865136038294691e-09,True,False,8,0.8541666666,1094,0.0034212401702291865,0.06842480340458372,0.0034212401702291874,0.0034212401702291865,0.0,3.2352217008628887,0.9833894762304153,-2.0045365657651024e-06,-2.0045365657651024e-06,0.4999898550797458,0.545401097634751,0.0,0.4127663449293633,0.545401097634751,True,0.021149958096019713,0.02137669043345821,success,0.9999797101594914,0.9999797101594914,0.5,2.7591080278215858e-15,0.05,"[0.005, 0.0075, 0.01, 0.015, 0.02, 0.03, 0.05, 0.08]",0.03864482320981945,0.008156512106621756,False,3.608455472334472e-18,0.002402259940002501,True,success,7.949318962105284e-18,-1.4298219065427814e-17,0.008088054252157225,7.149109532713907e-19,2.5352261017392983e-16
0.5407188058935173,-3.011065616978154e-18,0.011219597172264496,0.020998667475775126,1.1673564938997144e-19,0.000430664167848684,arith,0.1402449646533062,9.04337365438592e-06,True,0.038834727490336916,0.4270833333,0.86,6.96079363284416e-17,-0.018723984246884113,4.865136038294691e-09,True,False,8,0.8541666666,1094,0.0053833020981085495,0.06729127622635686,0.0053833020981085495,0.0053833020981085495,0.0,3.204549826982435,0.9740663445321271,-2.0045365657651024e-06,-2.0045365657651024e-06,0.4999898550797457,0.545401097634751,0.0,0.4127663449293633,0.545401097634751,True,0.020998667475775126,0.02137669043345821,success,0.9999797101594914,0.9999797101594914,0.5,2.7591080278215858e-15,0.08,"[0.005, 0.0075, 0.01, 0.015, 0.02, 0.03, 0.05, 0.08]",0.038384993795794305,0.02074941180143446,False,-5.5686349062753284e-18,0.006066647185593141,True,success,3.881845676104135e-17,-6.94899149699869e-17,0.020509118892687587,5.559193197598952e-18,0.0
0.5710135895883164,8.804593158075682e-20,4.690121468829023e-05,0.006721126063903724,-6.90833136388159e-23,5.518713057644977e-07,typ,0.009380242937658045,3.709196617094347e-09,True,0.011770518576886154,0.4270833333,0.86,-3.0838471513168463e-17,-0.009964620335782404,4.711520973284076e-09,True,False,9,0.8541666666,658,0.00011037426115289954,0.02207485223057991,0.00011037426115289954,0.00011037426115289954,0.0,3.284397885219627,0.998337243848531,-0.0008942095010992835,-0.0008942095010992835,0.4999890216270571,0.5712749020446122,0.0,0.3208474543460859,0.3208474543460859,True,0.006721126063903724,0.006724783873071342,success,0.9999780432541152,0.3557087113458043,0.5,4.643275257160264e-15,0.005,"[0.005, 0.0075, 0.01, 0.015, 0.02, 0.03, 0.05, 0.08]",0.011766674049537629,8.213677492702861e-05,False,1.5419235756584233e-19,2.678123095521287e-05,True,success,-1.1343138456152937e-18,2.0557065283995385e-18,8.210994713049068e-05,-1.0278532641997692e-20,0.0
0.5707232245339138,5.69894354824534e-20,0.00010534109666228235,0.006716822007372852,8.071214826986168e-22,1.2386788714237932e-06,typ,0.01404547955497098,8.319985503647102e-09,True,0.011768965618769422,0.4270833333,0.86,-1.3313969137782874e-17,-0.009935333997646055,4.711520973284076e-09,True,False,9,0.8541666666,658,0.00016515718285650577,0.02202095771420077,0.00016515718285650577,0.00016515718285650577,0.0,3.2784786748895582,0.9965380196579193,-0.0008942095010992835,-0.0008942095010992835,0.4999890216270572,0.5712749020446122,0.0,0.3208474543460859,0.3208474543460859,True,0.006716822007372852,0.006724783873071342,success,0.9999780432541152,0.3557087113458043,0.5,4.643275257160264e-15,0.0075,"[0.005, 0.0075, 0.01, 0.015, 0.02, 0.03, 0.05, 0.08]",0.01175874289020294,0.0001845747503061753,False,9.985476853337155e-20,6.012061036303649e-05,True,success,8.84866232068475e-18,-1.6021892135152883e-17,0.00018441442546253764,1.2016419101364663e-19,0.0
0.5703654105326768,-6.098637220230962e-19,0.00018690814003470237,0.0067111930639372165,3.0374072092947176e-21,2.1954683953783635e-06,typ,0.018690814003470238,1.4734212267156643e-08,True,0.01176647976894231,0.4270833333,0.86,1.0692508885725225e-16,-0.009894409597982427,4.711520973284076e-09,True,False,9,0.8541666666,658,0.00021954683953783635,0.021954683953783635,0.00021954683953783635,0.00021954683953783635,0.0,3.2713533561950023,0.9943721824860355,-0.0008942095010992835,-0.0008942095010992835,0.49998902162705716,0.5712749020446122,0.0,0.3208474543460859,0.3208474543460859,True,0.0067111930639372165,0.006724783873071342,success,0.9999780432541152,0.3557087113458043,0.5,4.643275257160264e-15,0.01,"[0.005, 0.0075, 0.01, 0.015, 0.02, 0.03, 0.05, 0.08]",0.011746242806604041,0.00032769893928200305,False,-1.0692508885725226e-18,0.00010660593802279205,True,success,2.5023010509516573e-17,-4.525882626766186e-17,0.0003271353356195002,4.525882626766186e-19,0.0
0.5695427696271792,-8.131516293619588e-19,0.00041894297616693705,0.006696938407553722,-6.98802181484797e-21,4.905302421769035e-06,typ,0.02792953174446247,3.285050818901134e-08,True,0.0117584468887868,0.4270833333,0.86,9.51818046248157e-17,-0.009777832824805465,4.711520973284076e-09,True,False,9,0.8541666666,658,0.00032702016145126904,0.02180134409675127,0.00032702016145126904,0.00032702016145126904,0.0,3.2554195320298507,0.9895288807129494,-0.0008942095010992835,-0.0008942095010992835,0.49998902162705716,0.5712749020446122,0.0,0.3208474543460859,0.3208474543460859,True,0.006696938407553722,0.006724783873071342,success,0.9999780432541152,0.3557087113458043,0.5,4.643275257160264e-15,0.015,"[0.005, 0.0075, 0.01, 0.015, 0.02, 0.03, 0.05, 0.08]",0.011708759188778976,0.0007355777274482402,False,-1.4277270693722354e-18,0.00023860594296197066,True,success,-3.855522180113275e-17,6.956434308316096e-17,0.0007324693947067163,-1.0434651462474143e-18,0.0
0.5686793074250424,6.505297406171585e-19,0.0007423311921209677,0.006679982176208647,-3.388131760264176e-21,8.654394101793585e-06,typ,0.037116559606048385,5.7811198345866393e-08,True,0.011746483631443079,0.4270833333,0.86,-5.719653696938014e-17,-0.009615200157426017,4.711520973284076e-09,True,False,9,0.8541666666,658,0.00043271970508967927,0.02163598525448396,0.00043271970508967927,0.00043271970508967927,0.0,3.2389285904897256,0.9845162355642831,-0.0008942095010992835,-0.0008942095010992835,0.4999890216270572,0.5712749020446122,0.0,0.3208474543460859,0.3208474543460859,True,0.006679982176208647,0.006724783873071342,success,0.9999780432541152,0.3557087113458043,0.5,4.643275257160264e-15,0.02,"[0.005, 0.0075, 0.01, 0.015, 0.02, 0.03, 0.05, 0.08]",0.011658400177239616,0.001305359949673946,False,1.1439307393876027e-18,0.000422148388215358,True,success,-1.409140526482038e-17,2.5360335333912337e-17,0.0012955714361958903,-5.072067066782468e-19,0.0
0.567051626306614,3.628594799063557e-19,0.0016619815812521576,0.00664178576729212,-1.344387123032508e-20,1.9164288400513962e-05,typ,0.05539938604173859,1.272850979388151e-07,True,0.01171284140485085,0.4270833333,0.86,-2.1330184829305806e-17,-0.009152544593304312,4.711520973284076e-09,True,False,9,0.8541666666,658,0.0006388096133504654,0.021293653778348846,0.0006388096133504654,0.0006388096133504654,0.0,3.2060133410521527,0.9745111994655902,-0.0008942095010992835,-0.0008942095010992835,0.49998902162705716,0.5712749020446122,0.0,0.3208474543460859,0.3208474543460859,True,0.00664178576729212,0.006724783873071342,success,0.9999780432541152,0.3557087113458043,0.5,4.643275257160264e-15,0.03,"[0.005, 0.0075, 0.01, 0.015, 0.02, 0.03, 0.05, 0.08]",0.011530987236378005,0.0029309175816621276,False,6.399055448791741e-19,0.0009424293585406739,True,success,-3.768214040866102e-17,6.747116765157871e-17,0.0028854120069469373,-2.0241350295473616e-18,0.0
0.5644819993455198,-3.672514113354257e-18,0.004590330314418859,0.006557110494573983,1.0720287946239754e-20,5.122393376439585e-05,typ,0.09180660628837718,3.358809936598826e-07,True,0.011616155169122358,0.4270833333,0.86,1.301197954093239e-16,-0.00768028161236964,4.711520973284076e-09,True,False,9,0.8541666666,658,0.0010244786752879168,0.020489573505758335,0.0010244786752879168,0.0010244786752879168,0.0,3.124786980898596,0.9498213466044386,-0.0008942095010992835,-0.0008942095010992835,0.4999890216270571,0.5712749020446122,0.0,0.3208474543460859,0.3208474543460859,True,0.006557110494573983,0.006724783873071342,success,0.9999780432541152,0.3557087113458043,0.5,4.643275257160264e-15,0.05,"[0.005, 0.0075, 0.01, 0.015, 0.02, 0.03, 0.05, 0.08]",0.011159095371305725,0.008131933914174497,False,-6.505989770466195e-18,0.002591158833539506,True,success,1.8497529813698787e-17,-3.269820740434618e-17,0.0078119674522464915,1.634910370217309e-18,0.0
0.561940692623993,-5.595957834953504e-18,0.011697824007457383,0.006401141247039622,5.194727396560692e-20,0.00011842866587516638,typ,0.14622280009321728,7.580786179654013e-07,True,0.011391133141024844,0.4270833333,0.86,1.2447839043349642e-16,-0.004108773295989774,4.711520973284076e-09,True,False,9,0.8541666666,658,0.0014803583234395798,0.018504479042994747,0.0014803583234395798,0.0014803583234395798,0.0,2.8908093617763293,0.8787006786585861,-0.0008942095010992835,-0.0008942095010992835,0.4999890216270571,0.5712749020446122,0.0,0.3208474543460859,0.3208474543460859,True,0.006401141247039622,0.006724783873071342,success,0.9999780432541152,0.3557087113458043,0.5,4.643275257160264e-15,0.08,"[0.005, 0.0075, 0.01, 0.015, 0.02, 0.03, 0.05, 0.08]",0.010123991077286502,0.020816830247395262,False,-9.958271234679714e-18,0.0065734833249441755,True,success,5.96630757569361e-17,-1.0144143044342154e-16,0.018501179915368506,8.115314435473723e-18,0.0
0.523557234493332,6.234791149057191e-20,4.310301692382625e-05,0.019456228936328743,4.888017034728979e-21,1.603810669313188e-06,arith,0.00862060338476525,3.120410755268402e-08,True,0.037161608425022225,0.4270833333,0.84,-2.3817037520609778e-17,-0.023857260506738698,4.83041895466032e-09,True,False,10,0.8541666666,1110,0.0003207621338626376,0.06415242677252751,0.0003207621338626376,0.0003207621338626376,0.0,3.297269320918704,1.0022496911491512,-1.9784077999677313e-06,-1.9784077999677313e-06,0.49998985703643606,0.5233879653042585,0.0,0.39369348006272675,0.5233879653042585,True,0.019456228936328743,0.019441802557297164,success,0.999979714072872,0.999979714072872,0.5,2.9748562182644096e-15,0.005,"[0.005, 0.0075, 0.01, 0.015, 0.02, 0.03, 0.05, 0.08]",0.03720877988999054,8.232723011752253e-05,False,1.190851876030489e-19,2.256689633895776e-05,True,success,2.7671125730519898e-17,-5.024629439471752e-17,8.243173302296761e-05,2.512314719735876e-19,0.0
0.5237541152894044,-2.285665468606526e-19,9.711767194879592e-05,0.019473049211214406,6.044208735924973e-21,3.6202292518424547e-06,arith,0.012949022926506123,7.049690237700603e-08,True,0.037179754092155286,0.4270833333,0.84,5.818673055118785e-17,-0.023830301779691976,4.83041895466032e-09,True,False,10,0.8541666666,1110,0.00048269723357899396,0.06435963114386586,0.0004826972335789939,0.00048269723357899396,0.0,3.305061803407838,1.0046183217970848,-1.9784077999677313e-06,-1.9784077999677313e-06,0.49998985703643606,0.5233879653042585,0.0,0.39369348006272675,0.5233879653042585,True,0.019473049211214406,0.019441802557297164,success,0.999979714072872,0.999979714072872,0.5,2.9748562182644096e-15,0.0075,"[0.005, 0.0075, 0.01, 0.015, 0.02, 0.03, 0.05, 0.08]",0.03727673016864712,0.000185426078981991,False,-4.364004791339088e-19,5.086578035050821e-05,True,success,2.2764307160177236e-17,-4.1385121014289856e-17,0.00018590972644169087,3.1038840760717387e-19,1.1230664866738598e-16
0.5240080831583436,-7.979050363135509e-19,0.0001729419174747026,0.019494803942826842,2.5119820842010344e-20,6.460818277722278e-06,arith,0.01729419174747026,1.25952385634428e-07,True,0.03720325042569228,0.4270833333,0.84,1.52269604603111e-16,-0.02379250137254735,4.83041895466032e-09,True,False,10,0.8541666666,1110,0.0006460818277722278,0.06460818277722277,0.0006460818277722278,0.0006460818277722278,0.0,3.314123238515333,1.0073726677888537,-1.9784077999677313e-06,-1.9784077999677313e-06,0.499989857036436,0.5233879653042585,0.0,0.39369348006272675,0.5233879653042585,True,0.019494803942826842,0.019441802557297164,success,0.999979714072872,0.999979714072872,0.5,2.9748562182644096e-15,0.01,"[0.005, 0.0075, 0.01, 0.015, 0.02, 0.03, 0.05, 0.08]",0.03735831296462493,0.00033003673613646035,False,-1.52269604603111e-18,9.062296267364736e-05,True,success,7.07804531485774e-17,-1.288539290555586e-16,0.0003314123238515333,1.2885392905555863e-18,0.0
0.5246342416049457,1.6263032694388314e-19,0.000390533264094642,0.019548685742402948,1.22819777661147e-20,1.465982890412486e-05,arith,0.026035550939642802,2.8658038828413227e-07,True,0.03726155136691075,0.4270833333,0.84,-2.0665867639693668e-17,-0.023684204439990347,4.83041895466032e-09,True,False,10,0.8541666666,1110,0.0009773219269416573,0.06515479512944382,0.0009773219269416573,0.0009773219269416573,0.0,3.332950152659977,1.0130953634652577,-1.9784077999677313e-06,-1.9784077999677313e-06,0.49998985703643606,0.5233879653042585,0.0,0.39369348006272675,0.5233879653042585,True,0.019548685742402948,0.019441802557297164,success,0.999979714072872,0.999979714072872,0.5,2.9748562182644096e-15,0.015,"[0.005, 0.0075, 0.01, 0.015, 0.02, 0.03, 0.05, 0.08]",0.03753797756027304,0.0007443914886301247,False,3.09988014595405e-19,0.00020488712282979647,True,success,2.2942728905694018e-17,-4.188509286662318e-17,0.0007499137843484948,6.282763929993477e-19,0.0
0.5253480088102581,-6.461069250273015e-19,0.0006967290061217985,0.019610499143248885,7.466425994077716e-20,2.6277623133273696e-05,arith,0.03483645030608992,5.153173059416809e-07,True,0.03732858755410584,0.4270833333,0.84,6.149323060065679e-17,-0.023532046365124442,4.83041895466032e-09,True,False,10,0.8541666666,1110,0.0013138811566636847,0.06569405783318423,0.0013138811566636847,0.0013138811566636847,0.0,3.3499431785651455,1.0182606239603875,-1.9784077999677313e-06,-1.9784077999677313e-06,0.49998985703643595,0.5233879653042585,0.0,0.39369348006272675,0.5233879653042585,True,0.019610499143248885,0.019441802557297164,success,0.999979714072872,0.999979714072872,0.5,2.9748562182644096e-15,0.02,"[0.005, 0.0075, 0.01, 0.015, 0.02, 0.03, 0.05, 0.08]",0.03771570137368442,0.0013262237496619858,False,-1.2298646120131357e-18,0.00036602519604643697,True,success,1.0401007294941571e-16,-1.9036807629264523e-16,0.0013399772714260583,3.8073615258529045e-18,0.0
0.5268289894326769,7.726395182764345e-19,0.0015767994689073524,0.019740088501087164,1.9391364974563436e-20,5.995191984328932e-05,arith,0.05255998229691175,1.183456203516615e-06,True,0.03746963226595513,0.4270833333,0.84,-4.8886168236392495e-17,-0.023095168591583403,4.83041895466032e-09,True,False,10,0.8541666666,1110,0.0019983973281096443,0.06661324427032148,0.0019983973281096443,0.0019983973281096443,0.0,3.374515988955816,1.0257298626629918,-1.9784077999677313e-06,-1.9784077999677313e-06,0.49998985703643595,0.5233879653042585,0.0,0.39369348006272675,0.5233879653042585,True,0.019740088501087164,0.019441802557297164,success,0.999979714072872,0.999979714072872,0.5,2.9748562182644096e-15,0.03,"[0.005, 0.0075, 0.01, 0.015, 0.02, 0.03, 0.05, 0.08]",0.03802127095136148,0.0029930005761553686,False,1.4665850470917747e-18,0.0008307036707424421,True,success,1.7825112736054436e-17,-3.274447490191593e-17,0.0030370643900602336,9.823342470574778e-19,0.0
0.5294252921126885,-2.372668208282571e-19,0.004408484755104791,0.019972910495127137,-1.3894519338341082e-19,0.00016935110325377476,arith,0.08816969510209581,3.3824344275386774e-06,True,0.03772564475607994,0.4270833333,0.84,8.963184206082649e-18,-0.021687901598377603,4.83041895466032e-09,True,False,10,0.8541666666,1110,0.0033870220650754953,0.0677404413015099,0.0033870220650754953,0.0033870220650754953,0.0,3.3916159248816933,1.030927619907646,-1.9784077999677313e-06,-1.9784077999677313e-06,0.499989857036436,0.5233879653042585,0.0,0.39369348006272675,0.5233879653042585,True,0.019972910495127137,0.019441802557297164,success,0.999979714072872,0.999979714072872,0.5,2.9748562182644096e-15,0.05,"[0.005, 0.0075, 0.01, 0.015, 0.02, 0.03, 0.05, 0.08]",0.038414809772830724,0.008326925103091678,False,-4.481592103041324e-19,0.002333963329245688,True,success,-7.554901988972115e-17,1.3913364646310287e-16,0.008479039812204233,-6.956682323155145e-18,0.0
0.5319459436090559,2.7238783210475622e-18,0.011278399484069456,0.020215526262735085,-1.0988650451576546e-19,0.00043561992578924425,arith,0.1409799935508682,8.806286050363175e-06,True,0.038002970989082535,0.4270833333,0.84,-6.400740417736477e-17,-0.018246997352643457,4.83041895466032e-09,True,False,10,0.8541666666,1110,0.005445249072365553,0.0680656134045694,0.005445249072365553,0.005445249072365553,0.0,3.366996857758794,1.023444320844459,-1.9784077999677313e-06,-1.9784077999677313e-06,0.4999898570364359,0.5233879653042585,0.0,0.39369348006272675,0.5233879653042585,True,0.020215526262735085,0.019441802557297164,success,0.999979714072872,0.999979714072872,0.5,2.9748562182644096e-15,0.08,"[0.005, 0.0075, 0.01, 0.015, 0.02, 0.03, 0.05, 0.08]",0.03862426813348382,0.021202153375866915,False,5.120592334189182e-18,0.005999498855953216,True,success,-3.702950994446285e-17,6.794684880299662e-17,0.021548779889656283,-5.43574790423973e-18,0.0
0.5233528046938216,1.2389356118454395e-19,4.331042849806569e-05,0.005075359875352296,5.257649638472975e-22,4.206178227067553e-07,typ,0.008662085699613138,2.1347868202239117e-09,True,0.009697779069554324,0.4270833333,0.84,-4.7346096198729916e-17,-0.009839831503240037,4.700019144182275e-09,True,False,11,0.8541666666,640,8.412356454135105e-05,0.01682471290827021,8.412356454135105e-05,8.412356454135105e-05,0.0,3.3149792963405096,1.0076328781651933,-0.0008180296982205052,-0.0008180296982205052,0.49998902850918236,0.522167894600515,0.0,0.27989636597961765,0.27989636597961765,True,0.005075359875352296,0.005062129390726823,success,0.9999780570183653,0.36952243327819584,0.5,5.05704558495483e-15,0.005,"[0.005, 0.0075, 0.01, 0.015, 0.02, 0.03, 0.05, 0.08]",0.009711698482169039,8.275570152605505e-05,False,2.367304809936496e-19,2.2666634226953897e-05,True,success,1.1379269564610812e-17,-2.0718332364985352e-17,8.287448240851275e-05,1.0359166182492677e-19,0.0
0.5245684057164774,6.485096002415737e-21,9.814891931326787e-05,0.0050901342224819604,2.6076868810734197e-22,9.56080660302124e-07,typ,0.013086522575102382,4.866578888456991e-09,True,0.009703470828613177,0.4270833333,0.84,-1.6483636024700147e-18,-0.009812659662097432,4.700019144182275e-09,True,False,11,0.8541666666,640,0.00012747742137361653,0.016996989516482205,0.00012747742137361653,0.00012747742137361653,0.0,3.3392026169782287,1.014995884721478,-0.0008180296982205052,-0.0008180296982205052,0.49998902850918236,0.522167894600515,0.0,0.27989636597961765,0.27989636597961765,True,0.0050901342224819604,0.005062129390726823,success,0.9999780570183653,0.36952243327819584,0.5,5.05704558495483e-15,0.0075,"[0.005, 0.0075, 0.01, 0.015, 0.02, 0.03, 0.05, 0.08]",0.00974112264293551,0.000187104137884957,False,1.236272701852511e-20,5.148582212695611e-05,True,success,3.738036676499615e-18,-6.830695792017592e-18,0.00018783014720502535,5.123021844013194e-20,0.0
0.5259708977099797,-5.149960319306146e-19,0.00017572561857223573,0.005108592478388676,-4.731473103803318e-21,1.7194658013275436e-06,typ,0.017572561857223574,8.784050059508447e-09,True,0.009712690380077936,0.4270833333,0.84,9.791340817008155e-17,-0.009774347420741744,4.700019144182275e-09,True,False,11,0.8541666666,640,0.00017194658013275436,0.017194658013275434,0.00017194658013275436,0.00017194658013275436,0.0,3.3658308205274734,1.0230898880271138,-0.0008180296982205052,-0.0008180296982205052,0.4999890285091824,0.522167894600515,0.0,0.27989636597961765,0.27989636597961765,True,0.005108592478388676,0.005062129390726823,success,0.9999780570183653,0.36952243327819584,0.5,5.05704558495483e-15,0.01,"[0.005, 0.0075, 0.01, 0.015, 0.02, 0.03, 0.05, 0.08]",0.009784946641805223,0.00033409760756217884,False,-9.791340817008156e-19,9.242656135108031e-05,True,success,-5.04834439572059e-17,9.261793975188433e-17,0.0003365830820527473,-9.261793975188432e-19,0.0
0.5289328953952824,8.538092108341362e-19,0.00040021618903546155,0.0051524980525401165,-9.317362419797296e-21,3.9631911309011705e-06,typ,0.02668107926903077,2.0420334583812543e-08,True,0.009741307635422351,0.4270833333,0.84,-1.076140556791635e-16,-0.009663776101763936,4.700019144182275e-09,True,False,11,0.8541666666,640,0.00026421274206007804,0.017614182804005202,0.00026421274206007804,0.00026421274206007804,0.0,3.4185714626949997,1.039121120898526,-0.0008180296982205052,-0.0008180296982205052,0.49998902850918236,0.522167894600515,0.0,0.27989636597961765,0.27989636597961765,True,0.0051524980525401165,0.005062129390726823,success,0.9999780570183653,0.36952243327819584,0.5,5.05704558495483e-15,0.015,"[0.005, 0.0075, 0.01, 0.015, 0.02, 0.03, 0.05, 0.08]",0.009902625729490439,0.0007566483244275661,False,1.6142108351874523e-18,0.00021168750765059236,True,success,-6.520209674722884e-17,1.2055462968043825e-16,0.0007691785791063749,-1.808319445206574e-18,0.0
0.5317772899886083,-6.5051423392142615e-19,0.000718074781819184,0.005201235968160675,-5.929230603388639e-21,7.209561505756097e-06,typ,0.0359037390909592,3.749863061840525e-08,True,0.009780853876388922,0.4270833333,0.84,6.116416084027972e-17,-0.009507348327624409,4.700019144182275e-09,True,False,11,0.8541666666,640,0.00036047807528780487,0.018023903764390243,0.00036047807528780487,0.00036047807528780487,0.0,3.4653116825930272,1.0533284441098398,-0.0008180296982205052,-0.0008180296982205052,0.49998902850918236,0.522167894600515,0.0,0.27989636597961765,0.27989636597961765,True,0.005201235968160675,0.005062129390726823,success,0.9999780570183653,0.36952243327819584,0.5,5.05704558495483e-15,0.02,"[0.005, 0.0075, 0.01, 0.015, 0.02, 0.03, 0.05, 0.08]",0.010040126304799703,0.0013503299131758081,False,-1.2232832168055943e-18,0.00038185586148496687,True,success,-3.061897423623081e-17,5.699828501998733e-17,0.001386124673037211,-1.1399657003997468e-18,0.0
0.536651484382175,-4.316992767241663e-19,0.0016350510051264837,0.0053016361653357436,-3.284309889038292e-21,1.6864713128176414e-05,typ,0.05450170017088279,8.941057303835257e-08,True,0.009879104632384091,0.4270833333,0.84,2.68143782502943e-17,-0.00905542414563533,4.700019144182275e-09,True,False,11,0.8541666666,640,0.0005621571042725472,0.01873857014241824,0.0005621571042725472,0.0005621571042725472,0.0,3.534488138763396,1.074355565367932,-0.0008180296982205052,-0.0008180296982205052,0.49998902850918236,0.522167894600515,0.0,0.27989636597961765,0.27989636597961765,True,0.0053016361653357436,0.005062129390726823,success,0.9999780570183653,0.36952243327819584,0.5,5.05704558495483e-15,0.03,"[0.005, 0.0075, 0.01, 0.015, 0.02, 0.03, 0.05, 0.08]",0.01031448748405974,0.003046765084436226,False,-8.044313475088289e-19,0.0008774525489416948,True,success,-1.098372595848866e-17,2.064966227163637e-17,0.003181039324887056,-6.194898681490909e-19,0.0
0.5434196176301133,1.631440766790202e-18,0.004590953555321892,0.005482576944840904,1.556823374998832e-20,4.896031644252547e-05,typ,0.09181907110643783,2.6842870213990515e-07,True,0.010089030220791002,0.4270833333,0.84,-6.004349912522542e-17,-0.007592206055481237,4.700019144182275e-09,True,False,11,0.8541666666,640,0.0009792063288505094,0.019584126577010186,0.0009792063288505094,0.0009792063288505094,0.0,3.572065978105208,1.085777858850434,-0.0008180296982205052,-0.0008180296982205052,0.4999890285091823,0.522167894600515,0.0,0.27989636597961765,0.27989636597961765,True,0.005482576944840904,0.005062129390726823,success,0.9999780570183653,0.36952243327819584,0.5,5.05704558495483e-15,0.05,"[0.005, 0.0075, 0.01, 0.015, 0.02, 0.03, 0.05, 0.08]",0.01066452009425581,0.008448266139789589,False,3.0021749562612712e-18,0.0024948142255906314,True,success,3.004864327192136e-17,-5.679166533043554e-17,0.008930164945263021,2.8395832665217776e-18,0.0
0.5491671253566119,8.372188831093595e-20,0.011804250089326862,0.005657042218362497,-5.864348083804404e-21,0.00012218927485714654,typ,0.14755312611658578,6.912298864979771e-07,True,0.010301130488626737,0.4270833333,0.84,-1.9056559571134553e-18,-0.004000010978322402,4.700019144182275e-09,True,False,11,0.8541666666,640,0.0015273659357143317,0.019092074196429144,0.0015273659357143317,0.0015273659357143317,0.0,3.37492163916634,1.0258531655414171,-0.0008180296982205052,-0.0008180296982205052,0.49998902850918236,0.522167894600515,0.0,0.27989636597961765,0.27989636597961765,True,0.005657042218362497,0.005062129390726823,success,0.9999780570183653,0.36952243327819584,0.5,5.05704558495483e-15,0.08,"[0.005, 0.0075, 0.01, 0.015, 0.02, 0.03, 0.05, 0.08]",0.010351294993963854,0.021494822876845645,False,1.5245247656907644e-19,0.0064825060885461624,True,success,-7.053561977036033e-18,1.2958070351607511e-17,0.021599498490664577,-1.036645628128601e-18,0.0
0.0015329430234631094,-7.063088455437165e-22,1.5858257922913077e-07,6.588898326319227e-08,-6.941975965944904e-28,5.930039199222771e-12,typ,3.171651584582615e-05,3.9072425354766323e-19,True,4.2982017110029854e-05,0.4791666667,0.8,9.215069767538741e-17,-0.0063496156602714056,4.674486429912258e-09,True,False,13,0.9583333334,634,1.1860078398445542e-09,2.3720156796891082e-07,1.1860078398445542e-09,1.1860078398445542e-09,0.0,3.600018640770548,1.0942744494520558,-0.0011589266449639152,-0.0011589266449639152,0.4999891297682713,0.0014839513227950518,0.0,0.001015935071847688,0.001015935071847688,True,6.588898326319227e-08,6.45077817679529e-08,success,0.9999782595365413,0.31634514098700206,0.5,4.544620435291806e-15,0.005,"[0.005, 0.0075, 0.01, 0.015, 0.02, 0.03, 0.05, 0.08]",3.739401407171372e-05,0.000103449754362607,False,-4.607534883769371e-19,2.430980584720818e-10,True,success,-1.1105750710124095e-18,2.107173497643852e-18,9.000046601926371e-05,-1.053586748821926e-20,0.0
0.001862905904826933,-2.6284491144485007e-20,1.7005955968611307e-06,7.115858978571897e-08,-1.1632227364026952e-25,4.4722725712799407e-11,typ,0.00022674607958148412,3.182406093096319e-18,True,3.819762962871156e-05,0.4791666667,0.8,1.8812538036322616e-15,-0.006349381403958359,4.674486429912258e-09,True,False,13,0.9583333334,634,5.963030095039921e-09,7.950706793386562e-07,5.963030095039921e-09,5.963030095039921e-09,0.0,11.173221416175695,3.3962520569545167,-0.0011589266449639152,-0.0011589266449639152,0.4999891297682713,0.0014839513227950518,0.0,0.001015935071847688,0.001015935071847688,True,7.115858978571897e-08,6.45077817679529e-08,success,0.9999782595365413,0.31634514098700206,0.5,4.544620435291806e-15,0.0075,"[0.005, 0.0075, 0.01, 0.015, 0.02, 0.03, 0.05, 0.08]",2.629827208499554e-05,0.0009128725140946498,False,-1.4109403527241962e-17,3.168049579115283e-09,True,success,-6.520562825593431e-17,2.1795873881247073e-16,0.0006284937046598827,-1.6346905410935305e-18,0.0
0.003851604438990784,-1.7448878713438587e-19,1.245866366984874e-05,1.364887378133483e-07,-4.1359030627651384e-25,7.516003293636059e-10,typ,0.0012458663669848741,1.0258498029493543e-16,True,3.543685234953975e-05,0.4791666667,0.8,4.530288348616253e-15,-0.0063477907245873925,4.674486429912258e-09,True,False,13,0.9583333334,634,7.51600329363606e-08,7.51600329363606e-06,7.51600329363606e-08,7.51600329363606e-08,0.0,55.06683858352019,16.73831179417146,-0.0011589266449639152,-0.0011589266449639152,0.49998912976827126,0.0014839513227950518,0.0,0.001015935071847688,0.001015935071847688,True,1.364887378133483e-07,6.45077817679529e-08,success,0.9999782595365413,0.31634514098700206,0.5,4.544620435291806e-15,0.01,"[0.005, 0.0075, 0.01, 0.015, 0.02, 0.03, 0.05, 0.08]",6.0327523824449705e-05,0.0032346685302692244,False,-4.5302883486162527e-17,4.7985844294682624e-08,True,success,-4.0834614646291395e-17,3.0302156273296976e-16,0.005506683858352019,-3.030215627329698e-18,0.0
0.01928270442958512,-8.673617379799478e-19,0.00011188865517103237,1.7636879413446022e-06,-1.323488980083154e-23,2.420760038647315e-08,typ,0.007459243678068825,4.269465289051163e-14,True,9.146476044297014e-05,0.4791666667,0.8,2.9987554949300224e-15,-0.0063283560680441825,4.674486429912258e-09,True,False,13,0.9583333334,634,1.6138400257648768e-06,0.0001075893350509918,1.6138400257648768e-06,1.6138400257648768e-06,0.0,61.0024781192118,18.542529864463052,-0.0011589266449639152,-0.0011589266449639152,0.49998912976827126,0.0014839513227950518,0.0,0.001015935071847688,0.001015935071847688,True,1.7636879413446022e-06,6.45077817679529e-08,success,0.9999782595365413,0.31634514098700206,0.5,4.544620435291806e-15,0.015,"[0.005, 0.0075, 0.01, 0.015, 0.02, 0.03, 0.05, 0.08]",0.0002163543779257115,0.0058025395545327945,False,-4.498133242395033e-17,2.1575158666867877e-06,True,success,-6.405213141289863e-17,5.002733000767892e-16,0.013725557576822653,-7.504099501151838e-18,0.0
0.0503973142539891,-1.6262726542204122e-18,0.0003589753076749962,9.817167656288986e-06,6.534732923045889e-29,1.7228535291269318e-07,typ,0.017948765383749808,1.691354194266825e-12,True,0.00019479545292459564,0.4791666667,0.8,1.6134517069941756e-15,-0.006266013487690858,4.674486429912258e-09,True,False,13,0.9583333334,634,8.61426764563466e-06,0.000430713382281733,8.61426764563466e-06,8.61426764563466e-06,0.0,43.87348748249331,13.335941046730536,-0.0011589266449639152,-0.0011589266449639152,0.49998912976827126,0.0014839513227950518,0.0,0.001015935071847688,0.001015935071847688,True,9.817167656288986e-06,6.45077817679529e-08,success,0.9999782595365413,0.31634514098700206,0.5,4.544620435291806e-15,0.02,"[0.005, 0.0075, 0.01, 0.015, 0.02, 0.03, 0.05, 0.08]",0.00047993650044775337,0.007122905515676011,False,-3.2269034139883514e-17,1.809139139031921e-05,True,success,5.02470489228102e-23,-3.328217033585887e-22,0.017549394992997323,6.656434067171774e-24,0.0
0.13033112006688122,-2.612494127244951e-18,0.00127333001371125,6.474052072431537e-05,-6.086057311397008e-22,1.6231792378067164e-06,typ,0.042444333790375,1.0508546908450416e-10,True,0.0004967387734494484,0.4791666667,0.8,6.681684123495891e-16,-0.005964741397129091,4.674486429912258e-09,True,False,13,0.9583333334,634,5.4105974593557215e-05,0.0018035324864519072,5.4105974593557215e-05,5.4105974593557215e-05,0.0,27.85786191204565,8.467774628019793,-0.0011589266449639152,-0.0011589266449639152,0.4999891297682713,0.0014839513227950518,0.0,0.001015935071847688,0.001015935071847688,True,6.474052072431537e-05,6.45077817679529e-08,success,0.9999782595365413,0.31634514098700206,0.5,4.544620435291806e-15,0.03,"[0.005, 0.0075, 0.01, 0.015, 0.02, 0.03, 0.05, 0.08]",0.001274751415837435,0.009769961411041531,False,-2.0045052370487674e-17,0.00016595452690176444,True,success,-5.936967945605511e-17,3.1335641847930517e-16,0.025072075720841084,-9.400692554379154e-18,0.0
0.26053094556670475,5.282811616935051e-19,0.004400928590131791,0.0003480659838442879,-3.53121171732728e-21,1.4802998492779508e-05,typ,0.08801857180263581,5.15242023423481e-09,True,0.001335987105436468,0.4791666667,0.8,-4.0554196780301264e-17,-0.004649635703764843,4.674486429912258e-09,True,False,13,0.9583333334,634,0.00029605996985559014,0.005921199397111803,0.0002960599698555901,0.00029605996985559014,0.0,17.011715226273683,5.170941367537289,-0.0011589266449639152,-0.0011589266449639152,0.49998912976827115,0.0014839513227950518,0.0,0.001015935071847688,0.001015935071847688,True,0.0003480659838442879,6.45077817679529e-08,success,0.9999782595365413,0.31634514098700206,0.5,4.544620435291806e-15,0.05,"[0.005, 0.0075, 0.01, 0.015, 0.02, 0.03, 0.05, 0.08]",0.003363607972638387,0.016892152986121966,False,2.0277098390150633e-18,0.0011465780869585802,True,success,-4.919467755619432e-17,2.0290472963350626e-16,0.04252928806568421,-1.0145236481675313e-17,1.8310516160194644e-16
0.3659901030600385,-2.1534139073723174e-18,0.011926623000904224,0.0009962766336867905,-9.864010045234834e-21,7.098036967215892e-05,typ,0.14908278751130277,7.071608375482245e-08,True,0.0027221409140764587,0.4791666667,0.8,7.35475457316896e-17,-0.0010806247516226305,4.674486429912258e-09,True,False,13,0.9583333334,634,0.0008872546209019865,0.01109068276127483,0.0008872546209019865,0.0008872546209019865,0.0,11.132131765685394,3.383762300885135,-0.0011589266449639152,-0.0011589266449639152,0.49998912976827126,0.0014839513227950518,0.0,0.001015935071847688,0.001015935071847688,True,0.0009962766336867905,6.45077817679529e-08,success,0.9999782595365413,0.31634514098700206,0.5,4.544620435291806e-15,0.08,"[0.005, 0.0075, 0.01, 0.015, 0.02, 0.03, 0.05, 0.08]",0.0059514222648588385,0.03258728282864996,False,-5.8838036585351675e-18,0.004365025981259162,True,success,-3.7093208876724493e-17,1.2376093285371433e-16,0.07124564330038652,-9.900874628297147e-18,0.0
0.19279216331528184,9.778908522086579e-20,2.1549648599495418e-05,0.0025585666042939677,3.137074395171688e-21,3.76886609874502e-07,arith,0.004309929719899084,9.642894936304698e-10,True,0.013271113100742724,0.4791666667,0.82,-1.0144508318104904e-16,-0.019371767163712632,4.825721460876925e-09,True,False,14,0.9583333334,1124,7.537732197490039e-05,0.015075464394980077,7.537732197490039e-05,7.537732197490039e-05,0.0,5.892152414433678,1.7909995704944357,-2.343210427106947e-06,-2.343210427106947e-06,0.49998982762975075,0.08980625641311438,0.0,0.058186353585361776,0.08980625641311438,True,0.0025585666042939677,0.000505752930373279,success,0.9999796552595016,0.9999796552595016,0.5,3.3450774134585914e-15,0.005,"[0.005, 0.0075, 0.01, 0.015, 0.02, 0.03, 0.05, 0.08]",0.017489222997507565,0.00011177657965409253,False,5.072254159052452e-19,4.154603372180855e-06,True,success,1.0102319523184859e-16,-2.4522124144877273e-16,0.00014730381036084196,1.2261062072438635e-18,0.0
0.21711423277338485,1.2022573895090725e-19,5.479985099749336e-05,0.003281324662103247,3.350081480839762e-22,1.0933359133111371e-06,arith,0.007306646799665782,3.5875900963110123e-09,True,0.015113355859669332,0.4791666667,0.82,-7.383255497358025e-17,-0.019357319802514903,4.825721460876925e-09,True,False,14,0.9583333334,1124,0.00014577812177481828,0.019437082903309106,0.00014577812177481828,0.00014577812177481828,0.0,5.923547623248722,1.8005425696479516,-2.343210427106947e-06,-2.343210427106947e-06,0.49998982762975075,0.08980625641311438,0.0,0.058186353585361776,0.08980625641311438,True,0.003281324662103247,0.000505752930373279,success,0.9999796552595016,0.9999796552595016,0.5,3.3450774134585914e-15,0.0075,"[0.005, 0.0075, 0.01, 0.015, 0.02, 0.03, 0.05, 0.08]",0.019951439527840103,0.00025240100705277695,False,5.537441623018518e-19,1.189782760541658e-05,True,success,5.593117742139844e-18,-1.3612719763375253e-17,0.0003331995538077406,1.0209539822531439e-19,0.0
0.23642421646951195,-2.464865876510014e-19,0.00010606482239600228,0.003920976961996981,6.432156443212343e-21,2.3203136537113755e-06,arith,0.010606482239600229,9.097896380809343e-09,True,0.01658449807108744,0.4791666667,0.82,1.0425606620664725e-16,-0.019334982678862564,4.825721460876925e-09,True,False,14,0.9583333334,1124,0.00023203136537113754,0.023203136537113752,0.00023203136537113754,0.00023203136537113754,0.0,5.917692647012196,1.798762870280504,-2.343210427106947e-06,-2.343210427106947e-06,0.49998982762975075,0.08980625641311438,0.0,0.058186353585361776,0.08980625641311438,True,0.003920976961996981,0.000505752930373279,success,0.9999796552595016,0.9999796552595016,0.5,3.3450774134585914e-15,0.01,"[0.005, 0.0075, 0.01, 0.015, 0.02, 0.03, 0.05, 0.08]",0.02187637334693572,0.0004486208053466463,False,-1.0425606620664725e-18,2.5076292529952784e-05,True,success,6.743511550371555e-17,-1.6404473950125944e-16,0.0005917692647012196,1.6404473950125943e-18,0.0
0.26652480365560666,-4.87890976392559e-19,0.0002677303658516969,0.005034812364205333,-1.3552527116351049e-20,6.639285576825839e-06,arith,0.017848691056779796,3.342755711169287e-08,True,0.01889059590382863,0.4791666667,0.82,1.220376664637421e-16,-0.01926414847484716,4.825721460876925e-09,True,False,14,0.9583333334,1124,0.0004426190384550559,0.02950793589700373,0.00044261903845505587,0.0004426190384550559,0.0,5.860781646360539,1.7814640004356166,-2.343210427106947e-06,-2.343210427106947e-06,0.4999898276297508,0.08980625641311438,0.0,0.058186353585361776,0.08980625641311438,True,0.005034812364205333,0.000505752930373279,success,0.9999796552595016,0.9999796552595016,0.5,3.3450774134585914e-15,0.015,"[0.005, 0.0075, 0.01, 0.015, 0.02, 0.03, 0.05, 0.08]",0.024798403258088093,0.0010045232645500717,False,-1.830564996956131e-18,7.135678319126725e-05,True,success,-7.412555620987473e-17,1.794509392604426e-16,0.0013186758704311211,-2.691764088906639e-18,1.224757724238285e-16
0.2898009308438428,-2.1172620430589763e-19,0.0005137748186084854,0.0059933063026131475,1.5410505950893956e-20,1.3853600462190904e-05,arith,0.02568874093042427,8.302887096393316e-08,True,0.020680769675797208,0.4791666667,0.82,3.6529593553994626e-17,-0.019155506945029693,4.825721460876925e-09,True,False,14,0.9583333334,1124,0.0006926800231095452,0.03463400115547726,0.0006926800231095451,0.0006926800231095452,0.0,5.778780427153615,1.7565386186651357,-2.343210427106947e-06,-2.343210427106947e-06,0.4999898276297508,0.08980625641311438,0.0,0.058186353585361776,0.08980625641311438,True,0.0059933063026131475,0.000505752930373279,success,0.9999796552595016,0.9999796552595016,0.5,3.3450774134585914e-15,0.02,"[0.005, 0.0075, 0.01, 0.015, 0.02, 0.03, 0.05, 0.08]",0.02696434305541128,0.0017728542731470017,False,-7.305918710798925e-19,0.00014889242067686555,True,success,5.3481346298855204e-17,-1.2856431135661132e-16,0.002311512170861446,2.5712862271322267e-18,1.5652280076136125e-16
0.3248135778773807,-8.42644576141351e-19,0.0012740618147288117,0.007592225627085617,-1.9615481583330743e-20,3.82317087882206e-05,arith,0.042468727157627055,2.9026375922920286e-07,True,0.023374101774623884,0.4791666667,0.82,8.64746871777894e-17,-0.018815676055341218,4.825721460876925e-09,True,False,14,0.9583333334,1124,0.0012743902929406867,0.04247967643135622,0.0012743902929406867,0.0012743902929406867,0.0,5.595154638161438,1.7007230718012991,-2.343210427106947e-06,-2.343210427106947e-06,0.49998982762975075,0.08980625641311438,0.0,0.058186353585361776,0.08980625641311438,True,0.007592225627085617,0.000505752930373279,success,0.9999796552595016,0.9999796552595016,0.5,3.3450774134585914e-15,0.03,"[0.005, 0.0075, 0.01, 0.015, 0.02, 0.03, 0.05, 0.08]",0.0300077345904589,0.003922440136445831,False,-2.594240615333682e-18,0.0004138325764790138,True,success,-3.6408481601736473e-17,8.612091081413424e-17,0.005035639174345294,-2.583627324424027e-18,0.0
0.3708471937431412,1.8127859024548808e-18,0.003907252975212593,0.009971727778614206,2.214493867046564e-20,0.00013086066285791505,arith,0.07814505950425185,1.3049069069481397e-06,True,0.02688904742129691,0.4791666667,0.82,-9.77645743605365e-17,-0.017612423550937603,4.825721460876925e-09,True,False,14,0.9583333334,1124,0.002617213257158301,0.052344265143166015,0.002617213257158301,0.002617213257158301,0.0,5.249267359205871,1.5955859462694826,-2.343210427106947e-06,-2.343210427106947e-06,0.4999898276297508,0.08980625641311438,0.0,0.058186353585361776,0.08980625641311438,True,0.009971727778614206,0.000505752930373279,success,0.9999796552595016,0.9999796552595016,0.5,3.3450774134585914e-15,0.05,"[0.005, 0.0075, 0.01, 0.015, 0.02, 0.03, 0.05, 0.08]",0.033491730299545025,0.010536018719124681,False,4.888228718026825e-18,0.0014489938011021293,True,success,1.938584414821525e-17,-4.4415449683571635e-17,0.013123168398014678,2.220772484178582e-18,0.0
0.41203875683940344,3.112368172141691e-18,0.010630729120517922,0.012354198881771878,9.100513802255745e-20,0.0003822418666960674,arith,0.132884114006474,4.722292042102951e-06,True,0.029983099105861687,0.4791666667,0.82,-9.441976393238811e-17,-0.014446421919083784,4.825721460876925e-09,True,False,14,0.9583333334,1124,0.004778023333700842,0.059725291671260526,0.004778023333700842,0.004778023333700842,0.0,4.834412351850899,1.469485145114013,-2.343210427106947e-06,-2.343210427106947e-06,0.4999898276297508,0.08980625641311438,0.0,0.058186353585361776,0.08980625641311438,True,0.012354198881771878,0.000505752930373279,success,0.9999796552595016,0.9999796552595016,0.5,3.3450774134585914e-15,0.08,"[0.005, 0.0075, 0.01, 0.015, 0.02, 0.03, 0.05, 0.08]",0.03595631704680712,0.025800313548323232,False,7.553581114591049e-18,0.004380272411114649,True,success,4.1878343208513553e-17,-9.207915755350177e-17,0.030940239051845755,7.366332604280142e-18,0.0
0.001937892662954939,2.3959803430481292e-21,2.5001981425610086e-07,8.910360685424718e-08,2.313823698321854e-25,8.4058079588905e-12,typ,5.000396285122017e-05,7.489878076612811e-19,True,4.5979639924112284e-05,0.4791666667,0.82,-2.4727688884426534e-16,-0.005927868235612647,4.691188935583188e-09,True,False,15,0.9583333334,628,1.6811615917781e-09,3.3623231835562e-07,1.6811615917781e-09,1.6811615917781e-09,0.0,3.7734984051276177,1.147005974640012,-0.0014010100308514903,-0.0014010100308514903,0.49998919236347084,0.0018440451923191661,0.0,0.0011779585824287727,0.0011779585824287727,True,8.910360685424718e-08,8.672420085643037e-08,success,0.9999783847269405,0.2903237160558911,0.5,4.386972232188693e-15,0.005,"[0.005, 0.0075, 0.01, 0.015, 0.02, 0.03, 0.05, 0.08]",3.362056716944939e-05,0.00012901633771339298,False,1.2363844442213268e-18,4.845115636402545e-10,True,success,2.6735781961938873e-16,-5.193557881684257e-16,9.433746012819045e-05,2.5967789408421283e-18,0.0
0.002767786632801915,3.732238923839261e-20,3.4097868588871848e-06,1.0090031307062434e-07,-5.169878828456423e-26,8.429436678415515e-11,typ,0.00045463824785162463,8.505327998611293e-18,True,3.6455235340333974e-05,0.4791666667,0.82,-1.797941541498571e-15,-0.005927403130096666,4.691188935583188e-09,True,False,15,0.9583333334,628,1.123924890455402e-08,1.4985665206072028e-06,1.123924890455402e-08,1.123924890455402e-08,0.0,14.851951148638095,4.514451809334569,-0.0014010100308514903,-0.0014010100308514903,0.4999891923634709,0.0018440451923191661,0.0,0.0011779585824287727,0.0011779585824287727,True,1.0090031307062434e-07,8.672420085643037e-08,success,0.9999783847269405,0.2903237160558911,0.5,4.386972232188693e-15,0.0075,"[0.005, 0.0075, 0.01, 0.015, 0.02, 0.03, 0.05, 0.08]",2.472130085329304e-05,0.0012319543777243238,False,1.3484561561239282e-17,9.43756248873158e-09,True,success,-1.772698311551709e-17,6.831665394784664e-17,0.0008354222521108929,-5.123749046088498e-19,0.0
0.006775995529985475,2.1345230270808369e-19,2.096777403273248e-05,2.2332017779305503e-07,-4.1359030627651384e-24,1.213501961266527e-09,typ,0.002096777403273248,2.7099947374226183e-16,True,3.295754502859505e-05,0.4791666667,0.82,-3.150124609195857e-15,-0.005924543364370069,4.691188935583188e-09,True,False,15,0.9583333334,628,1.2135019612665271e-07,1.2135019612665272e-05,1.2135019612665271e-07,1.2135019612665271e-07,0.0,54.339109580642,16.517108702344032,-0.0014010100308514903,-0.0014010100308514903,0.4999891923634709,0.0018440451923191661,0.0,0.0011779585824287727,0.0011779585824287727,True,2.2332017779305503e-07,8.672420085643037e-08,success,0.9999783847269405,0.2903237160558911,0.5,4.386972232188693e-15,0.01,"[0.005, 0.0075, 0.01, 0.015, 0.02, 0.03, 0.05, 0.08]",5.787462032794456e-05,0.0030944196966991543,False,3.150124609195857e-17,1.4207754311954077e-07,True,success,-2.5123846276961303e-16,1.8520059869367342e-15,0.0054339109580642,-1.852005986936734e-17,0.0
0.030770096904554747,9.622294283203172e-19,0.00014909417214535914,2.5466680482961234e-06,-7.940933880507194e-23,3.049863107281648e-08,typ,0.009939611476357278,7.766988926991306e-14,True,8.276438180209802e-05,0.4791666667,0.82,-2.0847717429577612e-15,-0.005896670507595841,4.691188935583188e-09,True,False,15,0.9583333334,628,2.033242071521099e-06,0.00013554947143473993,2.033242071521099e-06,2.033242071521099e-06,0.0,53.226203362244576,16.178825776351196,-0.0014010100308514903,-0.0014010100308514903,0.4999891923634709,0.0018440451923191661,0.0,0.0011779585824287727,0.0011779585824287727,True,2.5466680482961234e-06,8.672420085643037e-08,success,0.9999783847269405,0.2903237160558911,0.5,4.386972232188693e-15,0.015,"[0.005, 0.0075, 0.01, 0.015, 0.02, 0.03, 0.05, 0.08]",0.00020455951184384247,0.004845424198949775,False,3.1271576144366416e-17,4.587642124817068e-06,True,success,-2.849346311654613e-16,2.078777374962595e-15,0.011975895756505027,-3.118166062443892e-17,0.0
0.07113441209677233,2.6028606726067014e-18,0.00042560609655612955,1.2378551472751136e-05,-2.1175816503060165e-22,1.925393610132134e-07,typ,0.021280304827806476,2.3833583908326755e-12,True,0.00017401636012554888,0.4791666667,0.82,-1.8295369258592663e-15,-0.005819375067830249,4.691188935583188e-09,True,False,15,0.9583333334,628,9.62696805066067e-06,0.0004813484025330335,9.62696805066067e-06,9.62696805066067e-06,0.0,38.88568089672076,11.819829645581969,-0.0014010100308514903,-0.0014010100308514903,0.4999891923634709,0.0018440451923191661,0.0,0.0011779585824287727,0.0011779585824287727,True,1.2378551472751136e-05,8.672420085643037e-08,success,0.9999783847269405,0.2903237160558911,0.5,4.386972232188693e-15,0.02,"[0.005, 0.0075, 0.01, 0.015, 0.02, 0.03, 0.05, 0.08]",0.000452388634869616,0.005983125241509391,False,3.6590738517185327e-17,3.0275239463322395e-05,True,success,-1.3716568871257743e-16,8.553430726395742e-16,0.015554272358688306,-1.7106861452791484e-17,0.0
0.16029543252984135,2.1233597828700422e-18,0.0013603587096847464,7.108287786741252e-05,-2.2818365561686476e-21,1.6198229138446978e-06,typ,0.045345290322824874,1.1514167435165893e-10,True,0.0004434491784672617,0.4791666667,0.82,-4.415513175387884e-16,-0.005485473259141146,4.691188935583188e-09,True,False,15,0.9583333334,628,5.39940971281566e-05,0.00179980323760522,5.39940971281566e-05,5.39940971281566e-05,0.0,25.319785743091415,7.696291983181233,-0.0014010100308514903,-0.0014010100308514903,0.4999891923634709,0.0018440451923191661,0.0,0.0011779585824287727,0.0011779585824287727,True,7.108287786741252e-05,8.672420085643037e-08,success,0.9999783847269405,0.2903237160558911,0.5,4.386972232188693e-15,0.03,"[0.005, 0.0075, 0.01, 0.015, 0.02, 0.03, 0.05, 0.08]",0.001190732196083841,0.008486571876784421,False,1.3246539526163652e-17,0.0002180592877646533,True,success,-2.1265140829723995e-16,1.0700357219755263e-15,0.022787807168782273,-3.210107165926579e-17,0.0
0.2879392355284171,5.1194172064803415e-18,0.0044353419939057465,0.0003421471928690202,-3.509147152322786e-21,1.3596127779446017e-05,typ,0.08870683987811492,4.651876953625959e-09,True,0.0011882617950315882,0.4791666667,0.82,-3.555901089398495e-16,-0.004135297256869745,4.691188935583188e-09,True,False,15,0.9583333334,628,0.0002719225555889203,0.005438451111778406,0.0002719225555889203,0.0002719225555889203,0.0,15.895062783286777,4.831519725815665,-0.0014010100308514903,-0.0014010100308514903,0.4999891923634709,0.0018440451923191661,0.0,0.0011779585824287727,0.0011779585824287727,True,0.0003421471928690202,8.672420085643037e-08,success,0.9999783847269405,0.2903237160558911,0.5,4.386972232188693e-15,0.05,"[0.005, 0.0075, 0.01, 0.015, 0.02, 0.03, 0.05, 0.08]",0.003065406861100538,0.015403743035457274,False,1.7779505446992476e-17,0.0012771089830323058,True,success,-5.145024781314255e-17,2.051250003191549e-16,0.03973765695821695,-1.0256250015957745e-17,0.0
0.38396618996479337,4.8431635299216365e-18,0.011819881723574432,0.0009211617348402404,-2.6442463164371138e-20,6.239305612935927e-05,typ,0.1477485215446804,5.7474095826105075e-08,True,0.0023990699153086984,0.4791666667,0.82,-1.5766894509532585e-16,-0.000579143023002433,4.691188935583188e-09,True,False,15,0.9583333334,628,0.0007799132016169908,0.009748915020212384,0.0007799132016169908,0.0007799132016169908,0.0,10.583282665234858,3.216932179389093,-0.0014010100308514903,-0.0014010100308514903,0.49998919236347084,0.0018440451923191661,0.0,0.0011779585824287727,0.0011779585824287727,True,0.0009211617348402404,8.672420085643037e-08,success,0.9999783847269405,0.2903237160558911,0.5,4.386972232188693e-15,0.08,"[0.005, 0.0075, 0.01, 0.015, 0.02, 0.03, 0.05, 0.08]",0.005278653170015907,0.030783652395691977,False,1.2613515607626068e-17,0.00453843495123537,True,success,-1.1029754198562262e-16,3.5881949613545776e-16,0.0677330090575031,-2.8705559690836623e-17,0.0
0.25661744393292824,4.2998399204154915e-20,2.4593718491044373e-05,0.004297245626047484,-3.189754652640092e-21,4.857038751071358e-07,arith,0.004918743698208875,2.0871888528584526e-09,True,0.016745726869490014,0.4791666667,0.84,-3.35116728973369e-17,-0.019627659093889423,4.828709431704059e-09,True,False,16,0.9583333334,1109,9.714077502142717e-05,0.019428155004285432,9.714077502142717e-05,9.714077502142717e-05,0.0,4.521071564195189,1.3742409666479163,-2.369555645196904e-06,-2.369555645196904e-06,0.49998982567263256,0.22463761122997855,0.0,0.14597652358918167,0.22463761122997855,True,0.004297245626047484,0.0032214295257272903,success,0.9999796513452652,0.9999796513452652,0.5,3.2976577302626935e-15,0.005,"[0.005, 0.0075, 0.01, 0.015, 0.02, 0.03, 0.05, 0.08]",0.019749102815989433,9.583806195759787e-05,False,1.6755836448668451e-19,6.3111771759778e-06,True,success,-6.981944725119354e-17,1.4845577517401357e-16,0.00011302678910487973,-7.422788758700678e-19,0.0
0.2717206817224333,1.5683344414005405e-19,6.024543860457727e-05,0.004875860337743114,3.69915169933714e-21,1.3098521937170264e-06,arith,0.00803272514727697,6.386656359650659e-09,True,0.017944384309781312,0.4791666667,0.84,-7.695816804516031e-17,-0.019611533259911745,4.828709431704059e-09,True,False,16,0.9583333334,1109,0.00017464695916227018,0.023286261221636025,0.00017464695916227018,0.00017464695916227018,0.0,4.7758261329557525,1.451677069983257,-2.369555645196904e-06,-2.369555645196904e-06,0.4999898256726325,0.22463761122997855,0.0,0.14597652358918167,0.22463761122997855,True,0.004875860337743114,0.0032214295257272903,success,0.9999796513452652,0.9999796513452652,0.5,3.2976577302626935e-15,0.0075,"[0.005, 0.0075, 0.01, 0.015, 0.02, 0.03, 0.05, 0.08]",0.021741931406861856,0.00022171826679766275,False,5.771862603387023e-19,1.6369931648302737e-05,True,success,4.628767502011053e-17,-1.0115552793019126e-16,0.00026864021997876107,7.586664594764344e-19,0.0
0.28483229702129903,9.613823951336309e-20,0.00011410781026292674,0.005411298767384572,-3.0969642133985356e-21,2.66526318706473e-06,arith,0.011410781026292673,1.4422535398918849e-08,True,0.018998192353797325,0.4791666667,0.84,-3.375257669820151e-17,-0.019587276439423144,4.828709431704059e-09,True,False,16,0.9583333334,1109,0.000266526318706473,0.0266526318706473,0.000266526318706473,0.000266526318706473,0.0,4.9253669066084935,1.4971320145511169,-2.369555645196904e-06,-2.369555645196904e-06,0.49998982567263256,0.22463761122997855,0.0,0.14597652358918167,0.22463761122997855,True,0.005411298767384572,0.0032214295257272903,success,0.9999796513452652,0.9999796513452652,0.5,3.2976577302626935e-15,0.01,"[0.005, 0.0075, 0.01, 0.015, 0.02, 0.03, 0.05, 0.08]",0.02335741244112425,0.00040061401553207306,False,3.375257669820151e-19,3.2501589705259985e-05,True,success,-2.578786453431445e-17,5.72314401131354e-17,0.0004925366906608493,-5.723144011313541e-19,0.0
0.3067034813083463,1.0842021847706143e-19,0.0002809725452292521,0.006370586969681848,-8.470329077252178e-22,7.267523683132386e-06,arith,0.018731503015283472,4.629839167761741e-08,True,0.020771159631139426,0.4791666667,0.84,-2.3566783573189046e-17,-0.019512188067966684,4.828709431704059e-09,True,False,16,0.9583333334,1109,0.00048450157887549244,0.032300105258366164,0.00048450157887549244,0.00048450157887549244,0.0,5.070192968416419,1.5411538585650288,-2.369555645196904e-06,-2.369555645196904e-06,0.4999898256726326,0.22463761122997855,0.0,0.14597652358918167,0.22463761122997855,True,0.006370586969681848,0.0032214295257272903,success,0.9999796513452652,0.9999796513452652,0.5,3.2976577302626935e-15,0.015,"[0.005, 0.0075, 0.01, 0.015, 0.02, 0.03, 0.05, 0.08]",0.02586560077320951,0.0009161048450792593,False,3.535017535978357e-19,8.617525777387841e-05,True,success,-3.936564130467431e-18,8.863996486313509e-18,0.001140793417893694,-1.3295994729470264e-19,0.0
0.3244911835461572,-5.911785665058145e-19,0.0005315639976062888,0.007209871139893823,-1.3388997943413895e-20,1.4750383855763008e-05,arith,0.02657819988031444,1.0634836686402147e-07,True,0.02221900472333867,0.4791666667,0.84,9.109316315549794e-17,-0.019399091321885626,4.828709431704059e-09,True,False,16,0.9583333334,1109,0.0007375191927881504,0.03687595963940752,0.0007375191927881504,0.0007375191927881504,0.0,5.114648920056924,1.5546668474855165,-2.369555645196904e-06,-2.369555645196904e-06,0.49998982567263256,0.22463761122997855,0.0,0.14597652358918167,0.22463761122997855,True,0.007209871139893823,0.0032214295257272903,success,0.9999796513452652,0.9999796513452652,0.5,3.2976577302626935e-15,0.02,"[0.005, 0.0075, 0.01, 0.015, 0.02, 0.03, 0.05, 0.08]",0.027749027252007598,0.0016381461949047888,False,-1.821863263109959e-18,0.00017248783071379132,True,success,-4.105656982533306e-17,9.285185326912147e-17,0.0020458595680227696,-1.857037065382429e-18,0.0
0.3522329928586853,-5.481722522306371e-19,0.0012970141128731964,0.00862044122949997,-4.2924792672920513e-20,3.944031676971471e-05,arith,0.04323380376243988,3.399929327861878e-07,True,0.024473690438642306,0.4791666667,0.84,5.187591389265097e-17,-0.019050863887384667,4.828709431704059e-09,True,False,16,0.9583333334,1109,0.001314677225657157,0.043822574188571904,0.001314677225657157,0.001314677225657157,0.0,5.083565100891458,1.5452184994356082,-2.369555645196904e-06,-2.369555645196904e-06,0.49998982567263256,0.22463761122997855,0.0,0.14597652358918167,0.22463761122997855,True,0.00862044122949997,0.0032214295257272903,success,0.9999796513452652,0.9999796513452652,0.5,3.2976577302626935e-15,0.03,"[0.005, 0.0075, 0.01, 0.015, 0.02, 0.03, 0.05, 0.08]",0.030408548664397315,0.003682261852720748,False,-1.556277416779529e-18,0.00045685116275727866,True,success,-7.361617720348442e-17,1.659806481290377e-16,0.0045752085908023115,-4.979419443871131e-18,0.0
0.38985162332597817,-1.7446876986712717e-18,0.003918236896611872,0.010720502470387748,4.7818105106510084e-21,0.00013105416297886526,arith,0.07836473793223743,1.4049664779695236e-06,True,0.027498929923458846,0.4791666667,0.84,8.950521656350444e-17,-0.01783731384110032,4.828709431704059e-09,True,False,16,0.9583333334,1109,0.002621083259577305,0.0524216651915461,0.002621083259577305,0.002621083259577305,0.0,4.8898515098845055,1.486336628450312,-2.369555645196904e-06,-2.369555645196904e-06,0.49998982567263256,0.22463761122997855,0.0,0.14597652358918167,0.22463761122997855,True,0.010720502470387748,0.0032214295257272903,success,0.9999796513452652,0.9999796513452652,0.5,3.2976577302626935e-15,0.05,"[0.005, 0.0075, 0.01, 0.015, 0.02, 0.03, 0.05, 0.08]",0.0334472280356986,0.010050585048700952,False,-4.475260828175222e-18,0.001527531014719881,True,success,4.034218170562247e-18,-8.920870124995281e-18,0.012224628774711265,4.46043506249764e-19,0.0
0.42409941294951914,3.827224690470547e-18,0.010561932570141394,0.012808608574872817,1.519369010471064e-19,0.0003757373241297135,arith,0.1320241571267674,4.812672311747615e-06,True,0.030201901214132156,0.4791666667,0.84,-1.1280446793869128e-16,-0.014680638887116133,4.828709431704059e-09,True,False,16,0.9583333334,1109,0.004696716551621419,0.058708956895267735,0.004696716551621419,0.004696716551621419,0.0,4.583554611110495,1.3932335354610317,-2.369555645196904e-06,-2.369555645196904e-06,0.4999898256726325,0.22463761122997855,0.0,0.14597652358918167,0.22463761122997855,True,0.012808608574872817,0.0032214295257272903,success,0.9999796513452652,0.9999796513452652,0.5,3.2976577302626935e-15,0.08,"[0.005, 0.0075, 0.01, 0.015, 0.02, 0.03, 0.05, 0.08]",0.035574675527840785,0.024904379132914736,False,9.024357435095304e-18,0.004479309402609371,True,success,6.925802743320712e-17,-1.4827615755349038e-16,0.02933474951110717,1.1862092604279233e-17,0.0
0.0026335006133705466,-1.2847665876597057e-21,5.051559419969242e-07,1.2848567108717907e-07,1.6981335390149589e-25,1.3584803089367653e-11,typ,0.00010103118839938484,1.7454525415245863e-18,True,4.878892772412675e-05,0.4791666667,0.84,9.757101108211761e-17,-0.00552063469955637,4.659679311983936e-09,True,False,17,0.9583333334,651,2.7169606178735308e-09,5.433921235747061e-07,2.7169606178735308e-09,2.7169606178735308e-09,0.0,4.229204073705683,1.2855238878385695,-0.001704864873488686,-0.001704864873488686,0.49998921634705346,0.002400301580697299,0.0,0.0014065771117214335,0.0014065771117214335,True,1.2848567108717907e-07,1.2365379880676425e-07,success,0.9999784326941066,0.26528273678557296,0.5,5.136333957448739e-15,0.005,"[0.005, 0.0075, 0.01, 0.015, 0.02, 0.03, 0.05, 0.08]",2.6892295942646497e-05,0.00019181918524423228,False,-4.87855055410588e-19,1.330328483096676e-09,True,success,1.2853393905154336e-16,-2.643304151577735e-16,0.00010573010184264206,1.3216520757888674e-18,0.0
0.004853579250002593,-1.707300784309449e-20,7.06667497647347e-06,1.6097219345801473e-07,6.203854594147708e-25,1.880781303222207e-10,typ,0.0009422233301964627,3.0275349179450214e-17,True,3.316566706063958e-05,0.4791666667,0.84,4.690149121897446e-16,-0.005519619785727155,4.659679311983936e-09,True,False,17,0.9583333334,651,2.507708404296276e-08,3.343611205728368e-06,2.5077084042962762e-08,2.507708404296276e-08,0.0,20.771358915479144,6.313736013528517,-0.001704864873488686,-0.001704864873488686,0.4999892163470534,0.002400301580697299,0.0,0.0014065771117214335,0.0014065771117214335,True,1.6097219345801473e-07,1.2365379880676425e-07,success,0.9999784326941066,0.26528273678557296,0.5,5.136333957448739e-15,0.0075,"[0.005, 0.0075, 0.01, 0.015, 0.02, 0.03, 0.05, 0.08]",2.661479846580953e-05,0.0014559718946527338,False,-3.517611841423084e-18,3.429866703232419e-08,True,success,1.127501244453447e-16,-5.138655284390938e-16,0.001168388938995702,3.853991463293203e-18,1.319420728719302e-16
0.013005802459704506,-1.7787691892340307e-20,3.504617731336933e-05,4.26253026834769e-07,3.308722450212111e-24,2.191163103899009e-09,typ,0.003504617731336933,9.339899053256201e-16,True,3.2774065895235315e-05,0.4791666667,0.84,1.3676735401334434e-16,-0.00551445110237503,4.659679311983936e-09,True,False,17,0.9583333334,651,2.1911631038990091e-07,2.1911631038990092e-05,2.1911631038990091e-07,2.1911631038990091e-07,0.0,51.40522098270948,15.625313506092187,-0.001704864873488686,-0.001704864873488686,0.4999892163470534,0.002400301580697299,0.0,0.0014065771117214335,0.0014065771117214335,True,4.26253026834769e-07,1.2365379880676425e-07,success,0.9999784326941066,0.26528273678557296,0.5,5.136333957448739e-15,0.01,"[0.005, 0.0075, 0.01, 0.015, 0.02, 0.03, 0.05, 0.08]",6.252217137140174e-05,0.0026946570518775657,False,-1.3676735401334435e-18,4.558036591054591e-07,True,success,1.0826529087242625e-16,-7.762343589162806e-16,0.005140522098270948,7.762343589162807e-18,0.0
0.049914093929123916,4.2012834255647056e-19,0.00019524273295910987,4.089912561394555e-06,2.646977960171827e-23,4.1152778492275366e-08,typ,0.013016182197273992,1.683112656918447e-13,True,8.193903243444774e-05,0.4791666667,0.84,-5.611352218514162e-16,-0.005474925117734056,4.659679311983936e-09,True,False,17,0.9583333334,651,2.743518566151691e-06,0.0001829012377434461,2.743518566151691e-06,2.743518566151691e-06,0.0,44.72008508687566,13.5932758607649,-0.001704864873488686,-0.001704864873488686,0.4999892163470534,0.002400301580697299,0.0,0.0014065771117214335,0.0014065771117214335,True,4.089912561394555e-06,1.2365379880676425e-07,success,0.9999784326941066,0.26528273678557296,0.5,5.136333957448739e-15,0.015,"[0.005, 0.0075, 0.01, 0.015, 0.02, 0.03, 0.05, 0.08]",0.000210777517137573,0.003911575220344518,False,8.417028327771242e-18,9.745364111899867e-06,True,success,6.451990693249962e-17,-4.3146447435203443e-16,0.010062019144547022,6.4719671152805164e-18,0.0
0.1008328608669109,4.36122388054945e-19,0.000495760087930006,1.6900487875223088e-05,3.176374366023908e-22,2.2524013785272648e-07,typ,0.024788004396500297,3.806668218793581e-12,True,0.00016760892956840735,0.4791666667,0.84,-2.1626004871099616e-16,-0.00538069443263802,4.659679311983936e-09,True,False,17,0.9583333334,651,1.1262006892636323e-05,0.0005631003446318161,1.1262006892636323e-05,1.1262006892636323e-05,0.0,33.318585166842894,10.12763545917768,-0.001704864873488686,-0.001704864873488686,0.4999892163470534,0.002400301580697299,0.0,0.0014065771117214335,0.0014065771117214335,True,1.6900487875223088e-05,1.2365379880676425e-07,success,0.9999784326941066,0.26528273678557296,0.5,5.136333957448739e-15,0.02,"[0.005, 0.0075, 0.01, 0.015, 0.02, 0.03, 0.05, 0.08]",0.0004543329391302816,0.004916652008756935,False,4.325200974219923e-18,4.9988907969613805e-05,True,success,1.628017876583061e-16,-9.397286011726982e-16,0.013327434066737158,1.8794572023453964e-17,0.0
0.1968734163328613,1.5409702446869093e-18,0.0014352330200840902,8.199843745787214e-05,2.905926395658643e-22,1.6540254604194113e-06,typ,0.04784110066946967,1.3562750326992926e-10,True,0.00041650335014877936,0.4791666667,0.84,-2.609071137164151e-16,-0.005015844943800237,4.659679311983936e-09,True,False,17,0.9583333334,651,5.513418201398038e-05,0.0018378060671326794,5.513418201398038e-05,5.513418201398038e-05,0.0,22.412696194081484,6.812642721001365,-0.001704864873488686,-0.001704864873488686,0.49998921634705334,0.002400301580697299,0.0,0.0014065771117214335,0.0014065771117214335,True,8.199843745787214e-05,1.2365379880676425e-07,success,0.9999784326941066,0.26528273678557296,0.5,5.136333957448739e-15,0.03,"[0.005, 0.0075, 0.01, 0.015, 0.02, 0.03, 0.05, 0.08]",0.0011524438451969996,0.007290131124953345,False,7.827213411492453e-18,0.0002825592278976849,True,success,2.4952308218964582e-17,-1.181293402552784e-16,0.020171426574673332,3.543880207658352e-18,0.0
0.31770640617748075,6.285578241069698e-19,0.004447230385747366,0.00034452517145335616,1.5888261059181675e-21,1.2558072638800813e-05,typ,0.08894460771494732,4.326572129006551e-09,True,0.0010844136748721824,0.4791666667,0.84,-3.956847025337208e-17,-0.0036402229284971583,4.659679311983936e-09,True,False,17,0.9583333334,651,0.00025116145277601624,0.005023229055520324,0.0002511614527760163,0.00025116145277601624,0.0,14.580151094128109,4.431834499623558,-0.001704864873488686,-0.001704864873488686,0.49998921634705346,0.002400301580697299,0.0,0.0014065771117214335,0.0014065771117214335,True,0.00034452517145335616,1.2365379880676425e-07,success,0.9999784326941066,0.26528273678557296,0.5,5.136333957448739e-15,0.05,"[0.005, 0.0075, 0.01, 0.015, 0.02, 0.03, 0.05, 0.08]",0.0028237962843227883,0.013997924811320941,False,1.978423512668604e-18,0.0014129135832990872,True,success,2.415485267162925e-17,-9.223280256799885e-17,0.036450377735320276,4.611640128399942e-18,2.1583769334468435e-16
0.4025217641650237,5.6586766322236785e-18,0.011693876905814292,0.000860074283104607,-2.2336327200690377e-21,5.4644342546438914e-05,typ,0.14617346132267864,4.699819374135102e-08,True,0.0021367149795954842,0.4791666667,0.84,-1.7572579721129576e-16,-0.00010704878962029823,4.659679311983936e-09,True,False,17,0.9583333334,651,0.0006830542818304865,0.008538178522881081,0.0006830542818304865,0.0006830542818304865,0.0,9.927257087679507,3.017524315336424,-0.001704864873488686,-0.001704864873488686,0.49998921634705346,0.002400301580697299,0.0,0.0014065771117214335,0.0014065771117214335,True,0.000860074283104607,1.2365379880676425e-07,success,0.9999784326941066,0.26528273678557296,0.5,5.136333957448739e-15,0.08,"[0.005, 0.0075, 0.01, 0.015, 0.02, 0.03, 0.05, 0.08]",0.004672902150976919,0.029051539436809434,False,1.4058063776903662e-17,0.004707039962056998,True,success,-1.0303177440479707e-17,3.246278786534434e-17,0.06353444536114884,-2.5970230292275474e-18,0.0
0.46352971867572007,3.606043732600288e-19,3.81222136793535e-05,0.01479663406087512,3.353497639834378e-21,1.2168842400557123e-06,arith,0.0076244427358707,1.800579079455049e-08,True,0.031921651330465546,0.45833333335,2.0,-1.5559061640761955e-16,-0.09259426798850284,4.710772379895744e-09,True,False,18,0.9166666667,636,0.00024337684801114246,0.04867536960222849,0.00024337684801114246,0.00024337684801114246,0.0,3.289624478240943,0.9999259376225406,-4.930125305438438e-06,-4.930125305438438e-06,0.49998964101397136,0.4635357060152535,0.0,0.2805540095687058,0.4635357060152535,True,0.01479663406087512,0.01479697611345549,success,0.9999792820279426,0.9999792820279426,0.5,3.16534496590709e-15,0.005,"[0.005, 0.0075, 0.01, 0.015, 0.02, 0.03, 0.05, 0.08]",0.03192060802898131,8.224329992964993e-05,False,7.779530820380978e-19,1.7670778982086415e-05,True,success,2.499147592615658e-17,-4.5327844508929367e-17,8.224061195602359e-05,2.2663922254464685e-19,0.0
0.46352222249828096,-2.209697201149656e-19,8.576913545054374e-05,0.014796205765348262,-4.723201297677788e-22,2.737655476711085e-06,arith,0.011435884726739166,4.05069137480498e-08,True,0.031921243571883196,0.45833333335,2.0,6.356249586020948e-17,-0.09257044241617843,4.710772379895744e-09,True,False,18,0.9166666667,636,0.0003650207302281447,0.04866943069708596,0.0003650207302281447,0.0003650207302281447,0.0,3.2893183204485137,0.9998328768128097,-4.930125305438438e-06,-4.930125305438438e-06,0.4999896410139713,0.4635357060152535,0.0,0.2805540095687058,0.4635357060152535,True,0.014796205765348262,0.01479697611345549,success,0.9999792820279426,0.9999792820279426,0.5,3.16534496590709e-15,0.0075,"[0.005, 0.0075, 0.01, 0.015, 0.02, 0.03, 0.05, 0.08]",0.03191888856440291,0.00018503780679223383,False,-4.767187189515711e-19,3.975590028579213e-05,True,success,-2.346777293578476e-18,4.256227461357438e-18,0.00018502415552522887,-3.1921705960180776e-20,0.0
0.4635117025618382,-1.2874900798265365e-19,0.00015246383318285334,0.01479560458739204,-3.110199103199384e-21,4.8661065688763725e-06,arith,0.015246383318285334,7.19969886732058e-08,True,0.0319206710545094,0.45833333335,2.0,2.777686243325797e-17,-0.09253708935078617,4.710772379895744e-09,True,False,18,0.9166666667,636,0.0004866106568876372,0.04866106568876372,0.0004866106568876372,0.0004866106568876372,0.0,3.28888660151339,0.9997016499922871,-4.930125305438438e-06,-4.930125305438438e-06,0.4999896410139713,0.4635357060152535,0.0,0.2805540095687058,0.4635357060152535,True,0.01479560458739204,0.01479697611345549,success,0.9999792820279426,0.9999792820279426,0.5,3.16534496590709e-15,0.01,"[0.005, 0.0075, 0.01, 0.015, 0.02, 0.03, 0.05, 0.08]",0.03191646482507324,0.0003289320039605964,False,-2.777686243325797e-19,7.066877089768844e-05,True,success,-1.1591270096265587e-17,2.1021101806476475e-17,0.000328888660151339,-2.1021101806476474e-19,0.0
0.46348147774904763,2.710505438607537e-19,0.00034294836548773424,0.014793876527884444,2.0328790746235453e-20,1.0943287199568367e-05,arith,0.02286322436584895,1.6189363963959275e-07,True,0.031919024250402946,0.45833333335,2.0,-3.898761250426412e-17,-0.09244181264338,4.710772379895744e-09,True,False,18,0.9166666667,636,0.0007295524799712245,0.04863683199808164,0.0007295524799712245,0.0007295524799712245,0.0,3.2876326841316965,0.9993205048123784,-4.930125305438438e-06,-4.930125305438438e-06,0.49998964101397125,0.4635357060152535,0.0,0.2805540095687058,0.4635357060152535,True,0.014793876527884444,0.01479697611345549,success,0.9999792820279426,0.9999792820279426,0.5,3.16534496590709e-15,0.015,"[0.005, 0.0075, 0.01, 0.015, 0.02, 0.03, 0.05, 0.08]",0.03190943098388892,0.0007399397429068867,False,5.848141875639617e-19,0.00015895021522787555,True,success,5.052387500954623e-17,-9.160903255216644e-17,0.0007397173539296317,1.3741354882824965e-18,0.0
0.463438733148015,-3.221325576885536e-19,0.0006094432695984212,0.0147914305801216,8.521614682352115e-21,1.9440813063021204e-05,arith,0.030472163479921058,2.875574368427993e-07,True,0.03191669043208232,0.45833333335,2.0,3.4754600192823066e-17,-0.0923084702579788,4.710772379895744e-09,True,False,18,0.9166666667,636,0.0009720406531510601,0.048602032657553,0.0009720406531510601,0.0009720406531510601,0.0,3.285823666229413,0.9987706293071098,-4.930125305438438e-06,-4.930125305438438e-06,0.49998964101397125,0.4635357060152535,0.0,0.2805540095687058,0.4635357060152535,True,0.0147914305801216,0.01479697611345549,success,0.9999792820279426,0.9999792820279426,0.5,3.16534496590709e-15,0.02,"[0.005, 0.0075, 0.01, 0.015, 0.02, 0.03, 0.05, 0.08]",0.03189929897138955,0.00131504603738802,False,-6.950920038564613e-19,0.00028243961678827643,True,success,1.589130602467986e-17,-2.8805917846122424e-17,0.0013143294664917653,5.761183569224485e-19,0.0
0.46331365097778304,-4.049580435287875e-19,0.0013695943514447939,0.014784258910585628,1.2901717532190431e-20,4.364660374226799e-05,arith,0.045653145048159795,6.452826902934254e-07,True,0.03190982799532183,0.45833333335,2.0,2.913490984449079e-17,-0.09192779437846782,4.710772379895744e-09,True,False,18,0.9166666667,636,0.001454886791408933,0.04849622638029777,0.001454886791408933,0.001454886791408933,0.0,3.280260895970521,0.9970797499062258,-4.930125305438438e-06,-4.930125305438438e-06,0.4999896410139713,0.4635357060152535,0.0,0.2805540095687058,0.4635357060152535,True,0.014784258910585628,0.01479697611345549,success,0.9999792820279426,0.9999792820279426,0.5,3.16534496590709e-15,0.03,"[0.005, 0.0075, 0.01, 0.015, 0.02, 0.03, 0.05, 0.08]",0.031868270846929905,0.002956084606085714,False,-8.740472953347238e-19,0.0006345517593264364,True,success,1.6060997764205595e-17,-2.908886090767056e-17,0.0029522348063734686,8.726658272301168e-19,0.0
0.46287603201028305,-1.669929222504253e-18,0.0037857545781755913,0.014759017253741971,4.0650731958513886e-20,0.00012015613118865073,arith,0.07571509156351182,1.7733864133561799e-06,True,0.031885464429089495,0.45833333335,2.0,7.215449092283761e-17,-0.09071316657015363,4.710772379895744e-09,True,False,18,0.9166666667,636,0.0024031226237730143,0.04806245247546028,0.0024031226237730143,0.0024031226237730143,0.0,3.256480539940735,0.9898513884451035,-4.930125305438438e-06,-4.930125305438438e-06,0.49998964101397125,0.4635357060152535,0.0,0.2805540095687058,0.4635357060152535,True,0.014759017253741971,0.01479697611345549,success,0.9999792820279426,0.9999792820279426,0.5,3.16534496590709e-15,0.05,"[0.005, 0.0075, 0.01, 0.015, 0.02, 0.03, 0.05, 0.08]",0.03173901760070133,0.008178765622695903,False,-3.60772454614188e-18,0.0017523350573106806,True,success,3.052577378509725e-17,-5.5085960344964534e-17,0.00814120134985184,2.754298017248227e-18,0.0
0.4614240236586232,1.1819875374959365e-18,0.00947986198751536,0.014675297512208665,-1.3644748113980724e-19,0.00029568837235730244,arith,0.118498274843942,4.3393148352441494e-06,True,0.031804363795037115,0.45833333335,2.0,-3.2020101817737444e-17,-0.08778922755671408,4.710772379895744e-09,True,False,18,0.9166666667,636,0.0036961046544662806,0.04620130818082851,0.0036961046544662806,0.0036961046544662806,0.0,3.1482365616365016,0.956949164433282,-4.930125305438438e-06,-4.930125305438438e-06,0.4999896410139713,0.4635357060152535,0.0,0.2805540095687058,0.4635357060152535,True,0.014675297512208665,0.01479697611345549,success,0.9999792820279426,0.9999792820279426,0.5,3.16534496590709e-15,0.08,"[0.005, 0.0075, 0.01, 0.015, 0.02, 0.03, 0.05, 0.08]",0.031191210668120854,0.020544795028983747,False,2.561608145418996e-18,0.00437423606200777,True,success,-6.550205755760456e-17,1.1622207405530785e-16,0.020148713994473606,-9.297765924424627e-18,0.0
0.5333230011298541,-1.0044468653892135e-18,3.740045528572656e-05,8.864086053507446e-05,1.122731168780861e-22,6.199160255956847e-09,typ,0.007480091057145312,5.494988996828474e-13,True,0.00016620483336981013,0.45833333335,2.0,3.766748717986193e-16,-0.07374340159911678,4.7462090978359495e-09,True,False,19,0.9166666667,718,1.2398320511913694e-06,0.00024796641023827387,1.2398320511913692e-06,1.2398320511913694e-06,0.0,2.797427831154184,0.8503160970196793,-0.7222066866194519,-0.7222066866194519,0.4999882552420483,0.6149887546032053,0.0,0.040527756805885995,0.040527756805885995,True,8.864086053507446e-05,0.00010272560149984703,success,0.9999765104840952,0.013453953058909302,0.5,1.2401363769793694e-14,0.005,"[0.005, 0.0075, 0.01, 0.015, 0.02, 0.03, 0.05, 0.08]",0.00016575093026535115,7.012721222691135e-05,False,-1.8833743589930966e-18,1.9946523056606604e-05,True,success,1.5145805170832513e-16,-2.5332136037569387e-16,6.99356957788546e-05,1.2666068018784695e-18,1.7079590466313084e-16
0.5079283902837478,-5.221428724230728e-19,8.845354204554521e-05,8.427850785963248e-05,1.3996800693192208e-22,1.4275426929105821e-08,typ,0.011793805606072696,1.203111680644254e-12,True,0.0001659259641158301,0.45833333335,2.0,1.3706469452813594e-16,-0.0737193932288806,4.7462090978359495e-09,True,False,19,0.9166666667,718,1.9033902572141096e-06,0.00025378536762854796,1.9033902572141098e-06,1.9033902572141096e-06,0.0,3.011270299792594,0.9153164131260088,-0.7222066866194519,-0.7222066866194519,0.4999882552420484,0.6149887546032053,0.0,0.040527756805885995,0.040527756805885995,True,8.427850785963248e-05,0.00010272560149984703,success,0.9999765104840952,0.013453953058909302,0.5,1.2401363769793694e-14,0.0075,"[0.005, 0.0075, 0.01, 0.015, 0.02, 0.03, 0.05, 0.08]",0.00016138898001117157,0.00017414569403401877,False,-1.0279852089610195e-18,4.4928065226089586e-05,True,success,1.2760738439618498e-16,-2.2143724892874085e-16,0.0001693839543633334,1.6607793669655562e-18,1.1125318941345968e-16
0.4999607822448353,3.6930636500287495e-19,0.00016160739323235415,8.24386764079407e-05,1.562337381959531e-22,2.5272787253524746e-08,typ,0.016160739323235414,2.083455130320055e-12,True,0.00016489028606961762,0.45833333335,2.0,-7.386706680165612e-17,-0.07368441876722334,4.7462090978359495e-09,True,False,19,0.9166666667,718,2.5272787253524747e-06,0.00025272787253524746,2.5272787253524747e-06,2.5272787253524747e-06,0.0,3.065646897151106,0.9318449167464306,-0.7222066866194519,-0.7222066866194519,0.4999882552420483,0.6149887546032053,0.0,0.040527756805885995,0.040527756805885995,True,8.24386764079407e-05,0.00010272560149984703,success,0.9999765104840952,0.013453953058909302,0.5,1.2401363769793694e-14,0.01,"[0.005, 0.0075, 0.01, 0.015, 0.02, 0.03, 0.05, 0.08]",0.00015638385563950227,0.0003232401399700458,False,7.386706680165611e-19,8.079735873699648e-05,True,success,1.0823874505424534e-16,-1.8951509777139543e-16,0.00030656468971511055,1.8951509777139543e-18,0.0
0.4972923861972123,-1.1113072264760643e-18,0.0003677947381530794,8.038629411841662e-05,3.3087224502121723e-22,5.2985454941765364e-08,typ,0.024519649210205295,4.259304364946862e-12,True,0.00016164794867086033,0.45833333335,2.0,1.4898106322978517e-16,-0.07358257985127842,4.7462090978359495e-09,True,False,19,0.9166666667,718,3.5323636627843575e-06,0.00023549091085229052,3.5323636627843575e-06,3.5323636627843575e-06,0.0,2.9294908222213865,0.8904584327305085,-0.7222066866194519,-0.7222066866194519,0.4999882552420483,0.6149887546032053,0.0,0.040527756805885995,0.040527756805885995,True,8.038629411841662e-05,0.00010272560149984703,success,0.9999765104840952,0.013453953058909302,0.5,1.2401363769793694e-14,0.015,"[0.005, 0.0075, 0.01, 0.015, 0.02, 0.03, 0.05, 0.08]",0.0001440625692684933,0.0007395945491255164,False,-2.2347159484467774e-18,0.00018290152296692374,True,success,1.6032121685041955e-16,-2.744018729808269e-16,0.0006591354349998119,4.116028094712403e-18,0.0
0.4971688774623289,1.3027253073544884e-18,0.0006545405038102533,7.825589044016275e-05,3.7719438498830167e-22,8.487594172774818e-08,typ,0.03272702519051266,6.6420423968522995e-12,True,0.0001574030354426043,0.45833333335,2.0,-1.3101436618517995e-16,-0.07343944830903691,4.7462090978359495e-09,True,False,19,0.9166666667,718,4.243797086387409e-06,0.00021218985431937045,4.243797086387409e-06,4.243797086387409e-06,0.0,2.7114873158541126,0.8241933128205722,-0.7222066866194519,-0.7222066866194519,0.4999882552420483,0.6149887546032053,0.0,0.040527756805885995,0.040527756805885995,True,7.825589044016275e-05,0.00010272560149984703,success,0.9999765104840952,0.013453953058909302,0.5,1.2401363769793694e-14,0.02,"[0.005, 0.0075, 0.01, 0.015, 0.02, 0.03, 0.05, 0.08]",0.00012967255843398978,0.0013165355545809454,False,2.620287323703599e-18,0.00032541716753297083,True,success,1.46357302818547e-16,-2.4100063449965975e-16,0.0010845949263416452,4.820012689993195e-18,0.0
0.497256229884555,2.0169689500811194e-18,0.0014737422193000635,7.315180516018298e-05,4.2329883820285973e-22,1.4871322888788158e-07,typ,0.04912474064333545,1.0878641144348009e-11,True,0.000147110887232456,0.45833333335,2.0,-1.3520654804394554e-16,-0.07303020442364835,4.7462090978359495e-09,True,False,19,0.9166666667,718,4.957107629596053e-06,0.0001652369209865351,4.957107629596053e-06,4.957107629596053e-06,0.0,2.258822193447041,0.6865996148329075,-0.7222066866194519,-0.7222066866194519,0.4999882552420484,0.6149887546032053,0.0,0.040527756805885995,0.040527756805885995,True,7.315180516018298e-05,0.00010272560149984703,success,0.9999765104840952,0.013453953058909302,0.5,1.2401363769793694e-14,0.03,"[0.005, 0.0075, 0.01, 0.015, 0.02, 0.03, 0.05, 0.08]",0.00010090857609990382,0.0029637481256739877,False,4.056196441318366e-18,0.0007328274997908466,True,success,1.283393250846259e-16,-1.9288602984617534e-16,0.0020329399741023367,5.78658089538526e-18,0.0
0.4974875460655982,6.427288712188604e-18,0.004095397461481974,6.223550555670616e-05,7.12007007141875e-22,2.39394387662069e-07,typ,0.08190794922963947,1.4898830743586966e-11,True,0.00012509962520448672,0.45833333335,2.0,-2.5838993410062605e-16,-0.0717195852717313,4.7462090978359495e-09,True,False,19,0.9166666667,718,4.78788775324138e-06,9.57577550648276e-05,4.78788775324138e-06,4.78788775324138e-06,0.0,1.5386354494634495,0.4676890948010913,-0.7222066866194519,-0.7222066866194519,0.4999882552420483,0.6149887546032053,0.0,0.040527756805885995,0.040527756805885995,True,6.223550555670616e-05,0.00010272560149984703,success,0.9999765104840952,0.013453953058909302,0.5,1.2401363769793694e-14,0.05,"[0.005, 0.0075, 0.01, 0.015, 0.02, 0.03, 0.05, 0.08]",5.8454494322863844e-05,0.00823216077240647,False,1.2919496705031302e-17,0.0020374092332759476,True,success,1.84462535771278e-16,-2.288105481823801e-16,0.0038465886236586245,1.1440527409119005e-17,0.0
0.4972967537261589,2.1535733936618053e-17,0.010284023120115506,4.872634718589159e-05,4.724297838819222e-22,2.8486711165284713e-07,typ,0.12855028900144383,1.3880533784238772e-11,True,9.798243568009134e-05,0.45833333335,2.0,-5.413199909122297e-16,-0.06854796835325704,4.7462090978359495e-09,True,False,19,0.9166666667,718,3.560838895660589e-06,4.4510486195757366e-05,3.560838895660589e-06,3.560838895660589e-06,0.0,0.9134788213438068,0.2776642662322863,-0.7222066866194519,-0.7222066866194519,0.4999882552420483,0.6149887546032053,0.0,0.040527756805885995,0.040527756805885995,True,4.872634718589159e-05,0.00010272560149984703,success,0.9999765104840952,0.013453953058909302,0.5,1.2401363769793694e-14,0.08,"[0.005, 0.0075, 0.01, 0.015, 0.02, 0.03, 0.05, 0.08]",2.7699968030570474e-05,0.020679851704357797,False,4.3305599272978374e-17,0.005114211312878205,True,success,1.2680435979350012e-16,-1.2119464395709702e-16,0.005846264456600364,9.695571516567762e-18,0.0
0.4487252024374975,-2.7479774884442375e-19,3.690493955682568e-05,0.013774545458350078,-3.382450576860868e-21,1.132844497275823e-06,arith,0.0073809879113651364,1.5604418024967566e-08,True,0.030697062218761208,0.45833333335,2.08,1.2247930241123466e-16,-0.10001257925243177,4.71571398288311e-09,True,False,20,0.9166666667,621,0.0002265688994551646,0.04531377989103292,0.0002265688994551646,0.0002265688994551646,0.0,3.2896751495755443,0.9999413398613362,-5.2164268064670664e-06,-5.2164268064670664e-06,0.49998962063059393,0.4487298610229989,0.0,0.2583305275786375,0.4487298610229989,True,0.013774545458350078,0.01377479725187252,success,0.9999792412611879,0.9999792412611879,0.5,3.4002339921922836e-15,0.005,"[0.005, 0.0075, 0.01, 0.015, 0.02, 0.03, 0.05, 0.08]",0.030696283773381766,8.224396436027267e-05,False,-6.123965120561733e-19,1.6560176473580212e-05,True,success,-2.7077444324703318e-17,4.91116107909091e-17,8.22418787393886e-05,-2.455580539545455e-19,0.0
0.44871936217341096,-2.5196583202855265e-19,8.303155923895225e-05,0.013774229647264519,2.1672132048889325e-22,2.5486537259938344e-06,arith,0.011070874565193635,3.510574171319545e-08,True,0.03069675794810335,0.45833333335,2.08,7.486961139307931e-17,-0.0999895142973797,4.71571398288311e-09,True,False,20,0.9166666667,621,0.0003398204967991779,0.045309399573223726,0.0003398204967991779,0.0003398204967991779,0.0,3.2894325659963064,0.9998676032951944,-5.2164268064670664e-06,-5.2164268064670664e-06,0.49998962063059393,0.4487298610229989,0.0,0.2583305275786375,0.4487298610229989,True,0.013774229647264519,0.01377479725187252,success,0.9999792412611879,0.9999792412611879,0.5,3.4002339921922836e-15,0.0075,"[0.005, 0.0075, 0.01, 0.015, 0.02, 0.03, 0.05, 0.08]",0.030695000182511263,0.00018504117771246092,False,-5.615220854480948e-19,3.725786830196644e-05,True,success,1.1566782295830064e-18,-2.0978433498765123e-18,0.00018503058183729222,1.5733825124073842e-20,0.0
0.44871116561367225,6.700030612781516e-19,0.0001476002683387995,0.01377378629898384,-1.503483481376383e-20,4.5303233898642e-06,arith,0.014760026833879948,6.239970623727755e-08,True,0.030696330634309835,0.45833333335,2.08,-1.4931722511558926e-16,-0.09995722549141808,4.71571398288311e-09,True,False,20,0.9166666667,621,0.00045303233898642,0.045303233898642,0.00045303233898642,0.00045303233898642,0.0,3.2890908073682135,0.9997637211290393,-5.2164268064670664e-06,-5.2164268064670664e-06,0.49998962063059393,0.4487298610229989,0.0,0.2583305275786375,0.4487298610229989,True,0.01377378629898384,0.01377479725187252,success,0.9999792412611879,0.9999792412611879,0.5,3.4002339921922836e-15,0.01,"[0.005, 0.0075, 0.01, 0.015, 0.02, 0.03, 0.05, 0.08]",0.03069319209816992,0.0003289427133753992,False,1.4931722511558926e-18,6.622988845119352e-05,True,success,-6.018765021126e-17,1.091554238421212e-16,0.00032890908073682137,-1.091554238421212e-18,0.0
0.4486876280603394,2.574980166817872e-19,0.0003320265283691643,0.013772512546240687,-5.5057141457825e-21,1.0189214430071149e-05,arith,0.022135101891277622,1.4033108357449154e-07,True,0.03069510208199581,0.45833333335,2.08,-3.825943344964245e-17,-0.09986498558279792,4.71571398288311e-09,True,False,20,0.9166666667,621,0.0006792809620047433,0.04528539746698289,0.0006792809620047433,0.0006792809620047433,0.0,3.2880999247551155,0.9994625289314102,-5.2164268064670664e-06,-5.2164268064670664e-06,0.49998962063059393,0.4487298610229989,0.0,0.2583305275786375,0.4487298610229989,True,0.013772512546240687,0.01377479725187252,success,0.9999792412611879,0.9999792412611879,0.5,3.4002339921922836e-15,0.015,"[0.005, 0.0075, 0.01, 0.015, 0.02, 0.03, 0.05, 0.08]",0.030687952797380853,0.0007399948373983547,False,5.738915017446368e-19,0.00014897619546706933,True,success,-1.4697271603167387e-17,2.6650737001435648e-17,0.0007398224830699009,-3.997610550215347e-19,0.0
0.44865437681761594,-5.932802947037679e-19,0.0005900811353056708,0.013770711617267006,1.0212448260679733e-20,1.8103940760782703e-05,arith,0.02950405676528354,2.4930414735282405e-07,True,0.03069336292882079,0.45833333335,2.08,6.611774289509989e-17,-0.0997358846598335,4.71571398288311e-09,True,False,20,0.9166666667,621,0.0009051970380391352,0.045259851901956756,0.0009051970380391352,0.0009051970380391352,0.0,3.286674876351758,0.9990293661584828,-5.2164268064670664e-06,-5.2164268064670664e-06,0.49998962063059393,0.4487298610229989,0.0,0.2583305275786375,0.4487298610229989,True,0.013770711617267006,0.01377479725187252,success,0.9999792412611879,0.9999792412611879,0.5,3.4002339921922836e-15,0.02,"[0.005, 0.0075, 0.01, 0.015, 0.02, 0.03, 0.05, 0.08]",0.030680426262745364,0.00131522429245251,False,-1.3223548579019979e-18,0.000264742484032397,True,success,2.0453381435705924e-17,-3.708032142607071e-17,0.0013146699505407033,7.416064285214143e-19,0.0
0.44855733744447096,-5.989222583340609e-19,0.0013264092718996163,0.01376544560657775,2.3904719188084454e-20,4.0664442738322284e-05,arith,0.04421364239665388,5.59764174636171e-07,True,0.030688263143798956,0.45833333335,2.08,4.4507298423746057e-17,-0.09936725848494499,4.71571398288311e-09,True,False,20,0.9166666667,621,0.0013554814246107428,0.045182714153691426,0.0013554814246107428,0.0013554814246107428,0.0,3.282328479951357,0.9977082200748806,-5.2164268064670664e-06,-5.2164268064670664e-06,0.49998962063059393,0.4487298610229989,0.0,0.2583305275786375,0.4487298610229989,True,0.01376544560657775,0.01377479725187252,success,0.9999792412611879,0.9999792412611879,0.5,3.4002339921922836e-15,0.03,"[0.005, 0.0075, 0.01, 0.015, 0.02, 0.03, 0.05, 0.08]",0.030657538061449708,0.0029570562360131244,False,-1.3352189527123817e-18,0.0005949706113649512,True,success,3.195075289543909e-17,-5.788581028974392e-17,0.002954095631956221,1.7365743086923175e-18,0.0
0.4482216143373723,1.877268787207746e-18,0.003670481068911184,0.013747111856781237,-1.3154109304628578e-20,0.00011218556371326582,arith,0.07340962137822367,1.5422274930823235e-06,True,0.030670345688492195,0.45833333335,2.08,-8.376520574461824e-17,-0.09819033175211689,4.71571398288311e-09,True,False,20,0.9166666667,621,0.002243711274265316,0.04487422548530632,0.002243711274265316,0.002243711274265316,0.0,3.2642656837894686,0.9922177884138421,-5.2164268064670664e-06,-5.2164268064670664e-06,0.49998962063059393,0.4487298610229989,0.0,0.2583305275786375,0.4487298610229989,True,0.013747111856781237,0.01377479725187252,success,0.9999792412611879,0.9999792412611879,0.5,3.4002339921922836e-15,0.05,"[0.005, 0.0075, 0.01, 0.015, 0.02, 0.03, 0.05, 0.08]",0.03056426708299157,0.008188987214142794,False,4.188260287230912e-18,0.0016451889501021347,True,success,-1.0592225691876207e-17,1.9137269619494452e-17,0.008160664209473673,-9.568634809747226e-19,0.0
0.44713230213903093,-7.778896492787898e-19,0.009235843362072841,0.013687330940601698,2.151141201034791e-20,0.0002785273327429397,arith,0.11544804202591051,3.8122957792557027e-06,True,0.030611366870885948,0.45833333335,2.08,2.1746629732336844e-17,-0.09534904532091876,4.71571398288311e-09,True,False,20,0.9166666667,621,0.003481591659286746,0.04351989574108432,0.003481591659286746,0.003481591659286746,0.0,3.1795750340183693,0.9664749177791027,-5.2164268064670664e-06,-5.2164268064670664e-06,0.49998962063059393,0.4487298610229989,0.0,0.2583305275786375,0.4487298610229989,True,0.013687330940601698,0.01377479725187252,success,0.9999792412611879,0.9999792412611879,0.5,3.4002339921922836e-15,0.08,"[0.005, 0.0075, 0.01, 0.015, 0.02, 0.03, 0.05, 0.08]",0.030157217031929886,0.020655728333402887,False,-1.7397303785869475e-18,0.004129643904679117,True,success,1.101731138816003e-17,-1.9645367770842275e-17,0.020349280217717564,1.5716294216673819e-18,0.0
0.3253351476308839,-2.662394616384328e-18,5.3922986820509486e-05,5.3950002865283194e-06,-6.155268256564693e-24,7.39895477294211e-10,typ,0.010784597364101898,3.9917363120032755e-15,True,1.658290020557304e-05,0.45833333335,2.08,1.636708874385135e-15,-0.08150302002185725,4.577512037268909e-09,True,False,21,0.9166666667,470,1.479790954588422e-07,2.9595819091768438e-05,1.479790954588422e-07,1.479790954588422e-07,0.0,5.485786379969469,1.667479107682566,-4.908485555864856,-4.908485555864856,0.4999924986327264,0.06588071703385179,0.0,0.006184763270749763,0.006184763270749763,True,5.3950002865283194e-06,2.3907436519317217e-06,success,0.9999849972654531,0.005069611894773894,0.5,1.5448591687305083e-14,0.005,"[0.005, 0.0075, 0.01, 0.015, 0.02, 0.03, 0.05, 0.08]",1.3721337057182325e-05,0.00016574596139759542,False,-8.183544371925674e-18,1.754304287794866e-05,True,success,-9.742402374723045e-17,2.2818416792061396e-16,0.00013714465949923673,-1.14092083960307e-18,0.0
0.43230378039030554,-3.7047632926126995e-18,0.0001043062896577355,6.556191633207528e-06,-9.382522280081461e-24,1.4527376951024846e-09,typ,0.013907505287698067,9.524426721876099e-15,True,1.516570506806179e-05,0.45833333335,2.08,1.1426419601721898e-15,-0.0814717405384967,4.577512037268909e-09,True,False,21,0.9166666667,470,1.9369835934699795e-07,2.5826447912933062e-05,1.9369835934699795e-07,1.9369835934699795e-07,0.0,3.939245427500999,1.1973870281162042,-4.908485555864856,-4.908485555864856,0.4999924986327264,0.06588071703385179,0.0,0.006184763270749763,0.006184763270749763,True,6.556191633207528e-06,2.3907436519317217e-06,success,0.9999849972654531,0.005069611894773894,0.5,1.5448591687305083e-14,0.0075,"[0.005, 0.0075, 0.01, 0.015, 0.02, 0.03, 0.05, 0.08]",1.3927613568361143e-05,0.00024128007755001022,False,-8.569814701291423e-18,4.5092003337525285e-05,True,success,-9.613912872855302e-17,1.9081244732706083e-16,0.0002215825552969312,-1.4310933549529561e-18,0.0
0.46719814431909495,-4.160625836913123e-18,0.00016663203943573452,6.903669543878198e-06,-1.2989320556496763e-23,2.311595652451168e-09,typ,0.01666320394357345,1.5958492503588382e-14,True,1.4776748640429128e-05,0.45833333335,2.08,8.905484509098196e-16,-0.0814336524703263,4.577512037268909e-09,True,False,21,0.9166666667,470,2.3115956524511683e-07,2.311595652451168e-05,2.3115956524511683e-07,2.3115956524511683e-07,0.0,3.348357909890062,1.0177787600647357,-4.908485555864856,-4.908485555864856,0.4999924986327263,0.06588071703385179,0.0,0.006184763270749763,0.006184763270749763,True,6.903669543878198e-06,2.3907436519317217e-06,success,0.9999849972654531,0.005069611894773894,0.5,1.5448591687305083e-14,0.01,"[0.005, 0.0075, 0.01, 0.015, 0.02, 0.03, 0.05, 0.08]",1.3872456103153491e-05,0.000356662459947455,False,-8.905484509098196e-18,7.785017960848142e-05,True,success,-1.0282305489026086e-16,1.881509604991883e-16,0.00033483579098900624,-1.8815096049918833e-18,0.0
0.47924367471335927,-2.8460307022135952e-18,0.00035669871518995643,6.9150379073851605e-06,-3.598235664605116e-23,4.6261156110488954e-09,typ,0.023779914345997095,3.1989764814349376e-14,True,1.442906452864739e-05,0.45833333335,2.08,3.959058620044506e-16,-0.08133315945228958,4.577512037268909e-09,True,False,21,0.9166666667,470,3.084077074032597e-07,2.056051382688398e-05,3.084077074032597e-07,3.084077074032597e-07,0.0,2.973304572188339,0.9037762157498918,-4.908485555864856,-4.908485555864856,0.4999924986327264,0.06588071703385179,0.0,0.006184763270749763,0.006184763270749763,True,6.9150379073851605e-06,2.3907436519317217e-06,success,0.9999849972654531,0.005069611894773894,0.5,1.5448591687305083e-14,0.015,"[0.005, 0.0075, 0.01, 0.015, 0.02, 0.03, 0.05, 0.08]",1.296925224018624e-05,0.0007442950924773326,False,-5.938587930066759e-18,0.00017094560303316866,True,success,-2.0117966481390883e-16,3.4689958443199594e-16,0.0006689935287423762,-5.203493766479939e-18,0.0
0.4799816954810733,-2.274230998982365e-18,0.0006318903556599405,6.755706503175506e-06,-1.9025130938139607e-23,7.4346885665986885e-09,typ,0.031594517782997024,5.022657389845534e-14,True,1.4074925287316291e-05,0.45833333335,2.08,2.3690809674553963e-16,-0.0811948025772385,4.577512037268909e-09,True,False,21,0.9166666667,470,3.717344283299344e-07,1.858672141649672e-05,3.717344283299344e-07,3.717344283299344e-07,0.0,2.7512624190763866,0.8362834944345031,-4.908485555864856,-4.908485555864856,0.49999249863272643,0.06588071703385179,0.0,0.006184763270749763,0.006184763270749763,True,6.755706503175506e-06,2.3907436519317217e-06,success,0.9999849972654531,0.005069611894773894,0.5,1.5448591687305083e-14,0.02,"[0.005, 0.0075, 0.01, 0.015, 0.02, 0.03, 0.05, 0.08]",1.176578895374019e-05,0.0013164884444741441,False,-4.7381619349107924e-18,0.00030329580426779665,True,success,-8.489084901537127e-17,1.4080785576754172e-16,0.0011005049676305547,-2.8161571153508345e-18,0.0
0.4800423155178573,-4.808184157432573e-18,0.0014216297355527333,6.345762338975655e-06,-3.018734208399819e-23,1.3368733759382583e-08,typ,0.047387657851757775,8.483480721008242e-14,True,1.3219172839231912e-05,0.45833333335,2.08,3.3387224431424186e-16,-0.08079991700795548,4.577512037268909e-09,True,False,21,0.9166666667,470,4.456244586460861e-07,1.4854148621536204e-05,4.456244586460861e-07,4.456244586460861e-07,0.0,2.340798130793847,0.711517311839413,-4.908485555864856,-4.908485555864856,0.4999924986327264,0.06588071703385179,0.0,0.006184763270749763,0.006184763270749763,True,6.345762338975655e-06,2.3907436519317217e-06,success,0.9999849972654531,0.005069611894773894,0.5,1.5448591687305083e-14,0.03,"[0.005, 0.0075, 0.01, 0.015, 0.02, 0.03, 0.05, 0.08]",9.403808477729108e-06,0.0029614675406669424,False,-1.0016167329427255e-17,0.0006824424300637732,True,success,-1.0364248982982418e-16,1.5856955908243216e-16,0.0021067183177144624,-4.757086772472965e-18,0.0
0.48008487106855724,-1.1391869295535318e-17,0.003948185422441588,5.477360118232199e-06,-1.812485075644977e-23,2.3548464772823513e-08,typ,0.07896370844883174,1.2898342179225937e-13,True,1.14091496073202e-05,0.45833333335,2.08,4.745773083904796e-16,-0.07953621507000937,4.577512037268909e-09,True,False,21,0.9166666667,470,4.7096929545647026e-07,9.419385909129404e-06,4.7096929545647026e-07,4.7096929545647026e-07,0.0,1.719694470658519,0.5227244378109139,-4.908485555864856,-4.908485555864856,0.4999924986327264,0.06588071703385179,0.0,0.006184763270749763,0.006184763270749763,True,5.477360118232199e-06,2.3907436519317217e-06,success,0.9999849972654531,0.005069611894773894,0.5,1.5448591687305083e-14,0.05,"[0.005, 0.0075, 0.01, 0.015, 0.02, 0.03, 0.05, 0.08]",5.96437660677572e-06,0.00822393218443615,False,-2.3728865419523983e-17,0.0018954640894876269,True,success,-5.046700036867844e-17,6.618097172803569e-17,0.004299236176646298,-3.309048586401785e-18,0.0
0.47982422442457123,-1.4998396670761695e-17,0.009966467198253316,4.407191566323654e-06,-2.15255397803596e-23,3.256684666149113e-08,typ,0.12458083997816645,1.4352833194827934e-13,True,9.185012640012026e-06,0.45833333335,2.08,3.9072633027095776e-16,-0.07647233800421734,4.577512037268909e-09,True,False,21,0.9166666667,470,4.070855832686391e-07,5.088569790857988e-06,4.070855832686391e-07,4.070855832686391e-07,0.0,1.1546059921109169,0.3509581372836414,-4.908485555864856,-4.908485555864856,0.4999924986327263,0.06588071703385179,0.0,0.006184763270749763,0.006184763270749763,True,4.407191566323654e-06,2.3907436519317217e-06,success,0.9999849972654531,0.005069611894773894,0.5,1.5448591687305083e-14,0.08,"[0.005, 0.0075, 0.01, 0.015, 0.02, 0.03, 0.05, 0.08]",3.267641985236119e-06,0.020771079680700976,False,-3.125810642167662e-17,0.004782152393654827,True,success,-5.681790704672559e-17,6.105231488245573e-17,0.007389478349509869,-4.8841851905964585e-18,0.0
0.47906298899534167,1.8925158292419632e-19,3.939930189273989e-05,0.015920945341743337,-5.624590674051906e-21,1.309321258303674e-06,arith,0.007879860378547978,2.0845632188235403e-08,True,0.03323351147441313,0.45833333335,1.92,-7.900906029959939e-17,-0.08536651322778772,4.754084904709989e-09,True,False,22,0.9166666667,654,0.0002618642516607348,0.052372850332146954,0.0002618642516607348,0.0002618642516607348,0.0,3.289556568907368,0.999905295660366,-4.658025329639504e-06,-4.658025329639504e-06,0.4999896604425232,0.4790707649049747,0.0,0.30425385111266756,0.4790707649049747,True,0.015920945341743337,0.015921415754040536,success,0.9999793208850464,0.9999793208850464,0.5,2.8328391816507146e-15,0.005,"[0.005, 0.0075, 0.01, 0.015, 0.02, 0.03, 0.05, 0.08]",0.03323209283931355,8.224242489566023e-05,False,3.950453014979969e-19,1.8874747329065794e-05,True,success,-3.895680999384908e-17,7.065649122360489e-17,8.22389142226842e-05,-3.532824561180244e-19,0.0
0.4790532490134345,1.8661194619196304e-20,8.864083057317933e-05,0.015920356016799274,-1.0860881442821253e-21,2.9455129353598522e-06,arith,0.011818777409757245,4.689361458301632e-08,True,0.03323295698251867,0.45833333335,1.92,-5.1939096283839836e-18,-0.08534188971856478,4.754084904709989e-09,True,False,22,0.9166666667,654,0.00039273505804798034,0.05236467440639738,0.00039273505804798034,0.00039273505804798034,0.0,3.289164786964676,0.9997862082298762,-4.658025329639504e-06,-4.658025329639504e-06,0.4999896604425232,0.4790707649049747,0.0,0.30425385111266756,0.4790707649049747,True,0.015920356016799274,0.015921415754040536,success,0.9999793208850464,0.9999793208850464,0.5,2.8328391816507146e-15,0.0075,"[0.005, 0.0075, 0.01, 0.015, 0.02, 0.03, 0.05, 0.08]",0.03322975333504035,0.00018503335642901255,False,3.8954322212879874e-20,4.246367788133093e-05,True,success,-5.01543051698919e-18,9.096012200866844e-18,0.000185015519266763,-6.822009150650133e-20,0.0
0.4790395753909675,-5.039846036163087e-20,0.00015756466768438902,0.015919528509954897,1.4333385654318864e-20,5.235315073547024e-06,arith,0.015756466768438903,8.334374757192846e-08,True,0.03323217814929423,0.45833333335,1.92,1.0520730008684196e-17,-0.0853074203634337,4.754084904709989e-09,True,False,22,0.9166666667,654,0.0005235315073547023,0.052353150735470234,0.0005235315073547023,0.0005235315073547023,0.0,3.288611889650654,0.999618147599008,-4.658025329639504e-06,-4.658025329639504e-06,0.4999896604425232,0.4790707649049747,0.0,0.30425385111266756,0.4790707649049747,True,0.015919528509954897,0.015921415754040536,success,0.9999793208850464,0.9999793208850464,0.5,2.8328391816507146e-15,0.01,"[0.005, 0.0075, 0.01, 0.015, 0.02, 0.03, 0.05, 0.08]",0.03322645330635709,0.00032891785100592753,False,-1.0520730008684197e-19,7.547971150414861e-05,True,success,4.9649202140615234e-17,-9.003649602659917e-17,0.00032886118896506545,9.003649602659918e-19,0.0
0.4790002620669634,5.285485598512359e-19,0.0003543963874729323,0.015917148197492372,3.6845933218566726e-20,1.1771935481752197e-05,arith,0.02362642583152882,1.8737564163436848e-07,True,0.03322993630276382,0.45833333335,1.92,-7.35627377419327e-17,-0.08520895962253097,4.754084904709989e-09,True,False,22,0.9166666667,654,0.0007847956987834798,0.05231971325223199,0.0007847956987834798,0.0007847956987834798,0.0,3.28700296077375,0.9991290918643954,-4.658025329639504e-06,-4.658025329639504e-06,0.49998966044252313,0.4790707649049747,0.0,0.30425385111266756,0.4790707649049747,True,0.015917148197492372,0.015921415754040536,success,0.9999793208850464,0.9999793208850464,0.5,2.8328391816507146e-15,0.015,"[0.005, 0.0075, 0.01, 0.015, 0.02, 0.03, 0.05, 0.08]",0.03321686083115421,0.000739866792439016,False,1.1034410661289904e-18,0.00016975596247511968,True,success,8.512027031169175e-17,-1.5432384730145538e-16,0.0007395756661740938,2.3148577095218307e-18,0.0
0.47894459341610557,-1.0809674043304719e-18,0.0006297208304685612,0.01591377474702886,1.6995639706885343e-20,2.0908621300742723e-05,arith,0.03148604152342806,3.327350896509493e-07,True,0.033226755173333844,0.45833333335,1.92,1.1284889934975534e-16,-0.08507117331562333,4.754084904709989e-09,True,False,22,0.9166666667,654,0.0010454310650371361,0.052271553251856805,0.0010454310650371361,0.0010454310650371361,0.0,3.284673440637711,0.9984210026518889,-4.658025329639504e-06,-4.658025329639504e-06,0.4999896604425232,0.4790707649049747,0.0,0.30425385111266756,0.4790707649049747,True,0.01591377474702886,0.015921415754040536,success,0.9999793208850464,0.9999793208850464,0.5,2.8328391816507146e-15,0.02,"[0.005, 0.0075, 0.01, 0.015, 0.02, 0.03, 0.05, 0.08]",0.033203000899914785,0.0013148093519065192,False,-2.2569779869951068e-18,0.0003016013871144174,True,success,2.9463763118402044e-17,-5.3399146264962906e-17,0.0013138693762550844,1.067982925299258e-18,0.0
0.4787811761987126,1.2063474276975542e-18,0.0014146940903064804,0.015903852537400273,-1.6364287767427928e-20,4.691156950902044e-05,arith,0.04715646967688268,7.46074683769464e-07,True,0.0332173722109734,0.45833333335,1.92,-8.398738906677998e-17,-0.08467789510817866,4.754084904709989e-09,True,False,22,0.9166666667,654,0.0015637189836340147,0.052123966121133826,0.0015637189836340147,0.0015637189836340147,0.0,3.2774427453069355,0.996223134823475,-4.658025329639504e-06,-4.658025329639504e-06,0.49998966044252313,0.4790707649049747,0.0,0.30425385111266756,0.4790707649049747,True,0.015903852537400273,0.015921415754040536,success,0.9999793208850464,0.9999793208850464,0.5,2.8328391816507146e-15,0.03,"[0.005, 0.0075, 0.01, 0.015, 0.02, 0.03, 0.05, 0.08]",0.03316022158462363,0.0029547821857543706,False,2.5196216720033993e-18,0.0006773289005183044,True,success,-1.8945494974662893e-17,3.429837252524165e-17,0.002949698470776242,-1.0289511757572495e-18,0.0
0.4782020860275654,1.1406712652182886e-18,0.0039044092020015368,0.015868510521983833,4.35124529775902e-21,0.00012876195193800823,arith,0.07808818404003073,2.0432603891594605e-06,True,0.03318369155141893,0.45833333335,1.92,-4.770666203879904e-17,-0.08342414689124915,4.754084904709989e-09,True,False,22,0.9166666667,654,0.0025752390387601643,0.051504780775203284,0.0025752390387601643,0.0025752390387601643,0.0,3.245722445332841,0.9865813198068792,-4.658025329639504e-06,-4.658025329639504e-06,0.49998966044252313,0.4790707649049747,0.0,0.30425385111266756,0.4790707649049747,True,0.015868510521983833,0.015921415754040536,success,0.9999793208850464,0.9999793208850464,0.5,2.8328391816507146e-15,0.05,"[0.005, 0.0075, 0.01, 0.015, 0.02, 0.03, 0.05, 0.08]",0.03297860067331066,0.008164768235194339,False,2.3853331019399523e-18,0.001867096625102357,True,success,3.0440494911732488e-18,-5.484125673585955e-18,0.008114306113332104,2.7420628367929775e-19,0.0
0.47624782243949604,-5.500280743612098e-19,0.009717474471242252,0.015750069205344348,4.070400143124795e-20,0.0003133243524027676,arith,0.12146843089052815,4.93488023406329e-06,True,0.033071162666250896,0.45833333335,1.92,1.4436498406013368e-17,-0.08041730831353226,4.754084904709989e-09,True,False,22,0.9166666667,654,0.0039165544050345944,0.04895693006293243,0.0039165544050345944,0.0039165544050345944,0.0,3.108362853816557,0.9448290106157055,-4.658025329639504e-06,-4.658025329639504e-06,0.49998966044252313,0.4790707649049747,0.0,0.30425385111266756,0.4790707649049747,True,0.015750069205344348,0.015921415754040536,success,0.9999793208850464,0.9999793208850464,0.5,2.8328391816507146e-15,0.08,"[0.005, 0.0075, 0.01, 0.015, 0.02, 0.03, 0.05, 0.08]",0.03224339341770487,0.020404239165790178,False,-1.1549198724810695e-18,0.004627926056540515,True,success,1.8323093440695973e-17,-3.2304621094487143e-17,0.019893522264425968,2.584369687558971e-18,0.0
0.5131056502888257,-2.935878543922076e-19,4.207749878119381e-05,0.0005618714410245035,4.878007866589339e-22,4.584052807694352e-08,typ,0.00841549975623876,2.5756483567916468e-11,True,0.001095040447728899,0.45833333335,1.92,1.1443563493286337e-16,-0.06664582776286194,4.757605796891152e-09,True,False,23,0.9166666667,709,9.168105615388704e-06,0.0018336211230777408,9.168105615388704e-06,9.168105615388704e-06,0.0,3.263417552837991,0.9919599875181798,-0.09235130443331885,-0.09235130443331885,0.49999441150120094,0.5153700053247791,0.0,0.09483368269263372,0.09483368269263372,True,0.0005618714410245035,0.0005641796377063191,success,0.9999888230023997,0.03784388668418672,0.5,9.800834184934534e-15,0.005,"[0.005, 0.0075, 0.01, 0.015, 0.02, 0.03, 0.05, 0.08]",0.0010894309168735946,8.200552606955021e-05,False,-5.721781746643169e-19,2.159020237465172e-05,True,success,9.611677958684185e-17,-1.736343053028248e-16,8.158543882094978e-05,8.68171526514124e-19,0.0
0.5126259054845819,-6.051785710335959e-19,9.479058707308437e-05,0.0005601583418378866,-2.1669547109475097e-22,1.0204451772956182e-07,typ,0.012638744943077915,5.716108784503817e-11,True,0.0010927234379783687,0.45833333335,1.92,1.5740616163659662e-16,-0.0666195109963702,4.757605796891152e-09,True,False,23,0.9166666667,709,1.360593569727491e-05,0.0018141247596366549,1.360593569727491e-05,1.360593569727491e-05,0.0,3.2385927766147127,0.9844141603863837,-0.09235130443331885,-0.09235130443331885,0.4999944115012009,0.5153700053247791,0.0,0.09483368269263372,0.09483368269263372,True,0.0005601583418378866,0.0005641796377063191,success,0.9999888230023997,0.03784388668418672,0.5,9.800834184934534e-15,0.0075,"[0.005, 0.0075, 0.01, 0.015, 0.02, 0.03, 0.05, 0.08]",0.0010765258543117221,0.00018491181592447897,False,-1.1805462122744746e-18,4.859211052975497e-05,True,success,-2.866154465140019e-17,5.157957549021357e-17,0.00018217084368457758,-3.8684681617660176e-19,0.0
0.5125162734549442,5.0271405419542725e-19,0.00016861125988629528,0.0005580315999864286,1.3565762045869654e-22,1.7862919037794454e-07,typ,0.016861125988629527,9.968073291088475e-11,True,0.0010888075733179342,0.45833333335,1.92,-9.808743258171318e-17,-0.06658263546168207,4.757605796891152e-09,True,False,23,0.9166666667,709,1.7862919037794454e-05,0.0017862919037794453,1.7862919037794454e-05,1.7862919037794454e-05,0.0,3.2010586924161433,0.9730051668725931,-0.09235130443331885,-0.09235130443331885,0.49999441150120083,0.5153700053247791,0.0,0.09483368269263372,0.09483368269263372,True,0.0005580315999864286,0.0005641796377063191,success,0.9999888230023997,0.03784388668418672,0.5,9.800834184934534e-15,0.01,"[0.005, 0.0075, 0.01, 0.015, 0.02, 0.03, 0.05, 0.08]",0.0010594143623528166,0.00032898713391023293,False,9.80874325817132e-19,8.641601457946718e-05,True,success,1.3587469545197e-17,-2.431002481974063e-17,0.00032010586924161434,2.4310024819740632e-19,0.0
0.512524989043405,-1.0842021638292125e-19,0.00037953600573927557,0.0005521809839941048,7.940933880509769e-23,3.844290869226236e-07,typ,0.025302400382618374,2.1227443149288957e-10,True,0.0010773737784468133,0.45833333335,1.92,1.4102755143741788e-17,-0.06647722755702322,4.757605796891152e-09,True,False,23,0.9166666667,709,2.5628605794841577e-05,0.0017085737196561052,2.5628605794841577e-05,2.5628605794841577e-05,0.0,3.094227742682182,0.9405324520425529,-0.09235130443331885,-0.09235130443331885,0.4999944115012009,0.5153700053247791,0.0,0.09483368269263372,0.09483368269263372,True,0.0005521809839941048,0.0005641796377063191,success,0.9999888230023997,0.03784388668418672,0.5,9.800834184934534e-15,0.015,"[0.005, 0.0075, 0.01, 0.015, 0.02, 0.03, 0.05, 0.08]",0.0010128922713770387,0.0007405219527883999,False,-2.115413271561268e-19,0.00019452168718309994,True,success,5.450329228066291e-18,-9.587356453398556e-18,0.0006962012421034909,1.4381034680097835e-19,0.0
0.512575786605113,-7.552997904766086e-19,0.00067502023572111,0.0005442210430158071,6.882142988675298e-22,6.426458745018025e-07,typ,0.033751011786055496,3.497414081111764e-10,True,0.0010617377122323444,0.45833333335,1.92,7.36768893707507e-17,-0.06632959856655847,4.757605796891152e-09,True,False,23,0.9166666667,709,3.2132293725090125e-05,0.0016066146862545063,3.2132293725090125e-05,3.2132293725090125e-05,0.0,2.952136281521627,0.8973418269517829,-0.09235130443331885,-0.09235130443331885,0.4999944115012009,0.5153700053247791,0.0,0.09483368269263372,0.09483368269263372,True,0.0005442210430158071,0.0005641796377063191,success,0.9999888230023997,0.03784388668418672,0.5,9.800834184934534e-15,0.02,"[0.005, 0.0075, 0.01, 0.015, 0.02, 0.03, 0.05, 0.08]",0.0009520394211816146,0.0013169179141135352,False,-1.473537787415014e-18,0.0003459990282991168,True,success,3.680019877385729e-17,-6.322929880235634e-17,0.001180854512608651,1.264585976047127e-18,0.0
0.5127240212874077,-1.2829926538824485e-18,0.0015206612765176297,0.0005229062833277564,7.552064088775298e-22,1.2235700741491683e-06,typ,0.050688709217254324,6.398124798644089e-10,True,0.001019859147645905,0.45833333335,1.92,8.341021684277376e-17,-0.0659074503330504,4.757605796891152e-09,True,False,23,0.9166666667,709,4.078566913830561e-05,0.001359522304610187,4.0785669138305606e-05,4.078566913830561e-05,0.0,2.599934917511867,0.7902854497060386,-0.09235130443331885,-0.09235130443331885,0.49999441150120094,0.5153700053247791,0.0,0.09483368269263372,0.09483368269263372,True,0.0005229062833277564,0.0005641796377063191,success,0.9999888230023997,0.03784388668418672,0.5,9.800834184934534e-15,0.03,"[0.005, 0.0075, 0.01, 0.015, 0.02, 0.03, 0.05, 0.08]",0.0008046302572728023,0.002965847538602492,False,-2.5023065052832126e-18,0.0007796795647121617,True,success,2.985652875018366e-17,-4.814160350566224e-17,0.0023399414257606796,1.444248105169867e-18,1.6614324887145675e-16
0.5131701769071625,-1.9112937617655565e-18,0.004231424751217422,0.0004675910629804635,3.4046916065013176e-22,2.1937615664488036e-06,typ,0.08462849502434841,1.0257833027814829e-09,True,0.000911181288434568,0.45833333335,1.92,7.448966630464686e-17,-0.06455397020395395,4.757605796891152e-09,True,False,23,0.9166666667,709,4.387523132897607e-05,0.0008775046265795214,4.387523132897607e-05,4.387523132897607e-05,0.0,1.8766496968231932,0.5704331056924807,-0.09235130443331885,-0.09235130443331885,0.4999944115012009,0.5153700053247791,0.0,0.09483368269263372,0.09483368269263372,True,0.0004675910629804635,0.0005641796377063191,success,0.9999888230023997,0.03784388668418672,0.5,9.800834184934534e-15,0.05,"[0.005, 0.0075, 0.01, 0.015, 0.02, 0.03, 0.05, 0.08]",0.0005184451326512749,0.008245656005810578,False,-3.724483315232343e-18,0.0021714409881515902,True,success,1.0630408833167815e-17,-1.456268896500945e-17,0.004691624242057982,7.281344482504725e-19,0.0
0.5131848695253639,-2.3904251038542743e-17,0.010570798346764639,0.00038310815219638386,-1.996192230653797e-21,2.7750035292641922e-06,typ,0.13213497933455798,1.0631264744348484e-09,True,0.0007465304901734811,0.45833333335,1.92,5.822524312888303e-16,-0.06128326598833061,4.757605796891152e-09,True,False,23,0.9166666667,709,3.4687544115802404e-05,0.00043359430144753006,3.4687544115802404e-05,3.4687544115802404e-05,0.0,1.1317804096877235,0.34401999219831036,-0.09235130443331885,-0.09235130443331885,0.4999944115012009,0.5153700053247791,0.0,0.09483368269263372,0.09483368269263372,True,0.00038310815219638386,0.0005641796377063191,success,0.9999888230023997,0.03784388668418672,0.5,9.800834184934534e-15,0.08,"[0.005, 0.0075, 0.01, 0.015, 0.02, 0.03, 0.05, 0.08]",0.0002625159839619423,0.02059842168874034,False,-4.6580194503106425e-17,0.005424773770363343,True,success,-6.122233568803203e-17,6.513148503919512e-17,0.00724339462200143,-5.21051880313561e-18,0.0
0.32290944402799227,4.8996363373959346e-20,2.750113406762663e-05,0.006820340930959354,7.557401572858624e-22,6.043311708293637e-07,arith,0.005500226813525326,4.1217446202620986e-09,True,0.021121528208905883,0.55208333335,1.04,-3.034681349840729e-17,-0.017942652652972443,4.8488677217370435e-09,True,False,24,1.1041666667,968,0.00012086623416587273,0.024173246833174546,0.00012086623416587273,0.00012086623416587273,0.0,3.5442871665616753,1.0773341126531295,-3.309437380857774e-06,-3.309437380857774e-06,0.4999897528076238,0.3178513893787238,0.0,0.17785050795924742,0.3178513893787238,True,0.006820340930959354,0.0065941200464321136,success,0.9999795056152476,0.9999795056152476,0.5,3.9236810076493504e-15,0.005,"[0.005, 0.0075, 0.01, 0.015, 0.02, 0.03, 0.05, 0.08]",0.02197477272549139,8.516670718755014e-05,False,1.5173406749203645e-19,8.880375911916591e-06,True,success,1.1771504142219003e-17,-2.2161360111936793e-17,8.860717916404188e-05,1.1080680055968397e-19,0.0
0.32712186000503995,-2.2262408134007166e-19,6.387966802010881e-05,0.007014967062441157,2.017907104323111e-21,1.4562880219322737e-06,arith,0.00851728906934784,1.0215812507282485e-08,True,0.021444507139734035,0.55208333335,1.04,9.07405296756553e-17,-0.017925164742485004,4.8488677217370435e-09,True,False,24,1.1041666667,968,0.0001941717362576365,0.025889564834351533,0.0001941717362576365,0.0001941717362576365,0.0,3.690618160271469,1.121813401111837,-3.309437380857774e-06,-3.309437380857774e-06,0.4999897528076238,0.3178513893787238,0.0,0.17785050795924742,0.3178513893787238,True,0.007014967062441157,0.0065941200464321136,success,0.9999795056152476,0.9999795056152476,0.5,3.9236810076493504e-15,0.0075,"[0.005, 0.0075, 0.01, 0.015, 0.02, 0.03, 0.05, 0.08]",0.02279736365370349,0.00019527789435754803,False,-6.805539725674148e-19,2.089643581924246e-05,True,success,1.996478844110582e-17,-3.835431844248545e-17,0.00020759727151527013,2.876573883186408e-19,0.0
0.3314972788329145,7.19130972218901e-19,0.00011680686962655289,0.007221812575973865,6.074814418589435e-21,2.750886740639728e-06,arith,0.011680686962655288,1.9866388458631745e-08,True,0.021785435468427768,0.55208333335,1.04,-2.169342007122075e-16,-0.017899944396496413,4.8488677217370435e-09,True,False,24,1.1041666667,968,0.00027508867406397276,0.027508867406397276,0.00027508867406397276,0.00027508867406397276,0.0,3.809136157578514,1.1578385524220445,-3.309437380857774e-06,-3.309437380857774e-06,0.4999897528076238,0.3178513893787238,0.0,0.17785050795924742,0.3178513893787238,True,0.007221812575973865,0.0065941200464321136,success,0.9999795056152476,0.9999795056152476,0.5,3.9236810076493504e-15,0.01,"[0.005, 0.0075, 0.01, 0.015, 0.02, 0.03, 0.05, 0.08]",0.023550727362480296,0.00035236147348716965,False,2.169342007122075e-18,3.8721159430193295e-05,True,success,4.309963115128397e-17,-8.411758619712231e-17,0.0003809136157578514,8.411758619712231e-19,0.0
0.33994880257034293,-3.79470759142691e-19,0.0002749905899604721,0.007632909609739535,1.2705494570726035e-21,6.822357803531013e-06,arith,0.018332705997364807,5.207444043965338e-08,True,0.022453115151538493,0.55208333335,1.04,7.441723700226304e-17,-0.01782506530150159,4.8488677217370435e-09,True,False,24,1.1041666667,968,0.0004548238535687342,0.030321590237915617,0.0004548238535687342,0.0004548238535687342,0.0,3.9724812408659336,1.2074895039645572,-3.309437380857774e-06,-3.309437380857774e-06,0.4999897528076238,0.3178513893787238,0.0,0.17785050795924742,0.3178513893787238,True,0.007632909609739535,0.0065941200464321136,success,0.9999795056152476,0.9999795056152476,0.5,3.9236810076493504e-15,0.015,"[0.005, 0.0075, 0.01, 0.015, 0.02, 0.03, 0.05, 0.08]",0.024809422767926997,0.0008089176601925828,False,-1.1162585550339455e-18,9.348272177517466e-05,True,success,5.567744133031871e-18,-1.1097117805521082e-17,0.000893808279194835,1.6645676708281624e-19,0.0
0.34761543508583514,-1.241650792629095e-18,0.0005057007599304367,0.008017402809230162,3.9116019118861955e-20,1.3040251206271624e-05,arith,0.025285037996521834,1.0454894665422912e-07,True,0.02306400119215207,0.55208333335,1.04,1.785954631621147e-16,-0.017716120446960294,4.8488677217370435e-09,True,False,24,1.1041666667,968,0.0006520125603135812,0.03260062801567906,0.0006520125603135812,0.0006520125603135812,0.0,4.066233017274256,1.2359866268273465,-3.309437380857774e-06,-3.309437380857774e-06,0.49998975280762387,0.3178513893787238,0.0,0.17785050795924742,0.3178513893787238,True,0.008017402809230162,0.0065941200464321136,success,0.9999795056152476,0.9999795056152476,0.5,3.9236810076493504e-15,0.02,"[0.005, 0.0075, 0.01, 0.015, 0.02, 0.03, 0.05, 0.08]",0.025786497153109714,0.001454770729054555,False,-3.5719092632422944e-18,0.00017578938968645623,True,success,1.209747738549556e-16,-2.4394445464202583e-16,0.0016264932069097024,4.878889092840517e-18,0.0
0.36050579949568534,-1.2355959343038412e-19,0.0011913280490656547,0.008685609333946347,-1.3509990104463026e-20,3.236054983820157e-05,arith,0.03971093496885516,2.810710937263195e-07,True,0.024092842184776832,0.55208333335,1.04,1.1424651476086534e-17,-0.017391574937312984,4.8488677217370435e-09,True,False,24,1.1041666667,968,0.001078684994606719,0.03595616648689063,0.001078684994606719,0.001078684994606719,0.0,4.139740242099259,1.2583301439039445,-3.309437380857774e-06,-3.309437380857774e-06,0.49998975280762387,0.3178513893787238,0.0,0.17785050795924742,0.3178513893787238,True,0.008685609333946347,0.0065941200464321136,success,0.9999795056152476,0.9999795056152476,0.5,3.9236810076493504e-15,0.03,"[0.005, 0.0075, 0.01, 0.015, 0.02, 0.03, 0.05, 0.08]",0.02716342477085265,0.0033046016200910327,False,-3.42739544282596e-19,0.00042948067079004893,True,success,-2.548278787699341e-17,5.1848176238141944e-17,0.003725766217889333,-1.5554452871442584e-18,0.0
0.3789618149676147,-7.577763793785006e-19,0.003472393936731053,0.009684004879517,-3.384541616812325e-20,9.958620051247165e-05,arith,0.06944787873462106,9.643932516953338e-07,True,0.02555403868419982,0.55208333335,1.04,3.999222873910178e-17,-0.016301062276432757,4.8488677217370435e-09,True,False,24,1.1041666667,968,0.0019917240102494327,0.03983448020498865,0.0019917240102494327,0.0019917240102494327,0.0,4.113430414439799,1.2503329152642975,-3.309437380857774e-06,-3.309437380857774e-06,0.499989752807624,0.3178513893787238,0.0,0.17785050795924742,0.3178513893787238,True,0.009684004879517,0.0065941200464321136,success,0.9999795056152476,0.9999795056152476,0.5,3.9236810076493504e-15,0.05,"[0.005, 0.0075, 0.01, 0.015, 0.02, 0.03, 0.05, 0.08]",0.028679407442527415,0.00916291246131961,False,-1.999611436955089e-18,0.0013159047085461405,True,success,-3.4464563086483294e-17,6.989962642359041e-17,0.0102835760360995,-3.494981321179521e-18,0.0
0.3960671595751586,-3.7263175856141256e-18,0.009153836930669621,0.010648983958968067,1.17598144392184e-21,0.0002717104678602188,arith,0.11442296163337026,2.8934404137271787e-06,True,0.02688681376762138,0.55208333335,1.04,1.1760371617313463e-16,-0.013542504123576098,4.8488677217370435e-09,True,False,24,1.1041666667,968,0.003396380848252735,0.04245476060315919,0.003396380848252735,0.003396380848252735,0.0,3.986742844833174,1.2118245117483544,-3.309437380857774e-06,-3.309437380857774e-06,0.4999897528076238,0.3178513893787238,0.0,0.17785050795924742,0.3178513893787238,True,0.010648983958968067,0.0065941200464321136,success,0.9999795056152476,0.9999795056152476,0.5,3.9236810076493504e-15,0.08,"[0.005, 0.0075, 0.01, 0.015, 0.02, 0.03, 0.05, 0.08]",0.029682686060296976,0.023111830176701556,False,-9.40829729385077e-18,0.003625534192344505,True,success,6.913424070728311e-19,-1.380391604087595e-18,0.025515154206932313,1.1043132832700761e-19,0.0
0.005392138914106752,-4.0068406567279037e-19,2.691976463205671e-06,8.932841295342879e-08,9.80717793827551e-26,8.42481387491798e-12,typ,0.0005383952926411342,7.525752528744498e-19,True,1.656641536436134e-05,0.55208333335,1.04,1.4861785723825947e-14,-0.00027806553345297795,4.626136352732841e-09,True,False,25,1.1041666667,578,1.6849627749835958e-09,3.3699255499671913e-07,1.6849627749835958e-09,1.6849627749835958e-09,0.0,3.7725125058743587,1.1467062972021353,-0.9093349453960864,-0.9093349453960864,0.49998988468594124,0.0032921881041791984,0.0,0.001175266773180987,0.001175266773180987,True,8.932841295342879e-08,8.632829829474377e-08,success,0.9999797693718834,0.011852004520218224,0.5,3.3054745099842596e-14,0.005,"[0.005, 0.0075, 0.01, 0.015, 0.02, 0.03, 0.05, 0.08]",3.12960161058968e-06,0.0004992409331597528,False,-7.430892861912973e-17,1.4515511043110763e-08,True,success,1.1304961521148553e-16,-2.195757791731611e-16,9.431281264685897e-05,1.0978788958658055e-18,0.0
0.01773054748555099,-2.3476047528744968e-18,2.260886967218015e-05,9.475054438533313e-08,1.7127747974158608e-25,2.4541635702135868e-11,typ,0.003014515956290687,2.3253333428839005e-18,True,5.343915322555461e-06,0.55208333335,1.04,1.7653936930318415e-14,-0.0002740861085445967,4.626136352732841e-09,True,False,25,1.1041666667,578,3.2722180936181158e-09,4.3629574581574877e-07,3.2722180936181154e-09,3.2722180936181158e-09,0.0,4.6046779851882835,1.399654271253276,-0.9093349453960864,-0.9093349453960864,0.49998988468594124,0.0032921881041791984,0.0,0.001175266773180987,0.001175266773180987,True,9.475054438533313e-08,8.632829829474377e-08,success,0.9999797693718834,0.011852004520218224,0.5,3.3054745099842596e-14,0.0075,"[0.005, 0.0075, 0.01, 0.015, 0.02, 0.03, 0.05, 0.08]",1.08548707025075e-06,0.001275136579431888,False,-1.324045269773881e-16,4.008676373172238e-07,True,success,1.123201447371079e-16,-2.410223334021624e-16,0.0002590131366668409,1.807667500516218e-18,1.2639448057669164e-16
0.0423972874528822,-4.896273951603483e-18,7.217250659525218e-05,1.0389978779959731e-07,3.0776934900654643e-25,5.787322693485111e-11,typ,0.007217250659525218,6.01301599780897e-18,True,2.4506234724347705e-06,0.55208333335,1.04,1.1548554744321574e-14,-0.0002615415652596462,4.626136352732841e-09,True,False,25,1.1041666667,578,5.787322693485111e-09,5.787322693485111e-07,5.787322693485111e-09,5.787322693485111e-09,0.0,5.570100590241572,1.693107554430481,-0.9093349453960864,-0.9093349453960864,0.4999898846859413,0.0032921881041791984,0.0,0.001175266773180987,0.001175266773180987,True,1.0389978779959731e-07,8.632829829474377e-08,success,0.9999797693718834,0.011852004520218224,0.5,3.3054745099842596e-14,0.01,"[0.005, 0.0075, 0.01, 0.015, 0.02, 0.03, 0.05, 0.08]",8.01873589612284e-07,0.0017022906636529607,False,-1.1548554744321574e-16,3.0599185083139434e-06,True,success,1.255102475816538e-16,-2.9621749526589436e-16,0.0005570100590241572,2.9621749526589435e-18,0.0
0.10615189749401571,-1.0381235800452686e-17,0.00025795408281715387,1.318567927108108e-07,-1.8094575891424707e-25,2.1344366956565977e-10,typ,0.017196938854476925,2.8143997693354e-17,True,1.2421520088064765e-06,0.55208333335,1.04,6.5197363686867844e-15,-0.00020073454221426217,4.626136352732841e-09,True,False,25,1.1041666667,578,1.4229577971043985e-08,9.486385314029324e-07,1.4229577971043985e-08,1.4229577971043985e-08,0.0,7.194460838157142,2.1868538633715815,-0.9093349453960864,-0.9093349453960864,0.49998988468594124,0.0032921881041791984,0.0,0.001175266773180987,0.001175266773180987,True,1.318567927108108e-07,8.632829829474377e-08,success,0.9999797693718834,0.011852004520218224,0.5,3.3054745099842596e-14,0.015,"[0.005, 0.0075, 0.01, 0.015, 0.02, 0.03, 0.05, 0.08]",8.274483087633681e-07,0.0024300468376620018,False,-9.779604553030176e-17,2.7382315357369358e-05,True,success,-3.410794194651024e-17,9.148600042729616e-17,0.0016187536885853566,-1.3722900064094424e-18,0.0
0.1649966968953529,-1.430650059230515e-17,0.0005391290387375936,1.6984876070596073e-07,-9.302510112859259e-25,5.711437584414703e-10,typ,0.02695645193687968,9.700805955622832e-17,True,1.0294070360310617e-06,0.55208333335,1.04,4.335389999164308e-15,-9.009175815109787e-05,4.626136352732841e-09,True,False,25,1.1041666667,578,2.8557187922073514e-08,1.4278593961036756e-06,2.8557187922073514e-08,2.8557187922073514e-08,0.0,8.406651836427358,2.555315743607557,-0.9093349453960864,-0.9093349453960864,0.49998988468594124,0.0032921881041791984,0.0,0.001175266773180987,0.001175266773180987,True,1.6984876070596073e-07,8.632829829474377e-08,success,0.9999797693718834,0.011852004520218224,0.5,3.3054745099842596e-14,0.02,"[0.005, 0.0075, 0.01, 0.015, 0.02, 0.03, 0.05, 0.08]",1.0593822951530144e-06,0.0032675141313860934,False,-8.670779998328615e-17,8.89545105920697e-05,True,success,-9.444875598461858e-17,2.7384686453390156e-16,0.0033626607345709435,-5.476937290678032e-18,0.0
0.24830595894438506,-2.704569845362412e-17,0.0013459645691448225,2.727154601354473e-07,-2.9786839764339268e-24,2.5552775815517717e-09,typ,0.04486548563816075,6.968637014266844e-16,True,1.0983041296907797e-06,0.55208333335,1.04,3.630695314844988e-15,0.00027044026107120404,4.626136352732841e-09,True,False,25,1.1041666667,578,8.517591938505905e-08,2.839197312835302e-06,8.517591938505905e-08,8.517591938505905e-08,0.0,10.410841070121883,3.164516219811035,-0.9093349453960864,-0.9093349453960864,0.4999898846859412,0.0032921881041791984,0.0,0.001175266773180987,0.001175266773180987,True,2.727154601354473e-07,8.632829829474377e-08,success,0.9999797693718834,0.011852004520218224,0.5,3.3054745099842596e-14,0.03,"[0.005, 0.0075, 0.01, 0.015, 0.02, 0.03, 0.05, 0.08]",1.8984731397315332e-06,0.0054205890783567065,False,-1.0892085944534963e-16,0.00033421102304667124,True,success,-1.128367340647836e-16,3.640771441113666e-16,0.009369756963109694,-1.0922314323340997e-17,0.0
0.33281422678037337,-4.1778516370987006e-17,0.003896646136152854,6.088395222288267e-07,-9.173774349861732e-24,1.937588199696561e-08,typ,0.07793292272305707,1.1796802737794666e-14,True,1.8293674766211377e-06,0.55208333335,1.04,2.5106208214204115e-15,0.0015016092694908419,4.626136352732841e-09,True,False,25,1.1041666667,578,3.875176399393122e-07,7.750352798786244e-06,3.875176399393122e-07,3.875176399393122e-07,0.0,12.729713686151515,3.8693689743268145,-0.9093349453960864,-0.9093349453960864,0.49998988468594113,0.0032921881041791984,0.0,0.001175266773180987,0.001175266773180987,True,6.088395222288267e-07,8.632829829474377e-08,success,0.9999797693718834,0.011852004520218224,0.5,3.3054745099842596e-14,0.05,"[0.005, 0.0075, 0.01, 0.015, 0.02, 0.03, 0.05, 0.08]",4.972451005288193e-06,0.011708171774532584,False,-1.2553104107102058e-16,0.0012968592708404415,True,success,-8.446288173906123e-17,3.013527872263803e-16,0.031824284215378786,-1.5067639361319014e-17,0.0
0.386041287058335,-3.306956348671646e-17,0.010069400486644592,1.4190231020284085e-06,3.35458218131699e-23,1.0002461847970437e-07,typ,0.12586750608305738,1.4193724439427815e-13,True,3.67583248113557e-06,0.55208333335,1.04,1.0707910201363803e-15,0.004560801735348288,4.626136352732841e-09,True,False,25,1.1041666667,578,1.2503077309963045e-06,1.5628846637453805e-05,1.2503077309963045e-06,1.2503077309963045e-06,0.0,11.013807044517673,3.3477958984765457,-0.9093349453960864,-0.9093349453960864,0.4999898846859412,0.0032921881041791984,0.0,0.001175266773180987,0.001175266773180987,True,1.4190231020284085e-06,8.632829829474377e-08,success,0.9999797693718834,0.011852004520218224,0.5,3.3054745099842596e-14,0.08,"[0.005, 0.0075, 0.01, 0.015, 0.02, 0.03, 0.05, 0.08]",9.9335227169056e-06,0.026083739807662067,False,-8.566328161091042e-17,0.003887204323770103,True,success,8.904104556283182e-17,-2.9550101902162624e-16,0.07048836508491312,2.3640081521730098e-17,0.0
0.3635304017706654,1.4514517528952663e-19,3.0318034159156718e-05,0.008749432247701007,-1.894502904481423e-21,7.41435496326534e-07,arith,0.006063606831831343,6.487139641149578e-09,True,0.024067951965185626,0.55208333335,1.06,-7.985311521818306e-17,-0.018261405684047684,4.839433859913994e-09,True,False,26,1.1041666667,957,0.0001482870992653068,0.02965741985306136,0.0001482870992653068,0.0001482870992653068,0.0,3.3896393518395564,1.0303268137470913,-3.3450155486910267e-06,-3.3450155486910267e-06,0.4999897502577245,0.36158238338950316,0.0,0.2045969726870784,0.36158238338950316,True,0.008749432247701007,0.008649240396398913,success,0.999979500515449,0.999979500515449,0.5,4.697598398866574e-15,0.005,"[0.005, 0.0075, 0.01, 0.015, 0.02, 0.03, 0.05, 0.08]",0.02445526291164904,8.339889596986986e-05,False,3.992655760909153e-19,1.1021527138775e-05,True,success,-2.3521697050284764e-17,4.330573346583079e-17,8.474098379598892e-05,-2.1652866732915396e-19,0.0
0.36543302137776584,3.0292015776181916e-19,6.927188545502275e-05,0.008848804478702775,-3.9026381300251846e-21,1.7245846480269915e-06,arith,0.009236251394003032,1.5260512357363293e-08,True,0.024214572742607562,0.55208333335,1.06,-1.1052464338325387e-16,-0.018242301505944067,4.839433859913994e-09,True,False,26,1.1041666667,957,0.0002299446197369322,0.030659282631590963,0.0002299446197369322,0.0002299446197369322,0.0,3.4647937702072014,1.053171017621975,-3.3450155486910267e-06,-3.3450155486910267e-06,0.4999897502577246,0.36158238338950316,0.0,0.2045969726870784,0.36158238338950316,True,0.008848804478702775,0.008649240396398913,success,0.999979500515449,0.999979500515449,0.5,4.697598398866574e-15,0.0075,"[0.005, 0.0075, 0.01, 0.015, 0.02, 0.03, 0.05, 0.08]",0.024895881448856187,0.00018956109985313296,False,8.289348253744039e-19,2.5314234398363473e-05,True,success,-3.159175305620586e-17,5.880475175176518e-17,0.00019489464957415508,-4.410356381382388e-19,0.0
0.3675838068070343,1.122318655111948e-19,0.00012501808074082078,0.008962531748383115,-5.9027608511784055e-21,3.1675687212558424e-06,arith,0.012501808074082079,2.8389435229440794e-08,True,0.024382281216996208,0.55208333335,1.06,-3.0532320366906616e-17,-0.018215146869694276,4.839433859913994e-09,True,False,26,1.1041666667,957,0.0003167568721255842,0.03167568721255842,0.0003167568721255843,0.0003167568721255842,0.0,3.5342343103300995,1.074278410776021,-3.3450155486910267e-06,-3.3450155486910267e-06,0.4999897502577246,0.36158238338950316,0.0,0.2045969726870784,0.36158238338950316,True,0.008962531748383115,0.008649240396398913,success,0.999979500515449,0.999979500515449,0.5,4.697598398866574e-15,0.01,"[0.005, 0.0075, 0.01, 0.015, 0.02, 0.03, 0.05, 0.08]",0.025336884892855106,0.00034010769360808625,False,3.0532320366906614e-19,4.595462203842008e-05,True,success,-3.503295827260611e-17,6.586041775799893e-17,0.00035342343103301,-6.586041775799894e-19,1.7114106557657443e-16
0.3720962993046808,2.303929628664975e-19,0.00028883256388399894,0.009205064257839676,-5.505714121931041e-21,7.547366747267675e-06,arith,0.019255504258933263,6.947399588608136e-08,True,0.024738392386704073,0.55208333335,1.06,-4.12783757496867e-17,-0.01813586195041923,4.839433859913994e-09,True,False,26,1.1041666667,957,0.0005031577831511783,0.03354385221007856,0.0005031577831511783,0.0005031577831511783,0.0,3.644064970161427,1.1076629281390082,-3.3450155486910267e-06,-3.3450155486910267e-06,0.4999897502577245,0.36158238338950316,0.0,0.2045969726870784,0.36158238338950316,True,0.009205064257839676,0.008649240396398913,success,0.999979500515449,0.999979500515449,0.5,4.697598398866574e-15,0.015,"[0.005, 0.0075, 0.01, 0.015, 0.02, 0.03, 0.05, 0.08]",0.026130594991702012,0.0007762306812073301,False,6.191756362453005e-19,0.00010747352813991881,True,success,-2.0888272192378235e-17,3.9874529698815814e-17,0.000819914618286321,-5.981179454822372e-19,0.0
0.3764840060675801,-9.164477935008622e-19,0.0005244713103636933,0.009445174925977531,-8.321855543791909e-21,1.4046007226748169e-05,arith,0.026223565518184663,1.32666995268181e-07,True,0.0250878517380685,0.55208333335,1.06,1.2171138464463173e-16,-0.01802223638172379,4.839433859913994e-09,True,False,26,1.1041666667,957,0.0007023003613374084,0.035115018066870424,0.0007023003613374084,0.0007023003613374084,0.0,3.7177731849403712,1.130067538835707,-3.3450155486910267e-06,-3.3450155486910267e-06,0.49998975025772463,0.36158238338950316,0.0,0.2045969726870784,0.36158238338950316,True,0.009445174925977531,0.008649240396398913,success,0.999979500515449,0.999979500515449,0.5,4.697598398866574e-15,0.02,"[0.005, 0.0075, 0.01, 0.015, 0.02, 0.03, 0.05, 0.08]",0.02678126896399348,0.0013930772673236723,False,-2.4342276928926346e-18,0.00019745505999323637,True,success,-2.2847502116365433e-17,4.405347497008181e-17,0.0014871092739761485,-8.81069499401636e-19,0.0
0.38428871486832433,-1.1049093159927302e-18,0.0012161738211313219,0.009881026208470456,4.799879324420729e-21,3.372494808820882e-05,arith,0.040539127371044065,3.33237095938897e-07,True,0.02571250683709556,0.55208333335,1.06,9.584020843732253e-17,-0.017688739393856512,4.839433859913994e-09,True,False,26,1.1041666667,957,0.0011241649362736274,0.03747216454245425,0.0011241649362736274,0.0011241649362736274,0.0,3.7923353052470845,1.1527317056887827,-3.3450155486910267e-06,-3.3450155486910267e-06,0.4999897502577244,0.36158238338950316,0.0,0.2045969726870784,0.36158238338950316,True,0.009881026208470456,0.008649240396398913,success,0.999979500515449,0.999979500515449,0.5,4.697598398866574e-15,0.03,"[0.005, 0.0075, 0.01, 0.015, 0.02, 0.03, 0.05, 0.08]",0.027730368391614323,0.0031647398793587813,False,-2.8752062531196756e-18,0.00046736187477905503,True,success,8.314835243862246e-18,-1.619224300240549e-17,0.003413101774722376,4.857672900721647e-19,0.0
0.39604916796946776,1.8175927062355203e-18,0.003490241979501857,0.010555846011154684,-4.467320954322544e-20,0.00010050726964244052,arith,0.06980483959003715,1.060939261347204e-06,True,0.02665286753479168,0.55208333335,1.06,-9.178621510830404e-17,-0.01658604347511751,4.839433859913994e-09,True,False,26,1.1041666667,957,0.00201014539284881,0.040202907856976194,0.00201014539284881,0.00201014539284881,0.0,3.808591733385705,1.1576730673111877,-3.3450155486910267e-06,-3.3450155486910267e-06,0.4999897502577245,0.36158238338950316,0.0,0.2045969726870784,0.36158238338950316,True,0.010555846011154684,0.008649240396398913,success,0.999979500515449,0.999979500515449,0.5,4.697598398866574e-15,0.05,"[0.005, 0.0075, 0.01, 0.015, 0.02, 0.03, 0.05, 0.08]",0.02879664797819701,0.00881264818051815,False,4.589310755415202e-18,0.0013823074319938187,True,success,-4.337124557510943e-17,8.464164690545486e-17,0.009521479333464264,-4.232082345272743e-18,0.0
0.40727179018814325,-7.458506481452283e-19,0.009112179348731413,0.011218618031800747,3.051972377232245e-20,0.0002687912728446009,arith,0.11390224185914266,3.0154666203251143e-06,True,0.027545777296822338,0.55208333335,1.06,2.2891674126284173e-17,-0.013829793842911269,4.839433859913994e-09,True,False,26,1.1041666667,957,0.0033598909105575113,0.04199863638196889,0.0033598909105575113,0.0033598909105575113,0.0,3.7436550797003574,1.1379346914716717,-3.3450155486910267e-06,-3.3450155486910267e-06,0.4999897502577245,0.36158238338950316,0.0,0.2045969726870784,0.36158238338950316,True,0.011218618031800747,0.008649240396398913,success,0.999979500515449,0.999979500515449,0.5,4.697598398866574e-15,0.08,"[0.005, 0.0075, 0.01, 0.015, 0.02, 0.03, 0.05, 0.08]",0.029498022652728155,0.022373706130056174,False,-1.8313339301027337e-18,0.003711133595873272,True,success,1.7575323835148837e-17,-3.400566327087928e-17,0.023959392510082285,2.7204530616703423e-18,0.0
0.01856701238173591,-4.705148597796701e-19,9.325846019201692e-06,1.5007650568455864e-07,3.3006581223932626e-25,1.5549090699265023e-11,typ,0.0018651692038403383,2.333553198717965e-18,True,8.082964700997701e-06,0.55208333335,1.06,5.068288318076509e-15,-0.0002355327309130423,4.596783098308226e-09,True,False,27,1.1041666667,473,3.1098181398530045e-09,6.219636279706009e-07,3.1098181398530045e-09,3.1098181398530045e-09,0.0,4.144310431093644,1.2597193147790855,-1.42697378879794,-1.42697378879794,0.49998965664912287,0.0055885174711578865,0.0,0.0015003347194646123,0.0015003347194646123,True,1.5007650568455864e-07,1.406878971348663e-07,success,0.9999793132982461,0.009439764616924733,0.5,3.084095738242477e-14,0.005,"[0.005, 0.0075, 0.01, 0.015, 0.02, 0.03, 0.05, 0.08]",1.6673115411995673e-06,0.0005022803791726549,False,-2.5341441590382546e-17,1.7315309850868037e-07,True,success,2.1606861593833415e-16,-4.398634026475561e-16,0.0001036077607773411,2.19931701323778e-18,0.0
0.05500620950619047,-2.028855666910863e-18,4.548815701478596e-05,1.653137289687376e-07,9.456233443065313e-26,4.666071808543489e-11,typ,0.006065087601971462,7.713657303062256e-18,True,3.005364857037331e-06,0.55208333335,1.06,4.91788275087387e-15,-0.00022592617862106796,4.596783098308226e-09,True,False,27,1.1041666667,473,6.221429078057986e-09,8.295238770743981e-07,6.221429078057986e-09,6.221429078057986e-09,0.0,5.01787650819533,1.5252515615442948,-1.42697378879794,-1.42697378879794,0.4999896566491229,0.0055885174711578865,0.0,0.0015003347194646123,0.0015003347194646123,True,1.653137289687376e-07,1.406878971348663e-07,success,0.9999793132982461,0.009439764616924733,0.5,3.084095738242477e-14,0.0075,"[0.005, 0.0075, 0.01, 0.015, 0.02, 0.03, 0.05, 0.08]",1.0257772824312884e-06,0.0008269640359361004,False,-3.688412063155402e-17,2.5021310948058045e-06,True,success,3.404771843070509e-17,-7.626899070073465e-17,0.00028225555358598725,5.720174302555099e-19,0.0
0.10063680752329612,-2.1336759941335826e-18,0.00010971427580271437,1.8623636250075226e-07,-1.8417693326376007e-25,1.0627431475297156e-10,typ,0.010971427580271436,1.9792141806853455e-17,True,1.850578998719141e-06,0.55208333335,1.06,2.1201745630093283e-15,-0.00020465865813626871,4.596783098308226e-09,True,False,27,1.1041666667,473,1.0627431475297156e-08,1.0627431475297155e-06,1.0627431475297156e-08,1.0627431475297156e-08,0.0,5.706421309240417,1.7345440842422934,-1.42697378879794,-1.42697378879794,0.4999896566491228,0.0055885174711578865,0.0,0.0015003347194646123,0.0015003347194646123,True,1.8623636250075226e-07,1.406878971348663e-07,success,0.9999793132982461,0.009439764616924733,0.5,3.084095738242477e-14,0.01,"[0.005, 0.0075, 0.01, 0.015, 0.02, 0.03, 0.05, 0.08]",9.686461855161997e-07,0.0010902002806211528,False,-2.1201745630093285e-17,1.104129445651559e-05,True,success,-4.1398903673233516e-17,9.889418521209365e-17,0.0005706421309240417,-9.889418521209366e-19,0.0
0.1813101442174951,2.791820595632353e-18,0.0003065298570621351,2.3726208910898604e-07,-6.979336417630379e-25,3.517615561817096e-10,typ,0.02043532380414234,8.345968168790037e-17,True,1.3085979834882948e-06,0.55208333335,1.06,-1.0265359053428932e-15,-0.00012579130305252954,4.596783098308226e-09,True,False,27,1.1041666667,473,2.3450770412113973e-08,1.5633846941409316e-06,2.3450770412113973e-08,2.3450770412113973e-08,0.0,6.5892730693389145,2.0028988401839967,-1.42697378879794,-1.42697378879794,0.4999896566491229,0.0055885174711578865,0.0,0.0015003347194646123,0.0015003347194646123,True,2.3726208910898604e-07,1.406878971348663e-07,success,0.9999793132982461,0.009439764616924733,0.5,3.084095738242477e-14,0.015,"[0.005, 0.0075, 0.01, 0.015, 0.02, 0.03, 0.05, 0.08]",1.1475605004781176e-06,0.0016906382066214098,False,1.5398038580143397e-17,5.557697259090388e-05,True,success,-7.639690604288301e-17,1.9610764461193038e-16,0.0014825864406012557,-2.9416146691789557e-18,0.0
0.23859889708901685,1.003507650569668e-17,0.0005833117773565117,2.950199373696437e-07,-1.0336612450934387e-24,8.460122181406766e-10,typ,0.029165588867825585,2.495904716098157e-16,True,1.2364681520701966e-06,0.55208333335,1.06,-2.1029176220275606e-15,-1.5517037842060898e-06,4.596783098308226e-09,True,False,27,1.1041666667,473,4.230061090703383e-08,2.1150305453516913e-06,4.230061090703383e-08,4.230061090703383e-08,0.0,7.169110549642871,2.179148299657759,-1.42697378879794,-1.42697378879794,0.49998965664912287,0.0055885174711578865,0.0,0.0015003347194646123,0.0015003347194646123,True,2.950199373696437e-07,1.406878971348663e-07,success,0.9999793132982461,0.009439764616924733,0.5,3.084095738242477e-14,0.02,"[0.005, 0.0075, 0.01, 0.015, 0.02, 0.03, 0.05, 0.08]",1.4503602549817988e-06,0.0024447379450328677,False,4.2058352440551215e-17,0.00013917754673629785,True,success,-6.542808855471505e-17,1.7518498144725695e-16,0.002867644219857148,-3.503699628945139e-18,0.0
0.3075505139144225,1.7497422876169734e-17,0.0013669746344693312,4.2498491976608427e-07,-5.7621210204583e-25,3.073431522040708e-09,typ,0.04556582114897771,1.3061620488010244e-15,True,1.381837781237909e-06,0.55208333335,1.06,-1.8964280754476303e-15,0.0003728417644791589,4.596783098308226e-09,True,False,27,1.1041666667,473,1.0244771740135694e-07,3.414923913378565e-06,1.0244771740135694e-07,1.0244771740135694e-07,0.0,8.035400209631371,2.442468780839219,-1.42697378879794,-1.42697378879794,0.4999896566491229,0.0055885174711578865,0.0,0.0015003347194646123,0.0015003347194646123,True,4.2498491976608427e-07,1.406878971348663e-07,success,0.9999793132982461,0.009439764616924733,0.5,3.084095738242477e-14,0.03,"[0.005, 0.0075, 0.01, 0.015, 0.02, 0.03, 0.05, 0.08]",2.248345685824547e-06,0.004444715819430231,False,5.68928422634289e-17,0.00042041375133902264,True,success,-1.5943506565236115e-17,4.519470968232494e-17,0.007231860188668233,-1.3558412904697481e-18,0.0
0.3699532463059027,1.8676034647218345e-17,0.003855972806859144,7.398737551919904e-07,7.923318618534243e-24,1.637417052494525e-08,typ,0.07711945613718288,1.2114819034445247e-14,True,1.999911509305184e-06,0.55208333335,1.06,-1.0096429661696072e-15,0.0016009567988344053,4.596783098308226e-09,True,False,27,1.1041666667,473,3.27483410498905e-07,6.5496682099781e-06,3.27483410498905e-07,3.27483410498905e-07,0.0,8.852413217817844,2.69081095596114,-1.42697378879794,-1.42697378879794,0.4999896566491229,0.0055885174711578865,0.0,0.0015003347194646123,0.0015003347194646123,True,7.398737551919904e-07,1.406878971348663e-07,success,0.9999793132982461,0.009439764616924733,0.5,3.084095738242477e-14,0.05,"[0.005, 0.0075, 0.01, 0.015, 0.02, 0.03, 0.05, 0.08]",4.246443464491835e-06,0.010422865173808372,False,5.048214830848036e-17,0.001426529657564824,True,success,7.198610156938816e-17,-2.1418028583749979e-16,0.022131033044544612,1.0709014291874991e-17,0.0
0.4071645314589208,1.3177316694791088e-17,0.0099045054764058,1.2826574428555306e-06,-3.913452149200405e-23,6.453723797530564e-08,typ,0.12380631845507249,8.277916863036437e-14,True,3.150218999330837e-06,0.55208333335,1.06,-4.045452045999419e-16,0.004615742321754815,4.596783098308226e-09,True,False,27,1.1041666667,473,8.067154746913204e-07,1.0083943433641505e-05,8.067154746913204e-07,8.067154746913204e-07,0.0,7.861758796013386,2.38968812016791,-1.42697378879794,-1.42697378879794,0.4999896566491228,0.0055885174711578865,0.0,0.0015003347194646123,0.0015003347194646123,True,1.2826574428555306e-06,1.406878971348663e-07,success,0.9999793132982461,0.009439764616924733,0.5,3.084095738242477e-14,0.08,"[0.005, 0.0075, 0.01, 0.015, 0.02, 0.03, 0.05, 0.08]",6.515947528025928e-06,0.02432556058091979,False,3.2363616367995355e-17,0.004032763331633082,True,success,-1.3601897498983444e-16,3.8138126541487547e-16,0.050315256294485675,-3.051050123319004e-17,0.0
0.3973007517879623,-1.2174025495370356e-19,3.2828233437181116e-05,0.010575100650503544,4.31750313455034e-22,8.785001692464793e-07,arith,0.006565646687436223,9.290227711265916e-09,True,0.026617368839380977,0.55208333335,1.08,6.128367711656172e-17,-0.018613445554506353,4.855273639796523e-09,True,False,28,1.1041666667,944,0.00017570003384929586,0.03514000676985917,0.00017570003384929586,0.00017570003384929586,0.0,3.3229004556269586,1.0100406218693607,-3.3813239840828617e-06,-3.3813239840828617e-06,0.4999897474940881,0.39665217837546235,0.0,0.2270524725402269,0.39665217837546235,True,0.010575100650503544,0.010537912617483079,success,0.9999794949881764,0.9999794949881764,0.5,3.895044184468984e-15,0.005,"[0.005, 0.0075, 0.01, 0.015, 0.02, 0.03, 0.05, 0.08]",0.026760506955926962,8.262816843271769e-05,False,-3.064183855828086e-19,1.304268182446278e-05,True,success,4.479396249299968e-18,-8.165412845209671e-18,8.307251139067397e-05,4.082706422604836e-20,0.0
0.3979985088369904,-3.1419628387214203e-20,7.429626367917731e-05,0.010615351510771082,6.964860757696493e-21,2.001809238020402e-06,arith,0.009906168490556975,2.1249908719095382e-08,True,0.026671837394041213,0.55208333335,1.08,1.0525878092366705e-17,-0.018592865198156106,4.855273639796523e-09,True,False,28,1.1041666667,944,0.00026690789840272026,0.03558771978702937,0.00026690789840272026,0.00026690789840272026,0.0,3.352476811617549,1.019030756059742,-3.3813239840828617e-06,-3.3813239840828617e-06,0.4999897474940882,0.39665217837546235,0.0,0.2270524725402269,0.39665217837546235,True,0.010615351510771082,0.010537912617483079,success,0.9999794949881764,0.9999794949881764,0.5,3.895044184468984e-15,0.0075,"[0.005, 0.0075, 0.01, 0.015, 0.02, 0.03, 0.05, 0.08]",0.026943605760102848,0.00018667472874780815,False,-7.894408569275029e-20,2.9569802156472418e-05,True,success,4.7778653244813537e-17,-8.748161566613478e-17,0.00018857682065348712,6.561121174960109e-19,0.0
0.39884010710986456,-8.936197593532869e-20,0.0001329108985301466,0.010664164043927437,-6.604210010623373e-21,3.6074365420036627e-06,arith,0.013291089853014661,3.8470295061985386e-08,True,0.02673794298473068,0.55208333335,1.08,2.2405463829321715e-17,-0.0185638775773003,4.855273639796523e-09,True,False,28,1.1041666667,944,0.00036074365420036625,0.03607436542003663,0.00036074365420036625,0.00036074365420036625,0.0,3.382765425535505,1.0282373906989013,-3.3813239840828617e-06,-3.3813239840828617e-06,0.49998974749408814,0.39665217837546235,0.0,0.2270524725402269,0.39665217837546235,True,0.010664164043927437,0.010537912617483079,success,0.9999794949881764,0.9999794949881764,0.5,3.895044184468984e-15,0.01,"[0.005, 0.0075, 0.01, 0.015, 0.02, 0.03, 0.05, 0.08]",0.027141766265205335,0.000333243563425117,False,-2.2405463829321715e-19,5.301019700583201e-05,True,success,-3.3671162950206974e-17,6.192899868587497e-17,0.0003382765425535505,-6.1928998685874965e-19,0.0
0.40073673880404304,-1.490777975173291e-19,0.0003026532688987365,0.010775017270663403,2.0752307242007716e-20,8.330901759907412e-06,arith,0.0201768845932491,8.97656103432025e-08,True,0.02688801955822747,0.55208333335,1.08,2.4800620637251983e-17,-0.01848026592903193,4.855273639796523e-09,True,False,28,1.1041666667,944,0.0005553934506604942,0.03702623004403295,0.0005553934506604942,0.0005553934506604942,0.0,3.4363035449458073,1.0445110275848113,-3.3813239840828617e-06,-3.3813239840828617e-06,0.49998974749408814,0.39665217837546235,0.0,0.2270524725402269,0.39665217837546235,True,0.010775017270663403,0.010537912617483079,success,0.9999794949881764,0.9999794949881764,0.5,3.895044184468984e-15,0.015,"[0.005, 0.0075, 0.01, 0.015, 0.02, 0.03, 0.05, 0.08]",0.02752622428371925,0.0007552421317845066,False,-3.7200930955877974e-19,0.00012128428396686277,True,success,6.926461020816045e-17,-1.2839767349922787e-16,0.0007731682976128065,1.9259651024884184e-18,0.0
0.4027038862121456,3.3032696647815114e-19,0.0005436178240823015,0.01089101125160416,-2.3572381951337466e-20,1.5145815458398555e-05,arith,0.02718089120411507,1.6495324657213889e-07,True,0.027044713558753052,0.55208333335,1.08,-4.1013630335831165e-17,-0.018361912186185117,4.855273639796523e-09,True,False,28,1.1041666667,944,0.0007572907729199277,0.037864538645996385,0.0007572907729199278,0.0007572907729199277,0.0,3.4766779476441396,1.0567833743955535,-3.3813239840828617e-06,-3.3813239840828617e-06,0.4999897474940882,0.39665217837546235,0.0,0.2270524725402269,0.39665217837546235,True,0.01089101125160416,0.010537912617483079,success,0.9999794949881764,0.9999794949881764,0.5,3.895044184468984e-15,0.02,"[0.005, 0.0075, 0.01, 0.015, 0.02, 0.03, 0.05, 0.08]",0.027861145803978537,0.0013499194884747697,False,8.202726067166233e-19,0.0002189170103721333,True,success,-5.803941624258256e-17,1.0821943622482916e-16,0.001390671179057656,-2.1643887244965833e-18,1.4316854387451288e-16
0.40640541351647785,-6.685300133454216e-19,0.0012421571705904264,0.011111587137849533,-3.635534964865526e-20,3.524154985687935e-05,arith,0.04140523901968088,3.9158955210758366e-07,True,0.027341139582037113,0.55208333335,1.08,5.483276806123843e-17,-0.018019162770254726,4.855273639796523e-09,True,False,28,1.1041666667,944,0.0011747183285626451,0.039157277618754836,0.0011747183285626451,0.0011747183285626451,0.0,3.5240040088758278,1.0711687720189267,-3.3813239840828617e-06,-3.3813239840828617e-06,0.4999897474940882,0.39665217837546235,0.0,0.2270524725402269,0.39665217837546235,True,0.011111587137849533,0.010537912617483079,success,0.9999794949881764,0.9999794949881764,0.5,3.895044184468984e-15,0.03,"[0.005, 0.0075, 0.01, 0.015, 0.02, 0.03, 0.05, 0.08]",0.02837124857567599,0.0030564483869505903,False,-1.6449830418371527e-18,0.0005048193985662604,True,success,-5.809687570808587e-17,1.0906137649414517e-16,0.0031716036079882447,-3.2718412948243548e-18,0.0
0.41228303757843127,-1.5261310826459886e-18,0.0035103610284101558,0.011467279536934034,4.319123432552635e-20,0.00010166240408492571,arith,0.0702072205682031,1.1657912060385874e-06,True,0.027814094909865264,0.55208333335,1.08,7.403317350186462e-17,-0.016903421511930174,4.855273639796523e-09,True,False,28,1.1041666667,944,0.002033248081698514,0.04066496163397028,0.0020332480816985144,0.002033248081698514,0.0,3.546173397360358,1.0779074580645651,-3.3813239840828617e-06,-3.3813239840828617e-06,0.4999897474940882,0.39665217837546235,0.0,0.2270524725402269,0.39665217837546235,True,0.011467279536934034,0.010537912617483079,success,0.9999794949881764,0.9999794949881764,0.5,3.895044184468984e-15,0.05,"[0.005, 0.0075, 0.01, 0.015, 0.02, 0.03, 0.05, 0.08]",0.02896066907709737,0.008514444467636767,False,-3.701658675093231e-18,0.0014472623077898849,True,success,4.000232445785287e-17,-7.532952203077494e-17,0.008865433493400897,3.766476101538748e-18,2.132946160863547e-16
0.41804016741599337,1.9449284331059452e-18,0.009074487231856864,0.011822915680314574,-6.211988189602871e-20,0.0002662669085444222,arith,0.11343109039821081,3.1480512081787354e-06,True,0.028281769556726698,0.55208333335,1.08,-5.815614696573342e-17,-0.014148067721611202,4.855273639796523e-09,True,False,28,1.1041666667,944,0.003328336356805277,0.04160420446006596,0.003328336356805277,0.003328336356805277,0.0,3.518946221475462,1.0696313890008777,-3.3813239840828617e-06,-3.3813239840828617e-06,0.4999897474940882,0.39665217837546235,0.0,0.2270524725402269,0.39665217837546235,True,0.011822915680314574,0.010537912617483079,success,0.9999794949881764,0.9999794949881764,0.5,3.895044184468984e-15,0.08,"[0.005, 0.0075, 0.01, 0.015, 0.02, 0.03, 0.05, 0.08]",0.0293423641183456,0.021707213658315298,False,4.652491757258674e-18,0.003793500161619738,True,success,-3.501142015453175e-17,6.567741365129134e-17,0.02252125581744296,-5.2541930921033075e-18,0.0
0.09155999181384121,-2.971106098259178e-19,2.49849860508518e-05,3.317397342937373e-07,-1.0384614260135976e-24,3.740075535697557e-11,typ,0.00499699721017036,1.2407316644508147e-17,True,3.623195324964936e-06,0.55208333335,1.08,6.489965845125891e-16,-0.00021157650926623747,4.513269792675787e-09,True,False,29,1.1041666667,407,7.480151071395113e-09,1.4960302142790227e-06,7.480151071395113e-09,7.480151071395113e-09,0.0,4.509650366315089,1.3707693387844408,-1.9007903038590546,-1.9007903038590546,0.4999897472365419,0.013157289643985581,0.0,0.0021432688214742045,0.0021432688214742045,True,3.317397342937373e-07,2.8710061991425464e-07,success,0.9999794944730822,0.008167282338142737,0.5,2.815423852573561e-14,0.005,"[0.005, 0.0075, 0.01, 0.015, 0.02, 0.03, 0.05, 0.08]",1.49692920703874e-06,0.000272881042864781,False,-3.2449829225629455e-18,2.2876251182849277e-06,True,success,-2.9481626252422376e-16,6.260699691126521e-16,0.00011274125915787723,-3.1303498455632604e-18,0.0
0.1656084396026381,7.747969187212695e-19,7.250015132308735e-05,3.768270791748403e-07,-1.1953830177867454e-24,1.0508278598993238e-10,typ,0.009666686843078313,3.959803931614105e-17,True,2.2754098769301943e-06,0.55208333335,1.08,-6.237982561599896e-16,-0.0001931870939615135,4.513269792675787e-09,True,False,29,1.1041666667,407,1.4011038131990985e-08,1.868138417598798e-06,1.4011038131990986e-08,1.4011038131990985e-08,0.0,4.957548225275017,1.5069139624465073,-1.9007903038590546,-1.9007903038590546,0.4999897472365418,0.013157289643985581,0.0,0.0021432688214742045,0.0021432688214742045,True,3.768270791748403e-07,2.8710061991425464e-07,success,0.9999794944730822,0.008167282338142737,0.5,2.815423852573561e-14,0.0075,"[0.005, 0.0075, 0.01, 0.015, 0.02, 0.03, 0.05, 0.08]",1.4494147125520447e-06,0.00043778053520125335,False,4.678486921199922e-18,1.2006636931571634e-05,True,success,-1.8996353402942298e-16,4.229643016117078e-16,0.0002788620876717197,-3.1722322620878085e-18,1.180755636749501e-16
0.22110802315189718,2.286988957586611e-18,0.000140230129502024,4.231482002517931e-07,-1.563888345608068e-24,2.2044109595680448e-10,typ,0.014023012950202399,9.327925301565464e-17,True,1.9137623059525887e-06,0.55208333335,1.08,-1.0343310590839532e-15,-0.000163516186648544,4.513269792675787e-09,True,False,29,1.1041666667,407,2.2044109595680447e-08,2.2044109595680445e-06,2.2044109595680447e-08,2.2044109595680447e-08,0.0,5.20954823453418,1.5835127800945628,-1.9007903038590546,-1.9007903038590546,0.4999897472365419,0.013157289643985581,0.0,0.0021432688214742045,0.0021432688214742045,True,4.231482002517931e-07,2.8710061991425464e-07,success,0.9999794944730822,0.008167282338142737,0.5,2.815423852573561e-14,0.01,"[0.005, 0.0075, 0.01, 0.015, 0.02, 0.03, 0.05, 0.08]",1.5719952391088875e-06,0.0006342154730662507,False,1.0343310590839533e-17,3.100600672052706e-05,True,success,-1.6192474187823215e-16,3.6958407117824934e-16,0.0005209548234534181,-3.695840711782493e-18,0.0
0.2903972520596352,7.616520262722196e-18,0.0003326264910324175,5.121961903237981e-07,-3.3087224501390747e-24,6.3416710249824e-10,typ,0.022175099402161166,3.2481797392828014e-16,True,1.7637776758941745e-06,0.55208333335,1.08,-1.7485290026454496e-15,-7.281444262329355e-05,4.513269792675787e-09,True,False,29,1.1041666667,407,4.2277806833216e-08,2.8185204555477334e-06,4.2277806833216e-08,4.2277806833216e-08,0.0,5.5028141731509805,1.6726549361624687,-1.9007903038590546,-1.9007903038590546,0.4999897472365418,0.013157289643985581,0.0,0.0021432688214742045,0.0021432688214742045,True,5.121961903237981e-07,2.8710061991425464e-07,success,0.9999794944730822,0.008167282338142737,0.5,2.815423852573561e-14,0.015,"[0.005, 0.0075, 0.01, 0.015, 0.02, 0.03, 0.05, 0.08]",1.9065441857318413e-06,0.0011454188656169178,False,2.6227935039681742e-17,9.659381895805293e-05,True,success,-1.8358631796809923e-16,4.3065821426061754e-16,0.0012381331889589706,-6.459873213909263e-18,0.0
0.32991464959113503,1.2256116022599613e-17,0.0006004123385719763,5.96030388521693e-07,-7.030741313384823e-24,1.358197788533876e-09,typ,0.030020616928598812,8.095271555891503e-16,True,1.8066199523433003e-06,0.55208333335,1.08,-1.857467687141005e-15,5.7745862506956214e-05,4.513269792675787e-09,True,False,29,1.1041666667,407,6.79098894266938e-08,3.3954944713346897e-06,6.79098894266938e-08,6.79098894266938e-08,0.0,5.696847906960549,1.7316341188908522,-1.9007903038590546,-1.9007903038590546,0.4999897472365419,0.013157289643985581,0.0,0.0021432688214742045,0.0021432688214742045,True,5.96030388521693e-07,2.8710061991425464e-07,success,0.9999794944730822,0.008167282338142737,0.5,2.815423852573561e-14,0.02,"[0.005, 0.0075, 0.01, 0.015, 0.02, 0.03, 0.05, 0.08]",2.2621083899844905e-06,0.001819902024102508,False,3.71493537428201e-17,0.00019808482629016748,True,success,-2.4710720477346557e-16,5.89797219133646e-16,0.00227873916278422,-1.179594438267292e-17,0.0
0.3721923820729216,1.5533932043961046e-17,0.0013629990725847559,7.534766308640438e-07,-1.1259249112470775e-23,4.046252324709168e-09,typ,0.04543330241949187,3.048756569247669e-15,True,2.024427868908986e-06,0.55208333335,1.08,-1.3912099219087517e-15,0.00043518650830850515,4.513269792675787e-09,True,False,29,1.1041666667,407,1.3487507749030561e-07,4.495835916343521e-06,1.3487507749030561e-07,1.3487507749030561e-07,0.0,5.966788792358369,1.8136863089567554,-1.9007903038590546,-1.9007903038590546,0.4999897472365418,0.013157289643985581,0.0,0.0021432688214742045,0.0021432688214742045,True,7.534766308640438e-07,2.8710061991425464e-07,success,0.9999794944730822,0.008167282338142737,0.5,2.815423852573561e-14,0.03,"[0.005, 0.0075, 0.01, 0.015, 0.02, 0.03, 0.05, 0.08]",2.9686390886796137e-06,0.003662082133421288,False,4.173629765726255e-17,0.0005072978715885033,True,success,-2.039144740446405e-16,4.981021154148388e-16,0.005370109913122532,-1.4943063462445165e-17,0.0
0.40761580965309885,1.4604064137458982e-17,0.003799213012472076,1.0442308689630238e-06,-9.000073699246296e-24,1.5954845338280243e-08,typ,0.07598426024944152,1.6660542011763026e-14,True,2.5618016873577982e-06,0.55208333335,1.08,-7.165602408742565e-16,0.001649626571355098,4.513269792675787e-09,True,False,29,1.1041666667,407,3.1909690676560486e-07,6.381938135312097e-06,3.1909690676560486e-07,3.1909690676560486e-07,0.0,6.111616046794037,1.857708515486031,-1.9007903038590546,-1.9007903038590546,0.4999897472365419,0.013157289643985581,0.0,0.0021432688214742045,0.0021432688214742045,True,1.0442308689630238e-06,2.8710061991425464e-07,success,0.9999794944730822,0.008167282338142737,0.5,2.815423852573561e-14,0.05,"[0.005, 0.0075, 0.01, 0.015, 0.02, 0.03, 0.05, 0.08]",4.1995132375846245e-06,0.009320573251821104,False,3.5828012043712827e-17,0.001548619288123394,True,success,-6.972708391065074e-17,1.723770856953088e-16,0.015279040116985092,-8.61885428476544e-18,0.0
0.42801407179855994,1.3218082638815409e-17,0.009732999972253685,1.410939633933246e-06,-8.246574805814551e-24,4.936957923754406e-08,typ,0.12166249965317105,6.965749605685881e-14,True,3.2964795479838547e-06,0.55208333335,1.08,-3.8602944125387167e-16,0.00461464855849741,4.513269792675787e-09,True,False,29,1.1041666667,407,6.171197404693007e-07,7.71399675586626e-06,6.171197404693007e-07,6.171197404693007e-07,0.0,5.4672762535999615,1.6618527039431825,-1.9007903038590546,-1.9007903038590546,0.4999897472365419,0.013157289643985581,0.0,0.0021432688214742045,0.0021432688214742045,True,1.410939633933246e-06,2.8710061991425464e-07,success,0.9999794944730822,0.008167282338142737,0.5,2.815423852573561e-14,0.08,"[0.005, 0.0075, 0.01, 0.015, 0.02, 0.03, 0.05, 0.08]",5.072390771425482e-06,0.022739906497360237,False,3.0882355300309736e-17,0.0041658609489395705,True,success,-3.124565789079027e-17,7.305924547978137e-17,0.03499056802303976,-5.8447396383825094e-18,0.0
0.6922227993056116,3.8886081128605195e-19,6.544557546307301e-05,3.9472374150017836e-05,9.753240047197567e-23,3.4980843228837057e-09,typ,0.013089115092614602,1.3807769320117744e-13,True,5.702264385052573e-05,0.0,1.36,-1.1235134458909164e-16,-0.17037453034050237,4.754956897841389e-09,True,False,31,0.0,808,6.996168645767412e-07,0.00013992337291534823,6.996168645767412e-07,6.996168645767412e-07,0.0,3.5448430941487974,1.0775030943765695,-1.6958059200769646,-1.6958059200769646,0.49998988403789957,0.3971967894503264,0.0,0.02125937015051171,0.02125937015051171,True,3.9472374150017836e-05,2.8252802812229313e-05,success,0.9999797680757989,0.008513105653890097,0.5,1.530873532236183e-14,0.005,"[0.005, 0.0075, 0.01, 0.015, 0.02, 0.03, 0.05, 0.08]",5.3450279841415155e-05,9.45440911924937e-05,False,5.617567229454582e-19,4.530291944921505e-05,True,success,2.624745209704233e-16,-4.941805633544928e-16,8.862107735371994e-05,2.470902816772464e-18,0.0
0.7249614052674048,3.5225982693938215e-19,0.00013805638460523192,4.037968028256362e-05,8.911497851195064e-23,7.282344560883737e-09,typ,0.018407517947364258,2.940587450759515e-13,True,5.569907582551849e-05,0.0,1.36,-6.478686531999126e-17,-0.1703352366454688,4.754956897841389e-09,True,False,31,0.0,808,9.709792747844983e-07,0.00012946390330459978,9.709792747844983e-07,9.709792747844983e-07,0.0,3.2061646451545505,0.9745571903978247,-1.6958059200769646,-1.6958059200769646,0.49998988403789957,0.3971967894503264,0.0,0.02125937015051171,0.02125937015051171,True,4.037968028256362e-05,2.8252802812229313e-05,success,0.9999797680757989,0.008513105653890097,0.5,1.530873532236183e-14,0.0075,"[0.005, 0.0075, 0.01, 0.015, 0.02, 0.03, 0.05, 0.08]",5.2749060332902254e-05,0.0001904327369735073,False,4.859014898999344e-19,0.00010008555058954625,True,success,1.643363576177302e-16,-2.942568403657601e-16,0.00018034676128994345,2.2069263027432005e-18,0.0
0.7307601638201172,1.4060746924421386e-19,0.00024158768085188467,4.0157374649517696e-05,2.0157357552151593e-22,1.2241535672060477e-08,typ,0.024158768085188465,4.91587934268368e-13,True,5.495287871138358e-05,0.0,1.36,-1.924126084120064e-17,-0.1702821008885381,4.754956897841389e-09,True,False,31,0.0,808,1.2241535672060476e-06,0.00012241535672060476,1.2241535672060474e-06,1.2241535672060476e-06,0.0,3.048390433613045,0.926599580812959,-1.6958059200769646,-1.6958059200769646,0.49998988403789957,0.3971967894503264,0.0,0.02125937015051171,0.02125937015051171,True,4.0157374649517696e-05,2.8252802812229313e-05,success,0.9999797680757989,0.008513105653890097,0.5,1.530873532236183e-14,0.01,"[0.005, 0.0075, 0.01, 0.015, 0.02, 0.03, 0.05, 0.08]",5.06711916306927e-05,0.0003305977703942733,False,1.924126084120064e-19,0.00017654265323624544,True,success,2.874967846933499e-16,-5.019590480722248e-16,0.0003048390433613045,5.019590480722248e-18,1.7298339235075093e-16
0.731832264719169,-9.21571846612356e-19,0.0005419734965027162,3.902519481131615e-05,1.695720255733714e-22,2.447970966325676e-08,typ,0.036131566433514416,9.553254385330534e-13,True,5.332532698089166e-05,0.0,1.36,8.395109927418475e-17,-0.17013146768862092,4.754956897841389e-09,True,False,31,0.0,808,1.6319806442171173e-06,0.00010879870961447449,1.6319806442171173e-06,1.6319806442171173e-06,0.0,2.7879094554302157,0.8474228577355644,-1.6958059200769646,-1.6958059200769646,0.49998988403789957,0.3971967894503264,0.0,0.02125937015051171,0.02125937015051171,True,3.902519481131615e-05,2.8252802812229313e-05,success,0.9999797680757989,0.008513105653890097,0.5,1.530873532236183e-14,0.015,"[0.005, 0.0075, 0.01, 0.015, 0.02, 0.03, 0.05, 0.08]",4.516772466037751e-05,0.0007405706507223912,False,-1.259266489112771e-18,0.00039663369136334935,True,success,1.7349163375796585e-16,-2.896795713525399e-16,0.0006272796274717986,4.345193570288099e-18,0.0
0.7319185394775564,1.951565247206388e-18,0.0009637398587818291,3.7588751535280934e-05,1.4392942960834223e-22,3.786144730254826e-08,typ,0.048186992939091455,1.4231645354216192e-12,True,5.135646866126905e-05,0.0,1.36,-1.3331847343280957e-16,-0.1699206780186698,4.754956897841389e-09,True,False,31,0.0,808,1.893072365127413e-06,9.465361825637065e-05,1.8930723651274128e-06,1.893072365127413e-06,0.0,2.5181367933310694,0.7654218014208746,-1.6958059200769646,-1.6958059200769646,0.4999898840378995,0.3971967894503264,0.0,0.02125937015051171,0.02125937015051171,True,3.7588751535280934e-05,2.8252802812229313e-05,success,0.9999797680757989,0.008513105653890097,0.5,1.530873532236183e-14,0.02,"[0.005, 0.0075, 0.01, 0.015, 0.02, 0.03, 0.05, 0.08]",3.9285961826260124e-05,0.0013167310387707173,False,2.6663694686561918e-18,0.0007053790698759028,True,success,1.206485336452821e-16,-1.9145279336193112e-16,0.0010072547173324278,3.829055867238622e-18,1.1185955735998647e-16
0.7320806943444503,2.5114273586490847e-19,0.002169795715116024,3.4368639746622824e-05,5.1920038389528635e-23,6.241747678108516e-08,typ,0.07232652383720081,2.1452037733823105e-12,True,4.6946518344399996e-05,0.0,1.36,-1.1435111721292646e-17,-0.16931813470545848,4.754956897841389e-09,True,False,31,0.0,808,2.0805825593695054e-06,6.935275197898351e-05,2.0805825593695054e-06,2.0805825593695054e-06,0.0,2.017907967562154,0.6133704712641047,-1.6958059200769646,-1.6958059200769646,0.4999898840378997,0.3971967894503264,0.0,0.02125937015051171,0.02125937015051171,True,3.4368639746622824e-05,2.8252802812229313e-05,success,0.9999797680757989,0.008513105653890097,0.5,1.530873532236183e-14,0.03,"[0.005, 0.0075, 0.01, 0.015, 0.02, 0.03, 0.05, 0.08]",2.8766522279608957e-05,0.0029638750644271415,False,3.430533516387794e-19,0.001588465553707752,True,success,3.544873393501513e-17,-5.035602104350617e-17,0.0018161171708059383,1.5106806313051848e-18,0.0
0.7324356839020485,1.6676825286385314e-20,0.0060324186177927105,2.8215497273504868e-05,5.2391945852532905e-23,9.251406030245235e-08,typ,0.12064837235585421,2.6103302162247094e-12,True,3.8522832644071775e-05,0.0,1.36,-4.553799235323867e-19,-0.16738835550269757,4.754956897841389e-09,True,False,31,0.0,808,1.850281206049047e-06,3.700562412098094e-05,1.850281206049047e-06,1.850281206049047e-06,0.0,1.3115354219090882,0.398658964010045,-1.6958059200769646,-1.6958059200769646,0.4999898840378995,0.3971967894503264,0.0,0.02125937015051171,0.02125937015051171,True,2.8215497273504868e-05,2.8252802812229313e-05,success,0.9999797680757989,0.008513105653890097,0.5,1.530873532236183e-14,0.05,"[0.005, 0.0075, 0.01, 0.015, 0.02, 0.03, 0.05, 0.08]",1.5336147267628397e-05,0.008236106937956685,False,2.276899617661934e-20,0.004418358655906454,True,success,3.242774903433507e-17,-3.7136999815863874e-17,0.003278838554772721,1.856849990793194e-18,0.0
0.7326095474777032,-4.650847537291628e-18,0.015285509191489438,2.1404812780279306e-05,-3.3580777683627286e-23,1.0404101825577189e-07,typ,0.19106886489361796,2.226978517234419e-12,True,2.9217217894543962e-05,0.0,1.36,7.935413129176383e-17,-0.16269784309144594,4.754956897841389e-09,True,False,31,0.0,808,1.3005127281971487e-06,1.625640910246436e-05,1.3005127281971487e-06,1.3005127281971487e-06,0.0,0.7594744821800882,0.2308525604419143,-1.6958059200769646,-1.6958059200769646,0.4999898840378996,0.3971967894503264,0.0,0.02125937015051171,0.02125937015051171,True,2.1404812780279306e-05,2.8252802812229313e-05,success,0.9999797680757989,0.008513105653890097,0.5,1.530873532236183e-14,0.08,"[0.005, 0.0075, 0.01, 0.015, 0.02, 0.03, 0.05, 0.08]",6.806513080617501e-06,0.020864468998685343,False,-6.3483305033411064e-18,0.01119830997174335,True,success,-2.2502601835323032e-17,1.961052990064339e-17,0.0048606366859525645,-1.5688423920514711e-18,0.0
0.6508940157038536,4.67982084442821e-19,6.895136576133554e-05,1.2863055962660985e-05,-3.171362991723588e-23,1.2073439192834889e-09,typ,0.013790273152267107,1.5530132399921965e-14,True,1.9762135850567522e-05,0.0,1.38,-1.4379670826647926e-16,-0.17275887879484664,4.6726214690312975e-09,True,False,33,0.0,617,2.414687838566978e-07,4.829375677133956e-05,2.414687838566978e-07,2.414687838566978e-07,0.0,3.7544543778342554,1.1412172844799708,-3.6886211970061216,-3.6886211970061216,0.49998969111863006,0.22807317592705242,0.0,0.011315093669566048,0.011315093669566048,True,1.2863055962660985e-05,8.002380391747885e-06,success,0.9999793822372604,0.005729552303335605,0.5,1.408290332634102e-14,0.005,"[0.005, 0.0075, 0.01, 0.015, 0.02, 0.03, 0.05, 0.08]",1.751007983601837e-05,0.00010593332262668598,False,7.189835413323963e-19,4.488003134866089e-05,True,success,-2.544827649633927e-16,4.930963529863283e-16,9.386135944585638e-05,-2.4654817649316418e-18,0.0
0.7102098905177282,5.424187235979726e-19,0.00013851579759121172,1.3420640268443556e-05,-2.6509361486477255e-23,2.465376670129611e-09,typ,0.018468773012161564,3.308693341602274e-14,True,1.8896723979245332e-05,0.0,1.38,-1.0183256730909237e-16,-0.1727186875414244,4.6726214690312975e-09,True,False,33,0.0,617,3.2871688935061477e-07,4.382891858008197e-05,3.2871688935061477e-07,3.2871688935061477e-07,0.0,3.2657844710388755,0.9926794443792745,-3.6886211970061216,-3.6886211970061216,0.4999896911186301,0.22807317592705242,0.0,0.011315093669566048,0.011315093669566048,True,1.3420640268443556e-05,8.002380391747885e-06,success,0.9999793822372604,0.005729552303335605,0.5,1.408290332634102e-14,0.0075,"[0.005, 0.0075, 0.01, 0.015, 0.02, 0.03, 0.05, 0.08]",1.7798523439221266e-05,0.00019503501632487345,False,7.637442548181927e-19,9.837528944223027e-05,True,success,-1.45737397063013e-16,2.6336906889914125e-16,0.00018370037649593674,-1.9752680167435596e-18,0.0
0.7207542971237805,-9.198777807181702e-19,0.00023921207507802142,1.3410875254317818e-05,-1.0326832959841705e-23,4.144412284316042e-09,typ,0.02392120750780214,5.558019614742479e-14,True,1.860672257915747e-05,0.0,1.38,1.2762709627802507e-16,-0.17266583059270085,4.6726214690312975e-09,True,False,33,0.0,617,4.144412284316042e-07,4.144412284316042e-05,4.144412284316042e-07,4.144412284316042e-07,0.0,3.0903369136788377,0.9393497818426465,-3.6886211970061216,-3.6886211970061216,0.49998969111863006,0.22807317592705242,0.0,0.011315093669566048,0.011315093669566048,True,1.3410875254317818e-05,8.002380391747885e-06,success,0.9999793822372604,0.005729552303335605,0.5,1.408290332634102e-14,0.01,"[0.005, 0.0075, 0.01, 0.015, 0.02, 0.03, 0.05, 0.08]",1.732526371406753e-05,0.0003318912922650807,False,-1.2762709627802508e-18,0.00017241313103638035,True,success,-4.380332870188537e-17,7.700342269992287e-17,0.0003090336913678838,-7.700342269992287e-19,0.0
0.7226457584475884,-1.1113072267973079e-18,0.0005351093763978923,1.3095216721362289e-05,1.592322679164653e-23,8.419870039185261e-09,typ,0.03567395842652615,1.1026002292883619e-13,True,1.8121211628632358e-05,0.0,1.38,1.0252208303596819e-16,-0.17251700693929187,4.6726214690312975e-09,True,False,33,0.0,617,5.613246692790175e-07,3.7421644618601166e-05,5.613246692790175e-07,5.613246692790175e-07,0.0,2.8576575260152097,0.8686237289408871,-3.6886211970061216,-3.6886211970061216,0.49998969111863,0.22807317592705242,0.0,0.011315093669566048,0.011315093669566048,True,1.3095216721362289e-05,8.002380391747885e-06,success,0.9999793822372604,0.005729552303335605,0.5,1.408290332634102e-14,0.015,"[0.005, 0.0075, 0.01, 0.015, 0.02, 0.03, 0.05, 0.08]",1.573485797588507e-05,0.0007404864280217074,False,-1.5378312455395227e-18,0.0003866945211594709,True,success,4.7953691112488426e-17,-8.106383234152409e-17,0.0006429729433534221,1.2159574851228613e-18,0.0
0.7227133273055042,1.734724859160271e-18,0.0009513199674119376,1.2680006975400244e-05,-1.2407706113225304e-23,1.3295966620500212e-08,typ,0.04756599837059688,1.685929494926315e-13,True,1.7545002280053668e-05,0.0,1.38,-1.2001472739044777e-16,-0.17230891450284128,4.6726214690312975e-09,True,False,33,0.0,617,6.647983310250106e-07,3.323991655125053e-05,6.647983310250107e-07,6.647983310250106e-07,0.0,2.6214430808861064,0.7968231474191907,-3.6886211970061216,-3.6886211970061216,0.49998969111863006,0.22807317592705242,0.0,0.011315093669566048,0.011315093669566048,True,1.2680006975400244e-05,8.002380391747885e-06,success,0.9999793822372604,0.005729552303335605,0.5,1.408290332634102e-14,0.02,"[0.005, 0.0075, 0.01, 0.015, 0.02, 0.03, 0.05, 0.08]",1.3976335067024653e-05,0.001316317177875699,False,2.4002945478089554e-18,0.0006875316189804453,True,success,-3.021842284744868e-17,4.892625902058566e-17,0.0010485772323544425,-9.78525180411713e-19,1.592650183756316e-16
0.7227888402173754,-4.330905960414702e-19,0.002141115311135086,1.1735240128533393e-05,-4.1278632935906064e-24,2.2925783198436056e-08,typ,0.07137051037116954,2.6903957096834344e-13,True,1.62360560589232e-05,0.0,1.38,1.9973126863774865e-17,-0.17171424417207748,4.6726214690312975e-09,True,False,33,0.0,617,7.641927732812019e-07,2.547309244270673e-05,7.641927732812018e-07,7.641927732812019e-07,0.0,2.1706494425086995,0.6597983123626862,-3.6886211970061216,-3.6886211970061216,0.49998969111863006,0.22807317592705242,0.0,0.011315093669566048,0.011315093669566048,True,1.1735240128533393e-05,8.002380391747885e-06,success,0.9999793822372604,0.005729552303335605,0.5,1.408290332634102e-14,0.03,"[0.005, 0.0075, 0.01, 0.015, 0.02, 0.03, 0.05, 0.08]",1.0707402389403415e-05,0.0029622971357598097,False,-5.991938059132459e-19,0.0015475742525069937,True,success,-7.958243533464658e-18,1.172497891927524e-17,0.0019535844982578295,-3.517493675782572e-19,1.3855027436621276e-16
0.7229553356502434,-1.6899448466367848e-18,0.005949806134444872,9.86564677232894e-06,5.735513414446791e-24,3.686226426975474e-08,typ,0.11899612268889743,3.6367007851364226e-13,True,1.3646274238304831e-05,0.0,1.38,4.675101664798719e-17,-0.16981052576287764,4.6726214690312975e-09,True,False,33,0.0,617,7.372452853950948e-07,1.4744905707901894e-05,7.372452853950948e-07,7.372452853950948e-07,0.0,1.4945706093246973,0.45429498952148495,-3.6886211970061216,-3.6886211970061216,0.49998969111863,0.22807317592705242,0.0,0.011315093669566048,0.011315093669566048,True,9.86564677232894e-06,8.002380391747885e-06,success,0.9999793822372604,0.005729552303335605,0.5,1.408290332634102e-14,0.05,"[0.005, 0.0075, 0.01, 0.015, 0.02, 0.03, 0.05, 0.08]",6.195540398593854e-06,0.008229839163014785,False,-2.3375508323993596e-18,0.0043014440909814695,True,success,9.510832095366033e-18,-1.1627242585926952e-17,0.0037364265233117435,5.813621292963476e-19,0.0
0.7229276806860174,8.538906725997865e-18,0.01508568674065163,7.684043972769568e-06,3.5178203796437095e-23,4.526653729671514e-08,typ,0.18857108425814537,3.478300630829728e-13,True,1.0629063152593417e-05,0.0,1.38,-1.476445527354639e-16,-0.1651836297863382,4.6726214690312975e-09,True,False,33,0.0,617,5.658317162089392e-07,7.07289645261174e-06,5.658317162089392e-07,5.658317162089392e-07,0.0,0.9204653796459794,0.2797879253025733,-3.6886211970061216,-3.6886211970061216,0.49998969111863,0.22807317592705242,0.0,0.011315093669566048,0.011315093669566048,True,7.684043972769568e-06,8.002380391747885e-06,success,0.9999793822372604,0.005729552303335605,0.5,1.408290332634102e-14,0.08,"[0.005, 0.0075, 0.01, 0.015, 0.02, 0.03, 0.05, 0.08]",3.0006282163300337e-06,0.020867490820570277,False,1.1811564218837112e-17,0.010905860526975088,True,success,5.964720566679466e-17,-5.722605818157131e-17,0.005890978429734268,4.578084654525705e-18,0.0
0.761174447224556,-2.7973340631255696e-19,6.262769439879195e-05,0.0010706099236270103,-5.837552018409252e-22,8.738220629423041e-08,typ,0.012525538879758389,9.355225720702567e-11,True,0.0014065237312297309,0.0,1.28,7.350047215392981e-17,-0.1620395040103882,4.761097251447925e-09,True,False,35,0.0,764,1.7476441258846082e-05,0.003495288251769216,1.747644125884608e-05,1.7476441258846082e-05,0.0,3.2647635470516523,0.9923691206988916,-0.05554472749599037,-0.05554472749599037,0.49998986679318463,0.7605794381250354,0.0,0.13056463792642065,0.13056463792642065,True,0.0010706099236270103,0.0010729938123136484,success,0.999979733586369,0.047569425450583035,0.5,8.18461159454058e-15,0.005,"[0.005, 0.0075, 0.01, 0.015, 0.02, 0.03, 0.05, 0.08]",0.0013952646210765819,8.227771521646469e-05,False,-3.6750236076964907e-19,4.767060066494888e-05,True,success,-6.035366227509745e-17,1.0905096038401744e-16,8.161908867629129e-05,-5.452548019200872e-19,1.938685192731801e-16
0.7612703791068298,-2.3161057151484775e-19,0.00014091386867956423,0.0010674171623422215,-1.254290151965955e-21,1.941253648955979e-07,typ,0.0187885158239419,2.072127461355074e-10,True,0.0014021524961927224,0.0,1.28,4.0565626067764574e-17,-0.16200036212630253,4.761097251447925e-09,True,False,35,0.0,764,2.588338198607972e-05,0.003451117598143963,2.588338198607972e-05,2.588338198607972e-05,0.0,3.233147938685204,0.9827591281151081,-0.05554472749599037,-0.05554472749599037,0.4999898667931846,0.7605794381250354,0.0,0.13056463792642065,0.13056463792642065,True,0.0010674171623422215,0.0010729938123136484,success,0.999979733586369,0.047569425450583035,0.5,8.18461159454058e-15,0.0075,"[0.005, 0.0075, 0.01, 0.015, 0.02, 0.03, 0.05, 0.08]",0.001377617169371992,0.00018510357495439824,False,-3.042421955082343e-19,0.00010727355423110189,True,success,-8.713442693008081e-17,1.5667603335309323e-16,0.0001818645715510427,-1.175070250148199e-18,0.0
0.7613203921083628,-3.3796614595446584e-19,0.00025055613583003134,0.0010629476120031767,4.210349317894911e-22,3.390379067631124e-07,typ,0.025055613583003133,3.60379533372406e-10,True,0.0013961895977323063,0.0,1.28,4.4392104750868323e-17,-0.16194555792405904,4.761097251447925e-09,True,False,35,0.0,764,3.390379067631124e-05,0.003390379067631124,3.3903790676311246e-05,3.390379067631124e-05,0.0,3.1896012835870513,0.9695225322004797,-0.05554472749599037,-0.05554472749599037,0.4999898667931846,0.7605794381250354,0.0,0.13056463792642065,0.13056463792642065,True,0.0010629476120031767,0.0010729938123136484,success,0.999979733586369,0.047569425450583035,0.5,8.18461159454058e-15,0.01,"[0.005, 0.0075, 0.01, 0.015, 0.02, 0.03, 0.05, 0.08]",0.0013531415051559706,0.00032910734879457735,False,-4.4392104750868325e-19,0.00019075349557527566,True,success,2.2178801291034228e-17,-3.9610130079320666e-17,0.0003189601283587052,3.961013007932067e-19,1.998674320145863e-16
0.7614288122800869,6.234162491794526e-19,0.0005640815518778313,0.0010503640924320744,-7.411538288475121e-22,7.252429883546993e-07,typ,0.03760543679185542,7.617691932559093e-10,True,0.0013794646006194265,0.0,1.28,-5.458301893538301e-17,-0.16178891495850425,4.761097251447925e-09,True,False,35,0.0,764,4.8349532556979955e-05,0.0032233021704653306,4.8349532556979955e-05,4.8349532556979955e-05,0.0,3.068747488313227,0.9327873834460417,-0.05554472749599037,-0.05554472749599037,0.49998986679318463,0.7605794381250354,0.0,0.13056463792642065,0.13056463792642065,True,0.0010503640924320744,0.0010729938123136484,success,0.999979733586369,0.047569425450583035,0.5,8.18461159454058e-15,0.015,"[0.005, 0.0075, 0.01, 0.015, 0.02, 0.03, 0.05, 0.08]",0.001285705915998069,0.00074081981503786,False,8.187452840307451e-19,0.0004295079460754453,True,success,-2.6853237558051507e-17,4.704107424511573e-17,0.000690468184870476,-7.056161136767359e-19,0.0
0.7615788220676208,1.1933439879423308e-24,0.0010036609784192544,0.001033255523840071,-1.2705494180058943e-21,1.2023791229677879e-06,typ,0.050183048920962724,1.2423648705564467e-09,True,0.0013567282780196951,0.0,1.28,-7.834671562311205e-23,-0.16156945730047137,4.761097251447925e-09,True,False,35,0.0,764,6.011895614838939e-05,0.0030059478074194695,6.01189561483894e-05,6.011895614838939e-05,0.0,2.9092008105100002,0.8842910087223649,-0.05554472749599037,-0.05554472749599037,0.4999898667931846,0.7605794381250354,0.0,0.13056463792642065,0.13056463792642065,True,0.001033255523840071,0.0010729938123136484,success,0.999979733586369,0.047569425450583035,0.5,8.18461159454058e-15,0.02,"[0.005, 0.0075, 0.01, 0.015, 0.02, 0.03, 0.05, 0.08]",0.0011979932953670375,0.0013178688132298656,False,1.566934312462241e-24,0.0007643669456997716,True,success,-3.6046821856465116e-17,6.148282727218946e-17,0.0011636803242040003,-1.2296565454437892e-18,2.254285174649008e-16
0.7620141984367305,1.1724924026176817e-19,0.0022636647091781835,0.0009877630767149766,4.351470281725306e-22,2.2406818511160726e-06,typ,0.07545549030593945,2.2132627991978213e-09,True,0.0012962528503292579,0.0,1.28,-5.128917567078785e-18,-0.16094140910740762,4.761097251447925e-09,True,False,35,0.0,764,7.468939503720243e-05,0.002489646501240081,7.468939503720243e-05,7.468939503720243e-05,0.0,2.5204895383617174,0.7661369501548162,-0.05554472749599037,-0.05554472749599037,0.4999898667931846,0.7605794381250354,0.0,0.13056463792642065,0.13056463792642065,True,0.0009877630767149766,0.0010729938123136484,success,0.999979733586369,0.047569425450583035,0.5,8.18461159454058e-15,0.03,"[0.005, 0.0075, 0.01, 0.015, 0.02, 0.03, 0.05, 0.08]",0.0009898470573098015,0.002970633242559107,False,1.5386752701236355e-19,0.0017249446488939281,True,success,9.249527110689133e-18,-1.4684595204068157e-17,0.002268440584525545,4.405378561220447e-19,0.0
0.763352985640444,-2.4314018027679575e-19,0.006323692231574649,0.0008723246828037574,3.4784565726337413e-22,3.834034892164038e-06,typ,0.12647384463149297,3.344523271165533e-09,True,0.001142754006617119,0.0,1.28,6.370321066414748e-18,-0.1589228996241465,4.761097251447925e-09,True,False,35,0.0,764,7.668069784328075e-05,0.001533613956865615,7.668069784328075e-05,7.668069784328075e-05,0.0,1.7580769948368233,0.5343913261536933,-0.05554472749599037,-0.05554472749599037,0.49998986679318463,0.7605794381250354,0.0,0.13056463792642065,0.13056463792642065,True,0.0008723246828037574,0.0010729938123136484,success,0.999979733586369,0.047569425450583035,0.5,8.18461159454058e-15,0.05,"[0.005, 0.0075, 0.01, 0.015, 0.02, 0.03, 0.05, 0.08]",0.0006062968834916454,0.008284099689829794,False,-3.185160533207374e-19,0.00482720934524379,True,success,6.014776228528606e-18,-7.97514191952831e-18,0.004395192487092059,3.9875709597641556e-19,0.0
0.7653639693074623,5.697779346482478e-18,0.01604217521296822,0.0007029745590957975,-5.413150402235814e-22,4.596302563004408e-06,typ,0.20052719016210277,3.231083767698908e-09,True,0.0009184839988376802,0.0,1.28,-9.305669549022047e-17,-0.15399767370384967,4.761097251447925e-09,True,False,35,0.0,764,5.74537820375551e-05,0.0007181722754694388,5.74537820375551e-05,5.74537820375551e-05,0.0,1.0216191555967393,0.31053498623024184,-0.05554472749599037,-0.05554472749599037,0.49998986679318463,0.7605794381250354,0.0,0.13056463792642065,0.13056463792642065,True,0.0007029745590957975,0.0010729938123136484,success,0.999979733586369,0.047569425450583035,0.5,8.18461159454058e-15,0.08,"[0.005, 0.0075, 0.01, 0.015, 0.02, 0.03, 0.05, 0.08]",0.00028651367423594996,0.02096019130281759,False,7.444535639217637e-18,0.012278102897323142,True,success,-9.523048259955828e-18,9.62543795539075e-18,0.006538362595819132,-7.7003503643126e-19,0.0
0.0025419706219405166,3.3590253712129917e-21,5.758117745598292e-07,2.081819045391967e-07,2.2598025035323193e-25,1.3981618100831544e-10,typ,0.00011516235491196583,2.910719884770817e-17,True,8.189784049521098e-05,0.4375,0.72,-2.6428514493599793e-16,-0.010007248844554489,4.661030875330383e-09,True,False,37,0.875,598,2.796323620166309e-08,5.592647240332618e-06,2.796323620166309e-08,2.796323620166309e-08,0.0,26.86423324213382,8.165747729210509,-0.0004715005580182289,-0.0004715005580182289,0.4999888088745584,0.002267109252153622,0.0,0.001605351248949448,0.001605351248949448,True,2.081819045391967e-07,1.6107221023742516e-07,success,0.999977617749117,0.4629835164004548,0.5,3.1867421915743693e-15,0.005,"[0.005, 0.0075, 0.01, 0.015, 0.02, 0.03, 0.05, 0.08]",0.00024281577276740455,0.0002265218054016139,False,1.3214257246799898e-18,1.4636966146985216e-09,True,success,4.188613412282431e-17,-2.1709884041404198e-16,0.0006716058310533455,1.0854942020702099e-18,0.0
0.005244382243603908,2.6072732907671432e-20,8.041881704143796e-06,1.458250097572066e-06,-1.747419044018271e-23,5.0917932507104154e-09,typ,0.0010722508938858395,7.425108004665251e-15,True,0.0002780594605495356,0.4375,0.72,-6.62873952776674e-16,-0.01000607718552996,4.661030875330383e-09,True,False,37,0.875,598,6.789057667613887e-07,9.05207689015185e-05,6.789057667613887e-07,6.789057667613887e-07,0.0,62.07492737510002,18.868515348471867,-0.0004715005580182289,-0.0004715005580182289,0.49998880887455843,0.002267109252153622,0.0,0.001605351248949448,0.001605351248949448,True,1.458250097572066e-06,1.6107221023742516e-07,success,0.999977617749117,0.4629835164004548,0.5,3.1867421915743693e-15,0.0075,"[0.005, 0.0075, 0.01, 0.015, 0.02, 0.03, 0.05, 0.08]",0.0006331594318387861,0.00153342783393635,False,4.971554645825055e-18,4.217470161437486e-08,True,success,-2.0278959921157125e-16,1.5977314608586104e-15,0.0034917146648493756,-1.1982985956439578e-17,0.0
0.014518811596549637,1.4484263398048536e-19,3.802549032551301e-05,8.342438767146916e-06,-1.1249656330721176e-22,3.878995049259797e-08,typ,0.0038025490325513008,3.2360278676515887e-13,True,0.0005745951527554416,0.4375,0.72,-9.976204527298012e-16,-0.01000037156572841,4.661030875330383e-09,True,False,37,0.875,598,3.878995049259797e-06,0.00038789950492597964,3.878995049259797e-06,3.878995049259797e-06,0.0,46.49713540044836,14.133434384254418,-0.0004715005580182289,-0.0004715005580182289,0.49998880887455843,0.002267109252153622,0.0,0.001605351248949448,0.001605351248949448,True,8.342438767146916e-06,1.6107221023742516e-07,success,0.999977617749117,0.4629835164004548,0.5,3.1867421915743693e-15,0.01,"[0.005, 0.0075, 0.01, 0.015, 0.02, 0.03, 0.05, 0.08]",0.001020103887169919,0.0026190497805309134,False,9.976204527298012e-18,5.520849299025444e-07,True,success,-1.9775757539147932e-16,1.348485334411213e-15,0.004649713540044837,-1.348485334411213e-17,0.0
0.05398619023980088,3.6591823321499135e-19,0.00020302308745322629,5.888225700667744e-05,-3.176373552203558e-22,3.8581102193129783e-07,typ,0.013534872496881753,2.2717423749367544e-11,True,0.0010906910960956637,0.4375,0.72,-4.518664638612477e-16,-0.009958740618477527,4.661030875330383e-09,True,False,37,0.875,598,2.5720734795419857e-05,0.0017147156530279905,2.5720734795419857e-05,2.5720734795419857e-05,0.0,29.12109250216982,8.851750683833561,-0.0004715005580182289,-0.0004715005580182289,0.4999888088745584,0.002267109252153622,0.0,0.001605351248949448,0.001605351248949448,True,5.888225700667744e-05,1.6107221023742516e-07,success,0.999977617749117,0.4629835164004548,0.5,3.1867421915743693e-15,0.015,"[0.005, 0.0075, 0.01, 0.015, 0.02, 0.03, 0.05, 0.08]",0.0019003307789818898,0.0037606485390322872,False,6.7779969579187146e-18,1.0960443022321605e-05,True,success,-6.664261525383482e-17,3.5962995913956983e-16,0.006552245812988208,-5.3944493870935465e-18,0.0
0.10655576526180668,5.421056266862818e-19,0.0005105190487506891,0.00017006845284670322,-1.2705493937893502e-21,1.4821519889494463e-06,typ,0.025525952437534454,2.520672956442963e-10,True,0.0015960511609000823,0.4375,0.72,-2.5437648791425433e-16,-0.009861426999316808,4.661030875330383e-09,True,False,37,0.875,598,7.410759944747232e-05,0.003705379972373616,7.410759944747232e-05,7.410759944747232e-05,0.0,21.7875797089398,6.622630094434684,-0.0004715005580182289,-0.0004715005580182289,0.49998880887455843,0.002267109252153622,0.0,0.001605351248949448,0.001605351248949448,True,0.00017006845284670322,1.6107221023742516e-07,success,0.999977617749117,0.4629835164004548,0.5,3.1867421915743693e-15,0.02,"[0.005, 0.0075, 0.01, 0.015, 0.02, 0.03, 0.05, 0.08]",0.002903225633943489,0.0047910973892059975,False,5.087529758285087e-18,5.4398747920359275e-05,True,success,-8.002640401539396e-17,3.735405868996179e-16,0.008715031883575919,-7.470811737992357e-18,0.0
0.20468017764251506,6.150406628263837e-19,0.0014893132385826696,0.0005399104525299168,-3.285035813076687e-21,7.5553394411692284e-06,typ,0.04964377461942232,4.079206736698806e-09,True,0.002637824818937276,0.4375,0.72,-1.0016287685343348e-16,-0.00948460892202774,4.661030875330383e-09,True,False,37,0.875,598,0.0002518446480389743,0.008394821601299144,0.0002518446480389743,0.0002518446480389743,0.0,15.548544322419803,4.726190743988775,-0.0004715005580182289,-0.0004715005580182289,0.49998880887455843,0.002267109252153622,0.0,0.001605351248949448,0.001605351248949448,True,0.0005399104525299168,1.6107221023742516e-07,success,0.999977617749117,0.4629835164004548,0.5,3.1867421915743693e-15,0.03,"[0.005, 0.0075, 0.01, 0.015, 0.02, 0.03, 0.05, 0.08]",0.005073035843258465,0.007276294440118355,False,3.004886305603004e-18,0.00030483289823845025,True,success,-5.143423093269688e-17,2.028136207701135e-16,0.01399368989017782,-6.084408623103405e-18,0.0
0.3309538538605985,3.503390067482826e-19,0.004725948969280085,0.0015546982862631512,-2.099710774583387e-20,4.322489538186035e-05,typ,0.09451897938560169,6.720167077408228e-08,True,0.004697628591199327,0.4375,0.72,-2.1171471651503975e-17,-0.008037225324247471,4.661030875330383e-09,True,False,37,0.875,598,0.0008644979076372069,0.017289958152744138,0.0008644979076372069,0.0008644979076372069,0.0,11.121101956252884,3.380409640843981,-0.0004715005580182289,-0.0004715005580182289,0.4999888088745584,0.002267109252153622,0.0,0.001605351248949448,0.001605351248949448,True,0.0015546982862631512,1.6107221023742516e-07,success,0.999977617749117,0.4629835164004548,0.5,3.1867421915743693e-15,0.05,"[0.005, 0.0075, 0.01, 0.015, 0.02, 0.03, 0.05, 0.08]",0.009146289065504848,0.01427978225408642,False,1.0585735825751989e-18,0.0015640710245317672,True,success,-8.099709472006686e-17,2.7011167287386925e-16,0.027802754890632213,-1.3505583643693462e-17,0.0
0.42431499716119914,8.505879889192363e-18,0.012640552107407024,0.003119251877241496,-1.7245779882276946e-20,0.00016477682383299932,typ,0.1580069013425878,5.139804170669744e-07,True,0.007351264739899067,0.4375,0.72,-2.505768104503546e-16,-0.004241597897209829,4.661030875330383e-09,True,False,37,0.875,598,0.0020597102979124913,0.02574637872390614,0.0020597102979124913,0.0020597102979124913,0.0,8.254023636807073,2.5089223340793785,-0.0004715005580182289,-0.0004715005580182289,0.49998880887455843,0.002267109252153622,0.0,0.001605351248949448,0.001605351248949448,True,0.003119251877241496,1.6107221023742516e-07,success,0.999977617749117,0.4629835164004548,0.5,3.1867421915743693e-15,0.08,"[0.005, 0.0075, 0.01, 0.015, 0.02, 0.03, 0.05, 0.08]",0.01303557174029167,0.02979049100780386,False,2.0046144836028366e-17,0.005363575831570401,True,success,-2.4055232145390132e-17,6.911024085656804e-17,0.05282575127556527,-5.528819268525444e-18,0.0
0.26800684363675836,8.461328713502661e-20,2.5984580503983032e-05,0.004715023899720161,-1.4916716007230673e-22,5.462012865194086e-07,arith,0.0051969161007966065,2.575352119996911e-09,True,0.017592923507993113,0.4375,0.74,-6.31426317230218e-17,-0.021088364363246945,4.840532286254397e-09,True,False,38,0.875,1197,0.00010924025730388172,0.021848051460776344,0.00010924025730388172,0.00010924025730388172,0.0,4.633709589907495,1.408478820912837,-1.9311862022141485e-06,-1.9311862022141485e-06,0.49998986018690894,0.23036047747428898,0.0,0.164770028882972,0.23036047747428898,True,0.004715023899720161,0.0033914481650388095,success,0.9999797203738177,0.9999797203738177,0.5,2.797192172884863e-15,0.005,"[0.005, 0.0075, 0.01, 0.015, 0.02, 0.03, 0.05, 0.08]",0.021020207982025512,9.695491410361555e-05,False,3.15713158615109e-19,6.9640454040977405e-06,True,success,-2.9393744367629697e-18,6.327312999671534e-18,0.00011584273974768737,-3.163656499835767e-20,0.0
0.2850582624647421,-9.219424235271025e-20,6.392087390671651e-05,0.005407827398551471,-3.0622226276713085e-21,1.4882255210487975e-06,arith,0.008522783187562201,8.048066747951227e-09,True,0.018970954750769056,0.4375,0.74,4.312299366712256e-17,-0.021071285136805614,4.840532286254397e-09,True,False,38,0.875,1197,0.00019843006947317302,0.02645734259642307,0.00019843006947317302,0.00019843006947317302,0.0,4.892416241596371,1.4871162134086258,-1.9311862022141485e-06,-1.9311862022141485e-06,0.49998986018690883,0.23036047747428898,0.0,0.164770028882972,0.23036047747428898,True,0.005407827398551471,0.0033914481650388095,success,0.9999797203738177,0.9999797203738177,0.5,2.797192172884863e-15,0.0075,"[0.005, 0.0075, 0.01, 0.015, 0.02, 0.03, 0.05, 0.08]",0.023282308737215526,0.00022423792720136526,False,-3.234224525034192e-19,1.8221173251076477e-05,True,success,-3.4134298065534465e-17,7.550099518071525e-17,0.00027519841358979586,-5.662574638553643e-19,0.0
0.29976307373166705,-2.3166351107405114e-19,0.00012142680144033566,0.006048370168681201,3.3616620094155045e-21,3.051090245477097e-06,arith,0.012142680144033566,1.8454123222697873e-08,True,0.020177168900047376,0.4375,0.74,7.728220430559929e-17,-0.021045506546642882,4.840532286254397e-09,True,False,38,0.875,1197,0.0003051090245477097,0.03051090245477097,0.0003051090245477097,0.0003051090245477097,0.0,5.044483324244625,1.5333390638295006,-1.9311862022141485e-06,-1.9311862022141485e-06,0.4999898601869089,0.23036047747428898,0.0,0.164770028882972,0.23036047747428898,True,0.006048370168681201,0.0033914481650388095,success,0.9999797203738177,0.9999797203738177,0.5,2.797192172884863e-15,0.01,"[0.005, 0.0075, 0.01, 0.015, 0.02, 0.03, 0.05, 0.08]",0.025126991811410617,0.0004050759152177325,False,-7.728220430559929e-19,3.6399271233159835e-05,True,success,2.4746132733574893e-17,-5.557963411072917e-17,0.0005044483324244625,5.557963411072918e-19,0.0
0.3242138704798359,6.505213044841779e-19,0.00030029750331347715,0.00719993656688453,-3.3881317609095294e-21,8.415725380097002e-06,arith,0.02001983355423181,6.059268890101862e-08,True,0.02220736748933239,0.4375,0.74,-1.337638235570464e-16,-0.020965404501717966,4.840532286254397e-09,True,False,38,0.875,1197,0.0005610483586731335,0.03740322391154224,0.0005610483586731335,0.0005610483586731335,0.0,5.194937978144842,1.5790717946825052,-1.9311862022141485e-06,-1.9311862022141485e-06,0.49998986018690883,0.23036047747428898,0.0,0.164770028882972,0.23036047747428898,True,0.00719993656688453,0.0033914481650388095,success,0.9999797203738177,0.9999797203738177,0.5,2.797192172884863e-15,0.015,"[0.005, 0.0075, 0.01, 0.015, 0.02, 0.03, 0.05, 0.08]",0.028024626536145132,0.0009262327452833446,False,2.006457353355696e-18,9.736061584469378e-05,True,success,-1.3764174773063426e-17,3.137186676979851e-17,0.0011688610450825893,-4.705780015469777e-19,0.0
0.3441009601592558,5.461181338873956e-19,0.0005700396322844369,0.008214820565156964,2.3828183019430268e-20,1.7236240155351594e-05,arith,0.028501981614221843,1.4159262009416655e-07,True,0.023873285797735073,0.4375,0.74,-7.935434612484701e-17,-0.020844306784481226,4.840532286254397e-09,True,False,38,0.875,1197,0.0008618120077675797,0.04309060038837898,0.0008618120077675797,0.0008618120077675797,0.0,5.245470676638648,1.5944318931546069,-1.9311862022141485e-06,-1.9311862022141485e-06,0.49998986018690894,0.23036047747428898,0.0,0.164770028882972,0.23036047747428898,True,0.008214820565156964,0.0033914481650388095,success,0.9999797203738177,0.9999797203738177,0.5,2.797192172884863e-15,0.02,"[0.005, 0.0075, 0.01, 0.015, 0.02, 0.03, 0.05, 0.08]",0.03023691543389232,0.001656605759020878,False,1.5870869224969404e-18,0.00019615118479790383,True,success,6.332433212961628e-17,-1.4503167068856708e-16,0.0020981882706554594,2.9006334137713416e-18,0.0
0.37523269717440483,1.1709362750935609e-19,0.0013981737562818247,0.009941105176470491,2.672741080741217e-20,4.6740827267791674e-05,arith,0.04660579187606082,4.646554799043569e-07,True,0.02649317410590675,0.4375,0.74,-1.0401867817943382e-17,-0.020469769864646367,4.840532286254397e-09,True,False,38,0.875,1197,0.0015580275755930559,0.051934252519768534,0.0015580275755930559,0.0015580275755930559,0.0,5.224193044722153,1.5879642686019508,-1.9311862022141485e-06,-1.9311862022141485e-06,0.49998986018690883,0.23036047747428898,0.0,0.164770028882972,0.23036047747428898,True,0.009941105176470491,0.0033914481650388095,success,0.9999797203738177,0.9999797203738177,0.5,2.797192172884863e-15,0.03,"[0.005, 0.0075, 0.01, 0.015, 0.02, 0.03, 0.05, 0.08]",0.03342991316908276,0.0037261511771506575,False,3.1205603453830144e-19,0.000524640509688098,True,success,3.920950478874287e-17,-8.961917993676407e-17,0.004701773740249937,2.688575398102922e-18,0.0
0.41785838129051384,7.115698694372792e-19,0.004252577847425406,0.012567268347840081,-3.0762700765394123e-20,0.00015819770495584037,arith,0.08505155694850812,1.9881130101924764e-06,True,0.03007542485812377,0.4375,0.74,-3.405794409290855e-17,-0.01915625558332137,4.840532286254397e-09,True,False,38,0.875,1197,0.0031639540991168073,0.06327908198233614,0.0031639540991168073,0.0031639540991168073,0.0,5.035229632317976,1.5305262787722915,-1.9311862022141485e-06,-1.9311862022141485e-06,0.4999898601869089,0.23036047747428898,0.0,0.164770028882972,0.23036047747428898,True,0.012567268347840081,0.0033914481650388095,success,0.9999797203738177,0.9999797203738177,0.5,2.797192172884863e-15,0.05,"[0.005, 0.0075, 0.01, 0.015, 0.02, 0.03, 0.05, 0.08]",0.03720042539647248,0.010177079215909813,False,1.7028972046454274e-18,0.001776975295637078,True,success,-2.181744688639718e-17,4.89568614498174e-17,0.01258807408079494,-2.44784307249087e-18,0.0
0.4571614564455664,2.0549766558912175e-18,0.011504200432645759,0.01524686662069901,-1.2285630921697014e-21,0.00045909441509708925,arith,0.143802505408072,6.9997513132931464e-06,True,0.033351163808172955,0.4375,0.74,-5.618848185137576e-17,-0.015721395357095755,4.840532286254397e-09,True,False,38,0.875,1197,0.005738680188713615,0.07173350235892019,0.005738680188713615,0.005738680188713615,0.0,4.704802904324973,1.430088597210344,-1.9311862022141485e-06,-1.9311862022141485e-06,0.49998986018690883,0.23036047747428898,0.0,0.164770028882972,0.23036047747428898,True,0.01524686662069901,0.0033914481650388095,success,0.9999797203738177,0.9999797203738177,0.5,2.797192172884863e-15,0.08,"[0.005, 0.0075, 0.01, 0.015, 0.02, 0.03, 0.05, 0.08]",0.03990667737275382,0.02516441460767712,False,4.495078548110061e-18,0.00525927702503005,True,success,-4.643614503723336e-19,1.007225880186601e-18,0.03011073858767983,-8.057807041492808e-20,0.0
0.0038650051625496915,-2.068468519265415e-21,1.3685711995535995e-06,4.5005987680318795e-07,-2.760230618255562e-24,4.58241699955767e-10,typ,0.0002737142399107199,2.0623620302817592e-16,True,0.0001164448319924855,0.4375,0.74,1.0703574418518366e-16,-0.00966330569709083,4.734741122653773e-09,True,False,39,0.875,636,9.16483399911534e-08,1.832966799823068e-05,9.164833999115339e-08,9.16483399911534e-08,0.0,40.72717641134289,12.379577161222679,-0.0005369021986761763,-0.0005369021986761763,0.499988863842352,0.0030213673763988757,0.0,0.001998370990879493,0.001998370990879493,True,4.5005987680318795e-07,2.495933234701461e-07,success,0.9999777276847043,0.43970939999328285,0.5,3.2568294388051796e-15,0.005,"[0.005, 0.0075, 0.01, 0.015, 0.02, 0.03, 0.05, 0.08]",0.0003348321958735039,0.00035409298099120046,False,-5.351787209259183e-19,5.289534751591486e-09,True,success,-1.9220421917055383e-16,1.2266059520176318e-15,0.001018179410283572,-6.133029760088159e-18,1.4440948741816792e-16
0.010382746049906062,-1.4426029882924803e-20,1.4984915548256631e-05,3.8143629683382145e-06,-4.415076519501785e-23,1.070556784019356e-08,typ,0.001997988739767551,4.083492152466683e-14,True,0.00036737515778619326,0.4375,0.74,1.852564477462148e-16,-0.009660902727124823,4.734741122653773e-09,True,False,39,0.875,636,1.4274090453591413e-06,0.0001903212060478855,1.4274090453591413e-06,1.4274090453591413e-06,0.0,49.89593481996336,15.166545524698869,-0.0005369021986761763,-0.0005369021986761763,0.499988863842352,0.0030213673763988757,0.0,0.001998370990879493,0.001998370990879493,True,3.8143629683382145e-06,2.495933234701461e-07,success,0.9999777276847043,0.43970939999328285,0.5,3.2568294388051796e-15,0.0075,"[0.005, 0.0075, 0.01, 0.015, 0.02, 0.03, 0.05, 0.08]",0.0007144229679318454,0.001443251667355594,False,-1.389423358096611e-18,1.5558457271683745e-07,True,success,-2.1848537542021617e-16,1.5433163391982352e-15,0.0028066463336229386,-1.1574872543986764e-17,0.0
0.027163977233305693,-5.082197683525802e-21,5.737775110516978e-05,1.7401179657836325e-05,-2.5477162866633252e-22,6.373564770850936e-08,typ,0.005737775110516978,1.1090754563843356e-12,True,0.0006405976381286602,0.4375,0.74,1.870932831328739e-17,-0.009651600124066448,4.734741122653773e-09,True,False,39,0.875,636,6.373564770850936e-06,0.0006373564770850936,6.373564770850936e-06,6.373564770850936e-06,0.0,36.62719939783341,11.133333589477207,-0.0005369021986761763,-0.0005369021986761763,0.499988863842352,0.0030213673763988757,0.0,0.001998370990879493,0.001998370990879493,True,1.7401179657836325e-05,2.495933234701461e-07,success,0.9999777276847043,0.43970939999328285,0.5,3.2568294388051796e-15,0.01,"[0.005, 0.0075, 0.01, 0.015, 0.02, 0.03, 0.05, 0.08]",0.0011108076995155485,0.0021122735677608744,False,-1.8709328313287388e-19,1.5586079247191125e-06,True,success,-2.419192994021701e-16,1.4641055013278967e-15,0.003662719939783341,-1.4641055013278967e-17,0.0
0.08211307024878663,-5.014435047733275e-19,0.00024796797181258405,9.304093541957725e-05,-8.470329472542935e-22,4.981536539214886e-07,typ,0.016531198120838936,4.634868194353565e-11,True,0.0011330831393550542,0.4375,0.74,4.071162713025273e-16,-0.009596988901473544,4.734741122653773e-09,True,False,39,0.875,636,3.321024359476591e-05,0.002214016239651061,3.321024359476591e-05,3.321024359476591e-05,0.0,23.796151980488336,7.233162854388115,-0.0005369021986761763,-0.0005369021986761763,0.49998886384235197,0.0030213673763988757,0.0,0.001998370990879493,0.001998370990879493,True,9.304093541957725e-05,2.495933234701461e-07,success,0.9999777276847043,0.43970939999328285,0.5,3.2568294388051796e-15,0.015,"[0.005, 0.0075, 0.01, 0.015, 0.02, 0.03, 0.05, 0.08]",0.0020089435352481596,0.003019835588430555,False,-6.1067440695379094e-18,2.0361411488895855e-05,True,success,-1.244175397789048e-16,6.069249292866021e-16,0.0053541341956098755,-9.103873939299032e-18,0.0
0.14297268304296032,-5.420962200446142e-19,0.0005679243116853078,0.0002322033374081152,-1.2705493934749451e-21,1.7062155596480019e-06,typ,0.02839621558426539,3.961889472879211e-10,True,0.001624109812210371,0.4375,0.74,1.895803479751882e-16,-0.009484697763926206,4.734741122653773e-09,True,False,39,0.875,636,8.53107779824001e-05,0.004265538899120004,8.53107779824001e-05,8.53107779824001e-05,0.0,18.36984320179254,5.583762769589317,-0.0005369021986761763,-0.0005369021986761763,0.499988863842352,0.0030213673763988757,0.0,0.001998370990879493,0.001998370990879493,True,0.0002322033374081152,2.495933234701461e-07,success,0.9999777276847043,0.43970939999328285,0.5,3.2568294388051796e-15,0.02,"[0.005, 0.0075, 0.01, 0.015, 0.02, 0.03, 0.05, 0.08]",0.003004300968530173,0.003972257494214181,False,-3.791606959503764e-18,8.119766260697492e-05,True,success,-6.383228269051591e-17,2.7358551510434514e-16,0.007347937280717016,-5.471710302086903e-18,0.0
0.2425463150319747,1.791750275166307e-18,0.0015409054635303996,0.0006353141168245144,-3.283918967797349e-21,7.814804532595567e-06,typ,0.05136351545101332,4.964855639782164e-09,True,0.0026193517586146848,0.4375,0.74,-2.462416679648863e-16,-0.00908473592072288,4.734741122653773e-09,True,False,39,0.875,636,0.00026049348441985225,0.00868311614732841,0.00026049348441985225,0.00026049348441985225,0.0,13.667437756190845,4.1544029124457005,-0.0005369021986761763,-0.0005369021986761763,0.499988863842352,0.0030213673763988757,0.0,0.001998370990879493,0.001998370990879493,True,0.0006353141168245144,2.495933234701461e-07,success,0.9999777276847043,0.43970939999328285,0.5,3.2568294388051796e-15,0.03,"[0.005, 0.0075, 0.01, 0.015, 0.02, 0.03, 0.05, 0.08]",0.005071566502652869,0.006353035968933452,False,7.387250038946589e-18,0.0003737409419919353,True,success,-4.6605709038214396e-17,1.7229896628203049e-16,0.012300693980571759,-5.1689689884609145e-18,0.0
0.3588930083446377,-2.380017005328712e-19,0.004721797828054714,0.0016247395614489557,-1.2929932899371886e-20,4.13845511346701e-05,typ,0.09443595656109427,6.723911746130579e-08,True,0.0045270861333936915,0.4375,0.74,1.3263100422637544e-17,-0.007622626586923584,4.734741122653773e-09,True,False,39,0.875,636,0.000827691022693402,0.01655382045386804,0.000827691022693402,0.000827691022693402,0.0,10.188599358721351,3.0969628400496325,-0.0005369021986761763,-0.0005369021986761763,0.499988863842352,0.0030213673763988757,0.0,0.001998370990879493,0.001998370990879493,True,0.0016247395614489557,2.495933234701461e-07,success,0.9999777276847043,0.43970939999328285,0.5,3.2568294388051796e-15,0.05,"[0.005, 0.0075, 0.01, 0.015, 0.02, 0.03, 0.05, 0.08]",0.008764574986413535,0.01315656119865246,False,-6.631550211318773e-19,0.0016946202273057328,True,success,-4.986378815818791e-17,1.5916314474229789e-16,0.02547149839680338,-7.958157237114893e-18,0.0
0.4411321658163855,1.0387101952285395e-18,0.012507222918909208,0.0030527769797856225,2.001129231436362e-20,0.0001515353735615362,typ,0.15634028648636508,4.626037000318726e-07,True,0.006920322788377881,0.4375,0.74,-2.943307798996703e-17,-0.0038551781146635975,4.734741122653773e-09,True,False,39,0.875,636,0.0018941921695192025,0.02367740211899003,0.0018941921695192025,0.0018941921695192025,0.0,7.756020919894629,2.357547659875372,-0.0005369021986761763,-0.0005369021986761763,0.49998886384235197,0.0030213673763988757,0.0,0.001998370990879493,0.001998370990879493,True,0.0030527769797856225,2.495933234701461e-07,success,0.9999777276847043,0.43970939999328285,0.5,3.2568294388051796e-15,0.08,"[0.005, 0.0075, 0.01, 0.015, 0.02, 0.03, 0.05, 0.08]",0.012115828952919317,0.028352552563838992,False,2.3546462391973626e-18,0.005517338334566754,True,success,2.9421891184325614e-17,-8.193888894796078e-17,0.04963853388732563,6.555111115836862e-18,0.0
0.0019124864959346726,1.731650913591479e-21,2.919356954850844e-07,1.275155309500096e-07,1.7105028780088243e-25,5.099266055351787e-11,typ,5.838713909701688e-05,6.502356185035442e-18,True,6.667525821545216e-05,0.4375,0.7,-1.8108895589824122e-16,-0.01036621144335977,4.663027202331158e-09,True,False,41,0.875,584,1.0198532110703574e-08,2.0397064221407145e-06,1.0198532110703574e-08,1.0198532110703574e-08,0.0,15.995748964417116,4.862124654961322,-0.0004139921293118834,-0.0004139921293118834,0.4999887557772136,0.001797658747015163,0.0,0.0013453136767161598,0.0013453136767161598,True,1.275155309500096e-07,1.1311688973777249e-07,success,0.9999775115544277,0.4868643896574982,0.5,2.717726328945096e-15,0.005,"[0.005, 0.0075, 0.01, 0.015, 0.02, 0.03, 0.05, 0.08]",0.0001746708653382991,0.00015264719312039338,False,9.05444779491206e-19,5.583230752965207e-10,True,success,6.707928603175584e-17,-2.682814972051364e-16,0.0003998937241104279,1.341407486025682e-18,0.0
0.003079889096083978,6.908612476042887e-21,4.347957005813253e-06,6.52246612370281e-07,5.583469134732937e-24,2.6183854886718363e-09,typ,0.0005797276007751004,1.7078330648657079e-15,True,0.00021177600622035398,0.4375,0.7,-2.990849025408982e-16,-0.010365615591276854,4.663027202331158e-09,True,False,41,0.875,584,3.491180651562448e-07,4.654907535416598e-05,3.4911806515624493e-07,3.491180651562448e-07,0.0,71.36729339996944,21.693055921904712,-0.0004139921293118834,-0.0004139921293118834,0.4999887557772135,0.001797658747015163,0.0,0.0013453136767161598,0.0013453136767161598,True,6.52246612370281e-07,1.1311688973777249e-07,success,0.9999775115544277,0.4868643896574982,0.5,2.717726328945096e-15,0.0075,"[0.005, 0.0075, 0.01, 0.015, 0.02, 0.03, 0.05, 0.08]",0.0006022105290303088,0.0014117251856054166,False,2.2431367690567365e-18,1.339122537244618e-08,True,success,1.351081075638617e-16,-1.1413820128437754e-15,0.0040144102537482814,8.560365096328315e-18,3.032759658524179e-16
0.008205435214006416,3.049318610115481e-20,2.486091225982067e-05,4.43264804861923e-06,7.940933880509066e-23,2.492208575921773e-08,typ,0.002486091225982067,1.1047083480811756e-13,True,0.0005402087680922568,0.4375,0.7,-3.716218007437792e-16,-0.010362132543095853,4.663027202331158e-09,True,False,41,0.875,584,2.492208575921773e-06,0.00024922085759217726,2.492208575921773e-06,2.492208575921773e-06,0.0,56.223921876633,17.090022940664355,-0.0004139921293118834,-0.0004139921293118834,0.49998875577721363,0.001797658747015163,0.0,0.0013453136767161598,0.0013453136767161598,True,4.43264804861923e-06,1.1311688973777249e-07,success,0.9999775115544277,0.4868643896574982,0.5,2.717726328945096e-15,0.01,"[0.005, 0.0075, 0.01, 0.015, 0.02, 0.03, 0.05, 0.08]",0.00100246062971293,0.0030298103161406826,False,3.716218007437792e-18,2.0399460490905634e-07,True,success,2.389173901215426e-16,-1.7914650099465188e-15,0.0056223921876633,1.7914650099465187e-17,0.0
0.0359113575736038,1.355252715617523e-19,0.00016290169765846577,3.9880825551434225e-05,5.293955920339445e-22,3.083847415297852e-07,typ,0.010860113177231052,1.2298638079673496e-11,True,0.0011105351689836458,0.4375,0.7,-2.515922180217965e-16,-0.010330900090384865,4.663027202331158e-09,True,False,41,0.875,584,2.0558982768652345e-05,0.0013705988512434898,2.0558982768652345e-05,2.0558982768652345e-05,0.0,34.36736407263764,10.4464260195204,-0.0004139921293118834,-0.0004139921293118834,0.4999887557772135,0.001797658747015163,0.0,0.0013453136767161598,0.0013453136767161598,True,3.9880825551434225e-05,1.1311688973777249e-07,success,0.9999775115544277,0.4868643896574982,0.5,2.717726328945096e-15,0.015,"[0.005, 0.0075, 0.01, 0.015, 0.02, 0.03, 0.05, 0.08]",0.001893072607360632,0.004536216636326905,False,3.773883270326947e-18,5.8500211139602615e-06,True,success,1.5095649729248891e-16,-8.849626099994412e-16,0.007732656916343468,1.3274439149991617e-17,0.0
0.07959115734370094,2.168447069947534e-19,0.00045088209165286563,0.00013095317391068675,4.235165005072085e-22,1.3151308320175395e-06,typ,0.02254410458264328,1.72220556560499e-10,True,0.0016453231524852395,0.4375,0.7,-1.3622411975889874e-16,-0.010248102293315249,4.663027202331158e-09,True,False,41,0.875,584,6.575654160087697e-05,0.0032878270800438484,6.575654160087697e-05,6.575654160087697e-05,0.0,25.10689112648943,7.631579779545649,-0.0004139921293118834,-0.0004139921293118834,0.4999887557772136,0.001797658747015163,0.0,0.0013453136767161598,0.0013453136767161598,True,0.00013095317391068675,1.1311688973777249e-07,success,0.9999775115544277,0.4868643896574982,0.5,2.717726328945096e-15,0.02,"[0.005, 0.0075, 0.01, 0.015, 0.02, 0.03, 0.05, 0.08]",0.0029167954468904906,0.005664977199738504,False,2.724482395177975e-18,3.588622750020022e-05,True,success,3.227214567241946e-17,-1.6170532101652495e-16,0.010042756450595774,3.2341064203304992e-18,0.0
0.17243023070537683,-7.923410971725864e-19,0.0014244892451574117,0.00047390249284738996,3.490478098742726e-21,7.391044140245026e-06,typ,0.04748297483858039,3.5026342428072117e-09,True,0.0027483724339331436,0.4375,0.7,1.5317134238995892e-16,-0.009897695137881498,4.663027202331158e-09,True,False,41,0.875,584,0.00024636813800816757,0.008212271266938919,0.00024636813800816757,0.00024636813800816757,0.0,17.329031585371936,5.267393974816025,-0.0004139921293118834,-0.0004139921293118834,0.4999887557772136,0.001797658747015163,0.0,0.0013453136767161598,0.0013453136767161598,True,0.00047390249284738996,1.1311688973777249e-07,success,0.9999775115544277,0.4868643896574982,0.5,2.717726328945096e-15,0.03,"[0.005, 0.0075, 0.01, 0.015, 0.02, 0.03, 0.05, 0.08]",0.00518855734809587,0.008261250010106217,False,-4.595140271698767e-18,0.0002456250091798206,True,success,5.897765800242105e-17,-2.4551309966533267e-16,0.01559612842683474,7.36539298995998e-18,0.0
0.30476647648393135,-2.3567675311841967e-18,0.0047123330833282445,0.0015148757619915815,7.997240913978019e-22,4.533883421131578e-05,typ,0.09424666166656488,6.868270102367697e-08,True,0.004970611530075725,0.4375,0.7,1.5466054917680265e-16,-0.008473434470122018,4.663027202331158e-09,True,False,41,0.875,584,0.0009067766842263156,0.01813553368452631,0.0009067766842263156,0.0009067766842263156,0.0,11.97163103374486,3.638939479405119,-0.0004139921293118834,-0.0004139921293118834,0.49998875577721363,0.001797658747015163,0.0,0.0013453136767161598,0.0013453136767161598,True,0.0015148757619915815,1.1311688973777249e-07,success,0.9999775115544277,0.4868643896574982,0.5,2.717726328945096e-15,0.05,"[0.005, 0.0075, 0.01, 0.015, 0.02, 0.03, 0.05, 0.08]",0.009621313563703713,0.015462110983117592,False,-7.733027458840133e-18,0.0014361611498246091,True,success,3.0515219357165125e-18,-1.0558279582563498e-17,0.029929077584362154,5.27913979128175e-19,0.0
0.4078914289744413,-7.607740169188619e-19,0.012759143763741812,0.003218161993548208,-5.988100023651303e-21,0.00017910194488468355,typ,0.15948929704677262,5.763790719984545e-07,True,0.007889751450869197,0.4375,0.7,2.3314231523314637e-17,-0.004657427545070271,4.663027202331158e-09,True,False,41,0.875,584,0.002238774311058544,0.027984678888231803,0.002238774311058544,0.002238774311058544,0.0,8.69585774250509,2.6432237977680093,-0.0004139921293118834,-0.0004139921293118834,0.49998875577721363,0.001797658747015163,0.0,0.0013453136767161598,0.0013453136767161598,True,0.003218161993548208,1.1311688973777249e-07,success,0.9999775115544277,0.4868643896574982,0.5,2.717726328945096e-15,0.08,"[0.005, 0.0075, 0.01, 0.015, 0.02, 0.03, 0.05, 0.08]",0.014037144513854056,0.03128073515989792,False,-1.865138521865171e-18,0.005204345382282979,True,success,-7.887419582505379e-18,2.3259006366274774e-17,0.05565348955203259,-1.860720509301982e-18,0.0
0.6484752290945525,3.0698419950886875e-19,5.333228139428934e-05,0.03242008431096833,8.972369943225871e-21,2.66625797273486e-06,arith,0.010666456278857867,8.644030827085566e-08,True,0.049994329554014845,0.02083333335,1.36,-9.467877437277044e-17,-0.1893727096253284,4.85479148591704e-09,True,False,42,0.0416666667,1104,0.000533251594546972,0.10665031890939439,0.000533251594546972,0.000533251594546972,0.0,3.289637308972468,0.9999298376972559,-1.2517041343634112e-06,-1.2517041343634112e-06,0.4999899143546722,0.6484853605044476,0.0,0.3744725418808191,0.6484853605044476,True,0.03242008431096833,0.03242079453580221,success,0.9999798287093443,0.9999798287093443,0.5,3.8524685177719266e-15,0.005,"[0.005, 0.0075, 0.01, 0.015, 0.02, 0.03, 0.05, 0.08]",0.049993323049937165,8.224258846210007e-05,False,4.733938718638522e-19,3.458466339529692e-05,True,success,3.0517504573207675e-17,-5.535068852483118e-17,8.224093272431171e-05,2.7675344262415593e-19,0.0
0.6484625524260711,-3.9641141931501256e-19,0.00011998776284311715,0.03241919549326971,-1.749321559427143e-20,5.998388151657219e-06,arith,0.01599836837908229,1.9446291813308813e-07,True,0.04999393622959547,0.02083333335,1.36,8.15079540228256e-17,-0.18933937831976796,4.85479148591704e-09,True,False,42,0.0416666667,1104,0.0007997850868876292,0.10663801158501722,0.0007997850868876292,0.0007997850868876292,0.0,3.2893478682145427,0.9998418582566938,-1.2517041343634112e-06,-1.2517041343634112e-06,0.4999899143546722,0.6484853605044476,0.0,0.3744725418808191,0.6484853605044476,True,0.03241919549326971,0.03242079453580221,success,0.9999798287093443,0.9999798287093443,0.5,3.8524685177719266e-15,0.0075,"[0.005, 0.0075, 0.01, 0.015, 0.02, 0.03, 0.05, 0.08]",0.049991665895963516,0.00018503422039439438,False,-6.11309655171192e-19,7.780757095314184e-05,True,success,-3.966899969764073e-17,7.194591693020497e-17,0.00018502581758706802,-5.395943769765372e-19,0.0
0.6484447818485102,2.710505431213761e-19,0.00021328693937417868,0.032417949206059185,2.686682629572234e-20,1.0662072034764317e-05,arith,0.021328693937417872,3.456425096543337e-07,True,0.049993384345920565,0.02083333335,1.36,-4.180009627785069e-17,-0.1892927191053309,4.85479148591704e-09,True,False,42,0.0416666667,1104,0.0010662072034764317,0.10662072034764317,0.0010662072034764317,0.0010662072034764317,0.0,3.2889409404008467,0.9997181670334718,-1.2517041343634112e-06,-1.2517041343634112e-06,0.49998991435467227,0.6484853605044476,0.0,0.3744725418808191,0.6484853605044476,True,0.032417949206059185,0.03242079453580221,success,0.9999798287093443,0.9999798287093443,0.5,3.8524685177719266e-15,0.01,"[0.005, 0.0075, 0.01, 0.015, 0.02, 0.03, 0.05, 0.08]",0.04998933392756587,0.0003289207428983627,False,4.180009627785069e-19,0.00013830480287362572,True,success,4.569858917261083e-17,-8.28763908689841e-17,0.0003288940940400846,8.287639086898411e-19,0.0
0.6483938582690854,-9.486769009162432e-20,0.0004797361506981378,0.03241437580272853,1.882157600602739e-35,2.3978456838603777e-05,arith,0.03198241004654252,7.772467111360088e-07,True,0.04999179956648582,0.02083333335,1.36,9.754121807474407e-18,-0.18915943687891798,4.85479148591704e-09,True,False,42,0.0416666667,1104,0.0015985637892402518,0.10657091928268346,0.0015985637892402518,0.0015985637892402518,0.0,3.2877671293523005,0.9993613712590383,-1.2517041343634112e-06,-1.2517041343634112e-06,0.49998991435467227,0.6484853605044476,0.0,0.3744725418808191,0.6484853605044476,True,0.03241437580272853,0.03242079453580221,success,0.9999798287093443,0.9999798287093443,0.5,3.8524685177719266e-15,0.015,"[0.005, 0.0075, 0.01, 0.015, 0.02, 0.03, 0.05, 0.08]",0.04998259314773139,0.0007398838600643344,False,-1.463118271121161e-19,0.00031105797370232493,True,success,2.1348950945051917e-32,-3.8710346957522994e-32,0.0007397476041042676,5.806552043628449e-34,0.0
0.64832218590649,-3.2525722959673273e-19,0.0008524625402033549,0.032409341302388026,8.131516300814875e-20,4.260007360074768e-05,arith,0.042623127010167745,1.3806403248334816e-06,True,0.04998956075685269,0.02083333335,1.36,2.5084536413168944e-17,-0.1889729166547962,4.85479148591704e-09,True,False,42,0.0416666667,1104,0.002130003680037384,0.10650018400186921,0.002130003680037384,0.002130003680037384,0.0,3.2860952960503993,0.9988531948720345,-1.2517041343634112e-06,-1.2517041343634112e-06,0.49998991435467227,0.6484853605044476,0.0,0.3744725418808191,0.6484853605044476,True,0.032409341302388026,0.03242079453580221,success,0.9999798287093443,0.9999798287093443,0.5,3.8524685177719266e-15,0.02,"[0.005, 0.0075, 0.01, 0.015, 0.02, 0.03, 0.05, 0.08]",0.049972956689200015,0.0013148748550251045,False,-5.016907282633789e-19,0.0005526703774680382,True,success,6.920400997090574e-17,-1.254501938954205e-16,0.0013144381184201596,2.5090038779084097e-18,0.0
0.6481148936183555,1.4602179640924252e-18,0.001915384041190635,0.03239474639449106,-5.395389363925931e-20,9.566205132088891e-05,arith,0.0638461347063545,3.0989478921169847e-06,True,0.04998303034456543,0.02083333335,1.36,-7.510077706233977e-17,-0.18844049392765475,4.85479148591704e-09,True,False,42,0.0416666667,1104,0.0031887350440296305,0.10629116813432102,0.0031887350440296305,0.0031887350440296305,0.0,3.2811236377635766,0.9973419919651761,-1.2517041343634112e-06,-1.2517041343634112e-06,0.49998991435467227,0.6484853605044476,0.0,0.3744725418808191,0.6484853605044476,True,0.03239474639449106,0.03242079453580221,success,0.9999798287093443,0.9999798287093443,0.5,3.8524685177719266e-15,0.03,"[0.005, 0.0075, 0.01, 0.015, 0.02, 0.03, 0.05, 0.08]",0.04994405783052456,0.0029553155776088596,False,2.253023311870193e-18,0.0012413889240945643,True,success,-3.0648953806182846e-17,5.551712303617492e-17,0.002953011273987219,-1.6655136910852473e-18,0.0
0.6474239633440424,2.319438972003615e-18,0.005294405172196258,0.03234572557817547,-1.7025022588785824e-19,0.0002638474704634001,arith,0.10588810344392516,8.534337874104898e-06,True,0.04996065547389522,0.02083333335,1.36,-7.165131670515756e-17,-0.18674199359070162,4.85479148591704e-09,True,False,42,0.0416666667,1104,0.005276949409268002,0.10553898818536003,0.005276949409268002,0.005276949409268002,0.0,3.262841884016045,0.9917850051789032,-1.2517041343634112e-06,-1.2517041343634112e-06,0.49998991435467216,0.6484853605044476,0.0,0.3744725418808191,0.6484853605044476,True,0.03234572557817547,0.03242079453580221,success,0.9999798287093443,0.9999798287093443,0.5,3.8524685177719266e-15,0.05,"[0.005, 0.0075, 0.01, 0.015, 0.02, 0.03, 0.05, 0.08]",0.049835148969898206,0.008177647835044377,False,3.582565835257878e-18,0.003427724780132499,True,success,-5.827775059552538e-17,1.0526907209200502e-16,0.008157104710040114,-5.263453604600251e-18,0.0
0.6454969987002567,3.930915118052557e-18,0.013321530173087917,0.03220676910397182,-1.8772913193295823e-20,0.0006587103268918568,arith,0.16651912716359893,2.121493140460783e-05,True,0.04989452959320013,0.02083333335,1.36,-7.612187055028273e-17,-0.1826446476532615,4.85479148591704e-09,True,False,42,0.0416666667,1104,0.00823387908614821,0.10292348857685261,0.00823387908614821,0.00823387908614821,0.0,3.1957098287192003,0.9713793072698457,-1.2517041343634112e-06,-1.2517041343634112e-06,0.49998991435467216,0.6484853605044476,0.0,0.3744725418808191,0.6484853605044476,True,0.03220676910397182,0.03242079453580221,success,0.9999798287093443,0.9999798287093443,0.5,3.8524685177719266e-15,0.08,"[0.005, 0.0075, 0.01, 0.015, 0.02, 0.03, 0.05, 0.08]",0.04944704687323232,0.020637633017522222,False,6.089749644022619e-18,0.008599007744823162,True,success,-4.075781146277464e-18,7.286089894911525e-18,0.02045254290380288,-5.82887191592922e-19,0.0
0.7218991030722481,-5.53807759861909e-20,6.0333336984895914e-05,0.00026329046420306613,2.551628784317732e-22,2.1664145707640134e-08,typ,0.012066667396979182,5.703962979927434e-12,True,0.0003647192011772258,0.02083333335,1.36,1.5343079316902364e-17,-0.16071497354207517,4.7603698140187755e-09,True,False,43,0.0416666667,681,4.332829141528027e-06,0.0008665658283056053,4.332829141528027e-06,4.332829141528027e-06,0.0,3.291292113174503,1.0004328378585954,-0.22584028144187923,-0.22584028144187923,0.49998997650803484,0.690018760731938,0.0,0.06400018099183584,0.06400018099183584,True,0.00026329046420306613,0.0002564337546906812,success,0.9999799530160695,0.023553219853216237,0.5,1.0663666454616611e-14,0.005,"[0.005, 0.0075, 0.01, 0.015, 0.02, 0.03, 0.05, 0.08]",0.00035907421651588115,8.357585807785345e-05,False,-7.671539658451182e-20,4.355458185475205e-05,True,success,1.0683883497063581e-16,-1.9382614497954285e-16,8.228230282936257e-05,9.691307248977143e-19,0.0
0.7255997101687758,1.2943722225229777e-20,0.00013476281209903702,0.00026313001275992683,-6.48173558117724e-23,4.7697345948421244e-08,typ,0.01796837494653827,1.2550603248022725e-11,True,0.00036263797941529265,0.02083333335,1.36,-2.378487209744345e-18,-0.16067743618047414,4.7603698140187755e-09,True,False,43,0.0416666667,681,6.359646126456166e-06,0.0008479528168608222,6.359646126456165e-06,6.359646126456166e-06,0.0,3.222562139403204,0.9795414309759508,-0.22584028144187923,-0.22584028144187923,0.49998997650803484,0.690018760731938,0.0,0.06400018099183584,0.06400018099183584,True,0.00026313001275992683,0.0002564337546906812,success,0.9999799530160695,0.023553219853216237,0.5,1.0663666454616611e-14,0.0075,"[0.005, 0.0075, 0.01, 0.015, 0.02, 0.03, 0.05, 0.08]",0.00035393551978841553,0.00018572611070598547,False,1.7838654073082586e-20,9.778385740059045e-05,True,success,-1.829612041333017e-17,3.284427351174626e-17,0.0001812691203414302,-2.4633205133809696e-19,1.3318869169947023e-16
0.72631924193169,6.945670167485263e-19,0.00023915001878323998,0.0002618428935024271,3.412120026781239e-23,8.273694487275998e-08,typ,0.023915001878324,2.166408104503427e-11,True,0.0003605066180073105,0.02083333335,1.36,-9.562833760279891e-17,-0.16062509038729686,4.7603698140187755e-09,True,False,43,0.0416666667,681,8.273694487275998e-06,0.0008273694487275998,8.273694487275998e-06,8.273694487275998e-06,0.0,3.159793407644767,0.9604620243834711,-0.22584028144187923,-0.22584028144187923,0.4999899765080348,0.690018760731938,0.0,0.06400018099183584,0.06400018099183584,True,0.0002618428935024271,0.0002564337546906812,success,0.9999799530160695,0.023553219853216237,0.5,1.0663666454616611e-14,0.01,"[0.005, 0.0075, 0.01, 0.015, 0.02, 0.03, 0.05, 0.08]",0.0003459625271773481,0.0003292629535012814,False,9.56283376027989e-19,0.00017369926035059227,True,success,7.330847140999571e-18,-1.3031172934046467e-17,0.00031597934076447667,1.3031172934046466e-19,0.0
0.7265156884845528,7.318364664280428e-19,0.0005380591534841033,0.0002578308673227691,-1.7536228986124111e-22,1.7442133424282708e-07,typ,0.03587061023227355,4.4971203887422713e-11,True,0.0003548868543507731,0.02083333335,1.36,-6.715491287413111e-17,-0.16047564282517293,4.7603698140187755e-09,True,False,43,0.0416666667,681,1.1628088949521806e-05,0.0007752059299681205,1.1628088949521806e-05,1.1628088949521806e-05,0.0,3.006645162457094,0.9139105399579851,-0.22584028144187923,-0.22584028144187923,0.49998997650803473,0.690018760731938,0.0,0.06400018099183584,0.06400018099183584,True,0.0002578308673227691,0.0002564337546906812,success,0.9999799530160695,0.023553219853216237,0.5,1.0663666454616611e-14,0.015,"[0.005, 0.0075, 0.01, 0.015, 0.02, 0.03, 0.05, 0.08]",0.0003241675810427046,0.0007406022499066013,False,1.0073236931119666e-18,0.000390908416338919,True,success,-2.6149834877911516e-17,4.5342977919891297e-17,0.0006764951615528459,-6.801446687983694e-19,0.0
0.726607046087541,1.8431450481547504e-18,0.0009570134404398925,0.0002524606275989434,-6.8821426657949015e-22,2.8440486923292237e-07,typ,0.047850672021994625,7.180103177873901e-11,True,0.00034745138924585536,0.02083333335,1.36,-1.2683231315188e-16,-0.16026634711001764,4.7603698140187755e-09,True,False,43,0.0416666667,681,1.4220243461646118e-05,0.0007110121730823059,1.4220243461646118e-05,1.4220243461646118e-05,0.0,2.8163289454061458,0.8560613468241827,-0.22584028144187923,-0.22584028144187923,0.4999899765080348,0.690018760731938,0.0,0.06400018099183584,0.06400018099183584,True,0.0002524606275989434,0.0002564337546906812,success,0.9999799530160695,0.023553219853216237,0.5,1.0663666454616611e-14,0.02,"[0.005, 0.0075, 0.01, 0.015, 0.02, 0.03, 0.05, 0.08]",0.00029717959770992903,0.0013170990366704926,False,2.5366462630376003e-18,0.0006953727090241051,True,success,-8.121912917254638e-17,1.3630130629176383e-16,0.0011265315781624583,-2.7260261258352767e-18,0.0
0.726852015172277,-5.45213976828049e-19,0.002156020509438216,0.00023880421335241978,-9.405376816616092e-22,5.13476148654908e-07,typ,0.0718673503146072,1.2262026775476547e-10,True,0.00032854585027987973,0.02083333335,1.36,2.500343790516164e-17,-0.15966782181426248,4.7603698140187755e-09,True,False,43,0.0416666667,681,1.711587162183027e-05,0.000570529054061009,1.711587162183027e-05,1.711587162183027e-05,0.0,2.3891079895606366,0.726201748054949,-0.22584028144187923,-0.22584028144187923,0.4999899765080348,0.690018760731938,0.0,0.06400018099183584,0.06400018099183584,True,0.00023880421335241978,0.0002564337546906812,success,0.9999799530160695,0.023553219853216237,0.5,1.0663666454616611e-14,0.03,"[0.005, 0.0075, 0.01, 0.015, 0.02, 0.03, 0.05, 0.08]",0.00023815921342450593,0.0029662441108142213,False,-7.501031371548491e-19,0.0015671078520379264,True,success,-8.493663862061142e-17,1.3128435053664557e-16,0.002150197190604573,-3.938530516099367e-18,0.0
0.7275290606034487,-1.9391978084731394e-18,0.006004392165575891,0.00020692636144674416,-2.854939185583579e-21,8.45624459745418e-07,typ,0.12008784331151784,1.7498199260548813e-10,True,0.00028442349955767974,0.02083333335,1.36,5.3309150478873584e-17,-0.15774852711174003,4.7603698140187755e-09,True,False,43,0.0416666667,681,1.691248919490836e-05,0.0003382497838981672,1.691248919490836e-05,1.691248919490836e-05,0.0,1.6346384362691326,0.4968705035701459,-0.22584028144187923,-0.22584028144187923,0.49998997650803484,0.690018760731938,0.0,0.06400018099183584,0.06400018099183584,True,0.00020692636144674416,0.0002564337546906812,success,0.9999799530160695,0.023553219853216237,0.5,1.0663666454616611e-14,0.05,"[0.005, 0.0075, 0.01, 0.015, 0.02, 0.03, 0.05, 0.08]",0.00014083431535227058,0.008253130343130969,False,-2.6654575239436793e-18,0.004368369791716135,True,success,-2.1582422132730273e-16,2.7593769741303294e-16,0.004086596090672832,-1.3796884870651647e-17,0.0
0.7283589565204521,-8.643472689072394e-18,0.015243876583435916,0.000164042590129051,-3.154253659721481e-21,9.98795294656665e-07,typ,0.19054845729294892,1.6384496714418803e-10,True,0.0002252221774174678,0.02083333335,1.36,1.4833813416609105e-16,-0.1530745214334755,4.7603698140187755e-09,True,False,43,0.0416666667,681,1.2484941183208312e-05,0.0001560617647901039,1.2484941183208312e-05,1.2484941183208312e-05,0.0,0.9513490653087795,0.28917544006235174,-0.22584028144187923,-0.22584028144187923,0.49998997650803484,0.690018760731938,0.0,0.06400018099183584,0.06400018099183584,True,0.000164042590129051,0.0002564337546906812,success,0.9999799530160695,0.023553219853216237,0.5,1.0663666454616611e-14,0.08,"[0.005, 0.0075, 0.01, 0.015, 0.02, 0.03, 0.05, 0.08]",6.552108246152831e-05,0.020929071369232034,False,-1.1867050733287285e-17,0.01110301404163794,True,success,-2.464223317959403e-16,2.403532565262514e-16,0.00608863401797619,-1.9228260522100114e-17,0.0
0.6412145724730718,2.2347587057584814e-19,5.273526400724622e-05,0.031519114740761495,-1.3030065664013535e-20,2.5921697692518096e-06,arith,0.010547052801449245,8.170289638458104e-08,True,0.0491553312944789,0.02083333335,1.38,-6.970392756793848e-17,-0.191498155879498,4.835684728104323e-09,True,False,44,0.0416666667,1091,0.0005184339538503619,0.10368679077007237,0.0005184339538503619,0.0005184339538503619,0.0,3.289647936589456,0.9999330681054535,-1.2896095537358765e-06,-1.2896095537358765e-06,0.49998991134841436,0.6412241432438616,0.0,0.36445198911965543,0.6412241432438616,True,0.031519114740761495,0.031519773444402446,success,0.9999798226968285,0.9999798226968285,0.5,3.0820181758620146e-15,0.005,"[0.005, 0.0075, 0.01, 0.015, 0.02, 0.03, 0.05, 0.08]",0.04915439067292098,8.224277218755953e-05,False,3.4851963783969236e-19,3.381461976466096e-05,True,success,-4.558562126743406e-17,8.268040375615404e-17,8.224119841473642e-05,-4.134020187807702e-19,0.0
0.6412025974437406,2.404514779018145e-19,0.000118645020250028,0.031518290412826944,-1.4689073317716665e-20,5.83173994249553e-06,arith,0.01581933603333707,1.8380647311965682e-07,True,0.0491549637173645,0.02083333335,1.38,-5.0000104774042564e-17,-0.19146519763393602,4.835684728104323e-09,True,False,44,0.0416666667,1091,0.0007775653256660707,0.1036753767554761,0.0007775653256660707,0.0007775653256660707,0.0,3.2893718344978353,0.999849143133266,-1.2896095537358765e-06,-1.2896095537358765e-06,0.49998991134841436,0.6412241432438616,0.0,0.36445198911965543,0.6412241432438616,True,0.031518290412826944,0.031519773444402446,success,0.9999798226968285,0.9999798226968285,0.5,3.0820181758620146e-15,0.0075,"[0.005, 0.0075, 0.01, 0.015, 0.02, 0.03, 0.05, 0.08]",0.04915284206792618,0.00018503515226392695,False,3.750007858053192e-19,7.607549515808316e-05,True,success,-3.4262101520657855e-17,6.213989031054247e-17,0.00018502716569050322,-4.660491773290686e-19,0.0
0.6411858107359343,-1.1858461261560205e-20,0.00021090120662464778,0.031517134576747444,-1.0640851399882148e-20,1.0365934134928774e-05,arith,0.021090120662464778,3.267045411442503e-07,True,0.049154447975966596,0.02083333335,1.38,1.8494578424855363e-18,-0.1914190604479616,4.835684728104323e-09,True,False,44,0.0416666667,1091,0.0010365934134928775,0.10365934134928774,0.0010365934134928775,0.0010365934134928775,0.0,3.288983682728728,0.9997311591432296,-1.2896095537358765e-06,-1.2896095537358765e-06,0.49998991134841436,0.6412241432438616,0.0,0.36445198911965543,0.6412241432438616,True,0.031517134576747444,0.031519773444402446,success,0.9999798226968285,0.9999798226968285,0.5,3.0820181758620146e-15,0.01,"[0.005, 0.0075, 0.01, 0.015, 0.02, 0.03, 0.05, 0.08]",0.049150663008664455,0.0003289236958980448,False,-1.8494578424855363e-20,0.00013522686115481159,True,success,-1.8616532494320836e-17,3.376211556913776e-17,0.0003288983682728728,-3.376211556913776e-19,0.0
0.6411377084216552,5.421010862437667e-19,0.00047437710089819323,0.03151382067783346,3.3034284942917743e-20,2.331296151732227e-05,arith,0.03162514005987955,7.346804887261263e-07,True,0.049152967083177485,0.02083333335,1.38,-5.636865831089595e-17,-0.19128726807801635,4.835684728104323e-09,True,False,44,0.0416666667,1091,0.0015541974344881514,0.1036131622992101,0.0015541974344881514,0.0015541974344881514,0.0,3.287864183732272,0.9993908722530075,-1.2896095537358765e-06,-1.2896095537358765e-06,0.4999899113484143,0.6412241432438616,0.0,0.36445198911965543,0.6412241432438616,True,0.03151382067783346,0.031519773444402446,success,0.9999798226968285,0.9999798226968285,0.5,3.0820181758620146e-15,0.015,"[0.005, 0.0075, 0.01, 0.015, 0.02, 0.03, 0.05, 0.08]",0.04914436525958174,0.0007398989244697662,False,8.455298746634391e-19,0.0003041410473975759,True,success,3.854035027514367e-17,-6.988316920931936e-17,0.0007397694413397611,1.0482475381397903e-18,0.0
0.6410700116073964,4.0115271354893486e-24,0.0008429576944866537,0.03150915219241583,-3.726944957731291e-20,4.141903382278727e-05,arith,0.04214788472433269,1.3050786403850229e-06,True,0.049150875289597294,0.02083333335,1.38,-3.1287745978251164e-22,-0.1911028294909915,4.835684728104323e-09,True,False,44,0.0416666667,1091,0.0020709516911393633,0.10354758455696816,0.0020709516911393633,0.0020709516911393633,0.0,3.2862700946264045,0.998906327267894,-1.2896095537358765e-06,-1.2896095537358765e-06,0.4999899113484143,0.6412241432438616,0.0,0.36445198911965543,0.6412241432438616,True,0.03150915219241583,0.031519773444402446,success,0.9999798226968285,0.9999798226968285,0.5,3.0820181758620146e-15,0.02,"[0.005, 0.0075, 0.01, 0.015, 0.02, 0.03, 0.05, 0.08]",0.04913536479195521,0.0013149229869184665,False,6.2575491956502325e-24,0.0005403948989891032,True,success,-3.262380690355891e-17,5.914067339819375e-17,0.001314508037850562,-1.1828134679638752e-18,0.0
0.6408742495944938,4.81674192773973e-19,0.0018941469357307286,0.03149562107280186,-8.095882790622552e-20,9.30185093051242e-05,arith,0.06313823119102428,2.929675721831086e-06,True,0.049144775426271804,0.02083333335,1.38,-2.505297480115364e-17,-0.19057632680703457,4.835684728104323e-09,True,False,44,0.0416666667,1091,0.0031006169768374734,0.10335389922791578,0.0031006169768374734,0.0031006169768374734,0.0,3.2815323434649573,0.9974662236014519,-1.2896095537358765e-06,-1.2896095537358765e-06,0.4999899113484143,0.6412241432438616,0.0,0.36445198911965543,0.6412241432438616,True,0.03149562107280186,0.031519773444402446,success,0.9999798226968285,0.9999798226968285,0.5,3.0820181758620146e-15,0.03,"[0.005, 0.0075, 0.01, 0.015, 0.02, 0.03, 0.05, 0.08]",0.049108391514114134,0.0029555672379241783,False,7.515892440346091e-19,0.0012139099960581405,True,success,-4.7299269769935214e-17,8.568262840844856e-17,0.002953379109118461,-2.5704788522534566e-18,0.0
0.6402221259585521,-1.6818107286538193e-20,0.005236911407122062,0.03145020431355188,2.682493966695666e-20,0.0002566449987493372,arith,0.10473822814244121,8.07153764671792e-06,True,0.049123894720858124,0.02083333335,1.38,5.253835068995099e-19,-0.18889647228997022,4.835684728104323e-09,True,False,44,0.0416666667,1091,0.005132899974986743,0.10265799949973485,0.005132899974986743,0.005132899974986743,0.0,3.2641441205359536,0.9921808376156415,-1.2896095537358765e-06,-1.2896095537358765e-06,0.49998991134841425,0.6412241432438616,0.0,0.36445198911965543,0.6412241432438616,True,0.03145020431355188,0.031519773444402446,success,0.9999798226968285,0.9999798226968285,0.5,3.0820181758620146e-15,0.05,"[0.005, 0.0075, 0.01, 0.015, 0.02, 0.03, 0.05, 0.08]",0.049006939166529866,0.00817983508345836,False,-2.6269175344975496e-20,0.0033527865545242793,True,success,9.441926502587566e-18,-1.7058674340883567e-17,0.008160360301339886,8.529337170441784e-19,0.0
0.6384066326019019,1.5693966137641642e-19,0.013188156778077184,0.03132166705481121,-3.4719485453020893e-20,0.0006415296192787259,arith,0.16485195972596478,2.0093777140848048e-05,True,0.049062251949288246,0.02083333335,1.38,-3.0728781109461188e-18,-0.18484204665424908,4.835684728104323e-09,True,False,44,0.0416666667,1091,0.008019120240984074,0.10023900301230092,0.008019120240984074,0.008019120240984074,0.0,3.2003086820662556,0.9727771910634092,-1.2896095537358765e-06,-1.2896095537358765e-06,0.4999899113484143,0.6412241432438616,0.0,0.36445198911965543,0.6412241432438616,True,0.03132166705481121,0.031519773444402446,success,0.9999798226968285,0.9999798226968285,0.5,3.0820181758620146e-15,0.08,"[0.005, 0.0075, 0.01, 0.015, 0.02, 0.03, 0.05, 0.08]",0.04864437313523203,0.0206579256927944,False,2.458302488756895e-19,0.008419406758918203,True,success,-7.74537571780876e-18,1.385601754221115e-17,0.020481975565224037,-1.1084814033768921e-18,0.0
0.7059844133059522,4.2879393763402677e-19,6.070799924318448e-05,0.0001334584943918978,-7.184383455788458e-24,1.1241923765441279e-08,typ,0.012141599848636896,1.5003302198042874e-12,True,0.00018903886810608798,0.02083333335,1.38,-1.2147405227435254e-16,-0.1629238203591128,4.7633038256961096e-09,True,False,45,0.0416666667,688,2.2483847530882558e-06,0.00044967695061765115,2.2483847530882558e-06,2.2483847530882558e-06,0.0,3.369414233740605,1.024179115031816,-0.45725876929233983,-0.45725876929233983,0.4999896808833202,0.6116947193587103,0.0,0.043734024941133404,0.043734024941133404,True,0.0001334584943918978,0.00011963569530791047,success,0.9999793617666399,0.016517245024880674,0.5,1.1315332061693022e-14,0.005,"[0.005, 0.0075, 0.01, 0.015, 0.02, 0.03, 0.05, 0.08]",0.00018518027122600944,8.599056593743165e-05,False,6.073702613717628e-19,4.285890122867779e-05,True,success,-5.86537894182517e-18,1.0766468614117107e-17,8.423535584351513e-05,-5.383234307058554e-20,0.0
0.7161703358618626,-6.363599714043948e-19,0.00013383721312768663,0.00013436092732954977,-7.279512507893422e-23,2.4383287084820522e-08,typ,0.017844961750358216,3.2761610640591198e-12,True,0.00018761029408996042,0.02083333335,1.38,1.184746029520251e-16,-0.16288635496458406,4.7633038256961096e-09,True,False,45,0.0416666667,688,3.2511049446427365e-06,0.0004334806592856982,3.2511049446427365e-06,3.2511049446427365e-06,0.0,3.2262404547304997,0.9806595047642649,-0.45725876929233983,-0.45725876929233983,0.4999896808833202,0.6116947193587103,0.0,0.043734024941133404,0.043734024941133404,True,0.00013436092732954977,0.00011963569530791047,success,0.9999793617666399,0.016517245024880674,0.5,1.1315332061693022e-14,0.0075,"[0.005, 0.0075, 0.01, 0.015, 0.02, 0.03, 0.05, 0.08]",0.0001821861537236119,0.00018687902364264024,False,-8.885595221401882e-19,9.585024187647103e-05,True,success,-4.021792633426243e-17,7.223838708246697e-17,0.00018147602557859056,-5.417879031185022e-19,0.0
0.7181061123587086,-4.590918574118308e-19,0.0002366961245156279,0.00013376450287463056,-1.0422475718168149e-22,4.197707776861632e-08,typ,0.023669612451562787,5.615042939848668e-12,True,0.00018627400682507,0.02083333335,1.38,6.393092183881942e-17,-0.1628344840676318,4.7633038256961096e-09,True,False,45,0.0416666667,688,4.1977077768616315e-06,0.00041977077768616316,4.1977077768616315e-06,4.1977077768616315e-06,0.0,3.138132827956525,0.9538779976662954,-0.45725876929233983,-0.45725876929233983,0.49998968088332024,0.6116947193587103,0.0,0.043734024941133404,0.043734024941133404,True,0.00013376450287463056,0.00011963569530791047,success,0.9999793617666399,0.016517245024880674,0.5,1.1315332061693022e-14,0.01,"[0.005, 0.0075, 0.01, 0.015, 0.02, 0.03, 0.05, 0.08]",0.00017734586003263767,0.00032961162764395656,False,-6.393092183881942e-19,0.00016997293378629038,True,success,-4.398396238650024e-17,7.791660339018723e-17,0.00031381328279565254,-7.791660339018723e-19,0.0
0.7185244445610641,1.0570971181737054e-18,0.0005321138980695842,0.0001313704144872792,-5.757177063369065e-22,8.743894671380113e-08,typ,0.03547425987130561,1.1486890672123174e-11,True,0.00018283360501051768,0.02083333335,1.38,-9.808036698686202e-17,-0.16268665926739184,4.7633038256961096e-09,True,False,45,0.0416666667,688,5.8292631142534094e-06,0.00038861754095022733,5.8292631142534094e-06,5.8292631142534094e-06,0.0,2.9581815850010718,0.8991793788638263,-0.45725876929233983,-0.45725876929233983,0.4999896808833202,0.6116947193587103,0.0,0.043734024941133404,0.043734024941133404,True,0.0001313704144872792,0.00011963569530791047,success,0.9999793617666399,0.016517245024880674,0.5,1.1315332061693022e-14,0.015,"[0.005, 0.0075, 0.01, 0.015, 0.02, 0.03, 0.05, 0.08]",0.00016432374164819654,0.0007405647811949454,False,1.4712055048029303e-18,0.00038233684305367065,True,success,-1.6986673631413445e-16,2.9216000095803114e-16,0.000665590856625241,-4.382400014370466e-18,0.0
0.7186065304522528,-5.420996851934985e-19,0.0009463363971802584,0.0001281691628360789,-6.485095971299128e-22,1.4076731327195256e-07,typ,0.04731681985901291,1.804202869675022e-11,True,0.00017835791549989958,0.02083333335,1.38,3.771881149287148e-17,-0.1624796882383628,4.7633038256961096e-09,True,False,45,0.0416666667,688,7.038365663597627e-06,0.00035191828317988135,7.038365663597627e-06,7.038365663597627e-06,0.0,2.745732868911416,0.8346027127313296,-0.45725876929233983,-0.45725876929233983,0.4999896808833203,0.6116947193587103,0.0,0.043734024941133404,0.043734024941133404,True,0.0001281691628360789,0.00011963569530791047,success,0.9999793617666399,0.016517245024880674,0.5,1.1315332061693022e-14,0.02,"[0.005, 0.0075, 0.01, 0.015, 0.02, 0.03, 0.05, 0.08]",0.0001487497613865307,0.001316904811016238,False,-7.5437622985742955e-19,0.0006800435150183905,True,success,-1.5267703694414086e-16,2.529897140544328e-16,0.0010982931475645664,-5.059794281088657e-18,0.0
0.7188060784109369,-2.098361760720327e-18,0.0021313447098432856,0.00012026361439270774,-8.874134156067693e-22,2.4820062679418996e-07,typ,0.07104482366144285,2.984950447280483e-11,True,0.00016731023568773132,0.02083333335,1.38,9.730773587591111e-17,-0.16188792576111274,4.7633038256961096e-09,True,False,45,0.0416666667,688,8.273354226472998e-06,0.0002757784742157666,8.273354226472998e-06,8.273354226472998e-06,0.0,2.2931164642635973,0.6970238231667607,-0.45725876929233983,-0.45725876929233983,0.49998968088332013,0.6116947193587103,0.0,0.043734024941133404,0.043734024941133404,True,0.00012026361439270774,0.00011963569530791047,success,0.9999793617666399,0.016517245024880674,0.5,1.1315332061693022e-14,0.03,"[0.005, 0.0075, 0.01, 0.015, 0.02, 0.03, 0.05, 0.08]",0.00011645259710825461,0.0029651178166927093,False,-2.9192320762773333e-18,0.0015320235326243483,True,success,-1.6242670228490513e-16,2.459633974603539e-16,0.0020638048178372374,-7.378901923810616e-18,0.0
0.7193240515175884,-1.3226865367114213e-18,0.005931015766830212,0.0001027628072436162,-8.92942727727682e-22,3.9692360081468917e-07,typ,0.11862031533660423,4.078898348096196e-11,True,0.0001428602408425148,0.02083333335,1.38,3.6775818462371543e-17,-0.15999140543523518,4.7633038256961096e-09,True,False,45,0.0416666667,688,7.938472016293784e-06,0.00015876944032587565,7.938472016293784e-06,7.938472016293784e-06,0.0,1.5450087885346155,0.4696263575764248,-0.45725876929233983,-0.45725876929233983,0.49998968088332013,0.6116947193587103,0.0,0.043734024941133404,0.043734024941133404,True,0.0001027628072436162,0.00011963569530791047,success,0.9999793617666399,0.016517245024880674,0.5,1.1315332061693022e-14,0.05,"[0.005, 0.0075, 0.01, 0.015, 0.02, 0.03, 0.05, 0.08]",6.692337643654961e-05,0.008245262693937867,False,-1.838790923118577e-18,0.004266322291011004,True,success,-1.3981448378171537e-16,1.737871418033207e-16,0.003862521971336539,-8.689357090166035e-18,0.0
0.7198663080821958,5.158791332686408e-19,0.015057697518024452,8.048592290431054e-05,-1.6871086700230773e-21,4.620505648446498e-07,typ,0.18822121897530564,3.718856613997962e-11,True,0.00011180676467375453,0.02083333335,1.38,-8.957898283970958e-18,-0.15537548448530192,4.7633038256961096e-09,True,False,45,0.0416666667,688,5.775632060558122e-06,7.219540075697652e-05,5.775632060558122e-06,5.775632060558122e-06,0.0,0.8969941345247343,0.27265352229084133,-0.45725876929233983,-0.45725876929233983,0.4999896808833202,0.6116947193587103,0.0,0.043734024941133404,0.043734024941133404,True,8.048592290431054e-05,0.00011963569530791047,success,0.9999793617666399,0.016517245024880674,0.5,1.1315332061693022e-14,0.08,"[0.005, 0.0075, 0.01, 0.015, 0.02, 0.03, 0.05, 0.08]",3.068533979325613e-05,0.020917352776434056,False,7.166318627176767e-19,0.010839529120518705,True,success,-2.76654883236943e-16,2.6201921546406247e-16,0.0057407624609583,-2.0961537237125e-17,0.0
0.6340878812241162,1.7330297202750282e-19,5.214925572494174e-05,0.030655007298768324,9.203521687994693e-21,2.5211122480317822e-06,arith,0.010429851144988348,7.72847143644285e-08,True,0.04834504523188232,0.02083333335,1.4,-5.466213033213593e-17,-0.1936322694291543,4.808344939202983e-09,True,False,46,0.0416666667,1081,0.0005042224496063564,0.10084448992127128,0.0005042224496063564,0.0005042224496063564,0.0,3.289657997417051,0.9999361262303343,-1.3281240632207272e-06,-1.3281240632207272e-06,0.4999899083314188,0.6340969259182286,0.0,0.35472073275020055,0.6340969259182286,True,0.030655007298768324,0.030655618679823464,success,0.9999798166628378,0.9999798166628378,0.5,2.7161978923521188e-15,0.005,"[0.005, 0.0075, 0.01, 0.015, 0.02, 0.03, 0.05, 0.08]",0.04834416547245169,8.224294655224575e-05,False,2.7331065166067965e-19,3.306721107004292e-05,True,success,3.310604011698587e-17,-6.004579674893425e-17,8.224144993542628e-05,3.0022898374467123e-19,0.0
0.6340765645723648,-5.921289696899593e-20,0.00011732701443531026,0.030654242204370272,-9.386845591251758e-21,5.67190667181653e-06,arith,0.015643601924708036,1.7386800087844758e-07,True,0.04834470144002904,0.02083333335,1.4,1.2451261204589789e-17,-0.19359967736757913,4.808344939202983e-09,True,False,46,0.0416666667,1081,0.0007562542229088707,0.10083389638784943,0.0007562542229088707,0.0007562542229088707,0.0,3.289394522154388,0.9998560393539139,-1.3281240632207272e-06,-1.3281240632207272e-06,0.4999899083314188,0.6340969259182286,0.0,0.35472073275020055,0.6340969259182286,True,0.030654242204370272,0.030655618679823464,success,0.9999798166628378,0.9999798166628378,0.5,2.7161978923521188e-15,0.0075,"[0.005, 0.0075, 0.01, 0.015, 0.02, 0.03, 0.05, 0.08]",0.04834271714076392,0.00018503603664084034,False,-9.338445903442341e-20,7.439431024467379e-05,True,success,-2.2511780402986137e-17,4.08289137869625e-17,0.00018502844187118431,-3.0621685340221875e-19,0.0
0.6340607010583695,-8.512681119905718e-19,0.0002085593661314505,0.030653169445764256,2.006409293808624e-20,1.008190143834258e-05,arith,0.02085593661314505,3.090422331250095e-07,True,0.048344219085961655,0.02083333335,1.4,1.3425656416958837e-16,-0.19355405259941535,4.808344939202983e-09,True,False,46,0.0416666667,1081,0.0010081901438342578,0.10081901438342578,0.0010081901438342578,0.0010081901438342578,0.0,3.2890241435492813,0.9997434577579183,-1.3281240632207272e-06,-1.3281240632207272e-06,0.4999899083314189,0.6340969259182286,0.0,0.35472073275020055,0.6340969259182286,True,0.030653169445764256,0.030655618679823464,success,0.9999798166628378,0.9999798166628378,0.5,2.7161978923521188e-15,0.01,"[0.005, 0.0075, 0.01, 0.015, 0.02, 0.03, 0.05, 0.08]",0.04834067932479317,0.00032892649833576615,False,-1.3425656416958837e-18,0.00013223929790159668,True,success,3.609197219874378e-17,-6.545519860054391e-17,0.0003289024143549282,6.545519860054391e-19,0.0
0.6340152459376388,6.098637220243787e-19,0.0004691162620724255,0.03065009388680118,-7.030373462210688e-20,2.2674636366145824e-05,arith,0.031274417471495036,6.949797334714459e-07,True,0.04834283415609835,0.02083333335,1.4,-6.412713531543524e-17,-0.1934237227290193,4.808344939202983e-09,True,False,46,0.0416666667,1081,0.0015116424244097217,0.10077616162731479,0.0015116424244097217,0.0015116424244097217,0.0,3.287956049971903,0.999418796241416,-1.3281240632207272e-06,-1.3281240632207272e-06,0.4999899083314189,0.6340969259182286,0.0,0.35472073275020055,0.6340969259182286,True,0.03065009388680118,0.030655618679823464,success,0.9999798166628378,0.9999798166628378,0.5,2.7161978923521188e-15,0.015,"[0.005, 0.0075, 0.01, 0.015, 0.02, 0.03, 0.05, 0.08]",0.04833479075309726,0.0007399132198763677,False,9.619070297315286e-19,0.00029742686227119465,True,success,-8.433198557714351e-17,1.5291684452203633e-16,0.0007397901112436782,-2.293752667830545e-18,0.0
0.6339512791725074,6.5052629814022395e-19,0.0008336260625529096,0.030645761541289708,-6.098637203450375e-20,4.028612782878524e-05,arith,0.04168130312764548,1.2345990668628678e-06,True,0.048340878152799735,0.02083333335,1.4,-5.130727861211604e-17,-0.19324132773675615,4.808344939202983e-09,True,False,46,0.0416666667,1081,0.002014306391439262,0.1007153195719631,0.002014306391439262,0.002014306391439262,0.0,3.2864355299595718,0.9989566135792123,-1.3281240632207272e-06,-1.3281240632207272e-06,0.4999899083314189,0.6340969259182286,0.0,0.35472073275020055,0.6340969259182286,True,0.030645761541289708,0.030655618679823464,success,0.9999798166628378,0.9999798166628378,0.5,2.7161978923521188e-15,0.02,"[0.005, 0.0075, 0.01, 0.015, 0.02, 0.03, 0.05, 0.08]",0.04832637754320249,0.0013149686575931142,False,1.026145572242321e-18,0.0005284783087069578,True,success,-5.488704204681942e-17,9.950213172600634e-17,0.0013145742119838287,-1.9900426345201267e-18,0.0
0.6337663340071021,-5.259545565489602e-19,0.0018732903097507553,0.030633207221709785,-2.653646765498854e-20,9.048213506522066e-05,arith,0.06244301032502518,2.7717579933156378e-06,True,0.048335175881031416,0.02083333335,1.4,2.766290604422598e-17,-0.19272063810957624,4.808344939202983e-09,True,False,46,0.0416666667,1081,0.0030160711688406888,0.10053570562802296,0.0030160711688406888,0.0030160711688406888,0.0,3.281919026642865,0.9975837611932925,-1.3281240632207272e-06,-1.3281240632207272e-06,0.49998990833141893,0.6340969259182286,0.0,0.35472073275020055,0.6340969259182286,True,0.030633207221709785,0.030655618679823464,success,0.9999798166628378,0.9999798166628378,0.5,2.7161978923521188e-15,0.03,"[0.005, 0.0075, 0.01, 0.015, 0.02, 0.03, 0.05, 0.08]",0.04830118139951275,0.0029558059638582234,False,-8.298871813267794e-19,0.001187228332141765,True,success,-1.593916101675835e-17,2.8875491731276204e-17,0.0029537271239785784,-8.662647519382861e-19,0.0
0.6331505995895698,-6.552359395946838e-19,0.005180379898091804,0.030591098086504998,1.823350117325534e-20,0.00024972853080889587,arith,0.10360759796183606,7.639469980973719e-06,True,0.048315674195578764,0.02083333335,1.4,2.0697633075588354e-17,-0.19105910577900515,4.808344939202983e-09,True,False,46,0.0416666667,1081,0.004994570616177917,0.09989141232355833,0.004994570616177917,0.004994570616177917,0.0,3.265375176827163,0.9925550338573085,-1.3281240632207272e-06,-1.3281240632207272e-06,0.49998990833141893,0.6340969259182286,0.0,0.35472073275020055,0.6340969259182286,True,0.030591098086504998,0.030655618679823464,success,0.9999798166628378,0.9999798166628378,0.5,2.7161978923521188e-15,0.05,"[0.005, 0.0075, 0.01, 0.015, 0.02, 0.03, 0.05, 0.08]",0.04820660563926664,0.008181907908560626,False,-1.0348816537794178e-18,0.00327996063857858,True,success,6.5968780378652625e-18,-1.1920788931273371e-17,0.008163437942067907,5.960394465636686e-19,0.0
0.6314395541571026,3.6773399474455875e-18,0.013056403806480411,0.03047212026653605,-3.2208489683070526e-19,0.0006249814194684601,arith,0.16320504758100515,1.904450897839333e-05,True,0.04825817462007545,0.02083333335,1.4,-7.27967531340827e-17,-0.18704697019124097,4.808344939202983e-09,True,False,46,0.0416666667,1081,0.007812267743355751,0.09765334679194689,0.007812267743355751,0.007812267743355751,0.0,3.204678438447491,0.9741054377297355,-1.3281240632207272e-06,-1.3281240632207272e-06,0.49998990833141893,0.6340969259182286,0.0,0.35472073275020055,0.6340969259182286,True,0.03047212026653605,0.030655618679823464,success,0.9999798166628378,0.9999798166628378,0.5,2.7161978923521188e-15,0.08,"[0.005, 0.0075, 0.01, 0.015, 0.02, 0.03, 0.05, 0.08]",0.04786780714902958,0.02067720294131585,False,5.823740250726616e-18,0.008244329798459089,True,success,-7.380494662785856e-17,1.3212277895887558e-16,0.020509942006063944,-1.0569822316710048e-17,0.0
0.6823563869165941,-5.754589022027547e-19,6.203197735596381e-05,5.925587053534271e-05,-1.3973750493086012e-22,5.280988178471976e-09,typ,0.01240639547119276,3.1292955180221073e-13,True,8.684006139827587e-05,0.02083333335,1.4,1.686681368377356e-16,-0.16521094454250004,4.696525901182407e-09,True,False,47,0.0416666667,691,1.0561976356943952e-06,0.00021123952713887904,1.0561976356943952e-06,1.0561976356943952e-06,0.0,3.5648708765975656,1.0835908102468907,-0.9635919757202133,-0.9635919757202133,0.49998976149937274,0.45512924520900383,0.0,0.025753765927911104,0.025753765927911104,True,5.925587053534271e-05,4.146483995257024e-05,success,0.9999795229987454,0.011338188352090004,0.5,1.3578490989667237e-14,0.005,"[0.005, 0.0075, 0.01, 0.015, 0.02, 0.03, 0.05, 0.08]",8.513331999990257e-05,9.090847326317488e-05,False,-8.43340684188678e-19,4.232791594190744e-05,True,success,-2.4979842480019206e-16,4.71641049801183e-16,8.912177191493914e-05,-2.358205249005915e-18,0.0
0.7051255197498855,8.720998285371073e-19,0.0001333792202724478,6.076346438518902e-05,-1.4350775834228084e-22,1.1129939964328597e-08,typ,0.017783896036326376,6.762937106317727e-13,True,8.617396858185246e-05,0.02083333335,1.4,-1.6490677741960971e-16,-0.16517324750449375,4.696525901182407e-09,True,False,47,0.0416666667,691,1.4839919952438131e-06,0.00019786559936584177,1.4839919952438131e-06,1.4839919952438131e-06,0.0,3.2563251843499414,0.9898041660080694,-0.9635919757202133,-0.9635919757202133,0.4999897614993728,0.45512924520900383,0.0,0.025753765927911104,0.025753765927911104,True,6.076346438518902e-05,4.146483995257024e-05,success,0.9999795229987454,0.011338188352090004,0.5,1.3578490989667237e-14,0.0075,"[0.005, 0.0075, 0.01, 0.015, 0.02, 0.03, 0.05, 0.08]",8.344583167898241e-05,0.00018915670548948313,False,1.2368008306470729e-18,9.404909201844422e-05,True,success,-1.7450493218255076e-16,3.1489922394278004e-16,0.0001831682916196842,-2.3617441795708503e-18,0.0
0.7094149736247978,6.716971271726602e-19,0.00023432195486934818,6.0653928960135056e-05,-1.8699451722526882e-22,1.8957520991650088e-08,typ,0.02343219548693482,1.1498481314878135e-12,True,8.549851809614366e-05,0.02083333335,1.4,-9.468324635728845e-17,-0.165121776627895,4.696525901182407e-09,True,False,47,0.0416666667,691,1.8957520991650087e-06,0.00018957520991650086,1.8957520991650087e-06,1.8957520991650087e-06,0.0,3.12552233905737,0.9500448686815827,-0.9635919757202133,-0.9635919757202133,0.49998976149937274,0.45512924520900383,0.0,0.025753765927911104,0.025753765927911104,True,6.0653928960135056e-05,4.146483995257024e-05,success,0.9999795229987454,0.011338188352090004,0.5,1.3578490989667237e-14,0.01,"[0.005, 0.0075, 0.01, 0.015, 0.02, 0.03, 0.05, 0.08]",8.090373350726058e-05,0.0003303030857553884,False,9.468324635728845e-19,0.0001662315034333497,True,success,-1.7438480139876808e-16,3.0829745151080226e-16,0.000312552233905737,-3.0829745151080224e-18,0.0
0.7102686632932493,-1.355252715603368e-19,0.000525971259353114,5.947145200882284e-05,-6.038418471637026e-23,3.911489998397649e-08,typ,0.03506475062354094,2.326219897226963e-12,True,8.373092476454759e-05,0.02083333335,1.4,1.2720564162482495e-17,-0.16497560535838585,4.696525901182407e-09,True,False,47,0.0416666667,691,2.6076599989317663e-06,0.00017384399992878444,2.6076599989317663e-06,2.6076599989317663e-06,0.0,2.9231504201880583,0.8885311816141532,-0.9635919757202133,-0.9635919757202133,0.4999897614993728,0.45512924520900383,0.0,0.025753765927911104,0.025753765927911104,True,5.947145200882284e-05,4.146483995257024e-05,success,0.9999795229987454,0.011338188352090004,0.5,1.3578490989667237e-14,0.015,"[0.005, 0.0075, 0.01, 0.015, 0.02, 0.03, 0.05, 0.08]",7.436699113956047e-05,0.0007405243769510858,False,-1.9080846243723742e-19,0.00037358090331140325,True,success,-3.959112329835464e-17,6.768982727758972e-17,0.000657708844542313,-1.0153474091638456e-18,0.0
0.7103416296360078,2.4936664489293737e-18,0.0009352702544964098,5.7870363739061474e-05,-2.150669561000486e-22,6.251087017037982e-08,typ,0.04676351272482049,3.6175267944051277e-12,True,8.146835455598361e-05,0.02083333335,1.4,-1.7552585579189373e-16,-0.1647710410829884,4.696525901182407e-09,True,False,47,0.0416666667,691,3.125543508518991e-06,0.00015627717542594953,3.125543508518991e-06,3.125543508518991e-06,0.0,2.700469900804601,0.820844420220086,-0.9635919757202133,-0.9635919757202133,0.4999897614993727,0.45512924520900383,0.0,0.025753765927911104,0.025753765927911104,True,5.7870363739061474e-05,4.146483995257024e-05,success,0.9999795229987454,0.011338188352090004,0.5,1.3578490989667237e-14,0.02,"[0.005, 0.0075, 0.01, 0.015, 0.02, 0.03, 0.05, 0.08]",6.683722685486067e-05,0.0013166485187918095,False,3.510517115837875e-18,0.0006643613967290635,True,success,-1.1307531602383825e-16,1.8581787136312933e-16,0.0010801879603218405,-3.716357427262587e-18,0.0
0.7104846465723504,-1.897342218370664e-18,0.002105748080160563,5.4028289774293704e-05,-1.4605520525253418e-22,1.0917645200941213e-07,typ,0.07019160267201877,5.8986169856937886e-12,True,7.604427489734906e-05,0.02083333335,1.4,8.901633683074262e-17,-0.16418629404184854,4.696525901182407e-09,True,False,47,0.0416666667,691,3.6392150669804047e-06,0.00012130716889934683,3.6392150669804047e-06,3.6392150669804047e-06,0.0,2.2452528000814853,0.6824750138415878,-0.9635919757202133,-0.9635919757202133,0.49998976149937274,0.45512924520900383,0.0,0.025753765927911104,0.025753765927911104,True,5.4028289774293704e-05,4.146483995257024e-05,success,0.9999795229987454,0.011338188352090004,0.5,1.3578490989667237e-14,0.03,"[0.005, 0.0075, 0.01, 0.015, 0.02, 0.03, 0.05, 0.08]",5.184687239562268e-05,0.002963819261006549,False,-2.6704901049222783e-18,0.001496101680503283,True,success,-6.013702517226721e-17,9.011032668421688e-17,0.0020207275200733368,-2.7033098005265063e-18,0.0
0.7108337754742099,-1.7929782629120763e-18,0.005855763765126926,4.586771239311762e-05,-1.0570266095066795e-22,1.7428570861944446e-07,typ,0.11711527530253854,7.994086757187379e-12,True,6.452663614994723e-05,0.02083333335,1.4,5.0447188211222756e-17,-0.16231327293949344,4.696525901182407e-09,True,False,47,0.0416666667,691,3.485714172388889e-06,6.971428344777777e-05,3.485714172388889e-06,3.485714172388889e-06,0.0,1.5198988528200132,0.4619938523530652,-0.9635919757202133,-0.9635919757202133,0.49998976149937274,0.45512924520900383,0.0,0.025753765927911104,0.025753765927911104,True,4.586771239311762e-05,4.146483995257024e-05,success,0.9999795229987454,0.011338188352090004,0.5,1.3578490989667237e-14,0.05,"[0.005, 0.0075, 0.01, 0.015, 0.02, 0.03, 0.05, 0.08]",2.9763104457419436e-05,0.00823788059482745,False,-2.522359410561138e-18,0.004162474665450247,True,success,-3.7385353520035355e-17,4.609022575389151e-17,0.0037997471320500337,-2.3045112876945757e-18,0.0
0.7111193737262128,-1.6559687323985674e-17,0.014869511505120161,3.581567458044549e-05,-3.935464857869539e-22,2.0568186053927578e-07,typ,0.185868893814002,7.366634584175273e-12,True,5.0365207170174546e-05,0.02083333335,1.4,2.9108487153876396e-16,-0.1577563624921066,4.696525901182407e-09,True,False,47,0.0416666667,691,2.5710232567409473e-06,3.213779070926184e-05,2.5710232567409473e-06,2.5710232567409473e-06,0.0,0.897310774841815,0.27274976940598783,-0.9635919757202133,-0.9635919757202133,0.4999897614993727,0.45512924520900383,0.0,0.025753765927911104,0.025753765927911104,True,3.581567458044549e-05,4.146483995257024e-05,success,0.9999795229987454,0.011338188352090004,0.5,1.3578490989667237e-14,0.08,"[0.005, 0.0075, 0.01, 0.015, 0.02, 0.03, 0.05, 0.08]",1.3832455791735416e-05,0.020910007594371987,False,-2.3286789723101117e-17,0.010573997709135766,True,success,-1.449978206995069e-16,1.3735134490591898e-16,0.005742788958987616,-1.098810759247352e-17,0.0
0.21063432067672888,-1.658155657672201e-19,2.257609241897025e-05,0.0029879734374103294,5.113707287191677e-21,4.128326970613717e-07,arith,0.0045152184837940505,1.2335331329138439e-09,True,0.014185596287492592,0.46875,0.8,1.5744401504416329e-16,-0.019773835438728942,4.862061423207419e-09,True,False,48,0.9375,1142,8.256653941227434e-05,0.016513307882454867,8.256653941227434e-05,8.256653941227434e-05,0.0,5.526591259381113,1.6798823037236776,-2.2360367866492716e-06,-2.2360367866492716e-06,0.4999898360535469,0.13357100071794348,0.0,0.08867484596875969,0.13357100071794348,True,0.0029879734374103294,0.001123348007873524,success,0.9999796721070938,0.9999796721070938,0.5,3.2027809508365233e-15,0.005,"[0.005, 0.0075, 0.01, 0.015, 0.02, 0.03, 0.05, 0.08]",0.018286277775620568,0.00010718145241685908,False,-7.872200752208165e-19,4.7552998902048476e-06,True,success,1.4559969171460542e-16,-3.4228599378873437e-16,0.00013816478148452783,1.711429968943672e-18,0.0
0.2331307635020619,1.3025778541995037e-19,5.691990346189216e-05,0.003714159896741028,3.41791029106911e-21,1.178744401594154e-06,arith,0.007589320461585621,4.378045184909009e-09,True,0.015931659301189473,0.46875,0.8,-7.449769589291653e-17,-0.019758777464218804,4.862061423207419e-09,True,False,48,0.9375,1142,0.00015716592021255388,0.020955456028340518,0.00015716592021255388,0.00015716592021255388,0.0,5.642044664455018,1.7149759306965568,-2.2360367866492716e-06,-2.2360367866492716e-06,0.49998983605354697,0.13357100071794348,0.0,0.08867484596875969,0.13357100071794348,True,0.003714159896741028,0.001123348007873524,success,0.9999796721070938,0.9999796721070938,0.5,3.2027809508365233e-15,0.0075,"[0.005, 0.0075, 0.01, 0.015, 0.02, 0.03, 0.05, 0.08]",0.02070882643684248,0.000244154407624495,False,5.587327191968739e-19,1.3269780552534577e-05,True,success,5.165597223547851e-17,-1.2269837185588553e-16,0.00031736501237559475,9.202377889191415e-19,0.0
0.25131370661576313,-3.832824086325709e-19,0.00010964534144883631,0.004360676260877823,4.579271871093561e-21,2.480024833966444e-06,arith,0.010964534144883631,1.0814585419864936e-08,True,0.017351525786633352,0.46875,0.8,1.5251154176742793e-16,-0.01973563920866453,4.862061423207419e-09,True,False,48,0.9375,1142,0.00024800248339664437,0.024800248339664436,0.00024800248339664437,0.00024800248339664437,0.0,5.687248228482809,1.7287161665330006,-2.2360367866492716e-06,-2.2360367866492716e-06,0.499989836053547,0.13357100071794348,0.0,0.08867484596875969,0.13357100071794348,True,0.004360676260877823,0.001123348007873524,success,0.9999796721070938,0.9999796721070938,0.5,3.2027809508365233e-15,0.01,"[0.005, 0.0075, 0.01, 0.015, 0.02, 0.03, 0.05, 0.08]",0.022618606510735297,0.000436288744157017,False,-1.5251154176742793e-18,2.755537717265802e-05,True,success,4.4034339928198206e-17,-1.0501288325796822e-16,0.000568724822848281,1.050128832579682e-18,0.0
0.2800566140659264,2.710505443114102e-19,0.00027534846477163347,0.005491395100181809,-4.235164698279152e-21,7.031977143119603e-06,arith,0.018356564318108896,3.861536482831746e-08,True,0.019608160723135475,0.46875,0.8,-6.452279781963511e-17,-0.019662640460739553,4.862061423207419e-09,True,False,48,0.9375,1142,0.00046879847620797353,0.03125323174719824,0.00046879847620797353,0.00046879847620797353,0.0,5.6913099817136645,1.7299507914680408,-2.2360367866492716e-06,-2.2360367866492716e-06,0.499989836053547,0.13357100071794348,0.0,0.08867484596875969,0.13357100071794348,True,0.005491395100181809,0.001123348007873524,success,0.9999796721070938,0.9999796721070938,0.5,3.2027809508365233e-15,0.015,"[0.005, 0.0075, 0.01, 0.015, 0.02, 0.03, 0.05, 0.08]",0.025538465046288653,0.000983188580244762,False,9.678419672945266e-19,7.711315873219468e-05,True,success,-2.1552131727460903e-17,5.141577105046808e-17,0.0012805447458855744,-7.712365657570213e-19,0.0
0.30253020192167224,2.2178490040188373e-19,0.0005269692323190795,0.006467792192631559,-1.00085983741093e-20,1.4605934837705305e-05,arith,0.026348461615953975,9.446815130939567e-08,True,0.021378996713545078,0.46875,0.8,-3.665500154911902e-17,-0.01955108120561865,4.862061423207419e-09,True,False,48,0.9375,1142,0.0007302967418852652,0.03651483709426326,0.0007302967418852653,0.0007302967418852652,0.0,5.64564166669777,1.716069288270956,-2.2360367866492716e-06,-2.2360367866492716e-06,0.49998983605354697,0.13357100071794348,0.0,0.08867484596875969,0.13357100071794348,True,0.006467792192631559,0.001123348007873524,success,0.9999796721070938,0.9999796721070938,0.5,3.2027809508365233e-15,0.02,"[0.005, 0.0075, 0.01, 0.015, 0.02, 0.03, 0.05, 0.08]",0.027716864556641553,0.0017418731385222708,False,7.331000309823804e-19,0.00015942410825999973,True,success,-3.256346072766198e-17,7.737260316983908e-17,0.0022582566666791083,-1.5474520633967814e-18,1.4846049698737943e-16
0.33663552194365565,-6.017416506625483e-19,0.00130327167124358,0.008101722806295033,2.5917602507414014e-21,4.013617089173682e-05,arith,0.043442389041452666,3.2517213107093906e-07,True,0.024066749579835067,0.46875,0.8,5.958389330476585e-17,-0.019203095079919227,4.862061423207419e-09,True,False,48,0.9375,1142,0.001337872363057894,0.04459574543526314,0.001337872363057894,0.001337872363057894,0.0,5.504476825671235,1.673160321926483,-2.2360367866492716e-06,-2.2360367866492716e-06,0.49998983605354697,0.13357100071794348,0.0,0.08867484596875969,0.13357100071794348,True,0.008101722806295033,0.001123348007873524,success,0.9999796721070938,0.9999796721070938,0.5,3.2027809508365233e-15,0.03,"[0.005, 0.0075, 0.01, 0.015, 0.02, 0.03, 0.05, 0.08]",0.03079647304344377,0.0038714621193829775,False,-1.7875167991429755e-18,0.0004387275392834629,True,success,4.545044778123862e-18,-1.066341202033229e-17,0.0049540291431041114,3.1990236060996874e-19,0.0
0.3818887020230696,6.83884945473333e-19,0.003988935036277891,0.010543240085171605,3.170068302577554e-20,0.00013701070426722626,arith,0.07977870072555782,1.4445367493278122e-06,True,0.027608148733697536,0.46875,0.8,-3.581592971200389e-17,-0.017973818467745466,4.862061423207419e-09,True,False,48,0.9375,1142,0.002740214085344525,0.0548042817068905,0.002740214085344525,0.002740214085344525,0.0,5.198049296436798,1.5800175220385924,-2.2360367866492716e-06,-2.2360367866492716e-06,0.49998983605354685,0.13357100071794348,0.0,0.08867484596875969,0.13357100071794348,True,0.010543240085171605,0.001123348007873524,success,0.9999796721070938,0.9999796721070938,0.5,3.2027809508365233e-15,0.05,"[0.005, 0.0075, 0.01, 0.015, 0.02, 0.03, 0.05, 0.08]",0.03434769005289996,0.010445281609920271,False,1.7907964856001946e-18,0.00152332922345851,True,success,2.6375719906933965e-17,-6.013461283189507e-17,0.012995123241091994,3.006730641594753e-18,0.0
0.42266752666405183,1.5272758475016175e-18,0.010839139229315072,0.01299747284976011,-2.13541997861156e-19,0.0003996357487341585,arith,0.1354892403664384,5.194254793965779e-06,True,0.03075105616072292,0.46875,0.8,-4.516776636342883e-17,-0.014743952886535688,4.862061423207419e-09,True,False,48,0.9375,1142,0.004995446859176981,0.06244308573971226,0.004995446859176981,0.004995446859176981,0.0,4.804248215133971,1.4603163470068878,-2.2360367866492716e-06,-2.2360367866492716e-06,0.49998983605354697,0.13357100071794348,0.0,0.08867484596875969,0.13357100071794348,True,0.01299747284976011,0.001123348007873524,success,0.9999796721070938,0.9999796721070938,0.5,3.2027809508365233e-15,0.08,"[0.005, 0.0075, 0.01, 0.015, 0.02, 0.03, 0.05, 0.08]",0.036869694196133285,0.02564459899454336,False,3.613421309074306e-18,0.004581352169221898,True,success,-9.36961351077184e-17,2.0536876699947988e-16,0.030747188576857418,-1.642950135995839e-17,0.0
0.002180856071796864,3.2265213768396536e-22,3.3242802768377387e-07,1.1250816760662811e-07,-1.7312025881618237e-25,1.2860329695931602e-11,typ,6.648560553675477e-05,1.4468921289063695e-18,True,5.158899253444529e-05,0.46875,0.8,-2.9589493947495934e-17,-0.006814340256572379,4.713876210203564e-09,True,False,49,0.9375,634,2.5720659391863205e-09,5.144131878372641e-07,2.5720659391863205e-09,2.5720659391863205e-09,0.0,4.5722297214532075,1.389791181786946,-0.0010691102992014415,-0.0010691102992014415,0.499989091081779,0.0020441757316647146,0.0,0.001316867660380292,0.001316867660380292,True,1.1250816760662811e-07,1.0838385447702667e-07,success,0.9999781821635578,0.32798795143749343,0.5,4.674813988139024e-15,0.005,"[0.005, 0.0075, 0.01, 0.015, 0.02, 0.03, 0.05, 0.08]",3.868605720623878e-05,0.000152430062663364,False,1.4794746973747969e-19,7.249776826096142e-10,True,success,-1.4392287161221178e-16,3.07747006282206e-16,0.0001143057430363302,-1.5387350314110303e-18,0.0
0.0034848893106249365,6.643914680025918e-21,4.784942739663792e-06,1.6270886290645427e-07,-1.4217166778255163e-24,3.1184005229867593e-10,typ,0.0006379923652885056,5.073914031820679e-17,True,4.668982237409317e-05,0.46875,0.8,-2.541989749772753e-16,-0.006813677974999031,4.713876210203564e-09,True,False,49,0.9375,634,4.157867363982346e-08,5.543823151976461e-06,4.157867363982346e-08,4.157867363982346e-08,0.0,34.07204163895949,10.356658763911181,-0.0010691102992014415,-0.0010691102992014415,0.499989091081779,0.0020441757316647146,0.0,0.001316867660380292,0.001316867660380292,True,1.6270886290645427e-07,1.0838385447702667e-07,success,0.9999781821635578,0.32798795143749343,0.5,4.674813988139024e-15,0.0075,"[0.005, 0.0075, 0.01, 0.015, 0.02, 0.03, 0.05, 0.08]",6.517111473743299e-05,0.0013730544396561393,False,1.9064923123295647e-18,1.6674995805406744e-08,True,success,-1.9959125352519035e-16,1.1650393243732106e-15,0.0019165523421914713,-8.73779493279908e-18,0.0
0.009082044912194628,3.049318610115481e-20,2.6799833951035336e-05,6.374256748015292e-07,-7.444625512977249e-24,3.921338442784089e-09,typ,0.002679983395103533,2.4995618030168254e-15,True,7.018525904288868e-05,0.46875,0.8,-3.357524257583339e-16,-0.006809895515342055,4.713876210203564e-09,True,False,49,0.9375,634,3.9213384427840885e-07,3.9213384427840884e-05,3.9213384427840885e-07,3.9213384427840885e-07,0.0,61.5183635959604,18.69934024584723,-0.0010691102992014415,-0.0010691102992014415,0.4999890910817791,0.0020441757316647146,0.0,0.001316867660380292,0.001316867660380292,True,6.374256748015292e-07,1.0838385447702667e-07,success,0.9999781821635578,0.32798795143749343,0.5,4.674813988139024e-15,0.01,"[0.005, 0.0075, 0.01, 0.015, 0.02, 0.03, 0.05, 0.08]",0.000146319505186061,0.0029508589981812033,False,3.3575242575833393e-18,2.433972955826613e-07,True,success,-1.4890556082494816e-16,1.16792056035321e-15,0.00615183635959604,-1.1679205603532099e-17,0.0
0.03863282868101793,2.439454888132861e-19,0.00017053226568893267,7.146076484931546e-06,-7.940933880507767e-23,7.088360982188692e-08,typ,0.011368817712595512,5.065396973152489e-13,True,0.00018497419756484824,0.46875,0.8,-4.2096406457400244e-16,-0.0067768495855185604,4.713876210203564e-09,True,False,49,0.9375,634,4.725573988125795e-06,0.000315038265875053,4.725573988125795e-06,4.725573988125795e-06,0.0,44.08548754541784,13.400381338653828,-0.0010691102992014415,-0.0010691102992014415,0.499989091081779,0.0020441757316647146,0.0,0.001316867660380292,0.001316867660380292,True,7.146076484931546e-06,1.0838385447702667e-07,success,0.9999781821635578,0.32798795143749343,0.5,4.674813988139024e-15,0.015,"[0.005, 0.0075, 0.01, 0.015, 0.02, 0.03, 0.05, 0.08]",0.000415660986708436,0.004414180154836111,False,6.314460968610036e-18,6.5881438049463685e-06,True,success,-1.1157447106024184e-16,7.408199354571033e-16,0.009919234697719014,-1.1112299031856548e-17,0.0
0.08410805432312084,1.5295835681564453e-23,0.0004614173023502141,2.9039950119427827e-05,5.067629327302899e-29,3.724141466451275e-07,typ,0.023070865117510705,1.0814888242343783e-11,True,0.00034526955061716253,0.46875,0.8,-9.092967257809762e-21,-0.006691300307102319,4.713876210203564e-09,True,False,49,0.9375,634,1.8620707332256373e-05,0.0009310353666128186,1.8620707332256373e-05,1.8620707332256373e-05,0.0,32.06050157744426,9.74522390398107,-0.0010691102992014415,-0.0010691102992014415,0.499989091081779,0.0020441757316647146,0.0,0.001316867660380292,0.001316867660380292,True,2.9039950119427827e-05,1.0838385447702667e-07,success,0.9999781821635578,0.32798795143749343,0.5,4.674813988139024e-15,0.02,"[0.005, 0.0075, 0.01, 0.015, 0.02, 0.03, 0.05, 0.08]",0.0008071091932362485,0.005486006138931371,False,1.8185934515619525e-22,3.880891153169968e-05,True,success,1.540968719130233e-23,-8.725272093206244e-23,0.012824200630977708,1.7450544186412488e-24,0.0
0.1776646926932203,4.316931935848092e-19,0.0014111388355712176,0.00013473735592158076,-1.5066402619622901e-21,2.598074988688907e-06,typ,0.047037961185707265,3.500577544619342e-10,True,0.0007583800353300155,0.46875,0.8,-8.099399436859947e-17,-0.006339583952736043,4.713876210203564e-09,True,False,49,0.9375,634,8.660249962296357e-05,0.0028867499874321192,8.660249962296357e-05,8.660249962296357e-05,0.0,21.425015859092948,6.512423899197468,-0.0010691102992014415,-0.0010691102992014415,0.4999890910817791,0.0020441757316647146,0.0,0.001316867660380292,0.001316867660380292,True,0.00013473735592158076,1.0838385447702667e-07,success,0.9999781821635578,0.32798795143749343,0.5,4.674813988139024e-15,0.03,"[0.005, 0.0075, 0.01, 0.015, 0.02, 0.03, 0.05, 0.08]",0.001841119330853953,0.007942708335459086,False,2.429819831057984e-18,0.0002507095475692291,True,success,-8.052666581630021e-17,3.727351017236769e-16,0.019282514273183653,-1.1182053051710308e-17,0.0
0.30442384908157794,-1.1226397185348233e-18,0.004511501070795134,0.0005378507020649126,7.750766530362206e-22,1.8873330081208982e-05,typ,0.09023002141590267,1.0151033834481085e-08,True,0.0017667824110613032,0.46875,0.8,7.375504395741242e-17,-0.004958399991536414,4.713876210203564e-09,True,False,49,0.9375,634,0.00037746660162417964,0.007549332032483593,0.00037746660162417964,0.00037746660162417964,0.0,14.036110771075041,4.266466071180869,-0.0010691102992014415,-0.0010691102992014415,0.49998909108177897,0.0020441757316647146,0.0,0.001316867660380292,0.001316867660380292,True,0.0005378507020649126,1.0838385447702667e-07,success,0.9999781821635578,0.32798795143749343,0.5,4.674813988139024e-15,0.05,"[0.005, 0.0075, 0.01, 0.015, 0.02, 0.03, 0.05, 0.08]",0.004183381492112255,0.014819801682443628,False,-3.687752197870621e-18,0.0013734085211071151,True,success,7.692889911500709e-18,-2.882125653310674e-17,0.035090276927687604,1.4410628266553374e-18,0.0
0.3976261954910822,3.917108009653864e-18,0.011988925333409652,0.0013005704381082877,-1.060595507776802e-21,8.072258152094673e-05,typ,0.14986156666762065,1.0498540321392966e-07,True,0.003270836913805535,0.46875,0.8,-1.2314040341381743e-16,-0.0013489040291951243,4.713876210203564e-09,True,False,49,0.9375,634,0.001009032269011834,0.012612903362647926,0.001009032269011834,0.001009032269011834,0.0,9.697977897293828,2.947831798473122,-0.0010691102992014415,-0.0010691102992014415,0.499989091081779,0.0020441757316647146,0.0,0.001316867660380292,0.001316867660380292,True,0.0013005704381082877,1.0838385447702667e-07,success,0.9999781821635578,0.32798795143749343,0.5,4.674813988139024e-15,0.08,"[0.005, 0.0075, 0.01, 0.015, 0.02, 0.03, 0.05, 0.08]",0.006733095692571906,0.030151246244234264,False,9.851232273105394e-18,0.004767110768350334,True,success,-3.2732963259363886e-18,1.0193560808973414e-17,0.062067058542680506,-8.154848647178731e-19,0.0
0.2733039570978915,-3.3728289476849703e-21,2.5644708769094783e-05,0.004872700771148677,-2.3247402205855667e-21,5.285866755655947e-07,arith,0.005128941753818957,2.5756447016473884e-09,True,0.017828870181354095,0.46875,0.82,2.468188886468919e-18,-0.02003801306329456,4.868198052295123e-09,True,False,50,0.9375,1125,0.00010571733511311893,0.021143467022623784,0.00010571733511311893,0.00010571733511311893,0.0,4.339167951337075,1.318948898557111,-2.261544796586652e-06,-2.261544796586652e-06,0.49998983418336995,0.2467415347374895,0.0,0.16441465287373397,0.2467415347374895,True,0.004872700771148677,0.003904069765206069,success,0.9999796683667399,0.9999796683667399,0.5,3.4913121470782394e-15,0.005,"[0.005, 0.0075, 0.01, 0.015, 0.02, 0.03, 0.05, 0.08]",0.020611919609810913,9.383218977656224e-05,False,-1.2340944432344595e-20,7.008800385216603e-06,True,success,-4.5806958094020537e-17,9.54189608502284e-17,0.00010847919878342686,-4.77094804251142e-19,0.0
0.28706213590052787,2.7049467774974047e-19,6.239994575202561e-05,0.005433363981337332,6.672866001465274e-21,1.406840221286867e-06,arith,0.008319992766936748,7.643874985836705e-09,True,0.01892748398980801,0.46875,0.82,-1.256381546808954e-16,-0.020021264607179463,4.868198052295123e-09,True,False,50,0.9375,1125,0.00018757869617158225,0.025010492822877636,0.00018757869617158225,0.00018757869617158225,0.0,4.603132223201753,1.3991844159509619,-2.261544796586652e-06,-2.261544796586652e-06,0.49998983418336995,0.2467415347374895,0.0,0.16441465287373397,0.2467415347374895,True,0.005433363981337332,0.003904069765206069,success,0.9999796683667399,0.9999796683667399,0.5,3.4913121470782394e-15,0.0075,"[0.005, 0.0075, 0.01, 0.015, 0.02, 0.03, 0.05, 0.08]",0.022545535966931485,0.00021737435191957293,False,9.422861601067154e-19,1.7912661707653542e-05,True,success,7.632303221713126e-17,-1.6375038924652496e-16,0.00025892618755509855,1.228127919348937e-18,0.0
0.2992635251894502,8.893845946170154e-21,0.00011772764947414778,0.005960416268862806,-1.2176098616780567e-21,2.8413081180628242e-06,arith,0.01177276494741478,1.693537913175362e-08,True,0.019916948666194905,0.46875,0.82,-2.971911107623243e-18,-0.019996195962601784,4.868198052295123e-09,True,False,50,0.9375,1125,0.0002841308118062824,0.02841308118062824,0.0002841308118062824,0.0002841308118062824,0.0,4.766962557474061,1.4489828661059325,-2.261544796586652e-06,-2.261544796586652e-06,0.49998983418337,0.2467415347374895,0.0,0.16441465287373397,0.2467415347374895,True,0.005960416268862806,0.003904069765206069,success,0.9999796683667399,0.9999796683667399,0.5,3.4913121470782394e-15,0.01,"[0.005, 0.0075, 0.01, 0.015, 0.02, 0.03, 0.05, 0.08]",0.024134586316418016,0.0003933912407120772,False,2.971911107623243e-20,3.523159139390139e-05,True,success,-9.35644125240931e-18,2.042826887844808e-17,0.00047669625574740614,-2.042826887844808e-19,0.0
0.31996690329107685,-5.692061393572759e-19,0.0002886253430014921,0.00691608419415404,-4.658681171795262e-21,7.685405414399265e-06,arith,0.019241689533432808,5.3152910912192635e-08,True,0.021614998685856,0.46875,0.82,1.1859687851099688e-16,-0.019918927317469363,4.868198052295123e-09,True,False,50,0.9375,1125,0.000512360360959951,0.034157357397330064,0.000512360360959951,0.000512360360959951,0.0,4.938829030768923,1.5012240096139413,-2.261544796586652e-06,-2.261544796586652e-06,0.49998983418337006,0.2467415347374895,0.0,0.16441465287373397,0.2467415347374895,True,0.00691608419415404,0.003904069765206069,success,0.9999796683667399,0.9999796683667399,0.5,3.4913121470782394e-15,0.015,"[0.005, 0.0075, 0.01, 0.015, 0.02, 0.03, 0.05, 0.08]",0.026627618124162897,0.0009020474931400232,False,-1.7789531776649533e-18,9.23505572115123e-05,True,success,-2.0206889318879583e-17,4.490673277934843e-17,0.0011112365319230076,-6.736009916902264e-19,0.0
0.33703175290275433,-3.744848287255055e-19,0.0005447666544416499,0.007759742842109537,-8.313589975105795e-21,1.5534324338529762e-05,arith,0.02723833272208249,1.2054236209291428e-07,True,0.023023773799581725,0.46875,0.82,5.555631264712879e-17,-0.01980290590516724,4.868198052295123e-09,True,False,50,0.9375,1125,0.000776716216926488,0.038835810846324405,0.000776716216926488,0.000776716216926488,0.0,5.004780652726713,1.5212708988136272,-2.261544796586652e-06,-2.261544796586652e-06,0.49998983418336995,0.2467415347374895,0.0,0.16441465287373397,0.2467415347374895,True,0.007759742842109537,0.003904069765206069,success,0.9999796683667399,0.9999796683667399,0.5,3.4913121470782394e-15,0.02,"[0.005, 0.0075, 0.01, 0.015, 0.02, 0.03, 0.05, 0.08]",0.02851555654494203,0.001616365964778501,False,-1.1111262529425759e-18,0.0001836036604694383,True,success,-2.3945215649944954e-17,5.3568720924556386e-17,0.0020019122610906853,-1.0713744184911277e-18,0.0
0.3639293234363738,3.78912973927232e-20,0.0013260905347346763,0.009187691726587843,-4.0848911915319623e-20,4.1374923018530735e-05,arith,0.04420301782448921,3.8014003790556376e-07,True,0.025245813225034445,0.46875,0.82,-3.47057289722609e-18,-0.019446542145001935,4.868198052295123e-09,True,False,50,0.9375,1125,0.0013791641006176913,0.045972136687256374,0.0013791641006176913,0.0013791641006176913,0.0,5.0036655620714505,1.520931951898448,-2.261544796586652e-06,-2.261544796586652e-06,0.49998983418336995,0.2467415347374895,0.0,0.16441465287373397,0.2467415347374895,True,0.009187691726587843,0.003904069765206069,success,0.9999796683667399,0.9999796683667399,0.5,3.4913121470782394e-15,0.03,"[0.005, 0.0075, 0.01, 0.015, 0.02, 0.03, 0.05, 0.08]",0.031200677430978735,0.003643813370720368,False,1.041171869167827e-19,0.0004826032311213699,True,success,-6.625347865737817e-17,1.4820157638038296e-16,0.004503299005864305,-4.446047291411489e-18,0.0
0.4007942666387844,2.5497572990561194e-18,0.003998996099612353,0.011329246170621662,3.1860587706298996e-20,0.00013713779613894295,arith,0.07997992199224706,1.5536678517546136e-06,True,0.02826698661543514,0.46875,0.82,-1.2723521823000959e-16,-0.01820718869114042,4.868198052295123e-09,True,False,50,0.9375,1125,0.002742755922778859,0.054855118455577175,0.002742755922778859,0.002742755922778859,0.0,4.841903656204793,1.4717622285864975,-2.261544796586652e-06,-2.261544796586652e-06,0.49998983418336995,0.2467415347374895,0.0,0.16441465287373397,0.2467415347374895,True,0.011329246170621662,0.003904069765206069,success,0.9999796683667399,0.9999796683667399,0.5,3.4913121470782394e-15,0.05,"[0.005, 0.0075, 0.01, 0.015, 0.02, 0.03, 0.05, 0.08]",0.03429305573772291,0.00997767790729513,False,6.361760911500479e-18,0.0016027747090354926,True,success,2.5560814752873705e-17,-5.624485023358041e-17,0.012104759140511984,2.8122425116790214e-18,0.0
0.43462057852314123,3.0434574205800336e-18,0.010766917138629175,0.013471056918605166,1.3781755577301913e-19,0.0003926325156273053,arith,0.1345864642328647,5.2891749661105625e-06,True,0.030994981793960093,0.46875,0.82,-8.753202134726996e-17,-0.014987577687709096,4.868198052295123e-09,True,False,50,0.9375,1125,0.004907906445341316,0.061348830566766446,0.004907906445341316,0.004907906445341316,0.0,4.5541215464717,1.3842869566187592,-2.261544796586652e-06,-2.261544796586652e-06,0.49998983418337,0.2467415347374895,0.0,0.16441465287373397,0.2467415347374895,True,0.013471056918605166,0.003904069765206069,success,0.9999796683667399,0.9999796683667399,0.5,3.4913121470782394e-15,0.08,"[0.005, 0.0075, 0.01, 0.015, 0.02, 0.03, 0.05, 0.08]",0.03646656796666818,0.024773141610587347,False,7.002561707781597e-18,0.004679523755701736,True,success,5.992534961512315e-17,-1.278830204320089e-16,0.02914637789741888,1.023064163456071e-17,0.0
0.003087636672817767,-3.432075759059081e-21,7.409414359527132e-07,1.7072102148374688e-07,7.875987277726582e-26,2.7496088370771996e-11,typ,0.00014818828719054264,4.6941602934655685e-18,True,5.5291810395537056e-05,0.46875,0.82,2.223108560196611e-16,-0.006423517764850963,4.679471682786868e-09,True,False,51,0.9375,629,5.499217674154399e-09,1.0998435348308798e-06,5.4992176741543985e-09,5.499217674154399e-09,0.0,6.442343920344854,1.9582377343210775,-0.001272012085482733,-0.001272012085482733,0.49998913887011576,0.002708656609540839,0.0,0.0016008429819001021,0.0016008429819001021,True,1.7072102148374688e-07,1.6016880959013117e-07,success,0.9999782777402306,0.3034089483941856,0.5,4.3824362879578704e-15,0.005,"[0.005, 0.0075, 0.01, 0.015, 0.02, 0.03, 0.05, 0.08]",3.710966486226692e-05,0.0002399704092374743,False,-1.1115542800983056e-18,2.287757950057854e-09,True,success,3.635181070229033e-17,-9.226734012338836e-17,0.00016105859800862133,4.613367006169418e-19,1.504178706074262e-16
0.006536505045038138,-4.9154380720351117e-20,9.736289229222174e-06,3.234014460795512e-07,-4.084204274480574e-24,7.490451786749965e-10,typ,0.0012981718972296234,2.4224229396240967e-16,True,4.9476202320848096e-05,0.46875,0.82,1.0026638676512961e-15,-0.00642206689808631,4.679471682786868e-09,True,False,51,0.9375,629,9.987269048999953e-08,1.3316358731999937e-05,9.987269048999952e-08,9.987269048999953e-08,0.0,41.17594059466371,12.515985115913736,-0.001272012085482733,-0.001272012085482733,0.4999891388701158,0.002708656609540839,0.0,0.0016008429819001021,0.0016008429819001021,True,3.234014460795512e-07,1.6016880959013117e-07,success,0.9999782777402306,0.3034089483941856,0.5,4.3824362879578704e-15,0.0075,"[0.005, 0.0075, 0.01, 0.015, 0.02, 0.03, 0.05, 0.08]",7.693333271436075e-05,0.0014895252374375497,False,-7.51997900738472e-18,6.364130366676122e-08,True,success,-2.624112622404965e-16,1.683853231122506e-15,0.002316146658449833,-1.2628899233418795e-17,1.3251760552273978e-16
0.01764371349058785,-8.809142651444724e-20,4.367433654034527e-05,1.379664493588994e-06,-2.812414082680294e-23,7.191782794988408e-09,typ,0.004367433654034527,9.922247367849722e-15,True,7.819581146140152e-05,0.46875,0.82,4.992793980781889e-16,-0.006415384716490904,4.679471682786868e-09,True,False,51,0.9375,629,7.191782794988408e-07,7.191782794988408e-05,7.191782794988408e-07,7.191782794988408e-07,0.0,52.12704123652587,15.844720553573254,-0.001272012085482733,-0.001272012085482733,0.4999891388701158,0.002708656609540839,0.0,0.0016008429819001021,0.0016008429819001021,True,1.379664493588994e-06,1.6016880959013117e-07,success,0.9999782777402306,0.3034089483941856,0.5,4.3824362879578704e-15,0.01,"[0.005, 0.0075, 0.01, 0.015, 0.02, 0.03, 0.05, 0.08]",0.00016466839257752244,0.0024753483195951703,False,-4.992793980781889e-18,7.705774808093637e-07,True,success,-2.8234118873980516e-16,2.038476815014796e-15,0.005212704123652588,-2.038476815014796e-17,0.0
0.061952201149621446,-3.7947076036387027e-19,0.00021872719380660149,1.1900436477583267e-05,-2.382280164152582e-22,9.712601481800574e-08,typ,0.0145818129204401,1.1558419696624884e-12,True,0.0001920906159386071,0.46875,0.82,4.083478911399304e-16,-0.006369497953659915,4.679471682786868e-09,True,False,51,0.9375,629,6.475067654533716e-06,0.0004316711769689144,6.475067654533716e-06,6.475067654533716e-06,0.0,36.273558350741936,11.025839601049736,-0.001272012085482733,-0.001272012085482733,0.4999891388701157,0.002708656609540839,0.0,0.0016008429819001021,0.0016008429819001021,True,1.1900436477583267e-05,1.6016880959013117e-07,success,0.9999782777402306,0.3034089483941856,0.5,4.3824362879578704e-15,0.015,"[0.005, 0.0075, 0.01, 0.015, 0.02, 0.03, 0.05, 0.08]",0.0004440509345348458,0.003530579862341792,False,-6.125218367098955e-18,1.3550631107598809e-05,True,success,-2.2158665655691112e-16,1.334561786110428e-15,0.008161550628916934,-2.0018426791656417e-17,0.0
0.11778502479787492,-4.3365852999618554e-19,0.0005291751473327272,4.094187148829e-05,-2.1175818319222734e-22,4.426369300182641e-07,typ,0.02645875736663636,1.8122384304778982e-11,True,0.0003475982754051148,0.46875,0.82,1.8408899210250439e-16,-0.006267001790675924,4.679471682786868e-09,True,False,51,0.9375,629,2.2131846500913204e-05,0.00110659232504566,2.2131846500913204e-05,2.2131846500913204e-05,0.0,27.028376691626384,8.215641354979676,-0.001272012085482733,-0.001272012085482733,0.49998913887011576,0.002708656609540839,0.0,0.0016008429819001021,0.0016008429819001021,True,4.094187148829e-05,1.6016880959013117e-07,success,0.9999782777402306,0.3034089483941856,0.5,4.3824362879578704e-15,0.02,"[0.005, 0.0075, 0.01, 0.015, 0.02, 0.03, 0.05, 0.08]",0.0008364658322473129,0.004492720091037197,False,-3.681779842050088e-18,6.232890785100439e-05,True,success,-4.97430641725071e-17,2.586083335892369e-16,0.010811350676650552,-5.1721666717847376e-18,0.0
0.216233565547891,-1.8917163417290333e-18,0.0014769394216674774,0.00015984907380650308,-1.4966998649440407e-21,2.6959993872478466e-06,typ,0.049231314055582585,4.3095300503446814e-10,True,0.0007392426490377601,0.46875,0.82,2.9161620320690677e-16,-0.005886786515831042,4.679471682786868e-09,True,False,51,0.9375,629,8.986664624159489e-05,0.0029955548747198297,8.986664624159487e-05,8.986664624159489e-05,0.0,18.739895098459822,5.696245058127579,-0.001272012085482733,-0.001272012085482733,0.4999891388701157,0.002708656609540839,0.0,0.0016008429819001021,0.0016008429819001021,True,0.00015984907380650308,1.6016880959013117e-07,success,0.9999782777402306,0.3034089483941856,0.5,4.3824362879578704e-15,0.03,"[0.005, 0.0075, 0.01, 0.015, 0.02, 0.03, 0.05, 0.08]",0.001825396050573313,0.006830296757699108,False,-8.748486096207203e-18,0.0003193638772453987,True,success,-7.209742646891032e-17,3.121068787581867e-16,0.01686590558861384,-9.3632063627456e-18,1.5080708719934407e-16
0.3343131761836148,-1.4768073653471253e-18,0.004513915045684393,0.0005547570997206354,-3.10538871366463e-21,1.7723006035027495e-05,typ,0.09027830091368785,9.831963426323172e-09,True,0.0016593934646953498,0.46875,0.82,8.834873828221586e-17,-0.004485267241410093,4.679471682786868e-09,True,False,51,0.9375,629,0.0003544601207005499,0.0070892024140109975,0.0003544601207005499,0.0003544601207005499,0.0,12.778930486119021,3.8843290876102023,-0.001272012085482733,-0.001272012085482733,0.49998913887011576,0.002708656609540839,0.0,0.0016008429819001021,0.0016008429819001021,True,0.0005547570997206354,1.6016880959013117e-07,success,0.9999782777402306,0.3034089483941856,0.5,4.3824362879578704e-15,0.05,"[0.005, 0.0075, 0.01, 0.015, 0.02, 0.03, 0.05, 0.08]",0.003926304738936522,0.013502055459534793,False,-4.4174369141107934e-18,0.0015090612759457562,True,success,-3.131813148282327e-17,1.1195489756610386e-16,0.031947326215297556,-5.5977448783051925e-18,0.0
0.4158936635372483,-1.2550282207326914e-18,0.011856704930533616,0.0012410002407686738,-2.876102073099282e-20,7.192688330633613e-05,typ,0.1482088116316702,8.926127950090344e-08,True,0.0029839363990635244,0.46875,0.82,3.772082658276328e-17,-0.0009024256813920155,4.679471682786868e-09,True,False,51,0.9375,629,0.0008990860413292016,0.011238575516615019,0.0008990860413292016,0.0008990860413292016,0.0,9.056062317646177,2.75271285948805,-0.001272012085482733,-0.001272012085482733,0.4999891388701157,0.002708656609540839,0.0,0.0016008429819001021,0.0016008429819001021,True,0.0012410002407686738,1.6016880959013117e-07,success,0.9999782777402306,0.3034089483941856,0.5,4.3824362879578704e-15,0.08,"[0.005, 0.0075, 0.01, 0.015, 0.02, 0.03, 0.05, 0.08]",0.006066346740324845,0.028508981910640975,False,-3.017666126621062e-18,0.004931128451039781,True,success,-9.626595890585859e-17,2.8969596243972407e-16,0.05795879883293554,-2.3175676995177924e-17,0.0
0.32841424148575943,-1.034128277116724e-19,2.8771755161131567e-05,0.007078732231360153,4.750147675483983e-21,6.67002179582006e-07,arith,0.005754351032226312,4.721529826994619e-09,True,0.021554279130331498,0.46875,0.84,6.297706655096841e-17,-0.020331172507507003,4.829661885707151e-09,True,False,52,0.9375,1107,0.0001334004359164012,0.026680087183280236,0.0001334004359164012,0.0001334004359164012,0.0,3.7690487945118605,1.1456534551970041,-2.2877098315017238e-06,-2.2877098315017238e-06,0.4999898322742748,0.317555001206419,0.0,0.2127438346487294,0.317555001206419,True,0.007078732231360153,0.006581273008079699,success,0.9999796645485497,0.9999796645485497,0.5,3.104126814021258e-15,0.005,"[0.005, 0.0075, 0.01, 0.015, 0.02, 0.03, 0.05, 0.08]",0.023182533559269088,8.760812268970728e-05,False,-3.1488533275484205e-19,9.449054147457008e-06,True,success,6.912987039428332e-17,-1.3420899449875813e-16,9.422621986279651e-05,6.7104497249379065e-19,0.0
0.33619402742388343,3.4791878308470386e-19,6.80218970045767e-05,0.0074558210351049585,-1.6164763530511267e-20,1.6718779952260362e-06,arith,0.009069586267276894,1.2465223124935389e-08,True,0.022177137090256625,0.46875,0.84,-1.3798332895269334e-16,-0.02031269354472059,4.829661885707151e-09,True,False,52,0.9375,1107,0.00022291706603013817,0.02972227547068509,0.00022291706603013817,0.00022291706603013817,0.0,3.986452374693658,1.211736219413309,-2.2877098315017238e-06,-2.2877098315017238e-06,0.4999898322742748,0.317555001206419,0.0,0.2127438346487294,0.317555001206419,True,0.0074558210351049585,0.006581273008079699,success,0.9999796645485497,0.9999796645485497,0.5,3.104126814021258e-15,0.0075,"[0.005, 0.0075, 0.01, 0.015, 0.02, 0.03, 0.05, 0.08]",0.024578526457642712,0.00020232928444862785,False,1.0348749671452e-18,2.2868555506981234e-05,True,success,-1.4478358548409976e-16,2.890763866139161e-16,0.00022423794607651825,-2.1680728996043706e-18,0.0
0.3438065254031473,1.3467823861343375e-19,0.00012601658212882367,0.00783852233489311,1.589510265081898e-20,3.2520356741839874e-06,arith,0.012601658212882366,2.5491154265960357e-08,True,0.022799225016749358,0.46875,0.84,-3.9172682500865893e-17,-0.020285644354452292,4.829661885707151e-09,True,False,52,0.9375,1107,0.0003252035674183987,0.03252035674183987,0.0003252035674183987,0.0003252035674183987,0.0,4.148786640190562,1.2610799191908764,-2.2877098315017238e-06,-2.2877098315017238e-06,0.4999898322742748,0.317555001206419,0.0,0.2127438346487294,0.317555001206419,True,0.00783852233489311,0.006581273008079699,success,0.9999796645485497,0.9999796645485497,0.5,3.104126814021258e-15,0.01,"[0.005, 0.0075, 0.01, 0.015, 0.02, 0.03, 0.05, 0.08]",0.025806410706009395,0.0003665334216128001,False,3.9172682500865895e-19,4.332532324489122e-05,True,success,9.955626300234996e-17,-2.027818761204784e-16,0.0004148786640190563,2.027818761204784e-18,0.0
0.35780637396218357,1.7618285423180027e-19,0.0003021850591788144,0.008574291260667633,1.9481757824934853e-20,8.407331693656585e-06,arith,0.020145670611920963,7.208691066645367e-08,True,0.02396349502028113,0.46875,0.84,-3.282647954363924e-17,-0.02020400547362968,4.829661885707151e-09,True,False,52,0.9375,1107,0.0005604887795771057,0.037365918638473716,0.0005604887795771057,0.0005604887795771057,0.0,4.357901720679854,1.3246432816087896,-2.2877098315017238e-06,-2.2877098315017238e-06,0.4999898322742749,0.317555001206419,0.0,0.2127438346487294,0.317555001206419,True,0.008574291260667633,0.006581273008079699,success,0.9999796645485497,0.9999796645485497,0.5,3.104126814021258e-15,0.015,"[0.005, 0.0075, 0.01, 0.015, 0.02, 0.03, 0.05, 0.08]",0.02782179806143773,0.0008445491225674819,False,4.923971931545886e-19,0.00010812374029031944,True,success,7.256044431667873e-17,-1.5147419366933513e-16,0.0009805278871529671,2.272112905040027e-18,0.0
0.3700792174389885,4.386976107971317e-19,0.0005628709672777137,0.009250707738826566,-8.313224011622517e-21,1.654337330600017e-05,arith,0.028143548363885683,1.5303791146811262e-07,True,0.02499656101426891,0.46875,0.84,-5.92707709761432e-17,-0.02008343626559541,4.829661885707151e-09,True,False,52,0.9375,1107,0.0008271686653000085,0.041358433265000424,0.0008271686653000085,0.0008271686653000085,0.0,4.470839900326011,1.3589723717292685,-2.2877098315017238e-06,-2.2877098315017238e-06,0.4999898322742748,0.317555001206419,0.0,0.2127438346487294,0.317555001206419,True,0.009250707738826566,0.006581273008079699,success,0.9999796645485497,0.9999796645485497,0.5,3.104126814021258e-15,0.02,"[0.005, 0.0075, 0.01, 0.015, 0.02, 0.03, 0.05, 0.08]",0.029391058106995722,0.0015209472479240447,False,1.1854154195228639e-18,0.00020830684708926278,True,success,-2.1250539893209263e-17,4.493290808837634e-17,0.0017883359601304045,-8.986581617675267e-19,0.0
0.3903262249429953,-5.281646419605908e-19,0.0013491923565711467,0.010425637841927054,-3.816218861986909e-21,4.2707123973100384e-05,arith,0.04497307855237156,4.4524900781382544e-07,True,0.026710062444432612,0.46875,0.84,4.5104548299116205e-17,-0.01971857340390318,4.829661885707151e-09,True,False,52,0.9375,1107,0.001423570799103346,0.04745235997011154,0.001423570799103346,0.001423570799103346,0.0,4.551506650200363,1.3834921234628177,-2.2877098315017238e-06,-2.2877098315017238e-06,0.4999898322742748,0.317555001206419,0.0,0.2127438346487294,0.317555001206419,True,0.010425637841927054,0.006581273008079699,success,0.9999796645485497,0.9999796645485497,0.5,3.104126814021258e-15,0.03,"[0.005, 0.0075, 0.01, 0.015, 0.02, 0.03, 0.05, 0.08]",0.031653843697748756,0.0034565762440588966,False,-1.3531364489734861e-18,0.0005266251592623593,True,success,-5.719154034050246e-18,1.2201392118954605e-17,0.004096355985180326,-3.6604176356863815e-19,0.0
0.4191938651157727,2.811010190880019e-19,0.004009445668813108,0.012217469698561724,-2.2324769781024085e-20,0.0001374034666445787,arith,0.08018891337626215,1.6787226902074768e-06,True,0.02914515386618912,0.46875,0.84,-1.3411504436514958e-17,-0.01846899345512073,4.829661885707151e-09,True,False,52,0.9375,1107,0.002748069332891574,0.05496138665783147,0.002748069332891574,0.002748069332891574,0.0,4.498589971072462,1.3674073817718357,-2.2877098315017238e-06,-2.2877098315017238e-06,0.4999898322742748,0.317555001206419,0.0,0.2127438346487294,0.317555001206419,True,0.012217469698561724,0.006581273008079699,success,0.9999796645485497,0.9999796645485497,0.5,3.104126814021258e-15,0.05,"[0.005, 0.0075, 0.01, 0.015, 0.02, 0.03, 0.05, 0.08]",0.034269941032834456,0.009564657316026754,False,6.705752218257479e-19,0.001680735026881461,True,success,-1.723048526590925e-17,3.6545651975142155e-17,0.011246474927681157,-1.8272825987571077e-18,0.0
0.4462772563331738,-6.03702714425361e-18,0.010696533875540126,0.014014936060436318,-1.24214888713012e-19,0.0003860518510032524,arith,0.13370667344425158,5.4104920078236705e-06,True,0.031404101063965704,0.46875,0.84,1.6909407376752448e-16,-0.015259207084172919,4.829661885707151e-09,True,False,52,0.9375,1107,0.004825648137540655,0.06032060171925819,0.004825648137540655,0.004825648137540655,0.0,4.3040226126711465,1.308265996617683,-2.2877098315017238e-06,-2.2877098315017238e-06,0.4999898322742749,0.317555001206419,0.0,0.2127438346487294,0.317555001206419,True,0.014014936060436318,0.006581273008079699,success,0.9999796645485497,0.9999796645485497,0.5,3.104126814021258e-15,0.08,"[0.005, 0.0075, 0.01, 0.015, 0.02, 0.03, 0.05, 0.08]",0.03609130354703416,0.023968359856444257,False,-1.3527525901401959e-17,0.0047736197902508975,True,success,-5.3401723610585586e-17,1.1078795523697246e-16,0.027545744721095337,-8.863036418957797e-18,0.0
0.005295613096891838,2.757659896008112e-20,2.043136782287914e-06,3.079244191361252e-07,8.98771317423645e-25,9.333040803421267e-11,typ,0.00040862735645758275,2.873871168167249e-17,True,5.8147076363425366e-05,0.46875,0.84,-1.0414884341254725e-15,-0.006057398969782144,4.635579597314357e-09,True,False,53,0.9375,650,1.8666081606842533e-08,3.7332163213685067e-06,1.8666081606842533e-08,1.8666081606842533e-08,0.0,12.123807302590546,3.685195518450277,-0.0015161192323341621,-0.0015161192323341621,0.49998924503377457,0.0038809769027246706,0.0,0.002053881841513289,0.002053881841513289,True,3.079244191361252e-07,2.636523710545944e-07,success,0.9999784900675495,0.2801166401592835,0.5,4.9952001957115695e-15,0.005,"[0.005, 0.0075, 0.01, 0.015, 0.02, 0.03, 0.05, 0.08]",4.567996075607863e-05,0.0003858168534795518,False,5.207442170627363e-18,1.0819661903025324e-08,True,success,1.6765463195183742e-16,-5.837609891057858e-16,0.0003030951825647637,2.918804945528929e-18,0.0
0.014713998884238138,2.3820154663567027e-19,1.9672790605042494e-05,8.945053871698807e-07,7.031035206700735e-24,2.1287897353873623e-09,typ,0.002623038747338999,1.9042138864559405e-15,True,6.079281330706696e-05,0.46875,0.84,-2.1585026931129774e-15,-0.00605410451025836,4.635579597314357e-09,True,False,53,0.9375,650,2.8383863138498165e-07,3.7845150851330885e-05,2.8383863138498165e-07,2.8383863138498165e-07,0.0,42.30846610222091,12.860231590706244,-0.0015161192323341621,-0.0015161192323341621,0.49998924503377457,0.0038809769027246706,0.0,0.002053881841513289,0.002053881841513289,True,8.945053871698807e-07,2.636523710545944e-07,success,0.9999784900675495,0.2801166401592835,0.5,4.9952001957115695e-15,0.0075,"[0.005, 0.0075, 0.01, 0.015, 0.02, 0.03, 0.05, 0.08]",0.00010820985075913505,0.0013370118320530993,False,1.6188770198347332e-17,2.894654190124458e-07,True,success,1.6112443543472999e-16,-1.0480332196315669e-15,0.002379851218249926,7.860249147236751e-18,0.0
0.03638533505805554,8.368685518872487e-19,6.912586633007983e-05,3.6589339637294735e-06,1.9852334701272664e-23,1.483598347599588e-08,typ,0.006912586633007983,5.4283883825650574e-14,True,0.00010056067802842462,0.46875,0.84,-2.3000160656813026e-15,-0.006042523787394451,4.635579597314357e-09,True,False,53,0.9375,650,1.4835983475995878e-06,0.00014835983475995878,1.4835983475995878e-06,1.4835983475995878e-06,0.0,40.54728405339646,12.32489644131665,-0.0015161192323341621,-0.0015161192323341621,0.4999892450337746,0.0038809769027246706,0.0,0.002053881841513289,0.002053881841513289,True,3.6589339637294735e-06,2.636523710545944e-07,success,0.9999784900675495,0.2801166401592835,0.5,4.9952001957115695e-15,0.01,"[0.005, 0.0075, 0.01, 0.015, 0.02, 0.03, 0.05, 0.08]",0.0002146227492492208,0.001899827670125459,False,2.3000160656813028e-17,2.5151678075983147e-06,True,success,8.520716826422282e-17,-5.425715494749625e-16,0.004054728405339646,5.425715494749624e-18,0.0
0.1000418323767767,1.0977546996617036e-18,0.00027148030816578965,2.260876692407124e-05,1.5881867761019638e-22,1.431079023407869e-07,typ,0.018098687211052643,3.2354932090156e-12,True,0.000225993130942687,0.46875,0.84,-7.3153044986711105e-16,-0.005980621643469514,4.635579597314357e-09,True,False,53,0.9375,650,9.540526822719126e-06,0.0006360351215146085,9.540526822719126e-06,9.540526822719126e-06,0.0,28.13223399801741,8.55117374154702,-0.0015161192323341621,-0.0015161192323341621,0.4999892450337747,0.0038809769027246706,0.0,0.002053881841513289,0.002053881841513289,True,2.260876692407124e-05,2.636523710545944e-07,success,0.9999784900675495,0.2801166401592835,0.5,4.9952001957115695e-15,0.015,"[0.005, 0.0075, 0.01, 0.015, 0.02, 0.03, 0.05, 0.08]",0.0005271391627174398,0.002713667889881733,False,1.0972956748006665e-17,2.7159387483117612e-05,True,success,8.829402787005174e-17,-4.683100089552853e-16,0.006329752649553917,7.024650134329279e-18,0.0
0.16450153236365087,2.0600529323768697e-18,0.0005908281022029864,6.374543585560666e-05,8.47033005522654e-22,5.528831352871367e-07,typ,0.029541405110149316,3.524377643609287e-11,True,0.0003875066386292958,0.46875,0.84,-6.26150073733924e-16,-0.005861314451378599,4.635579597314357e-09,True,False,53,0.9375,650,2.7644156764356834e-05,0.0013822078382178416,2.7644156764356834e-05,2.7644156764356834e-05,0.0,21.683243979204374,6.590915835535744,-0.0015161192323341621,-0.0015161192323341621,0.49998924503377457,0.0038809769027246706,0.0,0.002053881841513289,0.002053881841513289,True,6.374543585560666e-05,2.636523710545944e-07,success,0.9999784900675495,0.2801166401592835,0.5,4.9952001957115695e-15,0.02,"[0.005, 0.0075, 0.01, 0.015, 0.02, 0.03, 0.05, 0.08]",0.0009357766382906187,0.0035916267387521243,False,1.252300147467848e-17,9.719212817589899e-05,True,success,1.4267869043593375e-16,-6.643871785905706e-16,0.00867329759168175,1.3287743571811412e-17,0.0
0.2618465774354532,2.268907709307126e-18,0.0015231161259917506,0.00020226067990291278,3.6009149141098715e-21,2.8746478316987937e-06,typ,0.05077053753305835,5.81428224920832e-10,True,0.000772439654869162,0.46875,0.84,-2.8883423918553043e-16,-0.0054581091542751205,4.635579597314357e-09,True,False,53,0.9375,650,9.58215943899598e-05,0.003194053146331993,9.58215943899598e-05,9.58215943899598e-05,0.0,15.79176510167558,4.800120995710596,-0.0015161192323341621,-0.0015161192323341621,0.4999892450337746,0.0038809769027246706,0.0,0.002053881841513289,0.002053881841513289,True,0.00020226067990291278,2.636523710545944e-07,success,0.9999784900675495,0.2801166401592835,0.5,4.9952001957115695e-15,0.03,"[0.005, 0.0075, 0.01, 0.015, 0.02, 0.03, 0.05, 0.08]",0.001887346462061136,0.00581682655893109,False,8.665027175565913e-18,0.0003988227446276864,True,success,1.4933609968516496e-16,-5.93444544904188e-16,0.01421258859150802,1.780333634712564e-17,0.0
0.36610554464031014,1.7586364818495897e-18,0.0044945576765227525,0.0005927635369007605,-1.708352086807424e-21,1.680204803384265e-05,typ,0.08989115353045504,9.959641419717037e-09,True,0.0016191055983135582,0.46875,0.84,-9.607264940919742e-17,-0.004047467282610327,4.635579597314357e-09,True,False,53,0.9375,650,0.00033604096067685297,0.006720819213537059,0.00033604096067685297,0.00033604096067685297,0.0,11.338111734531756,3.4463727036355105,-0.0015161192323341621,-0.0015161192323341621,0.4999892450337746,0.0038809769027246706,0.0,0.002053881841513289,0.002053881841513289,True,0.0005927635369007605,2.636523710545944e-07,success,0.9999784900675495,0.2801166401592835,0.5,4.9952001957115695e-15,0.05,"[0.005, 0.0075, 0.01, 0.015, 0.02, 0.03, 0.05, 0.08]",0.0037383095830781903,0.012276671966108972,False,4.8036324704598715e-18,0.0016454824860806492,True,success,-1.7118098899789884e-17,5.764025553054333e-17,0.028345279336329392,-2.8820127765271663e-18,0.0
0.43450371352775496,2.8662566226519367e-18,0.011708783070736436,0.0012059749753565252,1.7621374030793758e-20,6.405285966205843e-05,typ,0.14635978838420544,7.724614585246588e-08,True,0.002775522827101202,0.46875,0.84,-8.245777117129425e-17,-0.0005002072892034952,4.635579597314357e-09,True,False,53,0.9375,650,0.0008006607457757304,0.010008259322196629,0.0008006607457757304,0.0008006607457757304,0.0,8.298894692435773,2.522561499482122,-0.0015161192323341621,-0.0015161192323341621,0.4999892450337747,0.0038809769027246706,0.0,0.002053881841513289,0.002053881841513289,True,0.0012059749753565252,2.636523710545944e-07,success,0.9999784900675495,0.2801166401592835,0.5,4.9952001957115695e-15,0.08,"[0.005, 0.0075, 0.01, 0.015, 0.02, 0.03, 0.05, 0.08]",0.0054704967437772985,0.026947486767540618,False,6.59662169370354e-18,0.005087509725125891,True,success,6.340176669756804e-17,-1.8264655559689693e-16,0.05311292603158895,1.4611724447751753e-17,0.0
0.4428428088597245,-1.8672302103859243e-19,3.6431664299174694e-05,0.013381396937738241,-3.606879055771996e-21,1.1011992517084167e-06,arith,0.007286332859834939,1.473558429465065e-08,True,0.030217035638885018,0.53125,1.06,8.432925512300193e-17,-0.019734706524701575,4.818122905101455e-09,True,False,54,1.0625,958,0.00022023985034168333,0.04404797006833666,0.00022023985034168333,0.00022023985034168333,0.0,3.291731817932438,1.0005664920781767,-3.15242007747137e-06,-3.15242007747137e-06,0.4999897656131958,0.44280507734758406,0.0,0.26860477847590164,0.44280507734758406,True,0.013381396937738241,0.01337887164240627,success,0.9999795312263915,0.9999795312263915,0.5,4.090542555046425e-15,0.005,"[0.005, 0.0075, 0.01, 0.015, 0.02, 0.03, 0.05, 0.08]",0.030226432771926992,8.226771118398095e-05,False,-4.2164627561500966e-19,1.6133500549681066e-05,True,success,-2.9713095541933535e-17,5.390885678908259e-17,8.229329544831096e-05,-2.6954428394541295e-19,0.0
0.442886124149046,-3.3865436022410995e-19,8.200048476121578e-05,0.013384300954305171,9.702001404634462e-21,2.479664715618683e-06,arith,0.010933397968162104,3.3188578819612e-08,True,0.03022063737043364,0.53125,1.06,1.019537805193287e-16,-0.019711932553809017,4.818122905101455e-09,True,False,54,1.0625,958,0.0003306219620824911,0.04408292827766548,0.0003306219620824911,0.0003306219620824911,0.0,3.2936294863786553,1.0011433141175712,-3.15242007747137e-06,-3.15242007747137e-06,0.49998976561319575,0.44280507734758406,0.0,0.26860477847590164,0.44280507734758406,True,0.013384300954305171,0.01337887164240627,success,0.9999795312263915,0.9999795312263915,0.5,4.090542555046425e-15,0.0075,"[0.005, 0.0075, 0.01, 0.015, 0.02, 0.03, 0.05, 0.08]",0.030239634836787016,0.00018515026840989913,False,-7.646533538949652e-19,3.631687687423776e-05,True,success,5.325581132251577e-17,-9.665056036180192e-17,0.00018526665860879932,7.248792027135143e-19,0.0
0.4429411864996296,-1.342547221398066e-19,0.0001458388637068571,0.013388000096388712,-9.330597309598152e-21,4.412361560153895e-06,arith,0.014583886370685709,5.907269699264219e-08,True,0.03022523193697163,0.53125,1.06,3.030983034130624e-17,-0.019680036668112053,4.818122905101455e-09,True,False,54,1.0625,958,0.0004412361560153895,0.04412361560153895,0.0004412361560153895,0.0004412361560153895,0.0,3.2957585362910833,1.0017904676890537,-3.15242007747137e-06,-3.15242007747137e-06,0.4999897656131958,0.44280507734758406,0.0,0.26860477847590164,0.44280507734758406,True,0.013388000096388712,0.01337887164240627,success,0.9999795312263915,0.9999795312263915,0.5,4.090542555046425e-15,0.01,"[0.005, 0.0075, 0.01, 0.015, 0.02, 0.03, 0.05, 0.08]",0.030255046206496418,0.0003292510792671095,False,-3.030983034130624e-19,6.459803932807305e-05,True,success,-3.838981744394734e-17,6.969373500464041e-17,0.00032957585362910835,-6.969373500464042e-19,0.0
0.4430735098616192,-6.776263566000695e-19,0.00032841847785712824,0.01339692522974066,1.397604366448819e-20,9.946980885038055e-06,arith,0.021894565190475217,1.332589591785144e-07,True,0.030236348893719216,0.53125,1.06,1.0195845482640956e-16,-0.01958884554337289,4.818122905101455e-09,True,False,54,1.0625,958,0.000663132059002537,0.04420880393350247,0.000663132059002537,0.000663132059002537,0.0,3.299921674218247,1.0030559098763931,-3.15242007747137e-06,-3.15242007747137e-06,0.4999897656131958,0.44280507734758406,0.0,0.26860477847590164,0.44280507734758406,True,0.01339692522974066,0.01337887164240627,success,0.9999795312263915,0.9999795312263915,0.5,4.090542555046425e-15,0.015,"[0.005, 0.0075, 0.01, 0.015, 0.02, 0.03, 0.05, 0.08]",0.03028751899083244,0.0007412279690557442,False,-1.5293768223961433e-18,0.00014551352768756828,True,success,3.828565137417371e-17,-6.954851417926809e-17,0.0007424823766991055,1.0432277126890213e-18,0.0
0.4432190938457257,5.471808688141867e-19,0.0005843081206741088,0.013406808912398704,-3.542883711745959e-20,1.7714977845404875e-05,arith,0.02921540603370544,2.3750132286071968e-07,True,0.030248716940577708,0.53125,1.06,-6.172803433020054e-17,-0.019461074056116086,4.818122905101455e-09,True,False,54,1.0625,958,0.0008857488922702437,0.04428744461351218,0.0008857488922702437,0.0008857488922702437,0.0,3.3033546538098912,1.0040994105433294,-3.15242007747137e-06,-3.15242007747137e-06,0.49998976561319575,0.44280507734758406,0.0,0.26860477847590164,0.44280507734758406,True,0.013406808912398704,0.01337887164240627,success,0.9999795312263915,0.9999795312263915,0.5,4.090542555046425e-15,0.02,"[0.005, 0.0075, 0.01, 0.015, 0.02, 0.03, 0.05, 0.08]",0.030317870347184857,0.0013183279528961199,False,1.2345606866040108e-18,0.0002589765157718775,True,success,-7.269823738200546e-17,1.3213001449097543e-16,0.0013213418615239565,-2.6426002898195087e-18,0.0
0.44350516008957125,8.027253546432352e-19,0.0013161937256911923,0.013426486639019835,-1.245828100436875e-20,3.996771094483725e-05,arith,0.04387312418970641,5.366259369930641e-07,True,0.030273574801944116,0.53125,1.06,-6.033190643382181e-17,-0.019095642007631097,4.818122905101455e-09,True,False,54,1.0625,958,0.001332257031494575,0.04440856771648584,0.001332257031494575,0.001332257031494575,0.0,3.307534495839469,1.0053699301689538,-3.15242007747137e-06,-3.15242007747137e-06,0.49998976561319575,0.44280507734758406,0.0,0.26860477847590164,0.44280507734758406,True,0.013426486639019835,0.01337887164240627,success,0.9999795312263915,0.9999795312263915,0.5,4.090542555046425e-15,0.03,"[0.005, 0.0075, 0.01, 0.015, 0.02, 0.03, 0.05, 0.08]",0.030366130885366754,0.0029677078062076458,False,1.8099571930146543e-18,0.0005837387090215615,True,success,-1.700678778597454e-17,3.09296128349832e-17,0.0029767810462555215,-9.27888385049496e-19,0.0
0.44395257688004786,1.0374618571071475e-18,0.003658994732263201,0.013458582999994927,5.403117362671663e-20,0.00011130261989210286,arith,0.07317989464526402,1.4979755479347528e-06,True,0.030315361822150926,0.53125,1.06,-4.673750806440124e-17,-0.01792502026464585,4.818122905101455e-09,True,False,54,1.0625,958,0.002226052397842057,0.04452104795684114,0.002226052397842057,0.002226052397842057,0.0,3.3080041158016353,1.00551267752024,-3.15242007747137e-06,-3.15242007747137e-06,0.49998976561319575,0.44280507734758406,0.0,0.26860477847590164,0.44280507734758406,True,0.013458582999994927,0.01337887164240627,success,0.9999795312263915,0.9999795312263915,0.5,4.090542555046425e-15,0.05,"[0.005, 0.0075, 0.01, 0.015, 0.02, 0.03, 0.05, 0.08]",0.030418906840912217,0.00824185943007113,False,2.3368754032200623e-18,0.0016244201401787689,True,success,4.41460691217017e-17,-8.02925146380373e-17,0.008270010289504089,4.014625731901865e-18,0.0
0.4442730397366449,1.042377782009321e-18,0.009351511237057707,0.01348615650216091,1.6219682211729925e-19,0.00028454515567894243,arith,0.11689389046322134,3.837420501417958e-06,True,0.030355559072761204,0.53125,1.06,-2.932818584454335e-17,-0.015072751048064626,4.818122905101455e-09,True,False,54,1.0625,958,0.00355681444598678,0.04446018057483475,0.00355681444598678,0.00355681444598678,0.0,3.2967273194338818,1.0020849424532168,-3.15242007747137e-06,-3.15242007747137e-06,0.49998976561319575,0.44280507734758406,0.0,0.26860477847590164,0.44280507734758406,True,0.01348615650216091,0.01337887164240627,success,0.9999795312263915,0.9999795312263915,0.5,4.090542555046425e-15,0.08,"[0.005, 0.0075, 0.01, 0.015, 0.02, 0.03, 0.05, 0.08]",0.030427718949998257,0.021049018060157496,False,2.346254867563468e-18,0.00415462432341902,True,success,8.279853358345889e-17,-1.5033640430773418e-16,0.021099054844376845,1.2026912344618734e-17,0.0
0.42624783996013704,1.0262909734573314e-18,3.804750958307053e-05,1.0667156912020225e-05,-8.902726033473369e-24,9.978416017666806e-10,typ,0.007609501916614105,1.064413293938678e-14,True,2.502571488225682e-05,0.53125,1.06,-4.815465920265124e-16,-0.00043930882490680884,4.6677666070905625e-09,True,False,55,1.0625,648,1.9956832035333611e-07,3.9913664070667226e-05,1.9956832035333611e-07,1.9956832035333611e-07,0.0,3.741734034650858,1.1373507637969351,-0.4306096959288401,-0.4306096959288401,0.4999902954123677,0.33246574769438886,0.0,0.012171281029990494,0.012171281029990494,True,1.0667156912020225e-05,9.259319216410972e-06,success,0.9999805908247335,0.017338733642926412,0.5,2.129900736638584e-14,0.005,"[0.005, 0.0075, 0.01, 0.015, 0.02, 0.03, 0.05, 0.08]",2.6226200156098424e-05,8.926147188600123e-05,False,2.407732960132562e-18,1.6217668775646428e-05,True,success,-8.629146930539958e-17,1.669184414722799e-16,9.354335086627144e-05,-8.345922073613994e-19,0.0
0.4385195658731158,1.2385209875633973e-18,8.634957256092334e-05,1.1183557488419712e-05,-2.062296976413945e-24,2.3868135700697354e-09,typ,0.011513276341456446,2.6693066775015176e-14,True,2.550298403710369e-05,0.53125,1.06,-3.7657642788714527e-16,-0.0004154018946469413,4.6677666070905625e-09,True,False,55,1.0625,648,3.182418093426314e-07,4.243224124568419e-05,3.182418093426314e-07,3.182418093426314e-07,0.0,3.794163108619211,1.1532872912921708,-0.4306096959288401,-0.4306096959288401,0.49999029541236767,0.33246574769438886,0.0,0.012171281029990494,0.012171281029990494,True,1.1183557488419712e-05,9.259319216410972e-06,success,0.9999805908247335,0.017338733642926412,0.5,2.129900736638584e-14,0.0075,"[0.005, 0.0075, 0.01, 0.015, 0.02, 0.03, 0.05, 0.08]",2.7641289925155517e-05,0.0001969115617201635,False,2.8243232091535896e-18,3.786597707274521e-05,True,success,-1.2622691513489354e-17,2.4587250566132775e-17,0.00021342167485983058,-1.844043792459958e-19,0.0
0.44549806404281295,2.289953572902001e-18,0.00015404961331599135,1.1602225120618895e-05,1.491510042009678e-23,4.437217234725876e-09,typ,0.015404961331599135,5.148159326637967e-14,True,2.6043267203746828e-05,0.53125,1.06,-5.140209930703388e-16,-0.0003817523336654437,4.6677666070905625e-09,True,False,55,1.0625,648,4.437217234725876e-07,4.437217234725876e-05,4.437217234725876e-07,4.437217234725876e-07,0.0,3.8244536617724085,1.16249451538816,-0.4306096959288401,-0.4306096959288401,0.4999902954123677,0.33246574769438886,0.0,0.012171281029990494,0.012171281029990494,True,1.1602225120618895e-05,9.259319216410972e-06,success,0.9999805908247335,0.017338733642926412,0.5,2.129900736638584e-14,0.01,"[0.005, 0.0075, 0.01, 0.015, 0.02, 0.03, 0.05, 0.08]",2.8803819361909842e-05,0.0003457918804809598,False,5.140209930703388e-18,6.862880449881809e-05,True,success,6.57355335319216e-17,-1.285537926133704e-16,0.0003824453661772409,1.2855379261337043e-18,0.0
0.4531337747179096,1.3281476624475148e-18,0.000347573981842176,1.226341266740403e-05,-7.858215819193623e-24,1.0644926605540433e-08,typ,0.0231715987894784,1.3054312777797073e-13,True,2.706355904509303e-05,0.53125,1.06,-1.9540184915949374e-16,-0.0002853045336245574,4.6677666070905625e-09,True,False,55,1.0625,648,7.096617737026956e-07,4.731078491351304e-05,7.096617737026956e-07,7.096617737026956e-07,0.0,3.857880852306667,1.1726551629204671,-0.4306096959288401,-0.4306096959288401,0.4999902954123677,0.33246574769438886,0.0,0.012171281029990494,0.012171281029990494,True,1.226341266740403e-05,9.259319216410972e-06,success,0.9999805908247335,0.017338733642926412,0.5,2.129900736638584e-14,0.015,"[0.005, 0.0075, 0.01, 0.015, 0.02, 0.03, 0.05, 0.08]",3.062636204563208e-05,0.0007670449682514881,False,2.931027737392406e-18,0.00015749751038587938,True,success,-2.1749383200607085e-17,4.2719026817500505e-17,0.0008680231917690001,-6.407854022625076e-19,0.0
0.45722482386337526,1.902491179811498e-18,0.0006185566528923997,1.2781082020142031e-05,3.308963528064099e-24,1.9803523806500346e-08,typ,0.030927832644619985,2.5311046205871624e-13,True,2.7953604776194708e-05,0.53125,1.06,-2.0804766938682086e-16,-0.0001500531532357801,4.6677666070905625e-09,True,False,55,1.0625,648,9.901761903250172e-07,4.950880951625086e-05,9.901761903250172e-07,9.901761903250172e-07,0.0,3.8736007982914646,1.1774334535223872,-0.4306096959288401,-0.4306096959288401,0.4999902954123677,0.33246574769438886,0.0,0.012171281029990494,0.012171281029990494,True,1.2781082020142031e-05,9.259319216410972e-06,success,0.9999805908247335,0.017338733642926412,0.5,2.129900736638584e-14,0.02,"[0.005, 0.0075, 0.01, 0.015, 0.02, 0.03, 0.05, 0.08]",3.2015699312097194e-05,0.0013528501091997413,False,4.160953387736417e-18,0.0002828194566682464,True,success,6.5771376634718425e-18,-1.294477072774206e-17,0.001549440319316586,2.5889541455484123e-19,0.0
0.46151289514599275,-5.756418129199139e-19,0.0013928275098485017,1.3571145660596846e-05,-8.294331082343483e-23,4.726698260075732e-08,typ,0.04642758366161672,6.414671058117744e-13,True,2.940577783054971e-05,0.53125,1.06,4.15764340118686e-17,0.00023673324073189876,4.6677666070905625e-09,True,False,55,1.0625,648,1.5755660866919107e-06,5.251886955639703e-05,1.5755660866919107e-06,1.5755660866919107e-06,0.0,3.8698921130058297,1.1763061483736947,-0.4306096959288401,-0.4306096959288401,0.49999029541236767,0.33246574769438886,0.0,0.012171281029990494,0.012171281029990494,True,1.3571145660596846e-05,9.259319216410972e-06,success,0.9999805908247335,0.017338733642926412,0.5,2.129900736638584e-14,0.03,"[0.005, 0.0075, 0.01, 0.015, 0.02, 0.03, 0.05, 0.08]",3.393599154707863e-05,0.0030179601144360254,False,-1.2472930203560579e-18,0.0006428078565091657,True,success,-1.0356050786452509e-16,2.0372465940552254e-16,0.0034829029017052465,-6.111739782165676e-18,0.0
0.46509012821755924,-5.723508622935826e-18,0.003870520524980089,1.4591767783312122e-05,-1.58482161278427e-22,1.353916344955942e-07,typ,0.07741041049960178,1.9756032903627817e-12,True,3.1374064719959834e-05,0.53125,1.06,2.461247089836528e-16,0.0014751292653149841,4.6677666070905625e-09,True,False,55,1.0625,648,2.707832689911884e-06,5.415665379823768e-05,2.707832689911884e-06,2.707832689911884e-06,0.0,3.7114525534167244,1.1281462972336782,-0.4306096959288401,-0.4306096959288401,0.49999029541236767,0.33246574769438886,0.0,0.012171281029990494,0.012171281029990494,True,1.4591767783312122e-05,9.259319216410972e-06,success,0.9999805908247335,0.017338733642926412,0.5,2.129900736638584e-14,0.05,"[0.005, 0.0075, 0.01, 0.015, 0.02, 0.03, 0.05, 0.08]",3.4980213545383715e-05,0.0083220870324935,False,-1.230623544918264e-17,0.0018001408872316844,True,success,-1.1275362540708928e-16,2.1722133141355928e-16,0.009278631383541814,-1.0861066570677965e-17,0.0
0.4671616639038815,-1.9277957824348343e-18,0.009908899881052896,1.5208765377495866e-05,-2.572579305107305e-22,3.0874118103020963e-07,typ,0.1238612485131612,4.695572184659436e-12,True,3.255567944167839e-05,0.53125,1.06,5.158267285689238e-17,0.004494404349614615,4.6677666070905625e-09,True,False,55,1.0625,648,3.8592647628776205e-06,4.8240809535970254e-05,3.8592647628776205e-06,3.8592647628776205e-06,0.0,3.1719083264543815,0.964144518124034,-0.4306096959288401,-0.4306096959288401,0.4999902954123677,0.33246574769438886,0.0,0.012171281029990494,0.012171281029990494,True,1.5208765377495866e-05,9.259319216410972e-06,success,0.9999805908247335,0.017338733642926412,0.5,2.129900736638584e-14,0.08,"[0.005, 0.0075, 0.01, 0.015, 0.02, 0.03, 0.05, 0.08]",3.1157967558090167e-05,0.02121085835307679,False,-4.126613828551391e-18,0.004629058155889644,True,success,-1.1872017032761162e-16,2.1143886775598364e-16,0.020300213289308044,-1.6915109420478693e-17,0.0
0.4656967433225017,-2.3807167927949945e-19,3.825308149383544e-05,0.014950335336376035,-1.9807445612757457e-21,1.2261833874423757e-06,arith,0.007650616298767087,1.8331852826157014e-08,True,0.03210315629375727,0.53125,1.08,1.0224322273803463e-16,-0.020174445083178193,4.820291898886473e-09,True,False,56,1.0625,945,0.0002452366774884751,0.04904733549769502,0.0002452366774884751,0.0002452366774884751,0.0,3.2806846397857523,0.9972085525809868,-3.188171529666851e-06,-3.188171529666851e-06,0.49998976289336744,0.4658898061677387,0.0,0.28575857874068084,0.4658898061677387,True,0.014950335336376035,0.01496389900703839,success,0.999979525786735,0.999979525786735,0.5,3.1300354158594217e-15,0.005,"[0.005, 0.0075, 0.01, 0.015, 0.02, 0.03, 0.05, 0.08]",0.03205449965226926,8.214161263168771e-05,False,-5.112161136901732e-19,1.7814335473729423e-05,True,success,-1.4629358786196807e-17,2.6497660643856547e-17,8.201711599464382e-05,-1.3248830321928275e-19,0.0
0.4654671831353903,9.116192094824407e-20,8.590593107672326e-05,0.014934243378143945,1.287920213745064e-21,2.7474925325816355e-06,arith,0.011454124143563102,4.103172216120723e-08,True,0.032084417375134316,0.53125,1.08,-2.6113382926855472e-17,-0.020150560050268933,4.820291898886473e-09,True,False,56,1.0625,945,0.0003663323376775514,0.04884431169034019,0.0003663323376775514,0.0003663323376775514,0.0,3.2706251300165063,0.9941508282709419,-3.188171529666851e-06,-3.188171529666851e-06,0.4999897628933675,0.4658898061677387,0.0,0.28575857874068084,0.4658898061677387,True,0.014934243378143945,0.01496389900703839,success,0.999979525786735,0.999979525786735,0.5,3.1300354158594217e-15,0.0075,"[0.005, 0.0075, 0.01, 0.015, 0.02, 0.03, 0.05, 0.08]",0.031982570913850275,0.00018455851280010823,False,1.9585037195141604e-19,3.998639175290536e-05,True,success,6.358125365223542e-18,-1.1498586893081058e-17,0.00018397266356342848,8.623940169810794e-20,0.0
0.46516491729113063,1.5797164466292701e-19,0.0001523636743596035,0.014913106095039088,5.889525961377557e-21,4.85954089253675e-06,arith,0.01523636743596035,7.24708489035815e-08,True,0.032059825538617505,0.53125,1.08,-3.3960352294594486e-17,-0.02011719226250822,4.820291898886473e-09,True,False,56,1.0625,945,0.00048595408925367496,0.0485954089253675,0.00048595408925367496,0.00048595408925367496,0.0,3.2585705899009847,0.9904866874526358,-3.188171529666851e-06,-3.188171529666851e-06,0.4999897628933674,0.4658898061677387,0.0,0.28575857874068084,0.4658898061677387,True,0.014913106095039088,0.01496389900703839,success,0.999979525786735,0.999979525786735,0.5,3.1300354158594217e-15,0.01,"[0.005, 0.0075, 0.01, 0.015, 0.02, 0.03, 0.05, 0.08]",0.031894353512815846,0.0003275476475029271,False,3.3960352294594486e-19,7.087423598165773e-05,True,success,2.1877549051406694e-17,-3.9492282317610105e-17,0.0003258570589900985,3.9492282317610106e-19,0.0
0.46439833452871454,4.743384516528069e-19,0.0003409974901953021,0.01485971531639372,-7.199780017762356e-21,1.0808247819473424e-05,arith,0.02273316601302014,1.6060748566640824e-07,True,0.0319977790865116,0.53125,1.08,-6.80936194045829e-17,-0.020022231376992276,4.820291898886473e-09,True,False,56,1.0625,945,0.0007205498546315616,0.04803665697543744,0.0007205498546315616,0.0007205498546315616,0.0,3.2326768011794846,0.9826159194858948,-3.188171529666851e-06,-3.188171529666851e-06,0.4999897628933675,0.4658898061677387,0.0,0.28575857874068084,0.4658898061677387,True,0.01485971531639372,0.01496389900703839,success,0.999979525786735,0.999979525786735,0.5,3.1300354158594217e-15,0.015,"[0.005, 0.0075, 0.01, 0.015, 0.02, 0.03, 0.05, 0.08]",0.03169597469260883,0.0007342780213485404,False,1.0214042910687436e-18,0.00015835866652516995,True,success,-1.796537701504704e-17,3.2301112389949694e-17,0.000727352280265384,-4.845166858492454e-19,0.0
0.4634985397308506,-1.576041429628091e-19,0.0006029537500937455,0.014797369392237504,3.9106358996250185e-20,1.8991241669052742e-05,arith,0.030147687504687274,2.8102041819422655e-07,True,0.031925385138926655,0.53125,1.08,1.700157923413614e-17,-0.019889998168474553,4.820291898886473e-09,True,False,56,1.0625,945,0.0009495620834526371,0.04747810417263185,0.0009495620834526371,0.0009495620834526371,0.0,3.208550311485649,0.9752823460071526,-3.188171529666851e-06,-3.188171529666851e-06,0.49998976289336744,0.4658898061677387,0.0,0.28575857874068084,0.4658898061677387,True,0.014797369392237504,0.01496389900703839,success,0.999979525786735,0.999979525786735,0.5,3.1300354158594217e-15,0.02,"[0.005, 0.0075, 0.01, 0.015, 0.02, 0.03, 0.05, 0.08]",0.03149701227681234,0.0013008751881804748,False,-3.4003158468272284e-19,0.0002794681826936913,True,success,7.376977263268587e-17,-1.321395646741266e-16,0.0012834201245942596,2.6427912934825323e-18,0.0
0.46157110876681084,8.009231764534762e-19,0.0013438306377811895,0.014664763589665225,1.8809448909823523e-20,4.186364274729197e-05,arith,0.044794354592706316,6.1392042389124e-07,True,0.031771407072781005,0.53125,1.08,-5.784036025661134e-17,-0.019515120025744206,4.820291898886473e-09,True,False,56,1.0625,945,0.0013954547582430657,0.046515158608102194,0.0013954547582430657,0.0013954547582430657,0.0,3.1718996575494107,0.9641418830928964,-3.188171529666851e-06,-3.188171529666851e-06,0.4999897628933675,0.4658898061677387,0.0,0.28575857874068084,0.4658898061677387,True,0.014664763589665225,0.01496389900703839,success,0.999979525786735,0.999979525786735,0.5,3.1300354158594217e-15,0.03,"[0.005, 0.0075, 0.01, 0.015, 0.02, 0.03, 0.05, 0.08]",0.031152469344212452,0.0029114271068038243,False,1.73521080769834e-18,0.0006202733974754742,True,success,2.400601265274527e-17,-4.2754295116581817e-17,0.0028547096917944693,1.2826288534974544e-18,0.0
0.4579984850531957,1.4021176461805447e-18,0.0036842481225047106,0.0144219670018033,-1.013195908557418e-20,0.00011308516465734194,arith,0.0736849624500942,1.6309105130816782e-06,True,0.031489115078902966,0.53125,1.08,-6.12280473380907e-17,-0.01832970576842712,4.820291898886473e-09,True,False,56,1.0625,945,0.0022617032931468387,0.045234065862936775,0.0022617032931468387,0.0022617032931468387,0.0,3.1364699321029352,0.9533725379378165,-3.188171529666851e-06,-3.188171529666851e-06,0.49998976289336744,0.4658898061677387,0.0,0.28575857874068084,0.4658898061677387,True,0.0144219670018033,0.01496389900703839,success,0.999979525786735,0.999979525786735,0.5,3.1300354158594217e-15,0.05,"[0.005, 0.0075, 0.01, 0.015, 0.02, 0.03, 0.05, 0.08]",0.030694231467901727,0.008044236482740313,False,3.0614023669045352e-18,0.001687380058667238,True,success,-7.933747258346776e-18,1.4050731199575335e-17,0.00784117483025734,-7.025365599787668e-19,0.0
0.45388930031015456,9.32968976649135e-19,0.009320739536581283,0.014148435727756672,-1.731583859645442e-20,0.0002826925624949921,arith,0.11650924420726604,3.999657551175232e-06,True,0.031171555967696687,0.53125,1.08,-2.569373677710657e-17,-0.015475413486873445,4.820291898886473e-09,True,False,56,1.0625,945,0.0035336570311874016,0.04417071288984252,0.0035336570311874016,0.0035336570311874016,0.0,3.1219502805661805,0.9489590930984817,-3.188171529666851e-06,-3.188171529666851e-06,0.4999897628933675,0.4658898061677387,0.0,0.28575857874068084,0.4658898061677387,True,0.014148435727756672,0.01496389900703839,success,0.999979525786735,0.999979525786735,0.5,3.1300354158594217e-15,0.08,"[0.005, 0.0075, 0.01, 0.015, 0.02, 0.03, 0.05, 0.08]",0.030329413388873627,0.020535270450773295,False,2.055498942168526e-18,0.004230583946632073,True,success,-8.658289933811653e-18,1.529836842888917e-17,0.019980481795623558,-1.2238694743111338e-18,0.0
0.6130232329916594,3.8136412509327215e-20,4.675956062890052e-05,0.00026145993714087105,-1.0684018449217468e-22,1.8543824721787496e-08,typ,0.009351912125780104,4.848467246109889e-12,True,0.00042650901804308676,0.53125,1.08,-1.2442077382031648e-17,-0.0006481479839628141,4.680487889231146e-09,True,False,57,1.0625,662,3.7087649443574994e-06,0.0007417529888714999,3.7087649443574994e-06,3.7087649443574994e-06,0.0,2.836966140903849,0.8623343020488395,-0.2965956869564656,-0.2965956869564656,0.4999896260584584,0.6324129142088138,0.0,0.06632442868515534,0.06632442868515534,True,0.00026145993714087105,0.0002754318187860791,success,0.9999792521169185,0.020975173805777715,0.5,1.102184234319425e-14,0.005,"[0.005, 0.0075, 0.01, 0.015, 0.02, 0.03, 0.05, 0.08]",0.0003965782499317622,7.627697958641106e-05,False,6.221038691015824e-20,2.8664697029998108e-05,True,success,-4.852129643955281e-17,8.172585495162162e-17,7.092415352259622e-05,-4.0862927475810812e-19,0.0
0.5969681146440619,-1.0439681074909252e-19,9.904223846984797e-05,0.00024817703027385746,4.1279866858090645e-23,3.5171895164178995e-08,typ,0.01320563179597973,8.728856490949391e-12,True,0.0004157291221857491,0.53125,1.08,2.3317115981722274e-17,-0.0006198892807997361,4.680487889231146e-09,True,False,57,1.0625,662,4.689586021890533e-06,0.0006252781362520711,4.689586021890533e-06,4.689586021890533e-06,0.0,2.5194843195685417,0.765831400280984,-0.2965956869564656,-0.2965956869564656,0.4999896260584584,0.6324129142088138,0.0,0.06632442868515534,0.06632442868515534,True,0.00024817703027385746,0.0002754318187860791,success,0.9999792521169185,0.020975173805777715,0.5,1.102184234319425e-14,0.0075,"[0.005, 0.0075, 0.01, 0.015, 0.02, 0.03, 0.05, 0.08]",0.00035512015588063056,0.00016590875800611432,False,-1.7487836986291705e-19,5.9125058369472715e-05,True,success,1.397203327188881e-17,-2.2177645697798487e-17,0.00014172099297573044,1.6633234273348865e-19,0.0
0.5819983364783657,-1.6940658945086007e-20,0.00016876874712194013,0.00023413893874044654,-1.2816129615743473e-22,5.269582321772619e-08,typ,0.016876874712194012,1.2338144124252592e-11,True,0.0004023017319211015,0.53125,1.08,2.910774461589158e-18,-0.0005822669666336917,4.680487889231146e-09,True,False,57,1.0625,662,5.269582321772619e-06,0.0005269582321772618,5.269582321772619e-06,5.269582321772619e-06,0.0,2.250621938461157,0.6841070362088914,-0.2965956869564656,-0.2965956869564656,0.49998962605845837,0.6324129142088138,0.0,0.06632442868515534,0.06632442868515534,True,0.00023413893874044654,0.0002754318187860791,success,0.9999792521169185,0.020975173805777715,0.5,1.102184234319425e-14,0.01,"[0.005, 0.0075, 0.01, 0.015, 0.02, 0.03, 0.05, 0.08]",0.0003122368573350372,0.00028998149400760986,False,-2.910774461589158e-20,9.822313007450713e-05,True,success,-3.648648035835889e-17,5.473728413004692e-17,0.0002250621938461157,-5.473728413004692e-19,0.0
0.5580941654345986,-1.1113072252886779e-18,0.0003619014950500388,0.0002079027936387122,1.3731198168386156e-22,8.679809773107181e-08,typ,0.024126766336669256,1.8045567000815796e-11,True,0.0003725227865029091,0.53125,1.08,1.3275026499315837e-16,-0.0004797605916836683,4.680487889231146e-09,True,False,57,1.0625,662,5.786539848738121e-06,0.00038576932324920805,5.786539848738121e-06,5.786539848738121e-06,0.0,1.8555273668885253,0.5640126872816872,-0.2965956869564656,-0.2965956869564656,0.49998962605845837,0.6324129142088138,0.0,0.06632442868515534,0.06632442868515534,True,0.0002079027936387122,0.0002754318187860791,success,0.9999792521169185,0.020975173805777715,0.5,1.102184234319425e-14,0.015,"[0.005, 0.0075, 0.01, 0.015, 0.02, 0.03, 0.05, 0.08]",0.00023983901398105732,0.0006484595565843611,False,-1.9912539748973756e-18,0.0002019751128494849,True,success,3.2323856400977836e-17,-4.4030827830843096e-17,0.00041749365754991817,6.604624174626463e-19,0.0
0.5410995513287667,-1.1321538915617035e-18,0.0006287047844275173,0.00018582141982542767,5.293979538177775e-23,1.1823604064132557e-07,typ,0.031435239221375866,2.1970788946508087e-11,True,0.00034341447774094425,0.53125,1.08,1.046160441993989e-16,-0.0003408902813553737,4.680487889231146e-09,True,False,57,1.0625,662,5.911802032066278e-06,0.0002955901016033139,5.911802032066278e-06,5.911802032066278e-06,0.0,1.5907213596850667,0.48352131302531964,-0.2965956869564656,-0.2965956869564656,0.49998962605845837,0.6324129142088138,0.0,0.06632442868515534,0.06632442868515534,True,0.00018582141982542767,0.0002754318187860791,success,0.9999792521169185,0.020975173805777715,0.5,1.102184234319425e-14,0.02,"[0.005, 0.0075, 0.01, 0.015, 0.02, 0.03, 0.05, 0.08]",0.0001880628930619453,0.0011619022467928872,False,-2.092320883987978e-18,0.00034019187677197864,True,success,1.1294302937169227e-17,-1.42448043480436e-17,0.0006362885438740267,2.84896086960872e-19,0.0
0.519639633286499,-4.988567090730784e-19,0.0013879579150142542,0.00015266691062333548,3.171707541998443e-23,1.7390358545791813e-07,typ,0.046265263833808475,2.654932313818157e-11,True,0.00029379381564447344,0.53125,1.08,3.200017070278894e-17,4.7417348815165144e-05,4.680487889231146e-09,True,False,57,1.0625,662,5.7967861819306045e-06,0.0001932262060643535,5.7967861819306045e-06,5.7967861819306045e-06,0.0,1.2656718163445855,0.38471809960434283,-0.2965956869564656,-0.2965956869564656,0.4999896260584584,0.6324129142088138,0.0,0.06632442868515534,0.06632442868515534,True,0.00015266691062333548,0.0002754318187860791,success,0.9999792521169185,0.020975173805777715,0.5,1.102184234319425e-14,0.03,"[0.005, 0.0075, 0.01, 0.015, 0.02, 0.03, 0.05, 0.08]",0.00012529456662677856,0.002671000874656178,False,-9.600051210836682e-19,0.0007212379419751008,True,success,6.155543548971395e-18,-6.925114571429688e-18,0.0011391046347101268,2.0775343714289062e-19,0.0
0.4988255714157788,4.087909017160432e-18,0.003817455745821784,0.00011271113629372804,-9.349921380012359e-23,2.6671777524907244e-07,typ,0.07634911491643567,3.0062063518058125e-11,True,0.0002259530039204457,0.53125,1.08,-1.6390134152738116e-16,0.0012729879525073577,4.680487889231146e-09,True,False,57,1.0625,662,5.334355504981448e-06,0.00010668711009962896,5.334355504981448e-06,5.334355504981448e-06,0.0,0.9465534073012952,0.2877177348253652,-0.2965956869564656,-0.2965956869564656,0.4999896260584584,0.6324129142088138,0.0,0.06632442868515534,0.06632442868515534,True,0.00011271113629372804,0.0002754318187860791,success,0.9999792521169185,0.020975173805777715,0.5,1.102184234319425e-14,0.05,"[0.005, 0.0075, 0.01, 0.015, 0.02, 0.03, 0.05, 0.08]",6.98679416365195e-05,0.007652887030203742,False,8.195067076369058e-18,0.0019042445437639996,True,success,-1.705291255360515e-17,1.659094511414778e-17,0.0023663835182532386,-8.29547255707389e-19,0.0
0.48571611900718603,8.635211110323718e-18,0.009743461302897636,8.156815169065682e-05,6.648423272853876e-23,3.738674235034584e-07,typ,0.12179326628622045,3.049567471252513e-11,True,0.00016793379609757205,0.53125,1.08,-2.2222885890564716e-16,0.0042448251440855575,4.680487889231146e-09,True,False,57,1.0625,662,4.67334279379323e-06,5.841678492241537e-05,4.67334279379323e-06,4.67334279379323e-06,0.0,0.716171492324089,0.21769002987952837,-0.2965956869564656,-0.2965956869564656,0.49998962605845837,0.6324129142088138,0.0,0.06632442868515534,0.06632442868515534,True,8.156815169065682e-05,0.0002754318187860791,success,0.9999792521169185,0.020975173805777715,0.5,1.102184234319425e-14,0.08,"[0.005, 0.0075, 0.01, 0.015, 0.02, 0.03, 0.05, 0.08]",3.83711098018394e-05,0.020059991673353306,False,1.7778308712451773e-17,0.00473255620974014,True,success,1.2039252910057679e-17,-1.0188448455451847e-17,0.004583497550874171,8.150758764361478e-19,0.0
0.415664233141955,-1.9499981609719217e-19,3.4312492434028897e-05,0.011657418304923077,-5.988862759685646e-21,9.66449187239818e-07,arith,0.00686249848680578,1.1266302446107486e-08,True,0.028045276392452825,0.53125,1.04,9.382564125049321e-17,-0.019330479103288115,4.848383460749317e-09,True,False,58,1.0625,969,0.00019328983744796362,0.03865796748959272,0.00019328983744796362,0.00019328983744796362,0.0,3.316168853035579,1.0079944600422555,-3.117386856385133e-06,-3.117386856385133e-06,0.4999897681407212,0.4151347984475811,0.0,0.24908204876953832,0.4151347984475811,True,0.011657418304923077,0.011625210479830044,success,0.9999795362814425,0.9999795362814425,0.5,4.119557698209601e-15,0.005,"[0.005, 0.0075, 0.01, 0.015, 0.02, 0.03, 0.05, 0.08]",0.028166102742258288,8.254858055663094e-05,False,-4.69128206252466e-19,1.4262475854779754e-05,True,success,-5.642267315969473e-17,1.0274766853234516e-16,8.290422132588948e-05,-5.137383426617258e-19,0.0
0.4162435693043562,1.4505439221729893e-19,7.757040526632437e-05,0.011692841355046142,-8.368586257198981e-21,2.197138189939701e-06,arith,0.010342720702176582,2.5690788290078162e-08,True,0.028091344148782196,0.53125,1.04,-4.646458721583614e-17,-0.019308980752276515,4.848383460749317e-09,True,False,58,1.0625,969,0.0002929517586586268,0.03906023448781691,0.0002929517586586268,0.0002929517586586268,0.0,3.340525480657457,1.0153979870628085,-3.117386856385133e-06,-3.117386856385133e-06,0.49998976814072127,0.4151347984475811,0.0,0.24908204876953832,0.4151347984475811,True,0.011692841355046142,0.011625210479830044,success,0.9999795362814425,0.9999795362814425,0.5,4.119557698209601e-15,0.0075,"[0.005, 0.0075, 0.01, 0.015, 0.02, 0.03, 0.05, 0.08]",0.028324438713401238,0.00018635820703720012,False,3.48484404118771e-19,3.2288182360440286e-05,True,success,-5.2211164748949665e-17,9.542689129860864e-17,0.00018790455828698196,-7.157016847395649e-19,0.0
0.4169518026675232,-8.046812998915853e-21,0.00013861999395928343,0.011736349273208208,5.915995740979254e-21,3.950552278063023e-06,arith,0.013861999395928344,4.6365061357415996e-08,True,0.0281479758526593,0.53125,1.04,1.9299144283427815e-18,-0.01927873282467305,4.848383460749317e-09,True,False,58,1.0625,969,0.0003950552278063023,0.03950552278063023,0.0003950552278063023,0.0003950552278063023,0.0,3.36608274523779,1.0231664639566278,-3.117386856385133e-06,-3.117386856385133e-06,0.49998976814072127,0.4151347984475811,0.0,0.24908204876953832,0.4151347984475811,True,0.011736349273208208,0.011625210479830044,success,0.9999795362814425,0.9999795362814425,0.5,4.119557698209601e-15,0.01,"[0.005, 0.0075, 0.01, 0.015, 0.02, 0.03, 0.05, 0.08]",0.02849915199984362,0.0003324604740222669,False,-1.9299144283427816e-20,5.7797856367084405e-05,True,success,2.7474666739344764e-17,-5.040746149643242e-17,0.00033660827452377905,5.040746149643242e-19,0.0
0.41857507413254774,-1.897353789687094e-19,0.0003150808863508164,0.01183675066207676,5.92923066648337e-21,9.088726084267668e-06,arith,0.02100539242338776,1.0758098449538964e-07,True,0.028278680202367915,0.53125,1.04,3.02192510884562e-17,-0.019191617677774303,4.848383460749317e-09,True,False,58,1.0625,969,0.0006059150722845112,0.04039433815230075,0.0006059150722845112,0.0006059150722845112,0.0,3.412620516010224,1.0373122500128442,-3.117386856385133e-06,-3.117386856385133e-06,0.49998976814072116,0.4151347984475811,0.0,0.24908204876953832,0.4151347984475811,True,0.01183675066207676,0.011625210479830044,success,0.9999795362814425,0.9999795362814425,0.5,4.119557698209601e-15,0.015,"[0.005, 0.0075, 0.01, 0.015, 0.02, 0.03, 0.05, 0.08]",0.028845691623922014,0.0007527464147352491,False,-4.53288766326843e-19,0.00013188500536204183,True,success,1.8077176110773827e-17,-3.3394472496464024e-17,0.0007678396161023003,5.009170874469604e-19,0.0
0.42028770245914177,1.6776318857081767e-19,0.000565165337271556,0.011943525968284784,1.5031632197458363e-22,1.6476873573850176e-05,arith,0.0282582668635778,1.967919674054249e-07,True,0.028417500436967634,0.53125,1.04,-1.9958136722680667e-17,-0.01906849670108044,4.848383460749317e-09,True,False,58,1.0625,969,0.0008238436786925088,0.04119218393462544,0.0008238436786925088,0.0008238436786925088,0.0,3.448913163835241,1.04834389211828,-3.117386856385133e-06,-3.117386856385133e-06,0.4999897681407212,0.4151347984475811,0.0,0.24908204876953832,0.4151347984475811,True,0.011943525968284784,0.011625210479830044,success,0.9999795362814425,0.9999795362814425,0.5,4.119557698209601e-15,0.02,"[0.005, 0.0075, 0.01, 0.015, 0.02, 0.03, 0.05, 0.08]",0.029154076669661733,0.0013447106207598318,False,3.9916273445361336e-19,0.00023753204111140824,True,success,3.388460730446317e-19,-6.292795041168677e-19,0.0013795652655340966,1.2585590082337354e-20,0.0
0.42356641252177424,-1.6357184273922153e-18,0.001289075152749821,0.01214995235778243,5.8368256269060816e-21,3.8199294748781946e-05,arith,0.04296917175832737,4.6411961129858925e-07,True,0.02868488151703445,0.53125,1.04,1.2872585258855388e-16,-0.018712533003335727,4.848383460749317e-09,True,False,58,1.0625,969,0.0012733098249593981,0.04244366083197994,0.0012733098249593981,0.0012733098249593981,0.0,3.4933191161686676,1.061841683071844,-3.117386856385133e-06,-3.117386856385133e-06,0.4999897681407212,0.4151347984475811,0.0,0.24908204876953832,0.4151347984475811,True,0.01214995235778243,0.011625210479830044,success,0.9999795362814425,0.9999795362814425,0.5,4.119557698209601e-15,0.03,"[0.005, 0.0075, 0.01, 0.015, 0.02, 0.03, 0.05, 0.08]",0.029633101427249002,0.0030433837873855346,False,-3.861775577656616e-18,0.0005460089379211999,True,success,8.567650838665917e-18,-1.601330182217384e-17,0.003143987204551801,4.803990546652151e-19,0.0
0.4288731616222293,5.422764170943507e-19,0.0036364708705020577,0.012489121104648216,-4.121149297889383e-21,0.0001098129732535591,arith,0.07272941741004116,1.371467521825195e-06,True,0.029120780273140974,0.53125,1.04,-2.5288428636717167e-17,-0.01755590829838066,4.848383460749317e-09,True,False,58,1.0625,969,0.002196259465071182,0.04392518930142364,0.002196259465071182,0.002196259465071182,0.0,3.517076096337596,1.069062939123294,-3.117386856385133e-06,-3.117386856385133e-06,0.4999897681407212,0.4151347984475811,0.0,0.24908204876953832,0.4151347984475811,True,0.012489121104648216,0.011625210479830044,success,0.9999795362814425,0.9999795362814425,0.5,4.119557698209601e-15,0.05,"[0.005, 0.0075, 0.01, 0.015, 0.02, 0.03, 0.05, 0.08]",0.030197677133709067,0.008479129019747858,False,1.2644214318358584e-18,0.001559584759379358,True,success,-3.519051190373003e-18,6.599582570074636e-18,0.008792690240843991,-3.2997912850373183e-19,0.0
0.43413150208981716,-2.060755833357864e-18,0.009387803053758668,0.012832705642664609,-4.440474873646132e-20,0.0002869255736783314,arith,0.11734753817198335,3.682031428366703e-06,True,0.029559489649773583,0.53125,1.04,5.933558793354725e-17,-0.014703763784244006,4.848383460749317e-09,True,False,58,1.0625,969,0.0035865696709791424,0.04483212088723928,0.0035865696709791424,0.0035865696709791424,0.0,3.493582891684738,1.0619218612143564,-3.117386856385133e-06,-3.117386856385133e-06,0.4999897681407212,0.4151347984475811,0.0,0.24908204876953832,0.4151347984475811,True,0.012832705642664609,0.011625210479830044,success,0.9999795362814425,0.9999795362814425,0.5,4.119557698209601e-15,0.08,"[0.005, 0.0075, 0.01, 0.015, 0.02, 0.03, 0.05, 0.08]",0.030563654993108615,0.02162433043574993,False,-4.7468470346837806e-18,0.004075541041051623,True,success,-2.3141189108403524e-17,4.3253494209387386e-17,0.022358930506782324,-3.4602795367509908e-18,0.0
0.11820518130814253,-1.8235004542733018e-18,2.7984234396224078e-05,8.413428313875156e-07,-2.700247212744367e-25,1.1193586705942526e-10,typ,0.005596846879244816,9.417643932559339e-17,True,7.117647653652894e-06,0.53125,1.04,3.0853139161805766e-15,-0.0004668955396016062,4.760622124733453e-09,True,False,59,1.0625,691,2.2387173411885053e-08,4.477434682377011e-06,2.2387173411885053e-08,2.2387173411885053e-08,0.0,5.321771952335969,1.6176246998558255,-0.338056521583269,-0.338056521583269,0.4999897755043486,0.020486359219337398,0.0,0.003245901912549485,0.003245901912549485,True,8.413428313875156e-07,6.584953046901252e-07,success,0.9999795510086962,0.019554616646023194,0.5,1.9083671277464728e-14,0.005,"[0.005, 0.0075, 0.01, 0.015, 0.02, 0.03, 0.05, 0.08]",3.9999617454079364e-06,0.00023674287443689569,False,-1.5426569580902884e-17,3.3078815005752255e-06,True,success,-2.7824821904706865e-17,6.41889872239407e-17,0.00013304429880839922,-3.209449361197035e-19,0.0
0.19515989615830764,-1.2058043399757e-18,7.735406055555175e-05,1.0340881448984222e-06,2.3163480532185614e-24,3.528197472242776e-10,typ,0.010313874740740234,3.6484671789068346e-16,True,5.298671321589565e-06,0.53125,1.04,8.238060952151009e-16,-0.0004469382920881622,4.760622124733453e-09,True,False,59,1.0625,691,4.7042632963237015e-08,6.272351061764936e-06,4.7042632963237015e-08,4.7042632963237015e-08,0.0,6.065586471239416,1.8437172022527852,-0.338056521583269,-0.338056521583269,0.4999897755043486,0.020486359219337398,0.0,0.003245901912549485,0.003245901912549485,True,1.0340881448984222e-06,6.584953046901252e-07,success,0.9999795510086962,0.019554616646023194,0.5,1.9083671277464728e-14,0.0075,"[0.005, 0.0075, 0.01, 0.015, 0.02, 0.03, 0.05, 0.08]",4.561101830858645e-06,0.0003963624806031078,False,-6.178545714113256e-18,1.5096410425444921e-05,True,success,1.2126866453142307e-16,-2.9866545576358576e-16,0.00034118923900721716,2.2399909182268933e-18,0.0
0.24997517650407292,5.836057006582129e-19,0.00014725919156689444,1.2457450079801542e-06,2.248897290378544e-24,8.145186595532085e-10,typ,0.014725919156689443,1.0146825540450964e-15,True,4.983474860992275e-06,0.53125,1.04,-2.334654619790634e-16,-0.00041558680569970976,4.760622124733453e-09,True,False,59,1.0625,691,8.145186595532085e-08,8.145186595532085e-06,8.145186595532085e-08,8.145186595532085e-08,0.0,6.538405968600794,1.9874370956182754,-0.338056521583269,-0.338056521583269,0.4999897755043486,0.020486359219337398,0.0,0.003245901912549485,0.003245901912549485,True,1.2457450079801542e-06,6.584953046901252e-07,success,0.9999795510086962,0.019554616646023194,0.5,1.9083671277464728e-14,0.01,"[0.005, 0.0075, 0.01, 0.015, 0.02, 0.03, 0.05, 0.08]",5.531190623053249e-06,0.0005890952598827152,False,2.3346546197906337e-18,3.681114240378152e-05,True,success,7.059997129672705e-17,-1.8052629358113155e-16,0.0006538405968600795,1.8052629358113156e-18,0.0
0.31663838487083523,4.174178365844427e-18,0.00034608356397278553,1.7001084229050262e-06,-4.1359030627011165e-24,2.75411032334839e-09,typ,0.0230722375981857,4.682286158334284e-15,True,5.369242972858591e-06,0.53125,1.04,-8.788528839814499e-16,-0.0003209195952904672,4.760622124733453e-09,True,False,59,1.0625,691,1.8360735488989268e-07,1.2240490325992846e-05,1.8360735488989268e-07,1.8360735488989268e-07,0.0,7.199829235053817,2.18848566035508,-0.338056521583269,-0.338056521583269,0.4999897755043486,0.020486359219337398,0.0,0.003245901912549485,0.003245901912549485,True,1.7001084229050262e-06,6.584953046901252e-07,success,0.9999795510086962,0.019554616646023194,0.5,1.9083671277464728e-14,0.015,"[0.005, 0.0075, 0.01, 0.015, 0.02, 0.03, 0.05, 0.08]",7.957934470314693e-06,0.0010929930814103973,False,1.3182793259721747e-17,0.00010958334072668519,True,success,-6.044235470087548e-17,1.6218193330022938e-16,0.0016199615778871087,-2.4327289995034404e-18,0.0
0.3541694434170753,5.8618108430077604e-18,0.0006232892972064877,2.191197376208687e-06,1.65461586162792e-24,6.748651752530111e-09,typ,0.031164464860324384,1.4787628013090137e-14,True,6.1868617322480296e-06,0.53125,1.04,-8.275432779367139e-16,-0.00018526894570837873,4.760622124733453e-09,True,False,59,1.0625,691,3.374325876265055e-07,1.6871629381325277e-05,3.374325876265055e-07,3.374325876265055e-07,0.0,7.699730551210026,2.340437439527009,-0.338056521583269,-0.338056521583269,0.49998977550434864,0.020486359219337398,0.0,0.003245901912549485,0.003245901912549485,True,2.191197376208687e-06,6.584953046901252e-07,success,0.9999795510086962,0.019554616646023194,0.5,1.9083671277464728e-14,0.02,"[0.005, 0.0075, 0.01, 0.015, 0.02, 0.03, 0.05, 0.08]",1.0827478961658425e-05,0.0017598618649675342,False,1.655086555873428e-17,0.00022075002347944175,True,success,1.3606546953451274e-17,-3.775597487458693e-17,0.0030798922204840107,7.551194974917387e-19,0.0
0.3941424820379846,9.568117417729976e-18,0.001413443944240595,3.285339117274364e-06,-7.613867241362246e-24,2.4706068462375538e-08,typ,0.047114798141353165,8.116781315350085e-14,True,8.335409825114328e-06,0.53125,1.04,-8.091927711231317e-16,0.00020627475245430624,4.760622124733453e-09,True,False,59,1.0625,691,8.235356154125179e-07,2.7451187180417266e-05,8.235356154125179e-07,8.235356154125179e-07,0.0,8.355663205688112,2.53981705835115,-0.338056521583269,-0.338056521583269,0.4999897755043486,0.020486359219337398,0.0,0.003245901912549485,0.003245901912549485,True,3.285339117274364e-06,6.584953046901252e-07,success,0.9999795510086962,0.019554616646023194,0.5,1.9083671277464728e-14,0.03,"[0.005, 0.0075, 0.01, 0.015, 0.02, 0.03, 0.05, 0.08]",1.7479340841952837e-05,0.003586124329790914,False,2.4275783133693948e-17,0.0005570983044045467,True,success,-2.6724733147957912e-17,7.725095207907574e-17,0.0075200968851193,-2.317528562372272e-18,0.0
0.427589859814119,9.574522764532145e-18,0.0039384548488220015,5.806411105659389e-06,2.472043354574989e-23,1.2105275960076756e-07,typ,0.07876909697644002,7.02882087716613e-13,True,1.3579393833575801e-05,0.53125,1.04,-4.478367550013632e-16,0.0014653667513022477,4.760622124733453e-09,True,False,59,1.0625,691,2.421055192015351e-06,4.8421103840307016e-05,2.421055192015351e-06,2.421055192015351e-06,0.0,8.339248282491049,2.534827520007976,-0.338056521583269,-0.338056521583269,0.4999897755043487,0.020486359219337398,0.0,0.003245901912549485,0.003245901912549485,True,5.806411105659389e-06,6.584953046901252e-07,success,0.9999795510086962,0.019554616646023194,0.5,1.9083671277464728e-14,0.05,"[0.005, 0.0075, 0.01, 0.015, 0.02, 0.03, 0.05, 0.08]",3.073610444892485e-05,0.009210823779904693,False,2.2391837750068165e-17,0.0016840433566920369,True,success,2.9485931018472337e-17,-8.51487540097028e-17,0.020848120706227626,4.257437700485141e-18,0.0
0.44684355567355166,1.3138477896494134e-17,0.010088284928556762,9.491889949100097e-06,-2.2229071213549747e-23,4.0351003855671455e-07,typ,0.1261035616069595,3.8300728793374715e-12,True,2.1242087591019308e-05,0.53125,1.04,-3.6753573285536673e-16,0.004538816474000878,4.760622124733453e-09,True,False,59,1.0625,691,5.0438754819589315e-06,6.304844352448664e-05,5.0438754819589315e-06,5.0438754819589315e-06,0.0,6.642348769589781,2.019031918500188,-0.338056521583269,-0.338056521583269,0.49998977550434875,0.020486359219337398,0.0,0.003245901912549485,0.003245901912549485,True,9.491889949100097e-06,6.584953046901252e-07,success,0.9999795510086962,0.019554616646023194,0.5,1.9083671277464728e-14,0.08,"[0.005, 0.0075, 0.01, 0.015, 0.02, 0.03, 0.05, 0.08]",3.999788283283956e-05,0.02257677166978528,False,2.940285862842934e-17,0.0045078851081242054,True,success,-1.1358416722458837e-17,2.927376862346738e-17,0.042511032125374604,-2.3419014898773907e-18,0.0
0.26251474090110943,1.9054961025105102e-19,2.368863463935269e-05,0.004456324300994971,1.869164843667018e-21,4.453464704799464e-07,arith,0.0047377269278705385,1.9846082987621247e-09,True,0.016975520253446227,0.5625,1.04,-1.451725031493237e-16,-0.017340208402983528,4.843289217050668e-09,True,False,60,1.125,967,8.906929409598927e-05,0.017813858819197854,8.906929409598927e-05,8.906929409598927e-05,0.0,3.9974332243325565,1.2150739974617442,-3.408264164374476e-06,-3.408264164374476e-06,0.49998974472270014,0.24741114747944448,0.0,0.1336058805749633,0.24741114747944448,True,0.004456324300994971,0.003925850546911993,success,0.9999794894454003,0.9999794894454003,0.5,3.688724952457558e-15,0.005,"[0.005, 0.0075, 0.01, 0.015, 0.02, 0.03, 0.05, 0.08]",0.018800005878773424,9.023735032188655e-05,False,7.258625157466185e-19,6.2186157846507175e-06,True,success,4.195755788878264e-17,-8.388818754728808e-17,9.993583060831392e-05,4.194409377364404e-19,0.0
0.2716884283619486,-1.3028425519955207e-19,5.671768849990016e-05,0.0048035365341373235,-4.488695594019005e-21,1.1435966159657267e-06,arith,0.007562358466653355,5.493308125107179e-09,True,0.017680313302626045,0.5625,1.04,6.393807101517275e-17,-0.017324881009060947,4.843289217050668e-09,True,False,60,1.125,967,0.00015247954879543023,0.020330606506057364,0.00015247954879543023,0.00015247954879543023,0.0,4.232424664947111,1.2865028301883983,-3.408264164374476e-06,-3.408264164374476e-06,0.4999897447227002,0.24741114747944448,0.0,0.1336058805749633,0.24741114747944448,True,0.0048035365341373235,0.003925850546911993,success,0.9999794894454003,0.9999794894454003,0.5,3.688724952457558e-15,0.0075,"[0.005, 0.0075, 0.01, 0.015, 0.02, 0.03, 0.05, 0.08]",0.02016296231761525,0.00020876004488619497,False,-4.795355326137955e-19,1.540953964886044e-05,True,success,-6.056241353753648e-17,1.2459419047110155e-16,0.00023807388740327494,-9.344564285332616e-19,0.0
0.28014576662655005,-9.317362419797304e-21,0.00010585031778485264,0.005137624447901644,2.21022659674169e-21,2.2537096437837414e-06,arith,0.010585031778485264,1.1578713764375055e-08,True,0.01833911149102026,0.5625,1.04,3.3258979894627026e-18,-0.01730223226979169,4.843289217050668e-09,True,False,60,1.125,967,0.00022537096437837413,0.02253709643783741,0.00022537096437837413,0.00022537096437837413,0.0,4.386676501246061,1.3333897660868397,-3.408264164374476e-06,-3.408264164374476e-06,0.49998974472270014,0.24741114747944448,0.0,0.1336058805749633,0.24741114747944448,True,0.005137624447901644,0.003925850546911993,success,0.9999794894454003,0.9999794894454003,0.5,3.688724952457558e-15,0.01,"[0.005, 0.0075, 0.01, 0.015, 0.02, 0.03, 0.05, 0.08]",0.021291477351674526,0.00037784014750419923,False,-3.325897989462703e-20,2.965351842350149e-05,True,success,2.054029334785875e-17,-4.302040017044085e-17,0.0004386676501246062,4.3020400170440857e-19,0.0
0.2948804082656654,-5.421010850106146e-19,0.00025568916840887525,0.005749062677707912,-7.199780015255916e-21,5.891913312883503e-06,arith,0.017045944560591685,3.3872978927388926e-08,True,0.019496251756842494,0.5625,1.04,1.2255840442774157e-16,-0.017233348729894345,4.843289217050668e-09,True,False,60,1.125,967,0.0003927942208589002,0.026186281390593348,0.0003927942208589002,0.0003927942208589002,0.0,4.554878396461235,1.3845170114290974,-3.408264164374476e-06,-3.408264164374476e-06,0.49998974472270014,0.24741114747944448,0.0,0.1336058805749633,0.24741114747944448,True,0.005749062677707912,0.003925850546911993,success,0.9999794894454003,0.9999794894454003,0.5,3.688724952457558e-15,0.015,"[0.005, 0.0075, 0.01, 0.015, 0.02, 0.03, 0.05, 0.08]",0.02304326518619546,0.0008670944601328625,False,-1.8383760664161236e-18,7.539772636951762e-05,True,success,-3.911943116268347e-17,8.34893201306616e-17,0.001024847639203778,-1.2523398019599239e-18,0.0
0.3072016520410704,5.203482086583628e-21,0.0004776051786992604,0.006286983495024005,3.54159664928606e-21,1.1623477432553929e-05,arith,0.023880258934963018,7.307661077325054e-08,True,0.0204653310073459,0.5625,1.04,-8.4691635803572505e-19,-0.01713115588597799,4.843289217050668e-09,True,False,60,1.125,967,0.0005811738716276965,0.029058693581384826,0.0005811738716276965,0.0005811738716276965,0.0,4.622040697956989,1.4049319030801775,-3.408264164374476e-06,-3.408264164374476e-06,0.49998974472270014,0.24741114747944448,0.0,0.1336058805749633,0.24741114747944448,True,0.006286983495024005,0.003925850546911993,success,0.9999794894454003,0.9999794894454003,0.5,3.688724952457558e-15,0.02,"[0.005, 0.0075, 0.01, 0.015, 0.02, 0.03, 0.05, 0.08]",0.02433700041572001,0.0015546959969974653,False,1.69383271607145e-20,0.00014672109991978346,True,success,1.310116449595431e-17,-2.816610423813859e-17,0.0018488162791827957,5.633220847627718e-19,0.0
0.3266674058145286,-2.5370896918599385e-19,0.0011457152476009706,0.0071823326164982505,-4.9953916007967014e-21,2.9911397824739912e-05,arith,0.03819050825336569,2.148336082016843e-07,True,0.021986682750271547,0.5625,1.04,2.5888611747003393e-17,-0.016821337168311547,4.843289217050668e-09,True,False,60,1.125,967,0.000997046594157997,0.033234886471933234,0.000997046594157997,0.000997046594157997,0.0,4.627310965185697,1.4065338722213498,-3.408264164374476e-06,-3.408264164374476e-06,0.4999897447227002,0.24741114747944448,0.0,0.1336058805749633,0.24741114747944448,True,0.0071823326164982505,0.003925850546911993,success,0.9999794894454003,0.9999794894454003,0.5,3.688724952457558e-15,0.03,"[0.005, 0.0075, 0.01, 0.015, 0.02, 0.03, 0.05, 0.08]",0.026107183165600536,0.0035072836383666373,False,-7.766583524101018e-19,0.0003742678277359594,True,success,-1.0777509838326562e-17,2.3183701208351106e-17,0.004164579868667128,-6.955110362505332e-19,0.0
0.35302585601262004,6.538286948714819e-19,0.0033957247589192167,0.008475669429842736,-3.074705436220046e-20,9.515636469687773e-05,arith,0.06791449517838433,8.065138913162931e-07,True,0.02400863643692927,0.5625,1.04,-3.704140553648901e-17,-0.015761660603719436,4.843289217050668e-09,True,False,60,1.125,967,0.0019031272939375545,0.03806254587875109,0.001903127293937554,0.0019031272939375545,0.0,4.4908011330330195,1.3650398589037713,-3.408264164374476e-06,-3.408264164374476e-06,0.49998974472270014,0.24741114747944448,0.0,0.1336058805749633,0.24741114747944448,True,0.008475669429842736,0.003925850546911993,success,0.9999794894454003,0.9999794894454003,0.5,3.688724952457558e-15,0.05,"[0.005, 0.0075, 0.01, 0.015, 0.02, 0.03, 0.05, 0.08]",0.028022402124006033,0.00961891232918029,False,1.8520702768244507e-18,0.0011987786398007043,True,success,-3.423714874761209e-17,7.255368939694705e-17,0.01122700283258255,-3.627684469847353e-18,2.2787801445321066e-16
0.3766432245699324,1.7302002068678644e-18,0.009043368808547083,0.009706493280205513,9.404358424152326e-20,0.00026491167983839646,arith,0.11304211010683854,2.5713634401993496e-06,True,0.02577105506487953,0.5625,1.04,-5.742172213649544e-17,-0.013047054376703173,4.843289217050668e-09,True,False,60,1.125,967,0.0033113959979799556,0.041392449974749446,0.0033113959979799556,0.0033113959979799556,0.0,4.264408245062222,1.296224672771546,-3.408264164374476e-06,-3.408264164374476e-06,0.4999897447227001,0.24741114747944448,0.0,0.1336058805749633,0.24741114747944448,True,0.009706493280205513,0.003925850546911993,success,0.9999794894454003,0.9999794894454003,0.5,3.688724952457558e-15,0.08,"[0.005, 0.0075, 0.01, 0.015, 0.02, 0.03, 0.05, 0.08]",0.029293472979673538,0.024010438044845213,False,4.5937377709196345e-18,0.003406123589026321,True,success,5.86472213462386e-17,-1.2110911418610193e-16,0.027292212768398223,9.688729134888155e-18,0.0
0.0024313429855593836,-4.688844867923281e-20,6.969183367097736e-07,5.0968839326265785e-08,-2.798168516909451e-26,4.5199176643455755e-12,typ,0.0001393836673419547,2.3037495720198017e-19,True,2.0963245263620955e-05,0.5625,1.04,3.856999934416501e-15,-0.0002376341695656428,4.641641729843437e-09,True,False,61,1.125,553,9.039835328691151e-10,1.8079670657382302e-07,9.039835328691151e-10,9.039835328691151e-10,0.0,3.547200779215174,1.0782197447013129,-1.216048874911596,-1.216048874911596,0.4999898589543163,0.0020794695177685134,0.0,0.000894104298351792,0.000894104298351792,True,5.0968839326265785e-08,4.9963922446204666e-08,success,0.9999797179086315,0.010227111898049071,0.5,3.9318206370447646e-14,0.005,"[0.005, 0.0075, 0.01, 0.015, 0.02, 0.03, 0.05, 0.08]",6.48557718496057e-06,0.0002866392528117263,False,-1.9284999672082504e-17,1.6944475094670206e-09,True,success,-5.829834582401004e-17,1.0979918530212518e-16,8.868001948037936e-05,-5.489959265106259e-19,0.0
0.005865956485468956,-7.053137472668152e-19,9.252487808558164e-06,5.264632708689495e-08,-7.030328387329657e-27,1.2060348019941495e-11,typ,0.0012336650411410885,6.349330266396258e-19,True,8.974892196576893e-06,0.5625,1.04,1.6031798599574934e-14,-0.0002362442567033348,4.641641729843437e-09,True,False,61,1.125,553,1.608046402658866e-09,2.1440618702118213e-07,1.608046402658866e-09,1.608046402658866e-09,0.0,4.072576357839662,1.2379147711503464,-1.216048874911596,-1.216048874911596,0.4999898589543163,0.0020794695177685134,0.0,0.000894104298351792,0.000894104298351792,True,5.264632708689495e-08,4.9963922446204666e-08,success,0.9999797179086315,0.010227111898049071,0.5,3.9318206370447646e-14,0.0075,"[0.005, 0.0075, 0.01, 0.015, 0.02, 0.03, 0.05, 0.08]",1.303470836112443e-06,0.0015773195439615455,False,-1.20238489496812e-16,5.427469086733421e-08,True,success,-8.822906004909465e-18,1.7805175976729414e-17,0.00022908242012848094,-1.335388198254706e-19,0.0
0.016454051788712995,-2.8697476252975695e-18,4.012550967174577e-05,5.570170936343529e-08,-9.81469183839774e-26,2.720932426071492e-11,typ,0.0040125509671745776,1.5156058719458113e-18,True,3.3852883216062963e-06,0.5625,1.04,1.744097844195515e-14,-0.000230025394886529,4.641641729843437e-09,True,False,61,1.125,553,2.720932426071492e-09,2.720932426071492e-07,2.720932426071492e-09,2.720932426071492e-09,0.0,4.884827516366338,1.4848095175406952,-1.216048874911596,-1.216048874911596,0.49998985895431625,0.0020794695177685134,0.0,0.000894104298351792,0.000894104298351792,True,5.570170936343529e-08,4.9963922446204666e-08,success,0.9999797179086315,0.010227111898049071,0.5,3.9318206370447646e-14,0.01,"[0.005, 0.0075, 0.01, 0.015, 0.02, 0.03, 0.05, 0.08]",6.781053869048862e-07,0.0024386400496971034,False,-1.744097844195515e-16,6.602272141874091e-07,True,success,-7.972298083707359e-17,1.7620090928197754e-16,0.0004884827516366338,-1.7620090928197755e-18,0.0
0.05671397443186445,-1.1709383461636397e-17,0.0001934743218861589,6.653739001347674e-08,-6.46234852621777e-26,1.0004123319347754e-10,typ,0.012898288125743928,6.65648255042359e-18,True,1.1732097896509447e-06,0.5625,1.04,1.3764254258832242e-14,-0.00018891148369732614,4.641641729843437e-09,True,False,61,1.125,553,6.669415546231836e-09,4.446277030821224e-07,6.669415546231836e-09,6.669415546231836e-09,0.0,6.682373669782747,2.031198029288341,-1.216048874911596,-1.216048874911596,0.49998985895431625,0.0020794695177685134,0.0,0.000894104298351792,0.000894104298351792,True,6.653739001347674e-08,4.9963922446204666e-08,success,0.9999797179086315,0.010227111898049071,0.5,3.9318206370447646e-14,0.015,"[0.005, 0.0075, 0.01, 0.015, 0.02, 0.03, 0.05, 0.08]",5.170775750403829e-07,0.0034114047520791696,False,-2.0646381388248363e-16,1.0972697744673928e-05,True,success,-2.504770718860114e-17,6.47490433565134e-17,0.0015035340757011178,-9.71235650347701e-19,0.0
0.10572333972500939,-2.0919754029457736e-17,0.00046023304180149716,8.317086404687975e-08,1.5547110058550544e-25,2.7309469328154496e-10,typ,0.023011652090074858,2.27135216068437e-17,True,7.866840402810815e-07,0.5625,1.04,9.893630906794493e-15,-9.917647497151633e-05,4.641641729843437e-09,True,False,61,1.125,553,1.3654734664077247e-08,6.827367332038623e-07,1.3654734664077247e-08,1.3654734664077247e-08,0.0,8.208845020763926,2.495189681520935,-1.216048874911596,-1.216048874911596,0.49998985895431625,0.0020794695177685134,0.0,0.000894104298351792,0.000894104298351792,True,8.317086404687975e-08,4.9963922446204666e-08,success,0.9999797179086315,0.010227111898049071,0.5,3.9318206370447646e-14,0.02,"[0.005, 0.0075, 0.01, 0.015, 0.02, 0.03, 0.05, 0.08]",5.933835002644883e-07,0.004353182967910223,False,-1.9787261813588985e-16,4.865737423105413e-05,True,success,3.2621763566595655e-17,-9.346488242437473e-17,0.003283538008305571,1.869297648487495e-18,0.0
0.19003587511020648,-2.643884871107396e-17,0.0012671221995351361,1.32207477676086e-07,-5.274177776050549e-25,1.2698821839259728e-09,typ,0.042237406651171205,1.678879204826524e-16,True,6.95697470803424e-07,0.5625,1.04,4.637518871237939e-15,0.00022864570253997078,4.641641729843437e-09,True,False,61,1.125,553,4.232940613086576e-08,1.410980204362192e-06,4.232940613086576e-08,4.232940613086576e-08,0.0,10.672468979547087,3.244041568181531,-1.216048874911596,-1.216048874911596,0.4999898589543162,0.0020794695177685134,0.0,0.000894104298351792,0.000894104298351792,True,1.32207477676086e-07,4.9963922446204666e-08,success,0.9999797179086315,0.010227111898049071,0.5,3.9318206370447646e-14,0.03,"[0.005, 0.0075, 0.01, 0.015, 0.02, 0.03, 0.05, 0.08]",1.0021781517140566e-06,0.006667805217305947,False,-1.3912556613713815e-16,0.00024079867606022925,True,success,-4.070474510385637e-17,1.3297729368915404e-16,0.00960522208159238,-3.989318810674621e-18,0.0
0.2891501965255318,-9.788071975669289e-18,0.0038374287757256664,3.0667483839019267e-07,3.1724115807766183e-24,1.0655410676743205e-08,typ,0.07674857551451332,3.267746347271356e-15,True,1.0606074008430197e-06,0.5625,1.04,6.770233666298066e-16,0.0014241075821764032,4.641641729843437e-09,True,False,61,1.125,553,2.131082135348641e-07,4.2621642706972816e-06,2.131082135348641e-07,2.131082135348641e-07,0.0,13.897991413545274,4.224482820814362,-1.216048874911596,-1.216048874911596,0.4999898589543162,0.0020794695177685134,0.0,0.000894104298351792,0.000894104298351792,True,3.0667483839019267e-07,4.9963922446204666e-08,success,0.9999797179086315,0.010227111898049071,0.5,3.9318206370447646e-14,0.05,"[0.005, 0.0075, 0.01, 0.015, 0.02, 0.03, 0.05, 0.08]",2.7767057838691074e-06,0.013271402965782952,False,-3.3851168331490336e-17,0.0011095932846538073,True,success,5.549646975735984e-17,-2.0689089443590105e-16,0.034744978533863186,1.0344544721795052e-17,0.0
0.356479356928065,6.610742146638813e-18,0.010031030674650715,7.82658205798379e-07,3.7538304077217454e-23,6.276049077637484e-08,typ,0.12538788343313395,4.9120013106063246e-14,True,2.1955218179893483e-06,0.5625,1.04,-2.3180662562084954e-16,0.00446042136047668,4.641641729843437e-09,True,False,61,1.125,553,7.845061347046854e-07,9.806326683808567e-06,7.845061347046854e-07,7.845061347046854e-07,0.0,12.529513664020513,3.8085154647042083,-1.216048874911596,-1.216048874911596,0.4999898589543162,0.0020794695177685134,0.0,0.000894104298351792,0.000894104298351792,True,7.82658205798379e-07,4.9963922446204666e-08,success,0.9999797179086315,0.010227111898049071,0.5,3.9318206370447646e-14,0.08,"[0.005, 0.0075, 0.01, 0.015, 0.02, 0.03, 0.05, 0.08]",6.256634319240597e-06,0.028139162842674523,False,1.8544530049667964e-17,0.003575855364225181,True,success,1.6937348007750306e-16,-5.995322063819216e-16,0.08018888744973128,4.7962576510553724e-17,0.0
0.3124721429833485,-5.789126914528933e-21,2.6725670956704915e-05,0.006368661807997717,2.600537908005945e-21,5.693296713257905e-07,arith,0.005345134191340983,3.625868133932455e-09,True,0.02038153464559271,0.5625,1.06,3.7053715312071406e-18,-0.017619286981154343,4.7951203890022785e-09,True,False,62,1.125,955,0.0001138659342651581,0.02277318685303162,0.0001138659342651581,0.0001138659342651581,0.0,3.575819778094234,1.0869188772245681,-3.4441238234431603e-06,-3.4441238234431603e-06,0.49998974219887743,0.30681886303697753,0.0,0.16752839031097627,0.30681886303697753,True,0.006368661807997717,0.006125425295893156,success,0.9999794843977547,0.9999794843977547,0.5,3.5431803331838695e-15,0.005,"[0.005, 0.0075, 0.01, 0.015, 0.02, 0.03, 0.05, 0.08]",0.021302726964202094,8.552977139510677e-05,False,-1.8526857656035702e-20,8.351027676509424e-06,True,success,4.318741262565253e-17,-8.1666698166959e-17,8.939549445235586e-05,4.08333490834795e-19,0.0
0.3170433241054098,-2.1017005003747327e-19,6.22481148200563e-05,0.006572439592593217,-4.016375464251226e-21,1.3797512188207215e-06,arith,0.008299748642674173,9.068331538506057e-09,True,0.020730414718992878,0.5625,1.06,8.838752059328289e-17,-0.017602265931910662,4.7951203890022785e-09,True,False,62,1.125,955,0.0001839668291760962,0.024528910556812826,0.0001839668291760962,0.0001839668291760962,0.0,3.732086116767902,1.1344181484181795,-3.4441238234431603e-06,-3.4441238234431603e-06,0.49998974219887743,0.30681886303697753,0.0,0.16752839031097627,0.30681886303697753,True,0.006572439592593217,0.006125425295893156,success,0.9999794843977547,0.9999794843977547,0.5,3.5431803331838695e-15,0.0075,"[0.005, 0.0075, 0.01, 0.015, 0.02, 0.03, 0.05, 0.08]",0.022165349469766858,0.00019633945927011602,False,-6.629064044496217e-19,1.973534924184587e-05,True,success,-4.2176507129429923e-17,8.147914043520894e-17,0.00020992984406819446,-6.11093553264067e-19,0.0
0.3217259167593041,-1.0757318430129614e-19,0.00011404287967347552,0.0067863501041529085,1.0852609636695723e-21,2.616595853964077e-06,arith,0.011404287967347552,1.775713554607518e-08,True,0.021093576086473772,0.5625,1.06,3.343628184663031e-17,-0.01757766349521343,4.7951203890022785e-09,True,False,62,1.125,955,0.0002616595853964077,0.02616595853964077,0.0002616595853964077,0.0002616595853964077,0.0,3.8556747202930928,1.1719845791998074,-3.4441238234431603e-06,-3.4441238234431603e-06,0.4999897421988775,0.30681886303697753,0.0,0.16752839031097627,0.30681886303697753,True,0.0067863501041529085,0.006125425295893156,success,0.9999794843977547,0.9999794843977547,0.5,3.5431803331838695e-15,0.01,"[0.005, 0.0075, 0.01, 0.015, 0.02, 0.03, 0.05, 0.08]",0.02294396512483588,0.0003544721569906832,False,-3.343628184663031e-19,3.669055001281992e-05,True,success,8.14418681245885e-18,-1.599182103801934e-17,0.0003855674720293093,1.599182103801934e-19,0.0
0.3306524351032901,2.8460307149522183e-19,0.00026913607419775797,0.007206582757473938,3.811648298055137e-21,6.5207970090211385e-06,arith,0.0179424049465172,4.699266329019936e-08,True,0.02179503911780576,0.5625,1.06,-5.73821211803701e-17,-0.017504452199238955,4.7951203890022785e-09,True,False,62,1.125,955,0.00043471980060140925,0.02898132004009395,0.00043471980060140925,0.00043471980060140925,0.0,4.021506588547458,1.2223914227312649,-3.4441238234431603e-06,-3.4441238234431603e-06,0.49998974219887743,0.30681886303697753,0.0,0.16752839031097627,0.30681886303697753,True,0.007206582757473938,0.006125425295893156,success,0.9999794843977547,0.9999794843977547,0.5,3.5431803331838695e-15,0.015,"[0.005, 0.0075, 0.01, 0.015, 0.02, 0.03, 0.05, 0.08]",0.0242286249751482,0.0008139546110213418,False,8.607318177055516e-19,8.899049830762844e-05,True,success,1.758319496869181e-17,-3.526080183752446e-17,0.000904838982423178,5.289120275628669e-19,0.0
0.33865944258023634,5.143811291156629e-21,0.0004956311799418505,0.007595801853992717,6.92558451934081e-21,1.249765981977298e-05,arith,0.024781558997092525,9.492974762960188e-08,True,0.022429027214243683,0.5625,1.06,-7.594371578666287e-19,-0.01739774156413274,4.7951203890022785e-09,True,False,62,1.125,955,0.000624882990988649,0.03124414954943245,0.000624882990988649,0.000624882990988649,0.0,4.113344469749304,1.250306791210991,-3.4441238234431603e-06,-3.4441238234431603e-06,0.49998974219887743,0.30681886303697753,0.0,0.16752839031097627,0.30681886303697753,True,0.007595801853992717,0.006125425295893156,success,0.9999794843977547,0.9999794843977547,0.5,3.5431803331838695e-15,0.02,"[0.005, 0.0075, 0.01, 0.015, 0.02, 0.03, 0.05, 0.08]",0.025215644869717956,0.0014635091115890676,False,1.5188743157332574e-20,0.00016785017912449192,True,success,2.2477875974177287e-17,-4.558823842739125e-17,0.0016453377878997213,9.11764768547825e-19,0.0
0.35199298684571406,-8.242593569005628e-20,0.0011693299815355948,0.00826660287749789,8.855257276120861e-21,3.109844082479113e-05,arith,0.038977666051186494,2.5707846040791624e-07,True,0.023485135177199756,0.5625,1.06,7.805641851815767e-18,-0.017079375185151475,4.7951203890022785e-09,True,False,62,1.125,955,0.0010366146941597045,0.03455382313865682,0.0010366146941597045,0.0010366146941597045,0.0,4.179930214467428,1.2705464306166319,-3.4441238234431603e-06,-3.4441238234431603e-06,0.4999897421988774,0.30681886303697753,0.0,0.16752839031097627,0.30681886303697753,True,0.00826660287749789,0.006125425295893156,success,0.9999794843977547,0.9999794843977547,0.5,3.5431803331838695e-15,0.03,"[0.005, 0.0075, 0.01, 0.015, 0.02, 0.03, 0.05, 0.08]",0.026595094041762142,0.0033220263619858333,False,-2.34169255554473e-19,0.00041159595280895766,True,success,1.746498987936555e-17,-3.5706958095307076e-17,0.0037619371930206853,1.0712087428592123e-18,0.0
0.37089274735338124,4.16869548638008e-19,0.0034120897075807584,0.009260165945773861,2.9754306554989086e-20,9.588381160458899e-05,arith,0.06824179415161517,8.879000069718115e-07,True,0.024967233821239727,0.5625,1.06,-2.2479250490213586e-17,-0.01600823527092861,4.7951203890022785e-09,True,False,62,1.125,955,0.0019176762320917797,0.03835352464183559,0.0019176762320917793,0.0019176762320917797,0.0,4.141775089823235,1.2589486634437201,-3.4441238234431603e-06,-3.4441238234431603e-06,0.4999897421988774,0.30681886303697753,0.0,0.16752839031097627,0.30681886303697753,True,0.009260165945773861,0.006125425295893156,success,0.9999794843977547,0.9999794843977547,0.5,3.5431803331838695e-15,0.05,"[0.005, 0.0075, 0.01, 0.015, 0.02, 0.03, 0.05, 0.08]",0.028101198919700317,0.009199666836110357,False,1.1239625245106794e-18,0.0012655193258608226,True,success,3.157677724811535e-17,-6.426300938714452e-17,0.010354437724558086,3.2131504693572265e-18,2.2614915997636764e-16
0.3882770153959922,3.01770691638495e-18,0.009000643233198085,0.010213984273334881,-2.222475391802121e-19,0.0002618576470030681,arith,0.11250804041497606,2.6746098883418143e-06,True,0.026305920433940554,0.5625,1.06,-9.715057796130684e-17,-0.013296560590356714,4.7951203890022785e-09,True,False,62,1.125,955,0.003273220587538351,0.04091525734422939,0.003273220587538351,0.003273220587538351,0.0,4.005807748406734,1.2176195475366547,-3.4441238234431603e-06,-3.4441238234431603e-06,0.4999897421988774,0.30681886303697753,0.0,0.16752839031097627,0.30681886303697753,True,0.010213984273334881,0.006125425295893156,success,0.9999794843977547,0.9999794843977547,0.5,3.5431803331838695e-15,0.08,"[0.005, 0.0075, 0.01, 0.015, 0.02, 0.03, 0.05, 0.08]",0.029093214809051544,0.023180983875696573,False,7.772046236904548e-18,0.0034947428912302857,True,success,-1.3589602010190431e-16,2.719892811079881e-16,0.025637169589803097,-2.1759142488639052e-17,0.0
0.004848606549317645,8.294145171948037e-20,2.449808687593994e-06,7.296837813048841e-08,-1.0350515747507797e-25,6.766984396710193e-12,typ,0.0004899617375187988,4.937758762622644e-19,True,1.5049350238731456e-05,0.5625,1.06,-3.4212490073525516e-15,-0.0002026997717398106,4.51142346928845e-09,True,False,63,1.125,438,1.3533968793420387e-09,2.706793758684077e-07,1.3533968793420387e-09,1.3533968793420387e-09,0.0,3.709543542058113,1.1275660273623547,-1.900806306294018,-1.900806306294018,0.49998953647105737,0.0029937747146120083,0.0,0.0010642053347991616,0.0010642053347991616,True,7.296837813048841e-08,7.078334512962078e-08,success,0.9999790729421152,0.008157066979724218,0.5,4.005412889535454e-14,0.005,"[0.005, 0.0075, 0.01, 0.015, 0.02, 0.03, 0.05, 0.08]",2.762250142624886e-06,0.0005052603593786673,False,1.7106245036762758e-17,1.1878158447243504e-08,True,success,-1.4729806993080876e-16,2.836986654410244e-16,9.273858855145283e-05,-1.4184933272051221e-18,0.0
0.016226663688738204,1.381325448514552e-18,2.1264611936228518e-05,7.679903616667407e-08,-1.0218588621870899e-25,1.90727577442625e-11,typ,0.002835281591497136,1.4647694117998287e-18,True,4.732891347219757e-06,0.5625,1.06,-1.1350252276223064e-14,-0.00019899484046189748,4.51142346928845e-09,True,False,63,1.125,438,2.543034365901667e-09,3.3907124878688895e-07,2.543034365901667e-09,2.543034365901667e-09,0.0,4.415045627018226,1.342012946293242,-1.900806306294018,-1.900806306294018,0.49998953647105726,0.0029937747146120083,0.0,0.0010642053347991616,0.0010642053347991616,True,7.679903616667407e-08,7.078334512962078e-08,success,0.9999790729421152,0.008157066979724218,0.5,4.005412889535454e-14,0.0075,"[0.005, 0.0075, 0.01, 0.015, 0.02, 0.03, 0.05, 0.08]",8.969247970036192e-07,0.001310473449387307,False,8.512689207167298e-17,3.4505370636070827e-07,True,success,-8.443184599216361e-17,1.7740827892151978e-16,0.00024834631651977516,-1.3305620919113983e-18,0.0
0.03953213228461463,3.917103864577512e-18,6.898890757621658e-05,8.313715755259445e-08,-2.4031858616652904e-25,4.3432064049751316e-11,typ,0.0068988907576216585,3.610818351738548e-18,True,2.1030274044931874e-06,0.5625,1.06,-9.908658193228793e-15,-0.00018707665656795996,4.51142346928845e-09,True,False,63,1.125,438,4.343206404975132e-09,4.3432064049751315e-07,4.343206404975131e-09,4.343206404975132e-09,0.0,5.224145896770071,1.587949937343017,-1.900806306294018,-1.900806306294018,0.4999895364710573,0.0029937747146120083,0.0,0.0010642053347991616,0.0010642053347991616,True,8.313715755259445e-08,7.078334512962078e-08,success,0.9999790729421152,0.008157066979724218,0.5,4.005412889535454e-14,0.01,"[0.005, 0.0075, 0.01, 0.015, 0.02, 0.03, 0.05, 0.08]",6.295514101563219e-07,0.0017451349975135576,False,9.908658193228793e-17,2.7272786204740463e-06,True,success,-1.2646913255720792e-16,2.8906278881918483e-16,0.000522414589677007,-2.890627888191848e-18,1.9045390327420185e-16
0.10098058705950042,6.179952384883353e-18,0.0002501614391055335,1.0193745458775996e-07,-2.3264454719044065e-25,1.501036329610095e-10,typ,0.016677429273702235,1.5301182268420695e-17,True,1.0094757572333752e-06,0.5625,1.06,-4.079960690029766e-15,-0.00012840299865134254,4.51142346928845e-09,True,False,63,1.125,438,1.00069088640673e-08,6.671272576044867e-07,1.00069088640673e-08,1.00069088640673e-08,0.0,6.544476319350741,1.9892822609876015,-1.900806306294018,-1.900806306294018,0.4999895364710573,0.0029937747146120083,0.0,0.0010642053347991616,0.0010642053347991616,True,1.0193745458775996e-07,7.078334512962078e-08,success,0.9999790729421152,0.008157066979724218,0.5,4.005412889535454e-14,0.015,"[0.005, 0.0075, 0.01, 0.015, 0.02, 0.03, 0.05, 0.08]",6.000270605162553e-07,0.002477322091206816,False,6.119941035044649e-17,2.5261448980526237e-05,True,success,-5.947444302365728e-17,1.521485556225083e-16,0.0014725071718539168,-2.2822283343376245e-18,0.0
0.15848388847284034,6.574443418303353e-19,0.0005258457096500668,1.2635545573817387e-07,-5.166279502151223e-25,3.7647959078064587e-10,typ,0.02629228548250334,4.757025026920971e-17,True,7.97276347493377e-07,0.5625,1.06,-2.0741677534716808e-16,-2.073019485024547e-05,4.51142346928845e-09,True,False,63,1.125,438,1.8823979539032293e-08,9.411989769516146e-07,1.8823979539032293e-08,1.8823979539032293e-08,0.0,7.4488194550293905,2.2641696117649537,-1.900806306294018,-1.900806306294018,0.49998953647105737,0.0029937747146120083,0.0,0.0010642053347991616,0.0010642053347991616,True,1.2635545573817387e-07,7.078334512962078e-08,success,0.9999790729421152,0.008157066979724218,0.5,4.005412889535454e-14,0.02,"[0.005, 0.0075, 0.01, 0.015, 0.02, 0.03, 0.05, 0.08]",7.159506750205887e-07,0.003317975818975327,False,4.148335506943362e-18,8.333807280210277e-05,True,success,-7.490489166117393e-17,2.0443436620799637e-16,0.0029795277820117566,-4.088687324159927e-18,0.0
0.24062395583836652,-2.1641958505838195e-17,0.0013180845843947715,1.8696864926043024e-07,-8.701880605431846e-25,1.468008437428038e-09,typ,0.04393615281315905,2.744715546488351e-16,True,7.770159401170432e-07,0.5625,1.06,2.9980332355015216e-15,0.00033183475362680206,4.51142346928845e-09,True,False,63,1.125,438,4.8933614580934605e-08,1.6311204860311536e-06,4.8933614580934605e-08,4.8933614580934605e-08,0.0,8.724032036831757,2.651787756316405,-1.900806306294018,-1.900806306294018,0.49998953647105737,0.0029937747146120083,0.0,0.0010642053347991616,0.0010642053347991616,True,1.8696864926043024e-07,7.078334512962078e-08,success,0.9999790729421152,0.008157066979724218,0.5,4.005412889535454e-14,0.03,"[0.005, 0.0075, 0.01, 0.015, 0.02, 0.03, 0.05, 0.08]",1.1137437269263773e-06,0.005477777887086869,False,-8.994099706504565e-17,0.0003171627268266392,True,success,-5.252480504529944e-17,1.551397456178321e-16,0.00785162883314858,-4.654192368534963e-18,0.0
0.3244799282768595,-3.651289486902368e-17,0.0038226711201008318,3.516525952304038e-07,-1.0023083826067847e-23,8.91728921159195e-09,typ,0.07645342240201664,3.1357878936763904e-15,True,1.083742212030938e-06,0.5625,1.06,2.2505487512231814e-15,0.0015389542978907114,4.51142346928845e-09,True,False,63,1.125,438,1.78345784231839e-07,3.5669156846367797e-06,1.78345784231839e-07,1.78345784231839e-07,0.0,10.143294072093301,3.0831916842504046,-1.900806306294018,-1.900806306294018,0.49998953647105726,0.0029937747146120083,0.0,0.0010642053347991616,0.0010642053347991616,True,3.516525952304038e-07,7.078334512962078e-08,success,0.9999790729421152,0.008157066979724218,0.5,4.005412889535454e-14,0.05,"[0.005, 0.0075, 0.01, 0.015, 0.02, 0.03, 0.05, 0.08]",2.3327377457877505e-06,0.011780917052099361,False,-1.1252743756115907e-16,0.0012403800508763402,True,success,-1.7898969292208186e-16,5.700560133503746e-16,0.025358235180233252,-2.850280066751873e-17,0.0
0.37747190545684106,-1.896595596044324e-17,0.009883822577606921,6.815710170703104e-07,-8.99038420224048e-24,4.064692858165818e-08,typ,0.12354778222008651,2.7703768454185033e-14,True,1.8056205169638488e-06,0.5625,1.06,6.28058528537687e-16,0.004541141173542724,4.51142346928845e-09,True,False,63,1.125,438,5.080866072707272e-07,6.35108259088409e-06,5.080866072707272e-07,5.080866072707272e-07,0.0,9.318299094031042,2.8324232812216468,-1.900806306294018,-1.900806306294018,0.49998953647105715,0.0029937747146120083,0.0,0.0010642053347991616,0.0010642053347991616,True,6.815710170703104e-07,7.078334512962078e-08,success,0.9999790729421152,0.008157066979724218,0.5,4.005412889535454e-14,0.08,"[0.005, 0.0075, 0.01, 0.015, 0.02, 0.03, 0.05, 0.08]",4.112470480171209e-06,0.02618426016538867,False,-5.0244682283014963e-17,0.0037308653415666308,True,success,-5.4014309331178594e-17,1.6488348200465362e-16,0.05963711420179868,-1.319067856037229e-17,0.0
0.35399462871845117,-3.1220412276438463e-19,2.9570452931887857e-05,0.008270647671362786,3.7179183594844366e-22,7.032339348764022e-07,arith,0.005914090586377571,5.816200105908804e-09,True,0.023363766002056564,0.5625,1.08,1.7638918640920706e-16,-0.017929889461307184,4.812894239912457e-09,True,False,64,1.125,946,0.00014064678697528043,0.028129357395056086,0.00014064678697528043,0.00014064678697528043,0.0,3.4011069643861527,1.03381254997741,-3.480719971878191e-06,-3.480719971878191e-06,0.4999897397094873,0.3518448868634193,0.0,0.19435977719104586,0.3518448868634193,True,0.008270647671362786,0.008163630449755668,success,0.9999794794189745,0.9999794794189745,0.5,4.0574733325436775e-15,0.005,"[0.005, 0.0075, 0.01, 0.015, 0.02, 0.03, 0.05, 0.08]",0.0237816423203331,8.353362037989184e-05,False,-8.819459320460354e-19,1.0467781506660077e-05,True,success,4.8750624006548244e-18,-8.990634124961633e-18,8.502767410965382e-05,4.495317062480817e-20,0.0
0.3560597048550462,-3.202578634009306e-19,6.765942835244386e-05,0.008375177555492124,-1.5964585822273434e-22,1.6405858405334665e-06,arith,0.00902125711365918,1.3740197709494069e-08,True,0.023521834797065013,0.5625,1.08,1.1992665238781022e-16,-0.01791124189684441,4.812894239912457e-09,True,False,64,1.125,946,0.00021874477873779554,0.02916597049837274,0.00021874477873779554,0.00021874477873779554,0.0,3.4824301103021758,1.0585318221826001,-3.480719971878191e-06,-3.480719971878191e-06,0.4999897397094873,0.3518448868634193,0.0,0.19435977719104586,0.3518448868634193,True,0.008375177555492124,0.008163630449755668,success,0.9999794794189745,0.9999794794189745,0.5,4.0574733325436775e-15,0.0075,"[0.005, 0.0075, 0.01, 0.015, 0.02, 0.03, 0.05, 0.08]",0.02424770472472088,0.00019002270526508573,False,-8.994498929085765e-19,2.40907960898323e-05,True,success,-1.3619500028973853e-18,2.541571720558842e-18,0.00019588669370449734,-1.9061787904191314e-20,0.0
0.35837029547517796,-4.582448244645765e-19,0.0001222502036686262,0.008493682130652182,1.0720260738687239e-21,3.0205940902731977e-06,arith,0.01222502036686262,2.5655966048507043e-08,True,0.023700854222278828,0.5625,1.08,1.278690868775747e-16,-0.017884702569667565,4.812894239912457e-09,True,False,64,1.125,946,0.00030205940902731975,0.030205940902731973,0.00030205940902731975,0.00030205940902731975,0.0,3.5562834160845416,1.0809805352559065,-3.480719971878191e-06,-3.480719971878191e-06,0.4999897397094873,0.3518448868634193,0.0,0.19435977719104586,0.3518448868634193,True,0.008493682130652182,0.008163630449755668,success,0.9999794794189745,0.9999794794189745,0.5,4.0574733325436775e-15,0.01,"[0.005, 0.0075, 0.01, 0.015, 0.02, 0.03, 0.05, 0.08]",0.024708294952709275,0.0003411281716486284,False,-1.278690868775747e-18,4.381084161062626e-05,True,success,6.692851088007477e-18,-1.2621452714835808e-17,0.00035562834160845423,1.2621452714835808e-19,0.0
0.36316475742546905,-8.809142639410061e-19,0.0002829099469810889,0.008743847242639427,1.0164395401495167e-20,7.2218381099724295e-06,arith,0.018860663132072592,6.314664924467076e-08,True,0.024076805537591003,0.5625,1.08,1.617106737239489e-16,-0.017807098762944593,4.812894239912457e-09,True,False,64,1.125,946,0.000481455873998162,0.03209705826654413,0.000481455873998162,0.000481455873998162,0.0,3.670816446795025,1.1157944019690975,-3.480719971878191e-06,-3.480719971878191e-06,0.49998973970948724,0.3518448868634193,0.0,0.19435977719104586,0.3518448868634193,True,0.008743847242639427,0.008163630449755668,success,0.9999794794189745,0.9999794794189745,0.5,4.0574733325436775e-15,0.015,"[0.005, 0.0075, 0.01, 0.015, 0.02, 0.03, 0.05, 0.08]",0.025526985484378085,0.0007790126690339699,False,-2.4256601058592336e-18,0.00010274292226863946,True,success,4.044887021802915e-17,-7.749750668049512e-17,0.0008259337005288805,1.1624626002074267e-18,0.0
0.3677794882454978,-2.6596629881966402e-19,0.0005142700794344155,0.008989222739786758,-1.6795372548374816e-20,1.3469148500514161e-05,arith,0.025713503971720772,1.2107717598638661e-07,True,0.02444188169022175,0.5625,1.08,3.615839209637052e-17,-0.017695735973074337,4.812894239912457e-09,True,False,64,1.125,946,0.000673457425025708,0.0336728712512854,0.000673457425025708,0.000673457425025708,0.0,3.7459157733679858,1.1386218599464422,-3.480719971878191e-06,-3.480719971878191e-06,0.4999897397094873,0.3518448868634193,0.0,0.19435977719104586,0.3518448868634193,True,0.008989222739786758,0.008163630449755668,success,0.9999794794189745,0.9999794794189745,0.5,4.0574733325436775e-15,0.02,"[0.005, 0.0075, 0.01, 0.015, 0.02, 0.03, 0.05, 0.08]",0.02619080720256422,0.0013983109332381615,False,-7.231678419274104e-19,0.0001891379866343608,True,success,-4.8267910657220876e-17,9.341949262219102e-17,0.0014983663093471947,-1.8683898524438206e-18,0.0
0.3759113670884361,-6.066259625368258e-19,0.0011939810290327603,0.009430820729347457,-2.8618369414228526e-20,3.241667268870223e-05,arith,0.03979936763442535,3.0571582876908455e-07,True,0.025087883887078048,0.5625,1.08,5.3791577452184565e-17,-0.01736848717591821,4.812894239912457e-09,True,False,64,1.125,946,0.0010805557562900744,0.036018525209669146,0.0010805557562900744,0.0010805557562900744,0.0,3.819235487912976,1.1609083807324925,-3.480719971878191e-06,-3.480719971878191e-06,0.4999897397094873,0.3518448868634193,0.0,0.19435977719104586,0.3518448868634193,True,0.009430820729347457,0.008163630449755668,success,0.9999794794189745,0.9999794794189745,0.5,4.0574733325436775e-15,0.03,"[0.005, 0.0075, 0.01, 0.015, 0.02, 0.03, 0.05, 0.08]",0.02715007349401762,0.003176230179684529,False,-1.6137473235655369e-18,0.00044883104090136266,True,success,-5.175900544090621e-17,1.0115192245913434e-16,0.0034373119391216786,-3.0345576737740307e-18,0.0
0.38804132654483803,1.0722319978219835e-18,0.0034300523163520026,0.010108181820134681,1.160126026742394e-20,9.678806313714737e-05,arith,0.06860104632704003,9.783513402089608e-07,True,0.026049240451111295,0.5625,1.08,-5.5263804366882944e-17,-0.016285218720561517,4.812894239912457e-09,True,False,64,1.125,946,0.0019357612627429474,0.038715225254858945,0.0019357612627429474,0.0019357612627429474,0.0,3.830087937055242,1.1642071297100305,-3.480719971878191e-06,-3.480719971878191e-06,0.49998973970948724,0.3518448868634193,0.0,0.19435977719104586,0.3518448868634193,True,0.010108181820134681,0.008163630449755668,success,0.9999794794189745,0.9999794794189745,0.5,4.0574733325436775e-15,0.05,"[0.005, 0.0075, 0.01, 0.015, 0.02, 0.03, 0.05, 0.08]",0.028217663816884682,0.008839399521936386,False,2.7631902183441472e-18,0.0013310020509554256,True,success,1.1728912541410615e-17,-2.2954197844591923e-17,0.009575219842638106,1.1477098922295962e-18,0.0
0.399530062137284,-6.571451881602767e-19,0.00896079874081171,0.010768681073424786,-2.9745896752302607e-20,0.00025911677986796745,arith,0.11200998426014637,2.7903459631709577e-06,True,0.026953368704767253,0.5625,1.08,2.055994186785601e-17,-0.013575484963400785,4.812894239912457e-09,True,False,64,1.125,946,0.0032389597483495933,0.04048699685436991,0.0032389597483495933,0.0032389597483495933,0.0,3.7596987577508183,1.1428113848218195,-3.480719971878191e-06,-3.480719971878191e-06,0.49998973970948735,0.3518448868634193,0.0,0.19435977719104586,0.3518448868634193,True,0.010768681073424786,0.008163630449755668,success,0.9999794794189745,0.9999794794189745,0.5,4.0574733325436775e-15,0.08,"[0.005, 0.0075, 0.01, 0.015, 0.02, 0.03, 0.05, 0.08]",0.02891670568247753,0.022428346675281364,False,-1.644795349428481e-18,0.0035801084777161984,True,success,-1.780729853911056e-17,3.4528249733514557e-17,0.024062072049605237,-2.7622599786811644e-18,0.0
0.01650700170464278,1.0429380091343552e-19,8.60845272797329e-06,1.1691319186344262e-07,1.5055987230679953e-25,1.1731262162685412e-11,typ,0.001721690545594658,1.3715393040263845e-18,True,7.082642502578738e-06,0.5625,1.08,-1.2636310673440073e-15,-0.0001834898586938413,4.500508956934628e-09,True,False,65,1.125,371,2.346252432537082e-09,4.692504865074164e-07,2.346252432537082e-09,2.346252432537082e-09,0.0,4.013665857788847,1.2200081263680147,-2.582135365984777,-2.582135365984777,0.4999897548449893,0.004955097398287648,0.0,0.001330255526650049,0.001330255526650049,True,1.1691319186344262e-07,1.1059881587016461e-07,success,0.9999795096899774,0.006983522282154763,0.5,3.557597589918764e-14,0.005,"[0.005, 0.0075, 0.01, 0.015, 0.02, 0.03, 0.05, 0.08]",1.362760827455613e-06,0.0005215031101348991,False,6.318155336720037e-18,1.4209974385499188e-07,True,success,1.2855977655605723e-16,-2.5755839851273074e-16,0.00010034164644472118,1.2877919925636539e-18,0.0
0.05061097351418867,-5.225663888966999e-19,4.330168263139838e-05,1.2693933259818124e-07,-2.3022116657970009e-26,3.3929983229589785e-11,typ,0.005773557684186451,4.307049426231609e-18,True,2.508138527756122e-06,0.5625,1.08,1.3766879726197448e-15,-0.00017443866601360238,4.500508956934628e-09,True,False,65,1.125,371,4.5239977639453046e-09,6.03199701859374e-07,4.5239977639453046e-09,4.5239977639453046e-09,0.0,4.751873903172045,1.4443964651655816,-2.582135365984777,-2.582135365984777,0.4999897548449893,0.004955097398287648,0.0,0.001330255526650049,0.001330255526650049,True,1.2693933259818124e-07,1.1059881587016461e-07,success,0.9999795096899774,0.006983522282154763,0.5,3.557597589918764e-14,0.0075,"[0.005, 0.0075, 0.01, 0.015, 0.02, 0.03, 0.05, 0.08]",7.835719345692791e-07,0.0008555789313015062,False,-1.0325159794648085e-17,2.191540312777507e-06,True,success,-1.109316116098131e-17,2.418175274414498e-17,0.00026729290705342757,-1.8136314558108734e-19,0.0
0.09441737627478651,-2.31239994600424e-18,0.00010586379908743665,1.4052119745650424e-07,-5.460684512557097e-25,7.490117468192112e-11,typ,0.010586379908743667,1.0525202757202354e-17,True,1.4882980548785853e-06,0.5625,1.08,2.449125401742126e-15,-0.00015402592105156666,4.500508956934628e-09,True,False,65,1.125,371,7.490117468192112e-09,7.490117468192112e-07,7.490117468192112e-09,7.490117468192112e-09,0.0,5.330240279592365,1.6201987626790917,-2.582135365984777,-2.582135365984777,0.49998975484498936,0.004955097398287648,0.0,0.001330255526650049,0.001330255526650049,True,1.4052119745650424e-07,1.1059881587016461e-07,success,0.9999795096899774,0.006983522282154763,0.5,3.557597589918764e-14,0.01,"[0.005, 0.0075, 0.01, 0.015, 0.02, 0.03, 0.05, 0.08]",7.075239631260312e-07,0.001121232163657431,False,-2.449125401742126e-17,9.995382152316907e-06,True,success,-1.6831849944654576e-16,3.8860219037397193e-16,0.0005330240279592366,-3.8860219037397195e-18,0.0
0.17331136033941844,-5.990217001839649e-18,0.0002989199118059376,1.7279125165449117e-07,-6.720842476173341e-25,2.3499215065325337e-10,typ,0.01992799412039584,4.0604587840356407e-17,True,9.96998992542043e-07,0.5625,1.08,2.3042217159945425e-15,-7.740352153212221e-05,4.500508956934628e-09,True,False,65,1.125,371,1.566614337688356e-08,1.044409558458904e-06,1.566614337688356e-08,1.566614337688356e-08,0.0,6.044342803577103,1.8372599015954352,-2.582135365984777,-2.582135365984777,0.49998975484498936,0.004955097398287648,0.0,0.001330255526650049,0.001330255526650049,True,1.7279125165449117e-07,1.1059881587016461e-07,success,0.9999795096899774,0.006983522282154763,0.5,3.557597589918764e-14,0.015,"[0.005, 0.0075, 0.01, 0.015, 0.02, 0.03, 0.05, 0.08]",7.861374949348076e-07,0.0017247565954160386,False,-3.456332573991814e-17,5.180621654762603e-05,True,success,-1.0547175274097496e-16,2.593048900265761e-16,0.0013599771308048481,-3.889573350398642e-18,0.0
0.2300061929596499,-9.80694022032043e-18,0.0005708624489252198,2.07885134135738e-07,-1.550633163483479e-24,5.38254068659252e-10,typ,0.02854312244626099,1.1189501926233534e-16,True,9.03824072998797e-07,0.5625,1.08,2.1318861231794884e-15,4.4014652419923874e-05,4.500508956934628e-09,True,False,65,1.125,371,2.69127034329626e-08,1.34563517164813e-06,2.69127034329626e-08,2.69127034329626e-08,0.0,6.472974497394803,1.9675483132881237,-2.582135365984777,-2.582135365984777,0.49998975484498936,0.004955097398287648,0.0,0.001330255526650049,0.001330255526650049,True,2.07885134135738e-07,1.1059881587016461e-07,success,0.9999795096899774,0.006983522282154763,0.5,3.557597589918764e-14,0.02,"[0.005, 0.0075, 0.01, 0.015, 0.02, 0.03, 0.05, 0.08]",9.428787436844714e-07,0.002481943818901287,False,-4.263772246358977e-17,0.0001313018985809124,True,success,-1.4658977907645167e-16,3.7295431679857337e-16,0.0025891897989579215,-7.459086335971467e-18,0.0
0.29869160486364077,-1.8328890854291398e-17,0.001340712261593225,2.8189095810489013e-07,-4.138695604613323e-24,1.7873381990752867e-09,typ,0.044690408719774165,5.038344773948014e-16,True,9.437525310883093e-07,0.5625,1.08,2.0454643469316718e-15,0.00041093970279660973,4.500508956934628e-09,True,False,65,1.125,371,5.9577939969176226e-08,1.9859313323058742e-06,5.9577939969176226e-08,5.9577939969176226e-08,0.0,7.045033816114526,2.1414334951470586,-2.582135365984777,-2.582135365984777,0.4999897548449893,0.004955097398287648,0.0,0.001330255526650049,0.001330255526650049,True,2.8189095810489013e-07,1.1059881587016461e-07,success,0.9999795096899774,0.006983522282154763,0.5,3.557597589918764e-14,0.03,"[0.005, 0.0075, 0.01, 0.015, 0.02, 0.03, 0.05, 0.08]",1.333125869193825e-06,0.004488617154825256,False,-6.136393040795016e-17,0.0004004594970756417,True,success,-1.8438243426030816e-16,4.893967549765983e-16,0.006340530434503074,-1.4681902649297946e-17,0.0
0.3611150700682201,-4.653901571154663e-17,0.00378500675080077,4.4151041786902935e-07,-2.3258777244939053e-24,8.359173582468927e-09,typ,0.0757001350160154,3.690662221435607e-15,True,1.2226308300720359e-06,0.5625,1.08,2.577517227556009e-15,0.0016161461450428384,4.500508956934628e-09,True,False,65,1.125,371,1.6718347164937853e-07,3.3436694329875705e-06,1.6718347164937853e-07,1.6718347164937853e-07,0.0,7.57325149681846,2.301992417036258,-2.582135365984777,-2.582135365984777,0.4999897548449894,0.004955097398287648,0.0,0.001330255526650049,0.001330255526650049,True,4.4151041786902935e-07,1.1059881587016461e-07,success,0.9999795096899774,0.006983522282154763,0.5,3.557597589918764e-14,0.05,"[0.005, 0.0075, 0.01, 0.015, 0.02, 0.03, 0.05, 0.08]",2.208496346988134e-06,0.010481442245225948,False,-1.2887586137780046e-16,0.001366822978024106,True,success,-3.82855358313541e-17,1.0536003819433583e-16,0.018933128742046154,-5.268001909716791e-18,0.0
0.3984104768352949,-6.808651660885388e-17,0.009724562039802076,6.871711755346413e-07,-6.623490419192092e-24,3.061393927345425e-08,typ,0.12155702549752595,2.103701663828568e-14,True,1.7247818907601711e-06,0.5625,1.08,2.136192462535355e-15,0.004575885891237931,4.500508956934628e-09,True,False,65,1.125,371,3.8267424091817816e-07,4.783428011477227e-06,3.8267424091817816e-07,3.8267424091817816e-07,0.0,6.961042869348479,2.1159033087223293,-2.582135365984777,-2.582135365984777,0.4999897548449893,0.004955097398287648,0.0,0.001330255526650049,0.001330255526650049,True,6.871711755346413e-07,1.1059881587016461e-07,success,0.9999795096899774,0.006983522282154763,0.5,3.557597589918764e-14,0.08,"[0.005, 0.0075, 0.01, 0.015, 0.02, 0.03, 0.05, 0.08]",3.1481046805144696e-06,0.024408399390115094,False,-1.708953970028284e-16,0.003874367399291953,True,success,-4.5666196094928754e-17,1.2048472518580985e-16,0.04455067436383027,-9.638778014864788e-18,0.0
0.3576149955144322,-1.5360609558260184e-19,3.326064541687904e-05,0.006218502513168154,7.03872378587093e-21,6.343664829583831e-07,typ,0.0066521290833758085,3.9448095685463485e-09,True,0.01738881923623696,0.3229166667,0.48,8.59058470753656e-17,-0.022292592772159253,4.7689223334933284e-09,True,False,67,0.6458333334,916,0.00012687329659167662,0.025374659318335324,0.00012687329659167662,0.00012687329659167662,0.0,4.080509618610356,1.2403261932646366,-6.957157373821621e-05,-6.957157373821621e-05,0.4999880688131059,0.3347377846442869,0.0,0.2923983675327825,0.2923983675327825,True,0.006218502513168154,0.005541884946677003,success,0.9999761376262118,0.806257712209481,0.5,1.848755723296909e-15,0.005,"[0.005, 0.0075, 0.01, 0.015, 0.02, 0.03, 0.05, 0.08]",0.019072584882446574,9.300685327535922e-05,False,-4.29529235376828e-19,1.1894505561564319e-05,True,success,1.120678142058304e-16,-2.263800254471521e-16,0.0001020127404652589,1.1319001272357605e-18,0.0
0.374658366054163,6.474508090575058e-20,8.222875116756614e-05,0.006769705999861216,2.3185872569861366e-21,1.7004254185198245e-06,typ,0.010963833489008819,1.1511380158070175e-08,True,0.018069010632696093,0.3229166667,0.48,-2.30414645347919e-17,-0.022270688798676844,4.7689223334933284e-09,True,False,67,0.6458333334,916,0.0002267233891359766,0.030229785218130214,0.00022672338913597663,0.0002267233891359766,0.0,4.465450230593462,1.3573341085790391,-6.957157373821621e-05,-6.957157373821621e-05,0.499988068813106,0.3347377846442869,0.0,0.2923983675327825,0.2923983675327825,True,0.006769705999861216,0.005541884946677003,success,0.9999761376262118,0.806257712209481,0.5,1.848755723296909e-15,0.0075,"[0.005, 0.0075, 0.01, 0.015, 0.02, 0.03, 0.05, 0.08]",0.020679207629636615,0.00021947661821510915,False,1.7281098401093926e-19,3.080768955511467e-05,True,success,2.1610247775321133e-17,-4.566593698522347e-17,0.00025118157547088227,3.42494527389176e-19,1.195512047320422e-16
0.3915524065457402,5.488773498207866e-19,0.00015763873803425788,0.0073559693045482395,-2.567568621364598e-21,3.50407128733377e-06,typ,0.01576387380342579,2.5775840830576047e-08,True,0.01878667882402335,0.3229166667,0.48,-1.4017979219256008e-16,-0.02223736765010054,4.7689223334933284e-09,True,False,67,0.6458333334,916,0.000350407128733377,0.035040712873337695,0.000350407128733377,0.000350407128733377,0.0,4.763575189427697,1.447953229686263,-6.957157373821621e-05,-6.957157373821621e-05,0.4999880688131059,0.3347377846442869,0.0,0.2923983675327825,0.2923983675327825,True,0.0073559693045482395,0.005541884946677003,success,0.9999761376262118,0.806257712209481,0.5,1.848755723296909e-15,0.01,"[0.005, 0.0075, 0.01, 0.015, 0.02, 0.03, 0.05, 0.08]",0.022228491112205356,0.000402599333828492,False,1.4017979219256009e-18,6.172382724214718e-05,True,success,-1.599247346645713e-17,3.4904558666076203e-17,0.0004763575189427697,-3.49045586660762e-19,0.0
0.42279824766233814,1.8160386389135654e-18,0.00039598554244127117,0.008555516600481976,2.2869889575866112e-20,9.95833984980239e-06,typ,0.02639903616275141,8.519874189822554e-08,True,0.020235458987319925,0.3229166667,0.48,-2.8635228093690667e-16,-0.022132441305262016,4.7689223334933284e-09,True,False,67,0.6458333334,916,0.0006638893233201594,0.04425928822134396,0.0006638893233201594,0.0006638893233201594,0.0,5.173187112844899,1.5724603244301996,-6.957157373821621e-05,-6.957157373821621e-05,0.4999880688131059,0.3347377846442869,0.0,0.2923983675327825,0.2923983675327825,True,0.008555516600481976,0.005541884946677003,success,0.9999761376262118,0.806257712209481,0.5,1.848755723296909e-15,0.015,"[0.005, 0.0075, 0.01, 0.015, 0.02, 0.03, 0.05, 0.08]",0.02514824098983189,0.000936582742787334,False,4.2952842140536e-18,0.0001674219934437899,True,success,7.835152915114128e-17,-1.782077431737844e-16,0.0011639671003901022,2.6731161476067657e-18,0.0
0.45008962210916365,1.0842036008180794e-18,0.0007589779596821097,0.009744276334160399,-3.3881317805830166e-21,2.114718839092459e-05,typ,0.03794889798410549,2.0606404737171802e-07,True,0.02164963566255488,0.3229166667,0.48,-1.2044307928467624e-16,-0.02197186666677951,4.7689223334933284e-09,True,False,67,0.6458333334,916,0.0010573594195462295,0.052867970977311475,0.0010573594195462295,0.0010573594195462295,0.0,5.425541021653176,1.6491667146418751,-6.957157373821621e-05,-6.957157373821621e-05,0.49998806881310587,0.3347377846442869,0.0,0.2923983675327825,0.2923983675327825,True,0.009744276334160399,0.005541884946677003,success,0.9999761376262118,0.806257712209481,0.5,1.848755723296909e-15,0.02,"[0.005, 0.0075, 0.01, 0.015, 0.02, 0.03, 0.05, 0.08]",0.0278627173834954,0.0016862818478805739,False,2.408861585693525e-18,0.0003416081030625048,True,success,-7.463786034340675e-18,1.738524064996639e-17,0.0021702164086612706,-3.4770481299932776e-19,0.0
0.49441866869233,1.040402346583443e-18,0.0018764332370564219,0.012023020154180383,2.713831765676334e-20,6.144664868179339e-05,typ,0.0625477745685474,7.387742955080433e-07,True,0.02431748822506972,0.3229166667,0.48,-7.014314065278356e-17,-0.021470590399985095,4.7689223334933284e-09,True,False,67,0.6458333334,916,0.002048221622726446,0.06827405409088154,0.002048221622726446,0.002048221622726446,0.0,5.678610965909657,1.7260907535309764,-6.957157373821621e-05,-6.957157373821621e-05,0.49998806881310587,0.3347377846442869,0.0,0.2923983675327825,0.2923983675327825,True,0.012023020154180383,0.005541884946677003,success,0.9999761376262118,0.806257712209481,0.5,1.848755723296909e-15,0.03,"[0.005, 0.0075, 0.01, 0.015, 0.02, 0.03, 0.05, 0.08]",0.032746514753802435,0.0037952313613467147,False,2.104294219583507e-18,0.0009277436229554753,True,success,3.1573813067484895e-17,-7.523987957753248e-17,0.005110749869318692,2.2571963873259742e-18,0.0
0.5553419714370745,-1.3725234318157792e-18,0.005698546646503331,0.016094946814540063,6.019363165361144e-20,0.00022947297858421034,typ,0.11397093293006662,3.6933553856869563e-06,True,0.028982046454891032,0.3229166667,0.48,4.942984691987391e-17,-0.019707518189537518,4.7689223334933284e-09,True,False,67,0.6458333334,916,0.004589459571684207,0.09178919143368412,0.004589459571684207,0.004589459571684207,0.0,5.702981966412117,1.733498649383348,-6.957157373821621e-05,-6.957157373821621e-05,0.4999880688131059,0.3347377846442869,0.0,0.2923983675327825,0.2923983675327825,True,0.016094946814540063,0.005541884946677003,success,0.9999761376262118,0.806257712209481,0.5,1.848755723296909e-15,0.05,"[0.005, 0.0075, 0.01, 0.015, 0.02, 0.03, 0.05, 0.08]",0.040268684775093766,0.010261328946121319,False,-2.4714923459936954e-18,0.0031646421289952898,True,success,3.1321315698399847e-17,-7.479817404458016e-17,0.014257454916030294,3.739908702229008e-18,0.0
0.6091413961308264,1.1610254184238343e-17,0.015151216968166016,0.020892971928751704,2.8951970145831498e-19,0.0006911521779792891,typ,0.1893902121020752,1.4440223053016889e-05,True,0.03429905119149788,0.3229166667,0.48,-2.382503934633427e-16,-0.015140690613800285,4.7689223334933284e-09,True,False,67,0.6458333334,916,0.008639402224741114,0.10799252780926392,0.008639402224741114,0.008639402224741114,0.0,5.168844728147595,1.5711403977581158,-6.957157373821621e-05,-6.957157373821621e-05,0.4999880688131059,0.3347377846442869,0.0,0.2923983675327825,0.2923983675327825,True,0.020892971928751704,0.005541884946677003,success,0.9999761376262118,0.806257712209481,0.5,1.848755723296909e-15,0.08,"[0.005, 0.0075, 0.01, 0.015, 0.02, 0.03, 0.05, 0.08]",0.04561694149265092,0.024873070627614943,False,1.9060031477067414e-17,0.009229233457069714,True,success,7.618880668302065e-17,-1.7321596374945028e-16,0.033080606260144606,1.3857277099956021e-17,0.0
0.2819511129950734,-4.7290846197845714e-20,2.945636044988035e-05,0.003834695073951997,-1.969920935272232e-21,4.874657473772847e-07,typ,0.0058912720899760695,1.8692825001880024e-09,True,0.01360056725159656,0.3229166667,0.46,3.354542260570685e-17,-0.022329200098203484,4.798828632566616e-09,True,False,69,0.6458333334,1057,9.749314947545694e-05,0.019498629895091386,9.749314947545694e-05,9.749314947545694e-05,0.0,5.084792798139306,1.5455916746505274,-6.355350878263952e-05,-6.355350878263952e-05,0.49998803996709945,0.23195230769761796,0.0,0.20371543855675603,0.20371543855675603,True,0.003834695073951997,0.002639177066100426,success,0.9999760799341987,0.8188903802158697,0.5,2.131304185059226e-15,0.005,"[0.005, 0.0075, 0.01, 0.015, 0.02, 0.03, 0.05, 0.08]",0.016548743291171425,0.00010447329019905321,False,-1.6772711302853426e-19,8.305253613627826e-06,True,success,-4.556289655664152e-17,1.0274198585714676e-16,0.00012711981995348266,-5.137099292857338e-19,0.0
0.30925831190022046,2.2816950016662715e-20,7.597428507001356e-05,0.004596183204144404,-4.5304682149529326e-21,1.4257090891569522e-06,typ,0.010129904676001809,6.5528201695792e-09,True,0.014861955288779184,0.3229166667,0.46,-9.837278046073195e-18,-0.02230930577177618,4.798828632566616e-09,True,False,69,0.6458333334,1057,0.00019009454522092697,0.025345939362790264,0.00019009454522092697,0.00019009454522092697,0.0,5.514562461290858,1.6762259875427796,-6.355350878263952e-05,-6.355350878263952e-05,0.4999880399670994,0.23195230769761796,0.0,0.20371543855675603,0.20371543855675603,True,0.004596183204144404,0.002639177066100426,success,0.9999760799341987,0.8188903802158697,0.5,2.131304185059226e-15,0.0075,"[0.005, 0.0075, 0.01, 0.015, 0.02, 0.03, 0.05, 0.08]",0.018765679569647812,0.00024566610547407377,False,7.377958534554896e-20,2.3495679148578515e-05,True,success,-5.596660500972614e-17,1.3142696925477311e-16,0.0003101941384476107,-9.85702269410798e-19,0.0
0.3338906884998955,1.1434944787933055e-19,0.0001491410877290388,0.005350874049313584,6.1145190879919806e-21,3.091495898476848e-06,typ,0.01491410877290388,1.6542205176719147e-08,True,0.016025825917320418,0.3229166667,0.46,-3.4247570183247663e-17,-0.02227809786203826,4.798828632566616e-09,True,False,69,0.6458333334,1057,0.0003091495898476848,0.030914958984768478,0.00030914958984768474,0.0003091495898476848,0.0,5.777553106250798,1.7561655578453883,-6.355350878263952e-05,-6.355350878263952e-05,0.4999880399670994,0.23195230769761796,0.0,0.20371543855675603,0.20371543855675603,True,0.005350874049313584,0.002639177066100426,success,0.9999760799341987,0.8188903802158697,0.5,2.131304185059226e-15,0.01,"[0.005, 0.0075, 0.01, 0.015, 0.02, 0.03, 0.05, 0.08]",0.020728666697761466,0.00044667639100419383,False,3.4247570183247664e-19,4.979682046547209e-05,True,success,4.754070343905111e-17,-1.1427140746802586e-16,0.0005777553106250797,1.1427140746802586e-18,1.753523549909416e-16
0.3761093721781131,-8.673617379880624e-19,0.0003840731349976437,0.006814117768855764,-2.7105054312137608e-20,9.301255657952756e-06,typ,0.025604875666509583,6.337985145152608e-08,True,0.0181173835934852,0.3229166667,0.46,1.5374282095391981e-16,-0.022177317377539803,4.798828632566616e-09,True,False,69,0.6458333334,1057,0.0006200837105301837,0.041338914035345585,0.0006200837105301837,0.0006200837105301837,0.0,6.06665682009298,1.8440425492910453,-6.355350878263952e-05,-6.355350878263952e-05,0.49998803996709934,0.23195230769761796,0.0,0.20371543855675603,0.20371543855675603,True,0.006814117768855764,0.002639177066100426,success,0.9999760799341987,0.8188903802158697,0.5,2.131304185059226e-15,0.015,"[0.005, 0.0075, 0.01, 0.015, 0.02, 0.03, 0.05, 0.08]",0.024217407598711164,0.00102117406108072,False,-2.306142314308797e-18,0.00014445350567444346,True,success,-1.0766503188699823e-16,2.6518526419783445e-16,0.0013649977845209204,-3.9777789629675164e-18,0.0
0.4109258118014311,-4.3367945815087394e-19,0.0007454866730051274,0.008211735852965567,-1.6940658936658267e-20,2.03833405599303e-05,typ,0.03727433365025637,1.6738260847918689e-07,True,0.019983499739202725,0.3229166667,0.46,5.276858324495297e-17,-0.022020433999705245,4.798828632566616e-09,True,False,69,0.6458333334,1057,0.0010191670279965151,0.050958351399825755,0.0010191670279965151,0.0010191670279965151,0.0,6.205551702131624,1.8862615308411,-6.355350878263952e-05,-6.355350878263952e-05,0.4999880399670994,0.23195230769761796,0.0,0.20371543855675603,0.20371543855675603,True,0.008211735852965567,0.002639177066100426,success,0.9999760799341987,0.8188903802158697,0.5,2.131304185059226e-15,0.02,"[0.005, 0.0075, 0.01, 0.015, 0.02, 0.03, 0.05, 0.08]",0.027342327231368372,0.0018141636558118277,False,-1.0553716648990594e-18,0.00030633971629178,True,success,-4.140713031768959e-17,1.0314907371588406e-16,0.0024822206808526493,-2.062981474317681e-18,0.0
0.4651476403812987,-7.627960401542836e-19,0.0018663522418762746,0.010827122431172382,-5.417686902546099e-20,6.129843011540669e-05,typ,0.062211741395875826,6.636856076981725e-07,True,0.023276743750214428,0.3229166667,0.46,5.466336376761233e-17,-0.021524292947664073,4.798828632566616e-09,True,False,69,0.6458333334,1057,0.00204328100384689,0.06810936679489633,0.00204328100384689,0.00204328100384689,0.0,6.290624977030144,1.9121207055682443,-6.355350878263952e-05,-6.355350878263952e-05,0.49998803996709934,0.23195230769761796,0.0,0.20371543855675603,0.20371543855675603,True,0.010827122431172382,0.002639177066100426,success,0.9999760799341987,0.8188903802158697,0.5,2.131304185059226e-15,0.03,"[0.005, 0.0075, 0.01, 0.015, 0.02, 0.03, 0.05, 0.08]",0.032843977004995785,0.004012386777553804,False,-1.63990091302837e-18,0.000868129341429096,True,success,-6.650169317482041e-17,1.6679368370146777e-16,0.005661562479327129,-5.003810511044033e-18,0.0
0.536992755245395,1.471552424315056e-18,0.005724078274491401,0.015424654283374598,-1.6042714732658394e-19,0.00023603455362711755,typ,0.114481565489828,3.64075138862893e-06,True,0.028724138515287486,0.3229166667,0.46,-5.4807161174551996e-17,-0.019759673024389805,4.798828632566616e-09,True,False,69,0.6458333334,1057,0.0047206910725423505,0.09441382145084701,0.0047206910725423505,0.0047206910725423505,0.0,6.120968400089885,1.8605512900033612,-6.355350878263952e-05,-6.355350878263952e-05,0.4999880399670994,0.23195230769761796,0.0,0.20371543855675603,0.20371543855675603,True,0.015424654283374598,0.002639177066100426,success,0.9999760799341987,0.8188903802158697,0.5,2.131304185059226e-15,0.05,"[0.005, 0.0075, 0.01, 0.015, 0.02, 0.03, 0.05, 0.08]",0.04123538189178411,0.01065950744880275,False,2.7403580587276e-18,0.0030737885638594436,True,success,-8.407799549937192e-17,2.0801392936177466e-16,0.015302421000224716,-1.0400696468088733e-17,0.0
0.599095733291202,-5.013535327519438e-18,0.015288046266008293,0.020826545924088214,-9.180335271032206e-20,0.0007243693848909781,typ,0.19110057832510366,1.5086112260435488e-05,True,0.03476330203467677,0.3229166667,0.46,1.0460630599005018e-16,-0.015158593269838252,4.798828632566616e-09,True,False,69,0.6458333334,1057,0.009054617311137226,0.11318271638921533,0.009054617311137226,0.009054617311137226,0.0,5.434540936445296,1.6519023607001282,-6.355350878263952e-05,-6.355350878263952e-05,0.49998803996709934,0.23195230769761796,0.0,0.20371543855675603,0.20371543855675603,True,0.020826545924088214,0.002639177066100426,success,0.9999760799341987,0.8188903802158697,0.5,2.131304185059226e-15,0.08,"[0.005, 0.0075, 0.01, 0.015, 0.02, 0.03, 0.05, 0.08]",0.047381422863793494,0.025518536381525594,False,-8.368504479204015e-18,0.009159003288324061,True,success,-2.3635776498817656e-17,5.509996295409533e-17,0.034781061993249894,-4.407997036327627e-18,0.0
