K0_thermo,K1_thermo,K2_thermo,L11,L12,L22,branch,c_v_electronic,cauchy_schwarz_determinant,cauchy_schwarz_ok,charge_diffusivity_proxy,chemical_potential,disorder_full_width,dmu_dT_fixed_density,electronic_energy_density,final_residual,half_filling,ill_conditioned,index,interaction,iterations,kappa_e,kappa_e_over_T,kappa_from_variance,kappa_half_filling_formula,kappa_half_relative_difference,lorenz,lorenz_over_L0,max_imag_sigma_global,max_imag_sigma_relevant,particle_density_thermo,rho_arith_zero,rho_floor_count_final,rho_typ_zero,rho_zero,scalar_diffusivities_decoupled,sigma,sigma_T0,status,sum_rule_arith_bath,sum_rule_medium,target_filling,tau_symmetry_relative_error,temperature,temperatures,thermal_diffusivity_proxy,thermodynamic_energy_variance,thermodynamic_ill_conditioned,thermodynamic_mean_energy,thermodynamic_moment_determinant,thermodynamic_moment_ok,thermodynamic_status,thermoelectric_coupling,thermopower,transport_energy_variance,transport_mean_energy,variance_identity_relative_error
0.49515942510279626,-8.267980415197219e-21,4.067232567193411e-05,0.017145017306493354,-6.822075166803062e-21,1.4061892784686289e-06,arith,0.008134465134386822,2.4109139515550043e-08,True,0.03462524681406197,0.64583333335,1.52,3.3395225844608596e-18,-0.022761078898130407,4.584494183578402e-09,True,False,0,1.2916666667,504,0.0002812378556937258,0.05624757113874515,0.0002812378556937258,0.0002812378556937258,0.0,3.2806949175514943,0.9972116766471574,-1.0826031365859313e-05,-1.0826031365859313e-05,0.4999791935534734,0.4953594902307067,0.0,0.2738956056762228,0.4953594902307067,True,0.017145017306493354,0.017159910281402353,success,0.9999583871069467,0.9999583871069467,0.5,2.2240160843294865e-15,0.005,"[0.005, 0.0075, 0.01, 0.015, 0.02, 0.03, 0.05, 0.08]",0.03457361375917011,8.213985962902845e-05,False,-1.66976129223043e-20,2.0139285397308594e-05,True,success,-4.393651894554117e-17,7.958084899942713e-17,8.201737293878735e-05,-3.9790424499713563e-19,0.0
0.4949077330844661,9.703821201982078e-20,9.131485216852245e-05,0.01712632289204658,-9.916241183285696e-21,3.1492892271528726e-06,arith,0.01217531362246966,5.393574418466392e-08,True,0.034605082416692856,0.64583333335,1.52,-2.6143111946689326e-17,-0.022735686106527847,4.584494183578402e-09,True,False,0,1.2916666667,504,0.00041990523028704967,0.05598736403827329,0.00041990523028704967,0.00041990523028704967,0.0,3.2690825924036315,0.993681953060694,-1.0826031365859313e-05,-1.0826031365859313e-05,0.4999791935534734,0.4953594902307067,0.0,0.2738956056762228,0.4953594902307067,True,0.01712632289204658,0.017159910281402353,success,0.9999583871069467,0.9999583871069467,0.5,2.2240160843294865e-15,0.0075,"[0.005, 0.0075, 0.01, 0.015, 0.02, 0.03, 0.05, 0.08]",0.03448824755627736,0.0001845088408690064,False,1.9607333960016993e-19,4.519242648366659e-05,True,success,-4.269811902117171e-17,7.720078030986848e-17,0.00018388589582270427,-5.790058523240137e-19,0.0
0.4945523971179071,7.496241583199643e-20,0.0001618360245023693,0.017100011691993502,-1.4081922748102936e-20,5.561911454506857e-06,arith,0.01618360245023693,9.510875090189985e-08,True,0.034576744125894225,0.64583333335,1.52,-1.5157628649431967e-17,-0.022700229439798256,4.584494183578402e-09,True,False,0,1.2916666667,504,0.0005561911454506857,0.05561911454506857,0.0005561911454506857,0.0005561911454506857,0.0,3.252577574032322,0.9886650290684352,-1.0826031365859313e-05,-1.0826031365859313e-05,0.4999791935534734,0.4953594902307067,0.0,0.2738956056762228,0.4953594902307067,True,0.017100011691993502,0.017159910281402353,success,0.9999583871069467,0.9999583871069467,0.5,2.2240160843294865e-15,0.01,"[0.005, 0.0075, 0.01, 0.015, 0.02, 0.03, 0.05, 0.08]",0.034367573422599926,0.0003272373674569121,False,1.5157628649431966e-19,8.003639385767909e-05,True,success,-4.5661662374027445e-17,8.235036912107093e-17,0.0003252577574032322,-8.235036912107093e-19,0.0
0.49351912221809807,2.0301639865297066e-19,0.00036079802781222194,0.017024064532282463,3.599317910653548e-20,1.2273772879642534e-05,arith,0.02405320185414813,2.0894950155761287e-07,True,0.03449524803774293,0.64583333335,1.52,-2.7424320492456055e-17,-0.022599541597868214,4.584494183578402e-09,True,False,0,1.2916666667,504,0.0008182515253095024,0.05455010168730016,0.0008182515253095024,0.0008182515253095024,0.0,3.2042936387992227,0.9739884726622523,-1.0826031365859313e-05,-1.0826031365859313e-05,0.4999791935534734,0.4953594902307067,0.0,0.2738956056762228,0.4953594902307067,True,0.017024064532282463,0.017159910281402353,success,0.9999583871069467,0.9999583871069467,0.5,2.2240160843294865e-15,0.015,"[0.005, 0.0075, 0.01, 0.015, 0.02, 0.03, 0.05, 0.08]",0.03401840346541596,0.0007310720326106767,False,4.113648073868408e-19,0.00017806072598390872,True,success,7.874074830936785e-17,-1.4095019842169963e-16,0.000720966068729825,2.114252976325494e-18,0.0
0.49203552095211933,9.361543190596018e-20,0.0006328733363860222,0.016916489830427775,-1.2381834908386906e-20,2.122127291665875e-05,arith,0.03164366681930111,3.5898944748339013e-07,True,0.03438062723132939,0.64583333335,1.52,-9.51307658894306e-18,-0.022460163765736008,4.584494183578402e-09,True,False,0,1.2916666667,504,0.0010610636458329376,0.05305318229164688,0.0010610636458329376,0.0010610636458329376,0.0,3.1361814905725804,0.953284862226015,-1.0826031365859313e-05,-1.0826031365859313e-05,0.4999791935534734,0.4953594902307067,0.0,0.2738956056762228,0.4953594902307067,True,0.016916489830427775,0.017159910281402353,success,0.9999583871069467,0.9999583871069467,0.5,2.2240160843294865e-15,0.02,"[0.005, 0.0075, 0.01, 0.015, 0.02, 0.03, 0.05, 0.08]",0.033531627415118025,0.0012862350570978552,False,1.9026153177886122e-19,0.00031139616176540226,True,success,-2.0665416743092323e-17,3.659693894094872e-17,0.001254472596229032,-7.319387788189744e-19,0.0
0.4877002863533451,9.717232151747683e-19,0.0013713271379612998,0.016610669594653567,4.4240372006117495e-20,4.423136556571691e-05,arith,0.045710904598709995,7.347125991324607e-07,True,0.03405917539818487,0.64583333335,1.52,-6.641532667809716e-17,-0.022072074432500657,4.584494183578402e-09,True,False,0,1.2916666667,504,0.0014743788521905637,0.04914596173968546,0.0014743788521905637,0.0014743788521905637,0.0,2.9586984112611536,0.899336475209053,-1.0826031365859313e-05,-1.0826031365859313e-05,0.4999791935534734,0.4953594902307067,0.0,0.2738956056762228,0.4953594902307067,True,0.016610669594653567,0.017159910281402353,success,0.9999583871069467,0.9999583871069467,0.5,2.2240160843294865e-15,0.03,"[0.005, 0.0075, 0.01, 0.015, 0.02, 0.03, 0.05, 0.08]",0.03225442299018016,0.0028118235242694848,False,1.9924598003429147e-18,0.0006687966378678391,True,success,5.161310973809258e-17,-8.87790259427732e-17,0.002662828570135038,2.663370778283196e-18,0.0
0.4748438667018618,-1.5216483385191895e-19,0.0034798090156295896,0.01574962003509891,-8.6066979513375e-21,0.0001023216846704128,arith,0.0695961803125918,1.6115276549102062e-06,True,0.03316799718714184,0.64583333335,1.52,6.409047037242582e-18,-0.020911008563060583,4.584494183578402e-09,True,False,0,1.2916666667,504,0.002046433693408256,0.040928673868165115,0.002046433693408256,0.002046433693408256,0.0,2.5987086530946955,0.7899127100194197,-1.0826031365859313e-05,-1.0826031365859313e-05,0.49997919355347337,0.4953594902307067,0.0,0.2738956056762228,0.4953594902307067,True,0.01574962003509891,0.017159910281402353,success,0.9999583871069467,0.9999583871069467,0.5,2.2240160843294865e-15,0.05,"[0.005, 0.0075, 0.01, 0.015, 0.02, 0.03, 0.05, 0.08]",0.02940439668120697,0.0073283225490505125,False,-3.204523518621291e-19,0.0016523659683655538,True,success,-6.779812455426379e-18,1.0929403924865477e-17,0.006496771632736739,-5.464701962432739e-19,0.0
0.45259880593852414,-3.5865661756014395e-19,0.008003483808333926,0.014341655543597065,-1.286822166578336e-19,0.00020921367118903044,arith,0.10004354760417408,3.000470407204452e-06,True,0.03168734728289379,0.64583333335,1.52,9.905478451727835e-18,-0.01835816073147193,4.584494183578402e-09,True,False,0,1.2916666667,504,0.0026151708898628804,0.03268963612328601,0.0026151708898628804,0.0026151708898628804,0.0,2.279348853687992,0.6928389713684194,-1.0826031365859313e-05,-1.0826031365859313e-05,0.4999791935534734,0.4953594902307067,0.0,0.2738956056762228,0.4953594902307067,True,0.014341655543597065,0.017159910281402353,success,0.9999583871069467,0.9999583871069467,0.5,2.2240160843294865e-15,0.08,"[0.005, 0.0075, 0.01, 0.015, 0.02, 0.03, 0.05, 0.08]",0.026140325413188052,0.01768339576534594,False,-7.924382761382268e-19,0.003622367215000247,True,success,-7.428888831757174e-17,1.121577424121763e-16,0.014587832663603148,-8.972619392974105e-18,0.0
0.6320502408098327,4.320188046496413e-19,5.200239892898689e-05,0.0002644130434238498,-1.6631183700149138e-23,2.0954437617161838e-08,typ,0.010400479785797377,5.540626623588965e-12,True,0.00041834181264619553,0.64583333335,1.52,-1.3670394432445898e-16,-0.004805652226016852,4.540495871023683e-09,True,False,1,1.2916666667,418,4.190887523432368e-06,0.0008381775046864736,4.190887523432368e-06,4.190887523432368e-06,0.0,3.1699552103520423,0.9635508420181942,-1.3588509924073757,-1.3588509924073757,0.499980994938369,0.630875211559293,0.0,0.06534417659396952,0.06534417659396952,True,0.0002644130434238498,0.00026733616920086433,success,0.9999619898767449,0.013925750036930676,0.5,1.0747276605612772e-14,0.005,"[0.005, 0.0075, 0.01, 0.015, 0.02, 0.03, 0.05, 0.08]",0.0004029513647202443,8.22757362806433e-05,False,6.835197216222949e-19,3.286812876575515e-05,True,success,-7.065513301353258e-18,1.2579699915551913e-17,7.924888025880106e-05,-6.289849957775956e-20,0.0
0.6321287234160642,1.378969638130001e-18,0.00011702866796701157,0.0002606731473621447,-3.4634714638320165e-22,4.437592336020172e-08,typ,0.015603822395601543,1.1567611609405101e-11,True,0.0004123735209396122,0.64583333335,1.52,-2.9086262276412323e-16,-0.00477314815804529,4.540495871023683e-09,True,False,1,1.2916666667,418,5.9167897813602295e-06,0.0007889053041813639,5.9167897813602295e-06,5.9167897813602295e-06,0.0,3.0264156940007467,0.9199200609297083,-1.3588509924073757,-1.3588509924073757,0.499980994938369,0.630875211559293,0.0,0.06534417659396952,0.06534417659396952,True,0.0002606731473621447,0.00026733616920086433,success,0.9999619898767449,0.013925750036930676,0.5,1.0747276605612772e-14,0.0075,"[0.005, 0.0075, 0.01, 0.015, 0.02, 0.03, 0.05, 0.08]",0.00037918848544623744,0.00018513423553130309,False,2.181469670730924e-18,7.397718248506947e-05,True,success,-1.0183328753231334e-16,1.7715526123450065e-16,0.00017023588278754199,-1.3286644592587548e-18,0.0
0.6321926094734166,8.453388813597825e-19,0.00020808326911563632,0.0002556186570127958,-5.252855383653149e-22,7.261560374358052e-08,typ,0.020808326911563632,1.85619031071074e-11,True,0.0004043366739540229,0.64583333335,1.52,-1.3371540076431858e-16,-0.004727631297219953,4.540495871023683e-09,True,False,1,1.2916666667,418,7.261560374358052e-06,0.0007261560374358053,7.261560374358052e-06,7.261560374358052e-06,0.0,2.840778704973226,0.8634931825615041,-1.3588509924073757,-1.3588509924073757,0.4999809949383691,0.630875211559293,0.0,0.06534417659396952,0.06534417659396952,True,0.0002556186570127958,0.00026733616920086433,success,0.9999619898767449,0.013925750036930676,0.5,1.0747276605612772e-14,0.01,"[0.005, 0.0075, 0.01, 0.015, 0.02, 0.03, 0.05, 0.08]",0.0003489737740674695,0.0003291453680373752,False,1.3371540076431859e-18,0.00013154870488997332,True,success,-1.2192259391258738e-16,2.054957742536845e-16,0.0002840778704973226,-2.054957742536845e-18,0.0
0.6321902801973127,9.890451399058354e-19,0.0004652845261404515,0.00024242668242504615,-2.8744531895793894e-22,1.3138247208769427e-07,typ,0.031018968409363436,3.1850616837020946e-11,True,0.0003834710687886287,0.64583333335,1.52,-1.0429825437969348e-16,-0.004597851609671799,4.540495871023683e-09,True,False,1,1.2916666667,418,8.758831472512952e-06,0.0005839220981675302,8.758831472512952e-06,8.758831472512952e-06,0.0,2.4086544118264213,0.7321431479747758,-1.3588509924073757,-1.3588509924073757,0.4999809949383691,0.630875211559293,0.0,0.06534417659396952,0.06534417659396952,True,0.00024242668242504615,0.00026733616920086433,success,0.9999619898767449,0.013925750036930676,0.5,1.0747276605612772e-14,0.015,"[0.005, 0.0075, 0.01, 0.015, 0.02, 0.03, 0.05, 0.08]",0.0002823701728865038,0.0007359881047130806,False,1.5644738156954022e-18,0.0002941483549522059,True,success,-5.093265514879041e-17,7.90466671084667e-17,0.0005419472426609447,-1.1857000066270005e-18,0.0
0.6311972096517374,5.103972794287631e-19,0.000805649270527316,0.0002268037138852294,-2.6599408521600504e-22,1.8023749804208847e-07,typ,0.0402824635263658,4.0878533937327426e-11,True,0.000359323061663039,0.64583333335,1.52,-4.0430888446922504e-17,-0.004419037976217316,4.540495871023683e-09,True,False,1,1.2916666667,418,9.011874902104424e-06,0.0004505937451052212,9.011874902104424e-06,9.011874902104424e-06,0.0,1.986712375147602,0.6038881482205057,-1.3588509924073757,-1.3588509924073757,0.499980994938369,0.630875211559293,0.0,0.06534417659396952,0.06534417659396952,True,0.0002268037138852294,0.00026733616920086433,success,0.9999619898767449,0.013925750036930676,0.5,1.0747276605612772e-14,0.02,"[0.005, 0.0075, 0.01, 0.015, 0.02, 0.03, 0.05, 0.08]",0.00022371707470686205,0.00127638281381477,False,8.086177689384501e-19,0.0005085235715147996,True,success,-4.160296884441978e-17,5.863971110953839e-17,0.0007946849500590407,-1.1727942221907677e-18,0.0
0.622642834541967,1.4834018353270563e-18,0.0016302426754374571,0.00019472068701262792,3.8633474147981418e-22,2.3426483271486453e-07,typ,0.05434142251458191,4.5616209169136776e-11,True,0.0003127325590374291,0.64583333335,1.52,-7.941427267947212e-17,-0.00394108129209294,4.540495871023683e-09,True,False,1,1.2916666667,418,7.808827757162151e-06,0.00026029425857207174,7.808827757162151e-06,7.808827757162151e-06,0.0,1.3367570881423156,0.40632543123859277,-1.3588509924073757,-1.3588509924073757,0.49998099493836906,0.630875211559293,0.0,0.06534417659396952,0.06534417659396952,True,0.00019472068701262792,0.00026733616920086433,success,0.9999619898767449,0.013925750036930676,0.5,1.0747276605612772e-14,0.03,"[0.005, 0.0075, 0.01, 0.015, 0.02, 0.03, 0.05, 0.08]",0.00014369936221428028,0.0026182629671418415,False,2.3824281803841635e-18,0.0010150589204256583,True,success,5.720107207434655e-17,-6.613485661725639e-17,0.001203081379328084,1.9840456985176916e-18,0.0
0.5845819195036956,1.7031351443860543e-17,0.0036105693720953733,0.0001438441536772373,-3.217437353585338e-22,2.408252741740329e-07,typ,0.07221138744190746,3.4641307747652393e-11,True,0.0002460632956273427,0.64583333335,1.52,-5.826848513659127e-16,-0.0026647162582064186,4.540495871023683e-09,True,False,1,1.2916666667,418,4.816505483480657e-06,9.633010966961315e-05,4.816505483480657e-06,4.816505483480657e-06,0.0,0.6696838710995661,0.20355948745797237,-1.3588509924073757,-1.3588509924073757,0.499980994938369,0.630875211559293,0.0,0.06534417659396952,0.06534417659396952,True,0.0001438441536772373,0.00026733616920086433,success,0.9999619898767449,0.013925750036930676,0.5,1.0747276605612772e-14,0.05,"[0.005, 0.0075, 0.01, 0.015, 0.02, 0.03, 0.05, 0.08]",6.670008227380251e-05,0.006176327477183542,False,2.913424256829564e-17,0.0021106735740407663,True,success,-5.46654541105509e-17,4.473504513509447e-17,0.0016742096777489154,-2.2367522567547237e-18,0.0
0.5249338673254392,6.432561145706993e-17,0.0077789979576341275,9.936677138146571e-05,-4.67466328785554e-22,1.978196821612077e-07,typ,0.09723747447042659,1.9656703132066936e-11,True,0.00018929388550931894,0.64583333335,1.52,-1.5317551281462295e-15,-0.00013155323961132193,4.540495871023683e-09,True,False,1,1.2916666667,418,2.472746027015096e-06,3.09093253376887e-05,2.4727460270150965e-06,2.472746027015096e-06,0.0,0.31106299327195436,0.0945518119969289,-1.3588509924073757,-1.3588509924073757,0.49998099493836906,0.630875211559293,0.0,0.06534417659396952,0.06534417659396952,True,9.936677138146571e-05,0.00026733616920086433,success,0.9999619898767449,0.013925750036930676,0.5,1.0747276605612772e-14,0.08,"[0.005, 0.0075, 0.01, 0.015, 0.02, 0.03, 0.05, 0.08]",2.5429969674573838e-05,0.014819005672597309,False,1.2254041025169836e-16,0.004083459481817576,True,success,-1.0543747454857195e-16,5.880566540083183e-17,0.0019908031569405085,-4.704453232066547e-18,1.7127374546361551e-16
0.4925919018992659,-1.7679222664640463e-19,4.04548101425683e-05,0.01694579221950317,-1.1213774140477421e-21,1.3893533250944249e-06,arith,0.00809096202851366,2.3543692766525963e-08,True,0.03440128056138558,0.64583333335,1.5,7.178040319573029e-17,-0.02203241605730756,4.681457881023172e-09,True,False,2,1.2916666667,506,0.00027787066501888495,0.05557413300377699,0.00027787066501888495,0.00027787066501888495,0.0,3.2795240425417154,0.9968557733214933,-1.0710805267956304e-05,-1.0710805267956304e-05,0.4999792015368774,0.49281602766095245,0.0,0.26973025342066453,0.49281602766095245,True,0.01694579221950317,0.016962399747332726,success,0.9999584030737548,0.9999584030737548,0.5,2.1476438203410045e-15,0.005,"[0.005, 0.0075, 0.01, 0.015, 0.02, 0.03, 0.05, 0.08]",0.034343340636086364,8.212642145879457e-05,False,-3.5890201597865146e-19,1.992771186910143e-05,True,success,-7.308268821467496e-18,1.3234877419978415e-17,8.19881010635429e-05,-6.617438709989208e-20,0.0
0.49231005685077983,6.680972371468294e-19,9.080192507546702e-05,0.016924960892962713,8.735027268559972e-21,3.1097587141695813e-06,arith,0.012106923343395604,5.263254462387018e-08,True,0.03437866169386969,0.64583333335,1.5,-1.8094213266615733e-16,-0.022007162477403377,4.681457881023172e-09,True,False,2,1.2916666667,506,0.00041463449522261085,0.05528459936301478,0.00041463449522261085,0.00041463449522261085,0.0,3.266453595529532,0.9928828338354667,-1.0710805267956304e-05,-1.0710805267956304e-05,0.4999792015368774,0.49281602766095245,0.0,0.26973025342066453,0.49281602766095245,True,0.016924960892962713,0.016962399747332726,success,0.9999584030737548,0.9999584030737548,0.5,2.1476438203410045e-15,0.0075,"[0.005, 0.0075, 0.01, 0.015, 0.02, 0.03, 0.05, 0.08]",0.03424771789348087,0.00018444052444573414,False,1.3570659949961799e-18,4.470270089606342e-05,True,success,3.807475183934219e-17,-6.881376623794298e-17,0.00018373801474853618,5.161032467845724e-19,0.0
0.4919124137689955,1.8422966602780106e-19,0.00016086561681775207,0.016895673999031757,6.180693536996025e-21,5.487600929631774e-06,arith,0.016086561681775205,9.271671634384206e-08,True,0.03434691527619396,0.64583333335,1.5,-3.745172125587304e-17,-0.021971911689309287,4.681457881023172e-09,True,False,2,1.2916666667,506,0.0005487600929631774,0.054876009296317745,0.0005487600929631774,0.0005487600929631774,0.0,3.2479325358350626,0.9872531067638045,-1.0710805267956304e-05,-1.0710805267956304e-05,0.4999792015368774,0.49281602766095245,0.0,0.26973025342066453,0.49281602766095245,True,0.016895673999031757,0.016962399747332726,success,0.9999584030737548,0.9999584030737548,0.5,2.1476438203410045e-15,0.01,"[0.005, 0.0075, 0.01, 0.015, 0.02, 0.03, 0.05, 0.08]",0.03411295115878485,0.00032702085232046076,False,3.745172125587304e-19,7.913179386125874e-05,True,success,2.0298230924111443e-17,-3.6581515110614846e-17,0.0003247932535835062,3.6581515110614843e-19,0.0
0.49075854395562446,6.50246644993005e-19,0.00035825111753248984,0.016811390574731674,4.1075236922590655e-20,1.2082495379339361e-05,arith,0.023883407835499325,2.0312354893946474e-07,True,0.03425593050143983,0.64583333335,1.5,-8.83321887449132e-17,-0.021871881514240396,4.681457881023172e-09,True,False,2,1.2916666667,506,0.0008054996919559575,0.0536999794637305,0.0008054996919559575,0.0008054996919559575,0.0,3.194261606439871,0.970939100483289,-1.0710805267956304e-05,-1.0710805267956304e-05,0.4999792015368774,0.49281602766095245,0.0,0.26973025342066453,0.49281602766095245,True,0.016811390574731674,0.016962399747332726,success,0.9999584030737548,0.9999584030737548,0.5,2.1476438203410045e-15,0.015,"[0.005, 0.0075, 0.01, 0.015, 0.02, 0.03, 0.05, 0.08]",0.033726329906685074,0.0007299946622322764,False,1.324982831173698e-18,0.00017581479681072,True,success,9.113809345522443e-17,-1.6288653315143246e-16,0.0007187088614489708,2.443297997271487e-18,0.0
0.4891109210247107,5.251143217899069e-19,0.0006275738874812304,0.01669280586859664,3.968232791793798e-20,2.083326670580068e-05,arith,0.031378694374061517,3.477656767286286e-07,True,0.034128875784708336,0.64583333335,1.5,-5.368049446634388e-17,-0.02173358200007111,4.681457881023172e-09,True,False,2,1.2916666667,506,0.001041663335290034,0.0520831667645017,0.001041663335290034,0.001041663335290034,0.0,3.1200965957726265,0.9483956404863336,-1.0710805267956304e-05,-1.0710805267956304e-05,0.49997920153687747,0.49281602766095245,0.0,0.26973025342066453,0.49281602766095245,True,0.01669280586859664,0.016962399747332726,success,0.9999584030737548,0.9999584030737548,0.5,2.1476438203410045e-15,0.02,"[0.005, 0.0075, 0.01, 0.015, 0.02, 0.03, 0.05, 0.08]",0.033196516173442235,0.0012830911363958775,False,1.0736098893268777e-18,0.00030695324211700277,True,success,6.729050435064068e-17,-1.188605685296754e-16,0.0012480386383090505,2.377211370593508e-18,0.0
0.48437354660466325,-3.8801367509899326e-19,0.0013567244593206652,0.016361350732497667,-2.869855566979588e-20,4.3211858109241464e-05,arith,0.045224148644022175,7.070043663282231e-07,True,0.03377837383396889,0.64583333335,1.5,2.670209647209071e-17,-0.021349247130189156,4.681457881023172e-09,True,False,2,1.2916666667,506,0.0014403952703080489,0.048013175676934965,0.0014403952703080489,0.0014403952703080489,0.0,2.934548403853295,0.8919957532024467,-1.0710805267956304e-05,-1.0710805267956304e-05,0.4999792015368774,0.49281602766095245,0.0,0.26973025342066453,0.49281602766095245,True,0.016361350732497667,0.016962399747332726,success,0.9999584030737548,0.9999584030737548,0.5,2.1476438203410045e-15,0.03,"[0.005, 0.0075, 0.01, 0.015, 0.02, 0.03, 0.05, 0.08]",0.03185013567963415,0.0028009879334471555,False,-8.010628941627212e-19,0.0006571614381264448,True,success,-3.4130998389188375e-17,5.846818749667469e-17,0.002641093563467965,-1.7540456249002406e-18,0.0
0.4708659765933305,2.2997126526678734e-18,0.0034426231471831803,0.015463064362911949,-1.3539395663813645e-21,9.982701421614679e-05,arith,0.0688524629436636,1.543631545981604e-06,True,0.03283962981310672,0.64583333335,1.5,-9.768013689611088e-17,-0.020201135256293554,4.681457881023172e-09,True,False,2,1.2916666667,506,0.0019965402843229356,0.03993080568645871,0.0019965402843229356,0.0019965402843229356,0.0,2.582334571550544,0.784935586050091,-1.0710805267956304e-05,-1.0710805267956304e-05,0.49997920153687747,0.49281602766095245,0.0,0.26973025342066453,0.49281602766095245,True,0.015463064362911949,0.016962399747332726,success,0.9999584030737548,0.9999584030737548,0.5,2.1476438203410045e-15,0.05,"[0.005, 0.0075, 0.01, 0.015, 0.02, 0.03, 0.05, 0.08]",0.028997369142140104,0.007311259080747825,False,4.8840068448055445e-18,0.0016210141102412131,True,success,-1.089751454174469e-18,1.7511917878693942e-18,0.00645583642887636,-8.755958939346971e-20,0.0
0.4485740874915521,-2.1952579950331263e-18,0.007964252829257994,0.014058738379012604,-2.773207350206374e-22,0.00020628751609007154,arith,0.09955316036572492,2.9001422195666688e-06,True,0.03134095073932992,0.64583333335,1.5,6.11732280198438e-17,-0.017668202398062414,4.681457881023172e-09,True,False,2,1.2916666667,506,0.0025785939511258943,0.03223242438907368,0.0025785939511258943,0.0025785939511258943,0.0,2.292696792565072,0.6968962582670534,-1.0710805267956304e-05,-1.0710805267956304e-05,0.4999792015368775,0.49281602766095245,0.0,0.26973025342066453,0.49281602766095245,True,0.014058738379012604,0.016962399747332726,success,0.9999584030737548,0.9999584030737548,0.5,2.1476438203410045e-15,0.08,"[0.005, 0.0075, 0.01, 0.015, 0.02, 0.03, 0.05, 0.08]",0.025901678476635045,0.017754598518595847,False,-4.893858241587504e-18,0.0035725574454364166,True,success,-1.6284434990015282e-19,2.4657327665567047e-19,0.014673259472416461,-1.972586213245364e-20,0.0
0.6411060248871422,1.8029647391390896e-19,5.2741032189059356e-05,0.00021126236366479718,-1.8144769935705336e-22,1.66231018925575e-08,typ,0.010548206437811871,3.511835797262461e-12,True,0.0003295279648978295,0.64583333335,1.5,-5.624544674826528e-17,-0.004077287942384253,4.480356555178384e-09,True,False,3,1.2916666667,417,3.3246203785115e-06,0.0006649240757022999,3.3246203785115e-06,3.3246203785115e-06,0.0,3.1473853845416233,0.9566904376210551,-1.7538916595541492,-1.7538916595541492,0.4999806210148193,0.6391148524403141,0.0,0.05847646397917793,0.05847646397917793,True,0.00021126236366479718,0.0002140197212669988,success,0.9999612420296397,0.012214056848081273,0.5,1.3424630870826275e-14,0.005,"[0.005, 0.0075, 0.01, 0.015, 0.02, 0.03, 0.05, 0.08]",0.0003151834767467029,8.226569419362996e-05,False,2.812272337413264e-19,3.381259349517265e-05,True,success,-9.682429986185319e-17,1.7177475079749677e-16,7.868463461354059e-05,-8.588737539874838e-19,0.0
0.641161172419859,-1.1306831054660842e-18,0.00011869830381690296,0.00020771957900135002,-3.604334506036115e-23,3.481726232847122e-08,typ,0.015826440508920396,7.232227072849606e-12,True,0.0003239740457416947,0.64583333335,1.5,2.351323721405192e-16,-0.0040443205344951605,4.480356555178384e-09,True,False,3,1.2916666667,417,4.642301643796163e-06,0.0006189735525061552,4.642301643796163e-06,4.642301643796163e-06,0.0,2.979851757268063,0.905766321375301,-1.7538916595541492,-1.7538916595541492,0.49998062101481927,0.6391148524403141,0.0,0.05847646397917793,0.05847646397917793,True,0.00020771957900135002,0.0002140197212669988,success,0.9999612420296397,0.012214056848081273,0.5,1.3424630870826275e-14,0.0075,"[0.005, 0.0075, 0.01, 0.015, 0.02, 0.03, 0.05, 0.08]",0.0002933256938715678,0.0001851302120633942,False,-1.763492791053894e-18,7.610474363949413e-05,True,success,-1.3402600203584189e-17,2.3135899680165695e-17,0.00016761666134632852,-1.7351924760124272e-19,0.0
0.6412187822700574,-2.2404021454876348e-18,0.00021096627177031595,0.0002029840815404217,1.7986008444199896e-22,5.6187435616656974e-08,typ,0.021096627177031594,1.1405155012758694e-11,True,0.0003165597876310061,0.64583333335,1.5,3.493974611217894e-16,-0.003998160840110038,4.480356555178384e-09,True,False,3,1.2916666667,417,5.618743561665698e-06,0.0005618743561665697,5.618743561665697e-06,5.618743561665698e-06,0.0,2.7680710324798525,0.84139270025078,-1.7538916595541492,-1.7538916595541492,0.4999806210148193,0.6391148524403141,0.0,0.05847646397917793,0.05847646397917793,True,0.0002029840815404217,0.0002140197212669988,success,0.9999612420296397,0.012214056848081273,0.5,1.3424630870826275e-14,0.01,"[0.005, 0.0075, 0.01, 0.015, 0.02, 0.03, 0.05, 0.08]",0.0002663337373560338,0.0003290082536625773,False,-3.493974611217894e-18,0.00013527553588461597,True,success,5.3257919488869034e-17,-8.86079751067485e-17,0.00027680710324798526,8.860797510674851e-19,1.5075130907081195e-16
0.641015054728619,-9.083342022249753e-19,0.0004692017256537596,0.00019089212985275134,-2.3657371625907124e-22,9.862961442325268e-08,typ,0.031280115043583974,1.8827617163810346e-11,True,0.0002977966405696473,0.64583333335,1.5,9.446831714007393e-17,-0.0038668774974448816,4.480356555178384e-09,True,False,3,1.2916666667,417,6.575307628216846e-06,0.0004383538418811231,6.575307628216846e-06,6.575307628216846e-06,0.0,2.296343187219172,0.6980046293341948,-1.7538916595541492,-1.7538916595541492,0.4999806210148194,0.6391148524403141,0.0,0.05847646397917793,0.05847646397917793,True,0.00019089212985275134,0.0002140197212669988,success,0.9999612420296397,0.012214056848081273,0.5,1.3424630870826275e-14,0.015,"[0.005, 0.0075, 0.01, 0.015, 0.02, 0.03, 0.05, 0.08]",0.0002102072712665915,0.0007319667801755476,False,-1.417024757101109e-18,0.0003007653698487072,True,success,-5.452162767515252e-17,8.262038406771313e-17,0.0005166772171243136,-1.239305761015697e-18,0.0
0.6391676509103885,8.692176767795882e-19,0.000803389448620672,0.00017702038187325815,-2.8336830516539487e-22,1.3164836441463767e-07,typ,0.04016947243103361,2.330444374166901e-11,True,0.00027695453864275187,0.64583333335,1.5,-6.799606296888863e-17,-0.0036875594426267894,4.480356555178384e-09,True,False,3,1.2916666667,417,6.582418220731883e-06,0.00032912091103659417,6.582418220731883e-06,6.582418220731883e-06,0.0,1.8592260820691027,0.5651369618818431,-1.7538916595541492,-1.7538916595541492,0.4999806210148194,0.6391148524403141,0.0,0.05847646397917793,0.05847646397917793,True,0.00017702038187325815,0.0002140197212669988,success,0.9999612420296397,0.012214056848081273,0.5,1.3424630870826275e-14,0.02,"[0.005, 0.0075, 0.01, 0.015, 0.02, 0.03, 0.05, 0.08]",0.00016386618549778424,0.001256930708987504,False,1.3599212593777728e-18,0.0005135005466410672,True,success,-5.869916211654365e-17,8.003832727247164e-17,0.0007436904328276411,-1.600766545449433e-18,0.0
0.6269781566580769,-2.88543302929487e-18,0.0015928950141749457,0.0001497126035922305,-4.692460225292339e-22,1.6443341626707902e-07,typ,0.05309650047249819,2.461775486690943e-11,True,0.0002387844010232025,0.64583333335,1.5,1.534042294059506e-16,-0.003216459114835727,4.480356555178384e-09,True,False,3,1.2916666667,417,5.4811138755693005e-06,0.00018270379585231001,5.4811138755693e-06,5.4811138755693005e-06,0.0,1.2203634929089673,0.3709460207263027,-1.7538916595541492,-1.7538916595541492,0.4999806210148193,0.6391148524403141,0.0,0.05847646397917793,0.05847646397917793,True,0.0001497126035922305,0.0002140197212669988,success,0.9999612420296397,0.012214056848081273,0.5,1.3424630870826275e-14,0.03,"[0.005, 0.0075, 0.01, 0.015, 0.02, 0.03, 0.05, 0.08]",0.00010322928680409536,0.0025405909237179894,False,-4.602126882178518e-18,0.0009987103797372487,True,success,-9.457500625136923e-17,1.0447706945842956e-16,0.0010983271436180704,-3.134312083752886e-18,1.5453664464621665e-16
0.5819217516513452,-1.311698264634171e-17,0.0035132109425596338,0.00010867675373575579,-3.3308891936264274e-22,1.6287000862450924e-07,typ,0.07026421885119268,1.7700183818226214e-11,True,0.00018675492611740143,0.64583333335,1.5,4.508160284134101e-16,-0.0019759157648334374,4.480356555178384e-09,True,False,3,1.2916666667,417,3.257400172490185e-06,6.51480034498037e-05,3.257400172490185e-06,3.257400172490185e-06,0.0,0.5994658582479292,0.18221577093255018,-1.7538916595541492,-1.7538916595541492,0.4999806210148193,0.6391148524403141,0.0,0.05847646397917793,0.05847646397917793,True,0.00010867675373575579,0.0002140197212669988,success,0.9999612420296397,0.012214056848081273,0.5,1.3424630870826275e-14,0.05,"[0.005, 0.0075, 0.01, 0.015, 0.02, 0.03, 0.05, 0.08]",4.635930244081684e-05,0.006037256611546207,False,-2.2540801420670506e-17,0.0020444138656149757,True,success,-7.917194189742811e-17,6.129901895533948e-17,0.0014986646456198233,-3.064950947766974e-18,0.0
0.5193830441503978,-4.0653613250594213e-17,0.007709006059340163,7.43123552391905e-05,-1.6191505370923165e-22,1.3236732976475906e-07,typ,0.09636257574175204,9.83652803154185e-12,True,0.00014307813101744588,0.64583333335,1.5,9.784111579223536e-16,0.0005131997258022825,4.480356555178384e-09,True,False,3,1.2916666667,417,1.6545916220594883e-06,2.0682395275743604e-05,1.6545916220594883e-06,1.6545916220594883e-06,0.0,0.27831704713399014,0.08459823793036858,-1.7538916595541492,-1.7538916595541492,0.4999806210148193,0.6391148524403141,0.0,0.05847646397917793,0.05847646397917793,True,7.43123552391905e-05,0.0002140197212669988,success,0.9999612420296397,0.012214056848081273,0.5,1.3424630870826275e-14,0.08,"[0.005, 0.0075, 0.01, 0.015, 0.02, 0.03, 0.05, 0.08]",1.7170479403681876e-05,0.01484262173392758,False,-7.827289263378829e-17,0.004003927034473956,True,success,-5.162574254671842e-17,2.7235554099327222e-17,0.001781229101657537,-2.178844327946178e-18,0.0
0.48912637733723,1.4158524842703982e-19,4.016277888303357e-05,0.016679357607762603,-2.9137323986081027e-21,1.3669588469356802e-06,arith,0.008032555776606713,2.2799995443135035e-08,True,0.034100302867663496,0.64583333335,1.48,-5.789311514861253e-17,-0.021337262870839188,4.6268254270511896e-09,True,False,4,1.2916666667,511,0.00027339176938713603,0.054678353877427206,0.00027339176938713603,0.00027339176938713603,0.0,3.2782050222353765,0.9964548392254337,-1.0597364161264397e-05,-1.0597364161264397e-05,0.4999792093128779,0.4893771071312424,0.0,0.2649376225132755,0.4893771071312424,True,0.016679357607762603,0.01669780154204395,success,0.9999584186257561,0.9999584186257561,0.5,2.0777866734239107e-15,0.005,"[0.005, 0.0075, 0.01, 0.015, 0.02, 0.03, 0.05, 0.08]",0.034035464799801005,8.211125129189913e-05,False,2.8946557574306267e-19,1.9644674538854413e-05,True,success,-1.9296666137265922e-17,3.493818487652122e-17,8.195512555588443e-05,-1.746909243826061e-19,0.0
0.48881127635236926,-3.9895251815677546e-19,9.011905176659308e-05,0.01665624570368581,-2.8512915714702864e-21,3.0576231857892262e-06,arith,0.012015873568879077,5.0928523051791925e-08,True,0.034075002990886054,0.64583333335,1.48,1.088225081150222e-16,-0.021312195396971545,4.6268254270511896e-09,True,False,4,1.2916666667,511,0.00040768309143856353,0.054357745525141804,0.00040768309143856353,0.00040768309143856353,0.0,3.263505263560872,0.9919866483809612,-1.0597364161264397e-05,-1.0597364161264397e-05,0.4999792093128779,0.4893771071312424,0.0,0.2649376225132755,0.4893771071312424,True,0.01665624570368581,0.01669780154204395,success,0.9999584186257561,0.9999584186257561,0.5,2.0777866734239107e-15,0.0075,"[0.005, 0.0075, 0.01, 0.015, 0.02, 0.03, 0.05, 0.08]",0.033928710143426966,0.00018436369234172288,False,-8.161688108626665e-19,4.40512087176936e-05,True,success,-1.2634588141029636e-17,2.2824603832857987e-17,0.00018357217107529904,-1.7118452874643489e-19,0.0
0.4883671566776647,1.694065894508507e-19,0.00015958809990767475,0.016623800048055786,2.9778502051906973e-21,5.39070197567331e-06,arith,0.015958809990767476,8.961395176225239e-08,True,0.03403955368568721,0.64583333335,1.48,-3.468836655669364e-17,-0.02127721714002273,4.6268254270511896e-09,True,False,4,1.2916666667,511,0.000539070197567331,0.0539070197567331,0.000539070197567331,0.000539070197567331,0.0,3.242761558783169,0.9856813182173488,-1.0597364161264397e-05,-1.0597364161264397e-05,0.4999792093128779,0.4893771071312424,0.0,0.2649376225132755,0.4893771071312424,True,0.016623800048055786,0.01669780154204395,success,0.9999584186257561,0.9999584186257561,0.5,2.0777866734239107e-15,0.01,"[0.005, 0.0075, 0.01, 0.015, 0.02, 0.03, 0.05, 0.08]",0.03377884678614477,0.0003267789361457964,False,3.468836655669364e-19,7.79375865915022e-05,True,success,9.947524858335248e-18,-1.7913173862669068e-17,0.0003242761558783169,1.7913173862669068e-19,0.0
0.48708233237238513,-2.1711831640908413e-19,0.0003549958644516326,0.016530795096209992,1.0581905661845372e-20,1.1840355875616941e-05,arith,0.023666390963442176,1.957304968460297e-07,True,0.03393840013801165,0.64583333335,1.48,2.9716853733479624e-17,-0.021178039536394036,4.6268254270511896e-09,True,False,4,1.2916666667,511,0.0007893570583744628,0.052623803891630856,0.0007893570583744628,0.0007893570583744628,0.0,3.183380084585035,0.9676315144608033,-1.0597364161264397e-05,-1.0597364161264397e-05,0.499979209312878,0.4893771071312424,0.0,0.2649376225132755,0.4893771071312424,True,0.016530795096209992,0.01669780154204395,success,0.9999584186257561,0.9999584186257561,0.5,2.0777866734239107e-15,0.015,"[0.005, 0.0075, 0.01, 0.015, 0.02, 0.03, 0.05, 0.08]",0.033353503691956846,0.0007288210654707764,False,-4.457528060021943e-19,0.0001729122136396523,True,success,2.391853832737794e-17,-4.2675526092395805e-17,0.0007162605190316329,6.401328913859371e-19,0.0
0.485261180886726,5.6444870744636135e-19,0.0006210391619330925,0.016401039313703444,5.864555384461967e-20,2.0359046543696278e-05,arith,0.031051958096654623,3.339095227526809e-07,True,0.03379837489521323,0.64583333335,1.48,-5.815926862467493e-17,-0.021041092437486794,4.6268254270511896e-09,True,False,4,1.2916666667,511,0.0010179523271848139,0.05089761635924069,0.0010179523271848139,0.0010179523271848139,0.0,3.1033165268200147,0.9432951111426976,-1.0597364161264397e-05,-1.0597364161264397e-05,0.499979209312878,0.4893771071312424,0.0,0.2649376225132755,0.4893771071312424,True,0.016401039313703444,0.01669780154204395,success,0.9999584186257561,0.9999584186257561,0.5,2.0777866734239107e-15,0.02,"[0.005, 0.0075, 0.01, 0.015, 0.02, 0.03, 0.05, 0.08]",0.03278222661566978,0.001279803920845795,False,1.1631853724934986e-18,0.0003013661970965551,True,success,1.0148940109117916e-16,-1.7878609008521784e-16,0.001241326610728006,3.575721801704357e-18,0.0
0.4801243289501565,-3.2224383324115847e-19,0.001339947156134076,0.016045398552897234,4.921949883608832e-21,4.20476435852118e-05,arith,0.044664905204469196,6.746711995348961e-07,True,0.0334192574410512,0.64583333335,1.48,2.237224914539527e-17,-0.02066120737641306,4.6268254270511896e-09,True,False,4,1.2916666667,511,0.0014015881195070601,0.04671960398356867,0.0014015881195070601,0.0014015881195070601,0.0,2.911713525192103,0.8850547823996032,-1.0597364161264397e-05,-1.0597364161264397e-05,0.499979209312878,0.4893771071312424,0.0,0.2649376225132755,0.4893771071312424,True,0.016045398552897234,0.01669780154204395,success,0.9999584186257561,0.9999584186257561,0.5,2.0777866734239107e-15,0.03,"[0.005, 0.0075, 0.01, 0.015, 0.02, 0.03, 0.05, 0.08]",0.03138007599234346,0.0027908336973133906,False,-6.71167474361858e-19,0.0006433412291675437,True,success,5.992266247710664e-18,-1.0225049604060476e-17,0.0026205421726728925,3.067514881218143e-19,0.0
0.46608441532130424,-1.8034791391951984e-18,0.0034039417963042614,0.01511997313787181,7.840617551722003e-20,9.723433613832704e-05,arith,0.06807883592608523,1.470180550490303e-06,True,0.032440417745889585,0.64583333335,1.48,7.738851932871153e-17,-0.019527157266594417,4.6268254270511896e-09,True,False,4,1.2916666667,511,0.0019446867227665406,0.03889373445533081,0.0019446867227665406,0.0019446867227665406,0.0,2.572341504887438,0.7818980580225228,-1.0597364161264397e-05,-1.0597364161264397e-05,0.4999792093128779,0.4893771071312424,0.0,0.2649376225132755,0.4893771071312424,True,0.01511997313787181,0.01669780154204395,success,0.9999584186257561,0.9999584186257561,0.5,2.0777866734239107e-15,0.05,"[0.005, 0.0075, 0.01, 0.015, 0.02, 0.03, 0.05, 0.08]",0.0285652170210127,0.007303273150546535,False,-3.869425966435577e-18,0.0015865242219182218,True,success,6.466435260207157e-17,-1.0371205663167728e-16,0.006430853762218596,5.185602831583865e-18,0.0
0.4440047836222467,1.281206533523103e-18,0.007928366166766935,0.013737615889589954,3.605244697117332e-20,0.00020354937709017397,arith,0.09910457708458668,2.796283157030111e-06,True,0.030940242980079538,0.64583333335,1.48,-3.606961514780481e-17,-0.017013852625696678,4.6268254270511896e-09,True,False,4,1.2916666667,511,0.0025443672136271746,0.03180459017033968,0.0025443672136271746,0.0025443672136271746,0.0,2.315146268898118,0.703720080809698,-1.0597364161264397e-05,-1.0597364161264397e-05,0.49997920931287787,0.4893771071312424,0.0,0.2649376225132755,0.4893771071312424,True,0.013737615889589954,0.01669780154204395,success,0.9999584186257561,0.9999584186257561,0.5,2.0777866734239107e-15,0.08,"[0.005, 0.0075, 0.01, 0.015, 0.02, 0.03, 0.05, 0.08]",0.02567355906736309,0.017856488171335293,False,2.885569211824385e-18,0.0035202325043532942,True,success,2.1559772474632945e-17,-3.2804497575242504e-17,0.014816936120947956,2.6243598060194e-18,0.0
0.6509930419601058,2.834669118567092e-19,5.3538785050336744e-05,0.0001578313888040656,-1.8436485491974091e-22,1.2297011244236983e-08,typ,0.010707757010067348,1.9408543628171335e-12,True,0.00024244712098434046,0.64583333335,1.48,-8.708753967729216e-17,-0.003395565495390357,4.511495551963426e-09,True,False,5,1.2916666667,413,2.4594022488473966e-06,0.0004918804497694794,2.4594022488473966e-06,2.4594022488473966e-06,0.0,3.1164931988281976,0.9473003391557056,-2.3419025924042085,-2.3419025924042085,0.4999777402423955,0.6562586104407095,0.0,0.05071163054856405,0.05071163054856405,True,0.0001578313888040656,0.000160899592531198,success,0.9999554804847888,0.01052157238692056,0.5,1.1455241521932237e-14,0.005,"[0.005, 0.0075, 0.01, 0.015, 0.02, 0.03, 0.05, 0.08]",0.0002296841669581301,8.224171626955379e-05,False,4.354376983864609e-19,3.485337654276695e-05,True,success,-1.323371147765429e-16,2.33622546588137e-16,7.791232997070494e-05,-1.1681127329406852e-18,0.0
0.6509912981265784,7.759351192441425e-19,0.00012050676778556897,0.00015462153501823723,-1.2885135381199862e-22,2.5381511823773785e-08,typ,0.016067569038075862,3.92452831927544e-12,True,0.00023751705355080292,0.64583333335,1.48,-1.5892380773283807e-16,-0.003362095035386911,4.511495551963426e-09,True,False,5,1.2916666667,413,3.3842015765031714e-06,0.0004512268768670895,3.3842015765031714e-06,3.3842015765031714e-06,0.0,2.9182667007792187,0.8870467089209112,-2.3419025924042085,-2.3419025924042085,0.4999777402423955,0.6562586104407095,0.0,0.05071163054856405,0.05071163054856405,True,0.00015462153501823723,0.000160899592531198,success,0.9999554804847888,0.01052157238692056,0.5,1.1455241521932237e-14,0.0075,"[0.005, 0.0075, 0.01, 0.015, 0.02, 0.03, 0.05, 0.08]",0.00021062312341608828,0.0001851127167634393,False,1.1919285579962854e-18,7.844885719376568e-05,True,success,-6.504220446393849e-17,1.1111117546621254e-16,0.00016415250191883102,-8.33333815996594e-19,0.0
0.6510268116309883,1.0956371172734257e-18,0.00021396256460950598,0.0001504008806584072,5.620304521385689e-23,4.0243103552806836e-08,typ,0.021396256460950596,6.052598214769623e-12,True,0.0002310210239753638,0.64583333335,1.48,-1.6829370122692414e-16,-0.0033152504536886618,4.511495551963426e-09,True,False,5,1.2916666667,413,4.024310355280683e-06,0.0004024310355280683,4.024310355280683e-06,4.024310355280683e-06,0.0,2.6757226006014942,0.8133221429744928,-2.3419025924042085,-2.3419025924042085,0.4999777402423955,0.6562586104407095,0.0,0.05071163054856405,0.05071163054856405,True,0.0001504008806584072,0.000160899592531198,success,0.9999554804847888,0.01052157238692056,0.5,1.1455241521932237e-14,0.01,"[0.005, 0.0075, 0.01, 0.015, 0.02, 0.03, 0.05, 0.08]",0.0001880847877583297,0.00032865399824851324,False,1.6829370122692414e-18,0.000139295366246116,True,success,2.284488228679825e-17,-3.7368827208868614e-17,0.00026757226006014946,3.736882720886862e-19,0.0
0.6503874593377178,1.1109647527392474e-18,0.0004716256935768485,0.00013994155728582836,2.369871788012638e-22,6.8147990098548e-08,typ,0.03144171290512324,9.536735860290018e-12,True,0.0002151664446733479,0.64583333335,1.48,-1.1387722162524784e-16,-0.0031826289014052905,4.511495551963426e-09,True,False,5,1.2916666667,413,4.5431993399032e-06,0.0003028799559935467,4.5431993399032e-06,4.5431993399032e-06,0.0,2.1643317529682715,0.6578779650163232,-2.3419025924042085,-2.3419025924042085,0.4999777402423955,0.6562586104407095,0.0,0.05071163054856405,0.05071163054856405,True,0.00013994155728582836,0.000160899592531198,success,0.9999554804847888,0.01052157238692056,0.5,1.1455241521932237e-14,0.015,"[0.005, 0.0075, 0.01, 0.015, 0.02, 0.03, 0.05, 0.08]",0.0001444959234127131,0.0007251457370612582,False,1.7081583243787177e-18,0.0003067394366038355,True,success,7.674056174012104e-17,-1.128981666335761e-16,0.000486974644417861,1.6934724995036417e-18,0.0
0.6470991785123461,-8.763799854336173e-19,0.0007957567712333719,0.0001284133068066646,1.3217977864948741e-22,8.824173320018827e-08,typ,0.039787838561668586,1.1331412758587617e-11,True,0.0001984445523511271,0.64583333335,1.48,6.771604836899793e-17,-0.0030037368748389442,4.511495551963426e-09,True,False,5,1.2916666667,413,4.412086660009413e-06,0.00022060433300047065,4.412086660009413e-06,4.412086660009413e-06,0.0,1.7179242438839006,0.5221863533945549,-2.3419025924042085,-2.3419025924042085,0.4999777402423955,0.6562586104407095,0.0,0.05071163054856405,0.05071163054856405,True,0.0001284133068066646,0.000160899592531198,success,0.9999554804847888,0.01052157238692056,0.5,1.1455241521932237e-14,0.02,"[0.005, 0.0075, 0.01, 0.015, 0.02, 0.03, 0.05, 0.08]",0.00011089033281290118,0.0012297292249122975,False,-1.3543209673799588e-18,0.0005149335529607519,True,success,3.9266572164566226e-17,-5.146654265686558e-17,0.0006871696975535604,1.0293308531373116e-18,0.0
0.6299459707606823,-3.024759643350984e-18,0.001544810013551786,0.000106797535190464,1.8345749302281194e-22,1.0581394531661669e-07,typ,0.051493667118392865,1.1300668548593204e-11,True,0.00016953443651921793,0.64583333335,1.48,1.6005391910560619e-16,-0.0025429575203944972,4.511495551963426e-09,True,False,5,1.2916666667,413,3.52713151055389e-06,0.00011757105035179633,3.52713151055389e-06,3.52713151055389e-06,0.0,1.1008779382606417,0.334626767250914,-2.3419025924042085,-2.3419025924042085,0.49997774024239544,0.6562586104407095,0.0,0.05071163054856405,0.05071163054856405,True,0.000106797535190464,0.000160899592531198,success,0.9999554804847888,0.01052157238692056,0.5,1.1455241521932237e-14,0.03,"[0.005, 0.0075, 0.01, 0.015, 0.02, 0.03, 0.05, 0.08]",6.849641340253362e-05,0.002452289696664577,False,-4.8016175731681854e-18,0.0009731468436277026,True,success,5.4573698335852565e-17,-5.726021444709427e-17,0.0009907901444345774,1.717806433412828e-18,0.0
0.577295685963418,-9.573247430766182e-18,0.0034152678329327957,7.61443134599261e-05,1.1706043016809896e-22,1.015587422896056e-07,typ,0.0683053566586559,7.733120707495582e-12,True,0.00013189828940580583,0.64583333335,1.48,3.316583741584661e-16,-0.00134203308283941,4.511495551963426e-09,True,False,5,1.2916666667,413,2.031174845792112e-06,4.0623496915842235e-05,2.031174845792112e-06,2.031174845792112e-06,0.0,0.5335066411390251,0.1621665730837619,-2.3419025924042085,-2.3419025924042085,0.49997774024239544,0.6562586104407095,0.0,0.05071163054856405,0.05071163054856405,True,7.61443134599261e-05,0.000160899592531198,success,0.9999554804847888,0.01052157238692056,0.5,1.1455241521932237e-14,0.05,"[0.005, 0.0075, 0.01, 0.015, 0.02, 0.03, 0.05, 0.08]",2.9736684575743506e-05,0.005915976709982229,False,-1.6582918707923307e-17,0.0019716193863617342,True,success,4.209521394331858e-17,-3.0746992086206555e-17,0.001333766602847563,1.5373496043103277e-18,0.0
0.5126558986466471,-1.4509125680879644e-17,0.007654508127527659,5.1571949124373426e-05,9.26084306420173e-23,8.275610540836638e-08,typ,0.09568135159409574,4.2678936578515556e-12,True,0.00010059759238217578,0.64583333335,1.48,3.5377349892935195e-16,0.0011067686251354078,4.511495551963426e-09,True,False,5,1.2916666667,413,1.0344513176045796e-06,1.2930641470057244e-05,1.0344513176045796e-06,1.0344513176045796e-06,0.0,0.2507301292583121,0.0762128204137456,-2.3419025924042085,-2.3419025924042085,0.4999777402423955,0.6562586104407095,0.0,0.05071163054856405,0.05071163054856405,True,5.1571949124373426e-05,0.000160899592531198,success,0.9999554804847888,0.01052157238692056,0.5,1.1455241521932237e-14,0.08,"[0.005, 0.0075, 0.01, 0.015, 0.02, 0.03, 0.05, 0.08]",1.0811420411293742e-05,0.014931083691292122,False,-2.830187991434816e-17,0.003924128742815756,True,success,4.4827418516528833e-17,-2.2446415205938384e-17,0.0016046728272531977,1.7957132164750706e-18,0.0
0.5638535075032134,-2.5998876018728104e-19,4.632909863492416e-05,0.023102928253785928,-1.7033097994125942e-20,1.895846052785648e-06,arith,0.009265819726984832,4.379959533773008e-08,True,0.04097328108516602,0.4270833333,0.88,9.221854851574169e-17,-0.024962487719778135,4.784725577748912e-09,True,False,6,0.8541666666,713,0.00037916921055712957,0.07583384211142591,0.0003791692105571296,0.00037916921055712957,0.0,3.282434212598087,0.9977403589456295,-4.062616925153476e-06,-4.062616925153476e-06,0.4999797060361974,0.56403220646157,0.0,0.42979477159853197,0.56403220646157,True,0.023102928253785928,0.02311963753180719,success,0.9999594120723948,0.9999594120723948,0.5,2.7011688677752177e-15,0.005,"[0.005, 0.0075, 0.01, 0.015, 0.02, 0.03, 0.05, 0.08]",0.04092128076406189,8.216513335187532e-05,False,-4.610927425787085e-19,2.6122824764764322e-05,True,success,-8.138766633545075e-17,1.474540180103333e-16,8.206085531495219e-05,-7.372700900516665e-19,1.429707558391199e-16
0.563636740392024,1.6199505116238494e-19,0.00010408077682329871,0.023082702868177134,-2.185411178365099e-21,4.25080739778224e-06,arith,0.013877436909773163,9.812012411285668e-08,True,0.040953155133433124,0.4270833333,0.88,-3.8321384336943245e-17,-0.024933554479073056,4.784725577748912e-09,True,False,6,0.8541666666,713,0.0005667743197042987,0.07556990929390649,0.0005667743197042987,0.0005667743197042987,0.0,3.2738761021825833,0.9951390053145075,-4.062616925153476e-06,-4.062616925153476e-06,0.4999797060361974,0.56403220646157,0.0,0.42979477159853197,0.56403220646157,True,0.023082702868177134,0.02311963753180719,success,0.9999594120723948,0.9999594120723948,0.5,2.7011688677752177e-15,0.0075,"[0.005, 0.0075, 0.01, 0.015, 0.02, 0.03, 0.05, 0.08]",0.04084142651047822,0.0001846593193178071,False,2.8741038252707435e-19,5.866374978615381e-05,True,success,-6.976765336363671e-18,1.2623658450201149e-17,0.00018415553074777028,-9.467743837650861e-20,0.0
0.563344648884711,-1.5331296345304208e-19,0.0001846665672555651,0.023055517853974656,-1.5881867761023016e-21,7.523143100596129e-06,arith,0.018466656725556512,1.734499600738003e-07,True,0.040926132696243976,0.4270833333,0.88,2.7214772299082887e-17,-0.02489311926510976,4.784725577748912e-09,True,False,6,0.8541666666,713,0.0007523143100596129,0.07523143100596129,0.0007523143100596129,0.0007523143100596129,0.0,3.26305535544463,0.9918498927123574,-4.062616925153476e-06,-4.062616925153476e-06,0.49997970603619746,0.56403220646157,0.0,0.42979477159853197,0.56403220646157,True,0.023055517853974656,0.02311963753180719,success,0.9999594120723948,0.9999594120723948,0.5,2.7011688677752177e-15,0.01,"[0.005, 0.0075, 0.01, 0.015, 0.02, 0.03, 0.05, 0.08]",0.04073906399193875,0.0003278038898943323,False,-2.7214772299082887e-19,0.0001040309224913312,True,success,-3.813418538243655e-18,6.8885322210557335e-18,0.00032630553554446304,-6.888532221055734e-20,0.0
0.5625730447705475,-6.644800673986208e-19,0.00041349847024340394,0.022984033495832192,-5.943653183584546e-21,1.6743530706492795e-05,arith,0.027566564682893598,3.848338705965253e-07,True,0.040855198643949465,0.4270833333,0.88,7.874296781847383e-17,-0.024777991116163568,4.784725577748912e-09,True,False,6,0.8541666666,713,0.0011162353804328531,0.07441569202885688,0.0011162353804328531,0.0011162353804328531,0.0,3.2377124773313195,0.984146581490325,-4.062616925153476e-06,-4.062616925153476e-06,0.4999797060361974,0.56403220646157,0.0,0.42979477159853197,0.56403220646157,True,0.022984033495832192,0.02311963753180719,success,0.9999594120723948,0.9999594120723948,0.5,2.7011688677752177e-15,0.015,"[0.005, 0.0075, 0.01, 0.015, 0.02, 0.03, 0.05, 0.08]",0.040492364328788916,0.0007350129446960163,False,-1.1811445172771074e-18,0.00023262309341279537,True,success,-9.581131826991435e-18,1.7239948142442267e-17,0.0007284853073995469,-2.5859922213663404e-19,0.0
0.5616173000041607,1.3601018822585723e-18,0.0007311893583203742,0.022896052891203795,1.8069223739550754e-20,2.941098686769181e-05,arith,0.03655946791601871,6.733955109051719e-07,True,0.040768069094442375,0.4270833333,0.88,-1.2108796169994194e-16,-0.024617632799628333,4.784725577748912e-09,True,False,6,0.8541666666,713,0.0014705493433845905,0.07352746716922953,0.0014705493433845905,0.0014705493433845905,0.0,3.2113599456907838,0.9761363723969513,-4.062616925153476e-06,-4.062616925153476e-06,0.4999797060361974,0.56403220646157,0.0,0.42979477159853197,0.56403220646157,True,0.022896052891203795,0.02311963753180719,success,0.9999594120723948,0.9999594120723948,0.5,2.7011688677752177e-15,0.02,"[0.005, 0.0075, 0.01, 0.015, 0.02, 0.03, 0.05, 0.08]",0.04022348866681022,0.0013019352472136403,False,2.421759233998839e-18,0.0004106485932116633,True,success,2.2019344543986898e-17,-3.9459254888628836e-17,0.0012845439782763134,7.891850977725767e-19,0.0
0.5594141722890907,2.140216163185297e-19,0.00162803854539725,0.0226952108941419,2.2783333980534678e-20,6.464825039032658e-05,arith,0.054267951513241666,1.467205676545753e-06,True,0.040569603021093296,0.4270833333,0.88,-1.2752722813746717e-17,-0.024163219632281782,4.784725577748912e-09,True,False,6,0.8541666666,713,0.0021549416796775526,0.07183138932258509,0.0021549416796775526,0.0021549416796775526,0.0,3.1650461261466507,0.9620586593513237,-4.062616925153476e-06,-4.062616925153476e-06,0.4999797060361974,0.56403220646157,0.0,0.42979477159853197,0.56403220646157,True,0.0226952108941419,0.02311963753180719,success,0.9999594120723948,0.9999594120723948,0.5,2.7011688677752177e-15,0.03,"[0.005, 0.0075, 0.01, 0.015, 0.02, 0.03, 0.05, 0.08]",0.039709287334196416,0.0029102561680470294,False,3.8258168441240147e-19,0.0009107478353281379,True,success,1.8809262923088202e-17,-3.3462763115977515e-17,0.0028485415135319856,1.0038828934793253e-18,0.0
0.5548514920450807,-1.3134991174844898e-18,0.004446392305178499,0.02228695897488465,-2.2833933068612182e-20,0.00017307960449129773,arith,0.08892784610356998,3.857418044686814e-06,True,0.04016743091514274,0.4270833333,0.88,4.7345970455740266e-17,-0.022729922909696415,4.784725577748912e-09,True,False,6,0.8541666666,713,0.0034615920898259543,0.06923184179651908,0.0034615920898259543,0.0034615920898259543,0.0,3.106383507706771,0.9442273615436614,-4.062616925153476e-06,-4.062616925153476e-06,0.49997970603619735,0.56403220646157,0.0,0.42979477159853197,0.56403220646157,True,0.02228695897488465,0.02311963753180719,success,0.9999594120723948,0.9999594120723948,0.5,2.7011688677752177e-15,0.05,"[0.005, 0.0075, 0.01, 0.015, 0.02, 0.03, 0.05, 0.08]",0.038925851029770864,0.008013661977892344,False,-2.3672985227870135e-18,0.002467087404746056,True,success,-1.1626054910810769e-17,2.0490846772180914e-17,0.007765958769266929,-1.0245423386090458e-18,0.0
0.5488805906924299,3.83753265424929e-18,0.011166034829087129,0.021770687545642257,1.8003478113093055e-21,0.0004264431431323972,arith,0.1395754353635891,9.283960425117019e-06,True,0.039663795577427614,0.4270833333,0.88,-8.739452440393555e-17,-0.019298078079903976,4.784725577748912e-09,True,False,6,0.8541666666,713,0.005330539289154965,0.06663174111443707,0.005330539289154965,0.005330539289154965,0.0,3.0606172163714898,0.9303160771166291,-4.062616925153476e-06,-4.062616925153476e-06,0.4999797060361974,0.56403220646157,0.0,0.42979477159853197,0.56403220646157,True,0.021770687545642257,0.02311963753180719,success,0.9999594120723948,0.9999594120723948,0.5,2.7011688677752177e-15,0.08,"[0.005, 0.0075, 0.01, 0.015, 0.02, 0.03, 0.05, 0.08]",0.03819109913767489,0.02034328598684976,False,6.991561952314844e-18,0.0061288197926815885,True,success,5.90867053822829e-19,-1.0336994453751606e-18,0.019587950184777533,8.269595563001285e-20,0.0
0.6045200486784723,-7.661760423772419e-22,4.955531451500036e-05,0.008293975887564505,1.2005423952988315e-21,6.791739335256993e-07,typ,0.009911062903000072,5.633052228124488e-09,True,0.013719935187750644,0.4270833333,0.88,2.5348242595168253e-19,-0.01030387576560337,4.530297417610447e-09,True,False,7,0.8541666666,467,0.00013583478670513988,0.027166957341027975,0.00013583478670513988,0.00013583478670513988,0.0,3.2755047409482465,0.9956340521368959,-0.0019031446753667073,-0.0019031446753667073,0.49997891987773707,0.6051797588346552,0.0,0.3547257433792256,0.3547257433792256,True,0.008293975887564505,0.008305590214078144,success,0.9999578397554743,0.34620163168104706,0.5,4.177243112804712e-15,0.005,"[0.005, 0.0075, 0.01, 0.015, 0.02, 0.03, 0.05, 0.08]",0.013705370254891913,8.197464190531335e-05,False,-1.2674121297584126e-21,2.9957181142885025e-05,True,success,1.5995786989434845e-17,-2.8949744044924306e-17,8.188761852370615e-05,1.4474872022462152e-19,0.0
0.6037522683225413,-1.1429650832012715e-19,0.00011097113803341687,0.008279953101749001,-6.828375956625243e-21,1.5178776280416368e-06,typ,0.014796151737788917,1.2567955574378768e-08,True,0.013714156511169612,0.4270833333,0.88,2.5241370082177873e-17,-0.010272978983111112,4.530297417610447e-09,True,False,7,0.8541666666,467,0.00020238368373888492,0.026984491165184657,0.00020238368373888492,0.00020238368373888492,0.0,3.2590149767254886,0.9906217648497971,-0.0019031446753667073,-0.0019031446753667073,0.49997891987773707,0.6051797588346552,0.0,0.3547257433792256,0.3547257433792256,True,0.008279953101749001,0.008305590214078144,success,0.9999578397554743,0.34620163168104706,0.5,4.177243112804712e-15,0.0075,"[0.005, 0.0075, 0.01, 0.015, 0.02, 0.03, 0.05, 0.08]",0.013678129781678516,0.00018380243662146045,False,-1.8931027561633404e-19,6.699907630600927e-05,True,success,-6.09095100427127e-17,1.0995836768178254e-16,0.00018331959244080872,-8.2468775761336905e-19,0.0
0.6027641940657863,8.207749258894022e-19,0.00019617325183348986,0.008261138200141991,1.5134096487270194e-20,2.6750523183589095e-06,typ,0.019617325183348987,2.209897689457318e-08,True,0.013705422919066693,0.4270833333,0.88,-1.3616849407611328e-16,-0.010229948534252152,4.530297417610447e-09,True,False,7,0.8541666666,467,0.00026750523183589095,0.026750523183589094,0.00026750523183589095,0.00026750523183589095,0.0,3.2381159273100297,0.9842692155784751,-0.0019031446753667073,-0.0019031446753667073,0.49997891987773707,0.6051797588346552,0.0,0.3547257433792256,0.3547257433792256,True,0.008261138200141991,0.008305590214078144,success,0.9999578397554743,0.34620163168104706,0.5,4.177243112804712e-15,0.01,"[0.005, 0.0075, 0.01, 0.015, 0.02, 0.03, 0.05, 0.08]",0.013636172583964047,0.0003254560469331384,False,1.3616849407611329e-18,0.00011824621203867804,True,success,1.0180530622020321e-16,-1.831962632825834e-16,0.00032381159273100297,1.831962632825834e-18,0.0
0.6003496900226711,-1.2743914404331021e-18,0.00043609235598733245,0.008211658364668728,-1.4823109221158733e-21,5.89079368418817e-06,typ,0.02907282373248883,4.83731852313015e-08,True,0.013678125434459088,0.4270833333,0.88,1.415165707156415e-16,-0.010108125185445783,4.530297417610447e-09,True,False,7,0.8541666666,467,0.00039271957894587803,0.026181305263058535,0.00039271957894587803,0.00039271957894587803,0.0,3.1883091210547136,0.9691297618887755,-0.0019031446753667073,-0.0019031446753667073,0.49997891987773707,0.6051797588346552,0.0,0.3547257433792256,0.3547257433792256,True,0.008211658364668728,0.008305590214078144,success,0.9999578397554743,0.34620163168104706,0.5,4.177243112804712e-15,0.015,"[0.005, 0.0075, 0.01, 0.015, 0.02, 0.03, 0.05, 0.08]",0.013508133319262504,0.0007263972368685061,False,-2.1227485607346227e-18,0.0002618079107382514,True,success,-6.739644140162572e-18,1.2034198666403583e-17,0.0007173695522373104,-1.8051297999605371e-19,0.0
0.5976436439122572,-1.1471725280835172e-19,0.0007664616195883568,0.008150395704398987,-1.828613547585842e-20,1.0217625939926775e-05,typ,0.038323080979417834,8.327769456993484e-08,True,0.013637551051401433,0.4270833333,0.88,9.597462800524143e-18,-0.009939562750975427,4.530297417610447e-09,True,False,7,0.8541666666,467,0.0005108812969963387,0.025544064849816934,0.0005108812969963388,0.0005108812969963387,0.0,3.134088917428895,0.952648796262686,-0.0019031446753667073,-0.0019031446753667073,0.49997891987773707,0.6051797588346552,0.0,0.3547257433792256,0.3547257433792256,True,0.008150395704398987,0.008305590214078144,success,0.9999578397554743,0.34620163168104706,0.5,4.177243112804712e-15,0.02,"[0.005, 0.0075, 0.01, 0.015, 0.02, 0.03, 0.05, 0.08]",0.013330903568810596,0.0012824726363205236,False,-1.9194925601048285e-19,0.0004580709152496759,True,success,-6.33661886668972e-17,1.1217943360706342e-16,0.0012536355669715581,-2.243588672141268e-18,2.1222193469597192e-16
0.5921854458068516,7.324146577514125e-20,0.0016930145346152655,0.008007474717282762,-1.532500879819029e-20,2.181630962215301e-05,typ,0.05643381782050885,1.7469354772380285e-07,True,0.013521903947457864,0.4270833333,0.88,-4.122664968873609e-18,-0.009465450942942825,4.530297417610447e-09,True,False,7,0.8541666666,467,0.0007272103207384337,0.024240344024614457,0.0007272103207384337,0.0007272103207384337,0.0,3.0272145564563355,0.9201628859984113,-0.0019031446753667073,-0.0019031446753667073,0.49997891987773707,0.6051797588346552,0.0,0.3547257433792256,0.3547257433792256,True,0.008007474717282762,0.008305590214078144,success,0.9999578397554743,0.34620163168104706,0.5,4.177243112804712e-15,0.03,"[0.005, 0.0075, 0.01, 0.015, 0.02, 0.03, 0.05, 0.08]",0.012886073436522934,0.002858926281628783,False,1.2367994906620828e-19,0.0010025785669386205,True,success,-3.666589582406736e-17,6.379459750322984e-17,0.002724493100810702,-1.9138379250968953e-18,0.0
0.5829603583054257,-1.5760462875645665e-18,0.004600866983152339,0.007695611467702283,-2.2687304019938333e-20,5.452684095404866e-05,typ,0.09201733966304679,4.1961738254355536e-07,True,0.013200917280331407,0.4270833333,0.88,5.407044458892147e-17,-0.007980230790903639,4.530297417610447e-09,True,False,7,0.8541666666,467,0.0010905368190809732,0.021810736381619462,0.0010905368190809732,0.0010905368190809732,0.0,2.8341784760258437,0.8614869535337265,-0.0019031446753667073,-0.0019031446753667073,0.49997891987773707,0.6051797588346552,0.0,0.3547257433792256,0.3547257433792256,True,0.007695611467702283,0.008305590214078144,success,0.9999578397554743,0.34620163168104706,0.5,4.177243112804712e-15,0.05,"[0.005, 0.0075, 0.01, 0.015, 0.02, 0.03, 0.05, 0.08]",0.011851427383951217,0.007892246732738977,False,-2.7035222294460737e-18,0.0026821230650140907,True,success,-3.502322672749326e-17,5.896166695825198e-17,0.0070854461900646095,-2.9480833479125988e-18,0.0
0.5735653022646339,4.080385843438905e-18,0.011605606773990869,0.007232287889882677,-3.4821957093519413e-20,0.0001172130243004585,typ,0.14507008467488586,8.477183361847299e-07,True,0.012609353915460204,0.4270833333,0.88,-8.89259214976946e-17,-0.004423179440137393,4.530297417610447e-09,True,False,7,0.8541666666,467,0.0014651628037557311,0.018314535046946637,0.0014651628037557311,0.0014651628037557311,0.0,2.532329371534979,0.7697358278885442,-0.0019031446753667073,-0.0019031446753667073,0.49997891987773707,0.6051797588346552,0.0,0.3547257433792256,0.3547257433792256,True,0.007232287889882677,0.008305590214078144,success,0.9999578397554743,0.34620163168104706,0.5,4.177243112804712e-15,0.08,"[0.005, 0.0075, 0.01, 0.015, 0.02, 0.03, 0.05, 0.08]",0.010099689450373473,0.020234150720359,False,7.114073719815569e-18,0.006656573357288555,True,success,-3.782051057694387e-17,6.018489173777259e-17,0.016206907977823867,-4.814791339021807e-18,0.0
0.5452860197864522,-1.301226964861628e-19,4.483365485102219e-05,0.021366440567682582,7.757639057820411e-21,1.7560726296352412e-06,arith,0.008966730970204439,3.7521021473635445e-08,True,0.039183914115476906,0.4270833333,0.86,4.772640110491817e-17,-0.02442177688645637,4.7479485593499085e-09,True,False,8,0.8541666666,722,0.00035121452592704825,0.07024290518540965,0.0003512145259270482,0.00035121452592704825,0.0,3.287534250868826,0.999290584688267,-4.0090731183194724e-06,-4.0090731183194724e-06,0.4999797102241325,0.545342229399739,0.0,0.41292301570190215,0.545342229399739,True,0.021366440567682582,0.021371339918066133,success,0.9999594204482651,0.9999594204482651,0.5,2.7597987963942563e-15,0.005,"[0.005, 0.0075, 0.01, 0.015, 0.02, 0.03, 0.05, 0.08]",0.03916862534340547,8.222043702602203e-05,False,-2.3863200552459086e-19,2.4447165206193457e-05,True,success,4.0049052207195265e-17,-7.261517456074631e-17,8.218835627172064e-05,3.6307587280373155e-19,1.543504172590383e-16
0.5452187124975533,5.47447981722295e-19,0.00010082712307344137,0.021360584642596728,4.05980244641026e-21,3.9469486660460926e-06,arith,0.013443616409792183,8.43091310610618e-08,True,0.03917801086603862,0.4270833333,0.86,-1.3387850151963906e-16,-0.024393762709822568,4.7479485593499085e-09,True,False,8,0.8541666666,722,0.0005262598221394791,0.07016797628526387,0.0005262598221394791,0.0005262598221394791,0.0,3.284927704897023,0.9984982897190233,-4.0090731183194724e-06,-4.0090731183194724e-06,0.4999797102241325,0.545342229399739,0.0,0.41292301570190215,0.545342229399739,True,0.021360584642596728,0.021371339918066133,success,0.9999594204482651,0.9999594204482651,0.5,2.7597987963942563e-15,0.0075,"[0.005, 0.0075, 0.01, 0.015, 0.02, 0.03, 0.05, 0.08]",0.03914570351443211,0.0001849296819097966,False,1.0040887613972929e-18,5.4972834226934055e-05,True,success,1.3981945157227635e-17,-2.5341394063495848e-17,0.00018477718340045756,1.9006045547621888e-19,0.0
0.5451292376293382,6.013933925504142e-20,0.00017913938533393748,0.021352817399181902,5.558653716355842e-21,7.007404710997272e-06,arith,0.017913938533393747,1.496278332360918e-07,True,0.039170192910659464,0.4270833333,0.86,-1.1032125063879493e-17,-0.024354564293911446,4.7479485593499085e-09,True,False,8,0.8541666666,722,0.0007007404710997272,0.07007404710997271,0.0007007404710997272,0.0007007404710997272,0.0,3.28172370886558,0.9975243917081498,-4.0090731183194724e-06,-4.0090731183194724e-06,0.49997971022413246,0.545342229399739,0.0,0.41292301570190215,0.545342229399739,True,0.021352817399181902,0.021371339918066133,success,0.9999594204482651,0.9999594204482651,0.5,2.7597987963942563e-15,0.01,"[0.005, 0.0075, 0.01, 0.015, 0.02, 0.03, 0.05, 0.08]",0.03911705233293406,0.0003286181935736562,False,1.1032125063879493e-19,9.765411655647759e-05,True,success,1.4370220313294152e-17,-2.6032413486422698e-17,0.000328172370886558,2.6032413486422697e-19,0.0
0.5448976981812983,2.841917197968385e-19,0.0004024844269447411,0.021332805679223542,1.3537642816203751e-20,1.571714500274733e-05,arith,0.026832295129649412,3.3529080017578816e-07,True,0.03915011157218303,0.4270833333,0.86,-3.477003980078994e-17,-0.024242686045979966,4.7479485593499085e-09,True,False,8,0.8541666666,722,0.0010478096668498221,0.06985397778998814,0.0010478096668498221,0.0010478096668498221,0.0,3.274486199347907,0.9953244526152898,-4.0090731183194724e-06,-4.0090731183194724e-06,0.4999797102241325,0.545342229399739,0.0,0.41292301570190215,0.545342229399739,True,0.021332805679223542,0.021371339918066133,success,0.9999594204482651,0.9999594204482651,0.5,2.7597987963942563e-15,0.015,"[0.005, 0.0075, 0.01, 0.015, 0.02, 0.03, 0.05, 0.08]",0.03905031834910026,0.0007386421860252134,False,5.215505970118491e-19,0.00021931283779600834,True,success,2.3379339235350277e-17,-4.2306180192660856e-17,0.000736759394853279,6.345927028899129e-19,0.0
0.5446170291499782,4.958057552606144e-19,0.0007144132876249641,0.021308714554368433,-2.6678189163515835e-21,2.784777418986737e-05,arith,0.03572066438124821,5.934002711863924e-07,True,0.03912605264588665,0.4270833333,0.86,-4.551875251077376e-17,-0.024086291478824687,4.7479485593499085e-09,True,False,8,0.8541666666,722,0.0013923887094933684,0.06961943547466842,0.0013923887094933682,0.0013923887094933684,0.0,3.2671813823887352,0.9931040545135081,-4.0090731183194724e-06,-4.0090731183194724e-06,0.49997971022413257,0.545342229399739,0.0,0.41292301570190215,0.545342229399739,True,0.021308714554368433,0.021371339918066133,success,0.9999594204482651,0.9999594204482651,0.5,2.7597987963942563e-15,0.02,"[0.005, 0.0075, 0.01, 0.015, 0.02, 0.03, 0.05, 0.08]",0.038979921947485154,0.0013117718495508648,False,9.103750502154752e-19,0.00038908164229157686,True,success,-3.4632391109451662e-18,6.259924571106197e-18,0.001306872552955494,-1.2519849142212393e-19,1.557326865829011e-16
0.5439807121181186,8.531557751049735e-20,0.0016024804050451694,0.021254793153434044,-3.027331398452045e-20,6.225334389246476e-05,arith,0.05341601350150565,1.323181947543935e-06,True,0.039072696292251685,0.4270833333,0.86,-5.227855547690335e-18,-0.023640523037755486,4.7479485593499085e-09,True,False,8,0.8541666666,722,0.0020751114630821587,0.06917038210273863,0.0020751114630821587,0.0020751114630821587,0.0,3.2543427547570873,0.9892015796695628,-4.0090731183194724e-06,-4.0090731183194724e-06,0.49997971022413246,0.545342229399739,0.0,0.41292301570190215,0.545342229399739,True,0.021254793153434044,0.021371339918066133,success,0.9999594204482651,0.9999594204482651,0.5,2.7597987963942563e-15,0.03,"[0.005, 0.0075, 0.01, 0.015, 0.02, 0.03, 0.05, 0.08]",0.03884811551920974,0.002945840485420025,False,1.5683566643071004e-19,0.0008717184318918023,True,success,-2.6317836330282473e-17,4.7476842464008836e-17,0.0029289084792813785,-1.424305273920265e-18,0.0
0.5426431192786131,1.9929671976029796e-18,0.004426097097028786,0.02114505235833656,1.5505009443819808e-20,0.0001710243551701527,arith,0.08852194194057572,3.616318944623627e-06,True,0.03896677504442824,0.4270833333,0.86,-7.345406683687133e-17,-0.02222052095704972,4.7479485593499085e-09,True,False,8,0.8541666666,722,0.003420487103403054,0.06840974206806108,0.0034204871034030533,0.003420487103403054,0.0,3.235259998828527,0.9834011174160441,-4.0090731183194724e-06,-4.0090731183194724e-06,0.49997971022413257,0.545342229399739,0.0,0.41292301570190215,0.545342229399739,True,0.02114505235833656,0.021371339918066133,success,0.9999594204482651,0.9999594204482651,0.5,2.7597987963942563e-15,0.05,"[0.005, 0.0075, 0.01, 0.015, 0.02, 0.03, 0.05, 0.08]",0.03863999171752477,0.008156552510815611,False,3.672703341843567e-18,0.002401791134961715,True,success,8.153398551025394e-18,-1.4665378151884185e-17,0.008088149997071317,7.3326890759420925e-19,2.53578426629781e-16
0.5406655551483955,1.5260470139221356e-18,0.011218464462999997,0.020993876216742206,6.827919796479817e-20,0.0004305635883678087,arith,0.14023080578749997,9.03919867763012e-06,True,0.038829690585670935,0.4270833333,0.86,-3.5281677355590097e-17,-0.0187852931610108,4.7479485593499085e-09,True,False,8,0.8541666666,722,0.005382044854597609,0.0672755606824701,0.005382044854597609,0.005382044854597609,0.0,3.2045325974066268,0.9740611073690835,-4.0090731183194724e-06,-4.0090731183194724e-06,0.4999797102241325,0.545342229399739,0.0,0.41292301570190215,0.545342229399739,True,0.020993876216742206,0.021371339918066133,success,0.9999594204482651,0.9999594204482651,0.5,2.7597987963942563e-15,0.08,"[0.005, 0.0075, 0.01, 0.015, 0.02, 0.03, 0.05, 0.08]",0.03837990393318669,0.020749360406214307,False,2.8225341884472078e-18,0.00606543731680044,True,success,2.2710330005073222e-17,-4.0654234870611244e-17,0.020509008623402412,3.2523387896488998e-18,0.0
0.5708099617169928,-1.9721433369336148e-19,4.6885212628680975e-05,0.006759450449682296,-2.9112916503455744e-21,5.550314366629267e-07,typ,0.009377042525736195,3.7517074941390305e-09,True,0.011841857891459901,0.4270833333,0.86,6.909982197932986e-17,-0.010099759193998501,4.488402401099357e-09,True,False,9,0.8541666666,465,0.00011100628733258534,0.022201257466517067,0.00011100628733258534,0.00011100628733258534,0.0,3.28447669404257,0.998361198858197,-0.0017507323076720446,-0.0017507323076720446,0.4999789072102554,0.5710680027407198,0.0,0.3217191798084834,0.3217191798084834,True,0.006759450449682296,0.0067630749474063305,success,0.9999578144205107,0.3588877676291681,0.5,3.975737972259536e-15,0.005,"[0.005, 0.0075, 0.01, 0.015, 0.02, 0.03, 0.05, 0.08]",0.011838091490778453,8.213804203355272e-05,False,-3.454991098966493e-19,2.6762546425670457e-05,True,success,-4.753037375870711e-17,8.613989175650838e-17,8.211191735106424e-05,-4.306994587825419e-19,0.0
0.5705230011688041,-1.632656005832664e-19,0.00010530705814090213,0.006755183840788757,-1.0815386509130837e-21,1.2458136716767812e-06,typ,0.014040941085453618,8.415700383544702e-09,True,0.011840335669113645,0.4270833333,0.86,3.8155774087703554e-17,-0.010070482567853263,4.488402401099357e-09,True,False,9,0.8541666666,465,0.00016610848955690417,0.022147798607587223,0.00016610848955690417,0.00016610848955690417,0.0,3.278637433056326,0.9965862763540289,-0.0017507323076720446,-0.0017507323076720446,0.4999789072102554,0.5710680027407198,0.0,0.3217191798084834,0.3217191798084834,True,0.006755183840788757,0.0067630749474063305,success,0.9999578144205107,0.3588877676291681,0.5,3.975737972259536e-15,0.0075,"[0.005, 0.0075, 0.01, 0.015, 0.02, 0.03, 0.05, 0.08]",0.01183029602830484,0.00018457986430900144,False,-2.8616830565777664e-19,6.008009885480522e-05,True,success,-1.1789541397805255e-17,2.134733219018359e-17,0.00018442335560941832,-1.601049914263769e-19,0.0
0.5701691156529337,-1.0587911840680326e-19,0.00018685100654408895,0.0067496015701924905,-6.286572655403013e-22,2.208201379799997e-06,typ,0.018685100654408895,1.4904479500399285e-08,True,0.0118378940298496,0.4270833333,0.86,1.8569774387999768e-17,-0.010029571012092998,4.488402401099357e-09,True,False,9,0.8541666666,465,0.0002208201379799997,0.02208201379799997,0.0002208201379799997,0.0002208201379799997,0.0,3.271602563256222,0.9944479323492799,-0.0017507323076720446,-0.0017507323076720446,0.4999789072102555,0.5710680027407198,0.0,0.3217191798084834,0.3217191798084834,True,0.0067496015701924905,0.0067630749474063305,success,0.9999578144205107,0.3588877676291681,0.5,3.975737972259536e-15,0.01,"[0.005, 0.0075, 0.01, 0.015, 0.02, 0.03, 0.05, 0.08]",0.01181797957978329,0.0003277115533171505,False,-1.8569774387999769e-19,0.00010653667316010372,True,success,-5.1493869984348005e-18,9.313990744528833e-18,0.0003271602563256222,-9.313990744528833e-20,0.0
0.5693546209792131,-4.748133734653054e-19,0.00041882655928098835,0.006735456069210946,6.35274110182867e-21,4.934172181001879e-06,typ,0.027921770618732557,3.323389996306091e-08,True,0.011829984022307347,0.4270833333,0.86,5.559667688873067e-17,-0.00991302804435686,4.488402401099357e-09,True,False,9,0.8541666666,465,0.0003289448120667919,0.02192965413778613,0.0003289448120667919,0.0003289448120667919,0.0,3.2558528943616394,0.9896606070661579,-0.0017507323076720446,-0.0017507323076720446,0.4999789072102555,0.5710680027407198,0.0,0.3217191798084834,0.3217191798084834,True,0.006735456069210946,0.0067630749474063305,success,0.9999578144205107,0.3588877676291681,0.5,3.975737972259536e-15,0.015,"[0.005, 0.0075, 0.01, 0.015, 0.02, 0.03, 0.05, 0.08]",0.01178094385769736,0.0007356163344396208,False,-8.3395015333096e-19,0.00023846083691545503,True,success,3.4847409783857196e-17,-6.287860378025734e-17,0.0007325669012313689,9.431790567038601e-19,0.0
0.5684986418767206,-3.122816494967161e-19,0.0007421382449524425,0.006718616772682613,1.2653413550242537e-20,8.706067699007263e-06,typ,0.03710691224762212,5.849273246666052e-08,True,0.011818175590540023,0.4270833333,0.86,2.746547014306101e-17,-0.009750438922386633,4.488402401099357e-09,True,False,9,0.8541666666,465,0.00043530338495036315,0.021765169247518156,0.00043530338495036315,0.00043530338495036315,0.0,3.2395312880493026,0.9846994336546272,-0.0017507323076720446,-0.0017507323076720446,0.4999789072102555,0.5710680027407198,0.0,0.3217191798084834,0.3217191798084834,True,0.006718616772682613,0.0067630749474063305,success,0.9999578144205107,0.3588877676291681,0.5,3.975737972259536e-15,0.02,"[0.005, 0.0075, 0.01, 0.015, 0.02, 0.03, 0.05, 0.08]",0.011731059217363421,0.0013054353876774533,False,-5.493094028612203e-19,0.00042190458434023654,True,success,5.231867628894116e-17,-9.416680529904873e-17,0.0012958125152197212,1.8833361059809747e-18,0.0
0.566882686944606,-1.6527891345475938e-18,0.001661576812542216,0.006680646335427664,1.5867723339222783e-20,1.928177215162394e-05,typ,0.0553858937514072,1.2881470046529767e-07,True,0.011784883344092102,0.4270833333,0.86,9.71858418335679e-17,-0.009287898818862557,4.488402401099357e-09,True,False,9,0.8541666666,465,0.0006427257383874647,0.021424191279582158,0.0006427257383874647,0.0006427257383874647,0.0,3.206903973642347,0.9747819193102769,-0.0017507323076720446,-0.0017507323076720446,0.4999789072102555,0.5710680027407198,0.0,0.3217191798084834,0.3217191798084834,True,0.006680646335427664,0.0067630749474063305,success,0.9999578144205107,0.3588877676291681,0.5,3.975737972259536e-15,0.03,"[0.005, 0.0075, 0.01, 0.015, 0.02, 0.03, 0.05, 0.08]",0.011604502425694536,0.0029310770125964,False,-2.9155752550070368e-18,0.0009419191280587852,True,success,4.421115957330743e-17,-7.91725956966957e-17,0.002886213576278112,2.3751778709008704e-18,0.0
0.5643261996093863,-2.1536066162671953e-18,0.004589203215492089,0.006596340262315659,8.771648480920945e-21,5.155434134054603e-05,typ,0.09178406430984176,3.4006997748180846e-07,True,0.011688878288623661,0.4270833333,0.86,7.632488506675296e-17,-0.007815992411511718,4.488402401099357e-09,True,False,9,0.8541666666,465,0.0010310868268109206,0.02062173653621841,0.0010310868268109206,0.0010310868268109206,0.0,3.1262390531957043,0.9502627236560703,-0.0017507323076720446,-0.0017507323076720446,0.4999789072102555,0.5710680027407198,0.0,0.3217191798084834,0.3217191798084834,True,0.006596340262315659,0.0067630749474063305,success,0.9999578144205107,0.3588877676291681,0.5,3.975737972259536e-15,0.05,"[0.005, 0.0075, 0.01, 0.015, 0.02, 0.03, 0.05, 0.08]",0.011233832741707864,0.008132181739335565,False,-3.816244253337648e-18,0.002589807609833826,True,success,1.5041705205367862e-17,-2.6595500329273916e-17,0.007815597632989262,1.329775016463696e-18,0.0
0.5617906215321324,2.3537308322407077e-18,0.011694367621589267,0.006440741745505396,-5.679602400619856e-20,0.00011927600904498663,typ,0.14617959526986582,7.682259706933246e-07,True,0.011464665835716533,0.4270833333,0.86,-5.2371175799925726e-17,-0.004245441358173046,4.488402401099357e-09,True,False,9,0.8541666666,465,0.001490950113062333,0.01863687641327916,0.001490950113062333,0.001490950113062333,0.0,2.8935916311634,0.8795463871411157,-0.0017507323076720446,-0.0017507323076720446,0.4999789072102555,0.5710680027407198,0.0,0.3217191798084834,0.3217191798084834,True,0.006440741745505396,0.0067630749474063305,success,0.9999578144205107,0.3588877676291681,0.5,3.975737972259536e-15,0.08,"[0.005, 0.0075, 0.01, 0.015, 0.02, 0.03, 0.05, 0.08]",0.01019944069697178,0.02081623860095071,False,4.189694063994058e-18,0.006569786054557879,True,success,-6.479976660684562e-17,1.1022803399513935e-16,0.01851898643944576,-8.818242719611149e-18,0.0
0.5235338311797592,1.111718335562081e-19,4.310093638428771e-05,0.01945423960789977,-2.0323924585655924e-21,1.6036335492137958e-06,arith,0.008620187276857542,3.119747130967191e-08,True,0.03715946983609549,0.4270833333,0.84,-4.2469780149904556e-17,-0.02391781343135284,4.71928865701767e-09,True,False,10,0.8541666666,735,0.00032072670984275914,0.06414534196855183,0.00032072670984275914,0.00032072670984275914,0.0,3.2972423112597196,1.0022414811972968,-3.95681558693989e-06,-3.95681558693989e-06,0.49997971395584195,0.5233652105434554,0.0,0.39388275123186994,0.5233652105434554,True,0.01945423960789977,0.019439869287656085,success,0.9999594279116839,0.9999594279116839,0.5,2.6449691916091163e-15,0.005,"[0.005, 0.0075, 0.01, 0.015, 0.02, 0.03, 0.05, 0.08]",0.03720646658151015,8.232693632646768e-05,False,2.1234890074952277e-19,2.256479835270122e-05,True,success,-1.15066228285034e-17,2.08940827246756e-17,8.243105778149301e-05,-1.0447041362337802e-19,0.0
0.5237299920077044,3.049848005707515e-19,9.71125293141115e-05,0.019470997378168098,-1.3228272355948019e-20,3.619790386613282e-06,arith,0.012948337241881536,7.04809291272653e-08,True,0.03717754888072491,0.4270833333,0.84,-7.7644283689413e-17,-0.0238908560712533,4.71928865701767e-09,True,False,10,0.8541666666,735,0.0004826387182151043,0.06435182909534724,0.0004826387182151043,0.0004826387182151043,0.0,3.305009386293785,1.004602388904968,-3.95681558693989e-06,-3.95681558693989e-06,0.49997971395584195,0.5233652105434554,0.0,0.39388275123186994,0.5233652105434554,True,0.019470997378168098,0.019439869287656085,success,0.9999594279116839,0.9999594279116839,0.5,2.6449691916091163e-15,0.0075,"[0.005, 0.0075, 0.01, 0.015, 0.02, 0.03, 0.05, 0.08]",0.037274185032345634,0.00018542480055769447,False,5.823321276705975e-19,5.086074420152758e-05,True,success,-4.982729576249812e-17,9.058445303050407e-17,0.0001859067779790254,-6.793833977287804e-19,0.0
0.5239830744495249,9.571472303972185e-20,0.0001729318790962101,0.019492674892844297,1.664949136946682e-20,6.459959049470477e-06,arith,0.017293187909621012,1.2592188157241547e-07,True,0.037200962861868206,0.4270833333,0.84,-1.8266758547549616e-17,-0.023853057766260285,4.71928865701767e-09,True,False,10,0.8541666666,735,0.0006459959049470476,0.06459959049470476,0.0006459959049470476,0.0006459959049470476,0.0,3.314044421805808,1.007348710381954,-3.95681558693989e-06,-3.95681558693989e-06,0.4999797139558419,0.5233652105434554,0.0,0.39388275123186994,0.5233652105434554,True,0.019492674892844297,0.019439869287656085,success,0.9999594279116839,0.9999594279116839,0.5,2.6449691916091163e-15,0.01,"[0.005, 0.0075, 0.01, 0.015, 0.02, 0.03, 0.05, 0.08]",0.037355512952452784,0.0003300333303282463,False,1.8266758547549617e-19,9.061337767916569e-05,True,success,4.691917513983977e-17,-8.541409252959326e-17,0.0003314044421805808,8.541409252959326e-19,0.0
0.5246072088257346,2.1642397082276329e-19,0.0003905068208690075,0.019546378888286232,2.4972110425915875e-20,1.4657550812688197e-05,arith,0.026033788057933837,2.8650204175911127e-07,True,0.037259074140514145,0.4270833333,0.84,-2.7502986003210584e-17,-0.02374476769075931,4.71928865701767e-09,True,False,10,0.8541666666,735,0.0009771700541792133,0.06514467027861422,0.0009771700541792133,0.0009771700541792133,0.0,3.332825514686721,1.0130574780643264,-3.95681558693989e-06,-3.95681558693989e-06,0.49997971395584195,0.5233652105434554,0.0,0.39388275123186994,0.5233652105434554,True,0.019546378888286232,0.019439869287656085,success,0.9999594279116839,0.9999594279116839,0.5,2.6449691916091163e-15,0.015,"[0.005, 0.0075, 0.01, 0.015, 0.02, 0.03, 0.05, 0.08]",0.03753468577084076,0.0007443794410357161,False,4.1254479004815876e-19,0.00020486269332350117,True,success,4.665426867180835e-17,-8.5172162641614e-17,0.0007498857408045121,1.2775824396242099e-18,0.0
0.5253188758337349,-1.1254616808146036e-18,0.0006966762890073609,0.01960800605417367,5.542939851633919e-20,2.627305367504968e-05,arith,0.034833814450368046,5.151621955220039e-07,True,0.0373259118531649,0.4270833333,0.84,1.0712176285578739e-16,-0.023592620576676746,4.71928865701767e-09,True,False,10,0.8541666666,735,0.0013136526837524839,0.0656826341876242,0.0013136526837524839,0.0013136526837524839,0.0,3.349786510987092,1.0182130027270473,-3.95681558693989e-06,-3.95681558693989e-06,0.4999797139558419,0.5233652105434554,0.0,0.39388275123186994,0.5233652105434554,True,0.01960800605417367,0.019439869287656085,success,0.9999594279116839,0.9999594279116839,0.5,2.6449691916091163e-15,0.02,"[0.005, 0.0075, 0.01, 0.015, 0.02, 0.03, 0.05, 0.08]",0.037711996359864754,0.0013261969463816891,False,-2.142435257115748e-18,0.00036597720496136507,True,success,7.722682376011997e-17,-1.4134379182461733e-16,0.001339914604394837,2.8268758364923465e-18,0.0
0.5267959908235188,-6.768038473421095e-20,0.0015766629572679677,0.019737248179758318,-5.2019387325460696e-20,5.993996797197798e-05,arith,0.05255543190893226,1.1830500237496943e-06,True,0.037466587680183135,0.4270833333,0.84,4.282517072590027e-18,-0.0231557786125368,4.71928865701767e-09,True,False,10,0.8541666666,735,0.0019979989323992663,0.06659996441330888,0.001997998932399266,0.0019979989323992663,0.0,3.374328772012451,1.025672955536093,-3.95681558693989e-06,-3.95681558693989e-06,0.49997971395584195,0.5233652105434554,0.0,0.39388275123186994,0.5233652105434554,True,0.019737248179758318,0.019439869287656085,success,0.9999594279116839,0.9999594279116839,0.5,2.6449691916091163e-15,0.03,"[0.005, 0.0075, 0.01, 0.015, 0.02, 0.03, 0.05, 0.08]",0.03801698244743544,0.0029929289226427757,False,-1.284755121777008e-19,0.0008305797247687184,True,success,-4.7825958047148315e-17,8.785315773115992e-17,0.0030368958948112056,-2.6355947319347975e-18,2.1705760797050217e-16
0.5293865136114947,2.1665431909276133e-18,0.004408054876014495,0.019969539877221148,1.7599168383451722e-19,0.00016931298067236397,arith,0.0881610975202899,3.381102319267946e-06,True,0.03772204120008309,0.4270833333,0.84,-8.185109122434472e-17,-0.02174864281784515,4.71928865701767e-09,True,False,10,0.8541666666,735,0.0033862596134472795,0.06772519226894559,0.0033862596134472786,0.0033862596134472795,0.0,3.3914247741981454,1.0308695170671127,-3.95681558693989e-06,-3.95681558693989e-06,0.49997971395584184,0.5233652105434554,0.0,0.39388275123186994,0.5233652105434554,True,0.019969539877221148,0.019439869287656085,success,0.9999594279116839,0.9999594279116839,0.5,2.6449691916091163e-15,0.05,"[0.005, 0.0075, 0.01, 0.015, 0.02, 0.03, 0.05, 0.08]",0.0384099076428574,0.008326723032558157,False,4.092554561217236e-18,0.002333564802621463,True,success,9.571125032821446e-17,-1.7626012909317696e-16,0.008478561935495363,8.813006454658847e-18,2.5614153579483295e-16
0.531901776387871,-2.0669788959295298e-18,0.011277186928231304,0.02021164907717179,6.833213624466668e-20,0.00043551142666024324,arith,0.1409648366028913,8.802404124755276e-06,True,0.0379988373312616,0.4270833333,0.84,4.857520193780705e-17,-0.01830809275119916,4.71928865701767e-09,True,False,10,0.8541666666,735,0.00544389283325304,0.068048660415663,0.00544389283325304,0.00544389283325304,0.0,3.3668039730870403,1.0233856909347134,-3.95681558693989e-06,-3.95681558693989e-06,0.4999797139558419,0.5233652105434554,0.0,0.39388275123186994,0.5233652105434554,True,0.02021164907717179,0.019439869287656085,success,0.9999594279116839,0.9999594279116839,0.5,2.6449691916091163e-15,0.08,"[0.005, 0.0075, 0.01, 0.015, 0.02, 0.03, 0.05, 0.08]",0.03861880001030967,0.021201634265661497,False,-3.8860161550245645e-18,0.005998355759784309,True,success,2.3031612571675588e-17,-4.2260366771510093e-17,0.02154754542775706,3.3808293417208075e-18,0.0
0.5234831318359203,7.15058865460879e-20,4.3316205133578896e-05,0.005121749463179559,3.475787892347247e-21,4.2438781899198017e-07,typ,0.00866324102671578,2.173608084102118e-09,True,0.009783981854805805,0.4270833333,0.84,-2.7319270554261368e-17,-0.009970050510264193,4.519961053275656e-09,True,False,11,0.8541666666,456,8.487756379839602e-05,0.016975512759679203,8.487756379839602e-05,8.487756379839602e-05,0.0,3.3143973327310863,1.0074559824399627,-0.0016043804859418246,-0.0016043804859418246,0.49997890076545604,0.5223225113138265,0.0,0.28113853269683015,0.28113853269683015,True,0.005121749463179559,0.005108723930001353,success,0.9999578015309116,0.37251479757445344,0.5,4.618333720072387e-15,0.005,"[0.005, 0.0075, 0.01, 0.015, 0.02, 0.03, 0.05, 0.08]",0.009797437649102668,8.274613354142585e-05,False,1.3659635277130684e-19,2.2675302722573048e-05,True,success,7.455257455678289e-17,-1.3572658785185848e-16,8.285993331827717e-05,6.786329392592923e-19,0.0
0.5246766213087602,6.321777462273267e-19,9.815132603207885e-05,0.005136317186514056,2.398616981250642e-21,9.644466091172834e-07,typ,0.013086843470943847,4.953703693884307e-09,True,0.009789491236910764,0.4270833333,0.84,-1.60652033539037e-16,-0.009942876661412445,4.519961053275656e-09,True,False,11,0.8541666666,456,0.00012859288121563778,0.01714571749541837,0.00012859288121563778,0.00012859288121563778,0.0,3.3381344790069165,1.014671209710838,-0.0016043804859418246,-0.0016043804859418246,0.49997890076545604,0.5223225113138265,0.0,0.28113853269683015,0.28113853269683015,True,0.005136317186514056,0.005108723930001353,success,0.9999578015309116,0.37251479757445344,0.5,4.618333720072387e-15,0.0075,"[0.005, 0.0075, 0.01, 0.015, 0.02, 0.03, 0.05, 0.08]",0.009826118995092056,0.00018707013433769717,False,1.2048902515427775e-18,5.1497706119485696e-05,True,success,3.407971005120045e-17,-6.226554667219447e-17,0.00018777006444413904,4.669916000414586e-19,0.0
0.5260561157761571,-1.1011428314307568e-19,0.00017571445404410222,0.005154539956919174,-1.6477437802056317e-21,1.7341354885965973e-06,typ,0.017571445404410222,8.938670666682716e-09,True,0.00979846028272864,0.4270833333,0.84,2.093204124822504e-17,-0.009904565323318269,4.519961053275656e-09,True,False,11,0.8541666666,456,0.00017341354885965974,0.017341354885965974,0.00017341354885965974,0.00017341354885965974,0.0,3.364287604888557,1.0226208067216627,-0.0016043804859418246,-0.0016043804859418246,0.499978900765456,0.5223225113138265,0.0,0.28113853269683015,0.28113853269683015,True,0.005154539956919174,0.005108723930001353,success,0.9999578015309116,0.37251479757445344,0.5,4.618333720072387e-15,0.01,"[0.005, 0.0075, 0.01, 0.015, 0.02, 0.03, 0.05, 0.08]",0.009869054301937791,0.0003340222625961652,False,-2.093204124822504e-19,9.243566318016847e-05,True,success,-1.7428227191078143e-17,3.1966844645248893e-17,0.0003364287604888557,-3.1966844645248897e-19,0.0
0.5289760847534637,3.654214544262693e-19,0.0004001449738920107,0.005197954447512137,-1.0376167524168694e-20,3.995411774332463e-06,typ,0.026676331592800716,2.0767968402033783e-08,True,0.009826445083873144,0.4270833333,0.84,-4.6053935134777574e-17,-0.009794008445743591,4.519961053275656e-09,True,False,11,0.8541666666,456,0.0002663607849554975,0.017757385663699835,0.0002663607849554975,0.0002663607849554975,0.0,3.416225717830008,1.0384080999597942,-0.0016043804859418246,-0.0016043804859418246,0.49997890076545604,0.5223225113138265,0.0,0.28113853269683015,0.28113853269683015,True,0.005197954447512137,0.005108723930001353,success,0.9999578015309116,0.37251479757445344,0.5,4.618333720072387e-15,0.015,"[0.005, 0.0075, 0.01, 0.015, 0.02, 0.03, 0.05, 0.08]",0.009984910557468918,0.0007564519180077935,False,6.9080902702166355e-19,0.0002116671216231728,True,success,-7.200123864012311e-17,1.3308013923483525e-16,0.0007686507865117518,-1.9962020885225288e-18,0.0
0.5317864861607998,-2.4904393461595897e-19,0.0007179040928905388,0.005246224927088849,-2.1518507021645976e-20,7.265766313836289e-06,typ,0.03589520464452694,3.81178443500504e-08,True,0.009865284401947953,0.4270833333,0.84,2.3415782564720332e-17,-0.009637613922020841,4.519961053275656e-09,True,False,11,0.8541666666,456,0.00036328831569181445,0.018164415784590722,0.00036328831569181445,0.00036328831569181445,0.0,3.4623783838925544,1.0524368282209144,-0.0016043804859418246,-0.0016043804859418246,0.49997890076545604,0.5223225113138265,0.0,0.28113853269683015,0.28113853269683015,True,0.005246224927088849,0.005108723930001353,success,0.9999578015309116,0.37251479757445344,0.5,4.618333720072387e-15,0.02,"[0.005, 0.0075, 0.01, 0.015, 0.02, 0.03, 0.05, 0.08]",0.010120803580575386,0.0013499855892792683,False,-4.683156512944067e-19,0.00038177169495871605,True,success,-1.1021684373445793e-16,2.0508563129399297e-16,0.0013849513535570217,-4.101712625879859e-18,0.0
0.5366133411029353,-1.1298744686945047e-18,0.0016345868639435367,0.0053458246848666425,-1.6041401619178484e-21,1.6987894796286133e-05,typ,0.05448622879811789,9.081430734590399e-08,True,0.009962153892557033,0.4270833333,0.84,7.018551236986903e-17,-0.009185810584275705,4.519961053275656e-09,True,False,11,0.8541666666,456,0.0005662631598762045,0.018875438662540153,0.0005662631598762045,0.0005662631598762045,0.0,3.5308749865991946,1.0732572988060618,-0.0016043804859418246,-0.0016043804859418246,0.49997890076545604,0.5223225113138265,0.0,0.28113853269683015,0.28113853269683015,True,0.0053458246848666425,0.005108723930001353,success,0.9999578015309116,0.37251479757445344,0.5,4.618333720072387e-15,0.03,"[0.005, 0.0075, 0.01, 0.015, 0.02, 0.03, 0.05, 0.08]",0.01039277579614328,0.0030461167077655334,False,-2.105565371096071e-18,0.0008771411183837104,True,success,-5.323106738543828e-18,1.0002448992007834e-17,0.003177787487939275,-3.0007346976023504e-19,0.0
0.5433329583305396,-4.113965831568563e-18,0.004589583057750261,0.005525632347042608,1.655244286990898e-20,4.92932384421369e-05,typ,0.09179166115500521,2.7237631282635584e-07,True,0.01016988250449747,0.4270833333,0.84,1.5143442960681976e-16,-0.007723023457841816,4.519961053275656e-09,True,False,11,0.8541666666,456,0.0009858647688427379,0.019717295376854755,0.0009858647688427379,0.0009858647688427379,0.0,3.568332842015397,1.0846431215484813,-0.0016043804859418246,-0.0016043804859418246,0.49997890076545604,0.5223225113138265,0.0,0.28113853269683015,0.28113853269683015,True,0.005525632347042608,0.005108723930001353,success,0.9999578015309116,0.37251479757445344,0.5,4.618333720072387e-15,0.05,"[0.005, 0.0075, 0.01, 0.015, 0.02, 0.03, 0.05, 0.08]",0.010740243246910459,0.008447091212453493,False,-7.571721480340989e-18,0.002493671740271173,True,success,3.171592844422317e-17,-5.991148824357838e-17,0.008920832105038494,2.995574412178919e-18,0.0
0.5490497528164098,-3.481279260587937e-18,0.011800399135766079,0.005699077559927969,2.9777632292616437e-20,0.00012302240888434094,typ,0.14750498919707597,7.011142498410306e-07,True,0.010379892770543903,0.4270833333,0.84,7.925691712659782e-17,-0.004131940796563077,4.519961053275656e-09,True,False,11,0.8541666666,456,0.0015377801110542618,0.019222251388178273,0.0015377801110542618,0.0015377801110542618,0.0,3.3728706419677548,1.0252297371499937,-0.0016043804859418246,-0.0016043804859418246,0.49997890076545604,0.5223225113138265,0.0,0.28113853269683015,0.28113853269683015,True,0.005699077559927969,0.005108723930001353,success,0.9999578015309116,0.37251479757445344,0.5,4.618333720072387e-15,0.08,"[0.005, 0.0075, 0.01, 0.015, 0.02, 0.03, 0.05, 0.08]",0.010425275235942633,0.021492404058529598,False,-6.340553370127826e-18,0.006479006228627341,True,success,3.556278512633402e-17,-6.531239481190882e-17,0.021586372108593627,5.224991584952706e-18,0.0
0.12932706354899948,2.1219113661727588e-19,1.84856226369099e-05,0.0014373708779282113,2.6609164381673472e-21,2.853365375178392e-07,arith,0.0036971245273819797,4.101344294370125e-10,True,0.01111423114763307,0.4791666667,0.8,-3.2814653142863765e-16,-0.019195582121967,4.7901198544866355e-09,True,False,12,0.9583333334,894,5.706730750356784e-05,0.011413461500713568,5.706730750356784e-05,5.706730750356784e-05,0.0,7.9405125538404056,2.4136263920458565,-4.635053923501202e-06,-4.635053923501202e-06,0.4999796589927024,0.011168845424158627,0.0,0.007647849286576426,0.011168845424158627,True,0.0014373708779282113,7.796844233820868e-06,success,0.9999593179854047,0.9999593179854047,0.5,3.2221209128266474e-15,0.005,"[0.005, 0.0075, 0.01, 0.015, 0.02, 0.03, 0.05, 0.08]",0.015435592466769989,0.00014293700119392304,False,1.6407326571431883e-18,2.3906912935064697e-06,True,success,1.3139175762845447e-16,-3.7024771811193535e-16,0.00019851281384601014,1.851238590559677e-18,0.0
0.16266785127767786,2.5453340064991725e-19,4.9311950617885695e-05,0.0021656886303548666,-4.2566714321978804e-21,9.021333121944694e-07,arith,0.006574926749051426,1.9537398572839398e-09,True,0.013313562657552937,0.4791666667,0.8,-2.0863241560491075e-16,-0.019182824900732358,4.7901198544866355e-09,True,False,12,0.9583333334,894,0.00012028444162592926,0.016037925550123903,0.00012028444162592926,0.00012028444162592926,0.0,7.405462320544181,2.2509906232088097,-4.635053923501202e-06,-4.635053923501202e-06,0.4999796589927024,0.011168845424158627,0.0,0.007647849286576426,0.011168845424158627,True,0.0021656886303548666,7.796844233820868e-06,success,0.9999593179854047,0.9999593179854047,0.5,3.2221209128266474e-15,0.0075,"[0.005, 0.0075, 0.01, 0.015, 0.02, 0.03, 0.05, 0.08]",0.018294415469082278,0.00030314502976810725,False,1.5647431170368307e-18,8.021469049322425e-06,True,success,-9.630232239328156e-17,2.6206730875560745e-16,0.0004165572555306102,-1.9655048156670556e-18,0.0
0.18807929669464232,1.4187801866508055e-19,9.793897941597264e-05,0.0028249426792547783,-3.4807760176237115e-21,2.0068948692718964e-06,arith,0.009793897941597263,5.669362968983619e-09,True,0.015019955566088898,0.4791666667,0.8,-7.543521331613004e-17,-0.01916242479215223,4.7901198544866355e-09,True,False,12,0.9583333334,894,0.00020068948692718964,0.020068948692718965,0.00020068948692718964,0.00020068948692718964,0.0,7.1041967825036245,2.1594168804940646,-4.635053923501202e-06,-4.635053923501202e-06,0.49997965899270236,0.011168845424158627,0.0,0.007647849286576426,0.011168845424158627,True,0.0028249426792547783,7.796844233820868e-06,success,0.9999593179854047,0.9999593179854047,0.5,3.2221209128266474e-15,0.01,"[0.005, 0.0075, 0.01, 0.015, 0.02, 0.03, 0.05, 0.08]",0.02049127815339065,0.0005207323779766269,False,7.543521331613004e-19,1.8420294367547183e-05,True,success,-4.6228408968704923e-17,1.2321581047237188e-16,0.0007104196782503625,-1.2321581047237187e-18,0.0
0.22630313164937918,-3.799077329323803e-19,0.0002542788951149516,0.003992171837855417,2.1007096527732604e-21,6.049052137969193e-06,arith,0.016951926340996775,2.414885559091971e-08,True,0.01764081570042369,0.4791666667,0.8,1.1191706456246692e-16,-0.019095900420412815,4.7901198544866355e-09,True,False,12,0.9583333334,894,0.00040327014253127954,0.02688467616875197,0.00040327014253127954,0.00040327014253127954,0.0,6.7343484350599345,2.046996463500593,-4.635053923501202e-06,-4.635053923501202e-06,0.4999796589927024,0.011168845424158627,0.0,0.007647849286576426,0.011168845424158627,True,0.003992171837855417,7.796844233820868e-06,success,0.9999593179854047,0.9999593179854047,0.5,3.2221209128266474e-15,0.015,"[0.005, 0.0075, 0.01, 0.015, 0.02, 0.03, 0.05, 0.08]",0.02378904523411038,0.001123620752667782,False,-1.6787559684370038e-18,5.754411027685757e-05,True,success,1.3518165334677772e-17,-3.508048147048626e-17,0.0015152283978884852,5.262072220572939e-19,0.0
0.25500821727846623,2.7209283968053864e-19,0.000495604299523994,0.005009987816881523,-1.0100816690306444e-20,1.2994120723018287e-05,arith,0.0247802149761997,6.510038651340935e-08,True,0.019646377949502192,0.4791666667,0.8,-5.334981801457327e-17,-0.018991796998669777,4.7901198544866355e-09,True,False,12,0.9583333334,894,0.0006497060361509143,0.03248530180754571,0.0006497060361509143,0.0006497060361509143,0.0,6.4841079449503045,1.9709324755411535,-4.635053923501202e-06,-4.635053923501202e-06,0.49997965899270236,0.011168845424158627,0.0,0.007647849286576426,0.011168845424158627,True,0.005009987816881523,7.796844233820868e-06,success,0.9999593179854047,0.9999593179854047,0.5,3.2221209128266474e-15,0.02,"[0.005, 0.0075, 0.01, 0.015, 0.02, 0.03, 0.05, 0.08]",0.026218740909831825,0.0019434836446183986,False,1.0669963602914654e-18,0.00012638316889715672,True,success,-3.9588104324405194e-17,1.0080679893343252e-16,0.002593643177980122,-2.0161359786686505e-18,0.0
0.29722999246100773,-1.0776800323133533e-18,0.0012503169466962143,0.006728165190908461,-1.0885030387328903e-20,3.704575232453633e-05,arith,0.041677231556540476,2.4924994126096157e-07,True,0.022636225689071737,0.4791666667,0.8,1.208581524574475e-16,-0.018660593491850782,4.7901198544866355e-09,True,False,12,0.9583333334,894,0.0012348584108178777,0.04116194702726259,0.0012348584108178777,0.0012348584108178777,0.0,6.117856185053737,1.859605290069725,-4.635053923501202e-06,-4.635053923501202e-06,0.49997965899270236,0.011168845424158627,0.0,0.007647849286576426,0.011168845424158627,True,0.006728165190908461,7.796844233820868e-06,success,0.9999593179854047,0.9999593179854047,0.5,3.2221209128266474e-15,0.03,"[0.005, 0.0075, 0.01, 0.015, 0.02, 0.03, 0.05, 0.08]",0.02962908918608557,0.004206563867743723,False,-3.625744573723425e-18,0.000371631696640386,True,success,-2.1802792093000683e-17,5.392768101689631e-17,0.005506070566548364,-1.6178304305068893e-18,0.0
0.35164342570983936,-1.7469715369242837e-18,0.003894789915908035,0.00932359712580032,-1.0494895380796958e-19,0.00013067137098684501,arith,0.0778957983181607,1.2183272189573354e-06,True,0.026514350743169417,0.4791666667,0.8,9.936039801670045e-17,-0.017468221795593538,4.7901198544866355e-09,True,False,12,0.9583333334,894,0.0026134274197369,0.052268548394738,0.0026134274197369,0.0026134274197369,0.0,5.606049649024422,1.7040347579906001,-4.635053923501202e-06,-4.635053923501202e-06,0.49997965899270247,0.011168845424158627,0.0,0.007647849286576426,0.011168845424158627,True,0.00932359712580032,7.796844233820868e-06,success,0.9999593179854047,0.9999593179854047,0.5,3.2221209128266474e-15,0.05,"[0.005, 0.0075, 0.01, 0.015, 0.02, 0.03, 0.05, 0.08]",0.03355030022367205,0.011075963976991407,False,-4.968019900835022e-18,0.0013695772684500385,True,success,-9.508152531447627e-17,2.2512545832241964e-16,0.014015124122561059,-1.1256272916120984e-17,0.0
0.399793620868729,-6.273518242119415e-18,0.010698184127990762,0.011963277918085657,1.6695855130768408e-19,0.00038891535443855645,arith,0.13372730159988452,4.652702471759239e-06,True,0.029923633829099447,0.4791666667,0.8,1.961486475349273e-16,-0.01429361787807535,4.7901198544866355e-09,True,False,12,0.9583333334,894,0.004861441930481956,0.060768024131024445,0.004861441930481956,0.004861441930481956,0.0,5.079546303873582,1.5439969316235997,-4.635053923501202e-06,-4.635053923501202e-06,0.4999796589927023,0.011168845424158627,0.0,0.007647849286576426,0.011168845424158627,True,0.011963277918085657,7.796844233820868e-06,success,0.9999593179854047,0.9999593179854047,0.5,3.2221209128266474e-15,0.08,"[0.005, 0.0075, 0.01, 0.015, 0.02, 0.03, 0.05, 0.08]",0.03635339883719117,0.02675926670551724,False,-1.5691891802794184e-17,0.004277065769249792,True,success,7.740268516876031e-17,-1.744490018234071e-16,0.032509096344790926,1.395592014587257e-17,0.0
0.003063385986093683,9.213241060192191e-22,3.013742920294915e-07,2.6358502708054013e-07,-1.1336877841112205e-25,2.3590234100008662e-11,typ,6.02748584058983e-05,6.2180324940870645e-18,True,8.604368769625862e-05,0.4791666667,0.8,-6.01507031893201e-17,-0.006466575667712859,4.548651183030342e-09,True,False,13,0.9583333334,452,4.718046820001732e-09,9.436093640003465e-07,4.718046820001732e-09,4.718046820001732e-09,0.0,3.5799050289454435,1.0881606445797294,-0.002261362848149943,-0.002261362848149943,0.4999789653505404,0.0029678103425034245,0.0,0.0020318283206718114,0.0020318283206718114,True,2.6358502708054013e-07,2.5802083333616025e-07,success,0.999957930701081,0.319751423414127,0.5,3.970878387046034e-15,0.005,"[0.005, 0.0075, 0.01, 0.015, 0.02, 0.03, 0.05, 0.08]",7.827553551813967e-05,9.837947075477516e-05,False,3.0075351594660056e-19,9.232257827720495e-10,True,success,-4.546392989551416e-17,8.602065122347142e-17,8.949762572363609e-05,-4.3010325611735707e-19,0.0
0.0034858744382679024,1.826414792517085e-21,2.1483395444074484e-06,2.775972215780944e-07,-3.2311742677852644e-25,1.0585934555472695e-10,typ,0.0002864452725876598,2.93862602040676e-17,True,7.963488831686943e-05,0.4791666667,0.8,-6.985965118600631e-17,-0.006466235711143381,4.548651183030342e-09,True,False,13,0.9583333334,452,1.4114579407296927e-08,1.8819439209729237e-06,1.4114579407296927e-08,1.4114579407296927e-08,0.0,6.779404744306816,2.0606919392509404,-0.002261362848149943,-0.002261362848149943,0.4999789653505404,0.0029678103425034245,0.0,0.0020318283206718114,0.0020318283206718114,True,2.775972215780944e-07,2.5802083333616025e-07,success,0.999957930701081,0.319751423414127,0.5,3.970878387046034e-15,0.0075,"[0.005, 0.0075, 0.01, 0.015, 0.02, 0.03, 0.05, 0.08]",4.927496020370696e-05,0.0006162986023888278,False,5.239473838950473e-19,7.488841902570035e-09,True,success,-5.960575888540263e-17,1.5519724342179757e-16,0.0003813415168672584,-1.1639793256634817e-18,0.0
0.005662430222599714,-5.675120746605526e-20,1.353488027085222e-05,3.7826781090827106e-07,-1.6543612251315706e-24,1.0474822180361646e-09,typ,0.0013534880270852222,3.9622880558188027e-16,True,6.680308560775556e-05,0.4791666667,0.8,1.0022411797597367e-15,-0.00646443731919865,4.548651183030342e-09,True,False,13,0.9583333334,452,1.0474822180361646e-07,1.0474822180361646e-05,1.0474822180361646e-07,1.0474822180361646e-07,0.0,27.69155047903815,8.417222014283073,-0.002261362848149943,-0.002261362848149943,0.49997896535054054,0.0029678103425034245,0.0,0.0020318283206718114,0.0020318283206718114,True,3.7826781090827106e-07,2.5802083333616025e-07,success,0.999957930701081,0.319751423414127,0.5,3.970878387046034e-15,0.01,"[0.005, 0.0075, 0.01, 0.015, 0.02, 0.03, 0.05, 0.08]",7.739131762339631e-05,0.0023902952864358895,False,-1.0022411797597368e-17,7.664031510494222e-08,True,success,-8.311077267051416e-17,4.3735183841290387e-16,0.002769155047903815,-4.373518384129039e-18,0.0
0.021585856829319478,-2.580079044415177e-19,0.0001143998584065231,2.345032692666855e-06,-5.360936408103621e-23,2.7436741280565608e-08,typ,0.00762665722710154,6.434005528316863e-14,True,0.0001086374616124416,0.4791666667,0.8,7.968424463653831e-16,-0.006444276445271797,4.548651183030342e-09,True,False,13,0.9583333334,452,1.8291160853710407e-06,0.00012194107235806938,1.8291160853710407e-06,1.8291160853710407e-06,0.0,51.999732344624,15.806023290726179,-0.002261362848149943,-0.002261362848149943,0.4999789653505404,0.0029678103425034245,0.0,0.0020318283206718114,0.0020318283206718114,True,2.345032692666855e-06,2.5802083333616025e-07,success,0.999957930701081,0.319751423414127,0.5,3.970878387046034e-15,0.015,"[0.005, 0.0075, 0.01, 0.015, 0.02, 0.03, 0.05, 0.08]",0.0002398319513916563,0.005299759898858261,False,-1.1952636695480747e-17,2.469418964857628e-06,True,success,-2.113488751513678e-16,1.5240544904037058e-15,0.0116999397775404,-2.286081735605559e-17,0.0
0.05297392362173083,-4.2758824684431766e-19,0.00036167545545195983,1.1301006195174233e-05,-4.2069273794579483e-22,1.8508870533635693e-07,typ,0.01808377277259799,2.091688605662948e-12,True,0.0002133314926013591,0.4791666667,0.8,4.0358370459547525e-16,-0.006381147018338307,4.548651183030342e-09,True,False,13,0.9583333334,452,9.254435266817846e-06,0.0004627217633408923,9.254435266817845e-06,9.254435266817846e-06,0.0,40.94518269873033,12.44584312646138,-0.002261362848149943,-0.002261362848149943,0.49997896535054054,0.0029678103425034245,0.0,0.0020318283206718114,0.0020318283206718114,True,1.1301006195174233e-05,2.5802083333616025e-07,success,0.999957930701081,0.319751423414127,0.5,3.970878387046034e-15,0.02,"[0.005, 0.0075, 0.01, 0.015, 0.02, 0.03, 0.05, 0.08]",0.0005117535695228887,0.006827424338709814,False,-8.071674091909505e-18,1.9159367952966833e-05,True,success,-2.9088176712868217e-16,1.8613065539484414e-15,0.01637807307949213,-3.722613107896883e-17,1.8305448638046482e-16
0.13265353178087227,-1.2421454989246985e-18,0.0012728751313505085,6.932664490538049e-05,-1.1847626512581649e-21,1.6806417448158019e-06,typ,0.04242917104501695,1.1651325345600418e-10,True,0.0005226143923548134,0.4791666667,0.8,3.121277617587481e-16,-0.006079275979921171,4.548651183030342e-09,True,False,13,0.9583333334,452,5.602139149386007e-05,0.0018673797164620023,5.602139149386007e-05,5.602139149386007e-05,0.0,26.935959745501453,8.187549971869712,-0.002261362848149943,-0.002261362848149943,0.4999789653505404,0.0029678103425034245,0.0,0.0020318283206718114,0.0020318283206718114,True,6.932664490538049e-05,2.5802083333616025e-07,success,0.999957930701081,0.319751423414127,0.5,3.970878387046034e-15,0.03,"[0.005, 0.0075, 0.01, 0.015, 0.02, 0.03, 0.05, 0.08]",0.001320350836796267,0.009595486183158286,False,-9.363832852762442e-18,0.00016885138168968664,True,success,-1.0975989684542245e-16,5.696523815507355e-16,0.024242363770951306,-1.7089571446522068e-17,0.0
0.2617612122359144,2.783415480302187e-19,0.004392981830687784,0.00035942595362473383,-3.9548104673677065e-21,1.5038072971388942e-05,typ,0.08785963661375568,5.405073718419805e-09,True,0.0013731062389060083,0.4791666667,0.8,-2.1266829080800642e-17,-0.004766281347618032,4.548651183030342e-09,True,False,13,0.9583333334,452,0.00030076145942777884,0.006015229188555576,0.00030076145942777884,0.00030076145942777884,0.0,16.735656198149513,5.087029485083206,-0.002261362848149943,-0.002261362848149943,0.4999789653505404,0.0029678103425034245,0.0,0.0020318283206718114,0.0020318283206718114,True,0.00035942595362473383,2.5802083333616025e-07,success,0.999957930701081,0.319751423414127,0.5,3.970878387046034e-15,0.05,"[0.005, 0.0075, 0.01, 0.015, 0.02, 0.03, 0.05, 0.08]",0.0034232039992376927,0.01678240176672384,False,1.0633414540400322e-18,0.0011499122493311808,True,success,-5.379288838695132e-17,2.2006259856775999e-16,0.04183914049537379,-1.1003129928388001e-17,0.0
0.366412535222936,2.369657278486325e-18,0.011912476927604122,0.001014394627711306,-3.1397795137637e-20,7.166655856990608e-05,typ,0.1489059615950515,7.269817199987039e-08,True,0.002768449575815191,0.4791666667,0.8,-8.083979977119768e-17,-0.0012024930512769484,4.548651183030342e-09,True,False,13,0.9583333334,452,0.000895831982123826,0.011197899776547825,0.000895831982123826,0.000895831982123826,0.0,11.038997516984798,3.355452883937182,-0.002261362848149943,-0.002261362848149943,0.4999789653505405,0.0029678103425034245,0.0,0.0020318283206718114,0.0020318283206718114,True,0.001014394627711306,2.5802083333616025e-07,success,0.999957930701081,0.319751423414127,0.5,3.970878387046034e-15,0.08,"[0.005, 0.0075, 0.01, 0.015, 0.02, 0.03, 0.05, 0.08]",0.006016092119669684,0.03251110642368233,False,6.4671839816958145e-18,0.004364880871828157,True,success,-1.164494404785058e-16,3.869031129492132e-16,0.07064958410870271,-3.095224903593706e-17,0.0
0.1940105987522697,7.293502200003225e-20,2.1568094547862345e-05,0.0025800609148919607,8.915964949620278e-22,3.774041481774217e-07,arith,0.0043136189095724685,9.737256918306596e-10,True,0.013298556529823487,0.4791666667,0.82,-7.518663667768202e-17,-0.0194265384137325,4.793202683122478e-09,True,False,14,0.9583333334,742,7.548082963548434e-05,0.015096165927096868,7.548082963548434e-05,7.548082963548434e-05,0.0,5.851088956839228,1.778517776110686,-4.686420838804996e-06,-4.686420838804996e-06,0.4999796552083693,0.09984631558370503,0.0,0.06491126570849284,0.09984631558370503,True,0.0025800609148919607,0.0006256506727129737,success,0.9999593104167386,0.9999593104167386,0.5,2.8442331230733318e-15,0.005,"[0.005, 0.0075, 0.01, 0.015, 0.02, 0.03, 0.05, 0.08]",0.017498261023472145,0.00011116967158790351,False,3.759331833884101e-19,4.184438937176337e-06,True,success,2.857261819982383e-17,-6.911437554173895e-17,0.0001462772239209807,3.4557187770869477e-19,0.0
0.21799701717401904,2.576303648633158e-19,5.482035780122241e-05,0.003297632969426869,5.1591254804932336e-21,1.0939078681854593e-06,arith,0.007309381040162988,3.6073066516438322e-09,True,0.015126963718014955,0.4791666667,0.82,-1.5757424464064044e-16,-0.019412082989246966,4.793202683122478e-09,True,False,14,0.9583333334,742,0.0001458543824247279,0.01944725098996372,0.0001458543824247279,0.0001458543824247279,0.0,5.8973364138046165,1.7925753173512295,-4.686420838804996e-06,-4.686420838804996e-06,0.4999796552083693,0.09984631558370503,0.0,0.06491126570849284,0.09984631558370503,True,0.003297632969426869,0.0006256506727129737,success,0.9999593104167386,0.9999593104167386,0.5,2.8442331230733318e-15,0.0075,"[0.005, 0.0075, 0.01, 0.015, 0.02, 0.03, 0.05, 0.08]",0.01995440949422382,0.00025147297202448107,False,1.1818068348048033e-18,1.195067448107895e-05,True,success,8.58982981746911e-17,-2.0859913876911914e-16,0.0003317251732765097,1.5644935407683933e-18,0.0
0.23711540782646523,7.750351467375392e-20,0.00010608156160409038,0.003934021812562947,-1.4095157637904142e-20,2.3206526610863383e-06,arith,0.010608156160409037,9.129498188095902e-09,True,0.01659116903715549,0.4791666667,0.82,-3.268598839029283e-17,-0.019389740342877965,4.793202683122478e-09,True,False,14,0.9583333334,742,0.00023206526610863382,0.023206526610863382,0.00023206526610863382,0.00023206526610863382,0.0,5.89893186071196,1.7930602750585012,-4.686420838804996e-06,-4.686420838804996e-06,0.4999796552083693,0.09984631558370503,0.0,0.06491126570849284,0.09984631558370503,True,0.003934021812562947,0.0006256506727129737,success,0.9999593104167386,0.9999593104167386,0.5,2.8442331230733318e-15,0.01,"[0.005, 0.0075, 0.01, 0.015, 0.02, 0.03, 0.05, 0.08]",0.021876117074400767,0.0004473836710001022,False,3.268598839029283e-19,2.5153572742622187e-05,True,success,-1.4751849870864118e-16,3.5828875154917844e-16,0.0005898931860711961,-3.582887515491784e-18,0.0
0.26700024139415224,-4.205592511334858e-19,0.0002677225691707739,0.00504375625686322,5.489419018911213e-21,6.638133279308304e-06,arith,0.017848171278051595,3.348112626140322e-08,True,0.018890455793324563,0.4791666667,0.82,1.050084571553242e-16,-0.01931890324903824,4.793202683122478e-09,True,False,14,0.9583333334,742,0.0004425422186205536,0.029502814574703575,0.0004425422186205536,0.0004425422186205536,0.0,5.849373576401128,1.7779963629815303,-4.686420838804996e-06,-4.686420838804996e-06,0.4999796552083693,0.09984631558370503,0.0,0.06491126570849284,0.09984631558370503,True,0.00504375625686322,0.0006256506727129737,success,0.9999593104167386,0.9999593104167386,0.5,2.8442331230733318e-15,0.015,"[0.005, 0.0075, 0.01, 0.015, 0.02, 0.03, 0.05, 0.08]",0.024794821370005587,0.0010027053450320869,False,-1.575126857329863e-18,7.148199059525925e-05,True,success,3.000035220129819e-17,-7.255728653212328e-17,0.0013161090546902536,1.0883592979818492e-18,0.0
0.2901556318352517,7.062345872614153e-19,0.0005137215715455523,0.005999658659928922,-2.5192148993387262e-20,1.384949128693392e-05,arith,0.025686078577277612,8.309222033526326e-08,True,0.020677381383158833,0.4791666667,0.82,-1.2169927269624914e-16,-0.019210269714539284,4.793202683122478e-09,True,False,14,0.9583333334,742,0.000692474564346696,0.0346237282173348,0.000692474564346696,0.000692474564346696,0.0,5.7709496789514,1.754158356635175,-4.686420838804996e-06,-4.686420838804996e-06,0.4999796552083693,0.09984631558370503,0.0,0.06491126570849284,0.09984631558370503,True,0.005999658659928922,0.0006256506727129737,success,0.9999593104167386,0.9999593104167386,0.5,2.8442331230733318e-15,0.02,"[0.005, 0.0075, 0.01, 0.015, 0.02, 0.03, 0.05, 0.08]",0.02695913906295031,0.0017705035339008676,False,2.4339854539249827e-18,0.0001490592071791982,True,success,-8.739468757331863e-17,2.0994651880483574e-16,0.00230837987158056,-4.198930376096715e-18,0.0
0.32503555018518915,-3.3576244911284635e-19,0.0012738639865488245,0.007595354819866947,1.93161211761281e-20,3.821734895041608e-05,arith,0.04246213288496082,2.902743255530798e-07,True,0.023367766435208364,0.4791666667,0.82,3.4433407763299074e-17,-0.01887048552930259,4.793202683122478e-09,True,False,14,0.9583333334,742,0.001273911631680536,0.04246372105601787,0.001273911631680536,0.001273911631680536,0.0,5.590748827816016,1.6993838660439937,-4.686420838804996e-06,-4.686420838804996e-06,0.4999796552083693,0.09984631558370503,0.0,0.06491126570849284,0.09984631558370503,True,0.007595354819866947,0.0006256506727129737,success,0.9999593104167386,0.9999593104167386,0.5,2.8442331230733318e-15,0.03,"[0.005, 0.0075, 0.01, 0.015, 0.02, 0.03, 0.05, 0.08]",0.030001122061669404,0.003919152799818481,False,-1.0330022328989723e-18,0.00041405108172899556,True,success,3.5852183359263365e-17,-8.477164281868478e-17,0.005031673945034415,2.5431492845605434e-18,0.0
0.37095228576725925,1.5683766299982355e-18,0.003906596965584511,0.009971544562746182,-1.0458419300722783e-19,0.00013081032879485923,arith,0.07813193931169021,1.3043810228454189e-06,True,0.026880935757334763,0.4791666667,0.82,-8.455948056792713e-17,-0.01766743269239897,4.793202683122478e-09,True,False,14,0.9583333334,742,0.0026162065758971844,0.052324131517943684,0.0026162065758971844,0.0026162065758971844,0.0,5.247344700582025,1.5950015281269578,-4.686420838804996e-06,-4.686420838804996e-06,0.4999796552083693,0.09984631558370503,0.0,0.06491126570849284,0.09984631558370503,True,0.009971544562746182,0.0006256506727129737,success,0.9999593104167386,0.9999593104167386,0.5,2.8442331230733318e-15,0.05,"[0.005, 0.0075, 0.01, 0.015, 0.02, 0.03, 0.05, 0.08]",0.033484469974057636,0.01053126538229654,False,4.227974028396357e-18,0.0014491610739550134,True,success,-9.15722349291269e-17,2.0976528229729967e-16,0.013118361751455065,-1.0488264114864985e-17,0.0
0.41207441904114667,1.0646748212965541e-18,0.01062903367273196,0.012351754020453598,3.463612440315794e-20,0.000382103023446071,arith,0.1328629209091495,4.719642556077483e-06,True,0.029974571217487405,0.4791666667,0.82,-3.2296193724362314e-17,-0.014501948219752106,4.793202683122478e-09,True,False,14,0.9583333334,742,0.004776287793075888,0.05970359741344859,0.004776287793075888,0.004776287793075888,0.0,4.833612887253407,1.4692421370161188,-4.686420838804996e-06,-4.686420838804996e-06,0.4999796552083693,0.09984631558370503,0.0,0.06491126570849284,0.09984631558370503,True,0.012351754020453598,0.0006256506727129737,success,0.9999593104167386,0.9999593104167386,0.5,2.8442331230733318e-15,0.08,"[0.005, 0.0075, 0.01, 0.015, 0.02, 0.03, 0.05, 0.08]",0.03594898983397988,0.025793966287605503,False,2.583695497948985e-18,0.004379952875659808,True,success,1.5943172190769522e-17,-3.5051827807009295e-17,0.030935122478421805,2.8041462245607435e-18,0.0
0.003861863840798032,2.4540897810799794e-21,4.409774696417172e-07,3.5644317782867517e-07,-2.7798196122540102e-25,3.313065492485828e-11,typ,8.819549392834343e-05,1.1809195924961733e-17,True,9.229822503400799e-05,0.4791666667,0.82,-1.2709354250940425e-16,-0.006053378915547421,4.4819558417204606e-09,True,False,15,0.9583333334,454,6.6261309849716565e-09,1.3252261969943313e-06,6.6261309849716565e-09,6.6261309849716565e-09,0.0,3.7179171307672014,1.1301112931203714,-0.002721247304450018,-0.002721247304450018,0.49997903664898447,0.0036879091878647455,0.0,0.00235584322138898,0.00235584322138898,True,3.5644317782867517e-07,3.468756219252867e-07,success,0.9999580732979685,0.29410939164928396,0.5,4.678136836243945e-15,0.005,"[0.005, 0.0075, 0.01, 0.015, 0.02, 0.03, 0.05, 0.08]",7.51300399808999e-05,0.0001141877310595683,False,6.354677125470213e-19,1.7029949446159594e-09,True,success,-8.089216343669531e-17,1.559754701541873e-16,9.294792826918003e-05,-7.798773507709366e-19,0.0
0.004866469709102965,3.255782891008717e-21,4.049869970355118e-06,3.863572478568995e-07,-1.0210510686201435e-24,1.8630755919176344e-10,typ,0.0005399826627140158,7.198127582426612e-17,True,7.939168862680883e-05,0.4791666667,0.82,-8.920314137696488e-17,-0.006052765316898884,4.4819558417204606e-09,True,False,15,0.9583333334,454,2.4841007892235125e-08,3.31213438563135e-06,2.4841007892235125e-08,2.4841007892235125e-08,0.0,8.572724865402579,2.60579589120807,-0.002721247304450018,-0.002721247304450018,0.49997903664898447,0.0036879091878647455,0.0,0.00235584322138898,0.00235584322138898,True,3.863572478568995e-07,3.468756219252867e-07,success,0.9999580732979685,0.29410939164928396,0.5,4.678136836243945e-15,0.0075,"[0.005, 0.0075, 0.01, 0.015, 0.02, 0.03, 0.05, 0.08]",4.600334345436449e-05,0.0008321987420942212,False,6.690235603272366e-19,1.9708569536538902e-08,True,success,-1.2034767213127342e-16,3.5236854811925237e-16,0.0004822157736788951,-2.6427641108943927e-18,0.0
0.009189720388323837,3.21872519956465e-20,2.24068157936783e-05,5.810690332221066e-07,-4.549493369056744e-24,1.7231865329064258e-09,typ,0.0022406815793678298,1.0012903327372906e-15,True,6.323032787378321e-05,0.4791666667,0.82,-3.5025278937259714e-16,-0.0060496171966408635,4.4819558417204606e-09,True,False,15,0.9583333334,454,1.7231865329064258e-07,1.7231865329064258e-05,1.7231865329064258e-07,1.7231865329064258e-07,0.0,29.65545287022306,9.01417675878169,-0.002721247304450018,-0.002721247304450018,0.49997903664898447,0.0036879091878647455,0.0,0.00235584322138898,0.00235584322138898,True,5.810690332221066e-07,3.468756219252867e-07,success,0.9999580732979685,0.29410939164928396,0.5,4.678136836243945e-15,0.01,"[0.005, 0.0075, 0.01, 0.015, 0.02, 0.03, 0.05, 0.08]",7.690456996538498e-05,0.0024382478298412297,False,3.5025278937259714e-18,2.0591237193658203e-07,True,success,-1.437748836440539e-16,7.829523015241729e-16,0.0029655452870223056,-7.829523015241729e-18,0.0
0.03380945537433536,2.660208037792999e-20,0.00015177283498178003,3.4715455163431077e-06,-4.0092757894164363e-23,3.5197240472619e-08,typ,0.010118188998785336,1.2218882235037064e-13,True,0.00010267972311019081,0.4791666667,0.82,-5.2454912555070876e-17,-0.006020880061196908,4.4819558417204606e-09,True,False,15,0.9583333334,454,2.3464826981745998e-06,0.00015643217987830666,2.3464826981745998e-06,2.3464826981745998e-06,0.0,45.061249850208156,13.696977513678618,-0.002721247304450018,-0.002721247304450018,0.4999790366489845,0.0036879091878647455,0.0,0.00235584322138898,0.00235584322138898,True,3.4715455163431077e-06,3.468756219252867e-07,success,0.9999580732979685,0.29410939164928396,0.5,4.678136836243945e-15,0.015,"[0.005, 0.0075, 0.01, 0.015, 0.02, 0.03, 0.05, 0.08]",0.0002319073797155093,0.004489064769052454,False,7.868236883260631e-19,5.131356891352857e-06,True,success,-1.146965069796075e-16,7.699310044170698e-16,0.010138781216296836,-1.1548965066256048e-17,0.0
0.07434283998362073,-4.97664267356645e-19,0.00042776596053549726,1.4590491107982422e-05,-2.238702865472915e-22,2.0923732059273955e-07,typ,0.021388298026774864,3.052875265566434e-12,True,0.00019625953368471004,0.4791666667,0.82,3.347089426946097e-16,-0.005942842974133118,4.4819558417204606e-09,True,False,15,0.9583333334,454,1.0461866029636977e-05,0.0005230933014818489,1.0461866029636977e-05,1.0461866029636977e-05,0.0,35.851658289669615,10.89759736034987,-0.002721247304450018,-0.002721247304450018,0.49997903664898447,0.0036879091878647455,0.0,0.00235584322138898,0.00235584322138898,True,1.4590491107982422e-05,3.468756219252867e-07,success,0.9999580732979685,0.29410939164928396,0.5,4.678136836243945e-15,0.02,"[0.005, 0.0075, 0.01, 0.015, 0.02, 0.03, 0.05, 0.08]",0.0004891397163318151,0.00575396313390426,False,-6.694178853892194e-18,3.18013363545303e-05,True,success,-1.2812737392629469e-16,7.671787223968514e-16,0.014340663315867848,-1.534357444793703e-17,0.0
0.16289819212522572,9.71742693867474e-19,0.001358462374844153,7.715844786744049e-05,-1.0300702519129854e-21,1.6873894358702415e-06,typ,0.04528207916147177,1.3019634981966385e-10,True,0.00047366055363049094,0.4791666667,0.82,-1.9884458327208043e-16,-0.0056087720366258895,4.4819558417204606e-09,True,False,15,0.9583333334,454,5.624631452900805e-05,0.0018748771509669352,5.624631452900805e-05,5.624631452900805e-05,0.0,24.299052181402168,7.386026185219792,-0.002721247304450018,-0.002721247304450018,0.4999790366489845,0.0036879091878647455,0.0,0.00235584322138898,0.00235584322138898,True,7.715844786744049e-05,3.468756219252867e-07,success,0.9999580732979685,0.29410939164928396,0.5,4.678136836243945e-15,0.03,"[0.005, 0.0075, 0.01, 0.015, 0.02, 0.03, 0.05, 0.08]",0.0012421318890512695,0.008339333648343095,False,5.965337498162413e-18,0.00022129106493225324,True,success,-9.027498829800417e-17,4.450021483422716e-16,0.02186914696326195,-1.3350064450268148e-17,0.0
0.2891737777545544,2.353075365901987e-18,0.00442632278280243,0.00035573418721757946,-6.168706939432622e-21,1.3855451919763703e-05,typ,0.08852645565604861,4.928857927209392e-09,True,0.0012301744299910912,0.4791666667,0.82,-1.6274472631465471e-16,-0.004261409445184548,4.4819558417204606e-09,True,False,15,0.9583333334,454,0.00027710903839527404,0.00554218076790548,0.00027710903839527404,0.00027710903839527404,0.0,15.579556216551346,4.735617229449972,-0.002721247304450018,-0.002721247304450018,0.49997903664898447,0.0036879091878647455,0.0,0.00235584322138898,0.00235584322138898,True,0.00035573418721757946,3.468756219252867e-07,success,0.9999580732979685,0.29410939164928396,0.5,4.678136836243945e-15,0.05,"[0.005, 0.0075, 0.01, 0.015, 0.02, 0.03, 0.05, 0.08]",0.0031302398400758795,0.015306791705572333,False,8.137236315732736e-18,0.0012799764806640307,True,success,-8.786602678387991e-17,3.4681552468611205e-16,0.03894889054137837,-1.7340776234305604e-17,0.0
0.38435199824645766,-7.951791339314349e-18,0.011805399880732845,0.0009417510712865128,-1.6152749797056023e-20,6.313338330472972e-05,typ,0.14756749850916057,5.9455931361171256e-08,True,0.002450230714509346,0.4791666667,0.82,2.5861031605120697e-16,-0.0007107946662994908,4.4819558417204606e-09,True,False,15,0.9583333334,454,0.0007891672913091215,0.009864591141364018,0.0007891672913091215,0.0007891672913091215,0.0,10.474733124421233,3.1839370755118868,-0.002721247304450018,-0.002721247304450018,0.4999790366489845,0.0036879091878647455,0.0,0.00235584322138898,0.00235584322138898,True,0.0009417510712865128,3.468756219252867e-07,success,0.9999580732979685,0.29410939164928396,0.5,4.678136836243945e-15,0.08,"[0.005, 0.0075, 0.01, 0.015, 0.02, 0.03, 0.05, 0.08]",0.0053478394584301515,0.030715073512283083,False,-2.0688825284096557e-17,0.004537429034258162,True,success,-6.62443545149112e-17,2.1439781553672643e-16,0.06703829199629589,-1.7151825242938116e-17,0.0
0.2574227186000467,2.5357027807356996e-19,2.461669648129956e-05,0.004322774960061329,5.2963413347425696e-21,4.865336192785488e-07,arith,0.004923339296259912,2.1031753466453226e-09,True,0.016792515375371943,0.4791666667,0.84,-1.9700691489280542e-16,-0.01968286782572387,4.76025964132549e-09,True,False,16,0.9583333334,731,9.730672385570975e-05,0.01946134477114195,9.730672385570975e-05,9.730672385570975e-05,0.0,4.502049019657004,1.3684588064624224,-4.739111274756631e-06,-4.739111274756631e-06,0.4999796515707602,0.22628455945349207,0.0,0.1472899056392442,0.22628455945349207,True,0.004322774960061329,0.0032698806839579634,success,0.9999593031415205,0.9999593031415205,0.5,2.951442049416804e-15,0.005,"[0.005, 0.0075, 0.01, 0.015, 0.02, 0.03, 0.05, 0.08]",0.019764374949666836,9.562752120393113e-05,False,9.850345744640272e-19,6.336896931168336e-06,True,success,1.1548836294998704e-16,-2.4504358351642847e-16,0.0001125512254914251,1.2252179175821423e-18,0.0
0.27234582941018,-1.598774687942492e-20,6.027328387608802e-05,0.004896073869579932,1.0654086289682996e-21,1.3108793028606893e-06,arith,0.00803643785014507,6.4181619009093795e-09,True,0.01797741452543397,0.4791666667,0.84,7.827179099969878e-18,-0.019666731549566975,4.76025964132549e-09,True,False,16,0.9583333334,731,0.0001747839070480919,0.02330452093974559,0.0001747839070480919,0.0001747839070480919,0.0,4.759838507449857,1.4468174145635935,-4.739111274756631e-06,-4.739111274756631e-06,0.4999796515707602,0.22628455945349207,0.0,0.1472899056392442,0.22628455945349207,True,0.004896073869579932,0.0032698806839579634,success,0.9999593031415205,0.9999593031415205,0.5,2.951442049416804e-15,0.0075,"[0.005, 0.0075, 0.01, 0.015, 0.02, 0.03, 0.05, 0.08]",0.021748927859242612,0.00022131157288739106,False,-5.870384324977409e-20,1.641517748850842e-05,True,success,1.3298751651267732e-17,-2.9013958458643067e-17,0.00026774091604405445,2.1760468843982297e-19,0.0
0.28534038879079965,-1.583951611365685e-19,0.0001141344849318425,0.005427904169375757,4.473392752686241e-21,2.666188637764804e-06,arith,0.01141344849318425,1.4471816423265851e-08,True,0.019022558258849513,0.4791666667,0.84,5.551095020505408e-17,-0.019642466736758235,4.76025964132549e-09,True,False,16,0.9583333334,731,0.0002666188637764804,0.02666188637764804,0.0002666188637764804,0.0002666188637764804,0.0,4.912003886891452,1.4930701436268172,-4.739111274756631e-06,-4.739111274756631e-06,0.4999796515707602,0.22628455945349207,0.0,0.1472899056392442,0.22628455945349207,True,0.005427904169375757,0.0032698806839579634,success,0.9999593031415205,0.9999593031415205,0.5,2.951442049416804e-15,0.01,"[0.005, 0.0075, 0.01, 0.015, 0.02, 0.03, 0.05, 0.08]",0.023360061942339052,0.00039999414529262947,False,-5.551095020505408e-19,3.2567178304889606e-05,True,success,3.718566114072396e-17,-8.241473344214752e-17,0.0004912003886891452,8.241473344214751e-19,0.0
0.30706654870547606,4.197034401199578e-19,0.0002809798130511744,0.006382474879532712,-7.639037319719537e-21,7.26722611497851e-06,arith,0.01873198753674496,4.638288812273445e-08,True,0.020785314800455472,0.4791666667,0.84,-9.112105978097879e-17,-0.019567370482467476,4.76025964132549e-09,True,False,16,0.9583333334,731,0.0004844817409985674,0.03229878273323783,0.00048448174099856734,0.0004844817409985674,0.0,5.0605420848287865,1.538220341720149,-4.739111274756631e-06,-4.739111274756631e-06,0.4999796515707602,0.22628455945349207,0.0,0.1472899056392442,0.22628455945349207,True,0.006382474879532712,0.0032698806839579634,success,0.9999593031415205,0.9999593031415205,0.5,2.951442049416804e-15,0.015,"[0.005, 0.0075, 0.01, 0.015, 0.02, 0.03, 0.05, 0.08]",0.025863872696274243,0.0009150453354027734,False,1.3668158967146819e-18,8.6279501449534e-05,True,success,-3.5469881540873393e-17,7.979179930360414e-17,0.0011386219690864767,-1.196876989554062e-18,1.118929859204653e-16
0.3247668148954917,5.359389941541782e-19,0.000531531310302037,0.007218727612177106,4.983157676832138e-21,1.4747447790889363e-05,arith,0.02657656551510185,1.064578085772333e-07,True,0.02222741758421363,0.4791666667,0.84,-8.251135423529043e-17,-0.019454276657881193,4.76025964132549e-09,True,False,16,0.9583333334,731,0.0007373723895444681,0.036868619477223405,0.0007373723895444681,0.0007373723895444681,0.0,5.107357065950317,1.5524503896184305,-4.739111274756631e-06,-4.739111274756631e-06,0.4999796515707603,0.22628455945349207,0.0,0.1472899056392442,0.22628455945349207,True,0.007218727612177106,0.0032698806839579634,success,0.9999593031415205,0.9999593031415205,0.5,2.951442049416804e-15,0.02,"[0.005, 0.0075, 0.01, 0.015, 0.02, 0.03, 0.05, 0.08]",0.027745209934122755,0.0016366552428488763,False,1.6502270847058086e-18,0.00017262373066401982,True,success,1.5272701662009164e-17,-3.451548489256031e-17,0.002042942826380127,6.903096978512063e-19,0.0
0.35240729514793523,1.6796871840999768e-19,0.0012968497137312545,0.008625529428021828,3.2563360400782427e-20,3.9428019724506624e-05,arith,0.04322832379104182,3.4008754442235695e-07,True,0.024476024040310976,0.4791666667,0.84,-1.588774511033575e-17,-0.019106085248942386,4.76025964132549e-09,True,False,16,0.9583333334,731,0.0013142673241502208,0.04380891080500736,0.0013142673241502208,0.0013142673241502208,0.0,5.078982243418588,1.5438254778047624,-4.739111274756631e-06,-4.739111274756631e-06,0.4999796515707602,0.22628455945349207,0.0,0.1472899056392442,0.22628455945349207,True,0.008625529428021828,0.0032698806839579634,success,0.9999593031415205,0.9999593031415205,0.5,2.951442049416804e-15,0.03,"[0.005, 0.0075, 0.01, 0.015, 0.02, 0.03, 0.05, 0.08]",0.03040292125374002,0.003679974085629688,False,4.766323533100725e-19,0.0004570192998294055,True,success,5.583851407420832e-17,-1.2584101135478738e-16,0.00457108401907673,3.775230340643622e-18,0.0
0.3899323402542975,2.3474872956179377e-18,0.003917647789965934,0.010721764457847715,1.3958879631987575e-20,0.00013100884787752278,arith,0.07835295579931867,1.4046460088368017e-06,True,0.027496474005863247,0.4791666667,0.84,-1.2040485249758996e-16,-0.017892710374325684,4.76025964132549e-09,True,False,16,0.9583333334,731,0.0026201769575504553,0.0524035391510091,0.0026201769575504553,0.0026201769575504553,0.0,4.887585374313342,1.485647805835219,-4.739111274756631e-06,-4.739111274756631e-06,0.4999796515707602,0.22628455945349207,0.0,0.1472899056392442,0.22628455945349207,True,0.010721764457847715,0.0032698806839579634,success,0.9999593031415205,0.9999593031415205,0.5,2.951442049416804e-15,0.05,"[0.005, 0.0075, 0.01, 0.015, 0.02, 0.03, 0.05, 0.08]",0.033440690664706736,0.010046993761561322,False,6.020242624879498e-18,0.001527617571033493,True,success,1.1777879794174269e-17,-2.6038400091452255e-17,0.012218963435783357,1.3019200045726128e-18,0.0
0.4241227628895151,-3.3043762041443418e-18,0.010560369403144174,0.012807293568680555,-4.951130358657959e-20,0.0003756106722772278,arith,0.13200461753930218,4.810556147383919e-06,True,0.0301971379263529,0.4791666667,0.84,9.738855389510002e-17,-0.014736507587796923,4.76025964132549e-09,True,False,16,0.9583333334,731,0.004695133403465347,0.058689167543316836,0.004695133403465347,0.004695133403465347,0.0,4.582480071108666,1.3929069144664625,-4.739111274756631e-06,-4.739111274756631e-06,0.49997965157076024,0.22628455945349207,0.0,0.1472899056392442,0.22628455945349207,True,0.012807293568680555,0.0032698806839579634,success,0.9999593031415205,0.9999593031415205,0.5,2.951442049416804e-15,0.08,"[0.005, 0.0075, 0.01, 0.015, 0.02, 0.03, 0.05, 0.08]",0.035567948235352066,0.02489932238297517,False,-7.791084311608002e-18,0.004478893048395407,True,success,-2.2573906249498225e-17,4.832334727968642e-17,0.029327872455095466,-3.8658677823749135e-18,0.0
0.005192701686062366,1.8944503978995716e-21,7.869643023300793e-07,5.137670794532326e-07,1.8414664100499958e-24,5.1960866006557296e-11,typ,0.00015739286046601584,2.6695782374049694e-17,True,9.894022620868541e-05,0.4791666667,0.84,-7.296588606214105e-17,-0.005655689719863369,4.526396970461563e-09,True,False,17,0.9583333334,460,1.0392173201311459e-08,2.0784346402622915e-06,1.0392173201311459e-08,1.0392173201311459e-08,0.0,4.045480380864864,1.2296785817732503,-0.003293041140858575,-0.003293041140858575,0.49997904230200596,0.004800192851918419,0.0,0.0028130059562290737,0.0028130059562290737,True,5.137670794532326e-07,4.945642662204352e-07,success,0.9999580846040121,0.2694792150051765,0.5,5.76218885142383e-15,0.005,"[0.005, 0.0075, 0.01, 0.015, 0.02, 0.03, 0.05, 0.08]",6.602696698275797e-05,0.00015155199545592143,False,3.6482943031070526e-19,4.086470859580296e-09,True,success,3.5640392216064946e-16,-7.168487369839825e-16,0.00010113700952162159,3.5842436849199125e-18,0.0
0.007768705985759156,-4.989553454919863e-20,8.018797218533767e-06,5.913410282042532e-07,6.979336418416171e-25,3.8479053819173955e-10,typ,0.001069172962471169,2.2754243249757125e-16,True,7.611834316915105e-05,0.4791666667,0.84,8.563508455704605e-16,-0.005654450211770412,4.526396970461563e-09,True,False,17,0.9583333334,460,5.1305405092231944e-08,6.840720678964259e-06,5.130540509223195e-08,5.1305405092231944e-08,0.0,11.568148247277419,3.5162954188925495,-0.003293041140858575,-0.003293041140858575,0.4999790423020059,0.004800192851918419,0.0,0.0028130059562290737,0.0028130059562290737,True,5.913410282042532e-07,4.945642662204352e-07,success,0.9999580846040121,0.2694792150051765,0.5,5.76218885142383e-15,0.0075,"[0.005, 0.0075, 0.01, 0.015, 0.02, 0.03, 0.05, 0.08]",4.798606670117271e-05,0.0010321921351165888,False,-6.422631341778453e-18,6.229567795021215e-08,True,success,4.6268235184503874e-17,-1.5736743177588688e-16,0.0006507083389093548,1.1802557383191515e-18,1.2898143750211135e-16
0.01643468887387736,-1.2790197503541603e-19,3.690969312342157e-05,1.0201134563069915e-06,-1.6543612251136773e-24,3.138283377855978e-09,typ,0.0036909693123421566,3.2014051034554417e-15,True,6.207074950645663e-05,0.4791666667,0.84,7.782439693075901e-16,-0.005648881594151195,4.526396970461563e-09,True,False,17,0.9583333334,460,3.1382833778559775e-07,3.138283377855978e-05,3.1382833778559775e-07,3.1382833778559775e-07,0.0,30.76406215850903,9.351153574639763,-0.003293041140858575,-0.003293041140858575,0.4999790423020059,0.004800192851918419,0.0,0.0028130059562290737,0.0028130059562290737,True,1.0201134563069915e-06,4.945642662204352e-07,success,0.9999580846040121,0.2694792150051765,0.5,5.76218885142383e-15,0.01,"[0.005, 0.0075, 0.01, 0.015, 0.02, 0.03, 0.05, 0.08]",8.502599486161904e-05,0.002245840697482802,False,-7.782439693075902e-18,6.065993229137241e-07,True,success,-2.923883241469423e-17,1.6217423806002772e-16,0.0030764062158509034,-1.6217423806002772e-18,0.0
0.05400391777030477,-4.88386724794853e-19,0.00019773050169502615,5.684814366738893e-06,5.274809726181101e-23,4.8212957420908644e-08,typ,0.013182033446335078,2.7408171300935197e-13,True,0.00010526670288844881,0.4791666667,0.84,6.029028324353696e-16,-0.005608405083732351,4.526396970461563e-09,True,False,17,0.9583333334,460,3.2141971613939095e-06,0.00021427981075959398,3.21419716139391e-06,3.2141971613939095e-06,0.0,37.693369903741655,11.457410562346727,-0.003293041140858575,-0.003293041140858575,0.49997904230200585,0.004800192851918419,0.0,0.0028130059562290737,0.0028130059562290737,True,5.684814366738893e-06,4.945642662204352e-07,success,0.9999580846040121,0.2694792150051765,0.5,5.76218885142383e-15,0.015,"[0.005, 0.0075, 0.01, 0.015, 0.02, 0.03, 0.05, 0.08]",0.00024383166485497984,0.003661410317229847,False,-9.043542486530543e-18,1.06782217542193e-05,True,success,1.0075503734468602e-16,-6.185848104432192e-16,0.008481008228341873,9.278772156648289e-18,1.3176431076290372e-16
0.10479642290546738,-7.173482072860802e-19,0.0004968287883496349,2.037734944929546e-05,1.5772295340980885e-22,2.473753378730045e-07,typ,0.024841439417481744,5.040853704975747e-12,True,0.0001944469943184706,0.4791666667,0.84,3.4225796424996824e-16,-0.005513616536638705,4.526396970461563e-09,True,False,17,0.9583333334,460,1.2368766893650225e-05,0.0006184383446825113,1.2368766893650225e-05,1.2368766893650225e-05,0.0,30.349302602939538,9.22508178734795,-0.003293041140858575,-0.003293041140858575,0.4999790423020059,0.004800192851918419,0.0,0.0028130059562290737,0.0028130059562290737,True,2.037734944929546e-05,4.945642662204352e-07,success,0.9999580846040121,0.2694792150051765,0.5,5.76218885142383e-15,0.02,"[0.005, 0.0075, 0.01, 0.015, 0.02, 0.03, 0.05, 0.08]",0.0004979086229981469,0.00474089453222849,False,-6.8451592849993654e-18,5.206587981549928e-05,True,success,7.024943796351226e-17,-3.870055666520016e-16,0.012139721041175815,7.740111333040032e-18,0.0
0.1997103658274761,-1.6292360208516136e-18,0.0014316629256600122,9.029542831733046e-05,-3.3405315155975133e-22,1.733744884306719e-06,typ,0.047722097522000406,1.5654923692145575e-10,True,0.0004521319058387486,0.4791666667,0.84,2.7193314246209646e-16,-0.005149205037005631,4.526396970461563e-09,True,False,17,0.9583333334,460,5.7791496143557305e-05,0.0019263832047852435,5.7791496143557305e-05,5.7791496143557305e-05,0.0,21.334227443002355,6.4848275298595315,-0.003293041140858575,-0.003293041140858575,0.49997904230200596,0.004800192851918419,0.0,0.0028130059562290737,0.0028130059562290737,True,9.029542831733046e-05,4.945642662204352e-07,success,0.9999580846040121,0.2694792150051765,0.5,5.76218885142383e-15,0.03,"[0.005, 0.0075, 0.01, 0.015, 0.02, 0.03, 0.05, 0.08]",0.0012110007552982094,0.007168696125151479,False,-8.157994273862894e-18,0.00028591792662519574,True,success,-2.6698698796735492e-17,1.2331859164407488e-16,0.01920080469870212,-3.699557749322247e-18,0.0
0.318900373111183,9.543710078165404e-19,0.004437405622225973,0.00036101050392138594,2.5855946016935452e-21,1.2843498992619553e-05,typ,0.08874811244451945,4.636638043439397e-09,True,0.0011320479195410706,0.4791666667,0.84,-5.98538658644845e-17,-0.003777070939154224,4.526396970461563e-09,True,False,17,0.9583333334,460,0.0002568699798523911,0.005137399597047821,0.0002568699798523911,0.0002568699798523911,0.0,14.230609750254102,4.325586671543815,-0.003293041140858575,-0.003293041140858575,0.4999790423020059,0.004800192851918419,0.0,0.0028130059562290737,0.0028130059562290737,True,0.00036101050392138594,4.945642662204352e-07,success,0.9999580846040121,0.2694792150051765,0.5,5.76218885142383e-15,0.05,"[0.005, 0.0075, 0.01, 0.015, 0.02, 0.03, 0.05, 0.08]",0.0028943711902940177,0.013914708154571189,False,2.9926932932242248e-18,0.001415090308573524,True,success,3.797159457404433e-17,-1.4324207044438725e-16,0.03557652437563526,7.162103522219363e-18,0.0
0.402854173092907,4.53108414442401e-18,0.011679380637422005,0.0008836265326919088,-6.1198323963131685e-21,5.5440030672029415e-05,typ,0.14599225796777507,4.898828207505843e-08,True,0.0021934153639464105,0.4791666667,0.84,-1.4059318628986383e-16,-0.00024960337586700233,4.526396970461563e-09,True,False,17,0.9583333334,460,0.0006930003834003677,0.008662504792504596,0.0006930003834003676,0.0006930003834003677,0.0,9.803355232119229,2.9798626673538755,-0.003293041140858575,-0.003293041140858575,0.4999790423020059,0.004800192851918419,0.0,0.0028130059562290737,0.0028130059562290737,True,0.0008836265326919088,4.945642662204352e-07,success,0.9999580846040121,0.2694792150051765,0.5,5.76218885142383e-15,0.08,"[0.005, 0.0075, 0.01, 0.015, 0.02, 0.03, 0.05, 0.08]",0.004746829681566635,0.028991584095440125,False,1.1247454903189107e-17,0.004705087228925951,True,success,-2.7649890986091448e-17,8.65726663060568e-17,0.06274147348556305,-6.925813304484543e-18,1.5645044338440537e-16
0.46348395143610666,4.942770187425395e-19,3.811844766388516e-05,0.014793400971975488,-9.435497382201801e-21,1.216618209521293e-06,arith,0.007623689532777031,1.7997921003255374e-08,True,0.031917827847411075,0.45833333335,2.0,-2.1328765201514332e-16,-0.09264454834829691,4.563329434614655e-09,True,False,18,0.9166666667,425,0.0002433236419042586,0.04866472838085172,0.0002433236419042586,0.0002433236419042586,0.0,3.289624101519443,0.9999258231129357,-9.86025057012768e-06,-9.86025057012768e-06,0.4999792820306328,0.4634899456172179,0.0,0.28073578448905706,0.4634899456172179,True,0.014793400971975488,0.014793743476417699,success,0.9999585640612657,0.9999585640612657,0.5,3.166036637449894e-15,0.005,"[0.005, 0.0075, 0.01, 0.015, 0.02, 0.03, 0.05, 0.08]",0.03191678266253121,8.224329568645261e-05,False,1.0664382600757166e-18,1.7667288745867923e-05,True,success,-7.0332106950519e-17,1.275635994735266e-16,8.224060253798608e-05,-6.378179973676329e-19,0.0
0.4634764466521657,-4.027112268602164e-19,8.576065519738448e-05,0.014792972107897201,-9.885635500621234e-21,2.737056464255842e-06,arith,0.011434754026317932,4.0489199933476405e-08,True,0.03191741935270159,0.45833333335,2.0,1.1585233863745028e-16,-0.09262072513066466,4.563329434614655e-09,True,False,18,0.9166666667,425,0.00036494086190077895,0.048658781586770526,0.00036494086190077895,0.00036494086190077895,0.0,3.2893174699352086,0.9998326182877654,-9.86025057012768e-06,-9.86025057012768e-06,0.4999792820306329,0.4634899456172179,0.0,0.28073578448905706,0.4634899456172179,True,0.014792972107897201,0.014793743476417699,success,0.9999585640612657,0.9999585640612657,0.5,3.166036637449894e-15,0.0075,"[0.005, 0.0075, 0.01, 0.015, 0.02, 0.03, 0.05, 0.08]",0.03191506009318964,0.0001850377852356044,False,-8.688925397808771e-19,3.9748043733445345e-05,True,success,-4.9128668699991774e-17,8.91020900872589e-17,0.00018502410768385545,-6.682656756544417e-19,0.0
0.46346591462997727,4.0107010052490355e-19,0.00015244874038085817,0.014792370131645647,7.623296525288568e-21,4.865040548943688e-06,arith,0.015244874038085818,7.196548050543955e-08,True,0.031916845801822566,0.45833333335,2.0,-8.653712988691102e-17,-0.09258737536498411,4.563329434614655e-09,True,False,18,0.9166666667,425,0.0004865040548943688,0.04865040548943688,0.0004865040548943688,0.0004865040548943688,0.0,3.2888850844367385,0.9997011888562811,-9.86025057012768e-06,-9.86025057012768e-06,0.4999792820306329,0.4634899456172179,0.0,0.28073578448905706,0.4634899456172179,True,0.014792370131645647,0.014793743476417699,success,0.9999585640612657,0.9999585640612657,0.5,3.166036637449894e-15,0.01,"[0.005, 0.0075, 0.01, 0.015, 0.02, 0.03, 0.05, 0.08]",0.03191263198888689,0.0003289319355935171,False,8.653712988691101e-19,7.065479489480238e-05,True,success,2.8417161680734597e-17,-5.15353283986579e-17,0.00032888850844367383,5.15353283986579e-19,0.0
0.4634356551171984,-9.509422010344746e-20,0.0003429142975761074,0.014790639781107288,-2.5450946808429658e-21,1.0940881459128998e-05,arith,0.022860953171740493,1.6182263654977251e-07,True,0.03191519603161927,0.45833333335,2.0,1.3679600616745678e-17,-0.09249210810569355,4.563329434614655e-09,True,False,18,0.9166666667,425,0.0007293920972752665,0.04862613981835111,0.0007293920972752665,0.0007293920972752665,0.0,3.2876292397076248,0.9993194578330067,-9.86025057012768e-06,-9.86025057012768e-06,0.4999792820306329,0.4634899456172179,0.0,0.28073578448905706,0.4634899456172179,True,0.014790639781107288,0.014793743476417699,success,0.9999585640612657,0.9999585640612657,0.5,3.166036637449894e-15,0.015,"[0.005, 0.0075, 0.01, 0.015, 0.02, 0.03, 0.05, 0.08]",0.03190558555436362,0.0007399393935052055,False,-2.0519400925118515e-19,0.00015891871214623727,True,success,-6.326802927465705e-18,1.1471645664685505e-17,0.0007397165789342156,-1.7207468497028258e-19,0.0
0.463392861529314,7.612108190236887e-19,0.0006093824276593072,0.014788190601753485,-5.048863090805644e-21,1.9436517975645653e-05,arith,0.03046912138296536,2.8743093245825575e-07,True,0.031912858029251256,0.45833333335,2.0,-8.21344999264231e-17,-0.09235877899908258,4.563329434614655e-09,True,False,18,0.9166666667,425,0.0009718258987822826,0.04859129493911413,0.0009718258987822826,0.0009718258987822826,0.0,3.285817463926418,0.9987687440330675,-9.86025057012768e-06,-9.86025057012768e-06,0.4999792820306329,0.4634899456172179,0.0,0.28073578448905706,0.4634899456172179,True,0.014788190601753485,0.014793743476417699,success,0.9999585640612657,0.9999585640612657,0.5,3.166036637449894e-15,0.02,"[0.005, 0.0075, 0.01, 0.015, 0.02, 0.03, 0.05, 0.08]",0.03189543559748362,0.0013150449181461071,False,1.642689998528462e-18,0.00028238346691872654,True,success,-9.417309467922305e-18,1.7070591077609534e-17,0.0013143269855705674,-3.4141182155219067e-19,0.0
0.463267636686734,9.45357416313487e-20,0.0013694555976547585,0.014781009540254205,3.4814549894573115e-20,4.363681809890686e-05,arith,0.04564851992182528,6.449962246262797e-07,True,0.03190598343101887,0.45833333335,2.0,-6.80209696979651e-18,-0.09197814140122,4.563329434614655e-09,True,False,18,0.9166666667,425,0.0014545606032968954,0.04848535344322985,0.0014545606032968954,0.0014545606032968954,0.0,3.2802464074721107,0.9970753459308014,-9.86025057012768e-06,-9.86025057012768e-06,0.4999792820306329,0.4634899456172179,0.0,0.28073578448905706,0.4634899456172179,True,0.014781009540254205,0.014793743476417699,success,0.9999585640612657,0.9999585640612657,0.5,3.166036637449894e-15,0.03,"[0.005, 0.0075, 0.01, 0.015, 0.02, 0.03, 0.05, 0.08]",0.0318643541080386,0.0029560787095965382,False,2.040629090938953e-19,0.0006344244582729388,True,success,4.3349310928661694e-17,-7.851189009284763e-17,0.0029522217667248994,2.355356702785429e-18,0.0
0.4628295341448504,2.820334365382704e-19,0.00378535112505452,0.014755736340532928,-1.862116683236403e-20,0.00012012779897871528,arith,0.07570702250109039,1.7725741288984635e-06,True,0.03188157896577721,0.45833333335,2.0,-1.2187356930856673e-17,-0.09076363979043395,4.563329434614655e-09,True,False,18,0.9166666667,425,0.0024025559795743056,0.048051119591486106,0.002402555979574306,0.0024025559795743056,0.0,3.256436580497389,0.9898380263766072,-9.86025057012768e-06,-9.86025057012768e-06,0.4999792820306329,0.4634899456172179,0.0,0.28073578448905706,0.4634899456172179,True,0.014755736340532928,0.014793743476417699,success,0.9999585640612657,0.9999585640612657,0.5,3.166036637449894e-15,0.05,"[0.005, 0.0075, 0.01, 0.015, 0.02, 0.03, 0.05, 0.08]",0.03173491573439838,0.008178715587043393,False,6.093678465428336e-19,0.0017519722977836687,True,success,-1.3986359529265577e-17,2.5239224126298663e-17,0.008141091451243474,-1.2619612063149332e-18,1.8050812246674186e-16
0.46137633791767774,-6.633935926931921e-19,0.009478763225241809,0.014671941141758196,1.1410518732480694e-19,0.00029561186587143037,arith,0.11848454031552261,4.337199896870945e-06,True,0.03180037625678167,0.45833333335,2.0,1.797322321749517e-17,-0.08784002813229133,4.563329434614655e-09,True,False,18,0.9166666667,425,0.0036951483233928794,0.04618935404241099,0.0036951483233928794,0.0036951483233928794,0.0,3.148141994037194,0.9569204193299939,-9.86025057012768e-06,-9.86025057012768e-06,0.4999792820306328,0.4634899456172179,0.0,0.28073578448905706,0.4634899456172179,True,0.014671941141758196,0.014793743476417699,success,0.9999585640612657,0.9999585640612657,0.5,3.166036637449894e-15,0.08,"[0.005, 0.0075, 0.01, 0.015, 0.02, 0.03, 0.05, 0.08]",0.03118675494332639,0.020544536956581164,False,-1.4378578573996134e-18,0.004373277064850822,True,success,5.478992032633759e-17,-9.721377885715577e-17,0.020148108761838042,7.777102308572461e-18,0.0
0.5216575485480474,1.514908396599389e-19,3.839884851699627e-05,0.00012833502695547896,-1.805906138164443e-22,9.65553509129725e-09,typ,0.007679769703399254,1.2391433562112055e-12,True,0.0002460139363700948,0.45833333335,2.0,-5.808057032111969e-17,-0.07394492069328383,4.644682068758914e-09,True,False,19,0.9166666667,513,1.93110701825945e-06,0.00038622140365189,1.93110701825945e-06,1.93110701825945e-06,0.0,3.0094777148087175,0.9147715326289713,-0.6950581251757252,-0.6950581251757252,0.4999769574783405,0.5840612230643679,0.0,0.047345415240592374,0.047345415240592374,True,0.00012833502695547896,0.0001402285961273164,success,0.9999539149566828,0.019318546121931915,0.5,1.1404223165467436e-14,0.005,"[0.005, 0.0075, 0.01, 0.015, 0.02, 0.03, 0.05, 0.08]",0.00025145376656342895,7.360930293038699e-05,False,2.904028516055985e-19,2.0031049184444097e-05,True,success,-1.6223120641671824e-16,2.81436203506769e-16,7.523694287021795e-05,-1.407181017533845e-18,0.0
0.5039577112495466,7.452566446857758e-19,8.939783937893959e-05,0.00012471753122521867,-7.19227080266322e-23,2.1880294365496757e-08,typ,0.011919711917191945,2.728856295745818e-12,True,0.0002474761838964338,0.45833333335,2.0,-1.9717438667302366e-16,-0.07392047857176574,4.644682068758914e-09,True,False,19,0.9166666667,513,2.9173725820662342e-06,0.00038898301094216457,2.9173725820662342e-06,2.9173725820662342e-06,0.0,3.1189120496598615,0.9480355816436608,-0.6950581251757252,-0.6950581251757252,0.49997695747834037,0.5840612230643679,0.0,0.047345415240592374,0.047345415240592374,True,0.00012471753122521867,0.0001402285961273164,success,0.9999539149566828,0.019318546121931915,0.5,1.1404223165467436e-14,0.0075,"[0.005, 0.0075, 0.01, 0.015, 0.02, 0.03, 0.05, 0.08]",0.0002447519371553328,0.00017739154969428008,False,1.4788079000476775e-18,4.505273052406498e-05,True,success,-4.353872411822813e-17,7.68913103822878e-17,0.00017543880279336722,-5.766848278671585e-19,0.0
0.49840668733193383,-2.862971361719621e-19,0.00016195960723948825,0.0001230587611306241,-3.629254937576409e-23,3.855318658343282e-08,typ,0.016195960723948823,4.744307378595041e-12,True,0.0002469043138032139,0.45833333335,2.0,5.744247488021586e-17,-0.073885312541459,4.644682068758914e-09,True,False,19,0.9166666667,513,3.855318658343282e-06,0.0003855318658343282,3.855318658343282e-06,3.855318658343282e-06,0.0,3.1329087201283845,0.9522900593004283,-0.6950581251757252,-0.6950581251757252,0.4999769574783405,0.5840612230643679,0.0,0.047345415240592374,0.047345415240592374,True,0.0001230587611306241,0.0001402285961273164,success,0.9999539149566828,0.019318546121931915,0.5,1.1404223165467436e-14,0.01,"[0.005, 0.0075, 0.01, 0.015, 0.02, 0.03, 0.05, 0.08]",0.00023804198615043915,0.0003249547234337664,False,-5.744247488021586e-19,8.072175132581443e-05,True,success,-1.6662151040598324e-17,2.949204838592545e-17,0.0003132908720128385,-2.9492048385925455e-19,0.0
0.49654068518139616,1.6237279660638197e-19,0.0003673488127715396,0.00012088161443592438,-6.948318747491363e-23,8.202822164553594e-08,typ,0.024489920851435976,9.915703861820222e-12,True,0.00024344755232245255,0.45833333335,2.0,-2.180053604899989e-17,-0.07378350231132007,4.644682068758914e-09,True,False,19,0.9166666667,513,5.468548109702396e-06,0.00036456987398015975,5.468548109702396e-06,5.468548109702396e-06,0.0,3.015924925236724,0.9167312496042418,-0.6950581251757252,-0.6950581251757252,0.4999769574783405,0.5840612230643679,0.0,0.047345415240592374,0.047345415240592374,True,0.00012088161443592438,0.0001402285961273164,success,0.9999539149566828,0.019318546121931915,0.5,1.1404223165467436e-14,0.015,"[0.005, 0.0075, 0.01, 0.015, 0.02, 0.03, 0.05, 0.08]",0.00022329790867338576,0.0007398161394112948,False,3.2700804073499833e-19,0.0001824036311941527,True,success,-2.2065712693941073e-17,3.8320240178319e-17,0.0006785831081782629,-5.74803602674785e-19,0.0
0.4964596700081069,-6.855458238736619e-19,0.0006535859991975189,0.00011844447824954102,-6.887458285029359e-23,1.345606925326802e-07,typ,0.032679299959875945,1.5937971019930216e-11,True,0.00023857824795236012,0.45833333335,2.0,6.904345562072216e-17,-0.07364056939066421,4.644682068758914e-09,True,False,19,0.9166666667,513,6.72803462663401e-06,0.0003364017313317005,6.72803462663401e-06,6.72803462663401e-06,0.0,2.8401639004476267,0.863306304394777,-0.6950581251757252,-0.6950581251757252,0.49997695747834037,0.5840612230643679,0.0,0.047345415240592374,0.047345415240592374,True,0.00011844447824954102,0.0001402285961273164,success,0.9999539149566828,0.019318546121931915,0.5,1.1404223165467436e-14,0.02,"[0.005, 0.0075, 0.01, 0.015, 0.02, 0.03, 0.05, 0.08]",0.00020588062274573738,0.0013164936422466022,False,-1.3808691124144432e-18,0.0003244790894835191,True,success,-1.725211979333998e-17,2.9074627989490295e-17,0.0011360655601790506,-5.814925597898059e-19,0.0
0.4965406961769741,1.9346624808732415e-18,0.0014715399248003557,0.00011237784356728151,1.6784672798225508e-22,2.478578270974105e-07,typ,0.04905133082667852,2.7853728120479105e-11,True,0.00022632151691193597,0.45833333335,2.0,-1.298760602282168e-16,-0.07323193339870367,4.644682068758914e-09,True,False,19,0.9166666667,513,8.261927569913683e-06,0.0002753975856637894,8.261927569913683e-06,8.261927569913683e-06,0.0,2.4506395293028267,0.7449050933689917,-0.6950581251757252,-0.6950581251757252,0.4999769574783405,0.5840612230643679,0.0,0.047345415240592374,0.047345415240592374,True,0.00011237784356728151,0.0001402285961273164,success,0.9999539149566828,0.019318546121931915,0.5,1.1404223165467436e-14,0.03,"[0.005, 0.0075, 0.01, 0.015, 0.02, 0.03, 0.05, 0.08]",0.00016843432034712713,0.0029635837226036315,False,3.896281806846504e-18,0.0007306794587125808,True,success,3.180322878281445e-17,-4.9786423685840976e-17,0.002205575576372544,1.4935927105752293e-18,0.0
0.4967626711749139,6.964587815594289e-19,0.004089641006679184,9.841531093114009e-05,2.347951793378229e-22,4.332504850297336e-07,typ,0.08179282013358367,4.2638481195268485e-11,True,0.00019811333790112283,0.45833333335,2.0,-2.803990001552272e-17,-0.07192322756301227,4.644682068758914e-09,True,False,19,0.9166666667,513,8.665009700594671e-06,0.00017330019401189342,8.665009700594671e-06,8.665009700594671e-06,0.0,1.7609068382982533,0.5352514954207971,-0.6950581251757252,-0.6950581251757252,0.4999769574783404,0.5840612230643679,0.0,0.047345415240592374,0.047345415240592374,True,9.841531093114009e-05,0.0001402285961273164,success,0.9999539149566828,0.019318546121931915,0.5,1.1404223165467436e-14,0.05,"[0.005, 0.0075, 0.01, 0.015, 0.02, 0.03, 0.05, 0.08]",0.0001059385125301098,0.008232585184000652,False,1.4019950007761362e-18,0.0020315809906244152,True,success,3.59574026031457e-17,-4.771517299825554e-17,0.004402267095745634,2.3857586499127767e-18,0.0
0.4965915027574569,1.0235343757187227e-17,0.010273318495257104,7.947731235663504e-05,6.674519012616301e-22,5.589070800614452e-07,typ,0.1284164811907138,4.4420432580378304e-11,True,0.0001600456550611842,0.45833333335,2.0,-2.576399238698394e-16,-0.06875550044712685,4.644682068758914e-09,True,False,19,0.9166666667,513,6.986338500768065e-06,8.73292312596008e-05,6.986338500768065e-06,6.986338500768065e-06,0.0,1.0987944693918712,0.3339934686553166,-0.6950581251757252,-0.6950581251757252,0.4999769574783405,0.5840612230643679,0.0,0.047345415240592374,0.047345415240592374,True,7.947731235663504e-05,0.0001402285961273164,success,0.9999539149566828,0.019318546121931915,0.5,1.1404223165467436e-14,0.08,"[0.005, 0.0075, 0.01, 0.015, 0.02, 0.03, 0.05, 0.08]",5.4403752820422775e-05,0.02068766468659202,False,2.061119390958715e-17,0.005101642669865701,True,success,1.0014484131768343e-16,-1.04975225235757e-16,0.007032284604107976,8.398018018860561e-18,0.0
0.4486832819618801,6.693667008931569e-20,3.6901490224765666e-05,0.013771718124177025,1.7990418997075422e-21,1.1326118620393525e-06,arith,0.007380298044953133,1.559801130810524e-08,True,0.03069362884206384,0.45833333335,2.08,-2.9836935219263456e-17,-0.10006172605167007,4.523293699756203e-09,True,False,20,0.9166666667,415,0.0002265223724078705,0.0453044744815741,0.0002265223724078705,0.0002265223724078705,0.0,3.2896748301898184,0.9999412427797167,-1.0432853569048177e-05,-1.0432853569048177e-05,0.499979241255614,0.44868794641783943,0.0,0.25851476576296095,0.44868794641783943,True,0.013771718124177025,0.013771970292461586,success,0.999958482511228,0.999958482511228,0.5,3.1490110694733873e-15,0.005,"[0.005, 0.0075, 0.01, 0.015, 0.02, 0.03, 0.05, 0.08]",0.030692848856256318,8.224396073643055e-05,False,1.4918467609631728e-19,1.6557081743332095e-05,True,success,1.4404781092717063e-17,-2.612661519043471e-17,8.224187075474546e-05,1.3063307595217355e-19,0.0
0.4486774345283996,-1.2014632961210216e-19,8.302379270195126e-05,0.01377140185616263,7.700224322256135e-21,2.5481299439014435e-06,arith,0.011069839026926835,3.509132143918791e-08,True,0.030693323970343224,0.45833333335,2.08,3.5703847312457124e-17,-0.1000386632532195,4.523293699756203e-09,True,False,20,0.9166666667,415,0.00033975065918685917,0.04530008789158122,0.00033975065918685917,0.00033975065918685917,0.0,3.289431850491653,0.9998673858078593,-1.0432853569048177e-05,-1.0432853569048177e-05,0.49997924125561394,0.44868794641783943,0.0,0.25851476576296095,0.44868794641783943,True,0.01377140185616263,0.013771970292461586,success,0.999958482511228,0.999958482511228,0.5,3.1490110694733873e-15,0.0075,"[0.005, 0.0075, 0.01, 0.015, 0.02, 0.03, 0.05, 0.08]",0.03069156275537815,0.0001850411594450181,False,-2.677788548434284e-19,3.7250902314329154e-05,True,success,4.110583889400246e-17,-7.455280058081935e-17,0.00018503054159015546,5.5914600435614515e-19,0.0
0.44866922796615916,8.555032767267667e-20,0.00014758644730488877,0.01377095787070468,-1.786710123114676e-21,4.529391339468636e-06,arith,0.014758644730488877,6.237405731575723e-08,True,0.030692895817993015,0.45833333335,2.08,-1.9067571908258725e-17,-0.10000637746909197,4.523293699756203e-09,True,False,20,0.9166666667,415,0.00045293913394686355,0.04529391339468635,0.00045293913394686355,0.00045293913394686355,0.0,3.289089533200975,0.999763333828641,-1.0432853569048177e-05,-1.0432853569048177e-05,0.49997924125561394,0.44868794641783943,0.0,0.25851476576296095,0.44868794641783943,True,0.01377095787070468,0.013771970292461586,success,0.999958482511228,0.999958482511228,0.5,3.1490110694733873e-15,0.01,"[0.005, 0.0075, 0.01, 0.015, 0.02, 0.03, 0.05, 0.08]",0.03068975114030406,0.00032894265553692144,False,1.9067571908258726e-19,6.621749737055268e-05,True,success,-7.154052131532749e-18,1.2974479625092681e-17,0.00032890895332009755,-1.2974479625092682e-19,0.0
0.44864566175442744,-8.675879005113881e-19,0.0003319953410387428,0.013769682293175035,2.1595345613131356e-20,1.0187111590768065e-05,arith,0.022133022735916188,1.402732900899972e-07,True,0.030691664863823125,0.45833333335,2.08,1.2891954229813766e-16,-0.09991414621108771,4.523293699756203e-09,True,False,20,0.9166666667,415,0.000679140772717871,0.04527605151452473,0.000679140772717871,0.000679140772717871,0.0,3.2880970345238745,0.9994616504064592,-1.0432853569048177e-05,-1.0432853569048177e-05,0.499979241255614,0.44868794641783943,0.0,0.25851476576296095,0.44868794641783943,True,0.013769682293175035,0.013771970292461586,success,0.999958482511228,0.999958482511228,0.5,3.1490110694733873e-15,0.015,"[0.005, 0.0075, 0.01, 0.015, 0.02, 0.03, 0.05, 0.08]",0.030684501652627892,0.0007399945421080772,False,-1.933793134472065e-18,0.00014894826947971357,True,success,5.76597383364051e-17,-1.0455504178594411e-16,0.0007398218327678717,1.5683256267891615e-18,0.0
0.44861237008774674,5.803914827725341e-19,0.0005900254631284709,0.013767878791920247,-3.542578624305784e-21,1.810018789438265e-05,arith,0.029501273156423546,2.4920119304084247e-07,True,0.030689922324761813,0.45833333335,2.08,-6.468741406517747e-17,-0.09978505744138391,4.523293699756203e-09,True,False,20,0.9166666667,415,0.0009050093947191324,0.04525046973595662,0.0009050093947191324,0.0009050093947191324,0.0,3.286669676559914,0.9990277856112899,-1.0432853569048177e-05,-1.0432853569048177e-05,0.49997924125561394,0.44868794641783943,0.0,0.25851476576296095,0.44868794641783943,True,0.013767878791920247,0.013771970292461586,success,0.999958482511228,0.999958482511228,0.5,3.1490110694733873e-15,0.02,"[0.005, 0.0075, 0.01, 0.015, 0.02, 0.03, 0.05, 0.08]",0.030676960615243058,0.0013152233475262048,False,1.2937482813035494e-18,0.00026469272142618373,True,success,-7.096503792792498e-18,1.2865375552204764e-17,0.0013146678706239658,-2.573075110440953e-19,0.0
0.4485152131354621,7.000109673487607e-19,0.001326282481297125,0.01376260531109041,-4.801751704041397e-20,4.065590210707773e-05,arith,0.044209416043237505,5.595311342660397e-07,True,0.030684812706528595,0.45833333335,2.08,-5.202431986309912e-17,-0.09941646627164605,4.523293699756203e-09,True,False,20,0.9166666667,415,0.001355196736902591,0.0451732245634197,0.001355196736902591,0.001355196736902591,0.0,3.2823163596079783,0.9977045359322687,-1.0432853569048177e-05,-1.0432853569048177e-05,0.49997924125561394,0.44868794641783943,0.0,0.25851476576296095,0.44868794641783943,True,0.01376260531109041,0.013771970292461586,success,0.999958482511228,0.999958482511228,0.5,3.1490110694733873e-15,0.03,"[0.005, 0.0075, 0.01, 0.015, 0.02, 0.03, 0.05, 0.08]",0.030654029349249653,0.00295705127151742,False,1.5607295958929736e-18,0.0005948578697768096,True,success,-6.419298493312479e-17,1.162994843757761e-16,0.0029540847236471804,-3.488984531273283e-18,0.0
0.4481790917362364,5.019348529497889e-19,0.003670113763950946,0.013744246425884923,3.712483524366329e-20,0.00011216090206990546,arith,0.07340227527901891,1.541567077398327e-06,True,0.030666862152448925,0.45833333335,2.08,-2.2398851807446163e-17,-0.09823965461452897,4.523293699756203e-09,True,False,20,0.9166666667,415,0.0022432180413981093,0.044864360827962184,0.0022432180413981093,0.0022432180413981093,0.0,3.264228495166376,0.9922064844279128,-1.0432853569048177e-05,-1.0432853569048177e-05,0.499979241255614,0.44868794641783943,0.0,0.25851476576296095,0.44868794641783943,True,0.013744246425884923,0.013771970292461586,success,0.999958482511228,0.999958482511228,0.5,3.1490110694733873e-15,0.05,"[0.005, 0.0075, 0.01, 0.015, 0.02, 0.03, 0.05, 0.08]",0.03056060636909581,0.008188944624196998,False,1.1199425903723082e-18,0.0016448682532961949,True,success,2.99008353564506e-17,-5.402236556781323e-17,0.00816057123791594,2.7011182783906616e-18,0.0
0.4470887561137366,4.13330946221306e-18,0.009234832801101201,0.013684402233999096,3.755460821938821e-20,0.00027845998950763175,arith,0.115435410013765,3.810558502497601e-06,True,0.03060779777364356,0.45833333335,2.08,-1.1556177061299132e-16,-0.0953986671249913,4.523293699756203e-09,True,False,20,0.9166666667,415,0.0034807498688453967,0.043509373360567455,0.0034807498688453967,0.0034807498688453967,0.0,3.179486587471668,0.9664480332527001,-1.0432853569048177e-05,-1.0432853569048177e-05,0.49997924125561394,0.44868794641783943,0.0,0.25851476576296095,0.44868794641783943,True,0.013684402233999096,0.013771970292461586,success,0.999958482511228,0.999958482511228,0.5,3.1490110694733873e-15,0.08,"[0.005, 0.0075, 0.01, 0.015, 0.02, 0.03, 0.05, 0.08]",0.030153224807105007,0.020655479867965898,False,9.244941649039306e-18,0.00412878990996267,True,success,1.9238398609369687e-17,-3.4304209618746844e-17,0.020348714159818676,2.744336769499748e-18,0.0
0.36083192828869975,-3.632678689830554e-19,5.056180671859645e-05,1.4914944486490228e-05,1.9469226769234795e-23,1.689731572397917e-09,typ,0.01011236134371929,2.5202252599384778e-14,True,4.1334880084549665e-05,0.45833333335,2.08,2.01350180238156e-16,-0.08165263271163861,4.416398947057814e-09,True,False,21,0.9166666667,388,3.379463144795834e-07,6.758926289591667e-05,3.379463144795834e-07,3.379463144795834e-07,0.0,4.531646963697264,1.3774555026330384,-2.9571760739382684,-2.9571760739382684,0.4999802874173649,0.12742441595868398,0.0,0.012164809658442518,0.012164809658442518,True,1.4914944486490228e-05,9.249475026027925e-06,success,0.9999605748347292,0.009223529180179808,0.5,1.250107867738843e-14,0.005,"[0.005, 0.0075, 0.01, 0.015, 0.02, 0.03, 0.05, 0.08]",3.341912961698894e-05,0.00014012564508466172,False,-1.00675090119078e-18,1.8244314216031693e-05,True,success,1.22639119432189e-16,-2.6107005342017574e-16,0.00011329117409243159,1.3053502671008786e-18,0.0
0.4430228651407401,-2.7938852369591063e-19,0.00010054995822887902,1.6727491510237866e-05,2.399954687397505e-24,3.458591306870217e-09,typ,0.013406661097183869,5.785355672305404e-14,True,3.775762568129267e-05,0.45833333335,2.08,8.408550910260704e-17,-0.08162293239569182,4.416398947057814e-09,True,False,21,0.9166666667,388,4.611455075826956e-07,6.148606767769274e-05,4.611455075826956e-07,4.611455075826956e-07,0.0,3.675749447552308,1.117293854396007,-2.9571760739382684,-2.9571760739382684,0.4999802874173649,0.12742441595868398,0.0,0.012164809658442518,0.012164809658442518,True,1.6727491510237866e-05,9.249475026027925e-06,success,0.9999605748347292,0.009223529180179808,0.5,1.250107867738843e-14,0.0075,"[0.005, 0.0075, 0.01, 0.015, 0.02, 0.03, 0.05, 0.08]",3.439674533725338e-05,0.00022696336045078887,False,-6.306413182695528e-19,4.454593058433972e-05,True,success,9.977873880812641e-18,-1.9129823388271866e-17,0.0002067609064248173,1.4347367541203897e-19,0.0
0.469666591921863,1.6724665543536127e-18,0.00016443519664423954,1.725542863105515e-05,-2.0601967131398846e-23,5.715038499744067e-09,typ,0.016443519664423954,9.861543895606624e-14,True,3.673974033461993e-05,0.45833333335,2.08,-3.5609655511368707e-16,-0.08158571462810091,4.416398947057814e-09,True,False,21,0.9166666667,388,5.715038499744067e-07,5.715038499744067e-05,5.715038499744067e-07,5.715038499744067e-07,0.0,3.3120234923973597,1.0067344215027894,-2.9571760739382684,-2.9571760739382684,0.4999802874173649,0.12742441595868398,0.0,0.012164809658442518,0.012164809658442518,True,1.725542863105515e-05,9.249475026027925e-06,success,0.9999605748347292,0.009223529180179808,0.5,1.250107867738843e-14,0.01,"[0.005, 0.0075, 0.01, 0.015, 0.02, 0.03, 0.05, 0.08]",3.47555670341595e-05,0.00035011048150428403,False,3.560965551136871e-18,7.722971839990135e-05,True,success,-6.560489335637817e-17,1.1939411979787523e-16,0.000331202349239736,-1.1939411979787523e-18,0.0
0.4789124985938038,2.872999765571395e-18,0.0003560252283871702,1.7244260737643268e-05,-1.3234904227423468e-23,1.1878865499676579e-08,typ,0.02373501522581135,2.04842253943818e-13,True,3.6007121944564705e-05,0.45833333335,2.08,-3.999338465108869e-16,-0.08148573661845906,4.416398947057814e-09,True,False,21,0.9166666667,388,7.919243666451053e-07,5.279495777634036e-05,7.919243666451053e-07,7.919243666451053e-07,0.0,3.0615958886014685,0.930613557802847,-2.9571760739382684,-2.9571760739382684,0.4999802874173649,0.12742441595868398,0.0,0.012164809658442518,0.012164809658442518,True,1.7244260737643268e-05,9.249475026027925e-06,success,0.9999605748347292,0.009223529180179808,0.5,1.250107867738843e-14,0.015,"[0.005, 0.0075, 0.01, 0.015, 0.02, 0.03, 0.05, 0.08]",3.336523524888678e-05,0.0007434035015426438,False,5.9990076976633035e-18,0.00017050493168932934,True,success,-2.924226645001335e-17,5.116641193952878e-17,0.0006888590749353304,-7.674961790929317e-19,0.0
0.4794881898920541,1.2122316985576068e-18,0.0006312126725518398,1.695684784344067e-05,4.0568007117331005e-23,1.9642430818631925e-08,typ,0.03156063362759199,3.3307371066685127e-13,True,3.536447445610312e-05,0.45833333335,2.08,-1.2640892144085064e-16,-0.08134755889288289,4.416398947057814e-09,True,False,21,0.9166666667,388,9.821215409315961e-07,4.91060770465798e-05,9.821215409315961e-07,9.821215409315961e-07,0.0,2.8959437213783374,0.8802613368349488,-2.9571760739382684,-2.9571760739382684,0.4999802874173649,0.12742441595868398,0.0,0.012164809658442518,0.012164809658442518,True,1.695684784344067e-05,9.249475026027925e-06,success,0.9999605748347292,0.009223529180179808,0.5,1.250107867738843e-14,0.02,"[0.005, 0.0075, 0.01, 0.015, 0.02, 0.03, 0.05, 0.08]",3.1118562210138046e-05,0.001316430072436076,False,2.528178428817013e-18,0.00030265902179880754,True,success,7.029322939488145e-17,-1.196213101983566e-16,0.0011583774885513352,2.392426203967132e-18,0.0
0.47954389745863246,-4.034077089585494e-19,0.0014202245557326707,1.6195474268693637e-05,-4.1720290250615984e-23,3.726661169973397e-08,typ,0.04734081852442236,6.035504508644387e-13,True,3.3772662637398546e-05,0.45833333335,2.08,2.80410692393633e-17,-0.08095307370051505,4.416398947057814e-09,True,False,21,0.9166666667,388,1.2422203899911324e-06,4.140734633303775e-05,1.2422203899911324e-06,1.2422203899911324e-06,0.0,2.55672329479597,0.7771506914239962,-2.9571760739382684,-2.9571760739382684,0.49998028741736494,0.12742441595868398,0.0,0.012164809658442518,0.012164809658442518,True,1.6195474268693637e-05,9.249475026027925e-06,success,0.9999605748347292,0.009223529180179808,0.5,1.250107867738843e-14,0.03,"[0.005, 0.0075, 0.01, 0.015, 0.02, 0.03, 0.05, 0.08]",2.6239943218351643e-05,0.0029616153250186764,False,-8.412320771808989e-19,0.0006810600187224997,True,success,-5.370200885310444e-17,8.586820729142962e-17,0.0023010509653163726,-2.5760462187428882e-18,0.0
0.47959955693117406,-8.271534393896634e-18,0.00394469473858814,1.4435523173904513e-05,-1.391633220473469e-23,7.08683195724662e-08,typ,0.07889389477176278,1.0230212694840066e-12,True,3.0099116993087867e-05,0.45833333335,2.08,3.4493503066699693e-16,-0.07969055162157458,4.416398947057814e-09,True,False,21,0.9166666667,388,1.417366391449324e-06,2.834732782898648e-05,1.417366391449324e-06,1.417366391449324e-06,0.0,1.9637201566917029,0.596899351854961,-2.9571760739382684,-2.9571760739382684,0.4999802874173649,0.12742441595868398,0.0,0.012164809658442518,0.012164809658442518,True,1.4435523173904513e-05,9.249475026027925e-06,success,0.9999605748347292,0.009223529180179808,0.5,1.250107867738843e-14,0.05,"[0.005, 0.0075, 0.01, 0.015, 0.02, 0.03, 0.05, 0.08]",1.7965476232979933e-05,0.008224975777353004,False,-1.7246751533349848e-17,0.0018918738488556052,True,success,-1.3758860136109431e-17,1.928067592297814e-17,0.004909300391729258,-9.640337961489071e-19,0.0
0.47936726659108364,-1.92225548071648e-17,0.009959610923330793,1.2007753316949265e-05,-3.1494618756029474e-23,1.0406465459853651e-07,typ,0.12449513654163491,1.2495827014327563e-12,True,2.5049172427520548e-05,0.45833333335,2.08,5.01248107319202e-16,-0.0766290755145673,4.416398947057814e-09,True,False,21,0.9166666667,388,1.3008081824817063e-06,1.626010228102133e-05,1.300808182481706e-06,1.3008081824817063e-06,0.0,1.3541336044994996,0.41160725885326377,-2.9571760739382684,-2.9571760739382684,0.4999802874173649,0.12742441595868398,0.0,0.012164809658442518,0.012164809658442518,True,1.2007753316949265e-05,9.249475026027925e-06,success,0.9999605748347292,0.009223529180179808,0.5,1.250107867738843e-14,0.08,"[0.005, 0.0075, 0.01, 0.015, 0.02, 0.03, 0.05, 0.08]",1.0448666659734753e-05,0.0207765769952471,False,-4.009984858553616e-17,0.0047743114646277805,True,success,-2.817434662392407e-17,3.278571136989255e-17,0.008666455068796796,-2.6228569095914037e-18,1.6278974845436377e-16
0.47901282298897413,-1.4295420649142094e-19,3.9395173696724726e-05,0.01591722647946652,3.7753864094241314e-21,1.3090152430430845e-06,arith,0.007879034739344945,2.083589208859069e-08,True,0.033229228353732196,0.45833333335,1.92,5.968700612205174e-17,-0.08541791903469578,4.664055135218627e-09,True,False,22,0.9166666667,436,0.00026180304860861693,0.052360609721723385,0.00026180304860861693,0.00026180304860861693,0.0,3.2895561164044134,0.999905158115961,-9.316050621440244e-06,-9.316050621440244e-06,0.4999793209093858,0.4790206072773891,0.0,0.3044311561014703,0.4790206072773891,True,0.01591722647946652,0.015917697465399314,success,0.9999586418187715,0.9999586418187715,0.5,3.0514625267211726e-15,0.005,"[0.005, 0.0075, 0.01, 0.015, 0.02, 0.03, 0.05, 0.08]",0.03322780737356959,8.224241983941946e-05,False,-2.9843503061025872e-19,1.887079336460909e-05,True,success,2.6155038182430546e-17,-4.7437741924379106e-17,8.223890291011033e-05,2.3718870962189556e-19,0.0
0.47900307251896196,6.381069768581068e-19,8.863153395712778e-05,0.01591663643663409,3.446034431895913e-21,2.9448238416702925e-06,arith,0.011817537860950371,4.687169045779816e-08,True,0.03322867294552481,0.45833333335,1.92,-1.7762084447669076e-16,-0.08539329810672999,4.664055135218627e-09,True,False,22,0.9166666667,436,0.00039264317888937237,0.05235242385191632,0.0003926431788893723,0.00039264317888937237,0.0,3.289163766499107,0.9997858980455383,-9.316050621440244e-06,-9.316050621440244e-06,0.4999793209093857,0.4790206072773891,0.0,0.3044311561014703,0.4790206072773891,True,0.01591663643663409,0.015917697465399314,success,0.9999586418187715,0.9999586418187715,0.5,3.0514625267211726e-15,0.0075,"[0.005, 0.0075, 0.01, 0.015, 0.02, 0.03, 0.05, 0.08]",0.03322546401030069,0.0001850333307697503,False,1.3321563335751808e-18,4.2454777087532916e-05,True,success,1.5917113167535793e-17,-2.8867358968418244e-17,0.00018501546186557475,2.1650519226313686e-19,1.3806456227665419e-16
0.4789893841821701,2.5622746654441805e-19,0.00015754811991995196,0.01591580792290207,-2.6681537838510602e-20,5.23408861993102e-06,arith,0.015754811991995195,8.33047491262697e-08,True,0.03322789282705469,0.45833333335,1.92,-5.349334974968238e-17,-0.08535883236918385,4.664055135218627e-09,True,False,22,0.9166666667,436,0.0005234088619931021,0.0523408861993102,0.0005234088619931021,0.0005234088619931021,0.0,3.2886100694891036,0.99961759433624,-9.316050621440244e-06,-9.316050621440244e-06,0.4999793209093857,0.4790206072773891,0.0,0.3044311561014703,0.4790206072773891,True,0.01591580792290207,0.015917697465399314,success,0.9999586418187715,0.9999586418187715,0.5,3.0514625267211726e-15,0.01,"[0.005, 0.0075, 0.01, 0.015, 0.02, 0.03, 0.05, 0.08]",0.033222158554417465,0.0003289177696264621,False,5.349334974968238e-19,7.546387693951647e-05,True,success,-9.244341421070524e-17,1.6764174315095353e-16,0.00032886100694891037,-1.6764174315095354e-18,0.0
0.47895002861117675,4.876603239713616e-19,0.0003543590220823032,0.015913424721318185,2.1171683836527997e-20,1.1769166885202274e-05,arith,0.02362393480548688,1.872877512602972e-07,True,0.03322564729239653,0.45833333335,1.92,-6.78790819974048e-17,-0.08526038198904407,4.664055135218627e-09,True,False,22,0.9166666667,436,0.0007846111256801517,0.05230740837867678,0.0007846111256801517,0.0007846111256801517,0.0,3.286998826129735,0.9991278350833187,-9.316050621440244e-06,-9.316050621440244e-06,0.49997932090938574,0.4790206072773891,0.0,0.3044311561014703,0.4790206072773891,True,0.015913424721318185,0.015917697465399314,success,0.9999586418187715,0.9999586418187715,0.5,3.0514625267211726e-15,0.015,"[0.005, 0.0075, 0.01, 0.015, 0.02, 0.03, 0.05, 0.08]",0.03321255041297855,0.00073986637626862,False,1.0181862299610719e-18,0.00016972026376494773,True,success,4.892160675438637e-17,-8.86952754557631e-17,0.0007395747358791903,1.3304291318364465e-18,0.0
0.4788943002914155,-1.1269656683447506e-18,0.0006296540655714566,0.015910047195031342,1.9549734501387906e-20,2.0903676368760454e-05,arith,0.031482703278572825,3.325784775766402e-07,True,0.03322246095923422,0.45833333335,1.92,1.1766329936052405e-16,-0.08512261024989459,4.664055135218627e-09,True,False,22,0.9166666667,436,0.0010451838184380227,0.052259190921901136,0.0010451838184380227,0.0010451838184380227,0.0,3.284665990068308,0.9984187379503568,-9.316050621440244e-06,-9.316050621440244e-06,0.4999793209093857,0.4790206072773891,0.0,0.3044311561014703,0.4790206072773891,True,0.015910047195031342,0.015917697465399314,success,0.9999586418187715,0.9999586418187715,0.5,3.0514625267211726e-15,0.02,"[0.005, 0.0075, 0.01, 0.015, 0.02, 0.03, 0.05, 0.08]",0.033198668144529264,0.0013148080175276698,False,-2.3532659872104813e-18,0.00030153774315748775,True,success,3.389953907958864e-17,-6.143832969739155e-17,0.0013138663960273235,1.2287665939478312e-18,0.0
0.47873070911718923,1.7416763020050622e-19,0.00141454159901516,0.015900113137916744,1.7131707254765265e-20,4.690029005522739e-05,arith,0.04715138663383867,7.457199180792271e-07,True,0.03321306286625647,0.45833333335,1.92,-1.2127042537246233e-17,-0.08472937408239381,4.664055135218627e-09,True,False,22,0.9166666667,436,0.001563343001840913,0.05211143339469711,0.001563343001840913,0.001563343001840913,0.0,3.2774253203537156,0.9962178382728196,-9.316050621440244e-06,-9.316050621440244e-06,0.4999793209093857,0.4790206072773891,0.0,0.3044311561014703,0.4790206072773891,True,0.015900113137916744,0.015917697465399314,success,0.9999586418187715,0.9999586418187715,0.5,3.0514625267211726e-15,0.03,"[0.005, 0.0075, 0.01, 0.015, 0.02, 0.03, 0.05, 0.08]",0.033155822414753,0.002954775142007638,False,3.63811276117387e-19,0.0006771845027722903,True,success,1.9838680033706988e-17,-3.591527327754576e-17,0.0029496827883183437,1.0774581983263728e-18,0.0
0.47815103139725723,-1.095881546363783e-18,0.0039039644604185546,0.01586473161476563,3.6629166648636263e-20,0.00012872924060004825,arith,0.0780792892083711,2.042254853092357e-06,True,0.03317933157731683,0.45833333335,1.92,4.583830105568896e-17,-0.08347576482960864,4.664055135218627e-09,True,False,22,0.9166666667,436,0.0025745848120009647,0.05149169624001929,0.0025745848120009647,0.0025745848120009647,0.0,3.2456708055555703,0.986565623196811,-9.316050621440244e-06,-9.316050621440244e-06,0.49997932090938574,0.4790206072773891,0.0,0.3044311561014703,0.4790206072773891,True,0.01586473161476563,0.015917697465399314,success,0.9999586418187715,0.9999586418187715,0.5,3.0514625267211726e-15,0.05,"[0.005, 0.0075, 0.01, 0.015, 0.02, 0.03, 0.05, 0.08]",0.0329739786069279,0.008164709901409927,False,-2.2919150527844482e-18,0.0018666846332873687,True,success,2.5631384745559602e-17,-4.617685005719825e-17,0.008114177013888927,2.3088425028599128e-18,0.0
0.47619542115422525,8.52466933317559e-19,0.009716284056303717,0.01574620294132278,-1.5089041494514782e-19,0.00031323761363190187,arith,0.12145355070379646,4.932303033103582e-06,True,0.033066682798327585,0.45833333335,1.92,-2.2377024627077176e-17,-0.0804692847480243,4.664055135218627e-09,True,False,22,0.9166666667,436,0.003915470170398773,0.048943377129984665,0.003915470170398773,0.003915470170398773,0.0,3.1082653584720727,0.9447993755845971,-9.316050621440244e-06,-9.316050621440244e-06,0.49997932090938574,0.4790206072773891,0.0,0.3044311561014703,0.4790206072773891,True,0.01574620294132278,0.015917697465399314,success,0.9999586418187715,0.9999586418187715,0.5,3.0514625267211726e-15,0.08,"[0.005, 0.0075, 0.01, 0.015, 0.02, 0.03, 0.05, 0.08]",0.032238416643313346,0.02040398463461266,False,1.790161970166174e-18,0.004626849978245633,True,success,-6.794175755912091e-17,1.1978317527361302e-16,0.019892898294221268,-9.582654021889043e-18,0.0
0.5125385396267386,-7.070729536345624e-20,4.205738191537084e-05,0.0006136712465642073,1.1459016985740957e-21,5.011159141478361e-08,typ,0.008411476383074169,3.0752042770826484e-11,True,0.001197317272982281,0.45833333335,1.92,2.7591016049231945e-17,-0.06683160046380268,4.569607732090833e-09,True,False,23,0.9166666667,513,1.0022318282956721e-05,0.002004463656591344,1.0022318282956721e-05,1.0022318282956721e-05,0.0,3.266347686670734,0.9928506414026719,-0.14147475165633525,-0.14147475165633525,0.4999832176027431,0.5143689292131488,0.0,0.09905768269694669,0.09905768269694669,True,0.0006136712465642073,0.0006157662934852394,success,0.9999664352054868,0.043108107085106054,0.5,1.1268713434496495e-14,0.005,"[0.005, 0.0075, 0.01, 0.015, 0.02, 0.03, 0.05, 0.08]",0.0011915052514590587,8.205701359745467e-05,False,-1.3795508024615974e-19,2.1556029107428177e-05,True,success,2.0663808965108265e-16,-3.7345784244893807e-16,8.165869216676836e-05,1.8672892122446902e-18,0.0
0.5121620728299365,-6.7865867920790645e-19,9.472272639930639e-05,0.0006119983832039408,9.189718111522715e-22,1.1163773498051147e-07,typ,0.012629696853240852,6.832211331262304e-11,True,0.0011949310885563268,0.45833333335,1.92,1.7667810385567932e-16,-0.0668052998032346,4.569607732090833e-09,True,False,23,0.9166666667,513,1.4885031330734863e-05,0.001984670844097982,1.4885031330734863e-05,1.4885031330734863e-05,0.0,3.242934783108104,0.9857339720982631,-0.14147475165633525,-0.14147475165633525,0.4999832176027431,0.5143689292131488,0.0,0.09905768269694669,0.09905768269694669,True,0.0006119983832039408,0.0006157662934852394,success,0.9999664352054868,0.043108107085106054,0.5,1.1268713434496495e-14,0.0075,"[0.005, 0.0075, 0.01, 0.015, 0.02, 0.03, 0.05, 0.08]",0.001178573920158288,0.00018494678037348362,False,-1.3250857789175949e-18,4.851338789677171e-05,True,success,1.1117868788201105e-16,-2.0021225248804527e-16,0.0001824150815498308,1.5015918936603394e-18,0.0
0.512078877014005,-2.3166351107406944e-19,0.00016847270736707287,0.0006098728580927227,2.287567984015398e-21,1.9566035650303978e-07,typ,0.016847270736707286,1.193279408359499e-10,True,0.0011909744484071797,0.45833333335,1.92,4.523981001226372e-17,-0.06676845307364812,4.569607732090833e-09,True,False,23,0.9166666667,513,1.9566035650303976e-05,0.0019566035650303974,1.9566035650303976e-05,1.9566035650303976e-05,0.0,3.2082155142128386,0.9751805798392684,-0.14147475165633525,-0.14147475165633525,0.4999832176027431,0.5143689292131488,0.0,0.09905768269694669,0.09905768269694669,True,0.0006098728580927227,0.0006157662934852394,success,0.9999664352054868,0.043108107085106054,0.5,1.1268713434496495e-14,0.01,"[0.005, 0.0075, 0.01, 0.015, 0.02, 0.03, 0.05, 0.08]",0.0011613771723673302,0.00032899757230655163,False,-4.523981001226372e-19,8.627131479603977e-05,True,success,2.0941266153742085e-16,-3.7508932454698703e-16,0.00032082155142128385,3.75089324546987e-18,0.0
0.5120919140274894,-1.0168609867782832e-18,0.00037920539058161536,0.000603992407340875,1.2308447335432609e-21,4.226299176031209e-07,typ,0.02528035937210769,2.5526526134738464e-10,True,0.0011794609342502765,0.45833333335,1.92,1.3238000951572632e-16,-0.06666313518838224,4.569607732090833e-09,True,False,23,0.9166666667,513,2.8175327840208062e-05,0.0018783551893472043,2.8175327840208062e-05,2.8175327840208062e-05,0.0,3.109898678390368,0.9452958453067621,-0.14147475165633525,-0.14147475165633525,0.4999832176027431,0.5143689292131488,0.0,0.09905768269694669,0.09905768269694669,True,0.000603992407340875,0.0006157662934852394,success,0.9999664352054868,0.043108107085106054,0.5,1.1268713434496495e-14,0.015,"[0.005, 0.0075, 0.01, 0.015, 0.02, 0.03, 0.05, 0.08]",0.0011145145298565038,0.0007405025937614382,False,-1.9857001427358945e-18,0.00019418801427248112,True,success,7.703842823534325e-17,-1.3585653490382475e-16,0.0006997272026378328,2.0378480235573712e-18,0.0
0.5121394093465717,3.341960414732185e-19,0.0006744107122339746,0.0005959821424963323,2.0616339064224455e-21,7.101880271828615e-07,typ,0.03372053561169873,4.2325938201568527e-10,True,0.0011637107623815436,0.45833333335,1.92,-3.2627448246915085e-17,-0.06651563713898037,4.569607732090833e-09,True,False,23,0.9166666667,513,3.550940135914307e-05,0.0017754700679571537,3.550940135914307e-05,3.550940135914307e-05,0.0,2.9790658836192896,0.9055274444304399,-0.14147475165633525,-0.14147475165633525,0.4999832176027431,0.5143689292131488,0.0,0.09905768269694669,0.09905768269694669,True,0.0005959821424963323,0.0006157662934852394,success,0.9999664352054868,0.043108107085106054,0.5,1.1268713434496495e-14,0.02,"[0.005, 0.0075, 0.01, 0.015, 0.02, 0.03, 0.05, 0.08]",0.0010530497429828407,0.001316849865341239,False,6.525489649383017e-19,0.00034539230382050844,True,success,1.0020935145305167e-16,-1.729610469356582e-16,0.0011916263534477159,3.4592209387131642e-18,0.0
0.5122768889879578,3.503999958695467e-19,0.0015191369444082065,0.0005744771656022337,-7.950901092476134e-22,1.3714471741536187e-06,typ,0.05063789814694022,7.878650853809639e-10,True,0.0011214192518759873,0.45833333335,1.92,-2.280016942671952e-17,-0.06609389092740234,4.569607732090833e-09,True,False,23,0.9166666667,513,4.5714905805120624e-05,0.0015238301935040209,4.5714905805120624e-05,4.5714905805120624e-05,0.0,2.65255137148326,0.8062789338923709,-0.14147475165633525,-0.14147475165633525,0.49998321760274317,0.5143689292131488,0.0,0.09905768269694669,0.09905768269694669,True,0.0005744771656022337,0.0006157662934852394,success,0.9999664352054868,0.043108107085106054,0.5,1.1268713434496495e-14,0.03,"[0.005, 0.0075, 0.01, 0.015, 0.02, 0.03, 0.05, 0.08]",0.0009027804762446076,0.0029654606269851015,False,6.840050828015856e-19,0.0007782187478281081,True,success,-2.832633737961394e-17,4.613412895846537e-17,0.0023872962343349335,-1.384023868753961e-18,0.0
0.5126867620538836,-2.2447903116114546e-19,0.004226283645643224,0.0005180452666354468,2.6093000966100115e-21,2.5437319692827084e-06,typ,0.08452567291286447,1.3177683062761708e-09,True,0.0010104518099123456,0.45833333335,1.92,8.756966154610897e-18,-0.06474193712709087,4.569607732090833e-09,True,False,23,0.9166666667,513,5.0874639385654164e-05,0.0010174927877130832,5.0874639385654164e-05,5.0874639385654164e-05,0.0,1.9641001534892941,0.5970148570308977,-0.14147475165633525,-0.14147475165633525,0.4999832176027431,0.5143689292131488,0.0,0.09905768269694669,0.09905768269694669,True,0.0005180452666354468,0.0006157662934852394,success,0.9999664352054868,0.043108107085106054,0.5,1.1268713434496495e-14,0.05,"[0.005, 0.0075, 0.01, 0.015, 0.02, 0.03, 0.05, 0.08]",0.0006018838730583031,0.008243403103899608,False,-4.3784830773054485e-19,0.002166759677806107,True,success,7.187940960643529e-17,-1.0073637439278834e-16,0.004910250383723236,5.0368187196394175e-18,0.0
0.5126492503382255,-2.458370703228902e-18,0.010559056842265243,0.00042969713874083126,-2.2008870113781525e-22,3.3612890322137076e-06,typ,0.13198821052831552,1.444336279623168e-09,True,0.0008381893438005307,0.45833333335,1.92,5.994280450051782e-17,-0.06147517075059128,4.569607732090833e-09,True,False,23,0.9166666667,513,4.201611290267134e-05,0.0005252014112833918,4.201611290267134e-05,4.201611290267134e-05,0.0,1.2222595031058916,0.37152233871835366,-0.14147475165633525,-0.14147475165633525,0.4999832176027431,0.5143689292131488,0.0,0.09905768269694669,0.09905768269694669,True,0.00042969713874083126,0.0006157662934852394,success,0.9999664352054868,0.043108107085106054,0.5,1.1268713434496495e-14,0.08,"[0.005, 0.0075, 0.01, 0.015, 0.02, 0.03, 0.05, 0.08]",0.00031833231721599555,0.020597039467625863,False,-4.795424360041426e-18,0.005413092574465987,True,success,-5.791133642521473e-18,6.4024367774112695e-18,0.007822460819877707,-5.121949421929015e-19,0.0
0.3231713775331645,2.6642903334025406e-19,2.7514668719853876e-05,0.0068318446394826276,-1.2674676884235503e-21,6.049405879590916e-07,arith,0.005502933743970775,4.132860113053788e-09,True,0.021140005317400148,0.55208333335,1.04,-1.64884053392329e-16,-0.01799424434561859,4.708585078597195e-09,True,False,24,1.1041666667,640,0.00012098811759181831,0.024197623518363662,0.00012098811759181831,0.00012098811759181831,0.0,3.5418872640224643,1.0766046297554321,-6.618874738840833e-06,-6.618874738840833e-06,0.49997950547933323,0.3181699581156062,0.0,0.1782611607897893,0.3181699581156062,True,0.0068318446394826276,0.006607944341812314,success,0.9999590109586665,0.9999590109586665,0.5,3.5447493380245526e-15,0.005,"[0.005, 0.0075, 0.01, 0.015, 0.02, 0.03, 0.05, 0.08]",0.021986111994238985,8.513955948041923e-05,False,8.24420266961645e-19,8.891953392563849e-06,True,success,-1.971567015669305e-17,3.710469881292661e-17,8.85471816005616e-05,-1.8552349406463304e-19,0.0
0.3273491420048593,-2.367060040881744e-19,6.389907457346555e-05,0.007025009164627691,-1.2358078351542233e-21,1.4571702771871882e-06,arith,0.008519876609795406,1.0236634551663071e-08,True,0.021460295028124462,0.55208333335,1.04,9.641326796152537e-17,-0.01797674971190267,4.708585078597195e-09,True,False,24,1.1041666667,640,0.0001942893702916251,0.025905249372216683,0.0001942893702916251,0.0001942893702916251,0.0,3.687575171097958,1.120888443317224,-6.618874738840833e-06,-6.618874738840833e-06,0.49997950547933334,0.3181699581156062,0.0,0.1782611607897893,0.3181699581156062,True,0.007025009164627691,0.006607944341812314,success,0.9999590109586665,0.9999590109586665,0.5,3.5447493380245526e-15,0.0075,"[0.005, 0.0075, 0.01, 0.015, 0.02, 0.03, 0.05, 0.08]",0.022804246961540292,0.00019520159479299016,False,-7.230995097114402e-19,2.0917307236528468e-05,True,success,-1.2214405807100566e-17,2.345539687695137e-17,0.0002074261033742601,-1.759154765771353e-19,0.0
0.3316947689124869,-2.0964065444545188e-19,0.00011682801541183556,0.007230571881700813,-1.1209951661319013e-20,2.7518388435573524e-06,arith,0.011682801541183556,1.9897368565197876e-08,True,0.02179887221437761,0.55208333335,1.04,6.320288231641142e-17,-0.01795152344018313,4.708585078597195e-09,True,False,24,1.1041666667,640,0.0002751838843557352,0.02751838843557352,0.0002751838843557352,0.0002751838843557352,0.0,3.805838443459399,1.1568361675284562,-6.618874738840833e-06,-6.618874738840833e-06,0.49997950547933323,0.3181699581156062,0.0,0.1782611607897893,0.3181699581156062,True,0.007230571881700813,0.006607944341812314,success,0.9999590109586665,0.9999590109586665,0.5,3.5447493380245526e-15,0.01,"[0.005, 0.0075, 0.01, 0.015, 0.02, 0.03, 0.05, 0.08]",0.02355461430939081,0.0003522154292480236,False,-6.3202882316411415e-19,3.8751241574533254e-05,True,success,-7.947049489850614e-17,1.5503547775645858e-16,0.00038058384434593994,-1.550354777564586e-18,0.0
0.34010007966782824,3.7909919590565786e-19,0.00027500228841504103,0.007639626151410898,1.142362148844768e-20,6.822754196760994e-06,arith,0.01833348589433607,5.2123291386223744e-08,True,0.02246287668874536,0.55208333335,1.04,-7.431130199007297e-17,-0.017876636994876904,4.708585078597195e-09,True,False,24,1.1041666667,640,0.00045485027978406633,0.030323351985604423,0.00045485027978406633,0.00045485027978406633,0.0,3.969219355060229,1.206498009572337,-6.618874738840833e-06,-6.618874738840833e-06,0.49997950547933334,0.3181699581156062,0.0,0.1782611607897893,0.3181699581156062,True,0.007639626151410898,0.006607944341812314,success,0.9999590109586665,0.9999590109586665,0.5,3.5447493380245526e-15,0.015,"[0.005, 0.0075, 0.01, 0.015, 0.02, 0.03, 0.05, 0.08]",0.024809808805895846,0.0008085922493274114,False,1.1146695298510945e-18,9.352830019879054e-05,True,success,5.0036611191600845e-17,-9.968743899279198e-17,0.0008930743548885514,1.4953115848918797e-18,0.0
0.34773347443700564,-1.5982066277672329e-18,0.0005056875501693108,0.008022605154750144,-1.2807692059380833e-20,1.303919085271797e-05,arith,0.02528437750846554,1.046082797487861e-07,True,0.023071132762639723,0.55208333335,1.04,2.298033904206078e-16,-0.017767691847645255,4.708585078597195e-09,True,False,24,1.1041666667,640,0.0006519595426358985,0.03259797713179492,0.0006519595426358985,0.0006519595426358985,0.0,4.063265797456556,1.2350847001551772,-6.618874738840833e-06,-6.618874738840833e-06,0.49997950547933323,0.3181699581156062,0.0,0.1782611607897893,0.3181699581156062,True,0.008022605154750144,0.006607944341812314,success,0.9999590109586665,0.9999590109586665,0.5,3.5447493380245526e-15,0.02,"[0.005, 0.0075, 0.01, 0.015, 0.02, 0.03, 0.05, 0.08]",0.025785073902555595,0.0014542389138349108,False,-4.596067808412156e-18,0.00017584448879991206,True,success,-3.959933082124361e-17,7.982252530399968e-17,0.0016253063189826226,-1.5964505060799937e-18,0.0
0.3605802469578118,-9.255014357684786e-19,0.0011912283745607658,0.008688758967081616,1.2748593758970647e-20,3.23542510611234e-05,arith,0.03970761248535886,2.811182890305458e-07,True,0.024096602740688144,0.55208333335,1.04,8.555667738105124e-17,-0.017443166584331322,4.708585078597195e-09,True,False,24,1.1041666667,640,0.00107847503537078,0.03594916784569267,0.00107847503537078,0.00107847503537078,0.0,4.137434124009,1.2576291680603724,-6.618874738840833e-06,-6.618874738840833e-06,0.4999795054793333,0.3181699581156062,0.0,0.1782611607897893,0.3181699581156062,True,0.008688758967081616,0.006607944341812314,success,0.9999590109586665,0.9999590109586665,0.5,3.5447493380245526e-15,0.03,"[0.005, 0.0075, 0.01, 0.015, 0.02, 0.03, 0.05, 0.08]",0.02716041000370998,0.003303642905042828,False,-2.566700321431537e-18,0.0004295334214822737,True,success,2.4044609699653956e-17,-4.8908380000988225e-17,0.0037236907116080997,1.4672514000296467e-18,0.0
0.37899175237180244,-2.0182991853997027e-18,0.003472016519051792,0.00968496520337861,2.186173735492532e-20,9.956224489295455e-05,arith,0.06944033038103585,9.642568773585245e-07,True,0.025554554004851703,0.55208333335,1.04,1.0650887111757987e-16,-0.01635276469021818,4.708585078597195e-09,True,False,24,1.1041666667,640,0.001991244897859091,0.03982489795718182,0.001991244897859091,0.001991244897859091,0.0,4.1120331483781545,1.24990819731061,-6.618874738840833e-06,-6.618874738840833e-06,0.49997950547933323,0.3181699581156062,0.0,0.1782611607897893,0.3181699581156062,True,0.00968496520337861,0.006607944341812314,success,0.9999590109586665,0.9999590109586665,0.5,3.5447493380245526e-15,0.05,"[0.005, 0.0075, 0.01, 0.015, 0.02, 0.03, 0.05, 0.08]",0.028675625345280613,0.009161192815736102,False,-5.3254435558789936e-18,0.0013158656248192842,True,success,2.2263236504701955e-17,-4.5145722046164566e-17,0.010280082870945388,2.2572861023082284e-18,0.0
0.39606849819995993,1.6971806205971606e-18,0.009152834928342546,0.010648476712774066,-4.0101246130026697e-20,0.00027164527062312405,arith,0.11441043660428182,2.8926083383655456e-06,True,0.026885442192875572,0.55208333335,1.04,-5.356335546472565e-17,-0.013594509554481942,4.708585078597195e-09,True,False,24,1.1041666667,640,0.0033955658827890508,0.04244457353486313,0.0033955658827890508,0.0033955658827890508,0.0,3.9859760865087877,1.211591445165371,-6.618874738840833e-06,-6.618874738840833e-06,0.49997950547933323,0.3181699581156062,0.0,0.1782611607897893,0.3181699581156062,True,0.010648476712774066,0.006607944341812314,success,0.9999590109586665,0.9999590109586665,0.5,3.5447493380245526e-15,0.08,"[0.005, 0.0075, 0.01, 0.015, 0.02, 0.03, 0.05, 0.08]",0.029678812384341266,0.023109222192474462,False,4.285068437178052e-18,0.00362514958434077,True,success,-2.3578330527391403e-17,4.70739233550662e-17,0.02551024695365624,-3.765913868405296e-18,0.0
0.009202462494474655,-2.4620617342334592e-20,3.1641805006158253e-06,3.574374395517811e-07,1.709029680268324e-25,3.372235133730873e-11,typ,0.000632836100123165,1.2053630917673215e-17,True,3.8841499192894706e-05,0.55208333335,1.04,5.350875889386631e-16,-0.0004988168685155087,4.588340739862106e-09,True,False,25,1.1041666667,465,6.744470267461746e-09,1.3488940534923492e-06,6.744470267461746e-09,6.744470267461746e-09,0.0,3.7737906112572692,1.1470947946527836,-0.5920849267667058,-0.5920849267667058,0.49997994358001285,0.006583285875443733,0.0,0.002350392567533051,0.002350392567533051,True,3.574374395517811e-07,3.452723607331964e-07,success,0.9999598871600233,0.020744953388360216,0.5,1.7128758364777188e-14,0.005,"[0.005, 0.0075, 0.01, 0.015, 0.02, 0.03, 0.05, 0.08]",1.0657530861701967e-05,0.00034384062988745273,False,-2.6754379446933155e-18,2.911825238266517e-08,True,success,4.922555943177191e-17,-9.562678618173914e-17,9.434476528143173e-05,4.781339309086957e-19,0.0
0.022187078444952397,-3.673211315327477e-19,2.3676224450160926e-05,3.790948573968985e-07,-2.0760294670520323e-25,9.774508615380721e-11,typ,0.003156829926688124,3.70546594967251e-17,True,1.70862900375756e-05,0.55208333335,1.04,2.207417754101608e-15,-0.0004945293448819429,4.588340739862106e-09,True,False,25,1.1041666667,465,1.3032678153840961e-08,1.7376904205121283e-06,1.3032678153840961e-08,1.3032678153840961e-08,0.0,4.583787900590879,1.3933044469598832,-0.5920849267667058,-0.5920849267667058,0.49997994358001285,0.006583285875443733,0.0,0.002350392567533051,0.002350392567533051,True,3.790948573968985e-07,3.452723607331964e-07,success,0.9999598871600233,0.020744953388360216,0.5,1.7128758364777188e-14,0.0075,"[0.005, 0.0075, 0.01, 0.015, 0.02, 0.03, 0.05, 0.08]",4.128406805720361e-06,0.0010671177148854096,False,-1.655563315576206e-17,5.253062491560204e-07,True,success,-3.410453246178372e-17,7.301706249485399e-17,0.00025783806940823695,-5.476279687114049e-19,0.0
0.047184717148312766,-1.3552527156068956e-18,7.349803403748833e-05,4.151046895366424e-07,9.047287949794146e-26,2.2866954018398856e-10,typ,0.007349803403748833,9.492179848456134e-17,True,8.797439396147482e-06,0.55208333335,1.04,2.8722281228199684e-15,-0.00048163137501422426,4.588340739862106e-09,True,False,25,1.1041666667,465,2.2866954018398857e-08,2.2866954018398855e-06,2.2866954018398857e-08,2.2866954018398857e-08,0.0,5.508719750654691,1.6744500164707714,-0.5920849267667058,-0.5920849267667058,0.49997994358001285,0.006583285875443733,0.0,0.002350392567533051,0.002350392567533051,True,4.151046895366424e-07,3.452723607331964e-07,success,0.9999598871600233,0.020744953388360216,0.5,1.7128758364777188e-14,0.01,"[0.005, 0.0075, 0.01, 0.015, 0.02, 0.03, 0.05, 0.08]",3.111233425200919e-06,0.0015576660935884507,False,-2.8722281228199684e-17,3.467983947015951e-06,True,success,9.286144424061016e-18,-2.1795195712901042e-17,0.0005508719750654691,2.179519571290104e-19,0.0
0.11057648462836119,-4.676059679143156e-18,0.0002586788982107535,5.233840145769781e-07,-1.7590397722290893e-24,8.28521543215973e-10,typ,0.017245259880716898,4.336349314518892e-16,True,4.733230725646871e-06,0.55208333335,1.04,2.819200782070451e-15,-0.00042036367226221116,4.588340739862106e-09,True,False,25,1.1041666667,465,5.523476954773154e-08,3.6823179698487695e-06,5.523476954773154e-08,5.523476954773154e-08,0.0,7.035595026387996,2.1385644471053293,-0.5920849267667058,-0.5920849267667058,0.49997994358001285,0.006583285875443733,0.0,0.002350392567533051,0.002350392567533051,True,5.233840145769781e-07,3.452723607331964e-07,success,0.9999598871600233,0.020744953388360216,0.5,1.7128758364777188e-14,0.015,"[0.005, 0.0075, 0.01, 0.015, 0.02, 0.03, 0.05, 0.08]",3.202895748152413e-06,0.0023393662683359197,False,-4.2288011731056766e-17,2.860380321168279e-05,True,success,-8.447214634859493e-17,2.2405980099218e-16,0.0015830088809372991,-3.3608970148827006e-18,0.0
0.1686047633354478,-6.088571446050332e-18,0.000538688082739531,6.678832650064749e-07,-1.8616815976979602e-24,2.1701525250185507e-09,typ,0.02693440413697655,1.4494085539714353e-15,True,3.961236039800886e-06,0.55208333335,1.04,1.8055751586142346e-15,-0.0003096680107238445,4.588340739862106e-09,True,False,25,1.1041666667,465,1.0850762625092753e-07,5.425381312546377e-06,1.0850762625092753e-07,1.0850762625092753e-07,0.0,8.12324787400352,2.4691712688424214,-0.5920849267667058,-0.5920849267667058,0.49997994358001285,0.006583285875443733,0.0,0.002350392567533051,0.002350392567533051,True,6.678832650064749e-07,3.452723607331964e-07,success,0.9999598871600233,0.020744953388360216,0.5,1.7128758364777188e-14,0.02,"[0.005, 0.0075, 0.01, 0.015, 0.02, 0.03, 0.05, 0.08]",4.028588332569207e-06,0.0031949754685624363,False,-3.611150317228469e-17,9.082537670192475e-05,True,success,-4.890012798987958e-17,1.3937178061198405e-16,0.0032492991496014083,-2.7874356122396807e-18,0.0
0.25057511163947643,-7.974710907122149e-18,0.0013432259724742513,1.0452703885867816e-06,6.879992037784146e-24,9.148134688116093e-09,typ,0.04477419908247504,9.562274300291325e-15,True,4.1714852754039685e-06,0.55208333335,1.04,1.060854348880964e-15,5.024065193738819e-05,4.588340739862106e-09,True,False,25,1.1041666667,465,3.049378229372031e-07,1.0164594097906771e-05,3.049378229372031e-07,3.049378229372031e-07,0.0,9.724368171999426,2.955853480082575,-0.5920849267667058,-0.5920849267667058,0.4999799435800128,0.006583285875443733,0.0,0.002350392567533051,0.002350392567533051,True,1.0452703885867816e-06,3.452723607331964e-07,success,0.9999598871600233,0.020744953388360216,0.5,1.7128758364777188e-14,0.03,"[0.005, 0.0075, 0.01, 0.015, 0.02, 0.03, 0.05, 0.08]",6.810570131595231e-06,0.005360572180076942,False,-3.182563046642892e-17,0.00033657899800977983,True,success,7.035700386216471e-17,-2.1940071241872578e-16,0.008751931354799482,6.582021372561774e-18,0.0
0.3338063148373563,-6.840949926644129e-18,0.003889636624257985,2.1632607133482692e-06,2.200204360038256e-24,6.104068919191048e-08,typ,0.07779273248515971,1.3204692484456224e-13,True,6.4805865473284885e-06,0.55208333335,1.04,4.0987540514188966e-16,0.0012790240795245676,4.588340739862106e-09,True,False,25,1.1041666667,465,1.2208137838382093e-06,2.4416275676764187e-05,1.2208137838382093e-06,1.2208137838382093e-06,0.0,11.286792907625529,3.430773650779685,-0.5920849267667058,-0.5920849267667058,0.49997994358001285,0.006583285875443733,0.0,0.002350392567533051,0.002350392567533051,True,2.1632607133482692e-06,3.452723607331964e-07,success,0.9999598871600233,0.020744953388360216,0.5,1.7128758364777188e-14,0.05,"[0.005, 0.0075, 0.01, 0.015, 0.02, 0.03, 0.05, 0.08]",1.569315982146662e-05,0.011652375798082702,False,-2.0493770257094484e-17,0.0012983852675999726,True,success,6.0547870744141194e-18,-2.0341555194545236e-17,0.028216982269063825,1.0170777597272617e-18,0.0
0.38635044294122955,-1.1987826562917056e-17,0.010054112260608322,4.544160665664024e-06,2.2734790689632077e-23,2.876331211604805e-07,typ,0.125676403257604,1.30705111531963e-12,True,1.1761758653801435e-05,0.55208333335,1.04,3.8785469196228566e-16,0.004333243633455143,4.588340739862106e-09,True,False,25,1.1041666667,465,3.595414014506006e-06,4.494267518132508e-05,3.5954140145060053e-06,3.595414014506006e-06,0.0,9.890203821558265,3.0062614729927675,-0.5920849267667058,-0.5920849267667058,0.4999799435800128,0.006583285875443733,0.0,0.002350392567533051,0.002350392567533051,True,4.544160665664024e-06,3.452723607331964e-07,success,0.9999598871600233,0.020744953388360216,0.5,1.7128758364777188e-14,0.08,"[0.005, 0.0075, 0.01, 0.015, 0.02, 0.03, 0.05, 0.08]",2.8608505028078664e-05,0.026023296839180077,False,-3.1028375356982854e-17,0.0038844107252668718,True,success,1.988587358046467e-17,-6.253847619599381e-17,0.06329730445797288,5.003078095679505e-18,2.355870405569076e-16
0.3636549604191435,1.2400921137393652e-19,3.0325486183766788e-05,0.00875578001065163,-3.94852484359557e-21,7.418191803585478e-07,arith,0.006065097236753357,6.4952055509013495e-09,True,0.024077163695388187,0.55208333335,1.06,-6.820157834833616e-17,-0.018313361630602848,4.713080224873234e-09,True,False,26,1.1041666667,633,0.00014836383607170957,0.029672767214341915,0.00014836383607170957,0.00014836383607170957,0.0,3.388934758324699,1.030112643000355,-6.690031074163213e-06,-6.690031074163213e-06,0.4999795004259342,0.36172219381953824,0.0,0.20490499776271862,0.36172219381953824,True,0.00875578001065163,0.008656332755765911,success,0.9999590008518685,0.9999590008518685,0.5,3.5239262048680137e-15,0.005,"[0.005, 0.0075, 0.01, 0.015, 0.02, 0.03, 0.05, 0.08]",0.024461905601884243,8.339082230258612e-05,False,3.4100789174168084e-19,1.1028013477848994e-05,True,success,-4.899349541876183e-17,9.019241778098783e-17,8.472336895811747e-05,-4.509620889049392e-19,0.0
0.3655452158772292,4.393983413881683e-20,6.928333567088077e-05,0.008854537986932852,4.0473947372219644e-21,1.725176520057437e-06,arith,0.00923777808945077,1.5275641031013203e-08,True,0.02422282552839293,0.55208333335,1.06,-1.6027140548899727e-17,-0.018294253606662023,4.713080224873234e-09,True,False,26,1.1041666667,633,0.00023002353600765828,0.030669804801021106,0.00023002353600765828,0.00023002353600765828,0.0,3.463738576341565,1.0528502771476598,-6.690031074163213e-06,-6.690031074163213e-06,0.4999795004259342,0.36172219381953824,0.0,0.20490499776271862,0.36172219381953824,True,0.008854537986932852,0.008656332755765911,success,0.9999590008518685,0.9999590008518685,0.5,3.5239262048680137e-15,0.0075,"[0.005, 0.0075, 0.01, 0.015, 0.02, 0.03, 0.05, 0.08]",0.024900309769330504,0.00018953424271910056,False,1.2020355411674794e-19,2.5326191894506647e-05,True,success,3.2747325799135526e-17,-6.094644716934881e-17,0.00019483529491921302,4.570983537701161e-19,0.0
0.3676838176722042,-9.147955830347679e-20,0.00012503091323986268,0.008967651596676375,2.03817302933029e-21,3.168226867829699e-06,arith,0.012503091323986268,2.841155472992599e-08,True,0.02438957377414737,0.55208333335,1.06,2.4879952259697274e-17,-0.018267095414196327,4.713080224873234e-09,True,False,26,1.1041666667,633,0.0003168226867829699,0.03168226867829699,0.0003168226867829699,0.0003168226867829699,0.0,3.5329504426821385,1.0738881618068266,-6.690031074163213e-06,-6.690031074163213e-06,0.4999795004259342,0.36172219381953824,0.0,0.20490499776271862,0.36172219381953824,True,0.008967651596676375,0.008656332755765911,success,0.9999590008518685,0.9999590008518685,0.5,3.5239262048680137e-15,0.01,"[0.005, 0.0075, 0.01, 0.015, 0.02, 0.03, 0.05, 0.08]",0.025339548322355184,0.0003400500844215278,False,-2.4879952259697276e-19,4.5971843507074854e-05,True,success,1.2091872257775148e-17,-2.2728057701145362e-17,0.0003532950442682139,2.2728057701145365e-19,0.0
0.37217482174845645,-4.475996157813255e-19,0.0002888383654369124,0.009209081985266734,-1.0598875426076646e-20,7.547598049183992e-06,arith,0.019255891029127496,6.950644922677465e-08,True,0.02474396828351521,0.55208333335,1.06,8.017730550722151e-17,-0.01818780617250803,4.713080224873234e-09,True,False,26,1.1041666667,633,0.0005031732032789328,0.03354488021859552,0.0005031732032789328,0.0005031732032789328,0.0,3.642586771652454,1.1072136096712457,-6.690031074163213e-06,-6.690031074163213e-06,0.4999795004259342,0.36172219381953824,0.0,0.20490499776271862,0.36172219381953824,True,0.009209081985266734,0.008656332755765911,success,0.9999590008518685,0.9999590008518685,0.5,3.5239262048680137e-15,0.015,"[0.005, 0.0075, 0.01, 0.015, 0.02, 0.03, 0.05, 0.08]",0.02613087093803169,0.000776082498219428,False,-1.2026595826083225e-18,0.0001074983671705984,True,success,-4.020196084417406e-17,7.67277016538919e-17,0.0008195820236218021,-1.1509155248083783e-18,0.0
0.3765452793189946,5.690129162869699e-19,0.0005244572202434705,0.009448289299338141,-3.72320251031845e-20,1.4045041362273344e-05,arith,0.026222861012173523,1.3270161401192884e-07,True,0.02509204023597363,0.55208333335,1.06,-7.555703756478701e-17,-0.01807418136746171,4.713080224873234e-09,True,False,26,1.1041666667,633,0.0007022520681136672,0.035112603405683354,0.0007022520681136672,0.0007022520681136672,0.0,3.7162921554638486,1.1296173598569956,-6.690031074163213e-06,-6.690031074163213e-06,0.4999795004259342,0.36172219381953824,0.0,0.20490499776271862,0.36172219381953824,True,0.009448289299338141,0.008656332755765911,success,0.9999590008518685,0.9999590008518685,0.5,3.5239262048680137e-15,0.02,"[0.005, 0.0075, 0.01, 0.015, 0.02, 0.03, 0.05, 0.08]",0.02678014682637636,0.0013928131596603302,False,1.5111407512957402e-18,0.00019748189048744106,True,success,-1.0220650937172394e-16,1.970305095642691e-16,0.0014865168621855396,-3.940610191285382e-18,0.0
0.38432529707332663,3.405724340494702e-19,0.001216087463415697,0.009882816584645591,-9.189200690160802e-21,3.371953361181142e-05,arith,0.04053624878052323,3.3324396600532437e-07,True,0.025714717870262957,0.55208333335,1.06,-2.953855641240736e-17,-0.017740702437188848,4.713080224873234e-09,True,False,26,1.1041666667,633,0.0011239844537270474,0.03746614845756825,0.0011239844537270474,0.0011239844537270474,0.0,3.7910395418829705,1.1523378408554656,-6.690031074163213e-06,-6.690031074163213e-06,0.4999795004259341,0.36172219381953824,0.0,0.20490499776271862,0.36172219381953824,True,0.009882816584645591,0.008656332755765911,success,0.9999590008518685,0.9999590008518685,0.5,3.5239262048680137e-15,0.03,"[0.005, 0.0075, 0.01, 0.015, 0.02, 0.03, 0.05, 0.08]",0.027727885227187006,0.003164213942398061,False,8.861566923722207e-19,0.00046737317564438596,True,success,-1.5918296482782614e-17,3.0993865670634746e-17,0.0034119355876946734,-9.298159701190424e-19,0.0
0.39605836704775477,-8.3008980422772065e-19,0.0034899133474005713,0.01055611981248233,-5.459831482548035e-21,0.00010048644794457188,arith,0.06979826694801142,1.0607469840336696e-06,True,0.02665293979563756,0.55208333335,1.06,4.191754919434046e-17,-0.016638102420872526,4.713080224873234e-09,True,False,26,1.1041666667,633,0.0020097289588914377,0.04019457917782875,0.0020097289588914377,0.0020097289588914377,0.0,3.807703956741731,1.157403215570055,-6.690031074163213e-06,-6.690031074163213e-06,0.49997950042593425,0.36172219381953824,0.0,0.20490499776271862,0.36172219381953824,True,0.01055611981248233,0.008656332755765911,success,0.9999590008518685,0.9999590008518685,0.5,3.5239262048680137e-15,0.05,"[0.005, 0.0075, 0.01, 0.015, 0.02, 0.03, 0.05, 0.08]",0.028793393400274044,0.008811613736163727,False,-2.095877459717023e-18,0.001382209381509634,True,success,-5.3011895795769506e-18,1.0344390892744374e-17,0.009519259891854329,-5.172195446372189e-19,0.0
0.40726234714788045,3.651238373573541e-19,0.009111283914419168,0.011217823320162839,-3.5138160308962717e-20,0.00026873346688666453,arith,0.1138910489302396,3.0146045517494336e-06,True,0.02754446463986407,0.55208333335,1.06,-1.1206653399042758e-17,-0.013882120444623737,4.713080224873234e-09,True,False,26,1.1041666667,633,0.0033591683360833066,0.04198960420104133,0.0033591683360833066,0.0033591683360833066,0.0,3.743115130505711,1.137770566597147,-6.690031074163213e-06,-6.690031074163213e-06,0.4999795004259342,0.36172219381953824,0.0,0.20490499776271862,0.36172219381953824,True,0.011217823320162839,0.008656332755765911,success,0.9999590008518685,0.9999590008518685,0.5,3.5239262048680137e-15,0.08,"[0.005, 0.0075, 0.01, 0.015, 0.02, 0.03, 0.05, 0.08]",0.02949457720896802,0.022372026233770104,False,8.965322719234207e-19,0.0037106828725170784,True,success,-2.0237825392251742e-17,3.915438773871312e-17,0.02395593683523655,-3.1323510190970495e-18,0.0
0.025735777641127233,-5.669039935125782e-19,1.0028756533569724e-05,6.002107558821372e-07,-1.6383536596173106e-25,6.18875280331283e-11,typ,0.0020057513067139447,3.714555998044089e-17,True,2.3322036903325056e-05,0.55208333335,1.06,4.40557111906837e-15,-0.0004415328037176078,4.420047496499085e-09,True,False,27,1.1041666667,405,1.237750560662566e-08,2.475501121325132e-06,1.237750560662566e-08,1.237750560662566e-08,0.0,4.124386471026927,1.253663157128678,-0.8456661019605406,-0.8456661019605406,0.49997936529253384,0.011171794095752228,0.0,0.00300023839700283,0.00300023839700283,True,6.002107558821372e-07,5.625914849700676e-07,success,0.9999587305850668,0.017328522450388347,0.5,1.8590146136792522e-14,0.005,"[0.005, 0.0075, 0.01, 0.015, 0.02, 0.03, 0.05, 0.08]",6.171007125955177e-06,0.00038968150383547,False,-2.202785559534185e-17,2.5809784816495235e-07,True,success,-2.68815434364614e-17,5.459261246358046e-17,0.00010310966177567317,-2.729630623179023e-19,0.0
0.06248352195703763,-1.4330738676358694e-18,4.6297795685705774e-05,6.595093470937561e-07,1.3550737085524452e-25,1.8366724210824552e-10,typ,0.00617303942476077,1.2113026292531984e-16,True,1.0554932347559104e-05,0.55208333335,1.06,3.058030496682995e-15,-0.0004315984492550759,4.420047496499085e-09,True,False,27,1.1041666667,405,2.4488965614432737e-08,3.2651954152576984e-06,2.4488965614432734e-08,2.4488965614432737e-08,0.0,4.950946381042749,1.5049072424310002,-0.8456661019605406,-0.8456661019605406,0.49997936529253384,0.011171794095752228,0.0,0.00300023839700283,0.00300023839700283,True,6.595093470937561e-07,5.625914849700676e-07,success,0.9999587305850668,0.017328522450388347,0.5,1.8590146136792522e-14,0.0075,"[0.005, 0.0075, 0.01, 0.015, 0.02, 0.03, 0.05, 0.08]",3.967083948339077e-06,0.0007409600841248861,False,-2.293522872512246e-17,2.8928493332902386e-06,True,success,1.2312226295949614e-17,-2.73955926886923e-17,0.0002784907339336546,2.0546694516519224e-19,1.351107475222266e-16
0.10742000878315613,-1.780039738654924e-18,0.0001101168374224764,7.397506095520522e-07,1.3118567527207845e-24,4.1412670077755187e-10,typ,0.011011683742247638,3.0635047933197434e-16,True,6.88652531248022e-06,0.55208333335,1.06,1.6570839630521807e-15,-0.0004101458903504607,4.420047496499085e-09,True,False,27,1.1041666667,405,4.1412670077755185e-08,4.141267007775519e-06,4.141267007775519e-08,4.1412670077755185e-08,0.0,5.598193437492693,1.701646756036582,-0.8456661019605406,-0.8456661019605406,0.49997936529253384,0.011171794095752228,0.0,0.00300023839700283,0.00300023839700283,True,7.397506095520522e-07,5.625914849700676e-07,success,0.9999587305850668,0.017328522450388347,0.5,1.8590146136792522e-14,0.01,"[0.005, 0.0075, 0.01, 0.015, 0.02, 0.03, 0.05, 0.08]",3.760793630393737e-06,0.001025105459121347,False,-1.6570839630521807e-17,1.1828751643095791e-05,True,success,7.495094847610855e-17,-1.7733770486720716e-16,0.0005598193437492694,1.7733770486720717e-18,1.5979276120084758e-16
0.18615261760035479,-1.1116837953598686e-18,0.0003057536611813833,9.328009287866512e-07,1.653426443424602e-24,1.3467481609959792e-09,typ,0.02038357741209222,1.2562479354187639e-15,True,5.010947150844004e-06,0.55208333335,1.06,3.981263007705887e-16,-0.00033133711703368235,4.420047496499085e-09,True,False,27,1.1041666667,405,8.978321073306528e-08,5.9855473822043525e-06,8.978321073306528e-08,8.978321073306528e-08,0.0,6.416746807906918,1.9504571451309647,-0.8456661019605406,-0.8456661019605406,0.49997936529253384,0.011171794095752228,0.0,0.00300023839700283,0.00300023839700283,True,9.328009287866512e-07,5.625914849700676e-07,success,0.9999587305850668,0.017328522450388347,0.5,1.8590146136792522e-14,0.015,"[0.005, 0.0075, 0.01, 0.015, 0.02, 0.03, 0.05, 0.08]",4.404683678332287e-06,0.0016424891850717687,False,-5.971894511558831e-18,5.691684436980649e-05,True,success,4.664952205361049e-17,-1.1816929653470728e-16,0.0014437680317790564,1.772539448020609e-18,0.0
0.24198861379087988,1.5385548460787791e-18,0.0005815053550136561,1.147909141137843e-06,-1.521284140929158e-25,3.1820447031033146e-09,typ,0.029075267750682806,3.652698202201549e-15,True,4.743649393891878e-06,0.55208333335,1.06,-3.1789818991408356e-16,-0.00020746713117036908,4.420047496499085e-09,True,False,27,1.1041666667,405,1.5910223515516574e-07,7.955111757758286e-06,1.5910223515516574e-07,1.5910223515516574e-07,0.0,6.930088342944054,2.106494260959176,-0.8456661019605406,-0.8456661019605406,0.49997936529253384,0.011171794095752228,0.0,0.00300023839700283,0.00300023839700283,True,1.147909141137843e-06,5.625914849700676e-07,success,0.9999587305850668,0.017328522450388347,0.5,1.8590146136792522e-14,0.02,"[0.005, 0.0075, 0.01, 0.015, 0.02, 0.03, 0.05, 0.08]",5.472081513382774e-06,0.0024030277536784338,False,6.3579637982816716e-18,0.00014071767477172813,True,success,-2.5171172297526218e-18,6.626326450459372e-18,0.0027720353371776217,-1.3252652900918744e-19,0.0
0.30935926657064344,3.426464828969418e-18,0.0013635632526989197,1.6189505702121808e-06,1.7946293650032303e-24,1.1117782193792576e-08,typ,0.045452108423297326,1.7999139822135323e-14,True,5.233237679151554e-06,0.55208333335,1.06,-3.692001715839956e-16,0.00016587745350941571,4.420047496499085e-09,True,False,27,1.1041666667,405,3.7059273979308586e-07,1.2353091326436195e-05,3.7059273979308586e-07,3.7059273979308586e-07,0.0,7.630307900516808,2.319335484107533,-0.8456661019605406,-0.8456661019605406,0.4999793652925338,0.011171794095752228,0.0,0.00300023839700283,0.00300023839700283,True,1.6189505702121808e-06,5.625914849700676e-07,success,0.9999587305850668,0.017328522450388347,0.5,1.8590146136792522e-14,0.03,"[0.005, 0.0075, 0.01, 0.015, 0.02, 0.03, 0.05, 0.08]",8.15347742159155e-06,0.004407701336425119,False,1.1076005147519868e-17,0.0004218309277776187,True,success,1.3376697139555308e-17,-3.695046651461436e-17,0.006867277110465128,1.1085139954384307e-18,0.0
0.3706102893962476,1.0284769173810009e-17,0.003849514019475183,2.6935515558934716e-06,6.19082913016423e-23,5.5176593204519775e-08,typ,0.07699028038950365,1.486209984749354e-13,True,7.267881202870735e-06,0.55208333335,1.06,-5.550180050621196e-16,0.0013915589756858338,4.420047496499085e-09,True,False,27,1.1041666667,405,1.1035318640903954e-06,2.207063728180791e-05,1.1035318640903954e-06,1.1035318640903954e-06,0.0,8.19387965064842,2.490640754479689,-0.8456661019605406,-0.8456661019605406,0.49997936529253384,0.011171794095752228,0.0,0.00300023839700283,0.00300023839700283,True,2.6935515558934716e-06,5.625914849700676e-07,success,0.9999587305850668,0.017328522450388347,0.5,1.8590146136792522e-14,0.05,"[0.005, 0.0075, 0.01, 0.015, 0.02, 0.03, 0.05, 0.08]",1.4333391936066306e-05,0.010386959373811056,False,2.775090025310598e-17,0.0014266695047926098,True,success,1.6058638810582565e-16,-4.59677789839867e-16,0.020484699126621052,2.298388949199335e-17,0.0
0.4072937602834761,1.3667319512246904e-17,0.009891722011459166,4.413922484407713e-06,1.300361915643634e-22,2.0655847870350541e-07,typ,0.12364652514323957,9.117331134944544e-13,True,1.0837196428778157e-05,0.55208333335,1.06,-4.194552201933582e-16,0.004402033766834925,4.420047496499085e-09,True,False,27,1.1041666667,405,2.5819809837938174e-06,3.227476229742272e-05,2.581980983793818e-06,2.5819809837938174e-06,0.0,7.312036496208098,2.22259257789533,-0.8456661019605406,-0.8456661019605406,0.49997936529253384,0.011171794095752228,0.0,0.00300023839700283,0.00300023839700283,True,4.413922484407713e-06,5.625914849700676e-07,success,0.9999587305850668,0.017328522450388347,0.5,1.8590146136792522e-14,0.08,"[0.005, 0.0075, 0.01, 0.015, 0.02, 0.03, 0.05, 0.08]",2.088195346211869e-05,0.0242864560571086,False,3.3556417615468653e-17,0.004028836653726033,True,success,1.3618534565037379e-16,-3.682557635066071e-16,0.04679703357573183,2.946046108052857e-17,1.6402772765772228e-16
0.397337176543167,-1.1296087012479544e-19,3.2830434934250944e-05,0.01057718244200978,-5.379219339124128e-21,8.786263485744557e-07,arith,0.006566086986850189,9.293391187228899e-09,True,0.026620168125296644,0.55208333335,1.08,5.685894841633238e-17,-0.018665732003838913,4.695615977211035e-09,True,False,28,1.1041666667,627,0.00017572526971489116,0.03514505394297823,0.00017572526971489116,0.00017572526971489116,0.0,3.322723620932484,1.009986870567701,-6.76264794459468e-06,-6.76264794459468e-06,0.4999794952597614,0.3966923191005349,0.0,0.22730069468865838,0.3966923191005349,True,0.01057718244200978,0.010540203555079543,success,0.9999589905195228,0.9999589905195228,0.5,3.761450555361247e-15,0.005,"[0.005, 0.0075, 0.01, 0.015, 0.02, 0.03, 0.05, 0.08]",0.0267625558520339,8.262613435741325e-05,False,-2.842947420816619e-19,1.3044752321459425e-05,True,success,-5.57997359683402e-17,1.0171365330259004e-16,8.30680905233121e-05,-5.085682665129502e-19,0.0
0.39803134325418865,-9.867933835512599e-20,7.429931583903361e-05,0.01061722941170802,-7.890475863143331e-21,2.001983680018562e-06,arith,0.009906575445204482,2.1255520009252536e-08,True,0.026674355152296894,0.55208333335,1.08,3.30558016020723e-17,-0.01864515055439797,4.695615977211035e-09,True,False,28,1.1041666667,627,0.00026693115733580826,0.03559082097810777,0.00026693115733580826,0.00026693115733580826,0.0,3.352175939502675,1.0189393019033302,-6.76264794459468e-06,-6.76264794459468e-06,0.4999794952597614,0.3966923191005349,0.0,0.22730069468865838,0.3966923191005349,True,0.01061722941170802,0.010540203555079543,success,0.9999589905195228,0.9999589905195228,0.5,3.761450555361247e-15,0.0075,"[0.005, 0.0075, 0.01, 0.015, 0.02, 0.03, 0.05, 0.08]",0.02694484676488511,0.00018666699770823067,False,-2.4791851201554226e-19,2.9573456486277763e-05,True,success,-5.412118892250306e-17,9.909020589297625e-17,0.00018855989659702547,-7.431765441973218e-19,0.0
0.39886899549181953,5.0821976835245845e-20,0.00013291322521129785,0.01066581610537309,2.8057966377795114e-21,3.6075656651560995e-06,arith,0.013291322521129785,3.8477631972612914e-08,True,0.026740148334221274,0.55208333335,1.08,-1.2741521003050276e-17,-0.01861616210936643,4.695615977211035e-09,True,False,28,1.1041666667,627,0.0003607565665156099,0.03607565665156099,0.0003607565665156099,0.0003607565665156099,0.0,3.3823625210814625,1.0281149224303663,-6.76264794459468e-06,-6.76264794459468e-06,0.4999794952597614,0.3966923191005349,0.0,0.22730069468865838,0.3966923191005349,True,0.01066581610537309,0.010540203555079543,success,0.9999589905195228,0.9999589905195228,0.5,3.761450555361247e-15,0.01,"[0.005, 0.0075, 0.01, 0.015, 0.02, 0.03, 0.05, 0.08]",0.02714226262601782,0.0003332252612099147,False,1.2741521003050276e-19,5.301496462760835e-05,True,success,1.4303819537377134e-17,-2.6306441157991112e-17,0.00033823625210814627,2.6306441157991113e-19,0.0
0.40075781597262006,7.043704120594717e-19,0.00030264764564561755,0.010776217413750854,-2.1186443498498947e-20,8.330545880148158e-06,arith,0.020176509709707836,8.977177357970302e-08,True,0.026889600113219225,0.55208333335,1.08,-1.171730795983768e-16,-0.018532550710771305,4.695615977211035e-09,True,False,28,1.1041666667,627,0.0005553697253432106,0.037024648356214045,0.0005553697253432106,0.0005553697253432106,0.0,3.435774069384422,1.0443500863130435,-6.76264794459468e-06,-6.76264794459468e-06,0.4999794952597614,0.3966923191005349,0.0,0.22730069468865838,0.3966923191005349,True,0.010776217413750854,0.010540203555079543,success,0.9999589905195228,0.9999589905195228,0.5,3.761450555361247e-15,0.015,"[0.005, 0.0075, 0.01, 0.015, 0.02, 0.03, 0.05, 0.08]",0.027525559838330067,0.0007551883795731,False,1.7575961939756517e-18,0.00012128840947819313,True,success,-7.071119169574326e-17,1.3106914164187926e-16,0.0007730491656114948,-1.9660371246281888e-18,0.0
0.4027179995533617,-9.171955520099484e-19,0.0005435949178639962,0.010891803347713712,1.67703037937155e-21,1.5144395535219721e-05,arith,0.027179745893199807,1.6494977798960677e-07,True,0.027045732646152825,0.55208333335,1.08,1.1387565902531959e-16,-0.018414200731575264,4.695615977211035e-09,True,False,28,1.1041666667,627,0.000757219776760986,0.0378609888380493,0.000757219776760986,0.000757219776760986,0.0,3.4760991939867023,1.056607454378727,-6.76264794459468e-06,-6.76264794459468e-06,0.49997949525976143,0.3966923191005349,0.0,0.22730069468865838,0.3966923191005349,True,0.010891803347713712,0.010540203555079543,success,0.9999589905195228,0.9999589905195228,0.5,3.761450555361247e-15,0.02,"[0.005, 0.0075, 0.01, 0.015, 0.02, 0.03, 0.05, 0.08]",0.027859707730028386,0.0013498153011955647,False,-2.2775131805063918e-18,0.0002189154578895625,True,success,4.129191857195219e-18,-7.698589140078323e-18,0.001390439677594681,1.5397178280156644e-19,0.0
0.40640861693269253,1.7794724322253088e-20,0.0012420738018012012,0.011111730213415104,4.376225198007019e-20,3.52363524447919e-05,arith,0.04140246006004004,3.915368420713373e-07,True,0.02734127612076536,0.55208333335,1.08,-1.4595100908174695e-18,-0.018071470942237697,4.695615977211035e-09,True,False,28,1.1041666667,627,0.0011745450814930633,0.03915150271643544,0.0011745450814930633,0.0011745450814930633,0.0,3.5234389212553188,1.070997005979212,-6.76264794459468e-06,-6.76264794459468e-06,0.4999794952597615,0.3966923191005349,0.0,0.22730069468865838,0.3966923191005349,True,0.011111730213415104,0.010540203555079543,success,0.9999589905195228,0.9999589905195228,0.5,3.761450555361247e-15,0.03,"[0.005, 0.0075, 0.01, 0.015, 0.02, 0.03, 0.05, 0.08]",0.0283689684088769,0.0030562191598582852,False,4.3785302724524087e-20,0.0005047894959183574,True,success,6.993802203786271e-17,-1.312794411538069e-16,0.0031710950291297868,3.938383234614208e-18,0.0
0.41227299892953945,1.3756418930713976e-18,0.0035100704342834856,0.011466617247942436,1.2980997051585327e-20,0.00010164401733152993,arith,0.07020140868566971,1.165513042283881e-06,True,0.027813165736575843,0.55208333335,1.08,-6.67345131329595e-17,-0.016955816225104448,4.695615977211035e-09,True,False,28,1.1041666667,627,0.0020328803466305987,0.04065760693261197,0.0020328803466305987,0.0020328803466305987,0.0,3.545736816139699,1.0777747532864654,-6.76264794459468e-06,-6.76264794459468e-06,0.49997949525976143,0.3966923191005349,0.0,0.22730069468865838,0.3966923191005349,True,0.011466617247942436,0.010540203555079543,success,0.9999589905195228,0.9999589905195228,0.5,3.761450555361247e-15,0.05,"[0.005, 0.0075, 0.01, 0.015, 0.02, 0.03, 0.05, 0.08]",0.028957828406733565,0.00851394693175961,False,3.3367256566479753e-18,0.0014471072643959635,True,success,1.2024014254053481e-17,-2.2641371506343127e-17,0.008864342040349249,1.1320685753171564e-18,0.0
0.4180204556933519,-1.1261466856473453e-18,0.009073688789154455,0.01182164952281649,2.4074738862983655e-20,0.0002662157578913131,arith,0.11342110986443069,3.147109387242072e-06,True,0.02828007424471237,0.55208333335,1.08,3.367498738128305e-17,-0.01420069951789178,4.695615977211035e-09,True,False,28,1.1041666667,627,0.003327696973641414,0.04159621217051767,0.003327696973641414,0.003327696973641414,0.0,3.5186470458487626,1.0695404505150354,-6.76264794459468e-06,-6.76264794459468e-06,0.4999794952597613,0.3966923191005349,0.0,0.22730069468865838,0.3966923191005349,True,0.01182164952281649,0.010540203555079543,success,0.9999589905195228,0.9999589905195228,0.5,3.761450555361247e-15,0.08,"[0.005, 0.0075, 0.01, 0.015, 0.02, 0.03, 0.05, 0.08]",0.029339308860748443,0.021706327203783203,False,-2.693998990502644e-18,0.0037929875224620036,True,success,1.3570806741759321e-17,-2.5456196718273084e-17,0.02251934109343208,2.0364957374618468e-18,0.0
0.10602363025454636,2.603306313495098e-18,2.5227163417004745e-05,1.316610845345247e-06,-4.3474100820902804e-24,1.4547696269371855e-10,typ,0.0050454326834009485,1.9153654683043573e-16,True,1.2418088705171362e-05,0.55208333335,1.08,-4.910803954259935e-15,-0.00040954048719744895,4.458561918948266e-09,True,False,29,1.1041666667,357,2.909539253874371e-08,5.8190785077487415e-06,2.909539253874371e-08,2.909539253874371e-08,0.0,4.419740676086288,1.3434400700797469,-1.0754220855243901,-1.0754220855243901,0.49997957509220425,0.026248909889877842,0.0,0.004284054096081854,0.004284054096081854,True,1.316610845345247e-06,1.1470786261468177e-06,success,0.9999591501844096,0.01534979668251123,0.5,2.1286913188822886e-14,0.005,"[0.005, 0.0075, 0.01, 0.015, 0.02, 0.03, 0.05, 0.08]",5.766679364183198e-06,0.00023793906468245072,False,2.4554019771299677e-17,2.6746754464955296e-06,True,success,-3.141266490790736e-16,6.603940864470526e-16,0.00011049351690215723,-3.301970432235263e-18,0.0
0.1760423273210869,4.163616922008115e-18,7.212389664098162e-05,1.4821624532565854e-06,-7.915569162506951e-24,4.031928337888735e-10,typ,0.009616519552130883,5.975972796639915e-16,True,8.419352753461624e-06,0.55208333335,1.08,-3.1534968401199832e-15,-0.00039116819789077745,4.458561918948266e-09,True,False,29,1.1041666667,357,5.375904450518314e-08,7.167872600691086e-06,5.375904450518314e-08,5.375904450518314e-08,0.0,4.83609106744132,1.469995413465874,-1.0754220855243901,-1.0754220855243901,0.49997957509220425,0.026248909889877842,0.0,0.004284054096081854,0.004284054096081854,True,1.4821624532565854e-06,1.1470786261468177e-06,success,0.9999591501844096,0.01534979668251123,0.5,2.1286913188822886e-14,0.0075,"[0.005, 0.0075, 0.01, 0.015, 0.02, 0.03, 0.05, 0.08]",5.590280788569801e-06,0.00040969633688967027,False,2.3651226300899873e-17,1.2696858620143928e-05,True,success,-3.238007437640122e-16,7.120739156147587e-16,0.00027203012254357423,-5.34055436711069e-18,0.0
0.22847171432193278,2.7761504846259597e-18,0.00013931461989930246,1.6510887913859462e-06,-8.672471734735675e-24,8.37650064431284e-10,typ,0.013931461989930246,1.3830346324862088e-15,True,7.226666094252024e-06,0.55208333335,1.08,-1.2150959224274772e-15,-0.0003616827132832401,4.458561918948266e-09,True,False,29,1.1041666667,357,8.37650064431284e-08,8.37650064431284e-06,8.37650064431284e-08,8.37650064431284e-08,0.0,5.073319307849879,1.5421041518006267,-1.0754220855243901,-1.0754220855243901,0.49997957509220425,0.026248909889877842,0.0,0.004284054096081854,0.004284054096081854,True,1.6510887913859462e-06,1.1470786261468177e-06,success,0.9999591501844096,0.01534979668251123,0.5,2.1286913188822886e-14,0.01,"[0.005, 0.0075, 0.01, 0.015, 0.02, 0.03, 0.05, 0.08]",6.012650108342851e-06,0.0006097674730229333,False,1.2150959224274773e-17,3.1829450038502087e-05,True,success,-2.3319882904056433e-16,5.252577438585774e-16,0.0005073319307849878,-5.252577438585774e-18,0.0
0.2943951357350406,-2.4668806898868378e-18,0.0003309720486044784,1.9732921615595754e-06,-8.065723577560366e-24,2.3725183280433078e-09,typ,0.022064803240298563,4.681671819884289e-15,True,6.702869450042693e-06,0.55208333335,1.08,5.58632574714609e-16,-0.0002715036194388676,4.458561918948266e-09,True,False,29,1.1041666667,357,1.5816788853622051e-07,1.0544525902414701e-05,1.5816788853622051e-07,1.5816788853622051e-07,0.0,5.343621237557099,1.6242660861768572,-1.0754220855243901,-1.0754220855243901,0.49997957509220425,0.026248909889877842,0.0,0.004284054096081854,0.004284054096081854,True,1.9732921615595754e-06,1.1470786261468177e-06,success,0.9999591501844096,0.01534979668251123,0.5,2.1286913188822886e-14,0.015,"[0.005, 0.0075, 0.01, 0.015, 0.02, 0.03, 0.05, 0.08]",7.168334419921177e-06,0.0011242442840575923,False,-8.379488620719134e-18,9.743656117341989e-05,True,success,-1.1788073923999986e-16,2.7249634678815756e-16,0.0012023147784503473,-4.0874452018223634e-18,0.0
0.33234176919879477,-7.931476673481104e-18,0.0005982404751736718,2.2730428684168725e-06,7.851304625301313e-25,5.0114271656102935e-09,typ,0.029912023758683588,1.1391188779381058e-14,True,6.839473936413996e-06,0.55208333335,1.08,1.1932711155450315e-15,-0.00014149304653936906,4.458561918948266e-09,True,False,29,1.1041666667,357,2.5057135828051466e-07,1.2528567914025732e-05,2.505713582805146e-07,2.5057135828051466e-07,0.0,5.511804501404597,1.6753876682624373,-1.0754220855243901,-1.0754220855243901,0.49997957509220425,0.026248909889877842,0.0,0.004284054096081854,0.004284054096081854,True,2.2730428684168725e-06,1.1470786261468177e-06,success,0.9999591501844096,0.01534979668251123,0.5,2.1286913188822886e-14,0.02,"[0.005, 0.0075, 0.01, 0.015, 0.02, 0.03, 0.05, 0.08]",8.376944345257573e-06,0.0018000760982163095,False,-2.386542231090063e-17,0.00019882029792554575,True,success,7.356263944024608e-18,-1.7270471961599178e-17,0.0022047218005618384,3.4540943923198357e-19,2.112753810598254e-16
0.3732834799454748,-1.2417309305430065e-17,0.0013599372254507359,2.8249449868366184e-06,-1.5907928987703584e-23,1.4557903543619271e-08,typ,0.045331240848357865,4.11252766343983e-14,True,7.567827505383458e-06,0.55208333335,1.08,1.1088364002646506e-15,0.00023489780098661658,4.458561918948266e-09,True,False,29,1.1041666667,357,4.852634514539757e-07,1.6175448381799192e-05,4.852634514539757e-07,4.852634514539757e-07,0.0,5.725933941075612,1.7404752131028507,-1.0754220855243901,-1.0754220855243901,0.4999795750922043,0.026248909889877842,0.0,0.004284054096081854,0.004284054096081854,True,2.8249449868366184e-06,1.1470786261468177e-06,success,0.9999591501844096,0.01534979668251123,0.5,2.1286913188822886e-14,0.03,"[0.005, 0.0075, 0.01, 0.015, 0.02, 0.03, 0.05, 0.08]",1.070483495206495e-05,0.0036431754913166282,False,-3.3265092007939516e-17,0.0005076421000236444,True,success,-7.844390905240795e-17,1.8770783220947285e-16,0.00515334054696805,-5.6312349662841854e-18,0.0
0.40789548534269154,-1.0591849217911125e-17,0.0037940073720084213,3.8062991469502604e-06,-4.9556504951802076e-23,5.525482242521268e-08,typ,0.07588014744016842,2.1031638346197515e-13,True,9.331554978482823e-06,0.55208333335,1.08,5.193413312242194e-16,0.0014473054394360558,4.458561918948266e-09,True,False,29,1.1041666667,357,1.1050964485042536e-06,2.2101928970085072e-05,1.1050964485042536e-06,1.1050964485042536e-06,0.0,5.806671550709278,1.765016503620459,-1.0754220855243901,-1.0754220855243901,0.4999795750922043,0.026248909889877842,0.0,0.004284054096081854,0.004284054096081854,True,3.8062991469502604e-06,1.1470786261468177e-06,success,0.9999591501844096,0.01534979668251123,0.5,2.1286913188822886e-14,0.05,"[0.005, 0.0075, 0.01, 0.015, 0.02, 0.03, 0.05, 0.08]",1.4563709821144236e-05,0.009301420359729903,False,-2.5967066561210968e-17,0.0015475584783991247,True,success,-1.0805978943042236e-16,2.60392066091329e-16,0.014516678876773196,-1.3019603304566452e-17,0.0
0.427962957892788,-1.2758159480144236e-17,0.009722899373153049,4.990866542098614e-06,-4.718517407096989e-24,1.66708484641872e-07,typ,0.12153624216441311,8.320197982830796e-13,True,1.1661912439040836e-05,0.55208333335,1.08,3.726420489451675e-16,0.004408899467756286,4.458561918948266e-09,True,False,29,1.1041666667,357,2.0838560580234e-06,2.60482007252925e-05,2.0838560580234e-06,2.0838560580234e-06,0.0,5.219173966198556,1.586438651671537,-1.0754220855243901,-1.0754220855243901,0.49997957509220425,0.026248909889877842,0.0,0.004284054096081854,0.004284054096081854,True,4.990866542098614e-06,1.1470786261468177e-06,success,0.9999591501844096,0.01534979668251123,0.5,2.1286913188822886e-14,0.08,"[0.005, 0.0075, 0.01, 0.015, 0.02, 0.03, 0.05, 0.08]",1.714596420715706e-05,0.02271902087280367,False,-2.98113639156134e-17,0.004161040775028513,True,success,-5.172955366426531e-18,1.181788114172077e-17,0.03340271338367076,-9.454304913376616e-19,0.0
0.6484697843496742,-3.9053781658042665e-21,5.3331844083097175e-05,0.03241939990208476,-1.7952187743138987e-20,2.666202779720399e-06,arith,0.010666368816619433,8.643669413580562e-08,True,0.049993693899858346,0.0,1.36,1.2044904049680039e-18,-0.199703969644591,4.811035486094498e-09,True,False,30,0.0,835,0.0005332405559440798,0.10664811118881595,0.0005332405559440798,0.0005332405559440798,0.0,3.2896386580541805,0.9999302477689237,-2.495694559204566e-06,-2.495694559204566e-06,0.49997982898327886,0.6484798759437688,0.0,0.372751658084948,0.6484798759437688,True,0.03241939990208476,0.03242010596636858,success,0.9999596579665577,0.9999596579665577,0.5,3.424489191296478e-15,0.005,"[0.005, 0.0075, 0.01, 0.015, 0.02, 0.03, 0.05, 0.08]",0.04999269808795937,8.224260462124949e-05,False,-6.02245202484002e-21,3.458408943153647e-05,True,success,-6.106161789066762e-17,1.1074966098915702e-16,8.224096645135452e-05,-5.537483049457851e-19,0.0
0.6484571575935355,4.696797692525095e-19,0.00011998681788911142,0.03241851630026822,-3.37952911064665e-20,5.998268042925579e-06,arith,0.015998242385214856,1.9445495032296083e-07,True,0.049993304755205935,0.0,1.36,-9.657379597145531e-17,-0.19967063860694043,4.811035486094498e-09,True,False,30,0.0,835,0.0007997690723900772,0.10663587631867696,0.0007997690723900772,0.0007997690723900772,0.0,3.289350916957131,0.9998427849633168,-2.495694559204566e-06,-2.495694559204566e-06,0.49997982898327886,0.6484798759437688,0.0,0.372751658084948,0.6484798759437688,True,0.03241851630026822,0.03242010596636858,success,0.9999596579665577,0.9999596579665577,0.5,3.424489191296478e-15,0.0075,"[0.005, 0.0075, 0.01, 0.015, 0.02, 0.03, 0.05, 0.08]",0.049991058588361066,0.00018503430255036415,False,7.243034697859148e-19,7.780631087706637e-05,True,success,-7.663844599093677e-17,1.389958372079555e-16,0.0001850259890788386,-1.0424687790596662e-18,0.0
0.6484394571613752,-4.624799892008618e-19,0.00021328535735924608,0.032417277343863585,-2.459042524997697e-20,1.0661868741891674e-05,arith,0.02132853573592461,3.456287560097723e-07,True,0.04999275874693725,0.0,1.36,7.132199993279646e-17,-0.1996239797492954,4.811035486094498e-09,True,False,30,0.0,835,0.0010661868741891672,0.10661868741891672,0.0010661868741891672,0.0010661868741891672,0.0,3.2889463938617616,0.9997198246868164,-2.495694559204566e-06,-2.495694559204566e-06,0.499979828983279,0.6484798759437688,0.0,0.372751658084948,0.6484798759437688,True,0.032417277343863585,0.03242010596636858,success,0.9999596579665577,0.9999596579665577,0.5,3.424489191296478e-15,0.01,"[0.005, 0.0075, 0.01, 0.015, 0.02, 0.03, 0.05, 0.08]",0.049988751566913285,0.00032892100411799336,False,-7.132199993279646e-19,0.00013830264134649946,True,success,-4.1827422680962185e-17,7.585592395418058e-17,0.0003288946393861762,-7.585592395418058e-19,0.0
0.6483887357466508,-3.1211193481174313e-19,0.00047973323311681875,0.032413725072100975,-4.9991232437953665e-20,2.3978066558077077e-05,arith,0.03198221554112125,7.772184571740488e-07,True,0.04999119090922364,0.0,1.36,3.2091029923309945e-17,-0.19949069842291922,4.811035486094498e-09,True,False,30,0.0,835,0.001598537770538472,0.1065691847025648,0.001598537770538472,0.001598537770538472,0.0,3.287779620068742,0.9993651679815616,-2.495694559204566e-06,-2.495694559204566e-06,0.49997982898327886,0.6484798759437688,0.0,0.372751658084948,0.6484798759437688,True,0.032413725072100975,0.03242010596636858,success,0.9999596579665577,0.9999596579665577,0.5,3.424489191296478e-15,0.015,"[0.005, 0.0075, 0.01, 0.015, 0.02, 0.03, 0.05, 0.08]",0.049982083589022966,0.0007398852056928208,False,-4.813654488496491e-19,0.0003110536245162674,True,success,-5.670512221514514e-17,1.0281906265890626e-16,0.0007397504145154668,-1.542285939883594e-18,0.0
0.6483173508825627,-8.885035051053668e-19,0.0008524590094950694,0.03240872063208995,2.0973889479380426e-20,4.259955306278454e-05,arith,0.04262295047475347,1.380597014263676e-06,True,0.04998897621353423,0.0,1.36,6.852381043757624e-17,-0.19930417915355467,4.811035486094498e-09,True,False,30,0.0,835,0.0021299776531392266,0.10649888265696134,0.0021299776531392266,0.0021299776531392266,0.0,3.286118075006946,0.9988601188445528,-2.495694559204566e-06,-2.495694559204566e-06,0.49997982898327886,0.6484798759437688,0.0,0.372751658084948,0.6484798759437688,True,0.03240872063208995,0.03242010596636858,success,0.9999596579665577,0.9999596579665577,0.5,3.424489191296478e-15,0.02,"[0.005, 0.0075, 0.01, 0.015, 0.02, 0.03, 0.05, 0.08]",0.0499725530357374,0.0013148792151476526,False,-1.370476208751525e-18,0.0005526639667718168,True,success,1.7850299622581836e-17,-3.235840395781133e-17,0.0013144472300027786,6.471680791562267e-19,0.0
0.6481109106228815,-1.034194133980127e-19,0.0019153876949317757,0.032394214872074105,4.747930806375386e-20,9.566209549151447e-05,arith,0.06384625649772585,3.098898476464991e-06,True,0.049982517407307525,0.0,1.36,5.319018278245985e-18,-0.19877175705710867,4.811035486094498e-09,True,False,30,0.0,835,0.0031887365163838157,0.10629121721279386,0.0031887365163838157,0.0031887365163838157,0.0,3.2811789892899585,0.9973588168116844,-2.495694559204566e-06,-2.495694559204566e-06,0.499979828983279,0.6484798759437688,0.0,0.372751658084948,0.6484798759437688,True,0.032394214872074105,0.03242010596636858,success,0.9999596579665577,0.9999596579665577,0.5,3.424489191296478e-15,0.03,"[0.005, 0.0075, 0.01, 0.015, 0.02, 0.03, 0.05, 0.08]",0.04994398561953896,0.0029553393771614635,False,-1.5957054834737954e-19,0.001241383663158095,True,success,2.697122716782072e-17,-4.8855748113514834e-17,0.0029530610903609625,1.465672443405445e-18,0.0
0.6474230826771163,1.153745231142849e-18,0.005294556948988149,0.032345519297050145,1.814515208302191e-19,0.0002638624936608453,arith,0.10589113897976297,8.534769380474642e-06,True,0.049960404814886006,0.0,1.36,-3.564115219284655e-17,-0.1970732326918448,4.811035486094498e-09,True,False,30,0.0,835,0.005277249873216905,0.1055449974643381,0.005277249873216905,0.005277249873216905,0.0,3.2630484765153738,0.991847801768594,-2.495694559204566e-06,-2.495694559204566e-06,0.49997982898327886,0.6484798759437688,0.0,0.372751658084948,0.6484798759437688,True,0.032345519297050145,0.03242010596636858,success,0.9999596579665577,0.9999596579665577,0.5,3.424489191296478e-15,0.05,"[0.005, 0.0075, 0.01, 0.015, 0.02, 0.03, 0.05, 0.08]",0.04983655784669054,0.008177893390972371,False,1.7820576096423276e-18,0.0034278183813234555,True,success,6.211045594341912e-17,-1.1219576916594267e-16,0.008157621191288435,5.6097884582971335e-18,0.0
0.6455072233428885,-4.750035155187249e-18,0.013323546627960184,0.032207748748497314,-2.218699200832782e-19,0.0006589366177246971,arith,0.16654433284950232,2.1222865024861664e-05,True,0.04989525691393976,0.0,1.36,9.198261040729024e-17,-0.1929755400408076,4.811035486094498e-09,True,False,30,0.0,835,0.008236707721558713,0.10295884651948391,0.008236707721558713,0.008236707721558713,0.0,3.1967104352267888,0.971683455176973,-2.495694559204566e-06,-2.495694559204566e-06,0.49997982898327886,0.6484798759437688,0.0,0.372751658084948,0.6484798759437688,True,0.032207748748497314,0.03242010596636858,success,0.9999596579665577,0.9999596579665577,0.5,3.424489191296478e-15,0.08,"[0.005, 0.0075, 0.01, 0.015, 0.02, 0.03, 0.05, 0.08]",0.04945654757884682,0.020640429953613114,False,-7.35860883258322e-18,0.008600445588894083,True,success,-4.816110258173967e-17,8.610890573872762e-17,0.02045894678545145,-6.8887124590982094e-18,0.0
0.7083799836032179,-5.025572000717719e-20,6.295957293717426e-05,7.927874529616777e-05,-4.322092222425936e-23,6.673544474294503e-09,typ,0.012591914587434852,5.290702326002417e-13,True,0.0001119155638657541,0.0,1.36,1.4188915884254216e-17,-0.1706431290449226,4.6856994082561e-09,True,False,31,0.0,573,1.3347088948589007e-06,0.0002669417789717801,1.3347088948589007e-06,1.3347088948589007e-06,0.0,3.3671292094059386,1.0234845509210961,-1.269955480073126,-1.269955480073126,0.4999793948969521,0.5465567581034462,0.0,0.033622463830072655,0.033622463830072655,True,7.927874529616777e-05,7.0687248929801e-05,success,0.9999587897939041,0.013875202045519503,0.5,1.2672745860412146e-14,0.005,"[0.005, 0.0075, 0.01, 0.015, 0.02, 0.03, 0.05, 0.08]",0.00010599729577190528,8.887824951931386e-05,False,-7.094457942127107e-20,4.45993012449011e-05,True,success,-5.942064555843114e-17,1.0903533365165054e-16,8.417823023514846e-05,-5.451766682582526e-19,0.0
0.7264564525683119,6.085137632634097e-19,0.00013662781332001196,7.977999106749812e-05,-1.293277500681052e-23,1.4388931778173037e-08,typ,0.018217041776001596,1.1479488487334848e-12,True,0.00010982074807849003,0.0,1.36,-1.1168621071266733e-16,-0.1706046576852977,4.6856994082561e-09,True,False,31,0.0,573,1.918524237089738e-06,0.0002558032316119651,1.918524237089738e-06,1.918524237089738e-06,0.0,3.2063582383149423,0.9746160356622927,-1.269955480073126,-1.269955480073126,0.49997939489695203,0.5465567581034462,0.0,0.033622463830072655,0.033622463830072655,True,7.977999106749812e-05,7.0687248929801e-05,success,0.9999587897939041,0.013875202045519503,0.5,1.2672745860412146e-14,0.0075,"[0.005, 0.0075, 0.01, 0.015, 0.02, 0.03, 0.05, 0.08]",0.00010531480690883222,0.00018807433375666002,False,8.376465803450049e-19,9.925415658662145e-05,True,success,-1.2070644341766403e-17,2.1614066106489792e-17,0.0001803576509052155,-1.6210549579867343e-19,0.0
0.7297156878149582,9.444417361885449e-19,0.00024075695538995374,7.930999991313911e-05,-3.3552513596682185e-23,2.463005870599768e-08,typ,0.024075695538995374,1.9534099538332873e-12,True,0.0001086861653620507,0.0,1.36,-1.294259876770029e-16,-0.17055183161789383,4.6856994082561e-09,True,False,31,0.0,573,2.4630058705997682e-06,0.0002463005870599768,2.4630058705997682e-06,2.4630058705997682e-06,0.0,3.1055426469515446,0.9439717705226676,-1.269955480073126,-1.269955480073126,0.49997939489695203,0.5465567581034462,0.0,0.033622463830072655,0.033622463830072655,True,7.930999991313911e-05,7.0687248929801e-05,success,0.9999587897939041,0.013875202045519503,0.5,1.2672745860412146e-14,0.01,"[0.005, 0.0075, 0.01, 0.015, 0.02, 0.03, 0.05, 0.08]",0.00010230258422276692,0.0003299325468949011,False,1.294259876770029e-18,0.00017568412729861531,True,success,-2.400647322512164e-17,4.230552721400724e-17,0.00031055426469515446,-4.230552721400724e-19,0.0
0.730349896542149,-1.1655184092600742e-18,0.0005408618641374439,7.75997661698509e-05,7.69277929878841e-23,5.068141429539021e-08,typ,0.03605745760916293,3.932865898479619e-12,True,0.00010625012276615359,0.0,1.36,1.0638904400737566e-16,-0.1704015528975711,4.6856994082561e-09,True,False,31,0.0,573,3.378760953026014e-06,0.00022525073020173428,3.378760953026014e-06,3.378760953026014e-06,0.0,2.902724342090206,0.8823223983840176,-1.269955480073126,-1.269955480073126,0.49997939489695203,0.5465567581034462,0.0,0.033622463830072655,0.033622463830072655,True,7.75997661698509e-05,7.0687248929801e-05,success,0.9999587897939041,0.013875202045519503,0.5,1.2672745860412146e-14,0.015,"[0.005, 0.0075, 0.01, 0.015, 0.02, 0.03, 0.05, 0.08]",9.370491368663226e-05,0.0007405517091166322,False,-1.5958356601106348e-18,0.00039501840651637597,True,success,3.879079709792316e-17,-6.608936837902667e-17,0.0006531129769702963,9.913405256854e-19,0.0
0.7304305063827212,1.236066885413439e-18,0.0009618214680740989,7.53948328980578e-05,-1.0653530874286762e-22,8.07086968059911e-08,typ,0.048091073403704936,6.0850187091077104e-12,True,0.0001032197207526727,0.0,1.36,-8.461221667306576e-17,-0.17019118765481825,4.6856994082561e-09,True,False,31,0.0,573,4.035434840299555e-06,0.00020177174201497773,4.035434840299555e-06,4.035434840299555e-06,0.0,2.676201196543476,0.8134676186964769,-1.269955480073126,-1.269955480073126,0.49997939489695203,0.5465567581034462,0.0,0.033622463830072655,0.033622463830072655,True,7.53948328980578e-05,7.0687248929801e-05,success,0.9999587897939041,0.013875202045519503,0.5,1.2672745860412146e-14,0.02,"[0.005, 0.0075, 0.01, 0.015, 0.02, 0.03, 0.05, 0.08]",8.391234702589659e-05,0.0013167870997574907,False,1.6922443334613152e-18,0.0007025437419751364,True,success,-4.318795198701195e-17,7.065159815853376e-17,0.0010704804786173905,-1.4130319631706752e-18,0.0
0.7306057603045573,-7.6304454276230265e-19,0.002165733241857686,7.02032045162771e-05,2.903884528685954e-22,1.4057684583351493e-07,typ,0.07219110806192287,9.868945058303406e-12,True,9.608903779654364e-05,0.0,1.36,3.4813328164117e-17,-0.1695898087103386,4.6856994082561e-09,True,False,31,0.0,573,4.685894861117164e-06,0.00015619649537057214,4.685894861117164e-06,4.685894861117164e-06,0.0,2.224919737593416,0.6762945039664934,-1.269955480073126,-1.269955480073126,0.4999793948969521,0.5465567581034462,0.0,0.033622463830072655,0.033622463830072655,True,7.02032045162771e-05,7.0687248929801e-05,success,0.9999587897939041,0.013875202045519503,0.5,1.2672745860412146e-14,0.03,"[0.005, 0.0075, 0.01, 0.015, 0.02, 0.03, 0.05, 0.08]",6.4909584946359e-05,0.0029642980654229823,False,-1.04439984492351e-18,0.0015822971817842884,True,success,9.243660306498728e-17,-1.3787996092650672e-16,0.0020024277638340743,4.1363988277952015e-18,0.0
0.7310192727550557,-5.323438974246745e-19,0.006023099687408426,5.945628732785578e-05,2.1555238272684762e-23,2.264587420522059e-07,typ,0.12046199374816852,1.346439603536073e-11,True,8.133340603152324e-05,0.0,1.36,1.456442852507524e-17,-0.16766330555916648,4.6856994082561e-09,True,False,31,0.0,573,4.529174841044117e-06,9.058349682088234e-05,4.529174841044117e-06,4.529174841044117e-06,0.0,1.5235309988560823,0.46309789235967425,-1.269955480073126,-1.269955480073126,0.4999793948969521,0.5465567581034462,0.0,0.033622463830072655,0.033622463830072655,True,5.945628732785578e-05,7.0687248929801e-05,success,0.9999587897939041,0.013875202045519503,0.5,1.2672745860412146e-14,0.05,"[0.005, 0.0075, 0.01, 0.015, 0.02, 0.03, 0.05, 0.08]",3.759837190236591e-05,0.008239317227176033,False,-7.28221426253762e-19,0.004403001953220511,True,success,5.874344191888464e-18,-7.250785153746372e-18,0.0038088274971402065,3.625392576873186e-19,0.0
0.7313201420066164,7.005024225182382e-18,0.015268822745359824,4.647433625960857e-05,1.156989373076826e-22,2.744848887357681e-07,typ,0.1908602843169978,1.275650301728733e-11,True,6.354855225522847e-05,0.0,1.36,-1.1973251902309503e-16,-0.16297886661104788,4.6856994082561e-09,True,False,31,0.0,573,3.431061109197101e-06,4.288826386496376e-05,3.431061109197101e-06,3.431061109197101e-06,0.0,0.9228375769669354,0.28050898682375064,-1.269955480073126,-1.269955480073126,0.49997939489695203,0.5465567581034462,0.0,0.033622463830072655,0.033622463830072655,True,4.647433625960857e-05,7.0687248929801e-05,success,0.9999587897939041,0.013875202045519503,0.5,1.2672745860412146e-14,0.08,"[0.005, 0.0075, 0.01, 0.015, 0.02, 0.03, 0.05, 0.08]",1.7976820696224513e-05,0.020878438686872218,False,9.578601521847604e-18,0.0111663976184104,True,success,3.2393923476514666e-17,-3.111903972694226e-17,0.0059061604925883865,2.489523178155381e-18,0.0
0.6412067319576746,6.802681658847815e-20,5.273462877017103e-05,0.031518152440725145,-7.914696745454649e-22,2.5920916047361527e-06,arith,0.010546925754034205,8.169793833839793e-08,True,0.04915443158947624,0.0,1.38,-2.1218372546022653e-17,-0.2018308389850662,4.8127257871581055e-09,True,False,32,0.0,829,0.0005184183209472306,0.10368366418944612,0.0005184183209472306,0.0005184183209472306,0.0,3.2896491754851303,0.9999334446845818,-2.5714785904489413e-06,-2.5714785904489413e-06,0.49997982337033886,0.6412162662549609,0.0,0.3627650923299018,0.6412162662549609,True,0.031518152440725145,0.03151880742307883,success,0.9999596467406778,0.9999596467406778,0.5,3.3022635394001627e-15,0.005,"[0.005, 0.0075, 0.01, 0.015, 0.02, 0.03, 0.05, 0.08]",0.049153500559054875,8.224278714162344e-05,False,1.0609186273011327e-19,3.381379897472253e-05,True,success,-2.7690368210169713e-18,5.022310086442716e-18,8.224122938712824e-05,-2.5111550432213578e-20,0.0
0.6411948026498748,-4.173754847595565e-19,0.00011864362668714782,0.0315173327779066,1.377255719900791e-20,5.831567717413358e-06,arith,0.015819150224953043,1.83795460366614e-07,True,0.04915406776170748,0.0,1.38,8.679119731573264e-17,-0.2017978811315721,4.8127257871581055e-09,True,False,32,0.0,829,0.0007775423623217811,0.10367231497623748,0.0007775423623217811,0.0007775423623217811,0.0,3.289374634166726,0.9998499941305634,-2.5714785904489413e-06,-2.5714785904489413e-06,0.49997982337033886,0.6412162662549609,0.0,0.3627650923299018,0.6412162662549609,True,0.0315173327779066,0.03151880742307883,success,0.9999596467406778,0.9999596467406778,0.5,3.3022635394001627e-15,0.0075,"[0.005, 0.0075, 0.01, 0.015, 0.02, 0.03, 0.05, 0.08]",0.04915196778998217,0.0001850352282907279,False,-6.509339798679948e-19,7.607367679933117e-05,True,success,3.21253001882883e-17,-5.82644785587625e-17,0.0001850273231718783,4.369835891907186e-19,0.0
0.6411780801959853,-3.2271955290390234e-19,0.0002108988188532237,0.03151618349838591,2.535804885842505e-20,1.0365637109341925e-05,arith,0.021089881885322372,3.266853212156986e-07,True,0.04915355729059318,0.0,1.38,5.033228097960842e-17,-0.2017517444777472,4.8127257871581055e-09,True,False,32,0.0,829,0.0010365637109341925,0.10365637109341924,0.0010365637109341925,0.0010365637109341925,0.0,3.288988690484302,0.999732681318396,-2.5714785904489413e-06,-2.5714785904489413e-06,0.49997982337033886,0.6412162662549609,0.0,0.3627650923299018,0.6412162662549609,True,0.03151618349838591,0.03151880742307883,success,0.9999596467406778,0.9999596467406778,0.5,3.3022635394001627e-15,0.01,"[0.005, 0.0075, 0.01, 0.015, 0.02, 0.03, 0.05, 0.08]",0.04914981110707856,0.000328923937619264,False,-5.033228097960842e-19,0.00013522369978791085,True,success,4.4366076507136063e-17,-8.046040492093134e-17,0.0003288988690484302,8.046040492093134e-19,0.0
0.641130163054554,-1.2878977441864902e-18,0.0004743723163147642,0.03151288849817465,-1.695709902967195e-20,2.3312353236947335e-05,arith,0.031624821087650946,7.346395881859822e-07,True,0.04915209159406404,0.0,1.38,1.339195292315811e-16,-0.20161995351890358,4.8127257871581055e-09,True,False,32,0.0,829,0.0015541568824631558,0.10361045883087706,0.0015541568824631558,0.0015541568824631558,0.0,3.2878756524295953,0.9993943583189705,-2.5714785904489413e-06,-2.5714785904489413e-06,0.49997982337033886,0.6412162662549609,0.0,0.3627650923299018,0.6412162662549609,True,0.03151288849817465,0.03151880742307883,success,0.9999596467406778,0.9999596467406778,0.5,3.3022635394001627e-15,0.015,"[0.005, 0.0075, 0.01, 0.015, 0.02, 0.03, 0.05, 0.08]",0.04914357865158113,0.0007399001694986541,False,-2.0087929384737162e-18,0.0003041344005074512,True,success,-1.9784013173317517e-17,3.587336237712002e-17,0.0007397720217966587,-5.381004356568003e-19,0.0
0.6410627295431026,-4.4801081676564465e-19,0.0008429507048021111,0.03150824689404021,3.318015098553009e-20,4.141810736079421e-05,arith,0.04214753524010555,1.305011952607768e-06,True,0.04915002142847506,0.0,1.38,3.4942821982877583e-17,-0.20143551662787246,4.8127257871581055e-09,True,False,32,0.0,829,0.0020709053680397103,0.10354526840198551,0.0020709053680397103,0.0020709053680397103,0.0,3.286291006611705,0.9989126837492028,-2.5714785904489413e-06,-2.5714785904489413e-06,0.49997982337033897,0.6412162662549609,0.0,0.3627650923299018,0.6412162662549609,True,0.03150824689404021,0.03151880742307883,success,0.9999596467406778,0.9999596467406778,0.5,3.3022635394001627e-15,0.02,"[0.005, 0.0075, 0.01, 0.015, 0.02, 0.03, 0.05, 0.08]",0.04913467314855311,0.0013149270203290367,False,-6.988564396575517e-19,0.0005403842796907235,True,success,2.9044982105267194e-17,-5.265312141470829e-17,0.001314516402644682,1.053062428294166e-18,0.0
0.6408677476246585,-1.0679987825690726e-18,0.0018941418198160855,0.03149479547469535,7.993982510613542e-20,9.301751066945797e-05,arith,0.06313806066053619,2.9295674740998714e-06,True,0.04914398577776632,0.0,1.38,5.554961932616895e-17,-0.20090901687031953,4.8127257871581055e-09,True,False,32,0.0,829,0.0031005836889819323,0.10335278963273108,0.0031005836889819323,0.0031005836889819323,0.0,3.281583133815566,0.9974816620167758,-2.5714785904489413e-06,-2.5714785904489413e-06,0.4999798233703389,0.6412162662549609,0.0,0.3627650923299018,0.6412162662549609,True,0.03149479547469535,0.03151880742307883,success,0.9999596467406778,0.9999596467406778,0.5,3.3022635394001627e-15,0.03,"[0.005, 0.0075, 0.01, 0.015, 0.02, 0.03, 0.05, 0.08]",0.04910799692838714,0.0029555892410510895,False,-1.6664885797850682e-18,0.0012138944017472063,True,success,4.670479188094358e-17,-8.46063864428685e-17,0.0029534248204340094,2.538191593286055e-18,0.0
0.6402184614814034,-3.165635877272908e-19,0.005237026607251728,0.031449669242225115,-1.0989061494858967e-19,0.00025665552595753783,arith,0.10474053214503455,8.071731400553887e-06,True,0.04912334013213807,0.0,1.38,9.889236464527854e-18,-0.19922914791479415,4.8127257871581055e-09,True,False,32,0.0,829,0.005133110519150756,0.10266221038301511,0.005133110519150756,0.005133110519150756,0.0,3.2643335480672797,0.9922384166807067,-2.5714785904489413e-06,-2.5714785904489413e-06,0.4999798233703389,0.6412162662549609,0.0,0.3627650923299018,0.6412162662549609,True,0.031449669242225115,0.03151880742307883,success,0.9999596467406778,0.9999596467406778,0.5,3.3022635394001627e-15,0.05,"[0.005, 0.0075, 0.01, 0.015, 0.02, 0.03, 0.05, 0.08]",0.049007871298982146,0.008180061841912145,False,-4.944618232263927e-19,0.003352841117231875,True,success,-3.8679179504284645e-17,6.98834789658441e-17,0.008160833870168202,-3.494173948292206e-18,0.0
0.6384131582549314,-3.4211024709531787e-18,0.013189970052592889,0.03132219480167415,1.7227232822325507e-19,0.000641727417181676,arith,0.1648746256574111,2.0100311170539667e-05,True,0.049062577104913865,0.0,1.38,6.698449167903629e-17,-0.19517442085332468,4.8127257871581055e-09,True,False,32,0.0,829,0.00802159271477095,0.10026990893463687,0.00802159271477095,0.00802159271477095,0.0,3.201241470130871,0.9730607246357921,-2.5714785904489413e-06,-2.5714785904489413e-06,0.4999798233703389,0.6412162662549609,0.0,0.3627650923299018,0.6412162662549609,True,0.03132219480167415,0.03151880742307883,success,0.9999596467406778,0.9999596467406778,0.5,3.3022635394001627e-15,0.08,"[0.005, 0.0075, 0.01, 0.015, 0.02, 0.03, 0.05, 0.08]",0.0486526818956291,0.0206605548178972,False,-5.3587593343229035e-18,0.00842065043856379,True,success,3.842502270439263e-17,-6.875010248884572e-17,0.020487945408837572,5.500008199107657e-18,0.0
0.6780804445659917,2.6745763243196375e-19,6.504508806899282e-05,3.415295794611571e-05,1.8724175254385233e-23,2.972407100119409e-09,typ,0.013009017613798565,1.0151649468911392e-13,True,5.036711826717766e-05,0.0,1.38,-7.888669687359916e-17,-0.17299246564182746,4.624153863638791e-09,True,False,33,0.0,517,5.944814200238818e-07,0.00011889628400477636,5.944814200238817e-07,5.944814200238818e-07,0.0,3.4812880393072567,1.0581846742275738,-2.294829875671641,-2.294829875671641,0.4999798009119884,0.3927829607520399,0.0,0.02104166634298594,0.02104166634298594,True,3.415295794611571e-05,2.7677022407065806e-05,success,0.9999596018239766,0.010258363790948194,0.5,1.3148261940299581e-14,0.005,"[0.005, 0.0075, 0.01, 0.015, 0.02, 0.03, 0.05, 0.08]",4.5697641257193775e-05,9.592532654532636e-05,False,3.944334843679958e-19,4.4105802234656735e-05,True,success,5.876711768866307e-17,-1.0964892284836355e-16,8.703220098268141e-05,5.482446142418178e-19,1.7810332642950238e-16
0.7137746166605803,-6.733911930671688e-20,0.00013641439420595213,3.474694766526988e-05,-2.4295199319477403e-23,6.3291819481297695e-09,typ,0.01818858589412695,2.1991975391563598e-13,True,4.8680559457037996e-05,0.0,1.38,1.2578969651375449e-17,-0.1729535451071581,4.624153863638791e-09,True,False,33,0.0,517,8.438909264173026e-07,0.00011251879018897368,8.438909264173026e-07,8.438909264173026e-07,0.0,3.2382352335781706,0.9843054803353871,-2.294829875671641,-2.294829875671641,0.4999798009119884,0.3927829607520399,0.0,0.02104166634298594,0.02104166634298594,True,3.474694766526988e-05,2.7677022407065806e-05,success,0.9999596018239766,0.010258363790948194,0.5,1.3148261940299581e-14,0.0075,"[0.005, 0.0075, 0.01, 0.015, 0.02, 0.03, 0.05, 0.08]",4.6396730967952435e-05,0.0001911169030417076,False,-9.434227238531586e-20,9.736913193133876e-05,True,success,-5.180698827806013e-17,9.322717898762212e-17,0.0001821507318887721,-6.992038424071659e-19,0.0
0.7202066701328288,-2.2531076396964394e-19,0.0002382476983072767,3.4631629357338875e-05,-7.560947786617519e-23,1.0826202070198488e-08,typ,0.02382476983072767,3.7492901744276886e-13,True,4.8085682615174493e-05,0.0,1.38,3.1284181792996934e-17,-0.1729011066619958,4.624153863638791e-09,True,False,33,0.0,517,1.0826202070198487e-06,0.00010826202070198486,1.0826202070198487e-06,1.0826202070198487e-06,0.0,3.1261024303796665,0.9502211952997699,-2.294829875671641,-2.294829875671641,0.49997980091198846,0.3927829607520399,0.0,0.02104166634298594,0.02104166634298594,True,3.4631629357338875e-05,2.7677022407065806e-05,success,0.9999596018239766,0.010258363790948194,0.5,1.3148261940299581e-14,0.01,"[0.005, 0.0075, 0.01, 0.015, 0.02, 0.03, 0.05, 0.08]",4.544095135909998e-05,0.00033080462621005205,False,-3.1284181792996938e-19,0.00017158758146469454,True,success,-1.2348144758523935e-16,2.1832492224381174e-16,0.0003126102430379667,-2.1832492224381178e-18,0.0
0.7213940420052298,-7.047327315478202e-19,0.0005341734620198728,3.3964500335713035e-05,-1.2200914455113038e-22,2.2456896967526147e-08,typ,0.035611564134658186,7.627372845926148e-13,True,4.708175886967861e-05,0.0,1.38,6.512693391893499e-17,-0.17275261782464135,4.624153863638791e-09,True,False,33,0.0,517,1.4971264645017432e-06,9.980843096678288e-05,1.4971264645017432e-06,1.4971264645017432e-06,0.0,2.938610313128505,0.8932304255692829,-2.294829875671641,-2.294829875671641,0.49997980091198846,0.3927829607520399,0.0,0.02104166634298594,0.02104166634298594,True,3.3964500335713035e-05,2.7677022407065806e-05,success,0.9999596018239766,0.010258363790948194,0.5,1.3148261940299581e-14,0.015,"[0.005, 0.0075, 0.01, 0.015, 0.02, 0.03, 0.05, 0.08]",4.204045794901486e-05,0.0007404739031875733,False,-9.769040087840249e-19,0.0003853495528984431,True,success,-1.3970273032345413e-16,2.3948366352154665e-16,0.0006611873204539136,-3.5922549528232e-18,0.0
0.7214568591916526,1.8489206099529528e-18,0.0009497479576188588,3.3088682616088206e-05,-2.091407953724148e-22,3.6181351060582934e-08,typ,0.047487397880942944,1.197193241864895e-12,True,4.586370230530764e-05,0.0,1.38,-1.2813798818300466e-16,-0.1725448764535949,4.624153863638791e-09,True,False,33,0.0,517,1.8090675530291467e-06,9.045337765145733e-05,1.809067553029147e-06,1.8090675530291467e-06,0.0,2.7336651235391756,0.8309345579963003,-2.294829875671641,-2.294829875671641,0.4999798009119884,0.3927829607520399,0.0,0.02104166634298594,0.02104166634298594,True,3.3088682616088206e-05,2.7677022407065806e-05,success,0.9999596018239766,0.010258363790948194,0.5,1.3148261940299581e-14,0.02,"[0.005, 0.0075, 0.01, 0.015, 0.02, 0.03, 0.05, 0.08]",3.809573979110654e-05,0.0013164306992423528,False,2.5627597636600933e-18,0.0006852021785273886,True,success,-1.911422205574739e-16,3.160307072345145e-16,0.0010934660494156703,-6.320614144690289e-18,1.1705380291576283e-16
0.721556293359042,8.051148464978268e-19,0.002137849348980943,3.1020199326437494e-05,-1.006585985532019e-22,6.478721588535803e-08,typ,0.07126164496603143,2.0097123505687437e-12,True,4.299068501229471e-05,0.0,1.38,-3.719344117281998e-17,-0.17195114955401328,4.624153863638791e-09,True,False,33,0.0,517,2.159573862845268e-06,7.19857954281756e-05,2.159573862845268e-06,2.159573862845268e-06,0.0,2.320610343945291,0.7053809604635685,-2.294829875671641,-2.294829875671641,0.4999798009119884,0.3927829607520399,0.0,0.02104166634298594,0.02104166634298594,True,3.1020199326437494e-05,2.7677022407065806e-05,success,0.9999596018239766,0.010258363790948194,0.5,1.3148261940299581e-14,0.03,"[0.005, 0.0075, 0.01, 0.015, 0.02, 0.03, 0.05, 0.08]",3.030485563271351e-05,0.002962830992754105,False,1.1158032351845992e-18,0.0015425786520107303,True,success,-7.100418204452903e-17,1.0816457312640359e-16,0.0020885493095507616,-3.2449371937921073e-18,0.0
0.7217894566643974,1.0261536720940049e-19,0.005942351093397966,2.667003709248193e-05,-1.2076156277102677e-22,1.1032911380159532e-07,typ,0.11884702186795931,2.942481557469207e-12,True,3.6949884549065126e-05,0.0,1.38,-2.843360103474397e-18,-0.17005005066117557,4.624153863638791e-09,True,False,33,0.0,517,2.2065822760319063e-06,4.4131645520638124e-05,2.2065822760319063e-06,2.2065822760319063e-06,0.0,1.6547275644051684,0.5029768662934031,-2.294829875671641,-2.294829875671641,0.4999798009119884,0.3927829607520399,0.0,0.02104166634298594,0.02104166634298594,True,2.667003709248193e-05,2.7677022407065806e-05,success,0.9999596018239766,0.010258363790948194,0.5,1.3148261940299581e-14,0.05,"[0.005, 0.0075, 0.01, 0.015, 0.02, 0.03, 0.05, 0.08]",1.856657610220515e-05,0.008232803954853162,False,1.4216800517371986e-19,0.0042891263670128054,True,success,-7.039986880803165e-17,9.0559726146814e-17,0.004136818911012922,-4.527986307340701e-18,0.0
0.7218745442159394,-2.2378212115685207e-18,0.015071907655137549,2.1242316077196687e-05,-1.401686560072761e-22,1.42697717989254e-07,typ,0.18839884568921936,3.031230029022409e-12,True,2.942660362164305e-05,0.0,1.38,3.875017531611257e-17,-0.16542808060581526,4.624153863638791e-09,True,False,33,0.0,517,1.7837214748656748e-06,2.2296518435820933e-05,1.7837214748656748e-06,1.7837214748656748e-06,0.0,1.0496274678708843,0.3190484922845636,-2.294829875671641,-2.294829875671641,0.4999798009119884,0.3927829607520399,0.0,0.02104166634298594,0.02104166634298594,True,2.1242316077196687e-05,2.7677022407065806e-05,success,0.9999596018239766,0.010258363790948194,0.5,1.3148261940299581e-14,0.08,"[0.005, 0.0075, 0.01, 0.015, 0.02, 0.03, 0.05, 0.08]",9.467794074535265e-06,0.020878846298019595,False,-3.1000140252890057e-18,0.010880026469017147,True,success,-8.050844934023676e-17,8.24819757753164e-17,0.006717615794373659,-6.598558062025311e-18,0.0
0.6789152769488658,1.5131976836950527e-19,5.5835194670513565e-05,0.036438479000500755,5.082585424437936e-21,2.9966916753203157e-06,arith,0.011167038934102713,1.0919488668213475e-07,True,0.05367161446750772,0.0,1.28,-4.45769224842181e-17,-0.19128863417202918,4.77532471538512e-09,True,False,34,0.0,868,0.0005993383350640631,0.11986766701281262,0.0005993383350640631,0.0005993383350640631,0.0,3.2895902985183696,0.9999155482326973,-2.204636275279109e-06,-2.204636275279109e-06,0.49997985212092816,0.6789279909785756,0.0,0.415721157892899,0.6789279909785756,True,0.036438479000500755,0.03643943979578841,success,0.9999597042418564,0.9999597042418564,0.5,4.379720453559548e-15,0.005,"[0.005, 0.0075, 0.01, 0.015, 0.02, 0.03, 0.05, 0.08]",0.05367030047990254,8.224177090467643e-05,False,2.228846124210905e-19,3.790736665322555e-05,True,success,1.5380963293036123e-17,-2.789680340042782e-17,8.223975746295924e-05,1.394840170021391e-19,0.0
0.6788993681815407,7.30830614802851e-20,0.00012561680020270816,0.03643727654366619,2.020636800344536e-20,6.7416196080352695e-06,arith,0.016748906693694422,2.456462580101836e-07,True,0.05367110097813893,0.0,1.28,-1.4353243873936923e-17,-0.19125373889515185,4.77532471538512e-09,True,False,34,0.0,868,0.0008988826144047026,0.11985101525396036,0.0008988826144047026,0.0008988826144047026,0.0,3.289241859509771,0.9998096354743623,-2.204636275279109e-06,-2.204636275279109e-06,0.49997985212092816,0.6789279909785756,0.0,0.415721157892899,0.6789279909785756,True,0.03643727654366619,0.03643943979578841,success,0.9999597042418564,0.9999597042418564,0.5,4.379720453559548e-15,0.0075,"[0.005, 0.0075, 0.01, 0.015, 0.02, 0.03, 0.05, 0.08]",0.05366813672340244,0.0001850300738078131,False,1.0764932905452692e-19,8.52811662906054e-05,True,success,4.076929314972129e-17,-7.394027918718599e-17,0.00018501985459742462,5.545520939038949e-19,0.0
0.6788770654990476,-1.1689054672110654e-19,0.00022328782858974894,0.03643559036316551,-1.3129010682442183e-20,1.1982761673213636e-05,arith,0.022328782858974893,4.3659899574465174e-07,True,0.053670380419143245,0.0,1.28,1.721822000794495e-17,-0.19120489129793422,4.77532471538512e-09,True,False,34,0.0,868,0.0011982761673213637,0.11982761673213636,0.0011982761673213637,0.0011982761673213637,0.0,3.288751891701908,0.9996607031196443,-2.204636275279109e-06,-2.204636275279109e-06,0.49997985212092816,0.6789279909785756,0.0,0.415721157892899,0.6789279909785756,True,0.03643559036316551,0.03643943979578841,success,0.9999597042418564,0.9999597042418564,0.5,4.379720453559548e-15,0.01,"[0.005, 0.0075, 0.01, 0.015, 0.02, 0.03, 0.05, 0.08]",0.05366509114668224,0.00032890760336057073,False,-1.721822000794495e-19,0.0001515849858346631,True,success,-1.9869669138662984e-17,3.603347867176301e-17,0.00032887518917019075,-3.603347867176301e-19,0.0
0.6788131466090402,8.093397846423933e-20,0.0005021973962790883,0.036430754947362365,5.843011490038977e-20,2.694604560978788e-05,arith,0.03347982641860589,9.816647844106318e-07,True,0.053668310829496226,0.0,1.28,-7.948576999776635e-18,-0.1910653641647848,4.77532471538512e-09,True,False,34,0.0,868,0.0017964030406525254,0.11976020271016836,0.0017964030406525254,0.0017964030406525254,0.0,3.287337934204385,0.9992309115778373,-2.204636275279109e-06,-2.204636275279109e-06,0.49997985212092816,0.6789279909785756,0.0,0.415721157892899,0.6789279909785756,True,0.036430754947362365,0.03643943979578841,success,0.9999597042418564,0.9999597042418564,0.5,4.379720453559548e-15,0.015,"[0.005, 0.0075, 0.01, 0.015, 0.02, 0.03, 0.05, 0.08]",0.05365628298640768,0.0007398168388278533,False,1.1922865499664953e-19,0.00034089819478707505,True,success,5.897325980437247e-17,-1.0692452020243807e-16,0.0007396510351959866,1.6038678030365711e-18,0.0
0.6787231636146804,1.6323924343117541e-18,0.0008922907093406646,0.03642394057043145,9.339649689926155e-20,4.786575667823416e-05,arith,0.04461453546703323,1.7434594766067332e-06,True,0.053665386011651973,0.0,1.28,-1.2025465770301038e-16,-0.1908701202378555,4.77532471538512e-09,True,False,34,0.0,868,0.002393287833911708,0.11966439169558539,0.002393287833911708,0.002393287833911708,0.0,3.2853225055151674,0.9986182947168226,-2.204636275279109e-06,-2.204636275279109e-06,0.4999798521209281,0.6789279909785756,0.0,0.415721157892899,0.6789279909785756,True,0.03642394057043145,0.03643943979578841,success,0.9999597042418564,0.9999597042418564,0.5,4.379720453559548e-15,0.02,"[0.005, 0.0075, 0.01, 0.015, 0.02, 0.03, 0.05, 0.08]",0.053643679326890376,0.0013146607588705034,False,2.4050931540602076e-18,0.0006056183731076831,True,success,7.073342022455663e-17,-1.2820756820457778e-16,0.001314129002206067,2.5641513640915554e-18,0.0
0.6784627763019377,-6.771481282659749e-19,0.0020043126322149057,0.03640417351826802,4.04132210310571e-20,0.00010744278943252558,arith,0.06681042107383019,3.911365949788394e-06,True,0.053656847199037766,0.0,1.28,3.3268743789544926e-17,-0.19031289919657435,4.77532471538512e-09,True,False,34,0.0,868,0.0035814263144175193,0.11938087714725065,0.0035814263144175193,0.0035814263144175193,0.0,3.279318429996605,0.9967932746021664,-2.204636275279109e-06,-2.204636275279109e-06,0.4999798521209282,0.6789279909785756,0.0,0.415721157892899,0.6789279909785756,True,0.03640417351826802,0.03643943979578841,success,0.9999597042418564,0.9999597042418564,0.5,4.379720453559548e-15,0.03,"[0.005, 0.0075, 0.01, 0.015, 0.02, 0.03, 0.05, 0.08]",0.05360580365838127,0.0029541969025031994,False,-9.980623136863477e-19,0.0013598515130295696,True,success,2.0434275332134126e-17,-3.700420137339226e-17,0.0029513865869969444,1.1101260412017677e-18,0.0
0.6775933163923928,2.5551480930921354e-18,0.005534554237488761,0.03633764673823514,-1.955337478021157e-20,0.0002958906103735519,arith,0.11069108474977524,1.0751968472914902e-05,True,0.05362751647507705,0.0,1.28,-7.541833814702076e-17,-0.18853641495980158,4.77532471538512e-09,True,False,34,0.0,868,0.0059178122074710375,0.11835624414942074,0.0059178122074710375,0.0059178122074710375,0.0,3.2571246289563414,0.9900471680294002,-2.204636275279109e-06,-2.204636275279109e-06,0.49997985212092816,0.6789279909785756,0.0,0.415721157892899,0.6789279909785756,True,0.03633764673823514,0.03643943979578841,success,0.9999597042418564,0.9999597042418564,0.5,4.379720453559548e-15,0.05,"[0.005, 0.0075, 0.01, 0.015, 0.02, 0.03, 0.05, 0.08]",0.05346241046285395,0.008167958720365702,False,3.770916907351038e-18,0.0037501769605335807,True,success,-5.963177453390003e-18,1.076204792295322e-17,0.008142811572390853,-5.381023961476611e-19,0.0
0.6751558020301471,2.277279249817831e-18,0.01387372891290431,0.03614845130147377,-1.6995325876445635e-19,0.0007347989364956477,arith,0.17342161141130386,2.6561843572287634e-05,True,0.05354090299272828,0.0,1.28,-4.216210619404826e-17,-0.1842605060991379,4.77532471538512e-09,True,False,34,0.0,868,0.009184986706195596,0.11481233382744495,0.009184986706195596,0.009184986706195596,0.0,3.176134237949056,0.9654290411878584,-2.204636275279109e-06,-2.204636275279109e-06,0.4999798521209281,0.6789279909785756,0.0,0.415721157892899,0.6789279909785756,True,0.03614845130147377,0.03643943979578841,success,0.9999597042418564,0.9999597042418564,0.5,4.379720453559548e-15,0.08,"[0.005, 0.0075, 0.01, 0.015, 0.02, 0.03, 0.05, 0.08]",0.05296333387429766,0.020548929404423332,False,3.3729684955238608e-18,0.00936692857134075,True,success,-3.297618333880072e-17,5.876920471193442e-17,0.020327259122873958,-4.701536376954755e-18,0.0
0.7604585711991525,-2.3711607887684756e-19,6.256405134369613e-05,0.0011412714219515947,1.5221414730940865e-21,9.318955393269916e-08,typ,0.012512810268739226,1.0635457472780638e-10,True,0.0015007673858576486,0.0,1.28,6.236134034308898e-17,-0.16229686588568654,4.6264242219099075e-09,True,False,35,0.0,549,1.863791078653983e-05,0.003727582157307966,1.863791078653983e-05,1.863791078653983e-05,0.0,3.2661662121826667,0.9927954797728762,-0.09017190972479547,-0.09017190972479547,0.49997985550514684,0.7600069175424734,0.0,0.13476744455936823,0.13476744455936823,True,0.0011412714219515947,0.001143715863422381,success,0.9999597110102935,0.05267476251230359,0.5,7.773309874165694e-15,0.005,"[0.005, 0.0075, 0.01, 0.015, 0.02, 0.03, 0.05, 0.08]",0.001489506384756984,8.22714789643834e-05,False,-3.118067017154449e-19,4.757736909325758e-05,True,success,1.4759679649269134e-16,-2.6674486784067494e-16,8.165415530456668e-05,1.3337243392033748e-18,0.0
0.7605359426981118,-1.65833169204631e-19,0.00014077460887266196,0.0011380595388952059,6.880591732792653e-22,2.0718347875717924e-07,typ,0.018769947849688263,2.357871343011001e-10,True,0.0014963915247158132,0.0,1.28,2.907303650744214e-17,-0.1622577630724944,4.6264242219099075e-09,True,False,35,0.0,549,2.7624463834290565e-05,0.0036832618445720756,2.7624463834290565e-05,2.7624463834290565e-05,0.0,3.236440378284317,0.9837599097468673,-0.09017190972479547,-0.09017190972479547,0.49997985550514684,0.7600069175424734,0.0,0.13476744455936823,0.13476744455936823,True,0.0011380595388952059,0.001143715863422381,success,0.9999597110102935,0.05267476251230359,0.5,7.773309874165694e-15,0.0075,"[0.005, 0.0075, 0.01, 0.015, 0.02, 0.03, 0.05, 0.08]",0.001471738976341874,0.0001850992188130433,False,-2.180477738058161e-19,0.00010706414986692793,True,success,4.480905007207719e-17,-8.061197149049133e-17,0.00018204977127849283,6.045897861786849e-19,0.0
0.7605811713728065,-1.0164395367051627e-20,0.00025030869187397166,0.0011335706327170322,-5.872982349126496e-23,3.6222737372294377e-07,typ,0.025030869187397164,4.1061031321854625e-10,True,0.001490400598099215,0.0,1.28,1.3363985002028727e-18,-0.16220301293877523,4.6264242219099075e-09,True,False,35,0.0,549,3.6222737372294375e-05,0.0036222737372294373,3.6222737372294375e-05,3.6222737372294375e-05,0.0,3.1954548156803284,0.9713017926010175,-0.09017190972479547,-0.09017190972479547,0.49997985550514684,0.7600069175424734,0.0,0.13476744455936823,0.13476744455936823,True,0.0011335706327170322,0.001143715863422381,success,0.9999597110102935,0.05267476251230359,0.5,7.773309874165694e-15,0.01,"[0.005, 0.0075, 0.01, 0.015, 0.02, 0.03, 0.05, 0.08]",0.001447122634899639,0.0003291018780049189,False,-1.3363985002028727e-20,0.00019038007807030026,True,success,-2.8983028839301417e-18,5.180958450775728e-18,0.00031954548156803286,-5.1809584507757277e-20,0.0
0.7606846879862172,2.1683978967634343e-19,0.0005635113640199026,0.0011209336858429948,2.3028708219295017e-21,7.772404697999538e-07,typ,0.037567424267993504,8.71235024599203e-10,True,0.001473585183909085,0.0,1.28,-1.900391345682618e-17,-0.16204652636535546,4.6264242219099075e-09,True,False,35,0.0,549,5.181603131999692e-05,0.003454402087999795,5.181603131999692e-05,5.181603131999692e-05,0.0,3.081718509870566,0.9367301012177615,-0.09017190972479547,-0.09017190972479547,0.49997985550514684,0.7600069175424734,0.0,0.13476744455936823,0.13476744455936823,True,0.0011209336858429948,0.001143715863422381,success,0.9999597110102935,0.05267476251230359,0.5,7.773309874165694e-15,0.015,"[0.005, 0.0075, 0.01, 0.015, 0.02, 0.03, 0.05, 0.08]",0.001379280915038481,0.0007407949350363587,False,2.8505870185239267e-19,0.0004286544661161673,True,success,7.801927568079187e-17,-1.3696146649969663e-16,0.0006933866647208772,2.054421997495449e-18,0.0
0.7608282892855849,-1.6240760090447834e-18,0.0010026055323559117,0.0011037453868171473,-5.299616435801117e-22,1.2942553678774484e-06,typ,0.05013027661779558,1.4285283916580636e-09,True,0.001450715493049766,0.0,1.28,1.0673078485092774e-16,-0.1618272948984783,4.6264242219099075e-09,True,False,35,0.0,549,6.471276839387241e-05,0.003235638419693621,6.471276839387241e-05,6.471276839387241e-05,0.0,2.9315079893780385,0.8910715780222578,-0.09017190972479547,-0.09017190972479547,0.49997985550514684,0.7600069175424734,0.0,0.13476744455936823,0.13476744455936823,True,0.0011037453868171473,0.001143715863422381,success,0.9999597110102935,0.05267476251230359,0.5,7.773309874165694e-15,0.02,"[0.005, 0.0075, 0.01, 0.015, 0.02, 0.03, 0.05, 0.08]",0.0012908919072451366,0.0013177816157405962,False,-2.134615697018555e-18,0.0007628106520106115,True,success,-1.4021678342165596e-17,2.400742281280801e-17,0.0011726031957512155,-4.801484562561602e-19,0.0
0.761242825321158,1.7043826315729148e-18,0.0022609836569672157,0.0010579585843361326,-1.1502066042508028e-21,2.4410166255603573e-06,typ,0.07536612189890719,2.582494493518799e-09,True,0.0013897780696846558,0.0,1.28,-7.463157943300852e-17,-0.1611999486512634,4.6264242219099075e-09,True,False,35,0.0,549,8.136722085201191e-05,0.0027122406950670637,8.136722085201191e-05,8.136722085201191e-05,0.0,2.563654887085198,0.7792576428298081,-0.09017190972479547,-0.09017190972479547,0.49997985550514684,0.7600069175424734,0.0,0.13476744455936823,0.13476744455936823,True,0.0010579585843361326,0.001143715863422381,success,0.9999597110102935,0.05267476251230359,0.5,7.773309874165694e-15,0.03,"[0.005, 0.0075, 0.01, 0.015, 0.02, 0.03, 0.05, 0.08]",0.0010796259486610487,0.0029701214668438254,False,2.2389473829902557e-18,0.001721157587034687,True,success,-2.2633731249244238e-17,3.6239811944767063e-17,0.002307289398376678,-1.0871943583430118e-18,0.0
0.7625104425396199,5.525300062861786e-19,0.006314536669126254,0.0009407791130684087,-3.522167158393248e-21,4.296785059086924e-06,typ,0.12629073338252508,4.042325636933386e-09,True,0.0012337917759329912,0.0,1.28,-1.449239185357043e-17,-0.15918414790024193,4.6264242219099075e-09,True,False,35,0.0,549,8.593570118173847e-05,0.0017187140236347694,8.593570118173847e-05,8.593570118173847e-05,0.0,1.8269049554353711,0.5553125174602924,-0.09017190972479547,-0.09017190972479547,0.4999798555051468,0.7600069175424734,0.0,0.13476744455936823,0.13476744455936823,True,0.0009407791130684087,0.001143715863422381,success,0.9999597110102935,0.05267476251230359,0.5,7.773309874165694e-15,0.05,"[0.005, 0.0075, 0.01, 0.015, 0.02, 0.03, 0.05, 0.08]",0.0006804592774154358,0.008281246153292062,False,7.246195926785216e-19,0.0048149001500081175,True,success,-5.5398029256032215e-17,7.48776648942701e-17,0.004567262388588429,-3.7438832447135055e-18,0.0
0.764418823492031,6.627994322823556e-18,0.016020042151406944,0.000765544761142187,-4.820383012062966e-21,5.336391158893382e-06,typ,0.2002505268925868,4.085246295096313e-09,True,0.00100147293292048,0.0,1.28,-1.0838290017090105e-16,-0.15426609173327058,4.6264242219099075e-09,True,False,35,0.0,549,6.670488948616727e-05,0.0008338111185770909,6.670488948616727e-05,6.670488948616727e-05,0.0,1.089173567503814,0.3310690651543024,-0.09017190972479547,-0.09017190972479547,0.4999798555051468,0.7600069175424734,0.0,0.13476744455936823,0.13476744455936823,True,0.000765544761142187,0.001143715863422381,success,0.9999597110102935,0.05267476251230359,0.5,7.773309874165694e-15,0.08,"[0.005, 0.0075, 0.01, 0.015, 0.02, 0.03, 0.05, 0.08]",0.0003331071858899397,0.020957152884100782,False,8.670632013672085e-18,0.012246021773671243,True,success,-7.54175508600468e-17,7.870837958695895e-17,0.00697071083202441,-6.296670366956716e-18,0.0
0.20509065895220574,3.1275466316082696e-20,2.2964493719883477e-05,0.0029059625389052887,-1.9848457292151322e-22,4.3082408474077444e-07,arith,0.004592898743976695,1.251958651114848e-09,True,0.014169160866475607,0.4375,0.72,-3.049916215186682e-17,-0.020883228906160962,4.757611884284175e-09,True,False,36,0.875,804,8.616481694815489e-05,0.017232963389630977,8.616481694815489e-05,8.616481694815489e-05,0.0,5.930208376369106,1.8025671958182716,-3.817469449239987e-06,-3.817469449239987e-06,0.4999797237015577,0.10029218730001674,0.0,0.07193168288371828,0.10029218730001674,True,0.0029059625389052887,0.0006312742928635889,success,0.9999594474031154,0.9999594474031154,0.5,2.9752905178318945e-15,0.005,"[0.005, 0.0075, 0.01, 0.015, 0.02, 0.03, 0.05, 0.08]",0.01876044340432167,0.00011197240204506397,False,1.524958107593341e-19,4.7098031495146925e-06,True,success,-5.6095983208137796e-18,1.3660504584225284e-17,0.00014825520940922767,-6.830252292112643e-20,0.0
0.23115005342553377,-2.745445540288001e-19,5.85045506484544e-05,0.0037397641352979725,-7.24279344351431e-21,1.2568910360260095e-06,arith,0.007800606753127252,4.7004760185075825e-09,True,0.016178945580485264,0.4375,0.72,1.5836440439744977e-16,-0.020867817270959578,4.757611884284175e-09,True,False,36,0.875,804,0.0001675854714701346,0.02234472952935128,0.0001675854714701346,0.0001675854714701346,0.0,5.974903421969665,1.8161528605878623,-3.817469449239987e-06,-3.817469449239987e-06,0.4999797237015577,0.10029218730001674,0.0,0.07193168288371828,0.10029218730001674,True,0.0037397641352979725,0.0006312742928635889,success,0.9999594474031154,0.9999594474031154,0.5,2.9752905178318945e-15,0.0075,"[0.005, 0.0075, 0.01, 0.015, 0.02, 0.03, 0.05, 0.08]",0.02148364566678737,0.00025310204251067565,False,-1.1877330329808733e-18,1.352333000802708e-05,True,success,-1.0564165081999201e-16,2.5822639009602416e-16,0.00033608831748579363,-1.9366979257201812e-18,0.0
0.2519199023207632,4.053052652611675e-19,0.00011341512714924455,0.0044828958271516265,-5.558653716362717e-22,2.68062151462595e-06,arith,0.011341512714924454,1.2016947002089543e-08,True,0.01779492523557614,0.4375,0.72,-1.608865601833644e-16,-0.020843949638626038,4.757611884284175e-09,True,False,36,0.875,804,0.00026806215146259497,0.026806215146259495,0.00026806215146259497,0.00026806215146259497,0.0,5.9796649709997425,1.8176001979389578,-3.817469449239987e-06,-3.817469449239987e-06,0.4999797237015577,0.10029218730001674,0.0,0.07193168288371828,0.10029218730001674,True,0.0044828958271516265,0.0006312742928635889,success,0.9999594474031154,0.9999594474031154,0.5,2.9752905178318945e-15,0.01,"[0.005, 0.0075, 0.01, 0.015, 0.02, 0.03, 0.05, 0.08]",0.023635484807052964,0.0004502031245027872,False,1.6088656018336439e-18,2.857152775313463e-05,True,success,-5.070754059646945e-18,1.2399694150141813e-17,0.0005979664970999743,-1.2399694150141815e-19,0.0
0.28444189843513656,-4.2057817286143695e-19,0.000287095789654458,0.005788541831502504,8.028064855467815e-21,7.737254493159459e-06,arith,0.0191397193102972,4.478742129463423e-08,True,0.020350524530135316,0.4375,0.72,9.857389158096543e-17,-0.02076808793515603,4.757611884284175e-09,True,False,36,0.875,804,0.0005158169662106306,0.034387797747375375,0.0005158169662106306,0.0005158169662106306,0.0,5.940666708190567,1.805746147495496,-3.817469449239987e-06,-3.817469449239987e-06,0.4999797237015577,0.10029218730001674,0.0,0.07193168288371828,0.10029218730001674,True,0.005788541831502504,0.0006312742928635889,success,0.9999594474031154,0.9999594474031154,0.5,2.9752905178318945e-15,0.015,"[0.005, 0.0075, 0.01, 0.015, 0.02, 0.03, 0.05, 0.08]",0.026950079980176105,0.0010093301698305415,False,-1.4786083737144814e-18,8.166207144204867e-05,True,success,3.7934367158402776e-17,-9.245926509248943e-17,0.0013366500093428774,1.3868889763873415e-18,0.0
0.30972997018260107,-1.0011607896441516e-18,0.0005523379363168511,0.006924469112785631,-2.2596357740978364e-21,1.6267951631417197e-05,arith,0.02761689681584255,1.1264692860003899e-07,True,0.022356471053489965,0.4375,0.72,1.6161832661106675e-16,-0.020651428746032707,4.757611884284175e-09,True,False,36,0.875,804,0.0008133975815708598,0.04066987907854299,0.0008133975815708598,0.0008133975815708598,0.0,5.873356991866483,1.7852864471097376,-3.817469449239987e-06,-3.817469449239987e-06,0.4999797237015577,0.10029218730001674,0.0,0.07193168288371828,0.10029218730001674,True,0.006924469112785631,0.0006312742928635889,success,0.9999594474031154,0.9999594474031154,0.5,2.9752905178318945e-15,0.02,"[0.005, 0.0075, 0.01, 0.015, 0.02, 0.03, 0.05, 0.08]",0.029452895703482907,0.0017832886368446058,False,-3.232366532221335e-18,0.0001710756125461377,True,success,-6.732537240365394e-18,1.6316310588529812e-17,0.0023493427967465935,-3.2632621177059624e-19,0.0
0.3480514267482243,-1.7258412229411735e-19,0.0013756866098315575,0.008846759317757047,5.924931822615598e-21,4.5468609334471774e-05,arith,0.04585622032771858,4.022498432951932e-07,True,0.025417965960980452,0.4375,0.72,1.6528603632566282e-17,-0.020285197968088413,4.757611884284175e-09,True,False,36,0.875,804,0.0015156203111490593,0.05052067703830198,0.0015156203111490593,0.0015156203111490593,0.0,5.710642193791554,1.7358270792985102,-3.817469449239987e-06,-3.817469449239987e-06,0.49997972370155763,0.10029218730001674,0.0,0.07193168288371828,0.10029218730001674,True,0.008846759317757047,0.0006312742928635889,success,0.9999594474031154,0.9999594474031154,0.5,2.9752905178318945e-15,0.03,"[0.005, 0.0075, 0.01, 0.015, 0.02, 0.03, 0.05, 0.08]",0.033051575125848665,0.003952538343785358,False,-4.958581089769885e-19,0.0004788096873103014,True,success,9.341904333586864e-18,-2.2324302077949182e-17,0.005139577974412398,6.697290623384755e-19,0.0
0.39907830599441385,5.27947614696032e-19,0.0042449624895965375,0.011775444330078069,7.170424187204069e-20,0.00015839401026776934,arith,0.08489924979193074,1.865159850125932e-06,True,0.029506600968289408,0.4375,0.72,-2.6458346984334545e-17,-0.018981209723963773,4.757611884284175e-09,True,False,36,0.875,804,0.003167880205355387,0.06335760410710774,0.003167880205355387,0.003167880205355387,0.0,5.380485214071552,1.6354713913794803,-3.817469449239987e-06,-3.817469449239987e-06,0.49997972370155763,0.10029218730001674,0.0,0.07193168288371828,0.10029218730001674,True,0.011775444330078069,0.0006312742928635889,success,0.9999594474031154,0.9999594474031154,0.5,2.9752905178318945e-15,0.05,"[0.005, 0.0075, 0.01, 0.015, 0.02, 0.03, 0.05, 0.08]",0.03731340633891536,0.010636916178690899,False,1.3229173492167274e-18,0.0016940724393580157,True,success,5.25033263835871e-17,-1.2178604876741038e-16,0.013451213035178879,6.089302438370519e-18,0.0
0.44541248508808234,3.524737846582414e-18,0.01158678111868881,0.014788333343745092,-6.019849956668704e-20,0.0004681726282155818,arith,0.14483476398361012,6.9234928884692625e-06,True,0.03320143426338988,0.4375,0.72,-9.891779992104905e-17,-0.015533396647236367,4.757611884284175e-09,True,False,36,0.875,804,0.005852157852694773,0.07315197315868466,0.005852157852694773,0.005852157852694773,0.0,4.9466002326506375,1.503586171732878,-3.817469449239987e-06,-3.817469449239987e-06,0.4999797237015577,0.10029218730001674,0.0,0.07193168288371828,0.10029218730001674,True,0.014788333343745092,0.0006312742928635889,success,0.9999594474031154,0.9999594474031154,0.5,2.9752905178318945e-15,0.08,"[0.005, 0.0075, 0.01, 0.015, 0.02, 0.03, 0.05, 0.08]",0.04040575405885992,0.02601359752274899,False,7.913423993683924e-18,0.005160896972246853,True,success,-2.2878262647408074e-17,5.088343811926982e-17,0.03165824148896408,-4.070675049541586e-18,0.0
0.004963226744680237,7.630017367765696e-21,8.366983903948556e-07,7.266252281633849e-07,2.7226682173925584e-24,2.0936086040825214e-10,typ,0.0001673396780789711,1.521268829626288e-16,True,0.00014640177963704917,0.4375,0.72,-3.0746197021700933e-16,-0.010104206243651607,4.6326152842923785e-09,True,False,37,0.875,465,4.187217208165043e-08,8.374434416330085e-06,4.187217208165043e-08,4.187217208165043e-08,0.0,11.525108256284017,3.5032128303983288,-0.0009319548941202401,-0.0009319548941202401,0.49997869308721643,0.004533870651949988,0.0,0.0032105185592054422,0.0032105185592054422,True,7.266252281633849e-07,6.44217069373985e-07,success,0.999957386174433,0.4650149823653461,0.5,2.457021659835009e-15,0.005,"[0.005, 0.0075, 0.01, 0.015, 0.02, 0.03, 0.05, 0.08]",0.0002502226164310539,0.00016857952163714033,False,1.5373098510850468e-18,4.152723828438653e-09,True,success,2.207454386394457e-16,-7.494009599073139e-16,0.00028812770640710046,3.74700479953657e-18,0.0
0.007953105291173655,-2.279048023706102e-20,8.799485532075994e-06,2.153790689532233e-06,1.406207041340147e-23,5.620515943373373e-09,typ,0.0011732647376101325,1.2105414909205048e-14,True,0.0002708112882552312,0.4375,0.72,3.820810346428057e-16,-0.010102842563352435,4.6326152842923785e-09,True,False,37,0.875,465,7.494021257831164e-07,9.992028343774886e-05,7.494021257831164e-07,7.494021257831164e-07,0.0,46.3927548407454,14.101706498679357,-0.0009319548941202401,-0.0009319548941202401,0.49997869308721643,0.004533870651949988,0.0,0.0032105185592054422,0.0032105185592054422,True,2.153790689532233e-06,6.44217069373985e-07,success,0.999957386174433,0.4650149823653461,0.5,2.457021659835009e-15,0.0075,"[0.005, 0.0075, 0.01, 0.015, 0.02, 0.03, 0.05, 0.08]",0.0006387323353036264,0.001106421354919273,False,-2.8656077598210425e-18,6.998323494475961e-08,True,success,1.2780840898464553e-16,-8.705315381384942e-16,0.002609592459791928,6.528986536038705e-18,0.0
0.017548361182908177,-3.8963515573716184e-20,3.9291136114674e-05,9.559681684265733e-06,1.2573145310801164e-22,4.093445636434269e-08,typ,0.0039291136114674,3.913203727615817e-13,True,0.000544762076904179,0.4375,0.72,2.2203506736381757e-16,-0.010096844655816,4.6326152842923785e-09,True,False,37,0.875,465,4.093445636434269e-06,0.0004093445636434269,4.093445636434269e-06,4.093445636434269e-06,0.0,42.81989475833349,13.015687261064052,-0.0009319548941202401,-0.0009319548941202401,0.49997869308721643,0.004533870651949988,0.0,0.0032105185592054422,0.0032105185592054422,True,9.559681684265733e-06,6.44217069373985e-07,success,0.999957386174433,0.4650149823653461,0.5,2.457021659835009e-15,0.01,"[0.005, 0.0075, 0.01, 0.015, 0.02, 0.03, 0.05, 0.08]",0.0010418241978260069,0.0022390202540931822,False,-2.2203506736381757e-18,6.894950478271069e-07,True,success,2.0099150657422172e-16,-1.3152263564900164e-15,0.004281989475833349,1.3152263564900164e-17,0.0
0.057210155359399974,1.0787283110734298e-19,0.00020427682746779823,6.213963466692737e-05,-2.13033549966629e-22,3.9616894192128005e-07,typ,0.013618455164519882,2.4617793317371508e-11,True,0.001086164410436572,0.4375,0.72,-1.2570359280874171e-16,-0.010054651249633138,4.6326152842923785e-09,True,False,37,0.875,465,2.6411262794752005e-05,0.001760750852983467,2.6411262794752005e-05,2.6411262794752005e-05,0.0,28.335391130334294,8.61292610488221,-0.0009319548941202401,-0.0009319548941202401,0.49997869308721643,0.004533870651949988,0.0,0.0032105185592054422,0.0032105185592054422,True,6.213963466692737e-05,6.44217069373985e-07,success,0.999957386174433,0.4650149823653461,0.5,2.457021659835009e-15,0.015,"[0.005, 0.0075, 0.01, 0.015, 0.02, 0.03, 0.05, 0.08]",0.0019393728933044612,0.003570639271725633,False,1.8855538921311255e-18,1.1686709035758081e-05,True,success,-4.293618404470462e-17,2.2855359128786126e-16,0.006375463004325215,-3.428303869317919e-18,0.0
0.10944129766902544,5.18679720857076e-19,0.0005106330412480699,0.00017589141303056227,8.707670154816634e-22,1.5069772825321263e-06,typ,0.025531652062403494,2.6506436362953256e-10,True,0.001607175872151083,0.4375,0.72,-2.369670919042268e-16,-0.009957117159215722,4.6326152842923785e-09,True,False,37,0.875,465,7.534886412660631e-05,0.0037674432063303158,7.534886412660631e-05,7.534886412660631e-05,0.0,21.41914230728079,6.51063855353209,-0.0009319548941202401,-0.0009319548941202401,0.49997869308721654,0.004533870651949988,0.0,0.0032105185592054422,0.0032105185592054422,True,0.00017589141303056227,6.44217069373985e-07,success,0.999957386174433,0.4650149823653461,0.5,2.457021659835009e-15,0.02,"[0.005, 0.0075, 0.01, 0.015, 0.02, 0.03, 0.05, 0.08]",0.00295119422520883,0.004665816763177795,False,4.739341838084537e-18,5.588434266686976e-05,True,success,5.3484297768920986e-17,-2.475297117916615e-16,0.008567656922912316,4.95059423583323e-18,0.0
0.20659415524407074,6.621684231764235e-19,0.0014866451852057587,0.0005502408176553986,2.0933801288057206e-21,7.623650863007291e-06,typ,0.04955483950685863,4.194843884380417e-09,True,0.0026633900509205745,0.4375,0.72,-1.068388442377337e-16,-0.009580791594719485,4.6326152842923785e-09,True,False,37,0.875,465,0.0002541216954335764,0.008470723181119213,0.0002541216954335764,0.0002541216954335764,0.0,15.394574356030791,4.679389486269058,-0.0009319548941202401,-0.0009319548941202401,0.49997869308721643,0.004533870651949988,0.0,0.0032105185592054422,0.0032105185592054422,True,0.0005502408176553986,6.44217069373985e-07,success,0.999957386174433,0.4650149823653461,0.5,2.457021659835009e-15,0.03,"[0.005, 0.0075, 0.01, 0.015, 0.02, 0.03, 0.05, 0.08]",0.005128090373462005,0.007195969234702856,False,3.205165327132011e-18,0.0003071322061852488,True,success,3.232140238411923e-17,-1.2681599653800734e-16,0.013855116920427709,3.80447989614022e-18,0.0
0.3317412831237437,1.5274129237587082e-18,0.004719700654336272,0.0015703154120119706,-7.858870517658522e-21,4.342953535791597e-05,typ,0.09439401308672543,6.819806870905427e-08,True,0.004733554404883106,0.4375,0.72,-9.208458527538545e-17,-0.008135709309537201,4.6326152842923785e-09,True,False,37,0.875,465,0.0008685907071583193,0.017371814143166384,0.0008685907071583193,0.0008685907071583193,0.0,11.062627297855215,3.3626354760381814,-0.0009319548941202401,-0.0009319548941202401,0.4999786930872164,0.004533870651949988,0.0,0.0032105185592054422,0.0032105185592054422,True,0.0015703154120119706,6.44217069373985e-07,success,0.999957386174433,0.4650149823653461,0.5,2.457021659835009e-15,0.05,"[0.005, 0.0075, 0.01, 0.015, 0.02, 0.03, 0.05, 0.08]",0.009201756327070161,0.014227052508794222,False,4.6042292637692725e-18,0.0015657195510294876,True,success,-3.009359662352535e-17,1.0009289162601192e-16,0.027656568244638042,-5.004644581300597e-18,0.0
0.4245432522866751,-2.9742239933854284e-18,0.012630958778636384,0.0031383859509734194,-8.540186802845236e-21,0.0001653132103209758,typ,0.1578869847329548,5.188166567816645e-07,True,0.007392382128486186,0.4375,0.72,8.757128918448419e-17,-0.004343761512838398,4.6326152842923785e-09,True,False,37,0.875,465,0.0020664151290121975,0.025830189112652467,0.0020664151290121975,0.0020664151290121975,0.0,8.23040553843954,2.5017432930334396,-0.0009319548941202401,-0.0009319548941202401,0.4999786930872165,0.004533870651949988,0.0,0.0032105185592054422,0.0032105185592054422,True,0.0031383859509734194,6.44217069373985e-07,success,0.999957386174433,0.4650149823653461,0.5,2.457021659835009e-15,0.08,"[0.005, 0.0075, 0.01, 0.015, 0.02, 0.03, 0.05, 0.08]",0.013087938391548036,0.029751877366095223,False,-7.005703134758735e-18,0.00536238831938122,True,success,-1.1856606725250891e-17,3.401504362535607e-17,0.052674595446013044,-2.7212034900284854e-18,0.0
0.26891351880141373,-4.5424519940772946e-20,2.6009640970195524e-05,0.004744887247104459,-6.515275170076851e-22,5.47156514099394e-07,arith,0.005201928194039105,2.5961959659203455e-09,True,0.017644658655515365,0.4375,0.74,3.3783738462265914e-17,-0.021146237707930234,4.768044225464489e-09,True,False,38,0.875,791,0.0001094313028198788,0.02188626056397576,0.0001094313028198788,0.0001094313028198788,0.0,4.612598661292052,1.4020618680875203,-3.8623723919358486e-06,-3.8623723919358486e-06,0.4999797200271653,0.2323198025481021,0.0,0.16640824159634685,0.2323198025481021,True,0.004744887247104459,0.0034507301543158166,success,0.9999594400543306,0.9999594400543306,0.5,2.9381203454373015e-15,0.005,"[0.005, 0.0075, 0.01, 0.015, 0.02, 0.03, 0.05, 0.08]",0.021036680772578954,9.672121017241617e-05,False,-1.6891869231132956e-19,6.994344076056695e-06,True,success,-1.2786863447391064e-17,2.7462297124353213e-17,0.0001153149665323013,-1.3731148562176607e-19,0.0
0.28575905301256777,-4.883409638717058e-19,6.395145362313252e-05,0.005431415385514946,-5.2128922203091804e-21,1.4894180875770056e-06,arith,0.008526860483084335,8.089648316329995e-09,True,0.019006975730970353,0.4375,0.74,2.2785674794829266e-16,-0.021129147060777356,4.768044225464489e-09,True,False,38,0.875,791,0.00019858907834360075,0.026478543779146768,0.00019858907834360075,0.00019858907834360075,0.0,4.8750724994745305,1.4818443479669086,-3.8623723919358486e-06,-3.8623723919358486e-06,0.4999797200271653,0.2323198025481021,0.0,0.16640824159634685,0.2323198025481021,True,0.005431415385514946,0.0034507301543158166,success,0.9999594400543306,0.9999594400543306,0.5,2.9381203454373015e-15,0.0075,"[0.005, 0.0075, 0.01, 0.015, 0.02, 0.03, 0.05, 0.08]",0.023289823814704555,0.00022379502223616313,False,-1.7089256096121947e-18,1.8274706826123495e-05,True,success,-5.795807130152445e-17,1.279689080483258e-16,0.00027422282809544233,-9.597668103624435e-19,0.0
0.30033171765967737,-3.481305413215325e-19,0.00012145647791208652,0.0060677377638133165,1.0349683824262865e-20,3.0521730082524375e-06,arith,0.012145647791208651,1.851978542386501e-08,True,0.020203453072142746,0.4375,0.74,1.1591534321926618e-16,-0.021103359644473907,4.768044225464489e-09,True,False,38,0.875,791,0.00030521730082524377,0.030521730082524377,0.00030521730082524377,0.00030521730082524377,0.0,5.030166310836538,1.5289872135953089,-3.8623723919358486e-06,-3.8623723919358486e-06,0.4999797200271653,0.2323198025481021,0.0,0.16640824159634685,0.2323198025481021,True,0.0060677377638133165,0.0034507301543158166,success,0.9999594400543306,0.9999594400543306,0.5,2.9381203454373015e-15,0.01,"[0.005, 0.0075, 0.01, 0.015, 0.02, 0.03, 0.05, 0.08]",0.02512976714557525,0.000404407762385309,False,-1.159153432192662e-18,3.647723263223161e-05,True,success,7.605173169090621e-17,-1.7056906918400716e-16,0.0005030166310836538,1.7056906918400717e-18,0.0
0.32462010616289727,-1.0886494046383057e-19,0.0003003067456768919,0.007213804048458521,1.2523918783289512e-21,8.415354359133301e-06,arith,0.020020449711792794,6.070671734512886e-08,True,0.02222229588218596,0.4375,0.74,2.2357403499667222e-17,-0.021023248616235838,4.768044225464489e-09,True,False,38,0.875,791,0.0005610236239422201,0.03740157492948134,0.0005610236239422201,0.0005610236239422201,0.0,5.18472288382625,1.5759667783403717,-3.8623723919358486e-06,-3.8623723919358486e-06,0.4999797200271653,0.2323198025481021,0.0,0.16640824159634685,0.2323198025481021,True,0.007213804048458521,0.0034507301543158166,success,0.9999594400543306,0.9999594400543306,0.5,2.9381203454373015e-15,0.015,"[0.005, 0.0075, 0.01, 0.015, 0.02, 0.03, 0.05, 0.08]",0.028022528565467546,0.0009251021115931595,False,-3.3536105249500835e-19,9.748560766306683e-05,True,success,5.0830205774796346e-18,-1.15740310282531e-17,0.001166562648860906,1.736104654237965e-19,0.0
0.3444097144052346,8.784159429149719e-19,0.0005700053193760113,0.008225144289256917,-1.4145701691432426e-21,1.7232627496625556e-05,arith,0.02850026596880056,1.4174084764276142e-07,True,0.023881859149823985,0.4375,0.74,-1.2752484993518826e-16,-0.02090215367859378,4.768044225464489e-09,True,False,38,0.875,791,0.0008616313748312779,0.043081568741563894,0.0008616313748312779,0.0008616313748312779,0.0,5.237788812754798,1.5920968865307337,-3.8623723919358486e-06,-3.8623723919358486e-06,0.49997972002716523,0.2323198025481021,0.0,0.16640824159634685,0.2323198025481021,True,0.008225144289256917,0.0034507301543158166,success,0.9999594400543306,0.9999594400543306,0.5,2.9381203454373015e-15,0.02,"[0.005, 0.0075, 0.01, 0.015, 0.02, 0.03, 0.05, 0.08]",0.030232397682692213,0.0016550210273840868,False,2.5504969987037655e-18,0.00019631536925575658,True,success,-3.757309603243653e-18,8.599059903367596e-18,0.002095115525101919,-1.7198119806735193e-19,0.0
0.3754284905634107,3.296377460009619e-19,0.001397991453112777,0.009946978537475806,1.8272614308374604e-20,4.6725272434175965e-05,arith,0.04659971510375924,4.647752820604582e-07,True,0.026495001811259015,0.4375,0.74,-2.926769050001773e-17,-0.0205276560956593,4.768044225464489e-09,True,False,38,0.875,791,0.001557509081139199,0.05191696937130663,0.001557509081139199,0.001557509081139199,0.0,5.219370804481634,1.5864984833350195,-3.8623723919358486e-06,-3.8623723919358486e-06,0.49997972002716523,0.2323198025481021,0.0,0.16640824159634685,0.2323198025481021,True,0.009946978537475806,0.0034507301543158166,success,0.9999594400543306,0.9999594400543306,0.5,2.9381203454373015e-15,0.03,"[0.005, 0.0075, 0.01, 0.015, 0.02, 0.03, 0.05, 0.08]",0.03342314599287225,0.0037237223286245326,False,8.780307150005318e-19,0.000524845821062679,True,success,2.6802738909435996e-17,-6.123338271191765e-17,0.0046974337240334695,1.8370014813575293e-18,0.0
0.4179491474862203,-2.679355874968934e-18,0.004251898648631859,0.012568503261850472,3.4270234949741705e-20,0.00015813771185894409,arith,0.08503797297263717,1.9875543473207086e-06,True,0.03007184806439844,0.4375,0.74,1.2821444384246634e-16,-0.019214340729951648,4.768044225464489e-09,True,False,38,0.875,791,0.0031627542371788814,0.06325508474357762,0.0031627542371788814,0.0031627542371788814,0.0,5.03282558199094,1.5297955350982784,-3.8623723919358486e-06,-3.8623723919358486e-06,0.4999797200271653,0.2323198025481021,0.0,0.16640824159634685,0.2323198025481021,True,0.012568503261850472,0.0034507301543158166,success,0.9999594400543306,0.9999594400543306,0.5,2.9381203454373015e-15,0.05,"[0.005, 0.0075, 0.01, 0.015, 0.02, 0.03, 0.05, 0.08]",0.037192258077418744,0.010173243980051528,False,-6.410722192123317e-18,0.0017770774153934975,True,success,2.4308467242287277e-17,-5.453351801047481e-17,0.012582063954977352,2.7266759005237405e-18,0.0
0.45718674425449135,1.913482278425445e-18,0.011502333945787807,0.015244829529932538,2.4365829903034163e-20,0.00045891884720572013,arith,0.1437791743223476,6.996139593724361e-06,True,0.03334486338791695,0.4375,0.74,-5.231675848196486e-17,-0.015780036188786883,4.768044225464489e-09,True,False,38,0.875,791,0.005736485590071502,0.07170606987589377,0.005736485590071502,0.005736485590071502,0.0,4.703632122294455,1.4297327221469864,-3.8623723919358486e-06,-3.8623723919358486e-06,0.4999797200271653,0.2323198025481021,0.0,0.16640824159634685,0.2323198025481021,True,0.015244829529932538,0.0034507301543158166,success,0.9999594400543306,0.9999594400543306,0.5,2.9381203454373015e-15,0.08,"[0.005, 0.0075, 0.01, 0.015, 0.02, 0.03, 0.05, 0.08]",0.03989788936477346,0.02515894017125106,False,4.185340678557189e-18,0.005258714608002645,True,success,9.21195854494053e-18,-1.9978765468640487e-17,0.030103245582684516,1.5983012374912392e-18,0.0
0.0072126918441432685,2.939024415189192e-21,1.7601949478616433e-06,1.3001036257097289e-06,-8.820701854270299e-24,6.08694646227795e-10,typ,0.00035203898957232864,7.913661165108571e-16,True,0.0001802522073316383,0.4375,0.74,-8.149590967415834e-17,-0.009765533599837135,4.57050186904e-09,True,False,39,0.875,494,1.2173892924555902e-07,2.4347785849111803e-05,1.2173892924555902e-07,1.2173892924555902e-07,0.0,18.727573223880754,5.692499657376448,-0.0010596015718399613,-0.0010596015718399613,0.4999787457956474,0.006041855077035264,0.0,0.003996312304550632,0.003996312304550632,True,1.3001036257097289e-06,9.981635577872323e-07,success,0.9999574915912945,0.44195820566885635,0.5,3.1667835960868814e-15,0.005,"[0.005, 0.0075, 0.01, 0.015, 0.02, 0.03, 0.05, 0.08]",0.000345810926776754,0.00024404133517653715,False,4.0747954837079173e-19,1.269574374454386e-08,True,success,-3.135554957806959e-16,1.356922891351074e-15,0.0004681893305970188,-6.784614456755369e-18,0.0
0.01422462994498479,-1.394957385009426e-20,1.5964694059149747e-05,5.12831191726755e-06,-8.271806125530277e-23,1.1761285359624964e-08,typ,0.0021286258745533,6.031553987214907e-14,True,0.0003605233975928949,0.4375,0.74,1.307551189174051e-16,-0.009762861307741368,4.57050186904e-09,True,False,39,0.875,494,1.5681713812833286e-06,0.00020908951750444381,1.5681713812833286e-06,1.5681713812833286e-06,0.0,40.77160689084025,12.393082407540088,-0.0010596015718399613,-0.0010596015718399613,0.4999787457956474,0.006041855077035264,0.0,0.003996312304550632,0.003996312304550632,True,5.12831191726755e-06,9.981635577872323e-07,success,0.9999574915912945,0.44195820566885635,0.5,3.1667835960868814e-15,0.0075,"[0.005, 0.0075, 0.01, 0.015, 0.02, 0.03, 0.05, 0.08]",0.000736705966055409,0.0011223275488286748,False,-9.806633918805382e-19,2.2709186517630228e-07,True,success,-3.368105892410778e-16,2.1506248083125265e-15,0.002293402887609764,-1.6129686062343947e-17,0.0
0.03135510140007267,-6.437450399134498e-20,5.8688042803596094e-05,1.9756645865982876e-05,-3.0771118786976076e-22,6.729072646240611e-08,typ,0.00586880428035961,1.3294390527824804e-12,True,0.0006300935089923544,0.4375,0.74,2.053079120043789e-16,-0.009753220557907196,4.57050186904e-09,True,False,39,0.875,494,6.729072646240611e-06,0.0006729072646240611,6.729072646240611e-06,6.729072646240611e-06,0.0,34.0597928002889,10.352935563414137,-0.0010596015718399613,-0.0010596015718399613,0.4999787457956474,0.006041855077035264,0.0,0.003996312304550632,0.003996312304550632,True,1.9756645865982876e-05,9.981635577872323e-07,success,0.9999574915912945,0.44195820566885635,0.5,3.1667835960868814e-15,0.01,"[0.005, 0.0075, 0.01, 0.015, 0.02, 0.03, 0.05, 0.08]",0.0011465832433294723,0.0018717223093866336,False,-2.053079120043789e-18,1.840169533078561e-06,True,success,-2.668757240679544e-16,1.5575072305141628e-15,0.0034059792800288907,-1.557507230514163e-17,0.0
0.08612251879478865,1.0787934397414781e-19,0.00024860760205246303,9.850522276269194e-05,-1.5890790628755886e-21,5.120437495935381e-07,typ,0.01657384013683087,5.043898361795552e-11,True,0.0011437800953941976,0.4375,0.74,-8.350842921907643e-17,-0.00969815529243298,4.57050186904e-09,True,False,39,0.875,494,3.4136249972902546e-05,0.002275749998193503,3.4136249972902546e-05,3.4136249972902546e-05,0.0,23.10283591435545,7.022420041011615,-0.0010596015718399613,-0.0010596015718399613,0.4999787457956474,0.006041855077035264,0.0,0.003996312304550632,0.003996312304550632,True,9.850522276269194e-05,9.981635577872323e-07,success,0.9999574915912945,0.44195820566885635,0.5,3.1667835960868814e-15,0.015,"[0.005, 0.0075, 0.01, 0.015, 0.02, 0.03, 0.05, 0.08]",0.0020596463879872947,0.002886673607919448,False,1.2526264382861464e-18,2.1410712880290586e-05,True,success,-2.237496384714061e-16,1.075461800100911e-15,0.005198138080729975,-1.6131927001513664e-17,0.0
0.14624783710708106,-3.0511309550919066e-19,0.000567097889868471,0.0002408775064344583,-5.9897087051893955e-22,1.7364653992062129e-06,typ,0.02835489449342355,4.182754553705087e-10,True,0.0016470500432638224,0.4375,0.74,1.0431371210153016e-16,-0.009585875475042274,4.57050186904e-09,True,False,39,0.875,494,8.682326996031065e-05,0.004341163498015533,8.682326996031065e-05,8.682326996031065e-05,0.0,18.02228677253741,5.478118283205413,-0.0010596015718399613,-0.0010596015718399613,0.49997874579564744,0.006041855077035264,0.0,0.003996312304550632,0.003996312304550632,True,0.0002408775064344583,9.981635577872323e-07,success,0.9999574915912945,0.44195820566885635,0.5,3.1667835960868814e-15,0.02,"[0.005, 0.0075, 0.01, 0.015, 0.02, 0.03, 0.05, 0.08]",0.003062020561580572,0.0038776497559635578,False,-2.0862742420306033e-18,8.293683982125355e-05,True,success,-2.92869746777124e-17,1.2433100943817618e-16,0.007208914709014963,-2.4866201887635237e-18,0.0
0.24449739683792546,3.2511053419948084e-19,0.0015374635387570077,0.0006488824054679335,-1.195605204974264e-21,7.892297845349524e-06,typ,0.05124878462523359,5.1211732105597875e-09,True,0.002653944025007637,0.4375,0.74,-4.432365312189028e-17,-0.0091867757167452,4.57050186904e-09,True,False,39,0.875,494,0.00026307659484498414,0.008769219828166138,0.00026307659484498414,0.00026307659484498414,0.0,13.51434366885372,4.107867890032778,-0.0010596015718399613,-0.0010596015718399613,0.49997874579564744,0.006041855077035264,0.0,0.003996312304550632,0.003996312304550632,True,0.0006488824054679335,9.981635577872323e-07,success,0.9999574915912945,0.44195820566885635,0.5,3.1667835960868814e-15,0.03,"[0.005, 0.0075, 0.01, 0.015, 0.02, 0.03, 0.05, 0.08]",0.005133323585501224,0.006288261382906154,False,1.3297095936567084e-18,0.0003759058329593133,True,success,-1.670717664955683e-17,6.141868926733436e-17,0.012162909301968347,-1.842560678020031e-18,0.0
0.3596243786791394,-1.1203220976259e-19,0.004715407513259261,0.001643482678333359,4.910694216818083e-21,4.1610248162566996e-05,typ,0.09430815026518521,6.838572209633134e-08,True,0.004569997963902474,0.4375,0.74,6.230512523876825e-18,-0.007727201018206591,4.57050186904e-09,True,False,39,0.875,494,0.0008322049632513399,0.016644099265026798,0.0008322049632513399,0.0008322049632513399,0.0,10.127334765648659,3.0783406367931585,-0.0010596015718399613,-0.0010596015718399613,0.49997874579564744,0.006041855077035264,0.0,0.003996312304550632,0.003996312304550632,True,0.001643482678333359,9.981635577872323e-07,success,0.9999574915912945,0.44195820566885635,0.5,3.1667835960868814e-15,0.05,"[0.005, 0.0075, 0.01, 0.015, 0.02, 0.03, 0.05, 0.08]",0.008824316465875554,0.013112035203448754,False,-3.1152562619384126e-19,0.0016957754971748075,True,success,1.8778468649184324e-17,-5.975961026614498e-17,0.025318336914121647,2.9879805133072496e-18,0.0
0.4413216671341204,8.263997159028923e-19,0.012497845480845211,0.00307481711294691,5.912660733558126e-20,0.00015212351809608765,typ,0.15622306851056514,4.677519967235393e-07,True,0.00696729243527591,0.4375,0.74,-2.3406955103445673e-17,-0.0039634013495094,4.57050186904e-09,True,False,39,0.875,494,0.0019015439762010956,0.023769299702513694,0.0019015439762010956,0.0019015439762010956,0.0,7.73031332576823,2.349733488278921,-0.0010596015718399613,-0.0010596015718399613,0.4999787457956474,0.006041855077035264,0.0,0.003996312304550632,0.003996312304550632,True,0.00307481711294691,9.981635577872323e-07,success,0.9999574915912945,0.44195820566885635,0.5,3.1667835960868814e-15,0.08,"[0.005, 0.0075, 0.01, 0.015, 0.02, 0.03, 0.05, 0.08]",0.01217197942871348,0.02831912958637274,False,1.872556408275654e-18,0.0055155700031912416,True,success,8.645201795845388e-17,-2.403663582405484e-16,0.04947400528491667,1.922930865924387e-17,0.0
0.1402917955146434,6.058190673216534e-20,1.988323785491596e-05,0.001681565404786488,-8.359532506900647e-23,3.3169285882713087e-07,arith,0.003976647570983192,5.577632364184317e-10,True,0.011986199183051794,0.4375,0.7,-8.636557328235478e-17,-0.02064544565082046,4.812804717703723e-09,True,False,40,0.875,959,6.633857176542617e-05,0.013267714353085235,6.633857176542617e-05,6.633857176542617e-05,0.0,7.8900971174355625,2.3983019369747054,-3.77383554403017e-06,-3.77383554403017e-06,0.4999797266795404,0.012375102622750617,0.0,0.009262735091524366,0.012375102622750617,True,0.001681565404786488,9.57205065148798e-06,success,0.9999594533590808,0.9999594533590808,0.5,3.487157016473214e-15,0.005,"[0.005, 0.0075, 0.01, 0.015, 0.02, 0.03, 0.05, 0.08]",0.016682034447680395,0.00014172773099080182,False,4.3182786641177393e-19,2.7894551393108866e-06,True,success,-3.5396233241543324e-18,9.94256004923231e-18,0.00019725242793588906,-4.9712800246161546e-20,0.0
0.175749005544737,1.8481200117904766e-19,5.299945724931542e-05,0.002524850244905693,2.98612201131643e-21,1.0499093013549378e-06,arith,0.0070665942999087236,2.6508637566547797e-09,True,0.014366227775115297,0.4375,0.7,-1.4020904460215466e-16,-0.02063173143694619,4.812804717703723e-09,True,False,40,0.875,959,0.00013998790684732504,0.018665054246310007,0.00013998790684732504,0.00013998790684732504,0.0,7.392539135328866,2.2470624459414745,-3.77383554403017e-06,-3.77383554403017e-06,0.4999797266795404,0.012375102622750617,0.0,0.009262735091524366,0.012375102622750617,True,0.002524850244905693,9.57205065148798e-06,success,0.9999594533590808,0.9999594533590808,0.5,3.487157016473214e-15,0.0075,"[0.005, 0.0075, 0.01, 0.015, 0.02, 0.03, 0.05, 0.08]",0.019809812323474296,0.0003015633407713615,False,1.0515678345161598e-18,9.314601905977987e-06,True,success,5.799811050402475e-17,-1.576923630667564e-16,0.0004158303263622487,1.182692723000673e-18,0.0
0.2028343166366992,4.997494388798831e-20,0.00010528255153906415,0.0032910054446323284,1.9058241313215175e-21,2.3414679340446847e-06,arith,0.010528255153906414,7.705783719373066e-09,True,0.016225091982472163,0.4375,0.7,-2.4638308111097135e-17,-0.020609804616789257,4.812804717703723e-09,True,False,40,0.875,959,0.00023414679340446847,0.023414679340446845,0.00023414679340446847,0.00023414679340446847,0.0,7.114749499620697,2.162624521860898,-3.77383554403017e-06,-3.77383554403017e-06,0.4999797266795404,0.012375102622750617,0.0,0.009262735091524366,0.012375102622750617,True,0.0032910054446323284,9.57205065148798e-06,success,0.9999594533590808,0.9999594533590808,0.5,3.487157016473214e-15,0.01,"[0.005, 0.0075, 0.01, 0.015, 0.02, 0.03, 0.05, 0.08]",0.02223984791227162,0.0005190568996647541,False,2.4638308111097137e-19,2.135491439519414e-05,True,success,2.171072937820188e-17,-5.791008746065555e-17,0.0007114749499620696,5.791008746065555e-19,0.0
0.24372326863425842,-2.986104438193144e-19,0.00027370262593198654,0.0046564664272785265,3.3687774031617064e-21,7.100403208563435e-06,arith,0.018246841728799104,3.3062789160816364e-08,True,0.019105547260102686,0.4375,0.7,8.168019013055938e-17,-0.020538245472835667,4.812804717703723e-09,True,False,40,0.875,959,0.000473360213904229,0.03155734759361527,0.000473360213904229,0.000473360213904229,0.0,6.777101926204367,2.059991966483381,-3.77383554403017e-06,-3.77383554403017e-06,0.4999797266795403,0.012375102622750617,0.0,0.009262735091524366,0.012375102622750617,True,0.0046564664272785265,9.57205065148798e-06,success,0.9999594533590808,0.9999594533590808,0.5,3.487157016473214e-15,0.015,"[0.005, 0.0075, 0.01, 0.015, 0.02, 0.03, 0.05, 0.08]",0.025942035391095745,0.001123005724753825,False,-1.2252028519583906e-18,6.67076986259235e-05,True,success,1.8526892068533592e-17,-4.823081272423976e-17,0.0015248479333959824,7.234621908635964e-19,0.0
0.2745830733278213,-9.731101403104769e-20,0.0005343761239795584,0.005858153428947784,1.2946156517960705e-21,1.5347787185030678e-05,arith,0.026718806198977922,8.990969212474832e-08,True,0.021334721612478305,0.4375,0.7,1.7719776541882696e-17,-0.02042608948029468,4.812804717703723e-09,True,False,40,0.875,959,0.0007673893592515338,0.03836946796257669,0.0007673893592515338,0.0007673893592515338,0.0,6.549754701366442,1.9908866967282435,-3.77383554403017e-06,-3.77383554403017e-06,0.4999797266795403,0.012375102622750617,0.0,0.009262735091524366,0.012375102622750617,True,0.005858153428947784,9.57205065148798e-06,success,0.9999594533590808,0.9999594533590808,0.5,3.487157016473214e-15,0.02,"[0.005, 0.0075, 0.01, 0.015, 0.02, 0.03, 0.05, 0.08]",0.028720944848235355,0.0019461364369739336,False,-3.5439553083765395e-19,0.000146730638435316,True,success,4.317552210577035e-18,-1.1049690550940415e-17,0.002619901880546577,2.209938110188083e-19,0.0
0.3202900096509778,-1.0000793768738424e-18,0.0013528564115531938,0.007913319980603559,2.2715272253305214e-22,4.425544994448663e-05,arith,0.045095213718439796,3.502075362963067e-07,True,0.024706733716817322,0.4375,0.7,1.0408060890021054e-16,-0.020068289507962737,4.812804717703723e-09,True,False,40,0.875,959,0.001475181664816221,0.0491727221605407,0.001475181664816221,0.001475181664816221,0.0,6.213918087612861,1.888804607080401,-3.77383554403017e-06,-3.77383554403017e-06,0.49997972667954044,0.012375102622750617,0.0,0.009262735091524366,0.012375102622750617,True,0.007913319980603559,9.57205065148798e-06,success,0.9999594533590808,0.9999594533590808,0.5,3.487157016473214e-15,0.03,"[0.005, 0.0075, 0.01, 0.015, 0.02, 0.03, 0.05, 0.08]",0.032712599479554245,0.00422384829619697,False,-3.122418267006316e-18,0.00043330639311275963,True,success,3.838443943605153e-19,-9.568370085283595e-19,0.005592526278851574,2.870511025585079e-20,0.0
0.37991320177260407,-5.527729545943817e-19,0.0042373691239218835,0.011087640519183697,6.906671832777853e-20,0.00015873706325315065,arith,0.08474738247843766,1.7600194944218587e-06,True,0.029184667622632846,0.4375,0.7,2.909996030752531e-17,-0.01877395548684164,4.812804717703723e-09,True,False,40,0.875,959,0.003174741265063013,0.06349482530126026,0.003174741265063013,0.003174741265063013,0.0,5.726630944735474,1.7406870768103115,-3.77383554403017e-06,-3.77383554403017e-06,0.4999797266795403,0.012375102622750617,0.0,0.009262735091524366,0.012375102622750617,True,0.011087640519183697,9.57205065148798e-06,success,0.9999594533590808,0.9999594533590808,0.5,3.487157016473214e-15,0.05,"[0.005, 0.0075, 0.01, 0.015, 0.02, 0.03, 0.05, 0.08]",0.03746123092203779,0.011153519025269747,False,-1.4549980153762657e-18,0.0016098324709615372,True,success,5.2060709450256015e-17,-1.245832568404074e-16,0.014316577361838686,6.22916284202037e-18,0.0
0.43343175750517005,-1.1762882736540709e-18,0.0116718952021775,0.014402233911945839,-7.276502848548434e-20,0.00047789168293927066,arith,0.14589869002721875,6.882707802264833e-06,True,0.033228377161020665,0.4375,0.7,3.392368733041094e-17,-0.015312726655347433,4.812804717703723e-09,True,False,40,0.875,959,0.005973646036740883,0.07467057545926103,0.005973646036740883,0.005973646036740883,0.0,5.184652319618696,1.5759453293932753,-3.77383554403017e-06,-3.77383554403017e-06,0.4999797266795404,0.012375102622750617,0.0,0.009262735091524366,0.012375102622750617,True,0.014402233911945839,9.57205065148798e-06,success,0.9999594533590808,0.9999594533590808,0.5,3.487157016473214e-15,0.08,"[0.005, 0.0075, 0.01, 0.015, 0.02, 0.03, 0.05, 0.08]",0.04094379487318525,0.026929026311687084,False,-2.7138949864328755e-18,0.005058970050895956,True,success,-2.7735949471772967e-17,6.315428992679554e-17,0.033181774845559654,-5.052343194143643e-18,0.0
0.0037944156072342457,7.000015933729997e-23,4.797710591628618e-07,4.828556980448318e-07,-2.8535307752378616e-25,9.042407955435628e-11,typ,9.595421183257235e-05,4.366178205328011e-17,True,0.00012725429895561334,0.4375,0.7,-3.689641124385063e-18,-0.010458356283798733,4.573185465004506e-09,True,False,41,0.875,454,1.8084815910871256e-08,3.616963182174251e-06,1.8084815910871256e-08,1.8084815910871256e-08,0.0,7.490774566438741,2.2769224364084786,-0.0008193875138187777,-0.0008193875138187777,0.499978640856195,0.003595152643631227,0.0,0.002690533676351838,0.002690533676351838,True,4.828556980448318e-07,4.524370633384258e-07,success,0.99995728171239,0.4886923235621933,0.5,2.583655144323807e-15,0.005,"[0.005, 0.0075, 0.01, 0.015, 0.02, 0.03, 0.05, 0.08]",0.00018847339335585303,0.00012644135720087012,False,1.8448205621925315e-20,1.8204507947868674e-09,True,success,-4.318489142553792e-17,1.1819393606795206e-16,0.00018726936416096852,-5.909696803397605e-19,0.0
0.005126155142747221,-5.823351512373315e-21,4.91520391730906e-06,1.0817032739184165e-06,-3.9291079096268815e-24,2.897463285410511e-09,typ,0.0006553605223078747,3.1341955218869608e-15,True,0.00021101649165825045,0.4375,0.7,1.5146768810050623e-16,-0.01045762120012407,4.573185465004506e-09,True,False,41,0.875,454,3.863284380547348e-07,5.1510458407297974e-05,3.863284380547348e-07,3.863284380547348e-07,0.0,47.61976749936597,14.474673623426062,-0.0008193875138187777,-0.0008193875138187777,0.4999786408561949,0.003595152643631227,0.0,0.002690533676351838,0.002690533676351838,True,1.0817032739184165e-06,4.524370633384258e-07,success,0.99995728171239,0.4886923235621933,0.5,2.583655144323807e-15,0.0075,"[0.005, 0.0075, 0.01, 0.015, 0.02, 0.03, 0.05, 0.08]",0.0005894899447013772,0.0009588480606685058,False,-1.1360076607537967e-18,2.519609783836512e-08,True,success,-7.018283601607897e-17,4.843112406595428e-16,0.0026786119218393353,-3.63233430494657e-18,0.0
0.010486122128014004,1.5246593050558827e-20,2.5948324284199587e-05,5.130126331503894e-06,-3.9704669402610345e-23,2.6227369067843778e-08,typ,0.002594832428419959,1.345497166610161e-13,True,0.0004892300765598181,0.4375,0.7,-1.453978207046347e-16,-0.01045390362377055,4.573185465004506e-09,True,False,41,0.875,454,2.6227369067843776e-06,0.00026227369067843777,2.6227369067843776e-06,2.6227369067843776e-06,0.0,51.12421677958023,15.539898470683605,-0.0008193875138187777,-0.0008193875138187777,0.499978640856195,0.003595152643631227,0.0,0.002690533676351838,0.002690533676351838,True,5.130126331503894e-06,4.524370633384258e-07,success,0.99995728171239,0.4886923235621933,0.5,2.583655144323807e-15,0.01,"[0.005, 0.0075, 0.01, 0.015, 0.02, 0.03, 0.05, 0.08]",0.0010107538652819328,0.002474539583596669,False,1.453978207046347e-18,2.7209729746142845e-07,True,success,-1.0824309223664639e-16,7.739511044549841e-16,0.005112421677958024,-7.73951104454984e-18,0.0
0.03848794140033535,-2.444991129312389e-19,0.00016442873118783778,4.190020074815717e-05,5.276686043590676e-22,3.1602654436237633e-07,typ,0.010961915412522519,1.3241575650529965e-11,True,0.001088657881499271,0.4375,0.7,4.235077343456091e-16,-0.010422106247522284,4.573185465004506e-09,True,False,41,0.875,454,2.1068436290825088e-05,0.0014045624193883392,2.1068436290825088e-05,2.1068436290825088e-05,0.0,33.521615512787584,10.189349284076968,-0.0008193875138187777,-0.0008193875138187777,0.4999786408561949,0.003595152643631227,0.0,0.002690533676351838,0.002690533676351838,True,4.190020074815717e-05,4.524370633384258e-07,success,0.99995728171239,0.4886923235621933,0.5,2.583655144323807e-15,0.015,"[0.005, 0.0075, 0.01, 0.015, 0.02, 0.03, 0.05, 0.08]",0.0019219666908537921,0.004272214236597364,False,-6.352616015184136e-18,6.328523370488994e-06,True,success,1.4500781945806832e-16,-8.395641626804939e-16,0.007542363490377207,1.2593462440207407e-17,0.0
0.08206893693326071,2.187349349325571e-19,0.00045169966707890667,0.00013494306204848877,2.6996126787436693e-21,1.3352358260227239e-06,typ,0.022584983353945334,1.801808109203496e-10,True,0.0016442647741157636,0.4375,0.7,-1.3326292694057592e-16,-0.01033894443970558,4.573185465004506e-09,True,False,41,0.875,454,6.67617913011362e-05,0.0033380895650568097,6.67617913011362e-05,6.67617913011362e-05,0.0,24.73702252181992,7.519153205093885,-0.0008193875138187777,-0.0008193875138187777,0.4999786408561949,0.003595152643631227,0.0,0.002690533676351838,0.002690533676351838,True,0.00013494306204848877,4.524370633384258e-07,success,0.99995728171239,0.4886923235621933,0.5,2.583655144323807e-15,0.02,"[0.005, 0.0075, 0.01, 0.015, 0.02, 0.03, 0.05, 0.08]",0.002956025703223451,0.005503905423390989,False,2.6652585388115184e-18,3.7070511490273655e-05,True,success,2.011162629496362e-16,-1.0002784277170263e-15,0.009894809008727969,2.0005568554340525e-17,0.0
0.17424277975163316,-4.779996151740276e-19,0.0014226631633300112,0.0004818372378679678,1.5655422289349353e-21,7.450630172927675e-06,typ,0.0474221054443337,3.5899910628992102e-09,True,0.0027653211143370297,0.4375,0.7,9.14432180691354e-17,-0.009988693165567665,4.573185465004506e-09,True,False,41,0.875,454,0.00024835433909758915,0.008278477969919639,0.00024835433909758915,0.00024835433909758915,0.0,17.181067213796563,5.22241819902129,-0.0008193875138187777,-0.0008193875138187777,0.49997864085619503,0.003595152643631227,0.0,0.002690533676351838,0.002690533676351838,True,0.0004818372378679678,4.524370633384258e-07,success,0.99995728171239,0.4886923235621933,0.5,2.583655144323807e-15,0.03,"[0.005, 0.0075, 0.01, 0.015, 0.02, 0.03, 0.05, 0.08]",0.005237100646851692,0.008164832800290978,False,-2.7432965420740617e-18,0.00024788878422887285,True,success,2.612871808264409e-17,-1.0830366950342973e-16,0.015462960492416909,3.249110085102892e-18,0.0
0.3055826617981191,3.351180490321164e-18,0.004706445516694376,0.001527923356342931,3.722136503775952e-21,4.552291504257762e-05,typ,0.09412891033388751,6.95555251423693e-08,True,0.0050000328793272375,0.4375,0.7,-2.1933053862428203e-16,-0.008566414066195412,4.573185465004506e-09,True,False,41,0.875,454,0.0009104583008515524,0.018209166017031046,0.0009104583008515524,0.0009104583008515524,0.0,11.917591246601859,3.622513353813792,-0.0008193875138187777,-0.0008193875138187777,0.4999786408561949,0.003595152643631227,0.0,0.002690533676351838,0.002690533676351838,True,0.001527923356342931,4.524370633384258e-07,success,0.99995728171239,0.4886923235621933,0.5,2.583655144323807e-15,0.05,"[0.005, 0.0075, 0.01, 0.015, 0.02, 0.03, 0.05, 0.08]",0.009672461920806669,0.015401546308290402,False,1.0966526931214102e-17,0.0014382081485992914,True,success,1.4113231951823984e-17,-4.872150803015209e-17,0.029793978116504652,2.4360754015076046e-18,0.0
0.40815005865647747,-1.1384400180095263e-18,0.012749519904114074,0.003234757719791913,5.469520648447351e-20,0.0001795869083470106,typ,0.15936899880142594,5.809201381490553e-07,True,0.007925412850459666,0.4375,0.7,3.486585368127139e-17,-0.00475401974778269,4.573185465004506e-09,True,False,41,0.875,454,0.002244836354337632,0.0280604544292204,0.002244836354337632,0.002244836354337632,0.0,8.674669591954938,2.6367833722892087,-0.0008193875138187777,-0.0008193875138187777,0.4999786408561949,0.003595152643631227,0.0,0.002690533676351838,0.002690533676351838,True,0.003234757719791913,4.524370633384258e-07,success,0.99995728171239,0.4886923235621933,0.5,2.583655144323807e-15,0.08,"[0.005, 0.0075, 0.01, 0.015, 0.02, 0.03, 0.05, 0.08]",0.014085778107539613,0.03123733448938397,False,-2.7892682945017113e-18,0.005203717296706086,True,success,7.176142435887929e-17,-2.1135743084335218e-16,0.05551788538851161,1.6908594467468177e-17,0.0
0.6484016452557758,2.4312869965313067e-19,5.332622731426766e-05,0.03241084713601877,-9.723973389655401e-21,2.665497995252217e-06,arith,0.010665245462853532,8.639104806548409e-08,True,0.049985757089239996,0.02083333335,1.36,-7.499323958600487e-17,-0.18943671686101896,4.714384656584069e-09,True,False,42,0.0416666667,733,0.0005330995990504434,0.10661991981008867,0.0005330995990504434,0.0005330995990504434,0.0,3.2896369342842626,0.9999297238056984,-2.5034082607489918e-06,-2.5034082607489918e-06,0.4999798285300359,0.6484117844571817,0.0,0.3746260976190903,0.6484117844571817,True,0.03241084713601877,0.03241155831135166,success,0.9999596570600716,0.9999596570600716,0.5,3.639479325037845e-15,0.005,"[0.005, 0.0075, 0.01, 0.015, 0.02, 0.03, 0.05, 0.08]",0.049984747271612284,8.224258483062916e-05,False,3.7496619793002434e-19,3.457681352585464e-05,True,success,-3.308334320652461e-17,6.000443832181708e-17,8.224092335710658e-05,-3.000221916090854e-19,0.0
0.6483889588400181,-3.358220938067284e-19,0.00011997413357600568,0.03240995712933286,1.5421955340438648e-20,5.99667727698039e-06,arith,0.015996551143467427,1.9435205346537893e-07,True,0.04998536247026009,0.02083333335,1.36,6.905774468204422e-17,-0.18940338934031192,4.714384656584069e-09,True,False,42,0.0416666667,733,0.000799556970264052,0.10660759603520695,0.000799556970264052,0.000799556970264052,0.0,3.2893470241193556,0.9998416016825235,-2.5034082607489918e-06,-2.5034082607489918e-06,0.4999798285300359,0.6484117844571817,0.0,0.3746260976190903,0.6484117844571817,True,0.03240995712933286,0.03241155831135166,success,0.9999596570600716,0.9999596570600716,0.5,3.639479325037845e-15,0.0075,"[0.005, 0.0075, 0.01, 0.015, 0.02, 0.03, 0.05, 0.08]",0.04998308467200883,0.00018503420198678585,False,-5.179330851153316e-19,7.778990355707959e-05,True,success,3.498201924190433e-17,-6.344533884611199e-17,0.00018502577010671373,4.758400413458399e-19,0.0
0.6483711746015101,8.724439356717924e-20,0.00021326269063636988,0.03240870917592529,2.003762315848399e-20,1.0659028171658136e-05,arith,0.021326269063636986,3.454453441132632e-07,True,0.049984808772295795,0.02083333335,1.36,-1.3455933419742137e-17,-0.18935673542821482,4.714384656584069e-09,True,False,42,0.0416666667,733,0.0010659028171658136,0.10659028171658136,0.0010659028171658136,0.0010659028171658136,0.0,3.2889394371733145,0.9997177101070933,-2.5034082607489918e-06,-2.5034082607489918e-06,0.49997982853003586,0.6484117844571817,0.0,0.3746260976190903,0.6484117844571817,True,0.03240870917592529,0.03241155831135166,success,0.9999596570600716,0.9999596570600716,0.5,3.639479325037845e-15,0.01,"[0.005, 0.0075, 0.01, 0.015, 0.02, 0.03, 0.05, 0.08]",0.049980745060713136,0.0003289206846177908,False,1.3455933419742137e-19,0.0001382733812265816,True,success,3.4092318168402546e-17,-6.182789647595368e-17,0.00032889394371733146,6.182789647595368e-19,0.0
0.6483202118954364,1.622292381384687e-19,0.0004796814686725035,0.03240513100161442,6.012331429534324e-20,2.397159323509776e-05,arith,0.0319787645781669,7.768026191007569e-07,True,0.04998321879688805,0.02083333335,1.36,-1.6682007353966177e-17,-0.18922346837423498,4.714384656584069e-09,True,False,42,0.0416666667,733,0.001598106215673184,0.10654041437821227,0.001598106215673184,0.001598106215673184,0.0,3.2877637301606475,0.9993603380286733,-2.5034082607489918e-06,-2.5034082607489918e-06,0.49997982853003586,0.6484117844571817,0.0,0.3746260976190903,0.6484117844571817,True,0.03240513100161442,0.03241155831135166,success,0.9999596570600716,0.9999596570600716,0.5,3.639479325037845e-15,0.015,"[0.005, 0.0075, 0.01, 0.015, 0.02, 0.03, 0.05, 0.08]",0.04997398232088899,0.000739883563509614,False,2.5023011030949264e-19,0.0003109871914120716,True,success,6.821620772510703e-17,-1.2369093501961754e-16,0.0007397468392861457,1.855364025294263e-18,0.0
0.6482484845160866,5.699440104613633e-19,0.0008523650201238556,0.03240008979582051,-6.115599821878265e-20,4.258783419691231e-05,arith,0.04261825100619278,1.379849652189474e-06,True,0.04998097268211428,0.02083333335,1.36,-4.396030411755014e-17,-0.18903696944892284,4.714384656584069e-09,True,False,42,0.0416666667,733,0.0021293917098456155,0.10646958549228078,0.0021293917098456155,0.0021293917098456155,0.0,3.286089210345798,0.998851345039654,-2.5034082607489918e-06,-2.5034082607489918e-06,0.4999798285300359,0.6484117844571817,0.0,0.3746260976190903,0.6484117844571817,True,0.03240008979582051,0.03241155831135166,success,0.9999596570600716,0.9999596570600716,0.5,3.639479325037845e-15,0.02,"[0.005, 0.0075, 0.01, 0.015, 0.02, 0.03, 0.05, 0.08]",0.049964314808136956,0.0013148739109820529,False,8.792060823510028e-19,0.0005525443325498131,True,success,-5.2062278988542526e-17,9.437627889949791e-17,0.0013144356841383194,-1.8875255779899584e-18,0.0
0.6480410334662499,-6.833680414592574e-20,0.0019151625981086735,0.03238547555961843,2.9900667104246455e-20,9.563426710116837e-05,arith,0.06383875327028912,3.0971612198669092e-06,True,0.049974421197365546,0.02083333335,1.36,3.515045118897538e-18,-0.18850460795119783,4.714384656584069e-09,True,False,42,0.0416666667,733,0.003187808903372279,0.10626029677907597,0.003187808903372279,0.003187808903372279,0.0,3.2811096623689027,0.9973377439545854,-2.5034082607489918e-06,-2.5034082607489918e-06,0.4999798285300359,0.6484117844571817,0.0,0.3746260976190903,0.6484117844571817,True,0.03238547555961843,0.03241155831135166,success,0.9999596570600716,0.9999596570600716,0.5,3.639479325037845e-15,0.03,"[0.005, 0.0075, 0.01, 0.015, 0.02, 0.03, 0.05, 0.08]",0.049935325175842704,0.002955310696708244,False,-1.0545135356692615e-19,0.0012411039493342528,True,success,1.6990218788970475e-17,-3.077579952902273e-17,0.002952998696132012,9.232739858706816e-19,0.0
0.6473495786481955,1.2172251134528328e-18,0.005293770720540289,0.032336391160719444,2.078049571098151e-19,0.0002637679748773618,arith,0.10587541441080575,8.529304411305192e-06,True,0.049951976841082914,0.02083333335,1.36,-3.760642328661615e-17,-0.18680630749021337,4.714384656584069e-09,True,False,42,0.0416666667,733,0.005275359497547236,0.10550718995094473,0.005275359497547236,0.005275359497547236,0.0,3.2628003980576947,0.9917723949596894,-2.5034082607489918e-06,-2.5034082607489918e-06,0.4999798285300359,0.6484117844571817,0.0,0.3746260976190903,0.6484117844571817,True,0.032336391160719444,0.03241155831135166,success,0.9999596570600716,0.9999596570600716,0.5,3.639479325037845e-15,0.05,"[0.005, 0.0075, 0.01, 0.015, 0.02, 0.03, 0.05, 0.08]",0.049826104831839295,0.008177607424407094,False,1.8803211643308077e-18,0.00342692024540191,True,success,7.115396338089565e-17,-1.2852699367531505e-16,0.008157000995144237,6.426349683765753e-18,0.0
0.6454212408339937,-3.7283834720341765e-18,0.013319779938704463,0.032197270511534905,2.9982699534168357e-19,0.000658491760368717,arith,0.1664972492338058,2.12016373382084e-05,True,0.04988566919478909,0.02083333335,1.36,7.220833535042309e-17,-0.18270947606352672,4.714384656584069e-09,True,False,42,0.0416666667,733,0.008231147004608962,0.10288933755761202,0.00823114700460896,0.008231147004608962,0.0,3.1955919220156,0.9713434679295413,-2.5034082607489918e-06,-2.5034082607489918e-06,0.49997982853003586,0.6484117844571817,0.0,0.3746260976190903,0.6484117844571817,True,0.032197270511534905,0.03241155831135166,success,0.9999596570600716,0.9999596570600716,0.5,3.639479325037845e-15,0.08,"[0.005, 0.0075, 0.01, 0.015, 0.02, 0.03, 0.05, 0.08]",0.0494371351027564,0.0206373436385407,False,-5.776666828033848e-18,0.00859686889567437,True,success,6.51157477121548e-17,-1.1640233418010869e-16,0.02045178830089984,9.312186734408695e-18,2.1075112314303986e-16
0.7223783314958387,2.758691803822272e-19,6.0093038360991543e-05,0.0003109666050494975,-1.33046490862415e-22,2.551453637100305e-08,typ,0.012018607672198306,7.934168754702744e-12,True,0.0004304760974842292,0.02083333335,1.36,-7.637803304841137e-17,-0.16096313570490942,4.612496187306965e-09,True,False,43,0.0416666667,480,5.102907274200609e-06,0.001020581454840122,5.102907274200609e-06,5.102907274200609e-06,0.0,3.281964809943733,0.9975976776479974,-0.30406963718513963,-0.30406963718513963,0.4999794155035277,0.7001720478674731,0.0,0.06993602661105787,0.06993602661105787,True,0.0003109666050494975,0.00030630720377024625,success,0.9999588310070552,0.028607186450912685,0.5,9.398299374322199e-15,0.005,"[0.005, 0.0075, 0.01, 0.015, 0.02, 0.03, 0.05, 0.08]",0.00042458389635304937,8.318776427935768e-05,False,3.818901652420569e-19,4.3409908785728505e-05,True,success,-4.723378057038971e-17,8.556963268852459e-17,8.204912024859332e-05,-4.2784816344262293e-19,0.0
0.7250010065222282,-5.470509350282695e-19,0.0001345141645535429,0.00031052557727138155,2.0613599358762872e-22,5.639400038062415e-08,typ,0.01793522194047239,1.7511779522835826e-11,True,0.00042831054643764963,0.02083333335,1.36,1.006069288376907e-16,-0.1609256980091488,4.612496187306965e-09,True,False,43,0.0416666667,480,7.519200050749887e-06,0.0010025600067666517,7.519200050749887e-06,7.519200050749887e-06,0.0,3.2285907511266667,0.9813739092025747,-0.30406963718513963,-0.30406963718513963,0.4999794155035277,0.7001720478674731,0.0,0.06993602661105787,0.06993602661105787,True,0.00031052557727138155,0.00030630720377024625,success,0.9999588310070552,0.028607186450912685,0.5,9.398299374322199e-15,0.0075,"[0.005, 0.0075, 0.01, 0.015, 0.02, 0.03, 0.05, 0.08]",0.0004192420966802846,0.00018553652111297968,False,-7.545519662826802e-19,9.752290469281524e-05,True,success,4.925935156003472e-17,-8.851058063084132e-17,0.000181608229750875,6.638293547313099e-19,0.0
0.7255161372740215,-2.6850944427961326e-19,0.00023883987241393018,0.000309135802802897,-3.618915179919496e-23,9.814759105029675e-08,typ,0.02388398724139302,3.0340934352503915e-11,True,0.0004260908709272981,0.02083333335,1.36,3.700943790009724e-17,-0.1608734300692442,4.612496187306965e-09,True,False,43,0.0416666667,480,9.814759105029674e-06,0.0009814759105029674,9.814759105029674e-06,9.814759105029674e-06,0.0,3.174902103231149,0.965054517143783,-0.30406963718513963,-0.30406963718513963,0.49997941550352765,0.7001720478674731,0.0,0.06993602661105787,0.06993602661105787,True,0.000309135802802897,0.00030630720377024625,success,0.9999588310070552,0.028607186450912685,0.5,9.398299374322199e-15,0.01,"[0.005, 0.0075, 0.01, 0.015, 0.02, 0.03, 0.05, 0.08]",0.00041093469887723967,0.00032919994489898205,False,-3.7009437900097242e-19,0.00017328218166077475,True,success,-6.5699782048151266e-18,1.17065546827874e-17,0.0003174902103231149,-1.17065546827874e-19,0.0
0.7256700943457065,7.047300503578879e-19,0.0005374135143391224,0.00030494953226567077,-6.154223799662846e-22,2.0857053835012336e-07,typ,0.035827567622608164,6.360348811426927e-11,True,0.00042023163782245373,0.02083333335,1.36,-6.474292343486112e-17,-0.16072416404924428,4.612496187306965e-09,True,False,43,0.0416666667,480,1.3904702556674891e-05,0.0009269801704449927,1.3904702556674891e-05,1.3904702556674891e-05,0.0,3.0397822339908083,0.9239830018886954,-0.30406963718513963,-0.30406963718513963,0.4999794155035277,0.7001720478674731,0.0,0.06993602661105787,0.06993602661105787,True,0.00030494953226567077,0.00030630720377024625,success,0.9999588310070552,0.028607186450912685,0.5,9.398299374322199e-15,0.015,"[0.005, 0.0075, 0.01, 0.015, 0.02, 0.03, 0.05, 0.08]",0.0003881006576595127,0.0007405755294679412,False,9.711438515229168e-19,0.0003899849156531287,True,success,-7.716721356431961e-17,1.3454081519520226e-16,0.0006839510026479318,-2.018112227928034e-18,0.0
0.7257548751426756,-7.584075181598105e-19,0.0009558359726133003,0.0002993389914638866,-7.94788464981137e-22,3.4365743447877193e-07,typ,0.04779179863066501,1.0287006984594228e-10,True,0.00041245191967196883,0.02083333335,1.36,5.224956415282197e-17,-0.16051512250161765,4.612496187306965e-09,True,False,43,0.0416666667,480,1.7182871723938597e-05,0.0008591435861969299,1.7182871723938597e-05,1.7182871723938597e-05,0.0,2.870135901759328,0.8724167003418708,-0.30406963718513963,-0.30406963718513963,0.49997941550352765,0.7001720478674731,0.0,0.06993602661105787,0.06993602661105787,True,0.0002993389914638866,0.00030630720377024625,success,0.9999588310070552,0.028607186450912685,0.5,9.398299374322199e-15,0.02,"[0.005, 0.0075, 0.01, 0.015, 0.02, 0.03, 0.05, 0.08]",0.0003595359918702332,0.0013170231511367985,False,-1.0449912830564394e-18,0.0006937026169608436,True,success,-7.836227539816857e-17,1.3275725642929202e-16,0.0011480543607037311,-2.6551451285858404e-18,0.0
0.7259834842994474,1.6412780808502808e-18,0.0021531966726620793,0.0002849429913595433,-1.704122872600816e-21,6.36423798607232e-07,typ,0.07177322242206931,1.8134450094754822e-10,True,0.00039249238794255057,0.02083333335,1.36,-7.535883466339301e-17,-0.15991735891948136,4.612496187306965e-09,True,False,43,0.0416666667,480,2.1214126620241067e-05,0.0007071375540080356,2.1214126620241067e-05,2.1214126620241067e-05,0.0,2.4816808114285704,0.75434051170926,-0.30406963718513963,-0.30406963718513963,0.4999794155035277,0.7001720478674731,0.0,0.06993602661105787,0.06993602661105787,True,0.0002849429913595433,0.00030630720377024625,success,0.9999588310070552,0.028607186450912685,0.5,9.398299374322199e-15,0.03,"[0.005, 0.0075, 0.01, 0.015, 0.02, 0.03, 0.05, 0.08]",0.00029557160601609,0.00296590310830535,False,2.2607650399017903e-18,0.001563185222801193,True,success,-1.2654608396231372e-16,1.9935249322094986e-16,0.0022335127302857134,-5.980574796628496e-18,0.0
0.7266203545305774,4.492352297143981e-18,0.005996094299340382,0.00025049540200566594,-2.11539416591893e-21,1.1042433375974116e-06,typ,0.11992188598680763,2.766078787635419e-10,True,0.0003447404142256583,0.02083333335,1.36,-1.2365060431168902e-16,-0.15800068132672304,4.612496187306965e-09,True,False,43,0.0416666667,480,2.208486675194823e-05,0.00044169733503896457,2.208486675194823e-05,2.208486675194823e-05,0.0,1.7632951802802905,0.5359774643304852,-0.30406963718513963,-0.30406963718513963,0.4999794155035277,0.7001720478674731,0.0,0.06993602661105787,0.06993602661105787,True,0.00025049540200566594,0.00030630720377024625,success,0.9999588310070552,0.028607186450912685,0.5,9.398299374322199e-15,0.05,"[0.005, 0.0075, 0.01, 0.015, 0.02, 0.03, 0.05, 0.08]",0.00018416043552198423,0.008252031837470438,False,6.182530215584451e-18,0.004356884165585482,True,success,-1.2719177532328072e-16,1.6889684592861964e-16,0.004408237950700727,-8.444842296430981e-18,0.0
0.7274187023071075,-6.281637366849189e-18,0.015225601694650906,0.00020221723765131768,-3.8636736940685215e-21,1.3848666866912066e-06,typ,0.19032002118313632,2.8004391589802865e-10,True,0.00027799290423790067,0.02083333335,1.36,1.0794397619497066e-16,-0.15333278013466053,4.612496187306965e-09,True,False,43,0.0416666667,480,1.731083358364008e-05,0.000216385419795501,1.731083358364008e-05,1.731083358364008e-05,0.0,1.0700641661845536,0.3252605036732106,-0.30406963718513963,-0.30406963718513963,0.49997941550352765,0.7001720478674731,0.0,0.06993602661105787,0.06993602661105787,True,0.00020221723765131768,0.00030630720377024625,success,0.9999588310070552,0.028607186450912685,0.5,9.398299374322199e-15,0.08,"[0.005, 0.0075, 0.01, 0.015, 0.02, 0.03, 0.05, 0.08]",9.095645048811051e-05,0.020931001150177795,False,-8.635518095597653e-18,0.011075387426567858,True,success,-2.308805615826323e-16,2.3883187079794334e-16,0.006848410663581145,-1.910654966383547e-17,0.0
0.6411427596201301,-3.420226396784259e-20,5.272935565932091e-05,0.031510308658366876,-1.2419069997020948e-20,2.5914452622115646e-06,arith,0.010545871131864183,8.165724008354888e-08,True,0.049147102085401975,0.02083333335,1.38,1.0669157049549165e-17,-0.1915617142102465,4.712425725064629e-09,True,False,44,0.0416666667,725,0.0005182890524423129,0.10365781048846258,0.0005182890524423129,0.0005182890524423129,0.0,3.2896475757287926,0.9999329584169647,-2.579219099238376e-06,-2.579219099238376e-06,0.4999798225826844,0.6411523379001187,0.0,0.36460731594757767,0.6411523379001187,True,0.031510308658366876,0.03151096825743839,success,0.9999596451653687,0.9999596451653687,0.5,3.082879391742256e-15,0.005,"[0.005, 0.0075, 0.01, 0.015, 0.02, 0.03, 0.05, 0.08]",0.04914615833644228,8.224276866288322e-05,False,-5.334578524774583e-20,3.380704460040834e-05,True,success,-4.3460200571171037e-17,7.882544174141776e-17,8.224118939321982e-05,-3.941272087070888e-19,0.0
0.6411307751967247,-2.677682904507657e-19,0.0001186317191550951,0.03150948321032896,-4.12266817296429e-21,5.8301089299212135e-06,arith,0.01581756255401268,1.8370371944174142e-07,True,0.04914673328645094,0.02083333335,1.38,5.568667128139937e-17,-0.19152875965841715,4.712425725064629e-09,True,False,44,0.0416666667,725,0.0007773478573228285,0.10364638097637713,0.0007773478573228285,0.0007773478573228285,0.0,3.2893710215596728,0.9998488960296954,-2.579219099238376e-06,-2.579219099238376e-06,0.4999798225826844,0.6411523379001187,0.0,0.36460731594757767,0.6411523379001187,True,0.03150948321032896,0.03151096825743839,success,0.9999596451653687,0.9999596451653687,0.5,3.082879391742256e-15,0.0075,"[0.005, 0.0075, 0.01, 0.015, 0.02, 0.03, 0.05, 0.08]",0.04914460459178819,0.0001850351343978054,False,-4.1765003461049525e-19,7.605844606482625e-05,True,success,-9.61876702270106e-18,1.7445195341965537e-17,0.0001850271199627316,-1.308389650647415e-19,0.0
0.6411139753230376,2.0244087439376396e-19,0.00021087754199022193,0.03150832580458019,1.6225974895839634e-20,1.0363032382597684e-05,arith,0.02108775419902219,3.2652180063430275e-07,True,0.04914621583269046,0.02083333335,1.38,-3.157642512655573e-17,-0.19148262764708524,4.712425725064629e-09,True,False,44,0.0416666667,725,0.0010363032382597684,0.10363032382597684,0.0010363032382597684,0.0010363032382597684,0.0,3.2889822350038247,0.9997307190876271,-2.579219099238376e-06,-2.579219099238376e-06,0.4999798225826844,0.6411523379001187,0.0,0.36460731594757767,0.6411523379001187,True,0.03150832580458019,0.03151096825743839,success,0.9999596451653687,0.9999596451653687,0.5,3.082879391742256e-15,0.01,"[0.005, 0.0075, 0.01, 0.015, 0.02, 0.03, 0.05, 0.08]",0.04914241831915037,0.0003289236393325652,False,3.157642512655573e-19,0.00013519653925170196,True,success,2.8395839209079324e-17,-5.149742006755863e-17,0.0003288982235003825,5.149742006755864e-19,0.0
0.6410658353003522,-1.0882534955757882e-19,0.0004743237375428947,0.031505007411059854,-2.712125254156608e-20,2.330641852666234e-05,arith,0.03162158250285965,7.342688884077597e-07,True,0.04914473003587709,0.02083333335,1.38,1.1317126735414723e-17,-0.191350850083893,4.712425725064629e-09,True,False,44,0.0416666667,725,0.0015537612351108226,0.10358408234072151,0.0015537612351108226,0.0015537612351108226,0.0,3.287860910147199,0.9993898772024645,-2.579219099238376e-06,-2.579219099238376e-06,0.4999798225826844,0.6411523379001187,0.0,0.36460731594757767,0.6411523379001187,True,0.031505007411059854,0.03151096825743839,success,0.9999596451653687,0.9999596451653687,0.5,3.082879391742256e-15,0.015,"[0.005, 0.0075, 0.01, 0.015, 0.02, 0.03, 0.05, 0.08]",0.04913609984479146,0.0007398986366519821,False,-1.6975690103122084e-19,0.00030407274301072083,True,success,-3.1650616890204733e-17,5.739035319624598e-17,0.0007397687047831198,-8.608552979436897e-19,0.0
0.640998085464303,-9.711211497615953e-19,0.0008428625298737552,0.03150033260855642,-6.944755726910435e-20,4.140736656476805e-05,arith,0.04214312649368776,1.3043458192346116e-06,True,0.04914263134770418,0.02083333335,1.38,7.575070595243429e-17,-0.19116643228164298,4.712425725064629e-09,True,False,44,0.0416666667,725,0.002070368328238402,0.1035184164119201,0.002070368328238402,0.002070368328238402,0.0,3.286264234041816,0.9989045458637918,-2.579219099238376e-06,-2.579219099238376e-06,0.4999798225826844,0.6411523379001187,0.0,0.36460731594757767,0.6411523379001187,True,0.03150033260855642,0.03151096825743839,success,0.9999596451653687,0.9999596451653687,0.5,3.082879391742256e-15,0.02,"[0.005, 0.0075, 0.01, 0.015, 0.02, 0.03, 0.05, 0.08]",0.04912707007033529,0.0013149220707316667,False,-1.5150141190486859e-18,0.000540273267958676,True,success,-6.080798317044201e-17,1.1023305393645326e-16,0.0013145056936167267,-2.2046610787290653e-18,0.0
0.6408021704508972,1.4727838531536154e-18,0.0018939308659643409,0.03148678327951186,-9.266328011170452e-20,9.299202660383444e-05,arith,0.06313102886547803,2.9280197883975367e-06,True,0.049136511596638864,0.02083333335,1.38,-7.66114682017644e-17,-0.19063998934478577,4.712425725064629e-09,True,False,44,0.0416666667,725,0.003099734220127815,0.10332447400426051,0.003099734220127815,0.003099734220127815,0.0,3.281518886417741,0.9974621331495951,-2.579219099238376e-06,-2.579219099238376e-06,0.49997982258268436,0.6411523379001187,0.0,0.36460731594757767,0.6411523379001187,True,0.03148678327951186,0.03151096825743839,success,0.9999596451653687,0.9999596451653687,0.5,3.082879391742256e-15,0.03,"[0.005, 0.0075, 0.01, 0.015, 0.02, 0.03, 0.05, 0.08]",0.04910001113292237,0.0029555625016558324,False,2.2983440460529316e-18,0.0012136350095938969,True,success,-5.415276865989528e-17,9.809754068251615e-17,0.0029533669977759663,-2.942926220475484e-18,0.0
0.6401495413195173,6.149997226139525e-19,0.005236292577577325,0.03144130660497561,-2.719104973889147e-20,0.000256569250062112,arith,0.1047258515515465,8.06687245661152e-06,True,0.049115565310203564,0.02083333335,1.38,-1.9214251762057836e-17,-0.18896032981738664,4.712425725064629e-09,True,False,44,0.0416666667,725,0.00513138500124224,0.1026277000248448,0.00513138500124224,0.00513138500124224,0.0,3.264104170804527,0.9921686943534185,-2.579219099238376e-06,-2.579219099238376e-06,0.4999798225826844,0.6411523379001187,0.0,0.36460731594757767,0.6411523379001187,True,0.03144130660497561,0.03151096825743839,success,0.9999596451653687,0.9999596451653687,0.5,3.082879391742256e-15,0.05,"[0.005, 0.0075, 0.01, 0.015, 0.02, 0.03, 0.05, 0.08]",0.04899826475716506,0.008179795875169954,False,9.607125881028918e-19,0.0033520102917509176,True,success,-9.573558139504891e-18,1.7296386616826203e-17,0.008160260427011318,-8.648193308413103e-19,0.0
0.6383327223303725,-1.0424217566139796e-18,0.013186449633644187,0.03131261427714567,2.403834648993969e-19,0.0006413213459879064,arith,0.16483062042055233,2.0081447934619196e-05,True,0.04905375078193102,0.02083333335,1.38,2.0412978219422782e-17,-0.18490640593887545,4.712425725064629e-09,True,False,44,0.0416666667,725,0.00801651682484883,0.10020646031061037,0.00801651682484883,0.00801651682484883,0.0,3.2001946379721056,0.9727425258155891,-2.579219099238376e-06,-2.579219099238376e-06,0.49997982258268436,0.6411523379001187,0.0,0.36460731594757767,0.6411523379001187,True,0.03131261427714567,0.03151096825743839,success,0.9999596451653687,0.9999596451653687,0.5,3.082879391742256e-15,0.08,"[0.005, 0.0075, 0.01, 0.015, 0.02, 0.03, 0.05, 0.08]",0.04863487624080598,0.020657643220144163,False,-1.6330382575538226e-18,0.008417342292516438,True,success,5.364226151032527e-17,-9.59611128169387e-17,0.02048124568302148,7.676889025355096e-18,0.0
0.7090907755156797,-1.0578740475637073e-19,6.010169283527639e-05,0.00017499862088973833,9.115800834961547e-23,1.4536697823711145e-08,typ,0.012020338567055278,2.5439020714403107e-12,True,0.00024679297338549104,0.02083333335,1.38,2.983747875705697e-17,-0.16317404855600134,4.612268007810061e-09,True,False,45,0.0416666667,485,2.9073395647422288e-06,0.0005814679129484457,2.9073395647422288e-06,2.9073395647422288e-06,0.0,3.3226999732461446,1.0099796825329903,-0.5297034842296672,-0.5297034842296672,0.4999798109332895,0.6485507952712461,0.0,0.05145622772578397,0.05145622772578397,True,0.00017499862088973833,0.0001656644412205218,success,0.9999596218665792,0.021619134901589718,0.5,1.1217038882731798e-14,0.005,"[0.005, 0.0075, 0.01, 0.015, 0.02, 0.03, 0.05, 0.08]",0.00024186835907521895,8.475881355467922e-05,False,-1.4918739378528484e-19,4.261755598237131e-05,True,success,5.715373719730403e-17,-1.0418140198607799e-16,8.306749933115362e-05,5.2090700993038995e-19,0.0
0.7159574352341406,-6.891142421505767e-19,0.00013337939490671053,0.00017542215031896477,-8.066303442099134e-23,3.1872004049226065e-08,typ,0.01778391932089474,5.591055485289988e-12,True,0.00024501756904248955,0.02083333335,1.38,1.2833430373324074e-16,-0.16313680492052535,4.612268007810061e-09,True,False,45,0.0416666667,485,4.249600539896809e-06,0.0005666134053195746,4.249600539896809e-06,4.249600539896809e-06,0.0,3.229999200724188,0.981802026543539,-0.5297034842296672,-0.5297034842296672,0.4999798109332895,0.6485507952712461,0.0,0.05145622772578397,0.05145622772578397,True,0.00017542215031896477,0.0001656644412205218,success,0.9999596218665792,0.021619134901589718,0.5,1.1217038882731798e-14,0.0075,"[0.005, 0.0075, 0.01, 0.015, 0.02, 0.03, 0.05, 0.08]",0.00023895747968806036,0.00018629514597203852,False,-9.625072779993055e-19,9.549396949049006e-05,True,success,-3.4113607977847864e-17,6.13096535219558e-17,0.00018168745504073554,-4.5982240141466855e-19,0.0
0.7172723108028244,-4.421511984667449e-19,0.00023628912162286078,0.0001746721064394335,-8.375203702099405e-24,5.524006757744793e-08,typ,0.02362891216228608,9.648898963609484e-12,True,0.00024352272325126774,0.02083333335,1.38,6.164342214351707e-17,-0.16308505401243462,4.612268007810061e-09,True,False,45,0.0416666667,485,5.524006757744793e-06,0.0005524006757744793,5.524006757744793e-06,5.524006757744793e-06,0.0,3.1625007966914334,0.9612849719718367,-0.5297034842296672,-0.5297034842296672,0.4999798109332895,0.6485507952712461,0.0,0.05145622772578397,0.05145622772578397,True,0.0001746721064394335,0.0001656644412205218,success,0.9999596218665792,0.021619134901589718,0.5,1.1217038882731798e-14,0.01,"[0.005, 0.0075, 0.01, 0.015, 0.02, 0.03, 0.05, 0.08]",0.00023378167897892554,0.00032942735703597487,False,-6.164342214351708e-19,0.00016948364428399896,True,success,-2.6962272853483392e-18,4.7948146231370126e-18,0.00031625007966914337,-4.794814623137013e-20,0.0
0.7175697456212141,2.1683849004695501e-19,0.0005313827551739302,0.00017204952209232558,-2.944763025663059e-22,1.1660879532882235e-07,typ,0.035425517011595346,2.0062487508085695e-11,True,0.0002397669677995955,0.02083333335,1.38,-2.014563660839535e-17,-0.16293744266078108,4.612268007810061e-09,True,False,45,0.0416666667,485,7.773919688588157e-06,0.0005182613125725438,7.773919688588157e-06,7.773919688588157e-06,0.0,3.0122798730846423,0.9156232866087809,-0.5297034842296672,-0.5297034842296672,0.4999798109332896,0.6485507952712461,0.0,0.05145622772578397,0.05145622772578397,True,0.00017204952209232558,0.0001656644412205218,success,0.9999596218665792,0.021619134901589718,0.5,1.1217038882731798e-14,0.015,"[0.005, 0.0075, 0.01, 0.015, 0.02, 0.03, 0.05, 0.08]",0.0002194440715161229,0.0007405311587013772,False,3.021845491259302e-19,0.000381304188457657,True,success,-6.574427822426765e-17,1.1410524868465233e-16,0.0006777629714440444,-1.7115787302697847e-18,0.0
0.7176435215827175,-1.0608823918591917e-18,0.0009450171701513817,0.00016853835580042689,-5.301331974486286e-22,1.907822413445828e-07,typ,0.047250858507569084,3.215412527213621e-11,True,0.00023484968613487402,0.02083333335,1.38,7.391430145704391e-17,-0.16273075767268666,4.612268007810061e-09,True,False,45,0.0416666667,485,9.53911206722914e-06,0.000476955603361457,9.53911206722914e-06,9.53911206722914e-06,0.0,2.829952867976471,0.8602025227062134,-0.5297034842296672,-0.5297034842296672,0.4999798109332896,0.6485507952712461,0.0,0.05145622772578397,0.05145622772578397,True,0.00016853835580042689,0.0001656644412205218,success,0.9999596218665792,0.021619134901589718,0.5,1.1217038882731798e-14,0.02,"[0.005, 0.0075, 0.01, 0.015, 0.02, 0.03, 0.05, 0.08]",0.0002018823015819083,0.0013168336949063596,False,-1.4782860291408783e-18,0.0006781854499435718,True,success,-9.349032107701987e-17,1.572737537787484e-16,0.0011319811471905885,-3.1454750755749676e-18,0.0
0.7178285619334166,1.8853416798108216e-18,0.0021282716193550227,0.00015970279362587922,-4.270944011095128e-22,3.4881203439751127e-07,typ,0.0709423873118341,5.570625634360883e-11,True,0.00022248041119418807,0.02083333335,1.38,-8.75483729584307e-17,-0.16213983663736187,4.612268007810061e-09,True,False,45,0.0416666667,485,1.1627067813250375e-05,0.00038756892710834585,1.1627067813250375e-05,1.1627067813250375e-05,0.0,2.4268136975503842,0.7376629089457297,-0.5297034842296672,-0.5297034842296672,0.4999798109332895,0.6485507952712461,0.0,0.05145622772578397,0.05145622772578397,True,0.00015970279362587922,0.0001656644412205218,success,0.9999596218665792,0.021619134901589718,0.5,1.1217038882731798e-14,0.03,"[0.005, 0.0075, 0.01, 0.015, 0.02, 0.03, 0.05, 0.08]",0.00016389451009228768,0.002964874528846672,False,2.6264511887529207e-18,0.0015277341559253197,True,success,-5.722316719561889e-17,8.914358799717824e-17,0.0021841323277953456,-2.674307639915347e-18,0.0
0.7183219022563105,8.778997994467476e-19,0.005922642929578821,0.00013929454569074334,-1.4485278972500996e-21,5.968267836623973e-07,typ,0.11845285859157641,8.313471568632119e-11,True,0.00019391660654256433,0.02083333335,1.38,-2.4443074802235302e-17,-0.16024604733405692,4.612268007810061e-09,True,False,45,0.0416666667,485,1.1936535673247947e-05,0.00023873071346495892,1.1936535673247944e-05,1.1936535673247947e-05,0.0,1.713855429737932,0.5209495821986843,-0.5297034842296672,-0.5297034842296672,0.4999798109332896,0.6485507952712461,0.0,0.05145622772578397,0.05145622772578397,True,0.00013929454569074334,0.0001656644412205218,success,0.9999596218665792,0.021619134901589718,0.5,1.1217038882731798e-14,0.05,"[0.005, 0.0075, 0.01, 0.015, 0.02, 0.03, 0.05, 0.08]",0.00010077034708301076,0.008245109763429589,False,1.222153740111765e-18,0.004254364135559946,True,success,-1.588677174368777e-16,2.0798056234966562e-16,0.00428463857434483,-1.0399028117483281e-17,2.8384548764937307e-16
0.718868475044244,-2.0311150937284506e-18,0.015040402661812724,0.00011172215844644062,-1.6673923211450003e-21,7.469941169943429e-07,typ,0.18800503327265905,8.345579509740098e-11,True,0.00015541390716787863,0.02083333335,1.38,3.531791913679763e-17,-0.15563605103680805,4.612268007810061e-09,True,False,45,0.0416666667,485,9.337426462429287e-06,0.00011671783078036608,9.337426462429287e-06,9.337426462429287e-06,0.0,1.044715143382415,0.3175553246897427,-0.5297034842296672,-0.5297034842296672,0.4999798109332895,0.6485507952712461,0.0,0.05145622772578397,0.05145622772578397,True,0.00011172215844644062,0.0001656644412205218,success,0.9999596218665792,0.021619134901589718,0.5,1.1217038882731798e-14,0.08,"[0.005, 0.0075, 0.01, 0.015, 0.02, 0.03, 0.05, 0.08]",4.966583234443223e-05,0.020922328887613324,False,-2.8254335309438103e-18,0.010812071325548702,True,success,-1.82519616489019e-16,1.8655568693030855e-16,0.006686176917647455,-1.4924454954424683e-17,0.0
0.6340177821586562,-3.487713995010929e-20,5.214348840226523e-05,0.030646605660093005,4.365256659053938e-21,2.520421018721456e-06,arith,0.010428697680453045,7.724234905816635e-08,True,0.04833713899277357,0.02083333335,1.4,1.1001943772416672e-17,-0.1936953813889461,4.707204534471187e-09,True,False,46,0.0416666667,717,0.0005040842037442912,0.10081684074885824,0.0005040842037442912,0.0005040842037442912,0.0,3.289657649758537,0.9999360205548179,-2.6562481179477604e-06,-2.6562481179477604e-06,0.49997981643769196,0.6340268340890443,0.0,0.35487763246949644,0.6340268340890443,True,0.030646605660093005,0.030647217885056283,success,0.9999596328753839,0.9999596328753839,0.5,2.4905305672198484e-15,0.005,"[0.005, 0.0075, 0.01, 0.015, 0.02, 0.03, 0.05, 0.08]",0.04833625627954657,8.224294313123362e-05,False,-5.500971886208336e-20,3.3059898870819814e-05,True,success,1.570659505898243e-17,-2.8487700774890255e-17,8.224144124396343e-05,1.4243850387445128e-19,0.0
0.6340064564542927,-3.4214837113153394e-19,0.00011731403091301687,0.030645839510040927,1.1962686018741886e-20,5.670350584292145e-06,arith,0.01564187078840225,1.7377265397188387e-07,True,0.048336794046907744,0.02083333335,1.4,7.195476063866665e-17,-0.19366279293292604,4.707204534471187e-09,True,False,46,0.0416666667,717,0.0007560467445722861,0.10080623260963816,0.0007560467445722861,0.0007560467445722861,0.0,3.2893937389644554,0.999855801292721,-2.6562481179477604e-06,-2.6562481179477604e-06,0.49997981643769207,0.6340268340890443,0.0,0.35487763246949644,0.6340268340890443,True,0.030645839510040927,0.030647217885056283,success,0.9999596328753839,0.9999596328753839,0.5,2.4905305672198484e-15,0.0075,"[0.005, 0.0075, 0.01, 0.015, 0.02, 0.03, 0.05, 0.08]",0.048334803093557144,0.00018503601930034032,False,-5.396607047899999e-19,7.437785303153116e-05,True,success,2.869709841254531e-17,-5.204702589323154e-17,0.00018502839781675057,3.903526941992365e-19,0.0
0.6339905802530378,-2.8629713617196743e-19,0.00020853626673402443,0.03064476527208129,4.526332311889606e-21,1.0079133011207459e-05,arith,0.02085362667340244,3.0887266527453843e-07,True,0.04833631007553831,0.02083333335,1.4,4.5157947939494745e-17,-0.19361717321583166,4.707204534471187e-09,True,False,46,0.0416666667,717,0.0010079133011207458,0.10079133011207457,0.0010079133011207458,0.0010079133011207458,0.0,3.289022748818372,0.9997430338105585,-2.6562481179477604e-06,-2.6562481179477604e-06,0.49997981643769196,0.6340268340890443,0.0,0.35487763246949644,0.6340268340890443,True,0.03064476527208129,0.030647217885056283,success,0.9999596328753839,0.9999596328753839,0.5,2.4905305672198484e-15,0.01,"[0.005, 0.0075, 0.01, 0.015, 0.02, 0.03, 0.05, 0.08]",0.04833275846480359,0.00032892644343515893,False,-4.515794793949474e-19,0.0001322100287505064,True,success,8.144355039931338e-18,-1.4770327890268722e-17,0.0003289022748818372,1.4770327890268723e-19,0.0
0.6339450887950946,9.445911431806324e-20,0.0004690641747913893,0.030641685477113594,-2.0345118048715113e-20,2.2668394165354717e-05,arith,0.031270944986092626,6.945978042860362e-07,True,0.048334920513940095,0.02083333335,1.4,-9.933469631951521e-18,-0.19348685779832042,4.707204534471187e-09,True,False,46,0.0416666667,717,0.0015112262776903146,0.10074841851268765,0.0015112262776903146,0.0015112262776903146,0.0,3.287952896322791,0.9994178376470336,-2.6562481179477604e-06,-2.6562481179477604e-06,0.49997981643769196,0.6340268340890443,0.0,0.35487763246949644,0.6340268340890443,True,0.030641685477113594,0.030647217885056283,success,0.9999596328753839,0.9999596328753839,0.5,2.4905305672198484e-15,0.015,"[0.005, 0.0075, 0.01, 0.015, 0.02, 0.03, 0.05, 0.08]",0.04832685031943915,0.0007399129405401885,False,1.490020444792728e-19,0.0002973609299387251,True,success,-2.4411446317669435e-17,4.426457559786427e-17,0.0007397894016726279,-6.639686339679639e-19,0.0
0.6338810709371255,1.0681937693074176e-18,0.0008335331773134542,0.030637347177946646,8.264898490529713e-20,4.027499733712763e-05,arith,0.041676658865672706,1.233919076008456e-06,True,0.04833295799897069,0.02083333335,1.4,-8.425821642916447e-17,-0.19330448309340265,4.707204534471187e-09,True,False,46,0.0416666667,717,0.0020137498668563814,0.10068749334281907,0.0020137498668563814,0.0020137498668563814,0.0,3.2864298843502957,0.9989548975197696,-2.6562481179477604e-06,-2.6562481179477604e-06,0.49997981643769196,0.6340268340890443,0.0,0.35487763246949644,0.6340268340890443,True,0.030637347177946646,0.030647217885056283,success,0.9999596328753839,0.9999596328753839,0.5,2.4905305672198484e-15,0.02,"[0.005, 0.0075, 0.01, 0.015, 0.02, 0.03, 0.05, 0.08]",0.0483184094326482,0.001314967768450893,False,1.6851643285832895e-18,0.0005283609030970773,True,success,7.440364034254045e-17,-1.3488273711372352e-16,0.0013145719537401186,2.6976547422744703e-18,0.0
0.6336959783429947,1.7449842382008148e-19,0.0018730794397151772,0.030624775696231305,-5.0651981659611043e-20,9.045687337994216e-05,arith,0.06243598132383924,2.770221457443125e-06,True,0.04832723694461466,0.02083333335,1.4,-9.178871771516506e-18,-0.19278385177889334,4.707204534471187e-09,True,False,46,0.0416666667,717,0.0030152291126647386,0.10050763708882463,0.0030152291126647386,0.0030152291126647386,0.0,3.28190606474199,0.9975798212478758,-2.6562481179477604e-06,-2.6562481179477604e-06,0.499979816437692,0.6340268340890443,0.0,0.35487763246949644,0.6340268340890443,True,0.030624775696231305,0.030647217885056283,success,0.9999596328753839,0.9999596328753839,0.5,2.4905305672198484e-15,0.03,"[0.005, 0.0075, 0.01, 0.015, 0.02, 0.03, 0.05, 0.08]",0.04829313240109941,0.0029558013680518465,False,2.7536615314549516e-19,0.0011869629080644576,True,success,-3.043260972247756e-17,5.513181240577956e-17,0.002953715458267791,-1.6539543721733867e-18,0.0
0.633079756870101,-8.475811419830303e-20,0.005179776188511647,0.030582610082265177,-3.132026918959329e-20,0.0002496562975497451,arith,0.10359552377023296,7.63514120254583e-06,True,0.04830767332296852,0.02083333335,1.4,2.6776441128789466e-18,-0.19112250970928726,4.707204534471187e-09,True,False,46,0.0416666667,717,0.004993125950994902,0.09986251901989804,0.004993125950994902,0.004993125950994902,0.0,3.2653366979232485,0.9925433376730388,-2.6562481179477604e-06,-2.6562481179477604e-06,0.49997981643769196,0.6340268340890443,0.0,0.35487763246949644,0.6340268340890443,True,0.030582610082265177,0.030647217885056283,success,0.9999596328753839,0.9999596328753839,0.5,2.4905305672198484e-15,0.05,"[0.005, 0.0075, 0.01, 0.015, 0.02, 0.03, 0.05, 0.08]",0.04819827893403269,0.008181869870741206,False,-1.3388220564394733e-19,0.003279211450064492,True,success,-1.133488059360096e-17,2.0482404284882068e-17,0.008163341744808122,-1.0241202142441035e-18,0.0
0.631367432202433,6.729594380307809e-18,0.013054738529534112,0.030463485780783648,1.8498324217271084e-19,0.0006247828219811218,arith,0.1631842316191764,1.9033062613499786e-05,True,0.04825001136741601,0.02083333335,1.4,-1.3323450888242292e-16,-0.18711086351684902,4.707204534471187e-09,True,False,46,0.0416666667,717,0.007809785274764022,0.09762231593455027,0.007809785274764022,0.007809785274764022,0.0,3.204568138953106,0.9740719107037568,-2.6562481179477604e-06,-2.6562481179477604e-06,0.4999798164376919,0.6340268340890443,0.0,0.35487763246949644,0.6340268340890443,True,0.030463485780783648,0.030647217885056283,success,0.9999596328753839,0.9999596328753839,0.5,2.4905305672198484e-15,0.08,"[0.005, 0.0075, 0.01, 0.015, 0.02, 0.03, 0.05, 0.08]",0.047858700545220234,0.020676927354321344,False,1.0658760710593835e-17,0.008242336743466118,True,success,4.2401190340333685e-17,-7.590367510133975e-17,0.02050923608929988,6.072294008107181e-18,0.0
0.6911033762706292,2.8271565091475204e-19,6.066764684370902e-05,9.216663647104466e-05,-1.2530842486991363e-22,7.864294858262326e-09,typ,0.012133529368741803,7.248256053025695e-13,True,0.00013336157749423746,0.02083333335,1.4,-8.181573426550397e-17,-0.1654553970102737,4.617081020215853e-09,True,False,47,0.0416666667,485,1.5728589716524652e-06,0.000314571794330493,1.5728589716524652e-06,1.5728589716524652e-06,0.0,3.4130766443811784,1.037450896412158,-0.9246644797913558,-0.9246644797913558,0.49997994833723797,0.5559972534168399,0.0,0.03566130374873445,0.03566130374873445,True,9.216663647104466e-05,7.95246370853638e-05,success,0.999959896674476,0.016304514746382493,0.5,1.0731639624080336e-14,0.005,"[0.005, 0.0075, 0.01, 0.015, 0.02, 0.03, 0.05, 0.08]",0.0001296291395399296,8.778375121112442e-05,False,4.090786713275199e-19,4.1927615564081485e-05,True,success,-1.4718498484566658e-16,2.7191710507799834e-16,8.532691610952945e-05,-1.3595855253899917e-18,0.0
0.705850954819567,-1.3271947492290818e-19,0.00013251458750666314,9.318619146815375e-05,-1.3372214707229317e-22,1.700609947399578e-08,typ,0.017668611667555085,1.5847336417102396e-12,True,0.00013201964356905128,0.02083333335,1.4,2.5070349298095958e-17,-0.16541816920579383,4.617081020215853e-09,True,False,47,0.0416666667,485,2.267479929866104e-06,0.00030233065731548054,2.267479929866104e-06,2.267479929866104e-06,0.0,3.2443718597384854,0.986170791013788,-0.9246644797913558,-0.9246644797913558,0.4999799483372379,0.5559972534168399,0.0,0.03566130374873445,0.03566130374873445,True,9.318619146815375e-05,7.95246370853638e-05,success,0.999959896674476,0.016304514746382493,0.5,1.0731639624080336e-14,0.0075,"[0.005, 0.0075, 0.01, 0.015, 0.02, 0.03, 0.05, 0.08]",0.00012833379172795355,0.00018773734965129736,False,-1.880276197357197e-19,9.353554811909923e-05,True,success,-1.0622462396352124e-16,1.913332794133167e-16,0.0001824959171102898,-1.4349995955998752e-18,0.0
0.708657495459594,-3.879410898424698e-19,0.00023376342432865764,9.290496207291e-05,-3.108648139550847e-22,2.9325961402540733e-08,typ,0.023376342432865762,2.7245273318546696e-12,True,0.00013109994978978843,0.02083333335,1.4,5.474310119176455e-17,-0.16536689495838452,4.617081020215853e-09,True,False,47,0.0416666667,485,2.932596140254073e-06,0.0002932596140254073,2.932596140254073e-06,2.932596140254073e-06,0.0,3.1565549081787783,0.9594776385861139,-0.9246644797913558,-0.9246644797913558,0.4999799483372379,0.5559972534168399,0.0,0.03566130374873445,0.03566130374873445,True,9.290496207291e-05,7.95246370853638e-05,success,0.999959896674476,0.016304514746382493,0.5,1.0731639624080336e-14,0.01,"[0.005, 0.0075, 0.01, 0.015, 0.02, 0.03, 0.05, 0.08]",0.00012545145369409954,0.00032986799099197036,False,-5.474310119176455e-19,0.00016565820281480483,True,success,-1.8833280881594047e-16,3.3460517825853483e-16,0.00031565549081787785,-3.3460517825853487e-18,0.0
0.7092312000833374,-1.5449935803854553e-18,0.0005251779805103694,9.14396617794301e-05,-3.8381180909901363e-22,6.16287679815753e-08,typ,0.03501186536735797,5.635313700118216e-12,True,0.0001289278612794891,0.02083333335,1.4,1.4522707406779928e-16,-0.1652209719989361,4.617081020215853e-09,True,False,47,0.0416666667,485,4.1085845321050195e-06,0.000273905635473668,4.1085845321050195e-06,4.1085845321050195e-06,0.0,2.995479534191417,0.9105165959420188,-0.9246644797913558,-0.9246644797913558,0.499979948337238,0.5559972534168399,0.0,0.03566130374873445,0.03566130374873445,True,9.14396617794301e-05,7.95246370853638e-05,success,0.999959896674476,0.016304514746382493,0.5,1.0731639624080336e-14,0.015,"[0.005, 0.0075, 0.01, 0.015, 0.02, 0.03, 0.05, 0.08]",0.00011734834716734368,0.0007404891105307536,False,-2.1784061110169892e-18,0.0003724726093747129,True,success,-1.6168111089912322e-16,2.7982883403108013e-16,0.0006739828951930688,-4.197432510466201e-18,0.0
0.709295152009004,1.490059436711594e-18,0.0009338717015745245,8.946167346150495e-05,-1.0005759831692471e-22,1.0049348177877888e-07,typ,0.046693585078726216,8.990315051902815e-12,True,0.0001261275693314894,0.02083333335,1.4,-1.0503803899484983e-16,-0.16501671385071418,4.617081020215853e-09,True,False,47,0.0416666667,485,5.024674088938944e-06,0.0002512337044469472,5.024674088938944e-06,5.024674088938944e-06,0.0,2.80828308622074,0.8536156988959281,-0.9246644797913558,-0.9246644797913558,0.49997994833723797,0.5559972534168399,0.0,0.03566130374873445,0.03566130374873445,True,8.946167346150495e-05,7.95246370853638e-05,success,0.999959896674476,0.016304514746382493,0.5,1.0731639624080336e-14,0.02,"[0.005, 0.0075, 0.01, 0.015, 0.02, 0.03, 0.05, 0.08]",0.00010760951596385787,0.0013166193212084292,False,2.1007607798969966e-18,0.0006623906705252095,True,success,-3.3370492688058084e-17,5.592204708756044e-17,0.001123313234488296,-1.1184409417512087e-18,0.0
0.7094329114416213,-6.555862729472095e-19,0.0021026206571564446,8.457091364222767e-05,-4.34254728526283e-22,1.8310484294363788e-07,typ,0.07008735523854816,1.548534386006006e-11,True,0.0001192091771868508,0.02083333335,1.4,3.080330135868702e-17,-0.1644328399762774,4.617081020215853e-09,True,False,47,0.0416666667,485,6.10349476478793e-06,0.000203449825492931,6.103494764787929e-06,6.10349476478793e-06,0.0,2.405671367742504,0.7312364113024564,-0.9246644797913558,-0.9246644797913558,0.499979948337238,0.5559972534168399,0.0,0.03566130374873445,0.03566130374873445,True,8.457091364222767e-05,7.95246370853638e-05,success,0.999959896674476,0.016304514746382493,0.5,1.0731639624080336e-14,0.03,"[0.005, 0.0075, 0.01, 0.015, 0.02, 0.03, 0.05, 0.08]",8.708410731171374e-05,0.002963804784421067,False,-9.240990407606106e-19,0.0014916682944637917,True,success,-1.1035299623236526e-16,1.7116000045570136e-16,0.002165104230968253,-5.13480001367104e-18,1.3877835238607452e-16
0.7097857056788128,-1.792275906238006e-18,0.005847820255688862,7.357047057377239e-05,-4.238883274398935e-22,3.1477761665406947e-07,typ,0.11695640511377721,2.3158337383330424e-11,True,0.00010365166554518354,0.02083333335,1.4,5.0501887876818806e-17,-0.1625624875932829,4.617081020215853e-09,True,False,47,0.0416666667,485,6.295552333081389e-06,0.00012591104666162778,6.295552333081389e-06,6.295552333081389e-06,0.0,1.7114345698709534,0.5202137290372207,-0.9246644797913558,-0.9246644797913558,0.49997994833723797,0.5559972534168399,0.0,0.03566130374873445,0.03566130374873445,True,7.357047057377239e-05,7.95246370853638e-05,success,0.999959896674476,0.016304514746382493,0.5,1.0731639624080336e-14,0.05,"[0.005, 0.0075, 0.01, 0.015, 0.02, 0.03, 0.05, 0.08]",5.38281963006384e-05,0.008238853232605215,False,-2.5250943938409405e-18,0.004150699226866975,True,success,-8.80841502975558e-17,1.152332788234219e-16,0.0042785864246773836,-5.7616639411710945e-18,0.0
0.7101146173847078,-2.201177792795538e-18,0.014853789578408303,5.901395670889209e-05,-1.8654025382105258e-22,4.010826255849876e-07,typ,0.1856723697301038,2.3669472702961236e-11,True,8.310483302855462e-05,0.02083333335,1.4,3.87468751330294e-17,-0.15801104688643242,4.617081020215853e-09,True,False,47,0.0416666667,485,5.013532819812345e-06,6.266916024765432e-05,5.013532819812345e-06,5.013532819812345e-06,0.0,1.06193795065789,0.32279043034612775,-0.9246644797913558,-0.9246644797913558,0.499979948337238,0.5559972534168399,0.0,0.03566130374873445,0.03566130374873445,True,5.901395670889209e-05,7.95246370853638e-05,success,0.999959896674476,0.016304514746382493,0.5,1.0731639624080336e-14,0.08,"[0.005, 0.0075, 0.01, 0.015, 0.02, 0.03, 0.05, 0.08]",2.7002040352585006e-05,0.0209174536261675,False,-3.0997500106423522e-18,0.010547893103184373,True,success,-3.834230979500656e-17,3.951189350453795e-17,0.0067964028842104965,-3.160951480363036e-18,0.0
0.21177508048612032,2.111944615273319e-20,2.2596517147779432e-05,0.003012857090041951,-6.218831086878892e-22,4.1345203576506325e-07,arith,0.004519303429555886,1.2456718973470493e-09,True,0.014226683720889498,0.46875,0.8,-1.9945166451363813e-17,-0.01982936182367169,4.738065272829099e-09,True,False,48,0.9375,755,8.269040715301265e-05,0.01653808143060253,8.269040715301265e-05,8.269040715301265e-05,0.0,5.489168897278248,1.6685072696548144,-4.472073558657098e-06,-4.472073558657098e-06,0.4999796719113064,0.1390074630660443,0.0,0.09252073688672721,0.1390074630660443,True,0.003012857090041951,0.0012174046207049608,success,0.9999593438226129,0.9999593438226129,0.5,3.043652429224735e-15,0.005,"[0.005, 0.0075, 0.01, 0.015, 0.02, 0.03, 0.05, 0.08]",0.01829715761332243,0.00010670054803383915,False,9.972583225681907e-20,4.785379237676987e-06,True,success,-1.7620041520892526e-17,4.128195198792055e-17,0.0001372292224319562,-2.0640975993960275e-19,0.0
0.23396943638937906,-1.6940658945086007e-21,5.694315869593411e-05,0.0037331221111761292,-3.790141566717973e-21,1.1794557806048042e-06,arith,0.007592421159457882,4.403052453730296e-09,True,0.0159555973155543,0.46875,0.8,9.654058072150842e-19,-0.019814294833385884,4.738065272829099e-09,True,False,48,0.9375,755,0.00015726077074730723,0.02096810276630763,0.00015726077074730723,0.00015726077074730723,0.0,5.61677388037585,1.7072945334331429,-4.472073558657098e-06,-4.472073558657098e-06,0.4999796719113064,0.1390074630660443,0.0,0.09252073688672721,0.1390074630660443,True,0.0037331221111761292,0.0012174046207049608,success,0.9999593438226129,0.9999593438226129,0.5,3.043652429224735e-15,0.0075,"[0.005, 0.0075, 0.01, 0.015, 0.02, 0.03, 0.05, 0.08]",0.02071286187165835,0.00024337862062106085,False,-7.24054355411313e-21,1.3322958746318674e-05,True,success,-5.711872467379649e-17,1.3536985768100613e-16,0.0003159435307711415,-1.015273932607546e-18,0.0
0.2519756382357757,-8.046812998917324e-20,0.00010966547292245527,0.004375905765818434,-2.9381455357889227e-21,2.4805283730387604e-06,arith,0.010966547292245526,1.085455840985653e-08,True,0.01736638429197613,0.46875,0.8,3.193488487719537e-17,-0.019791150173447264,4.738065272829099e-09,True,False,48,0.9375,755,0.00024805283730387604,0.024805283730387605,0.00024805283730387604,0.00024805283730387604,0.0,5.668605554568706,1.7230494731712955,-4.472073558657098e-06,-4.472073558657098e-06,0.49997967191130643,0.1390074630660443,0.0,0.09252073688672721,0.1390074630660443,True,0.004375905765818434,0.0012174046207049608,success,0.9999593438226129,0.9999593438226129,0.5,3.043652429224735e-15,0.01,"[0.005, 0.0075, 0.01, 0.015, 0.02, 0.03, 0.05, 0.08]",0.022619045967118095,0.00043522252266245035,False,-3.193488487719537e-19,2.7633027532063842e-05,True,success,-2.8201176328030274e-17,6.714371133719777e-17,0.0005668605554568706,-6.714371133719777e-19,0.0
0.2805158136215153,-1.0885542557331534e-19,0.0002753449974772106,0.005501951973628106,5.488924897103539e-21,7.03099479640084e-06,arith,0.018356333165147377,3.868419569662654e-08,True,0.019613696292543385,0.46875,0.8,2.587030042215684e-17,-0.019718146967225264,4.738065272829099e-09,True,False,48,0.9375,755,0.00046873298642672266,0.031248865761781514,0.00046873298642672266,0.00046873298642672266,0.0,5.679596243581046,1.7263902420306207,-4.472073558657098e-06,-4.472073558657098e-06,0.49997967191130643,0.1390074630660443,0.0,0.09252073688672721,0.1390074630660443,True,0.005501951973628106,0.0012174046207049608,success,0.9999593438226129,0.9999593438226129,0.5,3.043652429224735e-15,0.015,"[0.005, 0.0075, 0.01, 0.015, 0.02, 0.03, 0.05, 0.08]",0.02553521894648829,0.0009815667570482092,False,-3.880545063323526e-19,7.723862599393381e-05,True,success,2.790747232343717e-17,-6.650881872970407e-17,0.0012779091548057353,9.976322809455612e-19,0.0
0.30287423954662523,-7.621432281247744e-19,0.0005269207592861999,0.0064754149761997145,-3.031386505725424e-21,1.4601931050435538e-05,arith,0.026346037964309996,9.455356300542591e-08,True,0.021379880262820675,0.46875,0.8,1.2581843032699517e-16,-0.01960659438873305,4.738065272829099e-09,True,False,48,0.9375,755,0.0007300965525217769,0.036504827626088844,0.0007300965525217769,0.0007300965525217769,0.0,5.637449917922136,1.7135792952248121,-4.472073558657098e-06,-4.472073558657098e-06,0.49997967191130643,0.1390074630660443,0.0,0.09252073688672721,0.1390074630660443,True,0.0064754149761997145,0.0012174046207049608,success,0.9999593438226129,0.9999593438226129,0.5,3.043652429224735e-15,0.02,"[0.005, 0.0075, 0.01, 0.015, 0.02, 0.03, 0.05, 0.08]",0.027711815852949566,0.0017397344854252104,False,-2.5163686065399038e-18,0.00015959072427013818,True,success,-9.858307570511073e-18,2.3406889881708255e-17,0.002254979967168854,-4.68137797634165e-19,0.0
0.33685150895657096,-3.9039237284698243e-19,0.0013030778586688903,0.008105719267320531,-1.8889424920253166e-20,4.0121543224390815e-05,arith,0.043435928622296345,3.2521396594857814e-07,True,0.024063182297828365,0.46875,0.8,3.863150007909611e-17,-0.019258653098111117,4.738065272829099e-09,True,False,48,0.9375,755,0.0013373847741463606,0.04457949247154536,0.0013373847741463606,0.0013373847741463606,0.0,5.499757763789638,1.6717258991199087,-4.472073558657098e-06,-4.472073558657098e-06,0.49997967191130643,0.1390074630660443,0.0,0.09252073688672721,0.1390074630660443,True,0.008105719267320531,0.0012174046207049608,success,0.9999593438226129,0.9999593438226129,0.5,3.043652429224735e-15,0.03,"[0.005, 0.0075, 0.01, 0.015, 0.02, 0.03, 0.05, 0.08]",0.030789828065512104,0.0038684043978466824,False,-1.1589450023728832e-18,0.000438943742980513,True,success,-3.3123341518836153e-17,7.767941086737289e-17,0.004949781987410674,-2.3303823260211863e-18,0.0
0.3819905718218053,9.244376162158227e-19,0.0039882741882164485,0.010543526578243114,-1.1360046168403731e-20,0.0001369582608545872,arith,0.07976548376432896,1.4440230634302938e-06,True,0.027601536152995845,0.46875,0.8,-4.84010697859351e-17,-0.01802957574240148,4.738065272829099e-09,True,False,48,0.9375,755,0.002739165217091744,0.05478330434183488,0.002739165217091744,0.002739165217091744,0.0,5.195918456248015,1.579369824288352,-4.472073558657098e-06,-4.472073558657098e-06,0.4999796719113064,0.1390074630660443,0.0,0.09252073688672721,0.1390074630660443,True,0.010543526578243114,0.0012174046207049608,success,0.9999593438226129,0.9999593438226129,0.5,3.043652429224735e-15,0.05,"[0.005, 0.0075, 0.01, 0.015, 0.02, 0.03, 0.05, 0.08]",0.03434023198787012,0.010440766035652152,False,2.420053489296755e-18,0.0015234831377389474,True,success,-9.453508772616553e-18,2.1548854805081117e-17,0.01298979614062004,-1.077442740254056e-18,0.0
0.42270086860080547,1.2966249885296067e-18,0.010837405050486406,0.012995217317351062,1.5013700237644713e-19,0.00039948897311577707,arith,0.13546756313108008,5.191446021524939e-06,True,0.030743294567543503,0.46875,0.8,-3.834345647377077e-17,-0.0148002359177318,4.738065272829099e-09,True,False,48,0.9375,755,0.004993612163947213,0.062420152049340163,0.004993612163947213,0.004993612163947213,0.0,4.80331729166218,1.4600333802027605,-4.472073558657098e-06,-4.472073558657098e-06,0.4999796719113064,0.1390074630660443,0.0,0.09252073688672721,0.1390074630660443,True,0.012995217317351062,0.0012174046207049608,success,0.9999593438226129,0.9999593438226129,0.5,3.043652429224735e-15,0.08,"[0.005, 0.0075, 0.01, 0.015, 0.02, 0.03, 0.05, 0.08]",0.036862050578966514,0.025638473576739075,False,3.067476517901662e-18,0.00458098052821936,True,success,6.589365066275267e-17,-1.4441563260352903e-16,0.030741230666637955,1.1553250608282322e-17,0.0
0.004330724724959831,-7.96419833523712e-22,5.542157707220931e-07,4.4921377139501816e-07,8.715082845392068e-25,4.605037314210336e-11,typ,0.00011084315414441862,2.0686461793312103e-17,True,0.00010372715883002348,0.46875,0.8,3.6779979523223976e-17,-0.006932615860739365,4.51846661329499e-09,True,False,49,0.9375,452,9.210074628420672e-09,1.8420149256841343e-06,9.210074628420672e-09,9.210074628420672e-09,0.0,4.100530845178275,1.2464119163861356,-0.0020887326047996594,-0.0020887326047996594,0.4999789725475005,0.0040881024514074615,0.0,0.002633629329611352,0.002633629329611352,True,4.4921377139501816e-07,4.3350145184631036e-07,success,0.9999579450950014,0.33130670852003896,0.5,3.719117684499413e-15,0.005,"[0.005, 0.0075, 0.01, 0.015, 0.02, 0.03, 0.05, 0.08]",8.309105509953981e-05,0.00012797298510522015,False,-1.838998976161199e-19,2.4001559412288374e-09,True,success,1.9161451848765991e-16,-3.8801494523766147e-16,0.00010251327112945688,1.9400747261883073e-18,0.0
0.005866491238250377,-6.8027333576361e-21,5.523392146333057e-06,5.388355414604788e-07,-1.6285118309637732e-24,4.936025874741736e-10,typ,0.000736452286177741,2.6597061748793965e-16,True,9.184971383698533e-05,0.46875,0.8,1.546121996121813e-16,-0.0069317800663212525,4.51846661329499e-09,True,False,49,0.9375,452,6.581367832988981e-08,8.775157110651976e-06,6.581367832988981e-08,6.581367832988981e-08,0.0,16.285408877943503,4.950170710838015,-0.0020887326047996594,-0.0020887326047996594,0.4999789725475005,0.0040881024514074615,0.0,0.002633629329611352,0.002633629329611352,True,5.388355414604788e-07,4.3350145184631036e-07,success,0.9999579450950014,0.33130670852003896,0.5,3.719117684499413e-15,0.0075,"[0.005, 0.0075, 0.01, 0.015, 0.02, 0.03, 0.05, 0.08]",8.936584156927424e-05,0.0009415154514030016,False,-1.1595914970913598e-18,3.240293163188382e-08,True,success,-9.985598206479704e-17,4.029706544721228e-16,0.000916054249384322,-3.0222799085409206e-18,0.0
0.011833914653318546,-1.1689054672111066e-19,2.832816726552515e-05,1.1711733572341086e-06,-9.92616735065628e-24,4.848592798004521e-09,typ,0.002832816726552515,5.678542705100075e-15,True,9.896753454324435e-05,0.46875,0.8,9.877589127984072e-16,-0.006927678660417012,4.51846661329499e-09,True,False,49,0.9375,452,4.848592798004522e-07,4.848592798004522e-05,4.848592798004522e-07,4.848592798004522e-07,0.0,41.39944584681433,12.583922566008278,-0.0020887326047996594,-0.0020887326047996594,0.49997897254750057,0.0040881024514074615,0.0,0.002633629329611352,0.002633629329611352,True,1.1711733572341086e-06,4.3350145184631036e-07,success,0.9999579450950014,0.33130670852003896,0.5,3.719117684499413e-15,0.01,"[0.005, 0.0075, 0.01, 0.015, 0.02, 0.03, 0.05, 0.08]",0.00017115801218475467,0.0023938120305423342,False,-9.877589127984072e-18,3.3523311370515687e-07,True,success,-1.3172346453564368e-16,8.475403994928921e-16,0.004139944584681433,-8.475403994928922e-18,0.0
0.041960950402604835,-4.477454760065412e-19,0.00017286958626864997,8.678440093706128e-06,-1.0639446627544762e-22,7.782897663962839e-08,typ,0.011524639084576665,6.754341113214686e-13,True,0.00020682181910654224,0.46875,0.8,7.113685012859739e-16,-0.006893800503065373,4.51846661329499e-09,True,False,49,0.9375,452,5.188598442641892e-06,0.0003459065628427928,5.188598442641893e-06,5.188598442641892e-06,0.0,39.85814951855863,12.115424661040908,-0.0020887326047996594,-0.0020887326047996594,0.4999789725475005,0.0040881024514074615,0.0,0.002633629329611352,0.002633629329611352,True,8.678440093706128e-06,4.3350145184631036e-07,success,0.9999579450950014,0.33130670852003896,0.5,3.719117684499413e-15,0.015,"[0.005, 0.0075, 0.01, 0.015, 0.02, 0.03, 0.05, 0.08]",0.0004502178683917099,0.004119772898611911,False,-1.0670527519289607e-17,7.253772135537639e-06,True,success,-1.294575981794216e-16,8.173086801056807e-16,0.008968083641675693,-1.225963020158521e-17,1.6324889208867244e-16
0.087433080972153,-1.565149497737158e-19,0.0004627785546302778,3.242914402142259e-05,-7.87071739480302e-22,3.937316802239643e-07,typ,0.02313892773151389,1.2768381363779644e-11,True,0.0003709024508898539,0.46875,0.8,8.950556701963015e-17,-0.006807676767357142,4.51846661329499e-09,True,False,49,0.9375,452,1.9686584011198214e-05,0.0009843292005599106,1.9686584011198214e-05,1.9686584011198214e-05,0.0,30.353227945506852,9.226274948413316,-0.0020887326047996594,-0.0020887326047996594,0.4999789725475005,0.0040881024514074615,0.0,0.002633629329611352,0.002633629329611352,True,3.242914402142259e-05,4.3350145184631036e-07,success,0.9999579450950014,0.33130670852003896,0.5,3.719117684499413e-15,0.02,"[0.005, 0.0075, 0.01, 0.015, 0.02, 0.03, 0.05, 0.08]",0.0008507993213698583,0.005292945753308985,False,-1.790111340392603e-18,4.046215483916501e-05,True,success,-2.202654578166584e-16,1.213525307606585e-15,0.012141291178202743,-2.42705061521317e-17,0.0
0.18015457406867325,-1.7564571695498767e-18,0.001408496367082485,0.00014272280605168226,-2.3898033259130187e-21,2.6721957108314813e-06,typ,0.0469498789027495,3.813832701691387e-10,True,0.0007922241596667851,0.46875,0.8,3.2499076207752046e-16,-0.0064561435879346655,4.51846661329499e-09,True,False,49,0.9375,452,8.907319036104939e-05,0.002969106345368313,8.907319036104937e-05,8.907319036104939e-05,0.0,20.803306966184167,6.323447056466012,-0.0020887326047996594,-0.0020887326047996594,0.49997897254750046,0.0040881024514074615,0.0,0.002633629329611352,0.002633629329611352,True,0.00014272280605168226,4.3350145184631036e-07,success,0.9999579450950014,0.33130670852003896,0.5,3.719117684499413e-15,0.03,"[0.005, 0.0075, 0.01, 0.015, 0.02, 0.03, 0.05, 0.08]",0.0018971974463566302,0.007818265921716644,False,-9.749722862325614e-18,0.00025374706308901873,True,success,-1.2237179825989278e-16,5.581456325551859e-16,0.018722976269565744,-1.6744368976655572e-17,1.5215046301962436e-16
0.3055227946652501,8.000556791602341e-19,0.00450299710849431,0.0005532535875609227,-5.8596049330629785e-21,1.91302835332923e-05,typ,0.09005994216988619,1.0583897995851611e-08,True,0.001810842258650789,0.46875,0.8,-5.2372896106611296e-17,-0.005077855335077463,4.51846661329499e-09,True,False,49,0.9375,452,0.000382605670665846,0.007652113413316919,0.000382605670665846,0.000382605670665846,0.0,13.831113950931751,4.204154509801368,-0.0020887326047996594,-0.0020887326047996594,0.4999789725475005,0.0040881024514074615,0.0,0.002633629329611352,0.002633629329611352,True,0.0005532535875609227,4.3350145184631036e-07,success,0.9999579450950014,0.33130670852003896,0.5,3.719117684499413e-15,0.05,"[0.005, 0.0075, 0.01, 0.015, 0.02, 0.03, 0.05, 0.08]",0.004248344618566498,0.014738661687839282,False,2.618644805330565e-18,0.001375768260956722,True,success,-5.695679105197092e-17,2.1182347714709523e-16,0.03457778487732938,-1.0591173857354761e-17,0.0
0.3979528236536961,-2.691869078859539e-18,0.011975938249067687,0.0013220928417863084,1.2875161999202013e-20,8.14305863127384e-05,typ,0.14969922811334607,1.0765879526653358e-07,True,0.0033222351072870167,0.46875,0.8,8.455364929141825e-17,-0.0014734038421621652,4.51846661329499e-09,True,False,49,0.9375,452,0.00101788232890923,0.012723529111365376,0.00101788232890923,0.00101788232890923,0.0,9.623778837025045,2.925277988638375,-0.0020887326047996594,-0.0020887326047996594,0.4999789725475005,0.0040881024514074615,0.0,0.002633629329611352,0.002633629329611352,True,0.0013220928417863084,4.3350145184631036e-07,success,0.9999579450950014,0.33130670852003896,0.5,3.719117684499413e-15,0.08,"[0.005, 0.0075, 0.01, 0.015, 0.02, 0.03, 0.05, 0.08]",0.0067995162148633895,0.030093864240273136,False,-6.76429194331346e-18,0.004765858442118787,True,success,3.923990473621192e-17,-1.2173087993773286e-16,0.061592184556960285,9.738470395018629e-18,0.0
0.2740504503308909,2.5277582279400106e-19,2.5668308195579926e-05,0.004898523203353707,-9.923226982052648e-22,5.294952899559203e-07,arith,0.005133661639115985,2.5937449639155748e-09,True,0.01787453075679747,0.46875,0.82,-1.8447393353216336e-16,-0.02009396894086793,4.731814909931657e-09,True,False,50,0.9375,744,0.00010589905799118406,0.02117981159823681,0.00010589905799118406,0.00010589905799118406,0.0,4.32371364164129,1.3142513517048544,-4.523089578314043e-06,-4.523089578314043e-06,0.4999796681662282,0.2481044351175302,0.0,0.1655648836678487,0.2481044351175302,True,0.004898523203353707,0.003948470292506253,success,0.9999593363324564,0.9999593363324564,0.5,2.6608877391318706e-15,0.005,"[0.005, 0.0075, 0.01, 0.015, 0.02, 0.03, 0.05, 0.08]",0.020628367320566113,9.366271124381582e-05,False,9.223696676608168e-19,7.034411420230777e-06,True,success,-1.9484501093516973e-17,4.051517802450684e-17,0.00010809284104103224,-2.0257589012253418e-19,0.0
0.2876506346727967,7.218308897382741e-20,6.242924034841182e-05,0.005454082300906575,-5.029258124322408e-22,1.4079926833924466e-06,arith,0.008323898713121577,7.679307974296697e-09,True,0.018960786605288067,0.46875,0.82,-3.345868460928229e-17,-0.020077209631261236,4.731814909931657e-09,True,False,50,0.9375,744,0.00018773235778565955,0.02503098103808794,0.00018773235778565952,0.00018773235778565955,0.0,4.589402883401174,1.3950111970732946,-4.523089578314043e-06,-4.523089578314043e-06,0.4999796681662282,0.2481044351175302,0.0,0.1655648836678487,0.2481044351175302,True,0.005454082300906575,0.003948470292506253,success,0.9999593363324564,0.9999593363324564,0.5,2.6608877391318706e-15,0.0075,"[0.005, 0.0075, 0.01, 0.015, 0.02, 0.03, 0.05, 0.08]",0.02255341688501365,0.0002170314709001954,False,2.509401345696172e-19,1.795781060836123e-05,True,success,-5.739087994564947e-18,1.229478605040839e-17,0.000258153912191316,-9.221089537806292e-20,1.4438136628041704e-16
0.2997460988781934,-2.4182790644111724e-19,0.00011775649502968833,0.005977573502055625,-4.142520507666112e-21,2.8423920382266175e-06,arith,0.011775649502968832,1.699060733015731e-08,True,0.019942122764655918,0.46875,0.82,8.067758257610813e-17,-0.020052132475728138,4.731814909931657e-09,True,False,50,0.9375,744,0.00028423920382266175,0.028423920382266175,0.00028423920382266175,0.00028423920382266175,0.0,4.7550934124844275,1.4453750786484159,-4.523089578314043e-06,-4.523089578314043e-06,0.4999796681662282,0.2481044351175302,0.0,0.1655648836678487,0.2481044351175302,True,0.005977573502055625,0.003948470292506253,success,0.9999593363324564,0.9999593363324564,0.5,2.6608877391318706e-15,0.01,"[0.005, 0.0075, 0.01, 0.015, 0.02, 0.03, 0.05, 0.08]",0.024137879082678237,0.0003928541371193643,False,-8.067758257610813e-19,3.529705000271845e-05,True,success,-3.1780462674217545e-17,6.930103839361477e-17,0.0004755093412484428,-6.930103839361477e-19,0.0
0.32031507726410025,-5.83187982610243e-19,0.0002886358471150589,0.006928491564424735,-8.91006933466384e-21,7.685285316288328e-06,arith,0.019242389807670596,5.324743448410096e-08,True,0.021630238650028277,0.46875,0.82,1.2137798561579077e-16,-0.019974854848746698,4.731814909931657e-09,True,False,50,0.9375,744,0.0005123523544192219,0.03415682362794813,0.0005123523544192219,0.0005123523544192219,0.0,4.929907658880744,1.4985122377356699,-4.523089578314043e-06,-4.523089578314043e-06,0.4999796681662282,0.2481044351175302,0.0,0.1655648836678487,0.2481044351175302,True,0.006928491564424735,0.003948470292506253,success,0.9999593363324564,0.9999593363324564,0.5,2.6608877391318706e-15,0.015,"[0.005, 0.0075, 0.01, 0.015, 0.02, 0.03, 0.05, 0.08]",0.0266262329960171,0.0009010997845633043,False,-1.8206697842368614e-18,9.245441366984911e-05,True,success,-3.861283948273686e-17,8.573361413340223e-17,0.0011092292232481671,-1.2860042120010334e-18,0.0
0.3372973380764176,2.9179161703363302e-19,0.0005447377382166515,0.007769051929561523,-2.534257078408065e-20,1.5531514015429434e-05,arith,0.027236886910832578,1.2066513893058388e-07,True,0.023033244121841774,0.46875,0.82,-4.325436107763251e-17,-0.0198588353406699,4.731814909931657e-09,True,False,50,0.9375,744,0.0007765757007714717,0.038828785038573586,0.0007765757007714717,0.0007765757007714717,0.0,4.997879456929443,1.5191731868334464,-4.523089578314043e-06,-4.523089578314043e-06,0.49997966816622813,0.2481044351175302,0.0,0.1655648836678487,0.2481044351175302,True,0.007769051929561523,0.003948470292506253,success,0.9999593363324564,0.9999593363324564,0.5,2.6608877391318706e-15,0.02,"[0.005, 0.0075, 0.01, 0.015, 0.02, 0.03, 0.05, 0.08]",0.02851191119285421,0.0016150075222154186,False,8.650872215526502e-19,0.000183738589050245,True,success,-7.295578915870472e-17,1.6309950695303796e-16,0.0019991517827717773,-3.261990139060759e-18,0.0
0.3640978163780979,5.836005537920348e-19,0.0013259292869216613,0.009193107253331936,-1.522238458927547e-20,4.136241207279892e-05,arith,0.044197642897388714,3.802490904417522e-07,True,0.025249004085718934,0.46875,0.82,-5.3428916401043356e-17,-0.01950250611672411,4.731814909931657e-09,True,False,50,0.9375,744,0.0013787470690932973,0.045958235636443245,0.0013787470690932973,0.0013787470690932973,0.0,4.9992058582571435,1.5195763644909686,-4.523089578314043e-06,-4.523089578314043e-06,0.4999796681662282,0.2481044351175302,0.0,0.1655648836678487,0.2481044351175302,True,0.009193107253331936,0.003948470292506253,success,0.9999593363324564,0.9999593363324564,0.5,2.6608877391318706e-15,0.03,"[0.005, 0.0075, 0.01, 0.015, 0.02, 0.03, 0.05, 0.08]",0.03119503617634678,0.0036416842597725117,False,1.6028674920313006e-18,0.00048276795803994533,True,success,-2.4685879124930584e-17,5.519492002648069e-17,0.0044992852724314285,-1.6558476007944205e-18,0.0
0.4008717735473283,2.670849154251807e-18,0.003998401735847014,0.011330661575257044,-5.508235765551325e-20,0.00013709056651205873,arith,0.07996803471694028,1.553326814308404e-06,True,0.028265052126248812,0.46875,0.82,-1.3325204369553734e-16,-0.018263327777226366,4.731814909931657e-09,True,False,50,0.9375,744,0.0027418113302411745,0.054836226604823485,0.0027418113302411745,0.0027418113302411745,0.0,4.839631493766461,1.4710715740234592,-4.523089578314043e-06,-4.523089578314043e-06,0.4999796681662282,0.2481044351175302,0.0,0.1655648836678487,0.2481044351175302,True,0.011330661575257044,0.003948470292506253,success,0.9999593363324564,0.9999593363324564,0.5,2.6608877391318706e-15,0.05,"[0.005, 0.0075, 0.01, 0.015, 0.02, 0.03, 0.05, 0.08]",0.03428634128556812,0.009974266086297416,False,6.662602184776867e-18,0.0016028463952037085,True,success,-4.4195810336142745e-17,9.722708120732776e-17,0.012099078734416154,-4.8613540603663885e-18,0.0
0.43464160455096046,4.372113724145775e-18,0.010765316446845547,0.013469742947422233,9.819006120713866e-20,0.0003924985988796023,arith,0.13456645558556934,5.286855234131631e-06,True,0.030990459280441352,0.46875,0.82,-1.2573904794108238e-16,-0.015044197430973362,4.731814909931657e-09,True,False,50,0.9375,744,0.004906232485995029,0.06132790607493786,0.004906232485995029,0.004906232485995029,0.0,4.5530123562361275,1.383949803216101,-4.523089578314043e-06,-4.523089578314043e-06,0.49997966816622813,0.2481044351175302,0.0,0.1655648836678487,0.2481044351175302,True,0.013469742947422233,0.003948470292506253,success,0.9999593363324564,0.9999593363324564,0.5,2.6608877391318706e-15,0.08,"[0.005, 0.0075, 0.01, 0.015, 0.02, 0.03, 0.05, 0.08]",0.03645955052204826,0.024768260410706597,False,1.005912383528659e-17,0.0046790544139557935,True,success,4.2704026056800087e-17,-9.112094936630709e-17,0.029139279079911214,7.289675949304567e-18,0.0
0.00601842381163572,-1.0628236895540714e-20,1.080224965645404e-06,6.774387622902557e-07,-4.7180697890437616e-24,8.514340900420492e-11,typ,0.0002160449931290808,5.767944561298159e-17,True,0.00011256082713559146,0.46875,0.82,3.531900453734286e-16,-0.006550072398332357,4.522366169394032e-09,True,False,51,0.9375,454,1.7028681800840982e-08,3.4057363601681962e-06,1.7028681800840982e-08,1.7028681800840982e-08,0.0,5.027371549650082,1.5281377080610807,-0.0024752405178584693,-0.0024752405178584693,0.4999790174476202,0.0054167127924243065,0.0,0.003201457976002773,0.003201457976002773,True,6.774387622902557e-07,6.40586023247764e-07,success,0.9999580348952399,0.3070781166441407,0.5,4.818545921992696e-15,0.005,"[0.005, 0.0075, 0.01, 0.015, 0.02, 0.03, 0.05, 0.08]",7.88200714777353e-05,0.00017948635713506102,False,-1.765950226867143e-18,6.501251655163677e-09,True,success,-6.212320049946033e-16,1.3929140319910585e-15,0.00012568428874125206,-6.964570159955292e-18,0.0
0.009932742839747441,-1.2017279939170386e-20,1.081224214353534e-05,9.387266994376343e-07,-8.995589161514176e-24,1.1315129321483237e-09,typ,0.001441632285804712,1.0621814001665958e-15,True,9.450830597175746e-05,0.46875,0.82,1.613153604941338e-16,-0.006548357919487824,4.522366169394032e-09,True,False,51,0.9375,454,1.5086839095310983e-07,2.0115785460414645e-05,1.5086839095310983e-07,1.5086839095310983e-07,0.0,21.428798682796035,6.513573739722789,-0.0024752405178584693,-0.0024752405178584693,0.4999790174476202,0.0054167127924243065,0.0,0.003201457976002773,0.003201457976002773,True,9.387266994376343e-07,6.40586023247764e-07,success,0.9999580348952399,0.3070781166441407,0.5,4.818545921992696e-15,0.0075,"[0.005, 0.0075, 0.01, 0.015, 0.02, 0.03, 0.05, 0.08]",0.0001046510905996364,0.001088545462011605,False,-1.2098652037060034e-18,1.0739522073281617e-07,True,success,-2.760134632546875e-16,1.2777008355258516e-15,0.0012053699259072768,-9.582756266443885e-18,0.0
0.021599713761937707,5.251604272974964e-20,4.5540800363872983e-05,2.355160663339746e-06,-2.564259898915494e-23,8.919082053910884e-09,typ,0.004554080036387298,2.100587120647038e-14,True,0.00010903666082325272,0.46875,0.82,-2.4313304939388436e-16,-0.006541251177378617,4.522366169394032e-09,True,False,51,0.9375,454,8.919082053910885e-07,8.919082053910885e-05,8.919082053910885e-07,8.919082053910885e-07,0.0,37.87037628788832,11.511214051408698,-0.0024752405178584693,-0.0024752405178584693,0.49997901744762013,0.0054167127924243065,0.0,0.003201457976002773,0.003201457976002773,True,2.355160663339746e-06,6.40586023247764e-07,success,0.9999580348952399,0.3070781166441407,0.5,4.818545921992696e-15,0.01,"[0.005, 0.0075, 0.01, 0.015, 0.02, 0.03, 0.05, 0.08]",0.0001958481621457469,0.002108398327209477,False,2.4313304939388435e-18,9.83668252349205e-07,True,success,-1.769260132739774e-16,1.0887834273179623e-15,0.0037870376287888322,-1.0887834273179623e-17,0.0
0.06636657932976223,2.9765060163568353e-19,0.00022059734583836763,1.4612706774483208e-05,-1.5909863024874865e-22,1.0736149986508727e-07,typ,0.014706489722557843,1.5688421163972389e-12,True,0.0002201817077519635,0.46875,0.82,-2.9899647748577124e-16,-0.006494526299632951,4.522366169394032e-09,True,False,51,0.9375,454,7.157433324339152e-06,0.0004771622216226101,7.157433324339152e-06,7.157433324339152e-06,0.0,32.653924354099374,9.925602798374126,-0.0024752405178584693,-0.0024752405178584693,0.4999790174476202,0.0054167127924243065,0.0,0.003201457976002773,0.003201457976002773,True,1.4612706774483208e-05,6.40586023247764e-07,success,0.9999580348952399,0.3070781166441407,0.5,4.818545921992696e-15,0.015,"[0.005, 0.0075, 0.01, 0.015, 0.02, 0.03, 0.05, 0.08]",0.00048668536539760263,0.0033239221919554368,False,4.484947162286569e-18,1.4640291252517018e-05,True,success,-1.2702137825880714e-16,7.258460402721446e-16,0.007347132979672358,-1.0887690604082166e-17,0.0
0.12179462435266186,2.4684960469362194e-19,0.0005292829816032539,4.629377233889876e-05,-5.6792509869761965e-22,4.703783547075341e-07,typ,0.026464149080162695,2.1775588465976353e-11,True,0.00038009700826247504,0.46875,0.82,-1.0133846465130418e-16,-0.006391708902326786,4.522366169394032e-09,True,False,51,0.9375,454,2.3518917735376704e-05,0.001175945886768835,2.3518917735376704e-05,2.3518917735376704e-05,0.0,25.401815997197012,7.721226190502616,-0.0024752405178584693,-0.0024752405178584693,0.49997901744762013,0.0054167127924243065,0.0,0.003201457976002773,0.003201457976002773,True,4.629377233889876e-05,6.40586023247764e-07,success,0.9999580348952399,0.3070781166441407,0.5,4.818545921992696e-15,0.02,"[0.005, 0.0075, 0.01, 0.015, 0.02, 0.03, 0.05, 0.08]",0.0008887086323514663,0.004345700677812273,False,2.0267692930260837e-18,6.446382192062516e-05,True,success,-1.2170435303535468e-16,6.13392547209223e-16,0.010160726398878807,-1.2267850944184461e-17,0.0
0.21887666752932194,7.547383970075451e-19,0.0014728439032664496,0.00017074601621284934,-2.034571570507792e-21,2.7824119762604335e-06,typ,0.04909479677554832,4.750857604093902e-10,True,0.0007801014979816213,0.46875,0.82,-1.1494119885367805e-16,-0.006012270864202009,4.522366169394032e-09,True,False,51,0.9375,454,9.274706587534779e-05,0.0030915688625115932,9.274706587534779e-05,9.274706587534779e-05,0.0,18.106243009838025,5.50363791921778,-0.0024752405178584693,-0.0024752405178584693,0.49997901744762013,0.0054167127924243065,0.0,0.003201457976002773,0.003201457976002773,True,0.00017074601621284934,6.40586023247764e-07,success,0.9999580348952399,0.3070781166441407,0.5,4.818545921992696e-15,0.03,"[0.005, 0.0075, 0.01, 0.015, 0.02, 0.03, 0.05, 0.08]",0.0018891424746978582,0.006729104202343263,False,3.4482359656103415e-18,0.0003223711653378395,True,success,-9.334411981454052e-17,3.9719258963979317e-16,0.01629561870885422,-1.1915777689193795e-17,0.0
0.3353517137945924,2.1537626171556415e-18,0.004504929374651325,0.0005734675248397725,-1.4370508468480238e-20,1.800508348665125e-05,typ,0.0900985874930265,1.0325330661623354e-08,True,0.001710047992153782,0.46875,0.82,-1.284479863117593e-16,-0.004614160493351225,4.522366169394032e-09,True,False,51,0.9375,454,0.000360101669733025,0.0072020333946605,0.000360101669733025,0.000360101669733025,0.0,12.558746716603972,3.8174012471719125,-0.0024752405178584693,-0.0024752405178584693,0.49997901744762013,0.0054167127924243065,0.0,0.003201457976002773,0.003201457976002773,True,0.0005734675248397725,6.40586023247764e-07,success,0.9999580348952399,0.3070781166441407,0.5,4.818545921992696e-15,0.05,"[0.005, 0.0075, 0.01, 0.015, 0.02, 0.03, 0.05, 0.08]",0.003996751555743272,0.013433446704884465,False,6.4223993155879654e-18,0.0015107357863129232,True,success,-1.4142303419457623e-16,5.011795034948273e-16,0.031396866791509936,-2.5058975174741368e-17,0.0
0.4161668843719172,1.1705273814662763e-18,0.011843896691350804,0.0012657014130267486,-2.854378405949212e-20,7.268939206759052e-05,typ,0.14804870864188505,9.200306625200464e-08,True,0.0030413313998708873,0.46875,0.82,-3.515799266539572e-17,-0.0010364093938373482,4.522366169394032e-09,True,False,51,0.9375,454,0.0009086174008448815,0.011357717510561019,0.0009086174008448815,0.0009086174008448815,0.0,8.973457241704914,2.727603927280348,-0.0024752405178584693,-0.0024752405178584693,0.4999790174476201,0.0054167127924243065,0.0,0.003201457976002773,0.003201457976002773,True,0.0012657014130267486,6.40586023247764e-07,success,0.9999580348952399,0.3070781166441407,0.5,4.818545921992696e-15,0.08,"[0.005, 0.0075, 0.01, 0.015, 0.02, 0.03, 0.05, 0.08]",0.006137286904965417,0.028459488575660507,False,2.8126394132316575e-18,0.0049290375848623225,True,success,-9.410450104506446e-17,2.8189689690747876e-16,0.05743012634691144,-2.25517517525983e-17,0.0
0.3288749066736843,1.9570736571365471e-19,2.8792391749520913e-05,0.0070991925266195004,-9.245213529571927e-22,6.679626076779043e-07,arith,0.005758478349904182,4.7419951524882516e-09,True,0.02158630039130182,0.46875,0.84,-1.190162957053085e-16,-0.020387530024616865,4.806879894890316e-09,True,False,52,0.9375,731,0.00013359252153558084,0.026718504307116166,0.00013359252153558084,0.00013359252153558084,0.0,3.7635976495821293,1.1439965058275452,-4.575419647920027e-06,-4.575419647920027e-06,0.4999796645334086,0.31817373029354545,0.0,0.21339705713812682,0.31817373029354545,True,0.0070991925266195004,0.006608108133841021,success,0.9999593290668173,0.9999593290668173,0.5,2.932553868203571e-15,0.005,"[0.005, 0.0075, 0.01, 0.015, 0.02, 0.03, 0.05, 0.08]",0.02319927477678261,8.754815635140339e-05,False,5.950814785265425e-19,9.469095149535847e-06,True,success,-1.3425683145030361e-17,2.6045817168376813e-17,9.408994123955323e-05,-1.3022908584188406e-19,0.0
0.33658114916497106,2.3679864831678034e-19,6.805019421145333e-05,0.007473189770272672,2.2573758916572125e-21,1.673216198967332e-06,arith,0.009073359228193778,1.2504262181577189e-08,True,0.02220323327320325,0.46875,0.84,-9.380547064871081e-17,-0.020369041065080425,4.806879894890316e-09,True,False,52,0.9375,731,0.00022309549319564427,0.029746065759419238,0.00022309549319564427,0.00022309549319564427,0.0,3.9803707217157824,1.209887618578648,-4.575419647920027e-06,-4.575419647920027e-06,0.4999796645334086,0.31817373029354545,0.0,0.21339705713812682,0.31817373029354545,True,0.007473189770272672,0.006608108133841021,success,0.9999593290668173,0.9999593290668173,0.5,2.932553868203571e-15,0.0075,"[0.005, 0.0075, 0.01, 0.015, 0.02, 0.03, 0.05, 0.08]",0.02458797095814486,0.00020218064612435968,False,7.03541029865331e-19,2.2904412568590422e-05,True,success,2.0187142420726836e-17,-4.0275098247636205e-17,0.00022389585309651275,3.0206323685727153e-19,0.0
0.34413639042730265,3.722709803182507e-19,0.00012604689838261818,0.007853415572926625,-8.112987447920627e-21,3.253447830202364e-06,arith,0.012604689838261818,2.5550677855415584e-08,True,0.02282064841551718,0.46875,0.84,-1.0817541843105121e-16,-0.020341983319844326,4.806879894890316e-09,True,False,52,0.9375,731,0.0003253447830202364,0.03253447830202364,0.0003253447830202364,0.0003253447830202364,0.0,4.142717012732775,1.2592349736760033,-4.575419647920027e-06,-4.575419647920027e-06,0.4999796645334087,0.31817373029354545,0.0,0.21339705713812682,0.31817373029354545,True,0.007853415572926625,0.006608108133841021,success,0.9999593290668173,0.9999593290668173,0.5,2.932553868203571e-15,0.01,"[0.005, 0.0075, 0.01, 0.015, 0.02, 0.03, 0.05, 0.08]",0.025811407277364733,0.00036627018208132525,False,1.0817541843105121e-18,4.337732463395123e-05,True,success,-5.0755088673572235e-17,1.0330520997626604e-16,0.0004142717012732774,-1.0330520997626604e-18,0.0
0.35805443540388865,2.1641697182552522e-19,0.00030220255392715155,0.008585516924477312,5.066518304053352e-21,8.407844946822247e-06,arith,0.02014683692847677,7.218569508932345e-08,True,0.02397824485763672,0.46875,0.84,-4.029498505004412e-17,-0.020260333837234898,4.806879894890316e-09,True,False,52,0.9375,731,0.0005605229964548165,0.037368199763654436,0.0005605229964548165,0.0005605229964548165,0.0,4.3524694077671295,1.3229920564860913,-4.575419647920027e-06,-4.575419647920027e-06,0.4999796645334087,0.31817373029354545,0.0,0.21339705713812682,0.31817373029354545,True,0.008585516924477312,0.006608108133841021,success,0.9999593290668173,0.9999593290668173,0.5,2.932553868203571e-15,0.015,"[0.005, 0.0075, 0.01, 0.015, 0.02, 0.03, 0.05, 0.08]",0.027821885809902948,0.0008440128763836268,False,6.044247757506618e-19,0.00010820496482399946,True,success,1.8857496883800742e-17,-3.934159001817512e-17,0.0009793056167476041,5.901238502726267e-19,0.0
0.3702720417652311,-1.2345280201290241e-19,0.0005628551271102382,0.009259346877241911,8.025952565543342e-21,1.6541552755199363e-05,arith,0.028142756355511906,1.5316397484858754e-07,True,0.02500687557477739,0.46875,0.84,1.6670554091034637e-17,-0.0201397637025707,4.806879894890316e-09,True,False,52,0.9375,731,0.0008270776377599682,0.041353881887998406,0.0008270776377599682,0.0008270776377599682,0.0,4.46617698162276,1.3575550144025443,-4.575419647920027e-06,-4.575419647920027e-06,0.4999796645334087,0.31817373029354545,0.0,0.21339705713812682,0.31817373029354545,True,0.009259346877241911,0.006608108133841021,success,0.9999593290668173,0.9999593290668173,0.5,2.932553868203571e-15,0.02,"[0.005, 0.0075, 0.01, 0.015, 0.02, 0.03, 0.05, 0.08]",0.029388650753037582,0.0015201124136375202,False,-3.3341108182069273e-19,0.00020840951713313655,True,success,2.0507762273256886e-17,-4.3339733741209825e-17,0.001786470792649104,8.667946748241965e-19,0.0
0.3904494971497604,-7.361704569949987e-20,0.0013490581839667385,0.010430853857471006,1.3330957820678256e-20,4.2696559286546355e-05,arith,0.04496860613222462,4.4536157013481153e-07,True,0.026714988580123996,0.46875,0.84,6.2848115856977184e-18,-0.019774927513082775,4.806879894890316e-09,True,False,52,0.9375,731,0.0014232186428848785,0.047440621429495955,0.0014232186428848785,0.0014232186428848785,0.0,4.548105272850413,1.3824582287254843,-4.575419647920027e-06,-4.575419647920027e-06,0.4999796645334086,0.31817373029354545,0.0,0.21339705713812682,0.31817373029354545,True,0.010430853857471006,0.006608108133841021,success,0.9999593290668173,0.9999593290668173,0.5,2.932553868203571e-15,0.03,"[0.005, 0.0075, 0.01, 0.015, 0.02, 0.03, 0.05, 0.08]",0.031649160721150225,0.0034551413020498657,False,-1.8854434757093154e-19,0.000526739089555582,True,success,1.9975836955203507e-17,-4.2601043669210507e-17,0.0040932947455653715,1.2780313100763153e-18,0.0
0.4192477699649019,1.708272723907866e-18,0.004008913556411221,0.012219023446006814,1.0462287662556592e-19,0.00013736123823146774,arith,0.08017827112822441,1.6784201905228318e-06,True,0.029145112559644033,0.46875,0.84,-8.149227479735324e-17,-0.018525501001553493,4.806879894890316e-09,True,False,52,0.9375,731,0.0027472247646293546,0.05494449529258709,0.0027472247646293546,0.0027472247646293546,0.0,4.496635556464456,1.3668133109676026,-4.575419647920027e-06,-4.575419647920027e-06,0.49997966453340864,0.31817373029354545,0.0,0.21339705713812682,0.31817373029354545,True,0.012219023446006814,0.006608108133841021,success,0.9999593290668173,0.9999593290668173,0.5,2.932553868203571e-15,0.05,"[0.005, 0.0075, 0.01, 0.015, 0.02, 0.03, 0.05, 0.08]",0.03426395613140472,0.00956215833121029,False,4.074613739867662e-18,0.0016807280685074684,True,success,8.075628076109633e-17,-1.712458889826531e-16,0.011241588891161143,8.562294449132656e-18,0.0
0.4462862746436862,4.795073669801438e-19,0.010695062425008414,0.014013934869020356,-6.998568215435621e-20,0.00038593020243428807,arith,0.13368828031260516,5.408400720901954e-06,True,0.031401223083118664,0.46875,0.84,-1.3430487173367063e-17,-0.015316152100769824,4.806879894890316e-09,True,False,52,0.9375,731,0.0048241275304286005,0.0603015941303575,0.0048241275304286005,0.0048241275304286005,0.0,4.302973768178565,1.3079471861213476,-4.575419647920027e-06,-4.575419647920027e-06,0.4999796645334087,0.31817373029354545,0.0,0.21339705713812682,0.31817373029354545,True,0.014013934869020356,0.006608108133841021,success,0.9999593290668173,0.9999593290668173,0.5,2.932553868203571e-15,0.08,"[0.005, 0.0075, 0.01, 0.015, 0.02, 0.03, 0.05, 0.08]",0.036084894795177826,0.023964578416728867,False,1.074438973869365e-18,0.004773059566738674,True,success,-3.0093643305202304e-17,6.242508154246951e-17,0.02753903211634282,-4.994006523397562e-18,0.0
0.009747049763243476,-4.7786637577494685e-20,2.6223176533847264e-06,1.1826291031430875e-06,-6.140240850750685e-25,2.2508832161721785e-10,typ,0.0005244635306769454,2.661959999221532e-16,True,0.00012133200628592565,0.46875,0.84,9.8053541816725e-16,-0.006192971425853171,4.560094768438907e-09,True,False,53,0.9375,459,4.5017664323443566e-08,9.003532864688712e-06,4.5017664323443566e-08,4.5017664323443566e-08,0.0,7.613150091402212,2.3141201355229324,-0.002936487876594801,-0.002936487876594801,0.49997903699121105,0.00776010077353094,0.0,0.004107147023333865,0.004107147023333865,True,1.1826291031430875e-06,1.0542983556006208e-06,success,0.9999580739824231,0.28415494625758064,0.5,5.8693391881599435e-15,0.005,"[0.005, 0.0075, 0.01, 0.015, 0.02, 0.03, 0.05, 0.08]",8.58356428812839e-05,0.00026903706424826043,False,-4.90267709083625e-18,2.5559860662572786e-08,True,success,-3.763436945976481e-17,1.0384051659868158e-16,0.00019032875228505532,-5.19202582993408e-19,0.0
0.020067722654549314,-3.2835761595904987e-19,2.114786284086218e-05,2.126468637267821e-06,6.514047323855093e-24,3.0403595327914105e-09,typ,0.002819715045448291,6.4652291924991805e-15,True,0.00010596462159027073,0.46875,0.84,2.1816633713183982e-15,-0.0061892718231021104,4.560094768438907e-09,True,False,53,0.9375,459,4.053812710388548e-07,5.405083613851397e-05,4.053812710388548e-07,4.053812710388548e-07,0.0,25.41812053619602,7.7261821760729825,-0.002936487876594801,-0.002936487876594801,0.49997903699121105,0.00776010077353094,0.0,0.004107147023333865,0.004107147023333865,True,2.126468637267821e-06,1.0542983556006208e-06,success,0.9999580739824231,0.28415494625758064,0.5,5.8693391881599435e-15,0.0075,"[0.005, 0.0075, 0.01, 0.015, 0.02, 0.03, 0.05, 0.08]",0.0001437667510740985,0.0010538247515628288,False,-1.6362475284887986e-17,4.243894462268716e-07,True,success,8.101378941126241e-17,-4.0844225395988736e-16,0.001429769280161026,3.0633169046991553e-18,0.0
0.04237313382379448,-8.631265732521488e-19,7.10295980399609e-05,5.776827736841219e-06,3.9704669402540215e-23,1.820044133438023e-08,typ,0.007102959803996089,1.0514081432319913e-13,True,0.00013633232228854554,0.46875,0.84,2.0369665761361816e-15,-0.006177189596986467,4.560094768438907e-09,True,False,53,0.9375,459,1.820044133438023e-06,0.0001820044133438023,1.820044133438023e-06,1.820044133438023e-06,0.0,31.505944375506456,9.576658727687905,-0.002936487876594801,-0.002936487876594801,0.49997903699121105,0.00776010077353094,0.0,0.004107147023333865,0.004107147023333865,True,5.776827736841219e-06,1.0542983556006208e-06,success,0.9999580739824231,0.28415494625758064,0.5,5.8693391881599435e-15,0.01,"[0.005, 0.0075, 0.01, 0.015, 0.02, 0.03, 0.05, 0.08]",0.0002562374254763592,0.0016762885260111322,False,-2.036966576136182e-17,3.009746663197593e-06,True,success,1.224491898508725e-16,-6.8730921556353705e-16,0.003150594437550646,6.873092155635371e-18,0.0
0.10578770035612556,-1.8571936519220908e-18,0.00027215959412248467,2.7805027194097474e-05,2.6457143715172928e-22,1.582875325489424e-07,typ,0.018143972941498977,4.401189147009932e-12,True,0.0002628379962934646,0.46875,0.84,1.1703904112796992e-15,-0.006114674014194785,4.560094768438907e-09,True,False,53,0.9375,459,1.0552502169929493e-05,0.0007035001446619662,1.0552502169929493e-05,1.0552502169929493e-05,0.0,25.301185276715255,7.690638119372637,-0.002936487876594801,-0.002936487876594801,0.49997903699121105,0.00776010077353094,0.0,0.004107147023333865,0.004107147023333865,True,2.7805027194097474e-05,1.0542983556006208e-06,success,0.9999580739824231,0.28415494625758064,0.5,5.8693391881599435e-15,0.015,"[0.005, 0.0075, 0.01, 0.015, 0.02, 0.03, 0.05, 0.08]",0.0005815982091658526,0.0025726960053605655,False,-1.7555856169195488e-17,2.8791137592074157e-05,True,success,1.2611244328722527e-16,-6.343491659615981e-16,0.005692766687260932,9.515237489423971e-18,0.0
0.16911966180234894,-1.8584717325349166e-18,0.0005892220860852896,7.261159241726605e-05,8.564411425521285e-22,5.888282736019733e-07,typ,0.02946110430426448,4.275575860654891e-11,True,0.0004293503880236445,0.46875,0.84,5.494546620803093e-16,-0.005995480321440538,4.560094768438907e-09,True,False,53,0.9375,459,2.9441413680098665e-05,0.0014720706840049332,2.9441413680098672e-05,2.9441413680098665e-05,0.0,20.273218572946416,6.16231950615227,-0.002936487876594801,-0.002936487876594801,0.49997903699121105,0.00776010077353094,0.0,0.004107147023333865,0.004107147023333865,True,7.261159241726605e-05,1.0542983556006208e-06,success,0.9999580739824231,0.28415494625758064,0.5,5.8693391881599435e-15,0.02,"[0.005, 0.0075, 0.01, 0.015, 0.02, 0.03, 0.05, 0.08]",0.0009993316399832656,0.0034840543069079495,False,-1.0989093241606186e-17,9.964903992521872e-05,True,success,1.3097856076990056e-16,-5.897413305788335e-16,0.008109287429178567,1.1794826611576671e-17,2.3016094443232904e-16
0.2644919113852144,-2.1669680292157667e-18,0.0015177885443163025,0.00021752044622621534,2.039560897633126e-21,2.974637595548958e-06,typ,0.05059295147721009,6.470444971450855e-10,True,0.0008224086895020834,0.46875,0.84,2.730982103090639e-16,-0.005593689955144032,4.560094768438907e-09,True,False,53,0.9375,459,9.91545865182986e-05,0.003305152883943287,9.91545865182986e-05,9.91545865182986e-05,0.0,15.19467682824638,4.618627923902178,-0.002936487876594801,-0.002936487876594801,0.49997903699121093,0.00776010077353094,0.0,0.004107147023333865,0.004107147023333865,True,0.00021752044622621534,1.0542983556006208e-06,success,0.9999580739824231,0.28415494625758064,0.5,5.8693391881599435e-15,0.03,"[0.005, 0.0075, 0.01, 0.015, 0.02, 0.03, 0.05, 0.08]",0.0019598498135251787,0.005738506468372665,False,-8.192946309271916e-18,0.000401442793164801,True,success,8.018065562212274e-17,-3.1254700159880423e-16,0.01367520914542174,9.376410047964127e-18,0.0
0.36702537149080083,-4.92807737653072e-18,0.004485592972132078,0.0006157886432537476,-4.643298703407351e-22,1.7110052101023325e-05,typ,0.08971185944264155,1.0536175769290087e-08,True,0.0016777822218461587,0.46875,0.84,2.6854151016937193e-16,-0.004186755299987796,4.560094768438907e-09,True,False,53,0.9375,459,0.00034220104202046646,0.006844020840409329,0.00034220104202046646,0.00034220104202046646,0.0,11.11423686582852,3.3783229035811564,-0.002936487876594801,-0.002936487876594801,0.499979036991211,0.00776010077353094,0.0,0.004107147023333865,0.004107147023333865,True,0.0006157886432537476,1.0542983556006208e-06,success,0.9999580739824231,0.28415494625758064,0.5,5.8693391881599435e-15,0.05,"[0.005, 0.0075, 0.01, 0.015, 0.02, 0.03, 0.05, 0.08]",0.003814445984583088,0.012221479277882853,False,-1.3427075508468596e-17,0.0016463264269533013,True,success,-4.523609622029882e-18,1.5080819545072347e-17,0.027785592164571306,-7.540409772536175e-19,0.0
0.43470686469752406,-1.3760422859223292e-18,0.011696548388282524,0.0012345152684053316,-2.6890395413220307e-20,6.487023482052531e-05,typ,0.14620685485353155,8.00832953509777e-08,True,0.00283987985619764,0.46875,0.84,3.956810892783466e-17,-0.0006444157217238616,4.560094768438907e-09,True,False,53,0.9375,459,0.0008108779352565663,0.01013597419070708,0.0008108779352565663,0.0008108779352565663,0.0,8.21048912890327,2.495689430469078,-0.002936487876594801,-0.002936487876594801,0.49997903699121105,0.00776010077353094,0.0,0.004107147023333865,0.004107147023333865,True,0.0012345152684053316,1.0542983556006208e-06,success,0.9999580739824231,0.28415494625758064,0.5,5.8693391881599435e-15,0.08,"[0.005, 0.0075, 0.01, 0.015, 0.02, 0.03, 0.05, 0.08]",0.0055461006672286,0.026906748749921782,False,-3.165448714226773e-18,0.005084569877653174,True,success,-9.502244929552287e-17,2.722768614271131e-16,0.05254713042498094,-2.178214891416905e-17,0.0
0.44281495265054577,-4.938071801546094e-20,3.6429334719320464e-05,0.013379552637162555,3.484209948076229e-21,1.1010449639087229e-06,arith,0.007285866943864093,1.4731489050499502e-08,True,0.030214771558812366,0.53125,1.06,2.230309420216462e-17,-0.01978856213092662,4.716868788009116e-09,True,False,54,1.0625,634,0.00022020899278174457,0.04404179855634891,0.00022020899278174457,0.00022020899278174457,0.0,3.291724301305862,1.0005642072976717,-6.304840133120352e-06,-6.304840133120352e-06,0.4999795310300439,0.44277738299692126,0.0,0.26881000135206157,0.44277738299692126,True,0.013379552637162555,0.013377038257575097,success,0.9999590620600879,0.9999590620600879,0.5,3.1962875784091347e-15,0.005,"[0.005, 0.0075, 0.01, 0.015, 0.02, 0.03, 0.05, 0.08]",0.03022413042653723,8.226762556518554e-05,False,-1.115154710108231e-19,1.6131454128826773e-05,True,success,2.870654942811565e-17,-5.208260758134193e-17,8.229310753264654e-05,2.6041303790670965e-19,0.0
0.4428580903699751,-6.159782411110882e-19,8.19951317040124e-05,0.013382444656181531,9.116357530946918e-21,2.4793100111902226e-06,arith,0.010932684227201655,3.317922901026997e-08,True,0.03021835876364253,0.53125,1.06,1.8545541773783836e-16,-0.01976578963218241,4.716868788009116e-09,True,False,54,1.0625,634,0.0003305746681586964,0.04407662242115952,0.0003305746681586964,0.0003305746681586964,0.0,3.2936151468259527,1.001138955416213,-6.304840133120352e-06,-6.304840133120352e-06,0.4999795310300439,0.44277738299692126,0.0,0.26881000135206157,0.44277738299692126,True,0.013382444656181531,0.013377038257575097,success,0.9999590620600879,0.9999590620600879,0.5,3.1962875784091347e-15,0.0075,"[0.005, 0.0075, 0.01, 0.015, 0.02, 0.03, 0.05, 0.08]",0.030237283112613117,0.00018514990125959212,False,-1.3909156330337877e-18,3.631220744607354e-05,True,success,5.0048170232706976e-17,-9.082902030894084e-17,0.0001852658520089598,6.812176523170562e-19,0.0
0.442912937139119,4.950907576701262e-19,0.00014582913625263219,0.01338612920438461,-7.001256704649196e-21,4.411716625669778e-06,arith,0.014582913625263219,5.905580876434734e-08,True,0.030222935665074117,0.53125,1.06,-1.117806043029667e-16,-0.01973389585240258,4.716868788009116e-09,True,False,54,1.0625,634,0.00044117166256697776,0.044117166256697773,0.00044117166256697776,0.00044117166256697776,0.0,3.2957373698624735,1.001784033866253,-6.304840133120352e-06,-6.304840133120352e-06,0.4999795310300439,0.44277738299692126,0.0,0.26881000135206157,0.44277738299692126,True,0.01338612920438461,0.013377038257575097,success,0.9999590620600879,0.9999590620600879,0.5,3.1962875784091347e-15,0.01,"[0.005, 0.0075, 0.01, 0.015, 0.02, 0.03, 0.05, 0.08]",0.030252641817935383,0.0003292501167262749,False,1.117806043029667e-18,6.45896110581141e-05,True,success,-2.8810095030957196e-17,5.2302324277252185e-17,0.00032957373698624736,-5.230232427725218e-19,0.0
0.4430447780377139,-1.9010115884407343e-19,0.00032839571835824533,0.013395021574983706,-2.796305605085412e-20,9.94547004645263e-06,arith,0.02189304789054969,1.3321978584558718e-07,True,0.03023401299144409,0.53125,1.06,2.860525892153971e-17,-0.019642710940299908,4.716868788009116e-09,True,False,54,1.0625,634,0.0006630313364301753,0.044202089095345024,0.0006630313364301753,0.0006630313364301753,0.0,3.2998893542580046,1.003046085786512,-6.304840133120352e-06,-6.304840133120352e-06,0.4999795310300439,0.44277738299692126,0.0,0.26881000135206157,0.44277738299692126,True,0.013395021574983706,0.013377038257575097,success,0.9999590620600879,0.9999590620600879,0.5,3.1962875784091347e-15,0.015,"[0.005, 0.0075, 0.01, 0.015, 0.02, 0.03, 0.05, 0.08]",0.030285017405748158,0.0007412246676571614,False,-4.2907888382309564e-19,0.00014549400814856442,True,success,-7.661261171334073e-17,1.3917138739105582e-16,0.000742475104708051,-2.0875708108658373e-18,0.0
0.44318987475444305,-1.6060071236665255e-19,0.0005842664266254566,0.013404872032751276,1.986832630181515e-20,1.771220683514354e-05,arith,0.02921332133127283,2.3742986604272163e-07,True,0.030246340894359274,0.53125,1.06,1.811872534944939e-17,-0.019514948451160107,4.716868788009116e-09,True,False,54,1.0625,634,0.000885610341757177,0.04428051708785885,0.000885610341757177,0.000885610341757177,0.0,3.3033151662821596,1.0040874077741826,-6.304840133120352e-06,-6.304840133120352e-06,0.4999795310300439,0.44277738299692126,0.0,0.26881000135206157,0.44277738299692126,True,0.013404872032751276,0.013377038257575097,success,0.9999590620600879,0.9999590620600879,0.5,3.1962875784091347e-15,0.02,"[0.005, 0.0075, 0.01, 0.015, 0.02, 0.03, 0.05, 0.08]",0.030315291154831208,0.0013183207918483683,False,-3.623745069889878e-19,0.00025894096443936207,True,success,4.07749662417377e-17,-7.41086011611007e-17,0.0013213260665128638,1.482172023222014e-18,0.0
0.4434750730376987,1.319745386003679e-18,0.001316096189861445,0.013424490243582703,-1.2074311156594954e-21,3.996121639543836e-05,arith,0.043869872995381504,5.364589596222594e-07,True,0.030271126969162305,0.53125,1.06,-9.91972616757418e-17,-0.01914954305884399,4.716868788009116e-09,True,False,54,1.0625,634,0.001332040546514612,0.04440135155048707,0.001332040546514612,0.001332040546514612,0.0,3.307488831593602,1.0053560499026297,-6.304840133120352e-06,-6.304840133120352e-06,0.4999795310300439,0.44277738299692126,0.0,0.26881000135206157,0.44277738299692126,True,0.013424490243582703,0.013377038257575097,success,0.9999590620600879,0.9999590620600879,0.5,3.1962875784091347e-15,0.03,"[0.005, 0.0075, 0.01, 0.015, 0.02, 0.03, 0.05, 0.08]",0.030363446610726354,0.0029676892115863456,False,2.975917850272254e-18,0.0005836558539234413,True,success,-1.6485195883988804e-18,2.9980806067892287e-18,0.0029767399484342417,-8.994241820367686e-20,0.0
0.44392123269998346,1.559754926596881e-18,0.003658712425134159,0.013456499669218523,-9.970835103711884e-21,0.00011128378057695797,arith,0.07317424850268317,1.4974901565232215e-06,True,0.03031280929586188,0.53125,1.06,-7.027169739596639e-17,-0.01797901015195787,4.716868788009116e-09,True,False,54,1.0625,634,0.002225675611539159,0.044513512230783175,0.002225675611539159,0.002225675611539159,0.0,3.3079562534829883,1.0054981291199085,-6.304840133120352e-06,-6.304840133120352e-06,0.49997953103004383,0.44277738299692126,0.0,0.26881000135206157,0.44277738299692126,True,0.013456499669218523,0.013377038257575097,success,0.9999590620600879,0.9999590620600879,0.5,3.1962875784091347e-15,0.05,"[0.005, 0.0075, 0.01, 0.015, 0.02, 0.03, 0.05, 0.08]",0.030416104805743888,0.00824180542769135,False,3.5135848697983196e-18,0.0016241801298603018,True,success,-8.147972336782387e-18,1.481935919267322e-17,0.008269890633707472,-7.409679596336611e-19,0.0
0.444240473983028,-2.3996376751213136e-18,0.009350749647195946,0.013483988334659967,1.6346458517017051e-19,0.00028449428964474384,arith,0.11688437058994933,3.8361176828471e-06,True,0.030352903718482697,0.53125,1.06,6.75207971711339e-17,-0.015126967177450887,4.716868788009116e-09,True,False,54,1.0625,634,0.003556178620559298,0.04445223275699123,0.003556178620559298,0.003556178620559298,0.0,3.296667992713166,1.0020669092925232,-6.304840133120352e-06,-6.304840133120352e-06,0.4999795310300439,0.44277738299692126,0.0,0.26881000135206157,0.44277738299692126,True,0.013483988334659967,0.013377038257575097,success,0.9999590620600879,0.9999590620600879,0.5,3.1962875784091347e-15,0.08,"[0.005, 0.0075, 0.01, 0.015, 0.02, 0.03, 0.05, 0.08]",0.03042475741290502,0.021048846727894466,False,-5.4016637736907116e-18,0.00415398145536696,True,success,8.345987228183438e-17,-1.5153582633818396e-16,0.021098675153364263,1.2122866107054719e-17,0.0
0.4319713307541653,-9.882230618424812e-19,3.779223015859848e-05,2.9099466755338024e-05,-1.1871204886654605e-23,2.5951921078443e-09,typ,0.007558446031719695,7.551870646593082e-14,True,6.736434731567526e-05,0.53125,1.06,4.575410410302802e-16,-0.0007429693458900419,4.568957552568921e-09,True,False,55,1.0625,486,5.1903842156886e-07,0.000103807684313772,5.1903842156886e-07,5.1903842156886e-07,0.0,3.567339744970737,1.0843412562443713,-0.32244591369133424,-0.32244591369133424,0.4999794689243666,0.3862987701297491,0.0,0.020841232798251782,0.020841232798251782,True,2.9099466755338024e-05,2.7152161951241304e-05,success,0.9999589378487319,0.028275530302702436,0.5,1.7326188870974543e-14,0.005,"[0.005, 0.0075, 0.01, 0.015, 0.02, 0.03, 0.05, 0.08]",6.866999107894252e-05,8.74878202972827e-05,False,-2.287705205151401e-18,1.6325159953777485e-05,True,success,-4.319838685256723e-17,8.159053213218722e-17,8.918349362426843e-05,-4.0795266066093613e-19,0.0
0.4413335673595877,-1.3269829909922683e-18,8.594253758998746e-05,2.9968616868229655e-05,-7.069809297914158e-24,6.097479050565243e-09,typ,0.011459005011998327,1.8273301352844649e-13,True,6.790468499263726e-05,0.53125,1.06,4.0090099315168725e-16,-0.0007191953410992311,4.568957552568921e-09,True,False,55,1.0625,486,8.129972067420324e-07,0.00010839962756560433,8.129972067420324e-07,8.129972067420324e-07,0.0,3.617104788059838,1.0994680154537704,-0.32244591369133424,-0.32244591369133424,0.4999794689243666,0.3862987701297491,0.0,0.020841232798251782,0.020841232798251782,True,2.9968616868229655e-05,2.7152161951241304e-05,success,0.9999589378487319,0.028275530302702436,0.5,1.7326188870974543e-14,0.0075,"[0.005, 0.0075, 0.01, 0.015, 0.02, 0.03, 0.05, 0.08]",7.094832456140575e-05,0.000194733743241342,False,-3.0067574486376543e-18,3.792932670252463e-05,True,success,-1.6538617040558583e-17,3.145427911693853e-17,0.0002034621443283659,-2.35907093377039e-19,0.0
0.4470460383375085,-5.052551530372059e-19,0.00015350194415373927,3.0695676115430715e-05,9.30578189122128e-25,1.1194271295081928e-08,typ,0.015350194415373927,3.43615726022098e-13,True,6.866334445012183e-05,0.53125,1.06,1.1302083224273e-16,-0.0006856821964103463,4.568957552568921e-09,True,False,55,1.0625,486,1.1194271295081927e-06,0.00011194271295081928,1.1194271295081927e-06,1.1194271295081927e-06,0.0,3.646856076075994,1.1085113226038135,-0.32244591369133424,-0.32244591369133424,0.49997946892436673,0.3862987701297491,0.0,0.020841232798251782,0.020841232798251782,True,3.0695676115430715e-05,2.7152161951241304e-05,success,0.9999589378487319,0.028275530302702436,0.5,1.7326188870974543e-14,0.01,"[0.005, 0.0075, 0.01, 0.015, 0.02, 0.03, 0.05, 0.08]",7.292592518483251e-05,0.00034336943175827713,False,-1.1302083224273001e-18,6.862243601103462e-05,True,success,1.5875095753415324e-18,-3.0316262968852684e-18,0.00036468560760759944,3.0316262968852687e-20,0.0
0.4536306317522034,-2.1146455358554592e-18,0.0003467287933051473,3.186527565154968e-05,6.203775872270411e-23,2.6383622794403966e-08,typ,0.02311525288700982,8.407214130301919e-13,True,7.024498219722549e-05,0.53125,1.06,3.107734777796911e-16,-0.0005895113337743424,4.568957552568921e-09,True,False,55,1.0625,486,1.7589081862935978e-06,0.00011726054575290652,1.7589081862935978e-06,1.7589081862935978e-06,0.0,3.6798848701377507,1.118550872129662,-0.32244591369133424,-0.32244591369133424,0.4999794689243666,0.3862987701297491,0.0,0.020841232798251782,0.020841232798251782,True,3.186527565154968e-05,2.7152161951241304e-05,success,0.9999589378487319,0.028275530302702436,0.5,1.7326188870974543e-14,0.015,"[0.005, 0.0075, 0.01, 0.015, 0.02, 0.03, 0.05, 0.08]",7.609296748304489e-05,0.0007643416670648214,False,-4.661602166695366e-18,0.00015728680155369313,True,success,6.765969643196143e-17,-1.2979177166830729e-16,0.0008279740957809938,1.946876575024609e-18,0.0
0.4573057851722691,-1.2783369350318493e-18,0.0006173574989243136,3.278850155543385e-05,-2.9346140597972845e-23,4.846860292683038e-08,typ,0.03086787494621568,1.5892128624560834e-12,True,7.169929316131935e-05,0.53125,1.06,1.3976828814338028e-16,-0.0004545499483800605,4.568957552568921e-09,True,False,55,1.0625,486,2.423430146341519e-06,0.00012117150731707594,2.423430146341519e-06,2.423430146341519e-06,0.0,3.6955487920732657,1.1233121334626246,-0.32244591369133424,-0.32244591369133424,0.4999794689243666,0.3862987701297491,0.0,0.020841232798251782,0.020841232798251782,True,3.278850155543385e-05,2.7152161951241304e-05,success,0.9999589378487319,0.028275530302702436,0.5,1.7326188870974543e-14,0.02,"[0.005, 0.0075, 0.01, 0.015, 0.02, 0.03, 0.05, 0.08]",7.850978243769985e-05,0.0013499883861992962,False,-2.7953657628676055e-18,0.0002823211557775715,True,success,-2.3278766184734425e-17,4.4750658318982374e-17,0.0014782195168293064,-8.950131663796476e-19,0.0
0.4612703929255684,-2.2095190933019893e-18,0.001390689311505245,3.419556568108792e-05,-3.9493870856889855e-23,1.1375262609350155e-07,typ,0.04635631038350817,3.8898353969765685e-12,True,7.413345015318552e-05,0.53125,1.06,1.5966911723138512e-16,-6.841624183620753e-05,4.568957552568921e-09,True,False,55,1.0625,486,3.7917542031167184e-06,0.0001263918067705573,3.7917542031167184e-06,3.7917542031167184e-06,0.0,3.696146101202212,1.1234936936664603,-0.32244591369133424,-0.32244591369133424,0.4999794689243667,0.3862987701297491,0.0,0.020841232798251782,0.020841232798251782,True,3.419556568108792e-05,2.7152161951241304e-05,success,0.9999589378487319,0.028275530302702436,0.5,1.7326188870974543e-14,0.03,"[0.005, 0.0075, 0.01, 0.015, 0.02, 0.03, 0.05, 0.08]",8.1795858465597e-05,0.0030149112816127564,False,-4.790073516941553e-18,0.0006414838051554126,True,success,-2.0024611069540945e-17,3.8498043113946984e-17,0.0033265314910819904,-1.1549412934184093e-18,0.0
0.46466614735433587,-3.333886109176403e-18,0.003865449134427928,3.598731580250455e-05,-1.8528250071836593e-22,3.218777703263125e-07,typ,0.07730898268855856,1.1583516970539035e-11,True,7.74476815395421e-05,0.53125,1.06,1.4349597568742678e-16,0.0011682629768309208,4.568957552568921e-09,True,False,55,1.0625,486,6.437555406526249e-06,0.00012875110813052496,6.437555406526249e-06,6.437555406526249e-06,0.0,3.5776802259190585,1.0874843855517162,-0.32244591369133424,-0.32244591369133424,0.4999794689243667,0.3862987701297491,0.0,0.020841232798251782,0.020841232798251782,True,3.598731580250455e-05,2.7152161951241304e-05,success,0.9999589378487319,0.028275530302702436,0.5,1.7326188870974543e-14,0.05,"[0.005, 0.0075, 0.01, 0.015, 0.02, 0.03, 0.05, 0.08]",8.327047107139056e-05,0.008318766401289592,False,-7.17479878437134e-18,0.0017961433570887776,True,success,-5.443950705263959e-17,1.0297100330304219e-16,0.008944200564797647,-5.14855016515211e-18,0.0
0.4666685461245475,-1.0907251530070441e-17,0.009896885162123689,3.698379729618656e-05,-3.653882636834238e-23,7.419900226977136e-07,typ,0.12371106452654611,2.7441608595245103e-11,True,7.925067503117316e-05,0.53125,1.06,2.921573464895426e-16,0.0041837561246351514,4.568957552568921e-09,True,False,55,1.0625,486,9.27487528372142e-06,0.00011593594104651775,9.27487528372142e-06,9.27487528372142e-06,0.0,3.134776564938399,0.952857816041461,-0.32244591369133424,-0.32244591369133424,0.4999794689243666,0.3862987701297491,0.0,0.020841232798251782,0.020841232798251782,True,3.698379729618656e-05,2.7152161951241304e-05,success,0.9999589378487319,0.028275530302702436,0.5,1.7326188870974543e-14,0.08,"[0.005, 0.0075, 0.01, 0.015, 0.02, 0.03, 0.05, 0.08]",7.497207561196924e-05,0.021207525650298154,False,-2.3372587719163408e-17,0.004618565009769869,True,success,-6.975089921763744e-18,1.234960612471706e-17,0.020062570015605755,-9.879684899773649e-19,0.0
0.4656325371075886,9.050607012006609e-20,3.8247953145870487e-05,0.01494576865436166,-9.102993394175358e-21,1.225819174980213e-06,arith,0.007649590629174097,1.832080980133474e-08,True,0.03209777552746127,0.53125,1.08,-3.887446125748461e-17,-0.020228555872931195,4.719472664719663e-09,True,False,56,1.0625,625,0.0002451638349960426,0.04903276699920852,0.0002451638349960426,0.0002451638349960426,0.0,3.2807122961119277,0.9972169590960968,-6.376343037172881e-06,-6.376343037172881e-06,0.49997952588571626,0.4658249883854691,0.0,0.2859367281805146,0.4658249883854691,True,0.01494576865436166,0.014959286557530937,success,0.9999590517714326,0.9999590517714326,0.5,2.8990745469467213e-15,0.005,"[0.005, 0.0075, 0.01, 0.015, 0.02, 0.03, 0.05, 0.08]",0.03204927516788074,8.214192544073214e-05,False,1.9437230628742304e-19,1.780949146248385e-05,True,success,-6.7253036013094e-17,1.218136531441467e-16,8.20178074027982e-05,-6.090682657207336e-19,0.0
0.4654036877904126,4.019436032517672e-19,8.589487802899509e-05,0.01492972975998948,1.790846026177305e-21,2.7467091780022154e-06,arith,0.011452650403866014,4.1007625756855916e-08,True,0.03207909638806484,0.53125,1.08,-1.1515267678262041e-16,-0.020204673975866123,4.719472664719663e-09,True,False,56,1.0625,625,0.0003662278904002954,0.04883038538670605,0.0003662278904002954,0.0003662278904002954,0.0,3.270681128975804,0.9941678499134582,-6.376343037172881e-06,-6.376343037172881e-06,0.49997952588571626,0.4658249883854691,0.0,0.2859367281805146,0.4658249883854691,True,0.01492972975998948,0.014959286557530937,success,0.9999590517714326,0.9999590517714326,0.5,2.8990745469467213e-15,0.0075,"[0.005, 0.0075, 0.01, 0.015, 0.02, 0.03, 0.05, 0.08]",0.03197756654448036,0.00018455994286765628,False,8.636450758696531e-19,3.9975792997002e-05,True,success,8.843535731125632e-18,-1.5993556078749964e-17,0.00018397581350488898,1.1995167059062473e-19,0.0
0.4651023320541455,3.0831999280055314e-19,0.00015234502414053722,0.014908660251046407,-2.170521927339503e-21,4.858222332189134e-06,arith,0.015234502414053722,7.24295861746541e-08,True,0.03205458073108693,0.53125,1.08,-6.629078625317658e-17,-0.02017131037335397,4.719472664719663e-09,True,False,56,1.0625,625,0.0004858222332189134,0.048582223321891334,0.0004858222332189134,0.0004858222332189134,0.0,3.25865788768521,0.9905132227971171,-6.376343037172881e-06,-6.376343037172881e-06,0.49997952588571637,0.4658249883854691,0.0,0.2859367281805146,0.4658249883854691,True,0.014908660251046407,0.014959286557530937,success,0.9999590517714326,0.9999590517714326,0.5,2.8990745469467213e-15,0.01,"[0.005, 0.0075, 0.01, 0.015, 0.02, 0.03, 0.05, 0.08]",0.03188960295616519,0.00032755162389252817,False,6.629078625317658e-19,7.085602600460895e-05,True,success,-8.065033499563618e-18,1.4558799320597295e-17,0.000325865788768521,-1.4558799320597294e-19,0.0
0.4643379370332051,8.398960605340574e-19,0.0003409600691219081,0.014855431878749995,8.364056723905563e-22,1.0805616443893087e-05,arith,0.022730671274793873,1.6052209899015451e-07,True,0.03199271628259759,0.53125,1.08,-1.2058689638849476e-16,-0.020076360462934116,4.719472664719663e-09,True,False,56,1.0625,625,0.0007203744295928725,0.048024961972858174,0.0007203744295928725,0.0007203744295928725,0.0,3.2328216617892913,0.9826599518312411,-6.376343037172881e-06,-6.376343037172881e-06,0.49997952588571637,0.4658249883854691,0.0,0.2859367281805146,0.4658249883854691,True,0.014855431878749995,0.014959286557530937,success,0.9999590517714326,0.9999590517714326,0.5,2.8990745469467213e-15,0.015,"[0.005, 0.0075, 0.01, 0.015, 0.02, 0.03, 0.05, 0.08]",0.03169173584379351,0.0007342929403968253,False,1.808803445827421e-18,0.0001583206951067658,True,success,2.0876108939863423e-18,-3.7535346406948325e-18,0.0007273848739025905,5.630301961042248e-20,0.0
0.46344051639735345,1.3773827115308024e-18,0.0006028941221413389,0.01479326170718096,-3.820637694838383e-20,1.8987072561085385e-05,arith,0.030144706107066946,2.8088073344937075e-07,True,0.03192051878022946,0.53125,1.08,-1.4860404548119352e-16,-0.019944140988675654,4.719472664719663e-09,True,False,56,1.0625,625,0.0009493536280542692,0.04746768140271346,0.0009493536280542692,0.0009493536280542692,0.0,3.208736676352562,0.9753389941338675,-6.376343037172881e-06,-6.376343037172881e-06,0.49997952588571626,0.4658249883854691,0.0,0.2859367281805146,0.4658249883854691,True,0.01479326170718096,0.014959286557530937,success,0.9999590517714326,0.9999590517714326,0.5,2.8990745469467213e-15,0.02,"[0.005, 0.0075, 0.01, 0.015, 0.02, 0.03, 0.05, 0.08]",0.03149321226361893,0.0013009093957258111,False,2.97208090962387e-18,0.0002794055632981112,True,success,-7.208997599550761e-17,1.2913439140280217e-16,0.0012834946705410249,-2.5826878280560436e-18,0.0
0.4615175842108953,2.0448409304372255e-19,0.0013437173444232583,0.014660988483917958,-1.0846255479052797e-20,4.185581082033346e-05,arith,0.044790578147441945,6.136475604219575e-07,True,0.03176691199964868,0.53125,1.08,-1.4768963671113447e-17,-0.01956929673131121,4.719472664719663e-09,True,False,56,1.0625,625,0.0013951936940111154,0.04650645646703718,0.0013951936940111154,0.0013951936940111154,0.0,3.1721228427436112,0.9642097232570399,-6.376343037172881e-06,-6.376343037172881e-06,0.49997952588571626,0.4658249883854691,0.0,0.2859367281805146,0.4658249883854691,True,0.014660988483917958,0.014959286557530937,success,0.9999590517714326,0.9999590517714326,0.5,2.8990745469467213e-15,0.03,"[0.005, 0.0075, 0.01, 0.015, 0.02, 0.03, 0.05, 0.08]",0.031149267361952927,0.0029115192798574554,False,4.430689101334033e-19,0.0006201491826605017,True,success,-1.3845872364829474e-17,2.4660127773672637e-17,0.00285491055846925,-7.398038332101791e-19,0.0
0.4579515888596845,3.748708114990967e-19,0.0036839775857147395,0.01441868368955908,-8.926666921912377e-20,0.00011306681386804286,arith,0.07367955171429479,1.630274624949562e-06,True,0.0314851701365686,0.53125,1.08,-1.6371634933401503e-17,-0.01838397382193206,4.719472664719663e-09,True,False,56,1.0625,625,0.002261336277360857,0.045226725547217135,0.002261336277360857,0.002261336277360857,0.0,3.1366750613973804,0.9534348897665552,-6.376343037172881e-06,-6.376343037172881e-06,0.4999795258857163,0.4658249883854691,0.0,0.2859367281805146,0.4658249883854691,True,0.01441868368955908,0.014959286557530937,success,0.9999590517714326,0.9999590517714326,0.5,2.8990745469467213e-15,0.05,"[0.005, 0.0075, 0.01, 0.015, 0.02, 0.03, 0.05, 0.08]",0.03069150428777824,0.00804446949269894,False,8.185817466700752e-19,0.0016870833887015295,True,success,-6.991316221008396e-17,1.238208301687954e-16,0.007841687653493452,-6.191041508439771e-18,0.0
0.4538477184901477,4.704245335514201e-19,0.009320050278839847,0.014145553769295195,2.3915909214661684e-20,0.0002826466043452245,arith,0.11650062848549808,3.998192739474078e-06,True,0.031168061869638487,0.53125,1.08,-1.2956563247591608e-17,-0.015529889478855079,4.719472664719663e-09,True,False,56,1.0625,625,0.003533082554315306,0.04416353192894132,0.003533082554315306,0.003533082554315306,0.0,3.122078686293932,0.9489981237594485,-6.376343037172881e-06,-6.376343037172881e-06,0.4999795258857163,0.4658249883854691,0.0,0.2859367281805146,0.4658249883854691,True,0.014145553769295195,0.014959286557530937,success,0.9999590517714326,0.9999590517714326,0.5,2.8990745469467213e-15,0.08,"[0.005, 0.0075, 0.01, 0.015, 0.02, 0.03, 0.05, 0.08]",0.030326725273890704,0.02053563320720355,False,1.0365250598073287e-18,0.00422988355526493,True,success,1.1960656915489691e-17,-2.1133768960829185e-17,0.019981303592281167,1.6907015168663346e-18,0.0
0.6040912322241639,-2.7984711779738885e-19,4.636580801297849e-05,0.00030267197140083706,1.0404207592869403e-22,2.2048776129664223e-08,typ,0.009273161602595696,6.673546538141189e-12,True,0.0005010368554538508,0.53125,1.08,9.265061397002505e-17,-0.0009402595502611341,4.599247767818938e-09,True,False,57,1.0625,481,4.409755225932844e-06,0.0008819510451865689,4.409755225932844e-06,4.409755225932844e-06,0.0,2.9138841006806544,0.8857145582326585,-0.2729924438423479,-0.2729924438423479,0.4999796513530207,0.6218218629020563,0.0,0.07104579577876767,0.07104579577876767,True,0.00030267197140083706,0.0003161259339787279,success,0.9999593027060413,0.030815436420963356,0.5,9.26006237092792e-15,0.005,"[0.005, 0.0075, 0.01, 0.015, 0.02, 0.03, 0.05, 0.08]",0.0004755395640574719,7.675298951495663e-05,False,-4.632530698501253e-19,2.800917809562919e-05,True,success,4.027454681843741e-17,-6.87490654963278e-17,7.284710251701636e-05,3.4374532748163905e-19,0.0
0.5895208621728144,-1.7395939154235193e-19,9.867260178398398e-05,0.0002898925692472004,1.7691648468404658e-22,4.323296708431798e-08,typ,0.013156346904531198,1.2532915904252586e-11,True,0.0004917426809608312,0.53125,1.08,3.934480868665325e-17,-0.0009121636585120441,4.599247767818938e-09,True,False,57,1.0625,481,5.764395611242398e-06,0.0007685860814989864,5.764395611242398e-06,5.764395611242398e-06,0.0,2.6512790013723637,0.8058921797553695,-0.2729924438423479,-0.2729924438423479,0.4999796513530207,0.6218218629020563,0.0,0.07104579577876767,0.07104579577876767,True,0.0002898925692472004,0.0003161259339787279,success,0.9999593027060413,0.030815436420963356,0.5,9.26006237092792e-15,0.0075,"[0.005, 0.0075, 0.01, 0.015, 0.02, 0.03, 0.05, 0.08]",0.00043814560782500146,0.00016737762497548173,False,-2.9508606514989933e-19,5.816955727652902e-05,True,success,4.997378437605385e-17,-8.13710564772172e-17,0.00014913444382719547,6.10282923579129e-19,0.0
0.575873414809624,-1.702536223981261e-19,0.0001685909970407911,0.00027629855695307824,4.1762281176270985e-22,6.708214041883522e-08,typ,0.01685909970407911,1.8534698595047936e-11,True,0.00047979043631388824,0.53125,1.08,2.9564417807758964e-17,-0.0008746239672365597,4.599247767818938e-09,True,False,57,1.0625,481,6.708214041883522e-06,0.0006708214041883522,6.708214041883522e-06,6.708214041883522e-06,0.0,2.427886021504893,0.7379888563426863,-0.2729924438423479,-0.2729924438423479,0.4999796513530207,0.6218218629020563,0.0,0.07104579577876767,0.07104579577876767,True,0.00027629855695307824,0.0003161259339787279,success,0.9999593027060413,0.030815436420963356,0.5,9.26006237092792e-15,0.01,"[0.005, 0.0075, 0.01, 0.015, 0.02, 0.03, 0.05, 0.08]",0.0003978987110599061,0.00029275704122671653,False,-2.956441780775896e-19,9.708707317203958e-05,True,success,9.700440340561509e-17,-1.5114911071853034e-16,0.0002427886021504893,1.5114911071853035e-18,0.0
0.5538687689831004,-3.7983916514777274e-19,0.00036222135542128764,0.0002505433377180974,1.1266193857553996e-21,1.182453353530947e-07,typ,0.024148090361419176,2.9625580988960086e-11,True,0.0004523514445093075,0.53125,1.08,4.571951413029421e-17,-0.0007720949939266503,4.599247767818938e-09,True,False,57,1.0625,481,7.883022356872981e-06,0.0005255348237915321,7.883022356872981e-06,7.883022356872981e-06,0.0,2.097580516720207,0.6375880222175935,-0.2729924438423479,-0.2729924438423479,0.4999796513530207,0.6218218629020563,0.0,0.07104579577876767,0.07104579577876767,True,0.0002505433377180974,0.0003161259339787279,success,0.9999593027060413,0.030815436420963356,0.5,9.26006237092792e-15,0.015,"[0.005, 0.0075, 0.01, 0.015, 0.02, 0.03, 0.05, 0.08]",0.00032644495854080023,0.0006539840765644248,False,-6.857927119544131e-19,0.0002006230962265787,True,success,2.0698733923319897e-16,-2.997803084066391e-16,0.0004719556162620465,4.496704626099586e-18,0.0
0.5380294338516564,-1.1172232591118826e-18,0.0006293926634146472,0.00022843937252648602,4.950052284795514e-22,1.712995346937097e-07,typ,0.03146963317073236,3.913155821951006e-11,True,0.00042458527016101975,0.53125,1.08,1.0382547764291272e-16,-0.0006330775060323021,4.599247767818938e-09,True,False,57,1.0625,481,8.564976734685485e-06,0.00042824883673427426,8.564976734685485e-06,8.564976734685485e-06,0.0,1.8746717433073918,0.5698318799182492,-0.2729924438423479,-0.2729924438423479,0.4999796513530208,0.6218218629020563,0.0,0.07104579577876767,0.07104579577876767,True,0.00022843937252648602,0.0003161259339787279,success,0.9999593027060413,0.030815436420963356,0.5,9.26006237092792e-15,0.02,"[0.005, 0.0075, 0.01, 0.015, 0.02, 0.03, 0.05, 0.08]",0.0002721663988969262,0.001169810838988748,False,-2.0765095528582544e-18,0.00033863177836736876,True,success,7.913092004654836e-17,-1.0834498952717944e-16,0.0007498686973229568,2.1668997905435888e-18,0.0
0.5177586815502812,7.815420663151417e-19,0.001388759400605329,0.00019435258116597855,4.0379037014022303e-22,2.7955239872900023e-07,typ,0.046291980020177634,5.433173026412202e-11,True,0.00037537290651321384,0.53125,1.08,-5.03157226306688e-17,-0.0002444423555939336,4.599247767818938e-09,True,False,57,1.0625,481,9.318413290966674e-06,0.00031061377636555583,9.318413290966674e-06,9.318413290966674e-06,0.0,1.5981973303472072,0.4857937356144101,-0.2729924438423479,-0.2729924438423479,0.4999796513530207,0.6218218629020563,0.0,0.07104579577876767,0.07104579577876767,True,0.00019435258116597855,0.0003161259339787279,success,0.9999593027060413,0.030815436420963356,0.5,9.26006237092792e-15,0.03,"[0.005, 0.0075, 0.01, 0.015, 0.02, 0.03, 0.05, 0.08]",0.00020129649427190168,0.0026822522732928085,False,1.509471678920064e-18,0.0007190422362479738,True,success,5.478090332887182e-17,-6.925392461435557e-17,0.0014383775973124864,2.077617738430667e-18,0.0
0.4977718446795013,2.5387000204422817e-18,0.003816525580746801,0.00015139257612873758,1.4443550807266288e-22,4.979442519116389e-07,typ,0.07633051161493602,7.538506306540008e-11,True,0.0003041404967896772,0.53125,1.08,-1.0200255589292584e-16,0.000981224554828731,4.599247767818938e-09,True,False,57,1.0625,481,9.958885038232778e-06,0.00019917770076465554,9.958885038232778e-06,9.958885038232778e-06,0.0,1.3156371722962399,0.3999057466227399,-0.2729924438423479,-0.2729924438423479,0.49997965135302075,0.6218218629020563,0.0,0.07104579577876767,0.07104579577876767,True,0.00015139257612873758,0.0003161259339787279,success,0.9999593027060413,0.030815436420963356,0.5,9.26006237092792e-15,0.05,"[0.005, 0.0075, 0.01, 0.015, 0.02, 0.03, 0.05, 0.08]",0.00013047056580037472,0.007667218669637964,False,5.100127794646292e-18,0.0018997589785948402,True,success,1.663532623444306e-17,-1.9080923485949705e-17,0.0032890929307406004,9.540461742974854e-19,0.0
0.4850003993081688,4.060090045718817e-18,0.009736942579326918,0.00011578028810844249,6.977476981638619e-22,8.000647465509209e-07,typ,0.12171178224158648,9.263172686107365e-11,True,0.0002387220469789259,0.53125,1.08,-1.0464140987075351e-16,0.003951517218739163,4.599247767818938e-09,True,False,57,1.0625,481,1.0000809331886512e-05,0.0001250101166485814,1.0000809331886512e-05,1.0000809331886512e-05,0.0,1.0797184796387276,0.3281950630725038,-0.2729924438423479,-0.2729924438423479,0.49997965135302075,0.6218218629020563,0.0,0.07104579577876767,0.07104579577876767,True,0.00011578028810844249,0.0003161259339787279,success,0.9999593027060413,0.030815436420963356,0.5,9.26006237092792e-15,0.08,"[0.005, 0.0075, 0.01, 0.015, 0.02, 0.03, 0.05, 0.08]",8.216796392017202e-05,0.020076153737638623,False,8.371312789660282e-18,0.004722421039014267,True,success,7.249674908438004e-17,-7.533101160431723e-17,0.006910198269687857,6.026480928345379e-18,0.0
0.41568971667143045,-3.2667326943673876e-20,3.431396882128355e-05,0.011658964614526462,-3.1639537261118267e-21,9.665389287291782e-07,arith,0.00686279376425671,1.1268843168615803e-08,True,0.028047276963894547,0.53125,1.04,1.5717168663806418e-17,-0.019384048927571666,4.691449994952094e-09,True,False,58,1.0625,642,0.00019330778574583565,0.03866155714916713,0.00019330778574583565,0.00019330778574583565,0.0,3.3160369232956457,1.0079543582100325,-6.234773691278777e-06,-6.234773691278777e-06,0.49997953608769635,0.4151631079057865,0.0,0.24932516224504392,0.4151631079057865,True,0.011658964614526462,0.011626926436410442,success,0.9999590721753926,0.9999590721753926,0.5,3.620936082604386e-15,0.005,"[0.005, 0.0075, 0.01, 0.015, 0.02, 0.03, 0.05, 0.08]",0.02816750617695012,8.254707163806509e-05,False,-7.858584331903209e-20,1.4263963977191657e-05,True,success,-2.98050912508244e-17,5.4275037805153046e-17,8.290092308239113e-05,-2.713751890257652e-19,0.0
0.4162662403725851,-1.963528250853875e-19,7.757217914407719e-05,0.011694217482194706,1.2449068218923067e-21,2.197245282555721e-06,arith,0.010342957219210292,2.5695064195932958e-08,True,0.028093120094792284,0.53125,1.04,6.289334598601737e-17,-0.019362549882829698,4.691449994952094e-09,True,False,58,1.0625,642,0.00029296603767409613,0.03906213835654615,0.00029296603767409613,0.00029296603767409613,0.0,3.3402951857207284,1.01532798579608,-6.234773691278777e-06,-6.234773691278777e-06,0.49997953608769635,0.4151631079057865,0.0,0.24932516224504392,0.4151631079057865,True,0.011694217482194706,0.011626926436410442,success,0.9999590721753926,0.9999590721753926,0.5,3.620936082604386e-15,0.0075,"[0.005, 0.0075, 0.01, 0.015, 0.02, 0.03, 0.05, 0.08]",0.028325171560215034,0.0001863523188299995,False,-4.717000948951303e-19,3.2290679369813665e-05,True,success,7.766261206286924e-18,-1.419398745619668e-17,0.00018789160419679097,1.0645490592147508e-19,0.0
0.4169713146755246,1.6771252355633895e-19,0.00013862054220085084,0.011737532883996567,1.5643639744602477e-20,3.950580977440961e-06,arith,0.013862054220085084,4.637007413360458e-08,True,0.028149497269687213,0.53125,1.04,-4.022159742255846e-17,-0.019332301568987333,4.691449994952094e-09,True,False,58,1.0625,642,0.00039505809774409607,0.03950580977440961,0.00039505809774409607,0.00039505809774409607,0.0,3.365767760980968,1.0230707202234381,-6.234773691278777e-06,-6.234773691278777e-06,0.49997953608769635,0.4151631079057865,0.0,0.24932516224504392,0.4151631079057865,True,0.011737532883996567,0.011626926436410442,success,0.9999590721753926,0.9999590721753926,0.5,3.620936082604386e-15,0.01,"[0.005, 0.0075, 0.01, 0.015, 0.02, 0.03, 0.05, 0.08]",0.028499246321781538,0.0003324462314841045,False,4.0221597422558463e-19,5.780078972252282e-05,True,success,7.264720514930742e-17,-1.332787724576402e-16,0.0003365767760980968,1.332787724576402e-18,0.0
0.4185881691682125,-1.1116782805649497e-18,0.00031507266840110075,0.011837539246539202,-2.161066608898956e-20,9.088193429097245e-06,arith,0.021004844560073385,1.0758184639707833e-07,True,0.028279679452149556,0.53125,1.04,1.7705203068272644e-16,-0.019245187553562623,4.691449994952094e-09,True,False,58,1.0625,642,0.0006058795619398163,0.040391970795987754,0.0006058795619398163,0.0006058795619398163,0.0,3.4121931893739377,1.0371823582910729,-6.234773691278777e-06,-6.234773691278777e-06,0.4999795360876963,0.4151631079057865,0.0,0.24932516224504392,0.4151631079057865,True,0.011837539246539202,0.011626926436410442,success,0.9999590721753926,0.9999590721753926,0.5,3.620936082604386e-15,0.015,"[0.005, 0.0075, 0.01, 0.015, 0.02, 0.03, 0.05, 0.08]",0.028844753419003617,0.0007527032334124251,False,-2.6557804602408966e-18,0.00013188569142096008,True,success,-6.588683656106382e-17,1.2170697326477776e-16,0.000767743467609136,-1.825604598971666e-18,0.0
0.42029492700406257,-7.973311264024735e-19,0.0005651390837481162,0.01194394879535775,7.283017132839863e-22,1.6475173894893027e-05,arith,0.028256954187405807,1.96778633395217e-07,True,0.028418017986789307,0.53125,1.04,9.485376519840393e-17,-0.0191220711886367,4.691449994952094e-09,True,False,58,1.0625,642,0.0008237586947446513,0.04118793473723256,0.0008237586947446513,0.0008237586947446513,0.0,3.448435307529204,1.048198641218664,-6.234773691278777e-06,-6.234773691278777e-06,0.49997953608769635,0.4151631079057865,0.0,0.24932516224504392,0.4151631079057865,True,0.01194394879535775,0.011626926436410442,success,0.9999590721753926,0.9999590721753926,0.5,3.620936082604386e-15,0.02,"[0.005, 0.0075, 0.01, 0.015, 0.02, 0.03, 0.05, 0.08]",0.02915242348065251,0.0013446250416975732,False,-1.8970753039680787e-18,0.00023752508995105728,True,success,1.6418079774464372e-18,-3.048831361228939e-18,0.0013793741230116816,6.097662722457878e-20,0.0
0.423564202325427,4.749177383733418e-19,0.0012889862920122815,0.012149778679365408,9.601941117634114e-21,3.819348590129294e-05,arith,0.04296620973374272,4.640424006941723e-07,True,0.028684621156984974,0.53125,1.04,-3.737471484180963e-17,-0.018766128837910904,4.691449994952094e-09,True,False,58,1.0625,642,0.0012731161967097647,0.04243720655699216,0.0012731161967097647,0.0012731161967097647,0.0,3.492837826672962,1.0616953886077054,-6.234773691278777e-06,-6.234773691278777e-06,0.4999795360876963,0.4151631079057865,0.0,0.24932516224504392,0.4151631079057865,True,0.012149778679365408,0.011626926436410442,success,0.9999590721753926,0.9999590721753926,0.5,3.620936082604386e-15,0.03,"[0.005, 0.0075, 0.01, 0.015, 0.02, 0.03, 0.05, 0.08]",0.029630637763934445,0.00304318987519617,False,1.1212414452542889e-18,0.000545968450584592,True,success,1.409549091321003e-17,-2.634325384582679e-17,0.0031435540440056657,7.9029761537480375e-19,0.0
0.4288591458995496,-8.585324096259706e-19,0.0036361651814835064,0.012488184461860152,-2.2916185840772634e-20,0.00010979267978983874,arith,0.07272330362967012,1.3711112377774512e-06,True,0.029119547947766566,0.53125,1.04,4.0037966676688857e-17,-0.01760959537668538,4.691449994952094e-09,True,False,58,1.0625,642,0.0021958535957967745,0.04391707191593549,0.0021958535957967745,0.0021958535957967745,0.0,3.5166898799470414,1.0689455434177948,-6.234773691278777e-06,-6.234773691278777e-06,0.4999795360876963,0.4151631079057865,0.0,0.24932516224504392,0.4151631079057865,True,0.012488184461860152,0.011626926436410442,success,0.9999590721753926,0.9999590721753926,0.5,3.620936082604386e-15,0.05,"[0.005, 0.0075, 0.01, 0.015, 0.02, 0.03, 0.05, 0.08]",0.030194634817179784,0.008478693333813602,False,-2.001898333834443e-18,0.0015594026940806973,True,success,-1.9570683357098206e-17,3.670058832132145e-17,0.008791724699867606,-1.8350294160660726e-18,0.0
0.4341085918574306,-2.006054574738097e-18,0.009386956725436922,0.012831178680755386,1.6010292111039858e-19,0.00028686870358589426,arith,0.11733695906796153,3.680863593627263e-06,True,0.02955753219685038,0.53125,1.04,5.776361641895706e-17,-0.014757701162758433,4.691449994952094e-09,True,False,58,1.0625,642,0.003585858794823678,0.044823234935295976,0.003585858794823678,0.003585858794823678,0.0,3.4933061139989663,1.0618377308861717,-6.234773691278777e-06,-6.234773691278777e-06,0.4999795360876963,0.4151631079057865,0.0,0.24932516224504392,0.4151631079057865,True,0.012831178680755386,0.011626926436410442,success,0.9999590721753926,0.9999590721753926,0.5,3.620936082604386e-15,0.08,"[0.005, 0.0075, 0.01, 0.015, 0.02, 0.03, 0.05, 0.08]",0.0305603521968449,0.021623522089882465,False,-4.621089313516565e-18,0.00407495856590606,True,success,8.344962588192371e-17,-1.5597059036217584e-16,0.022357159129593383,1.2477647228974068e-17,0.0
0.1397325733702739,1.061268460755501e-18,2.8249895802636307e-05,3.2834018984885433e-06,1.4666501949869051e-24,4.137601045789299e-10,typ,0.005649979160527261,1.3585407128932766e-15,True,2.3497755886796256e-05,0.53125,1.04,-1.5189993788252535e-15,-0.0007595202187995823,4.624927381698937e-09,True,False,59,1.0625,498,8.275202091578598e-08,1.6550404183157194e-05,8.275202091578597e-08,8.275202091578598e-08,0.0,5.040626976178544,1.532166874577724,-0.27133563615504613,-0.27133563615504613,0.49997975018587504,0.04072583725444124,0.0,0.0064804321156365,0.0064804321156365,True,3.2834018984885433e-06,2.6247953563654332e-06,success,0.9999595003717501,0.030800606291630447,0.5,1.3743475974377101e-14,0.005,"[0.005, 0.0075, 0.01, 0.015, 0.02, 0.03, 0.05, 0.08]",1.4646429405248194e-05,0.00020217115538105496,False,7.594996894126268e-18,3.94743063794447e-06,True,success,3.979149125108085e-17,-8.933723256126835e-17,0.00012601567440446358,4.466861628063418e-19,1.599343394201473e-16
0.21034412220910254,2.0045034696773018e-18,7.678380380287535e-05,3.9276478977453465e-06,1.6293196245307196e-23,1.249155231498697e-09,typ,0.010237840507050048,4.906241918953459e-15,True,1.8672487048822226e-05,0.53125,1.04,-1.2706184821490632e-15,-0.0007396126144153664,4.624927381698937e-09,True,False,59,1.0625,498,1.6655403086649292e-07,2.220720411553239e-05,1.6655403086649292e-07,1.6655403086649292e-07,0.0,5.654072028269225,1.7186318109098142,-0.27133563615504613,-0.27133563615504613,0.49997975018587504,0.04072583725444124,0.0,0.0064804321156365,0.0064804321156365,True,3.9276478977453465e-06,2.6247953563654332e-06,success,0.9999595003717501,0.030800606291630447,0.5,1.3743475974377101e-14,0.0075,"[0.005, 0.0075, 0.01, 0.015, 0.02, 0.03, 0.05, 0.08]",1.62684729022492e-05,0.00036503897991760744,False,9.529638616117974e-18,1.6151021810791764e-05,True,success,2.32611835940302e-16,-5.531112316070984e-16,0.0003180415515901439,4.1483342370532375e-18,0.0
0.2606489451332218,2.113770719873088e-18,0.00014596145621501735,4.612194577424264e-06,1.2847148888714173e-23,2.7794139476483198e-09,typ,0.014596145621501735,1.2819197937760948e-14,True,1.769504409491049e-05,0.53125,1.04,-8.10964617099335e-16,-0.0007085287419439021,4.624927381698937e-09,True,False,59,1.0625,498,2.77941394764832e-07,2.7794139476483198e-05,2.77941394764832e-07,2.77941394764832e-07,0.0,6.026228731226941,1.8317538838421312,-0.27133563615504613,-0.27133563615504613,0.49997975018587504,0.04072583725444124,0.0,0.0064804321156365,0.0064804321156365,True,4.612194577424264e-06,2.6247953563654332e-06,success,0.9999595003717501,0.030800606291630447,0.5,1.3743475974377101e-14,0.01,"[0.005, 0.0075, 0.01, 0.015, 0.02, 0.03, 0.05, 0.08]",1.9042108921919334e-05,0.000559992506934621,False,8.10964617099335e-18,3.804469959255321e-05,True,success,1.134687656752258e-16,-2.7854741756989833e-16,0.0006026228731226941,2.7854741756989834e-18,0.0
0.3224622831399208,1.801983131353281e-18,0.00034371761079914027,6.013462635097746e-06,3.391337398838889e-23,8.780249839511094e-09,typ,0.022914507386609353,5.2799704336722945e-14,True,1.8648576746845217e-05,0.53125,1.04,-3.725465427680991e-16,-0.0006146027176221897,4.624927381698937e-09,True,False,59,1.0625,498,5.853499893007397e-07,3.902333262004931e-05,5.853499893007397e-07,5.853499893007397e-07,0.0,6.489328193757872,1.9725192409054244,-0.27133563615504613,-0.27133563615504613,0.49997975018587515,0.04072583725444124,0.0,0.0064804321156365,0.0064804321156365,True,6.013462635097746e-06,2.6247953563654332e-06,success,0.9999595003717501,0.030800606291630447,0.5,1.3743475974377101e-14,0.015,"[0.005, 0.0075, 0.01, 0.015, 0.02, 0.03, 0.05, 0.08]",2.55449519129878e-05,0.0010659157016822227,False,5.5881981415214864e-18,0.00011083596553368948,True,success,1.4758942946380037e-16,-3.7597167163393813e-16,0.001460098843595521,5.6395750745090714e-18,0.0
0.3577220356241124,2.108051860325107e-18,0.0006200943227038606,7.434333967338459e-06,-2.132795480234932e-23,2.0191874335374483e-08,typ,0.03100471613519303,1.501131372357042e-13,True,2.078243224342578e-05,0.53125,1.04,-2.946494275432627e-16,-0.0004797492027002956,4.624927381698937e-09,True,False,59,1.0625,498,1.009593716768724e-06,5.04796858384362e-05,1.009593716768724e-06,1.009593716768724e-06,0.0,6.790075084090991,2.063935333621336,-0.27133563615504613,-0.27133563615504613,0.49997975018587515,0.04072583725444124,0.0,0.0064804321156365,0.0064804321156365,True,7.434333967338459e-06,2.6247953563654332e-06,success,0.9999595003717501,0.030800606291630447,0.5,1.3743475974377101e-14,0.02,"[0.005, 0.0075, 0.01, 0.015, 0.02, 0.03, 0.05, 0.08]",3.256258539399262e-05,0.0017334529633378358,False,5.892988550865254e-18,0.00022182140339658028,True,success,-5.504778657047235e-17,1.4344226998713154e-16,0.0027160300336363965,-2.868845399742631e-18,0.0
0.3957325890193403,1.5632894369499067e-19,0.0014087025137722521,1.0324879121181225e-05,-3.9725008838712587e-23,6.627740353147409e-08,typ,0.046956750459075075,6.843061799282197e-13,True,2.6090545503889817e-05,0.53125,1.04,-1.3167894013344328e-17,-8.979176769099001e-05,4.624927381698937e-09,True,False,59,1.0625,498,2.20924678438247e-06,7.364155947941567e-05,2.20924678438247e-06,2.20924678438247e-06,0.0,7.132437931243368,2.168001160347255,-0.27133563615504613,-0.27133563615504613,0.4999797501858751,0.04072583725444124,0.0,0.0064804321156365,0.0064804321156365,True,1.0324879121181225e-05,2.6247953563654332e-06,success,0.9999595003717501,0.030800606291630447,0.5,1.3743475974377101e-14,0.03,"[0.005, 0.0075, 0.01, 0.015, 0.02, 0.03, 0.05, 0.08]",4.704854494366956e-05,0.003559733397906751,False,3.9503682040032983e-19,0.0005574694929331462,True,success,-4.80218372394546e-17,1.2825011757996517e-16,0.0064191941381190306,-3.847503527398955e-18,0.0
0.42795729460104615,5.58521451027534e-19,0.003929944474882344,1.6122924375114528e-05,-4.341483219219413e-22,2.842858358835126e-07,typ,0.07859888949764687,4.5835190328660935e-12,True,3.767414314118602e-05,0.53125,1.04,-2.6101737630069068e-17,0.0011660502206333385,4.624927381698937e-09,True,False,59,1.0625,498,5.685716717670251e-06,0.00011371433435340502,5.685716717670251e-06,5.685716717670251e-06,0.0,7.052959606318147,2.143842646481254,-0.27133563615504613,-0.27133563615504613,0.49997975018587504,0.04072583725444124,0.0,0.0064804321156365,0.0064804321156365,True,1.6122924375114528e-05,2.6247953563654332e-06,success,0.9999595003717501,0.030800606291630447,0.5,1.3743475974377101e-14,0.05,"[0.005, 0.0075, 0.01, 0.015, 0.02, 0.03, 0.05, 0.08]",7.233838485517626e-05,0.009183029532294686,False,1.3050868815034534e-18,0.0016818484054029767,True,success,-2.0278629810568613e-16,5.385478611957545e-16,0.017632399015795372,-2.6927393059787727e-17,0.0
0.44670255690033,3.955447770784731e-18,0.010071489094449255,2.3641856917076512e-05,-1.680342400683397e-22,8.883158980027436e-07,typ,0.1258936136806157,2.10014373577452e-11,True,5.292527779811113e-05,0.53125,1.04,-1.1068460739937307e-16,0.004233826916621154,4.624927381698937e-09,True,False,59,1.0625,498,1.1103948725034296e-05,0.0001387993590629287,1.1103948725034296e-05,1.1103948725034296e-05,0.0,5.8709161276868205,1.7845445133663567,-0.27133563615504613,-0.27133563615504613,0.49997975018587504,0.04072583725444124,0.0,0.0064804321156365,0.0064804321156365,True,2.3641856917076512e-05,2.6247953563654332e-06,success,0.9999595003717501,0.030800606291630447,0.5,1.3743475974377101e-14,0.08,"[0.005, 0.0075, 0.01, 0.015, 0.02, 0.03, 0.05, 0.08]",8.820104849166e-05,0.02254629828925838,False,8.854768591949845e-18,0.004498959930284272,True,success,-3.666682253513169e-17,8.88436136053724e-17,0.03757386321719565,-7.107489088429792e-18,0.0
0.26302517019061256,1.3883019414996125e-19,2.3707406228654067e-05,0.004473601028349684,8.464577982346346e-22,4.4602634934091e-07,arith,0.004741481245730813,1.9953439350825503e-09,True,0.017008262080422554,0.5625,1.04,-1.0556418919858655e-16,-0.01739075401191706,4.690563012017693e-09,True,False,60,1.125,640,8.9205269868182e-05,0.0178410539736364,8.9205269868182e-05,8.9205269868182e-05,0.0,3.9880744529017558,1.2122292720653236,-6.81652830516067e-06,-6.81652830516067e-06,0.49997948952520677,0.24820152320987254,0.0,0.13426662531720476,0.24820152320987254,True,0.004473601028349684,0.003951643562052883,success,0.9999589790504134,0.9999589790504134,0.5,3.0534317432578556e-15,0.005,"[0.005, 0.0075, 0.01, 0.015, 0.02, 0.03, 0.05, 0.08]",0.018813797892483834,9.013360284672935e-05,False,5.278209459929327e-19,6.235644558069724e-06,True,success,1.8949442080077606e-17,-3.784234637244321e-17,9.970186132254389e-05,1.8921173186221606e-19,0.0
0.2721010470609048,-6.392451773809798e-21,5.674130522714933e-05,0.00481767741860169,7.047992409258072e-21,1.1444656776721786e-06,arith,0.007565507363619911,5.513666451685935e-09,True,0.017705471811445626,0.5625,1.04,3.1323911185974307e-18,-0.01737541790986937,4.690563012017693e-09,True,False,60,1.125,640,0.00015259542368962383,0.020346056491949843,0.00015259542368962383,0.00015259542368962383,0.0,4.223208555514952,1.2837014688396675,-6.81652830516067e-06,-6.81652830516067e-06,0.49997948952520677,0.24820152320987254,0.0,0.13426662531720476,0.24820152320987254,True,0.00481767741860169,0.003951643562052883,success,0.9999589790504134,0.9999589790504134,0.5,3.0534317432578556e-15,0.0075,"[0.005, 0.0075, 0.01, 0.015, 0.02, 0.03, 0.05, 0.08]",0.02016988634805989,0.00020853027152978516,False,-2.349293338948073e-20,1.5439368563909724e-05,True,success,9.491725777704028e-17,-1.9505920375780637e-16,0.000237555481247716,1.4629440281835477e-18,0.0
0.28048843370582105,-1.1646703024747884e-19,0.00010587347395710804,0.005149450594359119,2.4881592825591254e-21,2.2545349567355324e-06,arith,0.010587347395710803,1.1609616372965198e-08,True,0.018358869655780218,0.5625,1.04,4.1522935084599806e-17,-0.017352762315879358,4.690563012017693e-09,True,False,60,1.125,640,0.00022545349567355323,0.02254534956735532,0.00022545349567355323,0.00022545349567355323,0.0,4.378204850057646,1.330814692909394,-6.81652830516067e-06,-6.81652830516067e-06,0.49997948952520677,0.24820152320987254,0.0,0.13426662531720476,0.24820152320987254,True,0.005149450594359119,0.003951643562052883,success,0.9999589790504134,0.9999589790504134,0.5,3.0534317432578556e-15,0.01,"[0.005, 0.0075, 0.01, 0.015, 0.02, 0.03, 0.05, 0.08]",0.021294615851076164,0.00037746110439672943,False,-4.1522935084599806e-19,2.9696284881223268e-05,True,success,2.3092409176888292e-17,-4.831892717418706e-17,0.0004378204850057646,4.831892717418706e-19,0.0
0.295130060739647,3.248888717962665e-19,0.0002556969612171195,0.005757689412352345,-4.3483698355604905e-22,5.891919081933347e-06,arith,0.0170464640811413,3.3923840116484376e-08,True,0.019508990029421535,0.5625,1.04,-7.338885800202546e-17,-0.017283871683645632,4.690563012017693e-09,True,False,60,1.125,640,0.00039279460546222313,0.026186307030814877,0.0003927946054622231,0.00039279460546222313,0.0,4.548058284393682,1.382443945947324,-6.81652830516067e-06,-6.81652830516067e-06,0.49997948952520666,0.24820152320987254,0.0,0.13426662531720476,0.24820152320987254,True,0.005757689412352345,0.003951643562052883,success,0.9999589790504134,0.9999589790504134,0.5,3.0534317432578556e-15,0.015,"[0.005, 0.0075, 0.01, 0.015, 0.02, 0.03, 0.05, 0.08]",0.023042585464793038,0.0008663873838412078,False,1.1008328700303819e-18,7.546385969495164e-05,True,success,-2.3608803122883453e-18,5.03485515819552e-18,0.0010233131139885784,-7.55228273729328e-20,1.3801133689319178e-16
0.30739226713997375,9.629766763269076e-19,0.00047758125403639715,0.006293487458172559,1.4576328439092504e-20,1.1621734283170064e-05,arith,0.02387906270181986,7.314123895334486e-08,True,0.02047379889132593,0.5625,1.04,-1.566364510868466e-16,-0.01718168058953882,4.690563012017693e-09,True,False,60,1.125,640,0.0005810867141585031,0.029054335707925157,0.0005810867141585031,0.0005810867141585031,0.0,4.616571638701838,1.4032695084087514,-6.81652830516067e-06,-6.81652830516067e-06,0.49997948952520677,0.24820152320987254,0.0,0.13426662531720476,0.24820152320987254,True,0.006293487458172559,0.003951643562052883,success,0.9999589790504134,0.9999589790504134,0.5,3.0534317432578556e-15,0.02,"[0.005, 0.0075, 0.01, 0.015, 0.02, 0.03, 0.05, 0.08]",0.024334569635943777,0.0015536540931230594,False,3.132729021736932e-18,0.00014680478442179987,True,success,5.389729745066558e-17,-1.158048580851946e-16,0.0018466286554807353,2.3160971617038918e-18,0.0
0.32678749906573784,-1.4197181712973422e-19,0.0011455901985427033,0.007186179414808119,-1.4906178287000355e-20,2.9903764500041355e-05,arith,0.03818633995142345,2.14893816875467e-07,True,0.021990374281001854,0.5625,1.04,1.4481563455927938e-17,-0.016871889205860573,4.690563012017693e-09,True,False,60,1.125,640,0.0009967921500013785,0.03322640500004595,0.0009967921500013785,0.0009967921500013785,0.0,4.6236536944204785,1.4054221952128525,-6.81652830516067e-06,-6.81652830516067e-06,0.49997948952520677,0.24820152320987254,0.0,0.13426662531720476,0.24820152320987254,True,0.007186179414808119,0.003951643562052883,success,0.9999589790504134,0.9999589790504134,0.5,3.0534317432578556e-15,0.03,"[0.005, 0.0075, 0.01, 0.015, 0.02, 0.03, 0.05, 0.08]",0.026103369719889108,0.003505612062327549,False,-4.344469036778381e-19,0.0003743645559359921,True,success,-3.2155432213681096e-17,6.914280605669315e-17,0.00416128832497843,-2.0742841817007947e-18,0.0
0.35307988546687025,4.381782525338676e-19,0.0033952923216567146,0.008476876761782364,8.61759347097397e-21,9.512962015024133e-05,arith,0.06790584643313428,8.06402066408764e-07,True,0.024008381985775158,0.5625,1.04,-2.482034636181404e-17,-0.015812343359806802,4.690563012017693e-09,True,False,60,1.125,640,0.0019025924030048266,0.03805184806009653,0.0019025924030048266,0.0019025924030048266,0.0,4.48889952389678,1.3644618390382448,-6.81652830516067e-06,-6.81652830516067e-06,0.4999794895252067,0.24820152320987254,0.0,0.13426662531720476,0.24820152320987254,True,0.008476876761782364,0.003951643562052883,success,0.9999589790504134,0.9999589790504134,0.5,3.0534317432578556e-15,0.05,"[0.005, 0.0075, 0.01, 0.015, 0.02, 0.03, 0.05, 0.08]",0.028018094213408805,0.009616215653766823,False,1.241017318090702e-18,0.0011988094240570968,True,success,9.596440760136433e-18,-2.0332001309317178e-17,0.01122224880974195,1.0166000654658588e-18,0.0
0.3766572596889554,1.777347542217807e-18,0.00904227375616049,0.009706020364922983,8.109064543043947e-20,0.00026484164496189686,arith,0.11302842195200613,2.5705583994798734e-06,True,0.025768839217218967,0.5625,1.04,-5.898424550762493e-17,-0.013098074660151279,4.690563012017693e-09,True,False,60,1.125,640,0.0033105205620237105,0.04138150702529638,0.0033105205620237105,0.0033105205620237105,0.0,4.263488584347797,1.2959451294351416,-6.81652830516067e-06,-6.81652830516067e-06,0.49997948952520677,0.24820152320987254,0.0,0.13426662531720476,0.24820152320987254,True,0.009706020364922983,0.003951643562052883,success,0.9999589790504134,0.9999589790504134,0.5,3.0534317432578556e-15,0.08,"[0.005, 0.0075, 0.01, 0.015, 0.02, 0.03, 0.05, 0.08]",0.029289275253523546,0.02400663606916172,False,4.7187396406099945e-18,0.003405838054352768,True,success,5.057746051438463e-17,-1.0443343716274352e-16,0.027286326939825904,8.354674973019482e-18,0.0
0.00466824063709109,-2.3381681730489153e-20,9.44939703619871e-07,2.0391015393123652e-07,7.149564713153813e-26,1.8095199802364123e-11,typ,0.0001889879407239742,3.689794977116549e-18,True,4.368030052073292e-05,0.5625,1.04,1.0017342098739336e-15,-0.0004356509160612296,4.47065808118864e-09,True,False,61,1.125,455,3.6190399604728245e-09,7.238079920945649e-07,3.6190399604728245e-09,3.6190399604728245e-09,0.0,3.5496417325968506,1.0789617055588545,-0.7555522988011156,-0.7555522988011156,0.4999796675478285,0.0041586578230161765,0.0,0.00178816091925693,0.00178816091925693,True,2.0391015393123652e-07,1.998452298540559e-07,success,0.9999593350956563,0.01833012140342501,0.5,2.0477914585817526e-14,0.005,"[0.005, 0.0075, 0.01, 0.015, 0.02, 0.03, 0.05, 0.08]",1.9149581431540137e-05,0.00020241880765784368,False,-5.008671049369668e-18,4.411205924039092e-09,True,success,3.7220181261006004e-17,-7.012465613227697e-17,8.874104331492127e-05,3.5062328066138485e-19,0.0
0.008399975801652535,-3.128727948920572e-19,9.986176571407088e-06,2.106680265732902e-07,-3.852165572375245e-26,4.8245303025129376e-11,typ,0.0013314902095209451,1.0163742779734394e-17,True,2.507959922120791e-05,0.5625,1.04,4.966249146106754e-15,-0.00043407647455561554,4.47065808118864e-09,True,False,61,1.125,455,6.43270707001725e-09,8.576942760023001e-07,6.43270707001725e-09,6.43270707001725e-09,0.0,4.071307307299967,1.2375290260419949,-0.7555522988011156,-0.7555522988011156,0.4999796675478285,0.0041586578230161765,0.0,0.00178816091925693,0.00178816091925693,True,2.106680265732902e-07,1.998452298540559e-07,success,0.9999593350956563,0.01833012140342501,0.5,2.0477914585817526e-14,0.0075,"[0.005, 0.0075, 0.01, 0.015, 0.02, 0.03, 0.05, 0.08]",4.831208689346401e-06,0.0011888339689553032,False,-3.724686859580065e-17,8.388364155084902e-08,True,success,-1.2083092850608665e-17,2.4380637378687038e-17,0.00022901103603562315,-1.8285478034015278e-19,0.0
0.019321942058872808,-1.0587911840678906e-18,4.1393481913403865e-05,2.228659587915078e-07,3.861253250002871e-25,1.0846143107572837e-10,typ,0.004139348191340386,2.4172360828591244e-17,True,1.1534345673558511e-05,0.5625,1.04,5.4797348053410825e-15,-0.00042757027148523225,4.47065808118864e-09,True,False,61,1.125,455,1.0846143107572836e-08,1.0846143107572837e-06,1.0846143107572836e-08,1.0846143107572836e-08,0.0,4.8666665678267425,1.4792892511343971,-0.7555522988011156,-0.7555522988011156,0.49997966754782847,0.0041586578230161765,0.0,0.00178816091925693,0.00178816091925693,True,2.228659587915078e-07,1.998452298540559e-07,success,0.9999593350956563,0.01833012140342501,0.5,2.0477914585817526e-14,0.01,"[0.005, 0.0075, 0.01, 0.015, 0.02, 0.03, 0.05, 0.08]",2.620253867568624e-06,0.0021423044219509814,False,-5.4797348053410825e-17,7.99802459145789e-07,True,success,7.853599541187645e-17,-1.7325451006248523e-16,0.0004866666567826743,1.7325451006248524e-18,0.0
0.059847938392939753,-2.0739667601987504e-18,0.00019503604682026936,2.655937428873481e-07,8.774398365607334e-25,3.9449586558685116e-10,typ,0.013002403121351291,1.0477563349479599e-16,True,4.437809388580045e-06,0.5625,1.04,2.3102625485964564e-15,-0.00038584608464165004,4.47065808118864e-09,True,False,61,1.125,455,2.6299724372456744e-08,1.753314958163783e-06,2.6299724372456744e-08,2.6299724372456744e-08,0.0,6.601491959497907,2.006612937425111,-0.7555522988011156,-0.7555522988011156,0.4999796675478285,0.0041586578230161765,0.0,0.00178816091925693,0.00178816091925693,True,2.655937428873481e-07,1.998452298540559e-07,success,0.9999593350956563,0.01833012140342501,0.5,2.0477914585817526e-14,0.015,"[0.005, 0.0075, 0.01, 0.015, 0.02, 0.03, 0.05, 0.08]",2.022681817122704e-06,0.003258859904909903,False,-3.4653938228946845e-17,1.1672505314501994e-05,True,success,8.57209943615186e-17,-2.2024611147883868e-16,0.001485335690887029,3.30369167218258e-18,0.0
0.10863655448078277,-6.652290933353914e-19,0.00046113347919691107,3.3034942591005005e-07,1.368902334929578e-24,1.0621899993871705e-09,typ,0.02305667395984555,3.5089385650494817e-16,True,3.04086803460328e-06,0.5625,1.04,3.061718481936331e-16,-0.00029573690769198885,4.47065808118864e-09,True,False,61,1.125,455,5.310949996935852e-08,2.655474998467926e-06,5.310949996935852e-08,5.310949996935852e-08,0.0,8.038382361805521,2.443375246403478,-0.7555522988011156,-0.7555522988011156,0.49997966754782847,0.0041586578230161765,0.0,0.00178816091925693,0.00178816091925693,True,3.3034942591005005e-07,1.998452298540559e-07,success,0.9999593350956563,0.01833012140342501,0.5,2.0477914585817526e-14,0.02,"[0.005, 0.0075, 0.01, 0.015, 0.02, 0.03, 0.05, 0.08]",2.3034328395262735e-06,0.004244735866309927,False,-6.123436963872662e-18,5.009595233568814e-05,True,success,7.307765150095684e-17,-2.0719005809659143e-16,0.0032153529447222083,4.143801161931829e-18,0.0
0.19216338618222406,4.800420839818482e-18,0.0012658393378892,5.167003156269099e-07,-1.9137571452878267e-24,4.735160413616215e-09,typ,0.04219464459630667,2.4466588802595475e-15,True,2.688859339400561e-06,0.5625,1.04,-8.326977952096027e-16,3.204962954935456e-05,4.47065808118864e-09,True,False,61,1.125,455,1.5783868045387384e-07,5.261289348462461e-06,1.5783868045387384e-07,1.5783868045387384e-07,0.0,10.182477520028153,3.095102024222246,-0.7555522988011156,-0.7555522988011156,0.4999796675478285,0.0041586578230161765,0.0,0.00178816091925693,0.00178816091925693,True,5.167003156269099e-07,1.998452298540559e-07,success,0.9999593350956563,0.01833012140342501,0.5,2.0477914585817526e-14,0.03,"[0.005, 0.0075, 0.01, 0.015, 0.02, 0.03, 0.05, 0.08]",3.7407278095118637e-06,0.006587307618990613,False,2.498093385628808e-17,0.00024324797353145316,True,success,-3.869012329247158e-17,1.234601623293556e-16,0.009164229768025337,-3.703804869880667e-18,0.0
0.2902193415884144,1.130797422075439e-17,0.0038316658672649545,1.1312310228007694e-06,-1.1255884898232076e-23,3.5597650893589246e-08,typ,0.07663331734529909,4.026916702965969e-14,True,3.897848491452605e-06,0.5625,1.04,-7.792708893117966e-16,0.0012258108704453906,4.47065808118864e-09,True,False,61,1.125,455,7.119530178717849e-07,1.4239060357435697e-05,7.119530178717849e-07,7.119530178717849e-07,0.0,12.587225836665777,3.8260578616331755,-0.7555522988011156,-0.7555522988011156,0.4999796675478285,0.0041586578230161765,0.0,0.00178816091925693,0.00178816091925693,True,1.1312310228007694e-06,1.998452298540559e-07,success,0.9999593350956563,0.01833012140342501,0.5,2.0477914585817526e-14,0.05,"[0.005, 0.0075, 0.01, 0.015, 0.02, 0.03, 0.05, 0.08]",9.29038494658692e-06,0.013202655089401234,False,3.8963544465589833e-17,0.001112023545184436,True,success,-5.609101775723665e-17,1.990024083739161e-16,0.031468064591664444,-9.950120418695805e-18,0.0
0.35688671788855747,5.8747563554010675e-18,0.01001713548653729,2.6325743351773087e-06,-6.386215180989831e-23,1.9200129796924473e-07,typ,0.12521419358171612,5.054576893545648e-13,True,7.376498488798803e-06,0.5625,1.04,-2.0576404433589543e-16,0.004257756275445036,4.47065808118864e-09,True,False,61,1.125,455,2.400016224615559e-06,3.0000202807694487e-05,2.400016224615559e-06,2.400016224615559e-06,0.0,11.395766648189982,3.4638976959194556,-0.7555522988011156,-0.7555522988011156,0.4999796675478285,0.0041586578230161765,0.0,0.00178816091925693,0.00178816091925693,True,2.6325743351773087e-06,1.998452298540559e-07,success,0.9999593350956563,0.01833012140342501,0.5,2.0477914585817526e-14,0.08,"[0.005, 0.0075, 0.01, 0.015, 0.02, 0.03, 0.05, 0.08]",1.9167285720282843e-05,0.028068109527307403,False,1.6461123546871634e-17,0.0035749826064352917,True,success,-8.982581038351936e-17,3.0323052494924647e-16,0.07293290654841589,-2.425844199593972e-17,0.0
0.3127523834881191,9.51990793253857e-20,2.673970225013574e-05,0.00638048684654552,-2.0463196274533138e-21,5.699383663942345e-07,arith,0.005347940450027148,3.6364842501200545e-09,True,0.020401081441439765,0.5625,1.06,-6.087824384494396e-17,-0.017670237678353656,4.768173262446309e-09,True,False,62,1.125,631,0.0001139876732788469,0.02279753465576938,0.0001139876732788469,0.0001139876732788469,0.0,3.5730086440209914,1.0860643949295334,-6.888247622947191e-06,-6.888247622947191e-06,0.4999794844495211,0.3071659692608019,0.0,0.16794907237420928,0.3071659692608019,True,0.00638048684654552,0.006139875186544464,success,0.9999589688990421,0.9999589688990421,0.5,3.281428663118009e-15,0.005,"[0.005, 0.0075, 0.01, 0.015, 0.02, 0.03, 0.05, 0.08]",0.02131431236828156,8.54979966960077e-05,False,3.0439121922471977e-19,8.362905612492575e-06,True,success,-3.393380926010086e-17,6.414305606040762e-17,8.932521610052479e-05,-3.2071528030203813e-19,0.0
0.3172846751718202,1.3170038840824285e-19,6.226790870547903e-05,0.006582690253638747,5.743942173568224e-21,1.3806187251651346e-06,arith,0.008302387827397204,9.088185426135683e-09,True,0.020746953032238325,0.5625,1.06,-5.53447839176486e-17,-0.017653209718144332,4.768173262446309e-09,True,False,62,1.125,631,0.0001840824966886846,0.024544332891824616,0.0001840824966886846,0.0001840824966886846,0.0,3.7286173199866304,1.1333637606311,-6.888247622947191e-06,-6.888247622947191e-06,0.4999794844495211,0.3071659692608019,0.0,0.16794907237420928,0.3071659692608019,True,0.006582690253638747,0.006139875186544464,success,0.9999589688990421,0.9999589688990421,0.5,3.281428663118009e-15,0.0075,"[0.005, 0.0075, 0.01, 0.015, 0.02, 0.03, 0.05, 0.08]",0.02217223532743524,0.0001962524936691597,False,4.150858793823645e-19,1.975665318724647e-05,True,success,6.025200027009098e-17,-1.16344370913156e-16,0.00020973472424924794,8.7258278184867e-19,0.0
0.32193453178687936,3.172138387467231e-19,0.00011406416407831278,0.0067952467408667954,7.067431153652698e-21,2.6175185992498706e-06,arith,0.011406416407831278,1.7786684730710903e-08,True,0.02110754227932668,0.5625,1.06,-9.853364812592351e-17,-0.017628601276441953,4.768173262446309e-09,True,False,62,1.125,631,0.0002617518599249871,0.02617518599249871,0.0002617518599249871,0.0002617518599249871,0.0,3.8519846284727883,1.1708629257868608,-6.888247622947191e-06,-6.888247622947191e-06,0.4999794844495211,0.3071659692608019,0.0,0.16794907237420928,0.3071659692608019,True,0.0067952467408667954,0.006139875186544464,success,0.9999589688990421,0.9999589688990421,0.5,3.281428663118009e-15,0.01,"[0.005, 0.0075, 0.01, 0.015, 0.02, 0.03, 0.05, 0.08]",0.022947773478204484,0.0003543085715136121,False,9.853364812592352e-19,3.672119325621341e-05,True,success,5.2992460276776206e-17,-1.0400551184034244e-16,0.0003851984628472788,1.0400551184034243e-18,0.0
0.3308112297868047,-4.102398585806109e-20,0.00026914735053152375,0.00721336211266887,-1.2292937473968816e-20,6.521149367657797e-06,arith,0.017943156702101584,4.703941177971731e-08,True,0.02180507027321173,0.5625,1.06,8.267350513765709e-18,-0.017555382682011664,4.768173262446309e-09,True,False,62,1.125,631,0.00043474329117718644,0.028982886078479098,0.00043474329117718644,0.00043474329117718644,0.0,4.017944146679714,1.2213085702511741,-6.888247622947191e-06,-6.888247622947191e-06,0.4999794844495211,0.3071659692608019,0.0,0.16794907237420928,0.3071659692608019,True,0.00721336211266887,0.006139875186544464,success,0.9999589688990421,0.9999589688990421,0.5,3.281428663118009e-15,0.015,"[0.005, 0.0075, 0.01, 0.015, 0.02, 0.03, 0.05, 0.08]",0.024228919046684096,0.0008135979866976675,False,-1.2401025770648563e-19,8.903696602319357e-05,True,success,-5.667933308518698e-17,1.136126472136912e-16,0.0009040374330029355,-1.7041897082053676e-18,0.0
0.33878298652540706,3.168356920887115e-19,0.0004956171638608676,0.007601035905373817,-1.3036504639317043e-20,1.2496571279340658e-05,arith,0.024780858193043383,9.498688698833155e-08,True,0.022436297593721625,0.5625,1.06,-4.676086236475609e-17,-0.01744867193450221,4.768173262446309e-09,True,False,62,1.125,631,0.0006248285639670329,0.031241428198351646,0.0006248285639670329,0.0006248285639670329,0.0,4.110154008911395,1.2493370074056067,-6.888247622947191e-06,-6.888247622947191e-06,0.4999794844495211,0.3071659692608019,0.0,0.16794907237420928,0.3071659692608019,True,0.007601035905373817,0.006139875186544464,success,0.9999589688990421,0.9999589688990421,0.5,3.281428663118009e-15,0.02,"[0.005, 0.0075, 0.01, 0.015, 0.02, 0.03, 0.05, 0.08]",0.025214161636356813,0.001462934042066185,False,9.352172472951218e-19,0.00016790666294603677,True,success,-4.229892558044213e-17,8.575478922616608e-17,0.001644061603564558,-1.7150957845233217e-18,0.0
0.3520709134329413,-1.8515897843281207e-19,0.001169229667255424,0.008269768650910857,1.3993293960935544e-20,3.109225140279417e-05,arith,0.03897432224184747,2.5712572593706633e-07,True,0.023488928892974267,0.5625,1.06,1.753046250705392e-17,-0.017130326142597165,4.768173262446309e-09,True,False,62,1.125,631,0.001036408380093139,0.03454694600310464,0.001036408380093139,0.001036408380093139,0.0,4.1774984841080816,1.2698072732217078,-6.888247622947191e-06,-6.888247622947191e-06,0.4999794844495211,0.3071659692608019,0.0,0.16794907237420928,0.3071659692608019,True,0.008269768650910857,0.006139875186544464,success,0.9999589688990421,0.9999589688990421,0.5,3.281428663118009e-15,0.03,"[0.005, 0.0075, 0.01, 0.015, 0.02, 0.03, 0.05, 0.08]",0.026592082183287527,0.0033210061457636616,False,-5.259138752116175e-19,0.00041165175696351115,True,success,2.7596067092767364e-17,-5.640340760679072e-17,0.003759748635697273,1.6921022282037215e-18,0.0
0.37092474224873073,2.1001206109569275e-19,0.003411716108551584,0.009261156055640879,1.64558535579499e-20,9.586065733524339e-05,arith,0.06823432217103169,8.877805071780045e-07,True,0.02496774952108919,0.5625,1.06,-1.1323701936004318e-17,-0.016059296511172844,4.768173262446309e-09,True,False,62,1.125,631,0.0019172131467048677,0.03834426293409735,0.0019172131467048677,0.0019172131467048677,0.0,4.140332233225056,1.258510087628659,-6.888247622947191e-06,-6.888247622947191e-06,0.49997948444952106,0.3071659692608019,0.0,0.16794907237420928,0.3071659692608019,True,0.009261156055640879,0.006139875186544464,success,0.9999589688990421,0.9999589688990421,0.5,3.281428663118009e-15,0.05,"[0.005, 0.0075, 0.01, 0.015, 0.02, 0.03, 0.05, 0.08]",0.02809748944086096,0.009197866089676467,False,5.661850968002159e-19,0.001265489918190339,True,success,1.746496064472874e-17,-3.55373637137381e-17,0.010350830583062642,1.776868185686905e-18,0.0
0.3882798499961618,6.934918160647873e-19,0.008999662304699452,0.010213534834522295,1.5721773376132953e-19,0.00026179532083285155,arith,0.11249577880874315,2.6738556288412696e-06,True,0.02630457087748246,0.5625,1.06,-2.232577276646092e-17,-0.01334791983519818,4.768173262446309e-09,True,False,62,1.125,631,0.0032724415104106444,0.04090551888013305,0.0032724415104106444,0.0032724415104106444,0.0,4.005030534763558,1.2173833029178462,-6.888247622947191e-06,-6.888247622947191e-06,0.49997948444952106,0.3071659692608019,0.0,0.16794907237420928,0.3071659692608019,True,0.010213534834522295,0.006139875186544464,success,0.9999589688990421,0.9999589688990421,0.5,3.281428663118009e-15,0.08,"[0.005, 0.0075, 0.01, 0.015, 0.02, 0.03, 0.05, 0.08]",0.029089460467438544,0.023178288301049912,False,1.7860618213168737e-18,0.0034943875296848145,True,success,9.614629527036477e-17,-1.924134693675362e-16,0.02563219542248677,1.5393077549402894e-17,0.0
0.008275809869119789,-1.1883268925118553e-19,2.861147032294687e-06,2.919338448080017e-07,9.122584723202086e-27,2.7075953260491833e-11,typ,0.0005722294064589374,7.90438713717713e-18,True,3.527556208091712e-05,0.5625,1.06,2.8718081041130667e-15,-0.0003851412606123844,4.364687305094436e-09,True,False,63,1.125,384,5.4151906520983665e-09,1.0830381304196734e-06,5.4151906520983665e-09,5.4151906520983665e-09,0.0,3.7098751983757245,1.1276668387943432,-1.0899621858930724,-1.0899621858930724,0.4999795157379564,0.005986717999848493,0.0,0.0021283083470517833,0.0021283083470517833,True,2.919338448080017e-07,2.8310655361847407e-07,success,0.9999590314759147,0.015227046774752898,0.5,2.5680872010002064e-14,0.005,"[0.005, 0.0075, 0.01, 0.015, 0.02, 0.03, 0.05, 0.08]",9.463321162763338e-06,0.0003457241137173439,False,-1.4359040520565334e-17,2.3678308846867165e-08,True,success,3.244769148632235e-18,-6.249761639800143e-18,9.274687995939312e-05,3.1248808199000716e-20,0.0
0.020177154328898887,-1.0063810204565156e-18,2.217605537973068e-05,3.072172949629191e-07,-7.607395916716932e-25,7.60215436399354e-11,typ,0.0029568073839640907,2.3355132995966462e-17,True,1.5225997182511746e-05,0.5625,1.06,6.650300328460217e-15,-0.00038117095245942395,4.364687305094436e-09,True,False,63,1.125,384,1.0136205818658053e-08,1.3514941091544071e-06,1.0136205818658053e-08,1.0136205818658053e-08,0.0,4.399147220268088,1.3371804101233882,-1.0899621858930724,-1.0899621858930724,0.49997951573795635,0.005986717999848493,0.0,0.0021283083470517833,0.0021283083470517833,True,3.072172949629191e-07,2.8310655361847407e-07,success,0.9999590314759147,0.015227046774752898,0.5,2.5680872010002064e-14,0.0075,"[0.005, 0.0075, 0.01, 0.015, 0.02, 0.03, 0.05, 0.08]",3.4280913507016436e-06,0.001099067540360181,False,-4.987725246345162e-17,4.4744969180303434e-07,True,success,-1.574145407790436e-16,3.3016352666105114e-16,0.00024745203114008,-2.4762264499578833e-18,0.0
0.04373045566122324,-2.694835321689575e-18,7.0097801136874e-05,3.322082099570536e-07,-1.240770918829581e-24,1.7211190688399628e-10,typ,0.007009780113687401,5.717698849822749e-17,True,7.596724180755106e-06,0.5625,1.06,6.162376496980216e-15,-0.00036895381437342806,4.364687305094436e-09,True,False,63,1.125,384,1.7211190688399626e-08,1.7211190688399626e-06,1.7211190688399626e-08,1.7211190688399626e-08,0.0,5.180844474200265,1.5747878831785078,-1.0899621858930724,-1.0899621858930724,0.4999795157379564,0.005986717999848493,0.0,0.0021283083470517833,0.0021283083470517833,True,3.322082099570536e-07,2.8310655361847407e-07,success,0.9999590314759147,0.015227046774752898,0.5,2.5680872010002064e-14,0.01,"[0.005, 0.0075, 0.01, 0.015, 0.02, 0.03, 0.05, 0.08]",2.455311066718455e-06,0.0016029515374803487,False,-6.162376496980216e-17,3.0654087845653128e-06,True,success,-1.640895663328324e-16,3.7349194921762543e-16,0.0005180844474200266,-3.7349194921762545e-18,0.0
0.10480724608726733,-5.800979577053274e-18,0.00025069424090125775,4.054767812655642e-07,-1.448659224168758e-24,5.879372243795637e-10,typ,0.016712949393417182,2.3839489332763526e-16,True,3.868785760556532e-06,0.5625,1.06,3.6899354409287774e-15,-0.0003099079832388843,4.364687305094436e-09,True,False,63,1.125,384,3.919581495863758e-08,2.613054330575839e-06,3.919581495863758e-08,3.919581495863758e-08,0.0,6.4443994115274315,1.9588625287198331,-1.0899621858930724,-1.0899621858930724,0.49997951573795635,0.005986717999848493,0.0,0.0021283083470517833,0.0021283083470517833,True,4.054767812655642e-07,2.8310655361847407e-07,success,0.9999590314759147,0.015227046774752898,0.5,2.5680872010002064e-14,0.015,"[0.005, 0.0075, 0.01, 0.015, 0.02, 0.03, 0.05, 0.08]",2.3452362617741095e-06,0.0023919552345886296,False,-5.534903161393166e-17,2.62745729987988e-05,True,success,-9.382482477771441e-17,2.381820268717136e-16,0.0014499898675936719,-3.5727304030757035e-18,0.0
0.1615725653867612,-5.5678054151626775e-18,0.0005253373981270157,4.995783747976444e-07,-5.651802093954364e-25,1.4571532694236377e-09,typ,0.026266869906350784,7.27962262169735e-16,True,3.091975259548478e-06,0.5625,1.06,1.7230045836788106e-15,-0.00020222176600986214,4.364687305094436e-09,True,False,63,1.125,384,7.285766347118189e-08,3.6428831735590944e-06,7.285766347118189e-08,7.285766347118189e-08,0.0,7.291915257610288,2.2164764547620903,-1.0899621858930724,-1.0899621858930724,0.49997951573795635,0.005986717999848493,0.0,0.0021283083470517833,0.0021283083470517833,True,4.995783747976444e-07,2.8310655361847407e-07,success,0.9999590314759147,0.015227046774752898,0.5,2.5680872010002064e-14,0.02,"[0.005, 0.0075, 0.01, 0.015, 0.02, 0.03, 0.05, 0.08]",2.773747451863932e-06,0.0032514022220882575,False,-3.446009167357621e-17,8.488011110898825e-05,True,success,-2.09475151425558e-17,5.656572000583133e-17,0.0029167661030441152,-1.1313144001166267e-18,0.0
0.24253533537749603,-1.2766065361958894e-18,0.0013156139757993205,7.289053486744961e-07,2.9778098665606797e-24,5.521439986214466e-09,typ,0.043853799193310686,4.02460713833696e-15,True,3.005357332942788e-06,0.5625,1.06,1.754529959121084e-16,0.00014975354923096526,4.364687305094436e-09,True,False,63,1.125,384,1.840479995404822e-07,6.134933318016074e-06,1.840479995404822e-07,1.840479995404822e-07,0.0,8.416639182539079,2.558351532796013,-1.0899621858930724,-1.0899621858930724,0.4999795157379564,0.005986717999848493,0.0,0.0021283083470517833,0.0021283083470517833,True,7.289053486744961e-07,2.8310655361847407e-07,success,0.9999590314759147,0.015227046774752898,0.5,2.5680872010002064e-14,0.03,"[0.005, 0.0075, 0.01, 0.015, 0.02, 0.03, 0.05, 0.08]",4.196854159184372e-06,0.005424421863113772,False,-5.263589877363251e-18,0.00031908287684780914,True,success,4.6939149685479823e-17,-1.3617725410557003e-16,0.007574975264285171,4.085317623167101e-18,0.0
0.3252990043887891,7.594663670877608e-18,0.003816828797632825,1.3234464778052465e-06,1.49363272886481e-23,3.151438831876561e-08,typ,0.0763365759526565,4.170760622065715e-14,True,4.068400025668375e-06,0.5625,1.06,-4.669343323166558e-16,0.0013548196364223531,4.364687305094436e-09,True,False,63,1.125,384,6.302877663753122e-07,1.2605755327506242e-05,6.302877663753122e-07,6.302877663753122e-07,0.0,9.524945314306287,2.895236200122156,-1.0899621858930724,-1.0899621858930724,0.49997951573795635,0.005986717999848493,0.0,0.0021283083470517833,0.0021283083470517833,True,1.3234464778052465e-06,2.8310655361847407e-07,success,0.9999590314759147,0.015227046774752898,0.5,2.5680872010002064e-14,0.05,"[0.005, 0.0075, 0.01, 0.015, 0.02, 0.03, 0.05, 0.08]",8.25669423221462e-06,0.0117332938193412,False,2.3346716615832793e-17,0.001241610607792417,True,success,7.313683952319114e-17,-2.257186450549619e-16,0.02381236328576572,1.1285932252748098e-17,0.0
0.37772719156813894,1.1387480516802594e-17,0.009871782845599099,2.4381089695483215e-06,-8.19752174529933e-24,1.3640225336091528e-07,typ,0.12339728556998873,3.3256355738585023e-13,True,6.454682172671983e-06,0.5625,1.06,-3.768420956645765e-16,0.0043530002779264935,4.364687305094436e-09,True,False,63,1.125,384,1.705028167011441e-06,2.1312852087643013e-05,1.705028167011441e-06,1.705028167011441e-06,0.0,8.741550256300227,2.6571126565119605,-1.0899621858930724,-1.0899621858930724,0.49997951573795635,0.005986717999848493,0.0,0.0021283083470517833,0.0021283083470517833,True,2.4381089695483215e-06,2.8310655361847407e-07,success,0.9999590314759147,0.015227046774752898,0.5,2.5680872010002064e-14,0.08,"[0.005, 0.0075, 0.01, 0.015, 0.02, 0.03, 0.05, 0.08]",1.3817387952544383e-05,0.026134689442441975,False,3.014736765316612e-17,0.0037288408100386783,True,success,-1.4214947132593103e-17,4.2028073025474656e-17,0.05594592164032146,-3.3622458420379727e-18,0.0
0.35412936381433563,-2.289053548696755e-19,2.95783960976365e-05,0.008277289326416732,-3.3716802652327727e-21,7.03629953166049e-07,arith,0.0059156792195273,5.824148701088442e-09,True,0.02337363170696114,0.5625,1.08,1.2927781667361924e-16,-0.017981210545742865,4.701496710360556e-09,True,False,64,1.125,626,0.0001407259906332098,0.028145198126641957,0.0001407259906332098,0.0001407259906332098,0.0,3.4002916917277934,1.0335647368052014,-6.961439919458924e-06,-6.961439919458924e-06,0.4999794793819218,0.3519972088559995,0.0,0.19467179602918508,0.3519972088559995,True,0.008277289326416732,0.008171100671343863,success,0.9999589587638437,0.9999589587638437,0.5,3.3819117230350692e-15,0.005,"[0.005, 0.0075, 0.01, 0.015, 0.02, 0.03, 0.05, 0.08]",0.02378864461897829,8.352426858661735e-05,False,-6.463890833680963e-19,1.0474578592704442e-05,True,success,-4.418045218960459e-17,8.146822304427977e-17,8.500729229319484e-05,-4.073411152213988e-19,0.0
0.356180584317502,1.559731763029989e-19,6.767153382809684e-05,0.008381154284327461,-1.450461204111734e-21,1.6411920667041877e-06,arith,0.009022871177079578,1.3755083921262042e-08,True,0.023530632082001523,0.5625,1.08,-5.838730246039587e-17,-0.01796255890039837,4.701496710360556e-09,True,False,64,1.125,626,0.0002188256088938917,0.029176747852518895,0.0002188256088938917,0.0002188256088938917,0.0,3.481232639647101,1.0581678347501526,-6.961439919458924e-06,-6.961439919458924e-06,0.4999794793819218,0.3519972088559995,0.0,0.19467179602918508,0.3519972088559995,True,0.008381154284327461,0.008171100671343863,success,0.9999589587638437,0.9999589587638437,0.5,3.3819117230350692e-15,0.0075,"[0.005, 0.0075, 0.01, 0.015, 0.02, 0.03, 0.05, 0.08]",0.02425232551804189,0.0001899922028534097,False,4.37904768452969e-19,2.4103286460553133e-05,True,success,-1.2367288582844967e-17,2.3074963263299083e-17,0.0001958193359801494,-1.7306222447474312e-19,0.0
0.3584777390155065,5.251604272976541e-19,0.00012226373029171534,0.008499004799150377,-7.940933880509424e-21,3.0212662472833883e-06,arith,0.012226373029171534,2.5677756335172567e-08,True,0.023708598538060795,0.5625,1.08,-1.464973609630297e-16,-0.01793601582074794,4.701496710360556e-09,True,False,64,1.125,626,0.00030212662472833883,0.03021266247283388,0.00030212662472833883,0.00030212662472833883,0.0,3.5548470893738244,1.0805439442886255,-6.961439919458924e-06,-6.961439919458924e-06,0.4999794793819219,0.3519972088559995,0.0,0.19467179602918508,0.3519972088559995,True,0.008499004799150377,0.008171100671343863,success,0.9999589587638437,0.9999589587638437,0.5,3.3819117230350692e-15,0.01,"[0.005, 0.0075, 0.01, 0.015, 0.02, 0.03, 0.05, 0.08]",0.02471105895489033,0.00034106366165857413,False,1.464973609630297e-18,4.3828825598575807e-05,True,success,-4.955563474058903e-17,9.343369098112826e-17,0.0003554847089373824,-9.343369098112826e-19,0.0
0.363248888484121,2.3003180507677666e-19,0.0002829163413877973,0.008748013661129846,-1.102204336261006e-20,7.222087872118616e-06,arith,0.018861089425853152,6.317892336717383e-08,True,0.0240826990486779,0.5625,1.08,-4.221748271765319e-17,-0.01785840742533061,4.701496710360556e-09,True,False,64,1.125,626,0.00048147252480790773,0.032098168320527184,0.00048147252480790773,0.00048147252480790773,0.0,3.669195038314739,1.1153015528899268,-6.961439919458924e-06,-6.961439919458924e-06,0.4999794793819218,0.3519972088559995,0.0,0.19467179602918508,0.3519972088559995,True,0.008748013661129846,0.008171100671343863,success,0.9999589587638437,0.9999589587638437,0.5,3.3819117230350692e-15,0.015,"[0.005, 0.0075, 0.01, 0.015, 0.02, 0.03, 0.05, 0.08]",0.025527291342351984,0.0007788498474652996,False,6.332622407647978e-19,0.00010276904654311149,True,success,-4.385064692645199e-17,8.399654130692882e-17,0.0008255688836208162,-1.2599481196039321e-18,0.0
0.36784518387765974,-3.511097630460335e-19,0.0005142564915421342,0.00899245501915551,-4.44615690177875e-21,1.3468225200518814e-05,arith,0.02571282457710671,1.2111240930352214e-07,True,0.024446303535528353,0.5625,1.08,4.772520865229104e-17,-0.01774704524371057,4.701496710360556e-09,True,False,64,1.125,626,0.0006734112600259406,0.03367056300129703,0.0006734112600259406,0.0006734112600259406,0.0,3.7443126409387437,1.1381345661206437,-6.961439919458924e-06,-6.961439919458924e-06,0.4999794793819218,0.3519972088559995,0.0,0.19467179602918508,0.3519972088559995,True,0.00899245501915551,0.008171100671343863,success,0.9999589587638437,0.9999589587638437,0.5,3.3819117230350692e-15,0.02,"[0.005, 0.0075, 0.01, 0.015, 0.02, 0.03, 0.05, 0.08]",0.02618970381906269,0.0013980242615142377,False,-9.545041730458208e-19,0.00018916677369159652,True,success,-1.277586937400778e-17,2.4721596562382876e-17,0.0014977250563754977,-4.944319312476575e-19,0.0
0.3759510210501905,2.358542310704315e-18,0.001193895591741296,0.00943270143570282,-3.71812006653404e-20,3.241143247249382e-05,arith,0.03979651972470987,3.0572736561647746e-07,True,0.02509024023755352,0.5625,1.08,-2.091178707371603e-16,-0.017419814254801904,4.701496710360556e-09,True,False,64,1.125,626,0.0010803810824164609,0.03601270274721537,0.0010803810824164609,0.0010803810824164609,0.0,3.8178567394179477,1.1604892914441083,-6.961439919458924e-06,-6.961439919458924e-06,0.4999794793819218,0.3519972088559995,0.0,0.19467179602918508,0.3519972088559995,True,0.00943270143570282,0.008171100671343863,success,0.9999589587638437,0.9999589587638437,0.5,3.3819117230350692e-15,0.03,"[0.005, 0.0075, 0.01, 0.015, 0.02, 0.03, 0.05, 0.08]",0.02714762722695187,0.003175667905904976,False,6.273536122114808e-18,0.00044884626674246165,True,success,-6.724442014303986e-17,1.3139113582248163e-16,0.003436071065476153,-3.941734074674449e-18,0.0
0.3880525156477329,-3.4018629615719214e-19,0.003429728861197225,0.010108536574394603,-7.142730438787129e-21,9.676803937972396e-05,arith,0.06859457722394449,9.781832653023969e-07,True,0.026049403538903868,0.5625,1.08,1.753300300550079e-17,-0.01633664043968587,4.701496710360556e-09,True,False,64,1.125,626,0.0019353607875944791,0.03870721575188958,0.001935360787594479,0.0019353607875944791,0.0,3.8291611715524456,1.163925426776924,-6.961439919458924e-06,-6.961439919458924e-06,0.49997947938192183,0.3519972088559995,0.0,0.19467179602918508,0.3519972088559995,True,0.010108536574394603,0.008171100671343863,success,0.9999589587638437,0.9999589587638437,0.5,3.3819117230350692e-15,0.05,"[0.005, 0.0075, 0.01, 0.015, 0.02, 0.03, 0.05, 0.08]",0.02821448671191602,0.00883831111227912,False,-8.766501502750395e-19,0.0013309149125772172,True,success,-7.221944492818046e-18,1.4132076163982037e-17,0.009572902928881114,-7.066038081991018e-19,1.120413495442463e-16
0.39952212318071917,3.364193888361899e-19,0.008959924551899758,0.010767975311113766,-5.577134554854864e-20,0.00025906164421199955,arith,0.11199905689874697,2.7895693889313494e-06,True,0.026952137782475183,0.5625,1.08,-1.0525680848342361e-17,-0.01362716891299737,4.701496710360556e-09,True,False,64,1.125,626,0.0032382705526499945,0.04047838190812493,0.0032382705526499945,0.0032382705526499945,0.0,3.759145126043024,1.1426431009620126,-6.961439919458924e-06,-6.961439919458924e-06,0.4999794793819219,0.3519972088559995,0.0,0.19467179602918508,0.3519972088559995,True,0.010767975311113766,0.008171100671343863,success,0.9999589587638437,0.9999589587638437,0.5,3.3819117230350692e-15,0.08,"[0.005, 0.0075, 0.01, 0.015, 0.02, 0.03, 0.05, 0.08]",0.02891337340079177,0.0224266042655336,False,8.420544678673889e-19,0.0035796880805140452,True,success,-3.339200818110367e-17,6.474214503791897e-17,0.024058528806675354,-5.179371603033517e-18,0.0
0.02275315205373058,2.8706949021953076e-19,9.212968733717564e-06,4.6756541668288754e-07,-4.652890945610781e-25,4.6745735629692935e-11,typ,0.001842593746743513,2.185668935784548e-17,True,2.0549478840503157e-05,0.5625,1.08,-2.5233382130232207e-15,-0.0003554437928106266,4.370767086585056e-09,True,False,65,1.125,330,9.349147125938586e-09,1.869829425187717e-06,9.349147125938586e-09,9.349147125938586e-09,0.0,3.9990755485149023,1.2155732041519833,-1.4215768395794715,-1.4215768395794715,0.49997935555346373,0.009906494171325329,0.0,0.0026602239443790266,0.0026602239443790266,True,4.6756541668288754e-07,4.423007518312152e-07,success,0.9999587111069261,0.013309746890955067,0.5,2.0099661356092502e-14,0.005,"[0.005, 0.0075, 0.01, 0.015, 0.02, 0.03, 0.05, 0.08]",5.073905814812242e-06,0.0004049095576719014,False,1.2616691065116104e-17,2.0962407846454145e-07,True,success,-9.95246556798911e-17,1.9902630860171025e-16,9.997688871287256e-05,-9.951315430085512e-19,0.0
0.05709424241934396,1.1544000279892046e-18,4.399270222448628e-05,5.067424630493724e-07,-1.5964020366776572e-25,1.3410737143124418e-10,typ,0.005865693629931504,6.795789971214571e-17,True,8.875544040456245e-06,0.5625,1.08,-2.695893617457733e-15,-0.000346111255608586,4.370767086585056e-09,True,False,65,1.125,330,1.7880982857499224e-08,2.3841310476665635e-06,1.7880982857499224e-08,1.7880982857499224e-08,0.0,4.70481797266371,1.4300931774360932,-1.4215768395794715,-1.4215768395794715,0.49997935555346384,0.009906494171325329,0.0,0.0026602239443790266,0.0026602239443790266,True,5.067424630493724e-07,4.423007518312152e-07,success,0.9999587111069261,0.013309746890955067,0.5,2.0099661356092502e-14,0.0075,"[0.005, 0.0075, 0.01, 0.015, 0.02, 0.03, 0.05, 0.08]",3.048400408479573e-06,0.0007705278213759295,False,2.0219202130932998e-17,2.5117300054868317e-06,True,success,-1.9365213930726227e-17,4.200429614867616e-17,0.0002646460109623337,-3.1503222111507127e-19,0.0
0.10028439063008379,2.6088614775432293e-18,0.00010618761958078643,5.59223975754868e-07,4.459020489543371e-25,2.9396172600610885e-10,typ,0.010618761958078643,1.6439044513689935e-16,True,5.576381052338062e-06,0.5625,1.08,-2.6014631600709057e-15,-0.00032554304352764435,4.370767086585056e-09,True,False,65,1.125,330,2.9396172600610886e-08,2.9396172600610886e-06,2.939617260061089e-08,2.9396172600610886e-08,0.0,5.256600910383087,1.597815078526214,-1.4215768395794715,-1.4215768395794715,0.49997935555346373,0.009906494171325329,0.0,0.0026602239443790266,0.0026602239443790266,True,5.59223975754868e-07,4.423007518312152e-07,success,0.9999587111069261,0.013309746890955067,0.5,2.0099661356092502e-14,0.01,"[0.005, 0.0075, 0.01, 0.015, 0.02, 0.03, 0.05, 0.08]",2.7683239078776585e-06,0.001058864883294527,False,2.6014631600709058e-17,1.0648960722118322e-05,True,success,3.477772605815996e-17,-7.973586045777751e-17,0.0005256600910383088,7.973586045777752e-19,1.1255623292072219e-16
0.17747514832268269,6.531871485602196e-18,0.0002981952163770066,6.828129871826666e-07,2.0671265341678117e-24,9.11955166222125e-10,typ,0.019879681091800442,6.226948312247945e-16,True,3.847372399098865e-06,0.5625,1.08,-2.453628596204371e-15,-0.0002489872782439964,4.370767086585056e-09,True,False,65,1.125,330,6.0797011081475e-08,4.053134072098333e-06,6.0797011081475e-08,6.0797011081475e-08,0.0,5.935935824568662,1.8043081313107594,-1.4215768395794715,-1.4215768395794715,0.49997935555346373,0.009906494171325329,0.0,0.0026602239443790266,0.0026602239443790266,True,6.828129871826666e-07,4.423007518312152e-07,success,0.9999587111069261,0.013309746890955067,0.5,2.0099661356092502e-14,0.015,"[0.005, 0.0075, 0.01, 0.015, 0.02, 0.03, 0.05, 0.08]",3.058248811976732e-06,0.0016802082950500342,False,3.6804428943065564e-17,5.2922240255623704e-05,True,success,8.28379668818881e-17,-2.0182456719195476e-16,0.001335585560527949,3.0273685078793216e-18,0.0
0.23290129301490672,9.653535279879613e-18,0.0005692417550018395,8.160151577858297e-07,1.0374437925203275e-25,2.067772601650438e-09,typ,0.028462087750091975,1.6873337858009978e-15,True,3.503695266018128e-06,0.5625,1.08,-2.0724520578899797e-15,-0.00012790541834175467,4.370767086585056e-09,True,False,65,1.125,330,1.033886300825219e-07,5.169431504126095e-06,1.033886300825219e-07,1.033886300825219e-07,0.0,6.334969950990614,1.9255999613190347,-1.4215768395794715,-1.4215768395794715,0.49997935555346373,0.009906494171325329,0.0,0.0026602239443790266,0.0026602239443790266,True,8.160151577858297e-07,4.423007518312152e-07,success,0.9999587111069261,0.013309746890955067,0.5,2.0099661356092502e-14,0.02,"[0.005, 0.0075, 0.01, 0.015, 0.02, 0.03, 0.05, 0.08]",3.6325033845132392e-06,0.002444133081585792,False,4.1449041157799596e-17,0.00013257714077800317,True,success,2.5255971289030314e-18,-6.356767902052953e-18,0.0025339879803962457,1.2713535804105906e-19,0.0
0.30021831418618694,8.284141834894659e-18,0.0013377551461158004,1.0929033691727917e-06,3.144626744284552e-24,6.7265864982241335e-09,typ,0.044591838203860014,7.351509046941367e-15,True,3.640362088286872e-06,0.5625,1.08,-9.19790859234198e-16,0.00023809626958023767,4.370767086585056e-09,True,False,65,1.125,330,2.2421954994080445e-07,7.473984998026815e-06,2.2421954994080445e-07,2.2421954994080445e-07,0.0,6.838651255768205,2.0787007192547824,-1.4215768395794715,-1.4215768395794715,0.4999793555534638,0.009906494171325329,0.0,0.0026602239443790266,0.0026602239443790266,True,1.0929033691727917e-06,4.423007518312152e-07,success,0.9999587111069261,0.013309746890955067,0.5,2.0099661356092502e-14,0.03,"[0.005, 0.0075, 0.01, 0.015, 0.02, 0.03, 0.05, 0.08]",5.028264341015556e-06,0.004455941169818715,False,2.759372577702594e-17,0.00040161859476078177,True,success,3.667590639636703e-17,-9.591048434180386e-17,0.006154786130191385,2.8773145302541157e-18,0.0
0.3616630274545685,-9.312283505855642e-19,0.003779685031399715,1.6715294890081852e-06,3.9277589595805464e-24,3.030527090476053e-08,typ,0.07559370062799431,5.0656153989688995e-14,True,4.621787028584667e-06,0.5625,1.08,5.149701683026161e-17,0.0014412494930710318,4.370767086585056e-09,True,False,65,1.125,330,6.061054180952106e-07,1.212210836190421e-05,6.061054180952106e-07,6.061054180952106e-07,0.0,7.2521055964719805,2.204375768801289,-1.4215768395794715,-1.4215768395794715,0.49997935555346373,0.009906494171325329,0.0,0.0026602239443790266,0.0026602239443790266,True,1.6715294890081852e-06,4.423007518312152e-07,success,0.9999587111069261,0.013309746890955067,0.5,2.0099661356092502e-14,0.05,"[0.005, 0.0075, 0.01, 0.015, 0.02, 0.03, 0.05, 0.08]",8.017935529812573e-06,0.010450847182255899,False,-2.5748508415130807e-18,0.0013669723312807367,True,success,1.7451337645784886e-17,-4.699598763179597e-17,0.018130263991179955,2.349799381589799e-18,0.0
0.39852274836168067,-6.234765658223153e-18,0.009714491498391913,2.525540482779276e-06,-2.0982454829477618e-23,1.0772355044181883e-07,typ,0.12143114372989891,2.7206018758952883e-13,True,6.337255509658418e-06,0.5625,1.08,1.9555865016031563e-16,0.004397530119276534,4.370767086585056e-09,True,False,65,1.125,330,1.3465443805227354e-06,1.683180475653419e-05,1.3465443805227354e-06,1.3465443805227354e-06,0.0,6.6646347074236285,2.0258060312999024,-1.4215768395794715,-1.4215768395794715,0.4999793555534638,0.009906494171325329,0.0,0.0026602239443790266,0.0026602239443790266,True,2.525540482779276e-06,4.423007518312152e-07,success,0.9999587111069261,0.013309746890955067,0.5,2.0099661356092502e-14,0.08,"[0.005, 0.0075, 0.01, 0.015, 0.02, 0.03, 0.05, 0.08]",1.108895411145821e-05,0.024376253396645488,False,-1.564469201282525e-17,0.0038714458508753266,True,success,-4.0227570095716705e-17,1.0385130911852925e-16,0.042653662127511226,-8.308104729482341e-18,0.0
0.44029943186987114,9.867039446475276e-20,3.8409989987496424e-05,0.013252771639606049,5.185045960469407e-21,1.2465957114542016e-06,arith,0.007681997997499285,1.6520848290814767e-08,True,0.03009945205544316,0.3229166667,0.48,-4.4819678301976294e-17,-0.027246819196669398,4.8167102951116576e-09,True,False,66,0.6458333334,1013,0.0002493191422908403,0.049863828458168065,0.0002493191422908403,0.0002493191422908403,0.0,3.7625207627625215,1.1436691714859106,-1.9777738049934547e-06,-1.9777738049934547e-06,0.49997986935091443,0.427354700698685,0.0,0.38748293383227034,0.427354700698685,True,0.013252771639606049,0.012380621797229943,success,0.9999597387018289,0.9999597387018289,0.5,3.620048658367175e-15,0.005,"[0.005, 0.0075, 0.01, 0.015, 0.02, 0.03, 0.05, 0.08]",0.03245498662873916,8.723606529396648e-05,False,2.240983915098815e-19,1.6911896769622114e-05,True,success,4.034005061381824e-17,-7.82484766427853e-17,9.406301906906304e-05,3.912423832139265e-19,0.0
0.4500484681028694,7.837701740062448e-20,9.074842429027943e-05,0.013953284567860862,2.6838702154895536e-20,3.143196860332204e-06,arith,0.01209978990537059,4.385792024502206e-08,True,0.031003959699450644,0.3229166667,0.48,-2.322031898209077e-17,-0.027222162708859004,4.8167102951116576e-09,True,False,66,0.6458333334,1013,0.00041909291471096055,0.05587905529479474,0.00041909291471096055,0.00041909291471096055,0.0,4.004724122340565,1.217290164709705,-1.9777738049934547e-06,-1.9777738049934547e-06,0.4999798693509144,0.427354700698685,0.0,0.38748293383227034,0.427354700698685,True,0.013953284567860862,0.012380621797229943,success,0.9999597387018289,0.9999597387018289,0.5,3.620048658367175e-15,0.0075,"[0.005, 0.0075, 0.01, 0.015, 0.02, 0.03, 0.05, 0.08]",0.03463637947341075,0.00020164144691530578,False,1.7415239236568075e-19,4.084118933458948e-05,True,success,1.2815557218758402e-16,-2.5646245536303476e-16,0.00022526573188165678,1.9234684152227607e-18,0.0
0.45982846680888845,3.472835083742514e-19,0.00016825509142183567,0.014688034921749204,7.782115202898397e-21,6.168403336520017e-06,arith,0.016825509142183566,9.060172361824032e-08,True,0.03194242197243906,0.3229166667,0.48,-7.552457784624013e-17,-0.027186064097104515,4.8167102951116576e-09,True,False,66,0.6458333334,1013,0.0006168403336520017,0.06168403336520016,0.0006168403336520017,0.0006168403336520017,0.0,4.199611023109836,1.276528679096693,-1.9777738049934547e-06,-1.9777738049934547e-06,0.49997986935091443,0.427354700698685,0.0,0.38748293383227034,0.427354700698685,True,0.014688034921749204,0.012380621797229943,success,0.9999597387018289,0.9999597387018289,0.5,3.620048658367175e-15,0.01,"[0.005, 0.0075, 0.01, 0.015, 0.02, 0.03, 0.05, 0.08]",0.036661020385143,0.0003659083844666907,False,7.552457784624013e-19,7.736848072129206e-05,True,success,2.585410008545039e-17,-5.298268450720447e-17,0.0004199611023109836,5.298268450720446e-19,0.0
0.4783303913896839,3.384797326937875e-19,0.00040498529914039774,0.016159788167438818,-3.304773410012805e-20,1.628756399221551e-05,arith,0.026999019942693183,2.6320358387780677e-07,True,0.03378373705356689,0.3229166667,0.48,-4.717516578313286e-17,-0.027076858572355603,4.8167102951116576e-09,True,False,66,0.6458333334,1013,0.0010858375994810341,0.0723891732987356,0.0010858375994810341,0.0010858375994810341,0.0,4.479586771106088,1.3616311016310805,-1.9777738049934547e-06,-1.9777738049934547e-06,0.4999798693509144,0.427354700698685,0.0,0.38748293383227034,0.427354700698685,True,0.016159788167438818,0.012380621797229943,success,0.9999597387018289,0.9999597387018289,0.5,3.620048658367175e-15,0.015,"[0.005, 0.0075, 0.01, 0.015, 0.02, 0.03, 0.05, 0.08]",0.040217667225913405,0.0008466643692946247,False,7.076274867469929e-19,0.00019371677664489466,True,success,-6.441630187142735e-17,1.363373238877707e-16,0.0010079070234988697,-2.04505985831656e-18,0.0
0.4950557158092179,1.1886894295472303e-18,0.0007580586026882995,0.0175785700890709,9.053383146946065e-21,3.2763045629258114e-05,arith,0.037902930134414974,5.759274939253418e-07,True,0.03550826609553831,0.3229166667,0.48,-1.200561261679606e-16,-0.026914862046429393,4.8167102951116576e-09,True,False,66,0.6458333334,1013,0.0016381522814629056,0.08190761407314529,0.0016381522814629056,0.0016381522814629056,0.0,4.659515174335459,1.4163227779893075,-1.9777738049934547e-06,-1.9777738049934547e-06,0.4999798693509145,0.427354700698685,0.0,0.38748293383227034,0.427354700698685,True,0.0175785700890709,0.012380621797229943,success,0.9999597387018289,0.9999597387018289,0.5,3.620048658367175e-15,0.02,"[0.005, 0.0075, 0.01, 0.015, 0.02, 0.03, 0.05, 0.08]",0.04321967393163363,0.0015312591663529773,False,2.401122523359212e-18,0.0003752812441791916,True,success,1.1929630563960004e-17,-2.5751193359506558e-17,0.0018638060697341837,5.150238671901312e-19,0.0
0.5236664698392499,3.707317105270121e-19,0.0018354436835887975,0.0201951678822304,-1.228930849201112e-20,8.808639953356137e-05,arith,0.06118145611962659,1.7789196267214934e-06,True,0.038564943614644104,0.3229166667,0.48,-2.359846275440777e-17,-0.026420768802987993,4.8167102951116576e-09,True,False,66,0.6458333334,1013,0.002936213317785379,0.09787377725951264,0.002936213317785379,0.002936213317785379,0.0,4.846395822519067,1.4731276834107392,-1.9777738049934547e-06,-1.9777738049934547e-06,0.4999798693509143,0.427354700698685,0.0,0.38748293383227034,0.427354700698685,True,0.0201951678822304,0.012380621797229943,success,0.9999597387018289,0.9999597387018289,0.5,3.620048658367175e-15,0.03,"[0.005, 0.0075, 0.01, 0.015, 0.02, 0.03, 0.05, 0.08]",0.047991883554459276,0.003504986072818877,False,7.07953882632233e-19,0.0009611603143736948,True,success,-9.21402280649961e-18,2.028423921946267e-17,0.00436175624026716,-6.0852717658388e-19,0.0
0.5666718587867845,2.8926926422792647e-18,0.005533384476688722,0.024576498359672006,-3.1291430044535014e-19,0.00030049258135256697,arith,0.11066768953377444,7.3850554327049685e-06,True,0.04336989384348295,0.3229166667,0.48,-1.0209409898957649e-16,-0.02470594278194061,4.8167102951116576e-09,True,False,66,0.6458333334,1013,0.006009851627051339,0.12019703254102677,0.006009851627051339,0.006009851627051339,0.0,4.890730598882228,1.4866038394636405,-1.9777738049934547e-06,-1.9777738049934547e-06,0.49997986935091443,0.427354700698685,0.0,0.38748293383227034,0.427354700698685,True,0.024576498359672006,0.012380621797229943,success,0.9999597387018289,0.9999597387018289,0.5,3.620048658367175e-15,0.05,"[0.005, 0.0075, 0.01, 0.015, 0.02, 0.03, 0.05, 0.08]",0.0543053862637767,0.00976470666557435,False,5.104704949478825e-18,0.003135613266787137,True,success,-1.1514591400364738e-16,2.5464514583478375e-16,0.012226826497205572,-1.273225729173919e-17,0.0
0.6086314410128878,-8.390452257100425e-19,0.014713980320872854,0.02940722908261709,9.817785316694088e-20,0.0008679938488284622,arith,0.18392475401091068,2.5525293954801097e-05,True,0.04831697329615016,0.3229166667,0.48,1.7232210849839167e-17,-0.020270876330297213,4.8167102951116576e-09,True,False,66,0.6458333334,1013,0.010849923110355778,0.1356240388794472,0.010849923110355778,0.010849923110355778,0.0,4.611928532893157,1.401858173479815,-1.9777738049934547e-06,-1.9777738049934547e-06,0.4999798693509144,0.427354700698685,0.0,0.38748293383227034,0.427354700698685,True,0.02940722908261709,0.012380621797229943,success,0.9999597387018289,0.9999597387018289,0.5,3.620048658367175e-15,0.08,"[0.005, 0.0075, 0.01, 0.015, 0.02, 0.03, 0.05, 0.08]",0.05899109757521896,0.02417551793970053,False,-1.3785768679871333e-18,0.008955391045728118,True,success,1.9432476677221333e-17,-4.1732023140942067e-17,0.029516342610516205,3.3385618512753654e-18,0.0
0.3595672989638333,1.2600287174655417e-19,3.333640236502436e-05,0.006304082214955927,4.903872406861001e-22,6.391594266436396e-07,typ,0.0066672804730048725,4.0293135740255965e-09,True,0.017532412522280053,0.3229166667,0.48,-7.008583489636416e-17,-0.022370505381422927,4.66143413733946e-09,True,False,67,0.6458333334,644,0.00012783188532872793,0.025566377065745587,0.00012783188532872793,0.00012783188532872793,0.0,4.055527227276862,1.2327324568842595,-0.00013865532596661802,-0.00013865532596661802,0.49997802141064235,0.3374623280607256,0.0,0.2950554428155778,0.2950554428155778,True,0.006304082214955927,0.005646959067457224,success,0.9999560428212847,0.8066482487712623,0.5,2.017348292683428e-15,0.005,"[0.005, 0.0075, 0.01, 0.015, 0.02, 0.03, 0.05, 0.08]",0.019173017521357617,9.271255328582444e-05,False,3.504291744818208e-19,1.1986680155563356e-05,True,success,7.725447194802695e-18,-1.5557767934012533e-17,0.00010138818068192153,7.778883967006266e-20,0.0
0.37624992175404,-2.270577694233559e-19,8.231439317071777e-05,0.006845676045843309,1.3341596099867783e-20,1.7086598663497487e-06,typ,0.01097525242276237,1.1696931917564305e-08,True,0.018194491613259197,0.3229166667,0.48,8.046345661764215e-17,-0.02234856775997958,4.66143413733946e-09,True,False,67,0.6458333334,644,0.00022782131551329985,0.030376175401773314,0.00022782131551329988,0.00022782131551329985,0.0,4.437279123106872,1.3487711187138685,-0.00013865532596661802,-0.00013865532596661802,0.4999780214106423,0.3374623280607256,0.0,0.2950554428155778,0.2950554428155778,True,0.006845676045843309,0.005646959067457224,success,0.9999560428212847,0.8066482487712623,0.5,2.017348292683428e-15,0.0075,"[0.005, 0.0075, 0.01, 0.015, 0.02, 0.03, 0.05, 0.08]",0.02075772900136718,0.00021877584129978338,False,-6.034759246323161e-19,3.097078398971384e-05,True,success,1.2335927484255545e-16,-2.5985446405435817e-16,0.0002495969506747615,1.9489084804076863e-18,1.1897505837444459e-16
0.3928678600149863,9.503709668193248e-19,0.0001577046130370249,0.007424253011703385,7.914464100907369e-21,3.5157373348025254e-06,typ,0.01577046130370249,2.610172349626568e-08,True,0.018897583048458535,0.3229166667,0.48,-2.4190601053063286e-16,-0.0223152240274887,4.66143413733946e-09,True,False,67,0.6458333334,644,0.00035157373348025254,0.03515737334802525,0.00035157373348025254,0.00035157373348025254,0.0,4.73547618765203,1.4394121573290268,-0.00013865532596661802,-0.00013865532596661802,0.4999780214106423,0.3374623280607256,0.0,0.2950554428155778,0.2950554428155778,True,0.007424253011703385,0.005646959067457224,success,0.9999560428212847,0.8066482487712623,0.5,2.017348292683428e-15,0.01,"[0.005, 0.0075, 0.01, 0.015, 0.02, 0.03, 0.05, 0.08]",0.02229318006047878,0.00040141897336933876,False,2.4190601053063287e-18,6.195707383834748e-05,True,success,4.898768551557226e-17,-1.0660283382626142e-16,0.0004735476187652031,1.0660283382626141e-18,0.0
0.42373219319134436,-1.4636763877278525e-18,0.0003959426526239152,0.008612444738892697,2.0328790530096304e-20,9.976331660259963e-06,typ,0.026396176841594347,8.592060512085457e-08,True,0.020325207471322774,0.3229166667,0.48,2.3028324827908487e-16,-0.02221028885538397,4.66143413733946e-09,True,False,67,0.6458333334,644,0.0006650887773506642,0.04433925182337761,0.0006650887773506642,0.0006650887773506642,0.0,5.148277076675712,1.564888581382493,-0.00013865532596661802,-0.00013865532596661802,0.49997802141064235,0.3374623280607256,0.0,0.2950554428155778,0.2950554428155778,True,0.008612444738892697,0.005646959067457224,success,0.9999560428212847,0.8066482487712623,0.5,2.017348292683428e-15,0.015,"[0.005, 0.0075, 0.01, 0.015, 0.02, 0.03, 0.05, 0.08]",0.025196405575773996,0.0009344172073447337,False,-3.4542487241862727e-18,0.00016777364857433017,True,success,6.935262078140561e-17,-1.5735981397782127e-16,0.0011583623422520351,2.360397209667319e-18,0.0
0.4507787546485853,1.1069674717700263e-18,0.0007587613494415085,0.009793190655256585,1.3522751941175125e-20,2.1170277629423597e-05,typ,0.037938067472075426,2.073245650496587e-07,True,0.021725049271434912,0.3229166667,0.48,-1.2278390012335293e-16,-0.02204974909461367,4.66143413733946e-09,True,False,67,0.6458333334,644,0.0010585138814711798,0.05292569407355899,0.0010585138814711795,0.0010585138814711798,0.0,5.404336128711089,1.642721200086171,-0.00013865532596661802,-0.00013865532596661802,0.49997802141064235,0.3374623280607256,0.0,0.2950554428155778,0.2950554428155778,True,0.009793190655256585,0.005646959067457224,success,0.9999560428212847,0.8066482487712623,0.5,2.017348292683428e-15,0.02,"[0.005, 0.0075, 0.01, 0.015, 0.02, 0.03, 0.05, 0.08]",0.027901101769358866,0.0016832234030927612,False,2.4556780024670588e-18,0.0003420334961767233,True,success,2.969885459168296e-17,-6.904160460675124e-17,0.0021617344514844356,1.3808320921350248e-18,2.04853652174806e-16
0.49482059067043727,-8.702523193806214e-19,0.0018757489524066724,0.012061175298303554,4.6098859822618236e-21,6.147450343993144e-05,typ,0.06252496508022241,7.41454762365178e-07,True,0.024374845197855953,0.3229166667,0.48,5.862409768905723e-17,-0.021548644709575415,4.66143413733946e-09,True,False,67,0.6458333334,644,0.0020491501146643813,0.06830500382214605,0.0020491501146643813,0.0020491501146643813,0.0,5.6632129235161175,1.7214103098877114,-0.00013865532596661802,-0.00013865532596661802,0.49997802141064235,0.3374623280607256,0.0,0.2950554428155778,0.2950554428155778,True,0.012061175298303554,0.005646959067457224,success,0.9999560428212847,0.8066482487712623,0.5,2.017348292683428e-15,0.03,"[0.005, 0.0075, 0.01, 0.015, 0.02, 0.03, 0.05, 0.08]",0.03277331082128918,0.003790765759899364,False,-1.7587229306717167e-18,0.0009281592045793235,True,success,5.3536238555000135e-18,-1.2740289588279787e-17,0.005096891631164505,3.822086876483936e-19,0.0
0.5554895249437194,1.9495183527674522e-18,0.005696618464760789,0.016120878314970503,-3.551968347535535e-20,0.0002294813465103029,typ,0.11393236929521579,3.6994408626481736e-06,True,0.029021030264438964,0.3229166667,0.48,-7.019100325843125e-17,-0.019786197116050654,4.66143413733946e-09,True,False,67,0.6458333334,644,0.0045896269302060574,0.09179253860412115,0.0045896269302060574,0.0045896269302060574,0.0,5.694015971752536,1.730773313809029,-0.00013865532596661802,-0.00013865532596661802,0.4999780214106423,0.3374623280607256,0.0,0.2950554428155778,0.2950554428155778,True,0.016120878314970503,0.005646959067457224,success,0.9999560428212847,0.8066482487712623,0.5,2.017348292683428e-15,0.05,"[0.005, 0.0075, 0.01, 0.015, 0.02, 0.03, 0.05, 0.08]",0.04028378377977595,0.010255132111335412,False,3.509550162921563e-18,0.003164411884775591,True,success,-1.8467199563605638e-17,4.4066685178524455e-17,0.01423503992938134,-2.203334258926223e-18,0.0
0.6091467435439022,-1.78475847723422e-18,0.015146622185678364,0.02090917200545756,1.1219241820196462e-19,0.0006910591942323892,typ,0.18933277732097953,1.4449475558157932e-05,True,0.034325344799205355,0.3229166667,0.48,3.662414878168001e-17,-0.01522081256640053,4.66143413733946e-09,True,False,67,0.6458333334,644,0.008638239927904865,0.10797799909881081,0.008638239927904865,0.008638239927904865,0.0,5.164145145040997,1.5697118957891578,-0.00013865532596661802,-0.00013865532596661802,0.49997802141064235,0.3374623280607256,0.0,0.2950554428155778,0.2950554428155778,True,0.02090917200545756,0.005646959067457224,success,0.9999560428212847,0.8066482487712623,0.5,2.017348292683428e-15,0.08,"[0.005, 0.0075, 0.01, 0.015, 0.02, 0.03, 0.05, 0.08]",0.04562464064666568,0.02486530929732652,False,-2.9299319025344008e-18,0.009226515580095797,True,success,2.9514638383898714e-17,-6.707129422238776e-17,0.033050528928262386,5.365703537791021e-18,0.0
0.39243041615360075,-1.519188539281468e-19,3.5597653221660416e-05,0.010377365785341887,-1.718871134686248e-20,1.0617312873721984e-06,arith,0.007119530644332083,1.1017973934803245e-08,True,0.026443836558479435,0.3229166667,0.46,7.742460710215918e-17,-0.026936426944803533,4.809142038489203e-09,True,False,68,0.6458333334,1033,0.00021234625747443967,0.042469251494887936,0.00021234625747443967,0.00021234625747443967,0.0,4.092488630869704,1.2439673763675865,-1.9508548431278368e-06,-1.9508548431278368e-06,0.49997987176002406,0.36890924394501523,0.0,0.335578052732712,0.36890924394501523,True,0.010377365785341887,0.009025546503942931,success,0.999959743520048,0.999959743520048,0.5,2.9092186644251395e-15,0.005,"[0.005, 0.0075, 0.01, 0.015, 0.02, 0.03, 0.05, 0.08]",0.02982587871062684,9.071073942374328e-05,False,-3.8712303551079593e-19,1.3969601867867763e-05,True,success,-1.6375420017654792e-16,3.3127311308890497e-16,0.00010231221577174261,-1.6563655654445249e-18,0.0
0.40699326071118336,-3.236459951899478e-19,8.570572960123213e-05,0.011299513762465825,-1.3428450064185851e-20,2.7898621924520948e-06,arith,0.011427430613497618,3.152408623899553e-08,True,0.027763392796040315,0.3229166667,0.46,1.0602828971480794e-16,-0.026913325833034005,4.809142038489203e-09,True,False,68,0.6458333334,1033,0.0003719816256602793,0.04959755008803724,0.0003719816256602793,0.0003719816256602793,0.0,4.38935259787797,1.3342032019216985,-1.9508548431278368e-06,-1.9508548431278368e-06,0.4999798717600241,0.36890924394501523,0.0,0.335578052732712,0.36890924394501523,True,0.011299513762465825,0.009025546503942931,success,0.999959743520048,0.999959743520048,0.5,2.9092186644251395e-15,0.0075,"[0.005, 0.0075, 0.01, 0.015, 0.02, 0.03, 0.05, 0.08]",0.03255164159307252,0.0002105826751319401,False,-7.952121728610596e-19,3.488165435203645e-05,True,success,-7.563183457530092e-17,1.584546066491442e-16,0.0002469010836306358,-1.1884095498685813e-18,0.0
0.4206338907914805,9.232659125070731e-20,0.00016088617906312344,0.012216033370618136,-3.099611191358752e-20,5.624433535225517e-06,arith,0.016088617906312344,6.870826775713865e-08,True,0.029041961758316692,0.3229166667,0.46,-2.1949394300345636e-17,-0.02687899632208839,4.809142038489203e-09,True,False,68,0.6458333334,1033,0.0005624433535225517,0.05624433535225516,0.0005624433535225517,0.0005624433535225517,0.0,4.604140611430662,1.3994909292177342,-1.9508548431278368e-06,-1.9508548431278368e-06,0.49997987176002406,0.36890924394501523,0.0,0.335578052732712,0.36890924394501523,True,0.012216033370618136,0.009025546503942931,success,0.999959743520048,0.999959743520048,0.5,2.9092186644251395e-15,0.01,"[0.005, 0.0075, 0.01, 0.015, 0.02, 0.03, 0.05, 0.08]",0.0349590845402499,0.0003824850602513125,False,2.1949394300345637e-19,6.767417947389644e-05,True,success,-1.1825042779346969e-16,2.537330324271953e-16,0.0004604140611430663,-2.5373303242719536e-18,0.0
0.44497718474317305,-7.186061599622995e-19,0.0003932729113690046,0.013975093477903926,-9.33024910903028e-21,1.5356687725409474e-05,arith,0.026218194091266973,2.1461114647357722e-07,True,0.031406314654019656,0.3229166667,0.46,1.0766187340249914e-16,-0.026773624162564815,4.809142038489203e-09,True,False,68,0.6458333334,1033,0.001023779181693965,0.06825194544626434,0.001023779181693965,0.001023779181693965,0.0,4.883827471650029,1.4845055403976404,-1.9508548431278368e-06,-1.9508548431278368e-06,0.4999798717600241,0.36890924394501523,0.0,0.335578052732712,0.36890924394501523,True,0.013975093477903926,0.009025546503942931,success,0.999959743520048,0.999959743520048,0.5,2.9092186644251395e-15,0.015,"[0.005, 0.0075, 0.01, 0.015, 0.02, 0.03, 0.05, 0.08]",0.039048424850702285,0.0008838046642683252,False,-1.6149281010374871e-18,0.00017499747293673107,True,success,-2.0140354098953404e-17,4.450894072745619e-17,0.0010988611811212565,-6.676341109118428e-19,0.0
0.46600067347904933,-8.446410021769809e-20,0.0007431031255618707,0.015620692964797183,-4.793882735391563e-20,3.153066137487168e-05,arith,0.037155156278093536,4.925307803138603e-07,True,0.033520751908311275,0.3229166667,0.46,9.062658599515464e-18,-0.026615475532388185,4.809142038489203e-09,True,False,68,0.6458333334,1033,0.0015765330687435841,0.0788266534371792,0.0015765330687435841,0.0015765330687435841,0.0,5.046296832978093,1.5338903043837624,-1.9508548431278368e-06,-1.9508548431278368e-06,0.49997987176002406,0.36890924394501523,0.0,0.335578052732712,0.36890924394501523,True,0.015620692964797183,0.009025546503942931,success,0.999959743520048,0.999959743520048,0.5,2.9092186644251395e-15,0.02,"[0.005, 0.0075, 0.01, 0.015, 0.02, 0.03, 0.05, 0.08]",0.04243107085713158,0.0015946395957199824,False,-1.812531719903093e-19,0.0003462865569762183,True,success,-6.830786605437961e-17,1.5344654511150893e-16,0.0020185187331912373,-3.0689309022301793e-18,0.0
0.5007296951208937,5.159719272997738e-19,0.001819536852057639,0.01859727425865581,-2.865427150840302e-20,8.690016888261159e-05,arith,0.060651228401921296,1.616106273833435e-06,True,0.037140346258405496,0.3229166667,0.46,-3.4348001348658454e-17,-0.026127911860010643,4.809142038489203e-09,True,False,68,0.6458333334,1033,0.002896672296087053,0.09655574320290178,0.002896672296087053,0.002896672296087053,0.0,5.191929841974634,1.5781574309305368,-1.9508548431278368e-06,-1.9508548431278368e-06,0.4999798717600241,0.36890924394501523,0.0,0.335578052732712,0.36890924394501523,True,0.01859727425865581,0.009025546503942931,success,0.999959743520048,0.999959743520048,0.5,2.9092186644251395e-15,0.03,"[0.005, 0.0075, 0.01, 0.015, 0.02, 0.03, 0.05, 0.08]",0.04775949922879539,0.0036337706147392336,False,1.0304400404597535e-18,0.0009110961331920522,True,success,-2.2540026045010864e-17,5.135926751033841e-17,0.00467273685777717,-1.5407780253101523e-18,0.0
0.5513452409867442,4.051655362174822e-18,0.005545728562505795,0.02352326173889223,-2.988564763601025e-20,0.000303949266476357,arith,0.1109145712501159,7.149878150667647e-06,True,0.04266521226662368,0.3229166667,0.46,-1.4697344099401535e-16,-0.024416435217556147,4.809142038489203e-09,True,False,68,0.6458333334,1033,0.00607898532952714,0.1215797065905428,0.00607898532952714,0.00607898532952714,0.0,5.168488449436787,1.571032102016059,-1.9508548431278368e-06,-1.9508548431278368e-06,0.499979871760024,0.36890924394501523,0.0,0.335578052732712,0.36890924394501523,True,0.02352326173889223,0.009025546503942931,success,0.999959743520048,0.999959743520048,0.5,2.9092186644251395e-15,0.05,"[0.005, 0.0075, 0.01, 0.015, 0.02, 0.03, 0.05, 0.08]",0.05480781524925912,0.010058540729544683,False,7.348672049700768e-18,0.0030576110507418283,True,success,-1.1176693756953414e-17,2.5409441911364492e-17,0.012921221123591968,-1.2704720955682246e-18,0.0
0.5999420121259743,1.914235131809066e-19,0.01484046158914147,0.02895613609631786,9.73879237044445e-20,0.0008919669356024181,arith,0.18550576986426837,2.5827915980719207e-05,True,0.04826489145793931,0.3229166667,0.46,-3.9883753202782865e-18,-0.01995346465198886,4.809142038489203e-09,True,False,68,0.6458333334,1033,0.011149586695030226,0.1393698336878778,0.011149586695030226,0.011149586695030226,0.0,4.813136435893478,1.4630180421503705,-1.9508548431278368e-06,-1.9508548431278368e-06,0.4999798717600241,0.36890924394501523,0.0,0.335578052732712,0.36890924394501523,True,0.02895613609631786,0.009025546503942931,success,0.999959743520048,0.999959743520048,0.5,2.9092186644251395e-15,0.08,"[0.005, 0.0075, 0.01, 0.015, 0.02, 0.03, 0.05, 0.08]",0.060103719162957585,0.024736493343002135,False,3.1907002562226293e-19,0.008903416386667768,True,success,1.916286430734968e-17,-4.204114258394985e-17,0.03080407318971826,3.363291406715988e-18,0.0
0.28515552429578694,-8.988511597398019e-20,2.95277211139013e-05,0.003931913827508976,-1.536698014144655e-22,4.915286665364419e-07,typ,0.00590554422278026,1.9326483605716845e-09,True,0.013788664404167282,0.3229166667,0.46,6.304287191767248e-17,-0.022405798632815672,4.651853906172506e-09,True,False,69,0.6458333334,724,9.830573330728839e-05,0.019661146661457678,9.830573330728839e-05,9.830573330728839e-05,0.0,5.000401210194832,1.5199397079105559,-0.00012666517386847396,-0.00012666517386847396,0.49997799330974685,0.23837545762379564,0.0,0.2096209130288167,0.2096209130288167,True,0.003931913827508976,0.00279731626289599,success,0.9999559866194937,0.8192556868505046,0.5,2.210983227710783e-15,0.005,"[0.005, 0.0075, 0.01, 0.015, 0.02, 0.03, 0.05, 0.08]",0.016646346145047952,0.0001035495320906801,False,-3.152143595883624e-19,8.419992795494303e-06,True,success,-3.495522554417906e-18,7.816539637229101e-18,0.00012501003025487082,-3.908269818614551e-20,0.0
0.31166252247683046,-1.9764984428587064e-19,7.603023851884387e-05,0.0046769271464139174,-1.282957130069746e-21,1.4321946769960065e-06,typ,0.010137365135845849,6.698270163792135e-09,True,0.015006382895337083,0.3229166667,0.46,8.455720746278878e-17,-0.022385877134185644,4.651853906172506e-09,True,False,69,0.6458333334,724,0.00019095929026613422,0.02546123870215123,0.00019095929026613422,0.00019095929026613422,0.0,5.444010117128701,1.6547806464850257,-0.00012666517386847396,-0.00012666517386847396,0.4999779933097469,0.23837545762379564,0.0,0.2096209130288167,0.2096209130288167,True,0.0046769271464139174,0.00279731626289599,success,0.9999559866194937,0.8192556868505046,0.5,2.210983227710783e-15,0.0075,"[0.005, 0.0075, 0.01, 0.015, 0.02, 0.03, 0.05, 0.08]",0.018837171958115604,0.00024395053314277173,False,-6.341790559709158e-19,2.3695775921297956e-05,True,success,-1.5675839731481667e-17,3.657550039177516e-17,0.00030622556908848936,-2.743162529383137e-19,0.0
0.33577646754893375,-3.3966021184897453e-19,0.00014915181138967337,0.005420374634993854,-4.0763460586613204e-21,3.1002828480380595e-06,typ,0.014915181138967337,1.6804694510812003e-08,True,0.016142806774283328,0.3229166667,0.46,1.0115664576746278e-16,-0.02235465870495712,4.651853906172506e-09,True,False,69,0.6458333334,724,0.0003100282848038059,0.031002828480380593,0.0003100282848038059,0.0003100282848038059,0.0,5.719683706035154,1.7385753694658248,-0.00012666517386847396,-0.00012666517386847396,0.4999779933097469,0.23837545762379564,0.0,0.2096209130288167,0.2096209130288167,True,0.005420374634993854,0.00279731626289599,success,0.9999559866194937,0.8192556868505046,0.5,2.210983227710783e-15,0.01,"[0.005, 0.0075, 0.01, 0.015, 0.02, 0.03, 0.05, 0.08]",0.02078608914737397,0.00044419971559780914,False,-1.0115664576746279e-18,5.0081668356949345e-05,True,success,-3.144529946842945e-17,7.520413870186193e-17,0.0005719683706035155,-7.520413870186193e-19,0.0
0.37736879281006874,-4.607888825113317e-19,0.0003839309083093926,0.00686899511553228,-8.47033141201038e-22,9.313898791932589e-06,typ,0.02559539388729284,6.397712530834696e-08,True,0.01820234011504357,0.3229166667,0.46,8.140381350916294e-17,-0.0222539004472792,4.651853906172506e-09,True,False,69,0.6458333334,724,0.0006209265861288393,0.04139510574192262,0.0006209265861288393,0.0006209265861288393,0.0,6.026369948687161,1.8317968088027925,-0.00012666517386847396,-0.00012666517386847396,0.49997799330974696,0.23837545762379564,0.0,0.2096209130288167,0.2096209130288167,True,0.00686899511553228,0.00279731626289599,success,0.9999559866194937,0.8192556868505046,0.5,2.210983227710783e-15,0.015,"[0.005, 0.0075, 0.01, 0.015, 0.02, 0.03, 0.05, 0.08]",0.024259309657942252,0.0010173891313334609,False,-1.221057202637444e-18,0.00014488354339118868,True,success,-3.3487909857966106e-18,8.220835090183847e-18,0.0013559332384546108,-1.2331252635275769e-19,0.0
0.4118249030548511,-1.4775576322141816e-20,0.0007451359303967148,0.008257283224384866,-6.80464803415229e-21,2.039831491029751e-05,typ,0.03725679651983574,1.684346635145193e-07,True,0.020050470875203667,0.3229166667,0.46,1.7939148667964174e-18,-0.022097085490835274,4.651853906172506e-09,True,False,69,0.6458333334,724,0.0010199157455148755,0.05099578727574377,0.0010199157455148755,0.0010199157455148755,0.0,6.1758554103057,1.8772349405283273,-0.00012666517386847396,-0.00012666517386847396,0.4999779933097469,0.23837545762379564,0.0,0.2096209130288167,0.2096209130288167,True,0.008257283224384866,0.00279731626289599,success,0.9999559866194937,0.8192556868505046,0.5,2.210983227710783e-15,0.02,"[0.005, 0.0075, 0.01, 0.015, 0.02, 0.03, 0.05, 0.08]",0.02737529365875207,0.001809351316225454,False,-3.587829733592835e-20,0.00030686553229831336,True,success,-1.6580206296443255e-17,4.1203915678084355e-17,0.0024703421641222804,-8.240783135616871e-19,0.0
0.4656570351325921,-1.9310772321248183e-18,0.001865483767642841,0.010861020933458473,1.454154230871312e-20,6.131146054232344e-05,typ,0.06218279225476137,6.65905056411088e-07,True,0.023324077838458693,0.3229166667,0.46,1.3823315490659054e-16,-0.0216011808655068,4.651853906172506e-09,True,False,69,0.6458333334,724,0.0020437153514107818,0.06812384504702607,0.0020437153514107818,0.0020437153514107818,0.0,6.27232425610779,1.9065579534521613,-0.00012666517386847396,-0.00012666517386847396,0.49997799330974685,0.23837545762379564,0.0,0.2096209130288167,0.2096209130288167,True,0.010861020933458473,0.00279731626289599,success,0.9999559866194937,0.8192556868505046,0.5,2.210983227710783e-15,0.03,"[0.005, 0.0075, 0.01, 0.015, 0.02, 0.03, 0.05, 0.08]",0.03286625250017288,0.004006132468527313,False,-4.146994647197716e-18,0.0008686756403285428,True,success,1.7819861115232062e-17,-4.462914489593524e-17,0.005645091830497011,1.3388743468780573e-18,0.0
0.5371828828017549,-1.830270892277534e-18,0.005721903302995868,0.015446106882555726,-1.1841445148204269e-19,0.00023600839763832782,typ,0.11443806605991737,3.645410935102324e-06,True,0.02875390742533404,0.3229166667,0.46,6.814330653022644e-17,-0.019837295592073118,4.651853906172506e-09,True,False,69,0.6458333334,724,0.004720167952766556,0.09440335905533111,0.004720167952766556,0.004720167952766556,0.0,6.111789836307999,1.8577613411638088,-0.00012666517386847396,-0.00012666517386847396,0.4999779933097468,0.23837545762379564,0.0,0.2096209130288167,0.2096209130288167,True,0.015446106882555726,0.00279731626289599,success,0.9999559866194937,0.8192556868505046,0.5,2.210983227710783e-15,0.05,"[0.005, 0.0075, 0.01, 0.015, 0.02, 0.03, 0.05, 0.08]",0.041246484804236164,0.010651685833979772,False,-3.4071653265113217e-18,0.0030737085114162037,True,success,-6.201995711405006e-17,1.5332595116996852e-16,0.01527947459077,-7.666297558498425e-18,0.0
0.5991175637466719,1.2995585484184553e-18,0.015283148543339438,0.020838394203289808,8.377743383152714e-20,0.0007241942361244772,typ,0.19103935679174297,1.5091044972112197e-05,True,0.034781811557941605,0.3229166667,0.46,-2.7114013739879993e-17,-0.01523778856624078,4.651853906172506e-09,True,False,69,0.6458333334,724,0.009052427951555966,0.11315534939444957,0.009052427951555966,0.009052427951555966,0.0,5.430137672344516,1.650563928908386,-0.00012666517386847396,-0.00012666517386847396,0.49997799330974685,0.23837545762379564,0.0,0.2096209130288167,0.2096209130288167,True,0.020838394203289808,0.00279731626289599,success,0.9999559866194937,0.8192556868505046,0.5,2.210983227710783e-15,0.08,"[0.005, 0.0075, 0.01, 0.015, 0.02, 0.03, 0.05, 0.08]",0.047385146723584584,0.0255094316510502,False,2.1691210991903996e-18,0.009156402721664021,True,success,2.1565890550613577e-17,-5.0254252447569224e-17,0.0347528811030049,4.020340195805538e-18,0.0
0.33961203239001286,-2.9266627179224697e-19,3.280252992636052e-05,0.007734288251883411,-5.4192640896183575e-21,8.990862749258701e-07,arith,0.006560505985272104,6.953792413588776e-09,True,0.02277389348502617,0.3229166667,0.44,1.7235329957694016e-16,-0.02665347376227177,4.813270462712367e-09,True,False,70,0.6458333334,1057,0.000179817254985174,0.0359634509970348,0.000179817254985174,0.000179817254985174,0.0,4.649872079473788,1.413391628633228,-1.925094835073611e-06,-1.925094835073611e-06,0.49997987332056043,0.2948345413359912,0.0,0.2692619462620597,0.2948345413359912,True,0.007734288251883411,0.005638181637520968,success,0.999959746641121,0.999959746641121,0.5,3.1796440708703315e-15,0.005,"[0.005, 0.0075, 0.01, 0.015, 0.02, 0.03, 0.05, 0.08]",0.02740905280611765,9.658824422536909e-05,False,-8.617664978847009e-19,1.1140133855825516e-05,True,success,-6.498744374066492e-17,1.401360775065162e-16,0.0001162468019868447,-7.006803875325811e-19,0.0
0.36072255973502076,-1.9587636905255695e-19,8.076770134893354e-05,0.008888691576430198,-1.0553170254951527e-20,2.4763567585218686e-06,arith,0.010769026846524473,2.2011571459709322e-08,True,0.024641352021231064,0.3229166667,0.44,7.240148557992182e-17,-0.02663190472811776,4.813270462712367e-09,True,False,70,0.6458333334,1057,0.0003301809011362492,0.044024120151499896,0.0003301809011362492,0.0003301809011362492,0.0,4.95282345809331,1.5054778054366522,-1.925094835073611e-06,-1.925094835073611e-06,0.49997987332056043,0.2948345413359912,0.0,0.2692619462620597,0.2948345413359912,True,0.008888691576430198,0.005638181637520968,success,0.999959746641121,0.999959746641121,0.5,3.1796440708703315e-15,0.0075,"[0.005, 0.0075, 0.01, 0.015, 0.02, 0.03, 0.05, 0.08]",0.0306602356779164,0.00022390532327189018,False,-5.430111418494136e-19,2.9134731974500996e-05,True,success,-7.113075528833763e-17,1.5830106773622285e-16,0.00027859631951774867,-1.1872580080216715e-18,0.0
0.37916613223469603,2.0667603913003823e-19,0.00015370860585216955,0.009980834749131418,2.3293406049488745e-21,5.13726594361288e-06,arith,0.015370860585216955,5.127420244554083e-08,True,0.02632311775924514,0.3229166667,0.44,-5.4508043192557615e-17,-0.02659930220392047,4.813270462712367e-09,True,False,70,0.6458333334,1057,0.000513726594361288,0.0513726594361288,0.000513726594361288,0.000513726594361288,0.0,5.147130548434288,1.5645400785869916,-1.925094835073611e-06,-1.925094835073611e-06,0.49997987332056054,0.2948345413359912,0.0,0.2692619462620597,0.2948345413359912,True,0.009980834749131418,0.005638181637520968,success,0.999959746641121,0.999959746641121,0.5,3.1796440708703315e-15,0.01,"[0.005, 0.0075, 0.01, 0.015, 0.02, 0.03, 0.05, 0.08]",0.033422110070750924,0.0004053859055033615,False,5.4508043192557615e-19,5.828109757215449e-05,True,success,1.0286876844833475e-17,-2.3338134169104297e-17,0.0005147130548434288,2.33381341691043e-19,0.0
0.4102983011352914,9.077096928821297e-19,0.0003819026541959587,0.012003770848460143,1.1846219209665426e-20,1.4512726916120404e-05,arith,0.025460176946397246,1.7420744828738896e-07,True,0.029256204120869683,0.3229166667,0.44,-1.4748776526257535e-16,-0.026497656210981976,4.813270462712367e-09,True,False,70,0.6458333334,1057,0.0009675151277413603,0.06450100851609068,0.0009675151277413603,0.0009675151277413603,0.0,5.373395521321948,1.633316383196329,-1.925094835073611e-06,-1.925094835073611e-06,0.4999798733205605,0.2948345413359912,0.0,0.2692619462620597,0.2948345413359912,True,0.012003770848460143,0.005638181637520968,success,0.999959746641121,0.999959746641121,0.5,3.1796440708703315e-15,0.015,"[0.005, 0.0075, 0.01, 0.015, 0.02, 0.03, 0.05, 0.08]",0.03800111561590184,0.0009307926772770878,False,2.21231647893863e-18,0.0001566940102156605,True,success,2.8382222811234395e-17,-6.579165474591996e-17,0.0012090139922974381,9.868748211887994e-19,0.0
0.43606899046345526,-5.748455096149948e-19,0.0007286092444742888,0.013852932197697237,2.8712676472181884e-21,3.0410753793810264e-05,arith,0.03643046222371444,4.212781103865176e-07,True,0.031767753499221084,0.3229166667,0.44,6.591222056446246e-17,-0.02634324000163433,4.813270462712367e-09,True,False,70,0.6458333334,1057,0.0015205376896905132,0.07602688448452566,0.0015205376896905132,0.0015205376896905132,0.0,5.488143838397155,1.6681956891174081,-1.925094835073611e-06,-1.925094835073611e-06,0.49997987332056054,0.2948345413359912,0.0,0.2692619462620597,0.2948345413359912,True,0.013852932197697237,0.005638181637520968,success,0.999959746641121,0.999959746641121,0.5,3.1796440708703315e-15,0.02,"[0.005, 0.0075, 0.01, 0.015, 0.02, 0.03, 0.05, 0.08]",0.04173808392419238,0.0016708577321673825,False,-1.3182444112892492e-18,0.00031772389768024395,True,success,4.423736298921622e-18,-1.036339312949022e-17,0.002195257535358862,2.0726786258980443e-19,0.0
0.47732029807761966,-2.2150492151252363e-19,0.0018042612447844,0.017153447144153507,-2.3871832320746913e-20,8.587622701252744e-05,arith,0.06014204149281333,1.4730733209987172e-06,True,0.035936974005166,0.3229166667,0.44,1.54686432014046e-17,-0.02586198415668224,4.813270462712367e-09,True,False,70,0.6458333334,1057,0.0028625409004175814,0.09541803001391938,0.0028625409004175814,0.0028625409004175814,0.0,5.562615444700349,1.6908323430125654,-1.925094835073611e-06,-1.925094835073611e-06,0.4999798733205605,0.2948345413359912,0.0,0.2692619462620597,0.2948345413359912,True,0.017153447144153507,0.005638181637520968,success,0.999959746641121,0.999959746641121,0.5,3.1796440708703315e-15,0.03,"[0.005, 0.0075, 0.01, 0.015, 0.02, 0.03, 0.05, 0.08]",0.047596337426617626,0.003779980135039217,False,-4.64059296042138e-19,0.0008612105151703869,True,success,-1.9668605663869268e-17,4.638879505313361e-17,0.005006353900230314,-1.3916638515940083e-18,0.0
0.5358100956224207,-9.669436695589732e-19,0.005558919470375948,0.022583081301998025,-2.748811977476933e-19,0.0003077803843911625,arith,0.11117838940751895,6.950629443865827e-06,True,0.04214754721216016,0.3229166667,0.44,3.609277531195931e-17,-0.024153480340030224,4.813270462712367e-09,True,False,70,0.6458333334,1057,0.00615560768782325,0.123112153756465,0.00615560768782325,0.00615560768782325,0.0,5.451521522245626,1.6570638398568176,-1.925094835073611e-06,-1.925094835073611e-06,0.4999798733205605,0.2948345413359912,0.0,0.2692619462620597,0.2948345413359912,True,0.022583081301998025,0.005638181637520968,success,0.999959746641121,0.999959746641121,0.5,3.1796440708703315e-15,0.05,"[0.005, 0.0075, 0.01, 0.015, 0.02, 0.03, 0.05, 0.08]",0.055366944247232895,0.010374794196287888,False,-1.8046387655979656e-18,0.002978525172979473,True,success,-1.0426366014540552e-16,2.434399399017116e-16,0.013628803805614065,-1.2171996995085581e-17,0.0
0.5911566907388722,-3.4685398508204126e-18,0.01496778761448044,0.02859357790778175,-3.5851597083955297e-19,0.0009171859703187009,arith,0.1870973451810055,2.6225628498232174e-05,True,0.048368864559484796,0.3229166667,0.44,7.334222688246093e-17,-0.019662180142743468,4.813270462712367e-09,True,False,70,0.6458333334,1057,0.011464824628983761,0.143310307862297,0.01146482462898376,0.011464824628983761,0.0,5.011975357700691,1.5234578268853898,-1.925094835073611e-06,-1.925094835073611e-06,0.4999798733205605,0.2948345413359912,0.0,0.2692619462620597,0.2948345413359912,True,0.02859357790778175,0.005638181637520968,success,0.999959746641121,0.999959746641121,0.5,3.1796440708703315e-15,0.08,"[0.005, 0.0075, 0.01, 0.015, 0.02, 0.03, 0.05, 0.08]",0.06127732394007103,0.025319492867064686,False,-5.867378150596875e-18,0.008848307793858536,True,success,-7.000765885699124e-17,1.5672923654212523e-16,0.03207664228928442,-1.2538338923370018e-17,1.513083306648514e-16
0.20198308286258562,-3.831708426474528e-19,2.6019637894647863e-05,0.0021202892964450725,-3.658590768753631e-21,3.7968449258204585e-07,typ,0.005203927578929572,8.050409656478904e-10,True,0.010497360800694189,0.3229166667,0.44,3.7940884673805473e-16,-0.022467102250881676,4.825102626476729e-09,True,False,71,0.6458333334,1115,7.593689851640917e-05,0.015187379703281833,7.593689851640917e-05,7.593689851640917e-05,0.0,7.162880899670321,2.1772547131310707,-0.00011532809039256067,-0.00011532809039256067,0.49997796539442463,0.08927203429604737,0.0,0.07930312623379698,0.07930312623379698,True,0.0021202892964450725,0.00039408212664348934,success,0.9999559307888491,0.8317484973736292,0.5,2.0790451048904196e-15,0.005,"[0.005, 0.0075, 0.01, 0.015, 0.02, 0.03, 0.05, 0.08]",0.014592228151651006,0.0001288208771045925,False,-1.8970442336902738e-18,5.255526676929132e-06,True,success,-1.2894510018643825e-16,3.451029795686571e-16,0.00017907202249175803,-1.7255148978432856e-18,0.0
0.24243527765389108,-5.506243552744986e-19,7.032125396892862e-05,0.003023316014060146,-3.456787779859103e-21,1.2181947607005793e-06,typ,0.00937616719585715,3.682987728270229e-09,True,0.012470610891771022,0.3229166667,0.44,3.028296104995021e-16,-0.022449021041945072,4.825102626476729e-09,True,False,71,0.6458333334,1115,0.0001624259680934106,0.02165679574578808,0.0001624259680934106,0.0001624259680934106,0.0,7.163259032490024,2.1773696517256695,-0.00011532809039256067,-0.00011532809039256067,0.4999779653944246,0.08927203429604737,0.0,0.07930312623379698,0.07930312623379698,True,0.003023316014060146,0.00039408212664348934,success,0.9999559307888491,0.8317484973736292,0.5,2.0790451048904196e-15,0.0075,"[0.005, 0.0075, 0.01, 0.015, 0.02, 0.03, 0.05, 0.08]",0.017323279832848794,0.0002900619689075187,False,-2.2712220787462656e-18,1.7048352730927e-05,True,success,-5.696034120180852e-17,1.5245016901014494e-16,0.00040293332057756386,-1.143376267576087e-18,0.0
0.2759934648376601,-6.3019251275719955e-19,0.00014137785634863015,0.0038885434227890494,-6.3792168840089494e-21,2.7753259754717756e-06,typ,0.014137785634863015,1.0791975568016376e-08,True,0.014089259052116682,0.3229166667,0.44,2.283360271330628e-16,-0.02241973275123054,4.825102626476729e-09,True,False,71,0.6458333334,1115,0.0002775325975471776,0.027753259754717756,0.0002775325975471776,0.0002775325975471776,0.0,7.137186534183484,2.169444562558875,-0.00011532809039256067,-0.00011532809039256067,0.4999779653944245,0.08927203429604737,0.0,0.07930312623379698,0.07930312623379698,True,0.0038885434227890494,0.00039408212664348934,success,0.9999559307888491,0.8317484973736292,0.5,2.0790451048904196e-15,0.01,"[0.005, 0.0075, 0.01, 0.015, 0.02, 0.03, 0.05, 0.08]",0.01963055634842823,0.0005122507390955394,False,-2.2833602713306277e-18,3.901936442497941e-05,True,success,-6.140686006519188e-17,1.6405157896972822e-16,0.0007137186534183483,-1.6405157896972821e-18,0.0
0.3299615402778787,-8.131776862859922e-20,0.0003728973842717678,0.005529235856181393,-1.0164395553418017e-20,8.801570188525265e-06,typ,0.024859825618117854,4.866595747709111e-08,True,0.01675721313315764,0.3229166667,0.44,1.642974684466096e-17,-0.022322789440452996,4.825102626476729e-09,True,False,71,0.6458333334,1115,0.0005867713459016844,0.03911808972677896,0.0005867713459016844,0.0005867713459016844,0.0,7.074773213562053,2.1504731879976386,-0.00011532809039256067,-0.00011532809039256067,0.49997796539442463,0.08927203429604737,0.0,0.07930312623379698,0.07930312623379698,True,0.005529235856181393,0.00039408212664348934,success,0.9999559307888491,0.8317484973736292,0.5,2.0790451048904196e-15,0.015,"[0.005, 0.0075, 0.01, 0.015, 0.02, 0.03, 0.05, 0.08]",0.023603196374557236,0.001130123783389211,False,-2.464462026699144e-19,0.00012304179527990452,True,success,-4.6075379542737e-17,1.2255334875438844e-16,0.0015918239730514617,-1.8383002313158267e-18,0.0
0.3724327880394527,-1.3732564822556988e-18,0.0007324803748606995,0.007075758702973915,1.3525192260654934e-20,1.984173563409686e-05,typ,0.03662401874303498,1.4039533359506852e-07,True,0.018998753413258455,0.3229166667,0.44,1.8436299466069382e-16,-0.022169415051164345,4.825102626476729e-09,True,False,71,0.6458333334,1115,0.0009920867817048429,0.049604339085242144,0.0009920867817048429,0.0009920867817048429,0.0,7.010462222855851,2.130924990898947,-0.00011532809039256067,-0.00011532809039256067,0.49997796539442463,0.08927203429604737,0.0,0.07930312623379698,0.07930312623379698,True,0.007075758702973915,0.00039408212664348934,success,0.9999559307888491,0.8317484973736292,0.5,2.0790451048904196e-15,0.02,"[0.005, 0.0075, 0.01, 0.015, 0.02, 0.03, 0.05, 0.08]",0.02708841945133381,0.0019667451373349713,False,-3.687259893213877e-18,0.00027279970819355377,True,success,3.609666764443291e-17,-9.55741485006431e-17,0.002804184889142341,1.911482970012862e-18,0.0
0.4364268354901874,1.1661304812228194e-18,0.0018558353936701613,0.009950210315327621,9.460702127854016e-21,6.15181540082264e-05,typ,0.06186117978900538,6.121185705925675e-07,True,0.02279926325830012,0.3229166667,0.44,-8.906651213851542e-17,-0.02167837352070064,4.825102626476729e-09,True,False,71,0.6458333334,1115,0.0020506051336075465,0.06835350445358489,0.0020506051336075465,0.0020506051336075465,0.0,6.869553736798002,2.0880939471210542,-0.00011532809039256067,-0.00011532809039256067,0.4999779653944246,0.08927203429604737,0.0,0.07930312623379698,0.07930312623379698,True,0.009950210315327621,0.00039408212664348934,success,0.9999559307888491,0.8317484973736292,0.5,2.0790451048904196e-15,0.03,"[0.005, 0.0075, 0.01, 0.015, 0.02, 0.03, 0.05, 0.08]",0.03314849701544169,0.0042523402383946385,False,2.6719953641554624e-18,0.0008099363680501546,True,success,1.209220750430147e-17,-3.16934745700147e-17,0.006182598363118201,9.508042371004408e-19,0.0
0.5188925437202648,9.492637449452416e-19,0.005746785690335919,0.014992462405788566,6.89921837038521e-20,0.00024336109245483983,typ,0.11493571380671838,3.6485820296608217e-06,True,0.028893192988086198,0.3229166667,0.44,-3.658806650561508e-17,-0.01991297388806064,4.825102626476729e-09,True,False,71,0.6458333334,1115,0.004867221849096796,0.09734443698193591,0.004867221849096796,0.004867221849096796,0.0,6.492891851064531,1.9736024628346434,-0.00011532809039256067,-0.00011532809039256067,0.4999779653944246,0.08927203429604737,0.0,0.07930312623379698,0.07930312623379698,True,0.014992462405788566,0.00039408212664348934,success,0.9999559307888491,0.8317484973736292,0.5,2.0790451048904196e-15,0.05,"[0.005, 0.0075, 0.01, 0.015, 0.02, 0.03, 0.05, 0.08]",0.042347340855965435,0.011075097840361363,False,1.8294033252807543e-18,0.0029819642450736234,True,success,3.611917598334049e-17,-9.203582685285151e-17,0.01623222962766133,4.601791342642576e-18,0.0
0.5890767121797811,3.862658076372544e-19,0.015417820061160584,0.02094305116168904,1.2216653383961595e-19,0.000759343639238217,typ,0.1927227507645073,1.5902972685869127e-05,True,0.03555233253779926,0.3229166667,0.44,-8.196424159426146e-18,-0.015279842324409173,4.825102626476729e-09,True,False,71,0.6458333334,1115,0.009491795490477713,0.1186474436309714,0.009491795490477713,0.009491795490477713,0.0,5.665241550286248,1.7220269384842657,-0.00011532809039256067,-0.00011532809039256067,0.4999779653944246,0.08927203429604737,0.0,0.07930312623379698,0.07930312623379698,True,0.02094305116168904,0.00039408212664348934,success,0.9999559307888491,0.8317484973736292,0.5,2.0790451048904196e-15,0.08,"[0.005, 0.0075, 0.01, 0.015, 0.02, 0.03, 0.05, 0.08]",0.0492510378397202,0.026172856170310125,False,6.557139327540917e-19,0.009082278750607948,True,success,3.063466217918373e-17,-7.291591187957741e-17,0.03625754592183198,5.833272950366193e-18,0.0
