L11,L12,L22,branch,cauchy_schwarz_determinant,cauchy_schwarz_ok,chemical_potential,disorder_full_width,final_residual,half_filling,ill_conditioned,index,interaction,iterations,kappa_e,kappa_half_filling_formula,kappa_half_relative_difference,lorenz,lorenz_over_L0,max_imag_sigma_global,max_imag_sigma_relevant,rho_arith_zero,rho_floor_count_final,rho_typ_zero,rho_zero,sigma,sigma_T0,status,sum_rule_arith_bath,sum_rule_medium,target_filling,tau_symmetry_relative_error,temperature,temperatures,thermopower
16.934022989418434,1.3877787807814457e-17,0.005469669136196918,arith,0.09262350289687109,True,0.0,0.0,1.734723475976807e-16,True,False,0,0.0,1,0.5469669136196919,0.5469669136196919,0.0,3.2299880185675613,0.9817986275755037,5.551115123125783e-17,5.551115123125783e-17,1.2706956121222355,0.0,1.2706956121222355,1.2706956121222355,16.934022989418434,0.5725554680697389,success,0.9998401945080955,0.9998401945080955,0.5,3.280304341821906e-16,0.01,"[0.01, 0.02]",-8.195210208753272e-17
16.769336881085692,-2.7755575615628914e-17,0.021592381482472577,arith,0.3620899191444991,True,0.0,0.0,1.734723475976807e-16,True,False,0,0.0,1,1.079619074123629,1.079619074123629,0.0,3.2190273288067295,0.978466977395192,5.551115123125783e-17,5.551115123125783e-17,1.2706956121222355,0.0,1.2706956121222355,1.2706956121222355,16.769336881085692,0.5725554680697389,success,0.9998401945080955,0.9998401945080955,0.5,3.280304341821906e-16,0.02,"[0.01, 0.02]",8.27569265631926e-17
16.931385334163345,5.828670879282072e-16,0.00546837196707789,typ,0.09258711292513254,True,0.0,0.0,9.383217145080387e-09,True,False,1,0.0,280,0.546837196707789,0.546837196707789,0.0,3.229725069244079,0.9817187005654242,7.06612628409431e-08,7.06612628409431e-08,1.2706956121222353,0.0,1.2706956121222353,1.2706956121222353,16.931385334163345,0.5725554680697389,success,0.9998284650485001,0.9998284650485001,0.5,1.9354439622362648e-13,0.01,"[0.01, 0.02]",-3.442524497697927e-15
16.7667066359791,-2.220446049250313e-16,0.021593027929733943,typ,0.3620439646803522,True,0.0,0.0,9.383217145080387e-09,True,False,1,0.0,280,1.0796513964866972,1.0796513964866972,0.0,3.2196286961027583,0.9786497711339043,7.06612628409431e-08,7.06612628409431e-08,1.2706956121222353,0.0,1.2706956121222353,1.2706956121222353,16.7667066359791,0.5725554680697389,success,0.9998284650485001,0.9998284650485001,0.5,1.9354439622362648e-13,0.02,"[0.01, 0.02]",6.621592711849369e-16
1.1951810380819876,6.938893903907228e-18,0.0003916316582267555,arith,0.00046807073182522386,True,0.0,0.2,9.46098495923326e-09,True,False,2,0.0,652,0.03916316582267555,0.03916316582267555,0.0,3.2767559536858233,0.9960143752035748,-2.109141267938458e-07,-2.109141267938458e-07,1.237851847806906,0.0,1.2365114816334841,1.237851847806906,1.1951810380819876,1.1961188747347453,success,0.9998401664281786,0.9998401664281786,0.5,1.5951193004852155e-14,0.01,"[0.01, 0.02]",-5.805726231268431e-16
1.1907133980530251,1.0408340855860843e-17,0.001541807374396245,arith,0.0018358506979105655,True,0.0,0.2,9.46098495923326e-09,True,False,2,0.0,652,0.07709036871981224,0.07709036871981224,0.0,3.237150469872316,0.9839757517074388,-2.109141267938458e-07,-2.109141267938458e-07,1.237851847806906,0.0,1.2365114816334841,1.237851847806906,1.1907133980530251,1.1961188747347453,success,0.9998401664281786,0.9998401664281786,0.5,1.5951193004852155e-14,0.02,"[0.01, 0.02]",-4.370632291901588e-16
1.1711904031504559,3.469446951953614e-18,0.0003835995009850661,typ,0.00044926805420701324,True,0.0,0.2,7.653298123276909e-09,True,False,3,0.0,397,0.03835995009850661,0.03835995009850661,0.0,3.275295801205326,0.9955705420707079,-5.7545090306363074e-05,-5.7545090306363074e-05,1.2384880337961506,0.0,1.2371441311874285,1.2371441311874285,1.1711904031504559,1.1723710779604963,success,0.999828759456179,0.973347158177823,0.5,8.138542078607281e-15,0.01,"[0.01, 0.02]",-2.96232529110633e-16
1.1663284502814601,0.0,0.0015075493835366805,typ,0.001758297736223107,True,0.0,0.2,7.653298123276909e-09,True,False,3,0.0,397,0.07537746917683402,0.07537746917683402,0.0,3.2313997467284543,0.9822277414802325,-5.7545090306363074e-05,-5.7545090306363074e-05,1.2384880337961506,0.0,1.2371441311874285,1.2371441311874285,1.1663284502814601,1.1723710779604963,success,0.999828759456179,0.973347158177823,0.5,8.138542078607281e-15,0.02,"[0.01, 0.02]",-0.0
0.32669719727834134,1.3010426069826053e-18,0.00010716104712311848,arith,3.500921375253507e-05,True,0.0,0.4,9.360363959242374e-09,True,False,4,0.0,565,0.010716104712311847,0.010716104712311847,0.0,3.2801336532991066,0.9970410727719933,-8.449454214215502e-07,-8.449454214215502e-07,1.1501106087500714,0.0,1.1326416400278665,1.1501106087500714,0.32669719727834134,0.32699883377120403,success,0.9998400813851455,0.9998400813851455,0.5,4.413746420339073e-15,0.01,"[0.01, 0.02]",-3.9824112903978656e-16
0.3257890301535894,8.673617379884035e-19,0.0004235964421757923,arith,0.00013800307407296238,True,0.0,0.4,9.360363959242374e-09,True,False,4,0.0,565,0.021179822108789614,0.021179822108789614,0.0,3.2505425518478375,0.988046456499024,-8.449454214215502e-07,-8.449454214215502e-07,1.1501106087500714,0.0,1.1326416400278665,1.1501106087500714,0.3257890301535894,0.32699883377120403,success,0.9998400813851455,0.9998400813851455,0.5,4.413746420339073e-15,0.02,"[0.01, 0.02]",-1.3311708770235388e-16
0.2981666960581121,4.336808689942018e-19,9.76506044106115e-05,typ,2.9116158085189738e-05,True,0.0,0.4,7.751554077181835e-09,True,False,5,0.0,382,0.00976506044106115,0.00976506044106115,0.0,3.2750339223526024,0.9954909404447214,-0.0002564133280477869,-0.0002564133280477869,1.1574778408436033,0.0,1.1393872133125889,1.1393872133125889,0.2981666960581121,0.2985870160402745,success,0.9998296419626724,0.8939645829939816,0.5,2.2309537219972197e-15,0.01,"[0.01, 0.02]",-1.4544913121674671e-16
0.2969070441013437,-8.673617379884035e-19,0.00038365190220517227,typ,0.0001139089522475955,True,0.0,0.4,7.751554077181835e-09,True,False,5,0.0,382,0.01918259511025861,0.01918259511025861,0.0,3.230404177226423,0.9819251246392003,-0.0002564133280477869,-0.0002564133280477869,1.1574778408436033,0.0,1.1393872133125889,1.1393872133125889,0.2969070441013437,0.2985870160402745,success,0.9998296419626724,0.8939645829939816,0.5,2.2309537219972197e-15,0.02,"[0.01, 0.02]",1.4606621082596236e-16
0.15247523590683268,-2.168404344971009e-19,5.006491384287843e-05,arith,7.633659548848141e-06,True,0.0,0.6,9.324820232213013e-09,True,False,6,0.0,481,0.005006491384287843,0.005006491384287843,0.0,3.2834783658554048,0.9980577434774358,-1.9059822246138888e-06,-1.9059822246138888e-06,1.033309163379056,0.0,0.9700126510690718,1.033309163379056,0.15247523590683268,0.15256751391491336,success,0.9998399222939223,0.9998399222939223,0.5,3.8203879251337294e-15,0.01,"[0.01, 0.02]",1.422135425516557e-16
0.15219645294110584,0.0,0.00019870175821049295,arith,3.0241702792798282e-05,True,0.0,0.6,9.324820232213013e-09,True,False,6,0.0,481,0.009935087910524647,0.009935087910524647,0.0,3.263902580689296,0.992107418306161,-1.9059822246138888e-06,-1.9059822246138888e-06,1.033309163379056,0.0,0.9700126510690718,1.033309163379056,0.15219645294110584,0.15256751391491336,success,0.9998399222939223,0.9998399222939223,0.5,3.8203879251337294e-15,0.02,"[0.01, 0.02]",-0.0
0.12042066512398014,-1.0842021724855044e-19,3.942411960539778e-05,typ,4.747478704809346e-06,True,0.0,0.6,8.82407852742361e-09,True,False,7,0.0,321,0.003942411960539778,0.003942411960539778,0.0,3.2738666212155807,0.9951361234461112,-0.0007324571957580349,-0.0007324571957580349,1.0568565869891933,0.0,0.9844672831670083,0.9844672831670083,0.12042066512398014,0.12060384133663705,success,0.9998311098108135,0.7619473661552119,0.5,1.3808304266937468e-15,0.01,"[0.01, 0.02]",9.003456104226419e-17
0.11987217282871421,0.0,0.00015467417228890785,typ,1.854112911275428e-05,True,0.0,0.6,8.82407852742361e-09,True,False,7,0.0,321,0.007733708614445392,0.007733708614445392,0.0,3.225814812540404,0.9805301250527391,-0.0007324571957580349,-0.0007324571957580349,1.0568565869891933,0.0,0.9844672831670083,0.9844672831670083,0.11987217282871421,0.12060384133663705,success,0.9998311098108135,0.7619473661552119,0.5,1.3808304266937468e-15,0.02,"[0.01, 0.02]",-0.0
0.08884292881997874,1.0842021724855044e-19,2.9193769345897044e-05,arith,2.5936599719844086e-06,True,0.0,0.8,9.390780659688151e-09,True,False,8,0.0,418,0.0029193769345897042,0.0029193769345897042,0.0,3.285998079267737,0.9988236445135668,-3.40057780409621e-06,-3.40057780409621e-06,0.913046578768256,0.0,0.7830573106857758,0.913046578768256,0.08884292881997874,0.08887546438359764,success,0.9998396517572984,0.9998396517572984,0.5,2.8106765154271524e-15,0.01,"[0.01, 0.02]",-1.2203584313191756e-16
0.08874441482562712,-2.168404344971009e-19,0.0001162225777651658,arith,1.031410465329558e-05,True,0.0,0.8,9.390780659688151e-09,True,False,8,0.0,418,0.00581112888825829,0.00581112888825829,0.0,3.274081473001152,0.9952014305577764,-3.40057780409621e-06,-3.40057780409621e-06,0.913046578768256,0.0,0.7830573106857758,0.913046578768256,0.08874441482562712,0.08887546438359764,success,0.9998396517572984,0.9998396517572984,0.5,2.8106765154271524e-15,0.02,"[0.01, 0.02]",1.2217131349796388e-16
0.053299390317699605,-1.0842021724855044e-19,1.743559343999743e-05,typ,9.293065001791458e-07,True,0.0,0.8,8.320241007026878e-09,True,False,9,0.0,200,0.0017435593439997432,0.0017435593439997432,0.0,3.2712557003128495,0.9943424986573275,-0.002006607678436338,-0.002006607678436338,0.9570427908987469,0.0,0.7807014042800469,0.7807014042800469,0.053299390317699605,0.053393747059056626,success,0.9998331446067559,0.578618323147736,0.5,1.2995705089272727e-15,0.01,"[0.01, 0.02]",2.0341736857081154e-16
0.05301723747887742,1.0842021724855044e-19,6.819108530139084e-05,typ,3.6153029633662255e-06,True,0.0,0.8,8.320241007026878e-09,True,False,9,0.0,200,0.003409554265069542,0.003409554265069542,0.0,3.2155148280103627,0.9773993051804943,-0.002006607678436338,-0.002006607678436338,0.9570427908987469,0.0,0.7807014042800469,0.7807014042800469,0.05301723747887742,0.053393747059056626,success,0.9998331446067559,0.578618323147736,0.5,1.2995705089272727e-15,0.02,"[0.01, 0.02]",-1.0224996850481516e-16
0.058276977453429746,1.0842021724855044e-19,1.915902115318978e-05,arith,1.1165298437742243e-06,True,0.0,1.0,9.205650664644945e-09,True,False,10,0.0,372,0.0019159021153189778,0.0019159021153189778,0.0,3.287579759691573,0.9993044177116276,-5.338061915451629e-06,-5.338061915451629e-06,0.8041211829716183,0.0,0.6083738008070596,0.8041211829716183,0.058276977453429746,0.0582895944997958,success,0.9998393870370901,0.9998393870370901,0.5,2.6189179594737753e-15,0.01,"[0.01, 0.02]",-1.860429658267557e-16
0.0582387555289126,2.168404344971009e-19,7.642154081066916e-05,arith,4.450695432415378e-06,True,0.0,1.0,9.205650664644945e-09,True,False,10,0.0,372,0.003821077040533458,0.003821077040533458,0.0,3.2805277223312976,0.9971608553943284,-5.338061915451629e-06,-5.338061915451629e-06,0.8041211829716183,0.0,0.6083738008070596,0.8041211829716183,0.0582387555289126,0.0582895944997958,success,0.9998393870370901,0.9998393870370901,0.5,2.6189179594737753e-15,0.02,"[0.01, 0.02]",-1.8616506527981232e-16
0.02052042979232189,5.421010862427522e-20,6.699372856837275e-06,typ,1.374740103613162e-07,True,0.0,1.0,8.180945549615999e-09,True,False,11,0.0,207,0.0006699372856837274,0.0006699372856837274,0.0,3.264733207168971,0.9923598984804171,-0.00693854961947879,-0.00693854961947879,0.8666139743645679,0.0,0.5363981771299186,0.5363981771299186,0.02052042979232189,0.020569543997385333,success,0.9998354658214281,0.3561628572526243,0.5,1.3493529861020264e-15,0.01,"[0.01, 0.02]",-2.641762827236638e-16
0.020373975721535348,0.0,2.5995965432570196e-05,typ,5.296411685810573e-07,True,0.0,1.0,8.180945549615999e-09,True,False,11,0.0,207,0.0012997982716285098,0.0012997982716285098,0.0,3.189849368119693,0.9695979408559516,-0.00693854961947879,-0.00693854961947879,0.8666139743645679,0.0,0.5363981771299186,0.5363981771299186,0.020373975721535348,0.020569543997385333,success,0.9998354658214281,0.3561628572526243,0.5,1.3493529861020264e-15,0.02,"[0.01, 0.02]",-0.0
0.04116279104104893,0.0,1.3536369892338303e-05,arith,5.571947653326676e-07,True,0.0,1.2,9.026700776829258e-09,True,False,12,0.0,333,0.0013536369892338303,0.0013536369892338303,0.0,3.288496613079365,0.9995831077230604,-7.730702150258138e-06,-7.730702150258138e-06,0.7111847989082939,0.0,0.46460546729880914,0.7111847989082939,0.04116279104104893,0.04116813365208291,success,0.9998389857182519,0.9998389857182519,0.5,2.6968019342528162e-15,0.01,"[0.01, 0.02]",-0.0
0.04114661633631745,0.0,5.4054776926229034e-05,arith,2.224171167328771e-06,True,0.0,1.2,9.026700776829258e-09,True,False,12,0.0,333,0.0027027388463114516,0.0027027388463114516,0.0,3.284278376890397,0.9983009176724129,-7.730702150258138e-06,-7.730702150258138e-06,0.7111847989082939,0.0,0.46460546729880914,0.7111847989082939,0.04114661633631745,0.04116813365208291,success,0.9998389857182519,0.9998389857182519,0.5,2.6968019342528162e-15,0.02,"[0.01, 0.02]",-0.0
0.004441534218035363,0.0,1.440014327522419e-06,typ,6.395872910152006e-09,True,0.0,1.2,8.51001506124361e-09,True,False,13,0.0,233,0.00014400143275224188,0.00014400143275224188,0.0,3.242155203206753,0.9854970082232171,-0.05000061200413285,-0.05000061200413285,0.7868372876241967,0.0,0.2632942907270462,0.2632942907270462,0.004441534218035363,0.004461779812023923,success,0.999837003165707,0.1402026807060032,0.5,2.818773164677275e-15,0.01,"[0.01, 0.02]",-0.0
0.004381727848787267,1.3552527156068805e-20,5.438348033604644e-06,typ,2.382936103024294e-08,True,0.0,1.2,8.51001506124361e-09,True,False,13,0.0,233,0.0002719174016802322,0.0002719174016802322,0.0,3.102855894570117,0.9431550957283472,-0.05000061200413285,-0.05000061200413285,0.7868372876241967,0.0,0.2632942907270462,0.2632942907270462,0.004381727848787267,0.004461779812023923,success,0.999837003165707,0.1402026807060032,0.5,2.818773164677275e-15,0.02,"[0.01, 0.02]",-1.5464820755378206e-16
0.030601627440374472,0.0,1.0064937723467314e-05,arith,3.080034744241175e-07,True,0.0,1.4,8.7377733785536e-09,True,False,14,0.0,307,0.0010064937723467313,0.0010064937723467313,0.0,3.28902041013285,0.9997423229354029,-1.0593920574478773e-05,-1.0593920574478773e-05,0.6336666952862015,0.0,0.3540145199997331,0.6336666952862015,0.030601627440374472,0.03060408345208261,success,0.9998385173943192,0.9998385173943192,0.5,1.813847858511191e-15,0.01,"[0.01, 0.02]",-0.0
0.030594199691354435,5.421010862427522e-20,4.021816817804469e-05,arith,1.2304426684595756e-06,True,0.0,1.4,8.7377733785536e-09,True,False,14,0.0,307,0.0020109084089022346,0.0020109084089022346,0.0,3.2864210033094836,0.9989521980070685,-1.0593920574478773e-05,-1.0593920574478773e-05,0.6336666952862015,0.0,0.3540145199997331,0.6336666952862015,0.030594199691354435,0.03060408345208261,success,0.9998385173943192,0.9998385173943192,0.5,1.813847858511191e-15,0.02,"[0.01, 0.02]",-8.859540234941065e-17
0.0001328423214044689,-4.235164736271502e-22,4.3105686745364597e-08,typ,5.726259492988078e-12,True,0.0,1.4,8.59734520901323e-09,True,False,15,0.0,240,4.310568674536459e-06,4.310568674536459e-06,0.0,3.2448760522724873,0.9863240471667741,-1.3275198595006659,-1.3275198595006659,0.5003952641105031,0.0,0.04386540458868006,0.04386540458868006,0.0001328423214044689,0.00012035613142959893,success,0.9998261368270457,0.02680234684146926,0.5,7.678698313564436e-15,0.01,"[0.01, 0.02]",3.1881140674864996e-16
0.00013019427061489343,-2.117582368135751e-22,1.5474689740036696e-07,typ,2.0147159436958525e-11,True,0.0,1.4,8.59734520901323e-09,True,False,15,0.0,240,7.737344870018348e-06,7.737344870018348e-06,0.0,2.971461352898137,0.9032159442693047,-1.3275198595006659,-1.3275198595006659,0.5003952641105031,0.0,0.04386540458868006,0.04386540458868006,0.00013019427061489343,0.00012035613142959893,success,0.9998261368270457,0.02680234684146926,0.5,7.678698313564436e-15,0.02,"[0.01, 0.02]",8.132394605901776e-17
0.0236273214734194,-5.421010862427522e-20,7.771794133012144e-06,arith,1.8362667840591275e-07,True,0.0,1.6,8.710856683967251e-09,True,False,16,0.0,284,0.0007771794133012145,0.0007771794133012145,0.0,3.2893250899198914,0.9998349344853675,-1.3946573249741002e-05,-1.3946573249741002e-05,0.5692764182708893,0.0,0.27148417313291034,0.5692764182708893,0.0236273214734194,0.023628535523586007,success,0.9998379971554638,0.9998379971554638,0.5,2.2024938544056688e-15,0.01,"[0.01, 0.02]",2.2943823185908435e-16
0.023623649911615717,-5.421010862427522e-20,3.106665707673544e-05,arith,7.33907830705017e-07,True,0.0,1.6,8.710856683967251e-09,True,False,16,0.0,284,0.001553332853836772,0.001553332853836772,0.0,3.287664818197717,0.9993302723971917,-1.3946573249741002e-05,-1.3946573249741002e-05,0.5692764182708893,0.0,0.27148417313291034,0.5692764182708893,0.023623649911615717,0.023628535523586007,success,0.9998379971554638,0.9998379971554638,0.5,2.2024938544056688e-15,0.02,"[0.01, 0.02]",1.1473694544893374e-16
9.860354309163684e-06,5.293955920339377e-23,3.325722583236595e-09,typ,3.279280300469994e-14,True,0.0,1.6,6.636320441593112e-09,True,False,17,0.0,119,3.325722583236595e-07,3.325722583236595e-07,0.0,3.3728225974048893,1.0252151333540624,-6.601428803503024,-6.601428803503024,0.16057882817238708,0.0,0.011685594126390147,0.011685594126390147,9.860354309163684e-06,8.53504868357339e-06,success,0.9998515276778078,0.011558626837132147,0.5,9.245938865455818e-15,0.01,"[0.01, 0.02]",-5.368930724344722e-16
9.887069133228053e-06,1.0587911840678754e-22,1.2489376225813323e-08,typ,1.234833261755112e-13,True,0.0,1.6,6.636320441593112e-09,True,False,17,0.0,119,6.244688112906662e-07,6.244688112906662e-07,0.0,3.1580077112638834,0.9599192377706602,-6.601428803503024,-6.601428803503024,0.16057882817238708,0.0,0.011685594126390147,0.011685594126390147,9.887069133228053e-06,8.53504868357339e-06,success,0.9998515276778078,0.011558626837132147,0.5,9.245938865455818e-15,0.02,"[0.01, 0.02]",-5.354423893474831e-16
0.01878345206994717,0.0,6.178835299019896e-06,arith,1.1605985668723791e-07,True,0.0,1.8,8.73896264073976e-09,True,False,18,0.0,262,0.0006178835299019896,0.0006178835299019896,0.0,3.2895099771920013,0.9998911334771193,-1.781130276682719e-05,-1.781130276682719e-05,0.5155531932835142,0.0,0.2104466482961043,0.5155531932835142,0.01878345206994717,0.01878406028974542,success,0.9998374176848728,0.9998374176848728,0.5,2.5858231169470386e-15,0.01,"[0.01, 0.02]",-0.0
0.018781521041792724,1.0842021724855044e-19,2.4704530056409937e-05,arith,4.6398865108206404e-07,True,0.0,1.8,8.73896264073976e-09,True,False,18,0.0,262,0.001235226502820497,0.001235226502820497,0.0,3.288409123179814,0.9995565139825227,-1.781130276682719e-05,-1.781130276682719e-05,0.5155531932835142,0.0,0.2104466482961043,0.5155531932835142,0.018781521041792724,0.01878406028974542,success,0.9998374176848728,0.9998374176848728,0.5,2.5858231169470386e-15,0.02,"[0.01, 0.02]",-2.886353480298355e-16
2.723929240562969e-06,0.0,9.311865182076214e-10,typ,2.5364861853637613e-15,True,0.0,1.8,4.819094784483301e-09,True,False,19,0.0,84,9.311865182076213e-08,9.311865182076213e-08,0.0,3.418541511067916,1.0391120166956016,-13.54783548046424,-13.54783548046424,0.08703322261928484,0.0,0.006246868138529679,0.006246868138529679,2.723929240562969e-06,2.4389992371283665e-06,success,0.9997970110386254,0.007817797322844235,0.5,8.318012148677016e-15,0.01,"[0.01, 0.02]",-0.0
2.754010070613804e-06,-1.3234889800848443e-23,3.5461777310866215e-09,typ,9.766209183598965e-15,True,0.0,1.8,4.819094784483301e-09,True,False,19,0.0,84,1.7730888655433108e-07,1.7730888655433108e-07,0.0,3.219103816036757,0.9784902267252317,-13.54783548046424,-13.54783548046424,0.08703322261928484,0.0,0.006246868138529679,0.006246868138529679,2.754010070613804e-06,2.4389992371283665e-06,success,0.9997970110386254,0.007817797322844235,0.5,8.318012148677016e-15,0.02,"[0.01, 0.02]",2.402839761202961e-16
0.01528450916870418,-1.3552527156068805e-20,5.028079884114577e-06,arith,7.685173308972631e-08,True,0.0,2.0,8.730678694756736e-09,True,False,20,0.0,248,0.0005028079884114577,0.0005028079884114577,0.0,3.2896574097451747,0.9999359475995041,-2.2214977078204154e-05,-2.2214977078204154e-05,0.4703638418371633,0.0,0.16519127232661496,0.4703638418371633,0.01528450916870418,0.015284529659707497,success,0.9998367088093789,0.9998367088093789,0.5,2.496851626103241e-15,0.01,"[0.01, 0.02]",8.866838317463476e-17
0.015283496352374248,2.710505431213761e-20,2.0106185201284417e-05,arith,3.0729280818399145e-07,True,0.0,2.0,8.730678694756736e-09,True,False,20,0.0,248,0.0010053092600642208,0.0010053092600642208,0.0,3.288871986114777,0.9996972074438264,-2.2214977078204154e-05,-2.2214977078204154e-05,0.4703638418371633,0.0,0.16519127232661496,0.4703638418371633,0.015283496352374248,0.015284529659707497,success,0.9998367088093789,0.9998367088093789,0.5,2.496851626103241e-15,0.02,"[0.01, 0.02]",-8.86742591067093e-17
1.151822573017704e-06,-4.963083675318166e-24,3.974496889777959e-10,typ,4.577915234034911e-16,True,0.0,2.0,4.168353478656254e-09,True,False,21,0.0,68,3.974496889777959e-08,3.974496889777959e-08,0.0,3.4506155573640322,1.0488613577003665,-21.348641493567136,-21.348641493567136,0.05741338032876328,0.0,0.004105733947842113,0.004105733947842113,1.151822573017704e-06,1.053573006786612e-06,success,0.9998388746941136,0.006059558771132132,0.5,7.189995568910914e-15,0.01,"[0.01, 0.02]",4.3088959980313573e-16
1.1709648796201006e-06,-1.3234889800848443e-23,1.521292716296292e-09,typ,1.7813803424048232e-15,True,0.0,2.0,4.168353478656254e-09,True,False,21,0.0,68,7.606463581481459e-08,7.606463581481459e-08,0.0,3.24794693413403,0.987257483321886,-21.348641493567136,-21.348641493567136,0.05741338032876328,0.0,0.004105733947842113,0.004105733947842113,1.1709648796201006e-06,1.053573006786612e-06,success,0.9998388746941136,0.006059558771132132,0.5,7.189995568910914e-15,0.02,"[0.01, 0.02]",5.651275299196964e-16
0.01267575794565979,1.3552527156068805e-20,4.170319195997444e-06,arith,5.2861956684602144e-08,True,0.0,2.2,8.584105598283797e-09,True,False,22,0.0,232,0.0004170319195997444,0.0004170319195997444,0.0,3.2899959228279294,1.0000388432381735,-2.718923192652871e-05,-2.718923192652871e-05,0.43197611846477396,0.0,0.13134979812388337,0.43197611846477396,0.01267575794565979,0.012674095151978947,success,0.9998359594806421,0.9998359594806421,0.5,2.7365116864456776e-15,0.01,"[0.01, 0.02]",-1.0691689770479739e-16
0.012675602227578252,5.421010862427522e-20,1.6676986436438454e-05,arith,2.1139084642301158e-07,True,0.0,2.2,8.584105598283797e-09,True,False,22,0.0,232,0.0008338493218219226,0.0008338493218219226,0.0,3.289190157796686,0.9997939200380639,-2.718923192652871e-05,-2.718923192652871e-05,0.43197611846477396,0.0,0.13134979812388337,0.43197611846477396,0.012675602227578252,0.012674095151978947,success,0.9998359594806421,0.9998359594806421,0.5,2.7365116864456776e-15,0.02,"[0.01, 0.02]",-2.1383642232923076e-16
5.969758978356342e-07,4.1359030627651384e-24,2.0753696102827912e-10,typ,1.2389456364393594e-16,True,0.0,2.2,3.794385197859359e-09,True,False,23,0.0,59,2.075369610282791e-08,2.075369610282791e-08,0.0,3.4764713580684696,1.0567205786945484,-29.740534364590612,-29.740534364590612,0.0416970331307374,0.0,0.0029772539385744074,0.0029772539385744074,5.969758978356342e-07,5.540045828936571e-07,success,0.9998746569415677,0.005007604403592858,0.5,8.087092075518732e-15,0.01,"[0.01, 0.02]",-6.928090527205638e-16
6.096583443735499e-07,4.963083675318166e-24,7.966941437192382e-10,typ,4.857112326319738e-16,True,0.0,2.2,3.794385197859359e-09,True,False,23,0.0,59,3.983470718596191e-08,3.983470718596191e-08,0.0,3.2669697342446593,0.9930397211920877,-29.740534364590612,-29.740534364590612,0.0416970331307374,0.0,0.0029772539385744074,0.0029772539385744074,6.096583443735499e-07,5.540045828936571e-07,success,0.9998746569415677,0.005007604403592858,0.5,8.087092075518732e-15,0.02,"[0.01, 0.02]",-4.070381157841731e-16
0.010678415833497499,-1.3552527156068805e-20,3.5145913688035838e-06,arith,3.753026812090583e-08,True,0.0,2.4,8.812607032726997e-09,True,False,24,0.0,219,0.0003514591368803584,0.0003514591368803584,0.0,3.2913040881762052,1.0004364778226351,-3.2771139344730865e-05,-3.2771139344730865e-05,0.3989882773411451,0.0,0.10574473927086762,0.3989882773411451,0.010678415833497499,0.01067174453125892,success,0.9998350833306894,0.9998350833306894,0.5,3.0833546958064855e-15,0.01,"[0.01, 0.02]",1.2691514703478214e-16
0.01068018035828366,-5.421010862427522e-20,1.405313234651606e-05,arith,1.500899880596216e-07,True,0.0,2.4,8.812607032726997e-09,True,False,24,0.0,219,0.000702656617325803,0.000702656617325803,0.0,3.289535353121706,0.9998988468348204,-3.2771139344730865e-05,-3.2771139344730865e-05,0.3989882773411451,0.0,0.10574473927086762,0.3989882773411451,0.01068018035828366,0.01067174453125892,success,0.9998350833306894,0.9998350833306894,0.5,3.0833546958064855e-15,0.02,"[0.01, 0.02]",2.5378835752632816e-16
3.488767563588763e-07,-4.1359030627651384e-25,1.219988495055412e-10,typ,4.2562562895007914e-17,True,0.0,2.4,2.8207529720271132e-09,True,False,25,0.0,54,1.2199884950554119e-08,1.2199884950554119e-08,0.0,3.496903914689163,1.0629313311594917,-38.59150021988997,-38.59150021988997,0.03207349224906323,0.0,0.002288284418970908,0.002288284418970908,3.488767563588763e-07,3.272660535951135e-07,success,0.9998471439869809,0.004294938746214316,0.5,8.697940251730872e-15,0.01,"[0.01, 0.02]",1.1854911476277004e-16
3.5768385048019775e-07,8.271806125530277e-25,4.696633008990827e-10,typ,1.6799097789482362e-16,True,0.0,2.4,2.8207529720271132e-09,True,False,25,0.0,54,2.3483165044954135e-08,2.3483165044954135e-08,0.0,3.2826705781414947,0.9978122054555205,-38.59150021988997,-38.59150021988997,0.03207349224906323,0.0,0.002288284418970908,0.002288284418970908,3.5768385048019775e-07,3.272660535951135e-07,success,0.9998471439869809,0.004294938746214316,0.5,8.697940251730872e-15,0.02,"[0.01, 0.02]",-1.1563013139152369e-16
1.5070755328780647,-3.469446951953614e-18,0.0004940509455780189,arith,0.0007445720920759046,True,0.05,0.0,9.583020660439945e-09,True,False,26,0.1,667,0.049405094557801885,0.049405094557801885,0.0,3.2782095840579992,0.9964562258532368,-1.5810570996930944e-07,-1.5810570996930944e-07,1.2450768751246237,0.0,1.2450768751246237,1.2450768751246237,1.5070755328780647,1.5034576437657614,success,0.9998402083331,0.9998402083331,0.5,6.673499035334145e-15,0.01,"[0.01, 0.02]",2.302105552286424e-16
1.5020537234773372,6.938893903907228e-18,0.0019482305710689935,arith,0.002926346983466561,True,0.05,0.0,9.583020660439945e-09,True,False,26,0.1,667,0.09741152855344967,0.09741152855344967,0.0,3.2426113337656326,0.9856356552875805,-1.5810570996930944e-07,-1.5810570996930944e-07,1.2450768751246237,0.0,1.2450768751246237,1.2450768751246237,1.5020537234773372,1.5034576437657614,success,0.9998402083331,0.9998402083331,0.5,6.673499035334145e-15,0.02,"[0.01, 0.02]",-2.3098021713375557e-16
1.5070735037154401,-1.734723475976807e-18,0.0004940481555514623,typ,0.000744566884791093,True,0.05,0.0,7.46828794843259e-09,True,False,27,0.1,413,0.04940481555514623,0.04940481555514623,0.0,3.2781954850474673,0.9964519402679309,-2.0051941941119818e-06,-2.0051941941119818e-06,1.2450768751246235,0.0,1.2450768751246235,1.2450768751246235,1.5070735037154401,1.503457643765754,success,0.9998284403523144,0.9998284403523144,0.5,1.1880296172538555e-14,0.01,"[0.01, 0.02]",1.1510543259503493e-16
1.502045703256198,-1.0408340855860843e-17,0.0019481871655588838,typ,0.0029262661611665925,True,0.05,0.0,7.46828794843259e-09,True,False,27,0.1,413,0.09740935827794418,0.09740935827794418,0.0,3.242556403802363,0.9856189585808928,-2.0051941941119818e-06,-2.0051941941119818e-06,1.2450768751246235,0.0,1.2450768751246235,1.2450768751246235,1.502045703256198,1.503457643765754,success,0.9998284403523144,0.9998284403523144,0.5,1.1880296172538555e-14,0.02,"[0.01, 0.02]",3.4647217569003403e-16
0.737741260433562,-1.734723475976807e-18,0.00024165464088048367,arith,0.0001782785993527878,True,0.05,0.2,9.494997212096384e-09,True,False,28,0.1,612,0.024165464088048365,0.024165464088048365,0.0,3.2756015400096503,0.9956634755233266,-3.694201469058283e-07,-3.694201469058283e-07,1.2165225486240643,0.0,1.215556193559682,1.2165225486240643,0.737741260433562,0.7387414833495844,success,0.9998401775926475,0.9998401775926475,0.5,9.91885812246793e-15,0.01,"[0.01, 0.02]",2.351398205594913e-16
0.7347467242535441,-5.204170427930421e-18,0.0009501376341632219,arith,0.0006981105142914397,True,0.05,0.2,9.494997212096384e-09,True,False,28,0.1,612,0.04750688170816109,0.04750688170816109,0.0,3.232874685928342,0.9826760692368317,-3.694201469058283e-07,-3.694201469058283e-07,1.2165225486240643,0.0,1.215556193559682,1.2165225486240643,0.7347467242535441,0.7387414833495844,success,0.9998401775926475,0.9998401775926475,0.5,9.91885812246793e-15,0.02,"[0.01, 0.02]",3.5414723578506096e-16
0.7307521419640546,0.0,0.00023933221867521013,typ,0.0001748925314379193,True,0.05,0.2,7.686137843075825e-09,True,False,29,0.1,399,0.023933221867521014,0.023933221867521014,0.0,3.2751490543969255,0.9955259363897394,-5.617183374197047e-05,-5.617183374197047e-05,1.2169662308167557,0.0,1.215998249700128,1.215998249700128,0.7307521419640546,0.7317740816531056,success,0.9998287218387394,0.9743514553325514,0.5,5.765232193035666e-15,0.01,"[0.01, 0.02]",-0.0
0.7276904645645469,-1.734723475976807e-18,0.0009404576379368418,typ,0.0006843620554535368,True,0.05,0.2,7.686137843075825e-09,True,False,29,0.1,399,0.04702288189684209,0.04702288189684209,0.0,3.2309672990548792,0.9820962931497824,-5.617183374197047e-05,-5.617183374197047e-05,1.2169662308167557,0.0,1.215998249700128,1.215998249700128,0.7276904645645469,0.7317740816531056,success,0.9998287218387394,0.9743514553325514,0.5,5.765232193035666e-15,0.02,"[0.01, 0.02]",1.1919377540661284e-16
0.2929822392313732,0.0,9.604908594486238e-05,arith,2.8140676276252393e-05,True,0.05,0.4,9.450825685586719e-09,True,False,30,0.1,504,0.009604908594486239,0.009604908594486239,0.0,3.2783245222250743,0.996491162866638,-1.0046584813035338e-06,-1.0046584813035338e-06,1.1371869329437594,0.0,1.123465790562595,1.1371869329437594,0.2929822392313732,0.2933033462122363,success,0.9998400302390633,0.9998400302390633,0.5,4.542285816903534e-15,0.01,"[0.01, 0.02]",-0.0
0.2920178742934132,0.0,0.0003788582572653089,arith,0.00011063338294512258,True,0.05,0.4,9.450825685586719e-09,True,False,30,0.1,504,0.018942912863265444,0.018942912863265444,0.0,3.2434509204446877,0.985890859035857,-1.0046584813035338e-06,-1.0046584813035338e-06,1.1371869329437594,0.0,1.123465790562595,1.1371869329437594,0.2920178742934132,0.2933033462122363,success,0.9998400302390633,0.9998400302390633,0.5,4.542285816903534e-15,0.02,"[0.01, 0.02]",-0.0
0.2741379452308582,2.168404344971009e-19,8.976397943307764e-05,typ,2.460771287752892e-05,True,0.05,0.4,7.6045965726722e-09,True,False,31,0.1,347,0.008976397943307764,0.008976397943307764,0.0,3.274409143086165,0.9953010303203496,-0.00024491806475723365,-0.00024491806475723365,1.1428389128202234,0.0,1.1287636984328813,1.1287636984328813,0.2741379452308582,0.2745407914617103,success,0.9998295631185128,0.8983069470544456,0.5,2.628552799619208e-15,0.01,"[0.01, 0.02]",-7.909902232414207e-17
0.27293156928856943,1.3010426069826053e-18,0.0003524076133639638,typ,9.618316294466607e-05,True,0.05,0.4,7.6045965726722e-09,True,False,31,0.1,347,0.01762038066819819,0.01762038066819819,0.0,3.2279850795801917,0.9811898071286127,-0.00024491806475723365,-0.00024491806475723365,1.1428389128202234,0.0,1.1287636984328813,1.1287636984328813,0.27293156928856943,0.2745407914617103,success,0.9998295631185128,0.8983069470544456,0.5,2.628552799619208e-15,0.02,"[0.01, 0.02]",-2.383459360113484e-16
0.14758142585066214,-2.168404344971009e-19,4.844392171226075e-05,arith,7.149423040093292e-06,True,0.05,0.6,9.310993000053405e-09,True,False,32,0.1,409,0.004844392171226075,0.004844392171226075,0.0,3.2825215932851353,0.9977669194895471,-2.067727569788182e-06,-2.067727569788182e-06,1.026903780009512,0.0,0.9730892644808996,1.026903780009512,0.14758142585066214,0.14768412348015908,success,0.9998398684021003,0.9998398684021003,0.5,3.0070206558779126e-15,0.01,"[0.01, 0.02]",1.4692935323481833e-16
0.14727122984057484,0.0,0.00019204302832037288,arith,2.8282412963049656e-05,True,0.05,0.6,9.310993000053405e-09,True,False,32,0.1,409,0.009602151416018645,0.009602151416018645,0.0,3.2600228253723547,0.9909281141032956,-2.067727569788182e-06,-2.067727569788182e-06,1.026903780009512,0.0,0.9730892644808996,1.026903780009512,0.14727122984057484,0.14768412348015908,success,0.9998398684021003,0.9998398684021003,0.5,3.0070206558779126e-15,0.02,"[0.01, 0.02]",-0.0
0.12148994983101397,1.0842021724855044e-19,3.9773998087401586e-05,typ,4.8321410322172644e-06,True,0.05,0.6,8.220707499666627e-09,True,False,33,0.1,206,0.0039773998087401586,0.0039773998087401586,0.0,3.2738508940636732,0.9951313429651715,-0.0006824510688011754,-0.0006824510688011754,1.0463621197928017,0.0,0.9864083952982113,0.9864083952982113,0.12148994983101397,0.12167494335909596,success,0.9998309418236402,0.7732917424567736,0.5,1.4827312552687626e-15,0.01,"[0.01, 0.02]",-8.924212858706187e-17
0.12093608335095127,-4.336808689942018e-19,0.00015604468304525085,typ,1.8871432795233228e-05,True,0.05,0.6,8.220707499666627e-09,True,False,33,0.1,206,0.007802234152262543,0.007802234152262543,0.0,3.225767668372721,0.9805157949441246,-0.0006824510688011754,-0.0006824510688011754,1.0463621197928017,0.0,0.9864083952982113,0.9864083952982113,0.12093608335095127,0.12167494335909596,success,0.9998309418236402,0.7732917424567736,0.5,1.4827312552687626e-15,0.02,"[0.01, 0.02]",1.7930168440120501e-16
0.08778655580932417,3.2526065174565133e-19,2.8843005132955897e-05,arith,2.5320280798128564e-06,True,0.05,0.8,9.155150899782418e-09,True,False,34,0.1,343,0.00288430051329559,0.00288430051329559,0.0,3.2855834093325216,0.998697599967596,-3.5652121758312366e-06,-3.5652121758312366e-06,0.9101021646001928,0.0,0.7933413855008654,0.9101021646001928,0.08778655580932417,0.08782213966631505,success,0.9998396382258967,0.9998396382258967,0.5,2.8443873206664e-15,0.01,"[0.01, 0.02]",-3.7051305720676657e-16
0.08767874199623801,0.0,0.00011476675459203933,arith,1.006260466562098e-05,True,0.05,0.8,9.155150899782418e-09,True,False,34,0.1,343,0.005738337729601966,0.005738337729601966,0.0,3.2723654553849424,0.9946798237497001,-3.5652121758312366e-06,-3.5652121758312366e-06,0.9101021646001928,0.0,0.7933413855008654,0.9101021646001928,0.08767874199623801,0.08782213966631505,success,0.9998396382258967,0.9998396382258967,0.5,2.8443873206664e-15,0.02,"[0.01, 0.02]",-0.0
0.05658510901319541,0.0,1.851434332327307e-05,typ,1.0476361352551333e-06,True,0.05,0.8,8.32650971090121e-09,True,False,35,0.1,196,0.0018514343323273068,0.0018514343323273068,0.0,3.2719462144988714,0.9945523898012761,-0.0017499885407120874,-0.0017499885407120874,0.9479231011357107,0.0,0.7966659922544952,0.7966659922544952,0.05658510901319541,0.05668156741917413,success,0.9998325430649599,0.605103889389847,0.5,1.224188783029305e-15,0.01,"[0.01, 0.02]",-0.0
0.05629668079307139,0.0,7.247165684524153e-05,typ,4.079913731961569e-06,True,0.05,0.8,8.32650971090121e-09,True,False,35,0.1,196,0.0036235828422620767,0.0036235828422620767,0.0,3.218291728051614,0.9782433815776025,-0.0017499885407120874,-0.0017499885407120874,0.9479231011357107,0.0,0.7966659922544952,0.7966659922544952,0.05629668079307139,0.05668156741917413,success,0.9998325430649599,0.605103889389847,0.5,1.224188783029305e-15,0.02,"[0.01, 0.02]",-0.0
0.057977241330307544,0.0,1.905947157110349e-05,arith,1.105015582906003e-06,True,0.05,1.0,9.110565559391618e-09,True,False,36,0.1,295,0.001905947157110349,0.001905947157110349,0.0,3.287405736074609,0.9992515208750701,-5.506487519223516e-06,-5.506487519223516e-06,0.8027524236069368,0.0,0.6207568268997358,0.8027524236069368,0.057977241330307544,0.057990744182975215,success,0.9998393590479633,0.9998393590479633,0.5,3.82896629545614e-15,0.01,"[0.01, 0.02]",-0.0
0.05793630718504185,1.0842021724855044e-19,7.600785766813617e-05,arith,4.403614590338076e-06,True,0.05,1.0,9.110565559391618e-09,True,False,36,0.1,295,0.0038003928834068083,0.0038003928834068083,0.0,3.2798024831551604,0.9969404091190783,-5.506487519223516e-06,-5.506487519223516e-06,0.8027524236069368,0.0,0.6207568268997358,0.8027524236069368,0.05793630718504185,0.057990744182975215,success,0.9998393590479633,0.9998393590479633,0.5,3.82896629545614e-15,0.02,"[0.01, 0.02]",-9.356845691102545e-17
0.023753582578403622,2.710505431213761e-20,7.761370404433327e-06,typ,1.8436035282328497e-07,True,0.05,1.0,7.651293846299821e-09,True,False,37,0.1,166,0.0007761370404433327,0.0007761370404433327,0.0,3.2674525532371024,0.9931864805674857,-0.0050757704407877096,-0.0050757704407877096,0.857030056698766,0.0,0.5710679506667079,0.5710679506667079,0.023753582578403622,0.02380428130437094,success,0.9998341807574902,0.4071856411430911,0.5,1.6032375009987005e-15,0.01,"[0.01, 0.02]",-1.1410933160365077e-16
0.02360238104022215,-1.0842021724855044e-19,3.021774786849225e-05,typ,7.132107993695148e-07,True,0.05,1.0,7.651293846299821e-09,True,False,37,0.1,166,0.0015108873934246126,0.0015108873934246126,0.0,3.2007096886746806,0.9728990824560513,-0.0050757704407877096,-0.0050757704407877096,0.857030056698766,0.0,0.5710679506667079,0.5710679506667079,0.02360238104022215,0.02380428130437094,success,0.9998341807574902,0.4071856411430911,0.5,1.6032375009987005e-15,0.02,"[0.01, 0.02]",2.2968067726680926e-16
0.041058929780474804,5.421010862427522e-20,1.3501904277100342e-05,arith,5.543737396161553e-07,True,0.05,1.2,8.629896151240405e-09,True,False,38,0.1,259,0.001350190427710034,0.001350190427710034,0.0,3.288420898764158,0.9995600933309541,-7.903882080479265e-06,-7.903882080479265e-06,0.7105150439740835,0.0,0.4762966775469188,0.7105150439740835,0.041058929780474804,0.04106455188079022,success,0.9998389749830516,0.9998389749830516,0.5,3.0415549311949927e-15,0.01,"[0.01, 0.02]",-1.3203000885340743e-16
0.041041899768093956,1.0842021724855044e-19,5.3912034595682596e-05,arith,2.212652320170019e-06,True,0.05,1.2,8.629896151240405e-09,True,False,38,0.1,259,0.0026956017297841296,0.0026956017297841296,0.0,3.2839631510913816,0.9982051005192003,-7.903882080479265e-06,-7.903882080479265e-06,0.7105150439740835,0.0,0.4762966775469188,0.7105150439740835,0.041041899768093956,0.04106455188079022,success,0.9998389749830516,0.9998389749830516,0.5,3.0415549311949927e-15,0.02,"[0.01, 0.02]",-1.320847936635191e-16
0.007088809407279459,0.0,2.308747873338659e-06,typ,1.636627364355953e-08,True,0.05,1.2,7.900444003363835e-09,True,False,39,0.1,179,0.00023087478733386588,0.00023087478733386588,0.0,3.256890883492817,0.9899761179282943,-0.022131857328665083,-0.022131857328665083,0.7750756001241246,0.0,0.3295171950640692,0.3295171950640692,0.007088809407279459,0.007111128833136609,success,0.9998430632410273,0.20852048436675713,0.5,2.317476368166241e-15,0.01,"[0.01, 0.02]",-0.0
0.007022680790597528,0.0,8.876794356307961e-06,typ,6.233889320812847e-08,True,0.05,1.2,7.900444003363835e-09,True,False,39,0.1,179,0.00044383971781539807,0.00044383971781539807,0.0,3.1600447966369387,0.9605384374741955,-0.022131857328665083,-0.022131857328665083,0.7750756001241246,0.0,0.3295171950640692,0.3295171950640692,0.007022680790597528,0.007111128833136609,success,0.9998430632410273,0.20852048436675713,0.5,2.317476368166241e-15,0.02,"[0.01, 0.02]",-0.0
0.030559805918565292,0.0,1.0051075524834316e-05,arith,3.071589173117785e-07,True,0.05,1.4,8.556188043508768e-09,True,False,40,0.1,233,0.0010051075524834315,0.0010051075524834315,0.0,3.288985391994331,0.9997316786976718,-1.0772896242333642e-05,-1.0772896242333642e-05,0.633317938041796,0.0,0.3640272361934913,0.633317938041796,0.030559805918565292,0.030562359529568067,success,0.9998385032639436,0.9998385032639436,0.5,1.8163241348415075e-15,0.01,"[0.01, 0.02]",-0.0
0.030552080196552863,-5.421010862427522e-20,4.0161024976336805e-05,arith,1.2270028558528046e-06,True,0.05,1.4,8.556188043508768e-09,True,False,40,0.1,233,0.0020080512488168402,0.0020080512488168402,0.0,3.2862758213160967,0.9989080679728279,-1.0772896242333642e-05,-1.0772896242333642e-05,0.633317938041796,0.0,0.3640272361934913,0.633317938041796,0.030552080196552863,0.030562359529568067,success,0.9998385032639436,0.9998385032639436,0.5,1.8163241348415075e-15,0.02,"[0.01, 0.02]",8.871754112243992e-17
0.0008813912081531616,-8.470329472543003e-22,2.843075531984639e-07,typ,2.5058617780066334e-10,True,0.05,1.4,7.956292536475288e-09,True,False,41,0.1,206,2.843075531984639e-05,2.843075531984639e-05,0.0,3.2256681320226988,0.9804855395217256,-0.22112012283605018,-0.22112012283605018,0.7138307194973195,0.0,0.11932639871028076,0.11932639871028076,0.0008813912081531616,0.0008951814365424379,success,0.999836610436142,0.06679421389045004,0.5,5.20796025406259e-15,0.01,"[0.01, 0.02]",9.610181488298998e-17
0.0008663726035970734,3.3881317890172014e-21,1.0621150701804388e-06,typ,9.20187398671915e-10,True,0.05,1.4,7.956292536475288e-09,True,False,41,0.1,206,5.3105753509021936e-05,5.3105753509021936e-05,0.0,3.064833380495489,0.931597637335051,-0.22112012283605018,-0.22112012283605018,0.7138307194973195,0.0,0.11932639871028076,0.11932639871028076,0.0008663726035970734,0.0008951814365424379,success,0.999836610436142,0.06679421389045004,0.5,5.20796025406259e-15,0.02,"[0.01, 0.02]",-1.955354875575527e-16
0.023608419684783125,2.710505431213761e-20,7.765535759459815e-06,arith,1.8333202728651835e-07,True,0.05,1.6,8.705590591607358e-09,True,False,42,0.1,214,0.0007765535759459815,0.0007765535759459815,0.0,3.2893077398421178,0.9998296606941186,-1.4132484473323905e-05,-1.4132484473323905e-05,0.5690835440853743,0.0,0.27970842415262104,0.5690835440853743,0.023608419684783125,0.023609672836521448,success,0.9998379751947377,0.9998379751947377,0.5,2.0573032783501727e-15,0.01,"[0.01, 0.02]",-1.1481096436797188e-16
0.023604633526781965,0.0,3.10409756359936e-05,arith,7.327108542013967e-07,True,0.05,1.6,8.705590591607358e-09,True,False,42,0.1,214,0.00155204878179968,0.00155204878179968,0.0,3.2875934719315083,0.9993085857327696,-1.4132484473323905e-05,-1.4132484473323905e-05,0.5690835440853743,0.0,0.27970842415262104,0.5690835440853743,0.023604633526781965,0.023609672836521448,success,0.9998379751947377,0.9998379751947377,0.5,2.0573032783501727e-15,0.02,"[0.01, 0.02]",-0.0
3.872678452076844e-05,-1.0587911840678754e-22,1.237678514079011e-08,typ,4.793130912072273e-13,True,0.05,1.6,7.752002480116728e-09,True,False,43,0.1,163,1.237678514079011e-06,1.237678514079011e-06,0.0,3.1959237757404506,0.9714443393661352,-2.523438232994908,-2.523438232994908,0.5371080328792958,0.0,0.024935195294322976,0.024935195294322976,3.872678452076844e-05,3.887018781226978e-05,success,0.9998125757297803,0.019216616314514053,0.5,7.119145986839365e-15,0.01,"[0.01, 0.02]",2.734002311759361e-16
3.8010059229422064e-05,-2.117582368135751e-22,4.719565027086701e-08,typ,1.7939094621667444e-12,True,0.05,1.6,7.752002480116728e-09,True,False,43,0.1,163,2.3597825135433503e-06,2.3597825135433503e-06,0.0,3.1041552701879733,0.9435500585551388,-2.523438232994908,-2.523438232994908,0.5371080328792958,0.0,0.024935195294322976,0.024935195294322976,3.8010059229422064e-05,3.887018781226978e-05,success,0.9998125757297803,0.019216616314514053,0.5,7.119145986839365e-15,0.02,"[0.01, 0.02]",2.7855552070497896e-16
0.018774098879706654,2.710505431213761e-20,6.175740098487448e-06,arith,1.1594395526437267e-07,True,0.05,1.8,8.431622157830165e-09,True,False,44,0.1,198,0.0006175740098487448,0.0006175740098487448,0.0,3.2895001448846872,0.9998881448140743,-1.8005411338233414e-05,-1.8005411338233414e-05,0.5154407430755876,0.0,0.2170922161690728,0.5154407430755876,0.018774098879706654,0.018774734466985188,success,0.9998373874888233,0.9998373874888233,0.5,2.402314155478946e-15,0.01,"[0.01, 0.02]",-1.4437472863976483e-16
0.018772118243130263,1.0842021724855044e-19,2.4691881688511688e-05,arith,4.6351892270212437e-07,True,0.05,1.8,8.431622157830165e-09,True,False,44,0.1,198,0.0012345940844255845,0.0012345940844255845,0.0,3.288371798098463,0.9995451685182565,-1.8005411338233414e-05,-1.8005411338233414e-05,0.5154407430755876,0.0,0.2170922161690728,0.5154407430755876,0.018772118243130263,0.018774734466985188,success,0.9998373874888233,0.9998373874888233,0.5,2.402314155478946e-15,0.02,"[0.01, 0.02]",-2.8877992308680266e-16
6.0172615998332976e-06,2.6469779601696886e-23,2.0872627982568266e-09,typ,1.2559606284711398e-14,True,0.05,1.8,6.472071941861701e-09,True,False,45,0.1,101,2.0872627982568265e-07,2.0872627982568265e-07,0.0,3.468791847631574,1.0543862874327687,-7.7702774350687225,-7.7702774350687225,0.12961291519952226,0.0,0.008812924319767643,0.008812924319767643,6.0172615998332976e-06,4.854382241396056e-06,success,0.999812848008464,0.010590339982320812,0.5,1.2159111655120221e-14,0.01,"[0.01, 0.02]",-4.3989743777186294e-16
6.111825425016772e-06,2.6469779601696886e-23,7.82553177570096e-09,typ,4.7828284071005777e-14,True,0.05,1.8,6.472071941861701e-09,True,False,45,0.1,101,3.9127658878504803e-07,3.9127658878504803e-07,0.0,3.200979752984144,0.9729811721625344,-7.7702774350687225,-7.7702774350687225,0.12961291519952226,0.0,0.008812924319767643,0.008812924319767643,6.111825425016772e-06,4.854382241396056e-06,success,0.999812848008464,0.010590339982320812,0.5,1.2159111655120221e-14,0.02,"[0.01, 0.02]",-2.165456124887946e-16
0.01527953124124471,0.0,5.026433301484251e-06,arith,7.68015446620614e-08,True,0.05,2.0,8.136305364630256e-09,True,False,46,0.1,181,0.0005026433301484251,0.0005026433301484251,0.0,3.289651509672089,0.9999341541923383,-2.241869483462773e-05,-2.241869483462773e-05,0.47029506096381474,0.0,0.1705399670172073,0.47029506096381474,0.01527953124124471,0.015279566684539921,success,0.9998366734546034,0.9998366734546034,0.5,2.7247267123915145e-15,0.01,"[0.01, 0.02]",-0.0
0.015278495092182015,-5.421010862427522e-20,2.009947951140946e-05,arith,3.070897990704824e-07,True,0.05,2.0,8.136305364630256e-09,True,False,46,0.1,181,0.0010049739755704729,0.0010049739755704729,0.0,3.2888513217663586,0.9996909262351036,-2.241869483462773e-05,-2.241869483462773e-05,0.47029506096381474,0.0,0.1705399670172073,0.47029506096381474,0.015278495092182015,0.015279566684539921,success,0.9998366734546034,0.9998366734546034,0.5,2.7247267123915145e-15,0.02,"[0.01, 0.02]",1.7740657144961372e-16
2.0265087118874592e-06,2.3161057151484775e-23,7.437034198370661e-10,typ,1.507121459360311e-15,True,0.05,2.0,5.196834536868843e-09,True,False,47,0.1,78,7.43703419837066e-08,7.43703419837066e-08,0.0,3.669875266138836,1.1155083173547786,-14.308990295227051,-14.308990295227051,0.06419902872068632,0.0,0.005117811201050314,0.005117811201050314,2.0265087118874592e-06,1.6370171005916486e-06,success,0.9998802933562563,0.007585080763376849,0.5,9.329664036950668e-15,0.01,"[0.01, 0.02]",-1.1429043959013094e-15
2.111146473879279e-06,1.6543612251060553e-23,2.74319015667285e-09,typ,5.791276226440234e-15,True,0.05,2.0,5.196834536868843e-09,True,False,47,0.1,78,1.371595078336425e-07,1.371595078336425e-07,0.0,3.248460244958959,0.9874135111029607,-14.308990295227051,-14.308990295227051,0.06419902872068632,0.0,0.005117811201050314,0.005117811201050314,2.111146473879279e-06,1.6370171005916486e-06,success,0.9998802933562563,0.007585080763376849,0.5,9.329664036950668e-15,0.02,"[0.01, 0.02]",-3.918158321971212e-16
0.012672999396466746,0.0,4.169367412285592e-06,arith,5.283839069954342e-08,True,0.05,2.2,7.863431668398717e-09,True,False,48,0.1,172,0.0004169367412285592,0.0004169367412285592,0.0,3.289961028048355,1.0000282364970652,-2.7404154641905805e-05,-2.7404154641905805e-05,0.4319359822228528,0.0,0.13566530484173608,0.4319359822228528,0.012672999396466746,0.012671527747698625,success,0.9998359190783284,0.9998359190783284,0.5,2.737170663703629e-15,0.01,"[0.01, 0.02]",-0.0
0.012672782167862938,0.0,1.667320051509185e-05,arith,2.1129583816885915e-07,True,0.05,2.2,7.863431668398717e-09,True,False,48,0.1,172,0.0008336600257545924,0.0008336600257545924,0.0,3.2891752367869187,0.9997893845949517,-2.7404154641905805e-05,-2.7404154641905805e-05,0.4319359822228528,0.0,0.13566530484173608,0.4319359822228528,0.012672782167862938,0.012671527747698625,success,0.9998359190783284,0.9998359190783284,0.5,2.737170663703629e-15,0.02,"[0.01, 0.02]",-0.0
9.209329138233255e-07,-4.963083675318166e-24,3.382031173389678e-10,typ,3.1146238231510767e-16,True,0.05,2.2,4.52199967173924e-09,True,False,49,0.1,65,3.382031173389678e-08,3.382031173389678e-08,0.0,3.672396895175469,1.1162748006708743,-21.73690813479602,-21.73690813479602,0.046608310896177334,0.0,0.0035355775422601676,0.0035355775422601676,9.209329138233255e-07,7.812733010293096e-07,success,0.9998741346112465,0.005997207008654183,0.5,8.142132232966426e-15,0.01,"[0.01, 0.02]",5.3891913306839405e-16
9.622751867206345e-07,1.6543612251060553e-24,1.26120909966997e-09,typ,1.2136302218786838e-15,True,0.05,2.2,4.52199967173924e-09,True,False,49,0.1,65,6.30604549834985e-08,6.30604549834985e-08,0.0,3.276633121882943,0.9959770388126047,-21.73690813479602,-21.73690813479602,0.046608310896177334,0.0,0.0035355775422601676,0.0035355775422601676,9.622751867206345e-07,7.812733010293096e-07,success,0.9998741346112465,0.005997207008654183,0.5,8.142132232966426e-15,0.02,"[0.01, 0.02]",-8.596092094736439e-17
0.0106776872385773,0.0,3.5136811348997157e-06,arith,3.75179882145485e-08,True,0.05,2.4,7.89800242743414e-09,True,False,50,0.1,163,0.00035136811348997156,0.00035136811348997156,0.0,3.2906762076764853,1.0002456250363825,-3.299908815422299e-05,-3.299908815422299e-05,0.39902239890128943,0.0,0.10925748896250059,0.39902239890128943,0.0106776872385773,0.01067370692949085,success,0.9998350647573192,0.9998350647573192,0.5,2.7601449425190607e-15,0.01,"[0.01, 0.02]",-0.0
0.010678581459648118,-2.710505431213761e-20,1.4050687329319834e-05,arith,1.500414092101875e-07,True,0.05,2.4,7.89800242743414e-09,True,False,50,0.1,163,0.0007025343664659917,0.0007025343664659917,0.0,3.289455482082082,0.9998745689500002,-3.299908815422299e-05,-3.299908815422299e-05,0.39902239890128943,0.0,0.10925748896250059,0.39902239890128943,0.010678581459648118,0.01067370692949085,success,0.9998350647573192,0.9998350647573192,0.5,2.7601449425190607e-15,0.02,"[0.01, 0.02]",1.2691317856478093e-16
5.014535742724077e-07,-4.549493369041652e-24,1.786410674034867e-10,typ,8.958020176131651e-17,True,0.05,2.4,3.10832233718265e-09,True,False,51,0.1,57,1.786410674034867e-08,1.786410674034867e-08,0.0,3.562464733902612,1.0828594305692956,-29.85456419803251,-29.85456419803251,0.04174234271028291,0.0,0.0026640724741129173,0.0026640724741129173,5.014535742724077e-07,4.435814288718359e-07,success,0.9998462739255696,0.004995365283817268,0.5,1.0004117283763277e-14,0.01,"[0.01, 0.02]",9.072611309317744e-16
5.180181393799624e-07,-4.963083675318166e-24,6.808052253548027e-10,typ,3.5266945611845086e-16,True,0.05,2.4,3.10832233718265e-09,True,False,51,0.1,57,3.404026126774013e-08,3.404026126774013e-08,0.0,3.285624448256228,0.998710074304572,-29.85456419803251,-29.85456419803251,0.04174234271028291,0.0,0.0026640724741129173,0.0026640724741129173,5.180181393799624e-07,4.435814288718359e-07,success,0.9998462739255696,0.004995365283817268,0.5,1.0004117283763277e-14,0.02,"[0.01, 0.02]",4.790453555602019e-16
0.37530768383890667,-4.336808689942018e-19,0.00012355557162410977,arith,4.637135541163678e-05,True,0.1,0.0,9.606603953547554e-09,True,False,52,0.2,631,0.012355557162410977,0.012355557162410977,0.0,3.2921140958345934,1.0006826906267567,-6.324287608228292e-07,-6.324287608228292e-07,1.164883302515216,0.0,1.164883302515216,1.164883302515216,0.37530768383890667,0.3752177988477976,success,0.9998401481928643,0.9998401481928643,0.5,2.503852318427539e-15,0.01,"[0.01, 0.02]",1.1555342127776702e-16
0.3755093913812362,0.0,0.0004947984104046316,arith,0.00018580144994744633,True,0.1,0.0,9.606603953547554e-09,True,False,52,0.2,631,0.02473992052023158,0.02473992052023158,0.0,3.294181329158071,1.0013110542083559,-6.324287608228292e-07,-6.324287608228292e-07,1.164883302515216,0.0,1.164883302515216,1.164883302515216,0.3755093913812362,0.3752177988477976,success,0.9998401481928643,0.9998401481928643,0.5,2.503852318427539e-15,0.02,"[0.01, 0.02]",-0.0
0.37530757850205954,-8.673617379884035e-19,0.0001235554242948657,typ,4.6371287102900583e-05,True,0.1,0.0,7.492756098521785e-09,True,False,53,0.2,404,0.01235554242948657,0.01235554242948657,0.0,3.2921110942657843,1.0006817782592432,-3.9355502590441085e-06,-3.9355502590441085e-06,1.164883302515216,0.0,1.164883302515216,1.164883302515216,0.37530757850205954,0.37521779884779755,success,0.999828364689805,0.999828364689805,0.5,6.112394582783057e-15,0.01,"[0.01, 0.02]",2.3110690741984146e-16
0.3755089586603161,0.0,0.0004947959277715822,typ,0.0001858003035868718,True,0.1,0.0,7.492756098521785e-09,True,False,53,0.2,404,0.02473979638857911,0.02473979638857911,0.0,3.2941685967815526,1.0013071840299774,-3.9355502590441085e-06,-3.9355502590441085e-06,1.164883302515216,0.0,1.164883302515216,1.164883302515216,0.3755089586603161,0.37521779884779755,success,0.999828364689805,0.999828364689805,0.5,6.112394582783057e-15,0.02,"[0.01, 0.02]",-0.0
0.32669719727834123,0.0,0.00010716104712311845,arith,3.500921375253505e-05,True,0.1,0.2,9.360363959242374e-09,True,False,54,0.2,565,0.010716104712311846,0.010716104712311846,0.0,3.280133653299107,0.9970410727719934,-8.449454214215502e-07,-8.449454214215502e-07,1.150110608750072,0.0,1.1498762298406462,1.150110608750072,0.32669719727834123,0.3269988337712033,success,0.9998400813851454,0.9998400813851454,0.5,6.450860152803276e-15,0.01,"[0.01, 0.02]",-0.0
0.3257890301535893,-1.734723475976807e-18,0.0004235964421757922,arith,0.00013800307407296232,True,0.1,0.2,9.360363959242374e-09,True,False,54,0.2,565,0.02117982210878961,0.02117982210878961,0.0,3.2505425518478384,0.9880464564990242,-8.449454214215502e-07,-8.449454214215502e-07,1.150110608750072,0.0,1.1498762298406462,1.150110608750072,0.3257890301535893,0.3269988337712033,success,0.9998400813851454,0.9998400813851454,0.5,6.450860152803276e-15,0.02,"[0.01, 0.02]",2.6623417540470786e-16
0.32632036373283935,4.336808689942018e-19,0.00010706078199886271,typ,3.49361133233911e-05,True,0.1,0.2,8.48558674841197e-09,True,False,55,0.2,384,0.010706078199886272,0.010706078199886272,0.0,3.2808489416404942,0.9972584943561781,-5.326879489277181e-05,-5.326879489277181e-05,1.1502057673105954,0.0,1.1499713837281893,1.1499713837281893,0.32632036373283935,0.32659872876543616,success,0.9998286204961981,0.9764731797753057,0.5,4.2491861068392314e-15,0.01,"[0.01, 0.02]",-1.3290033880608785e-16
0.32547668033147537,0.0,0.00042350756964436125,typ,0.00013784183786309781,True,0.1,0.2,8.48558674841197e-09,True,False,55,0.2,384,0.021175378482218062,0.021175378482218062,0.0,3.252979362554087,0.9887871581342326,-5.326879489277181e-05,-5.326879489277181e-05,1.1502057673105954,0.0,1.1499713837281893,1.1499713837281893,0.32547668033147537,0.32659872876543616,success,0.9998286204961981,0.9764731797753057,0.5,4.2491861068392314e-15,0.02,"[0.01, 0.02]",-0.0
0.2195301628515008,0.0,7.189155712674209e-05,arith,1.5782365243681663e-05,True,0.1,0.4,9.385254976365195e-09,True,False,56,0.2,452,0.007189155712674209,0.007189155712674209,0.0,3.2747917731638765,0.9954173359174622,-1.4838088016775816e-06,-1.4838088016775816e-06,1.097127617016362,0.0,1.0915319731608288,1.097127617016362,0.2195301628515008,0.21984543405244417,success,0.999840003812799,0.999840003812799,0.5,3.408760999981519e-15,0.01,"[0.01, 0.02]",-0.0
0.21859088042833583,0.0,0.0002824333177768824,arith,6.173734759514468e-05,True,0.1,0.4,9.385254976365195e-09,True,False,56,0.2,452,0.01412166588884412,0.01412166588884412,0.0,3.2301589757935605,0.9818505923409752,-1.4838088016775816e-06,-1.4838088016775816e-06,1.097127617016362,0.0,1.0915319731608288,1.097127617016362,0.21859088042833583,0.21984543405244417,success,0.999840003812799,0.999840003812799,0.5,3.408760999981519e-15,0.02,"[0.01, 0.02]",-0.0
0.2146480328792918,2.168404344971009e-19,7.026687113545694e-05,typ,1.508264566580852e-05,True,0.1,0.4,8.854658919129092e-09,True,False,57,0.2,327,0.007026687113545694,0.007026687113545694,0.0,3.273585608630842,0.9950507058629988,-0.00022182627899166424,-0.00022182627899166424,1.0992807063658734,0.0,1.0936467586582976,1.0936467586582976,0.2146480328792918,0.2149806651914005,success,0.9998293758140323,0.9073458081982453,0.5,1.5492877328805942e-15,0.01,"[0.01, 0.02]",-1.0102139376187156e-16
0.21365486548616092,-4.336808689942018e-19,0.00027562013315706965,typ,5.888758247495148e-05,True,0.1,0.4,8.854658919129092e-09,True,False,57,0.2,327,0.013781006657853482,0.013781006657853482,0.0,3.225062679123991,0.9803015039087153,-0.00022182627899166424,-0.00022182627899166424,1.0992807063658734,0.0,1.0936467586582976,1.0936467586582976,0.21365486548616092,0.2149806651914005,success,0.9998293758140323,0.9073458081982453,0.5,1.5492877328805942e-15,0.02,"[0.01, 0.02]",1.0149098828322555e-16
0.1338599907715297,0.0,4.390246393795273e-05,arith,5.876783417581769e-06,True,0.1,0.6,9.151132109420002e-09,True,False,58,0.2,369,0.004390246393795273,0.004390246393795273,0.0,3.2797300884985727,0.9969184037821938,-2.552981448992889e-06,-2.552981448992889e-06,1.0070548602417932,0.0,0.9757475596370101,1.0070548602417932,0.1338599907715297,0.13398864075862954,success,0.9998397995975412,0.9998397995975412,0.5,3.1072308210397286e-15,0.01,"[0.01, 0.02]",-0.0
0.13347223152479132,0.0,0.00017345207813595798,arith,2.315103593141878e-05,True,0.1,0.6,9.151132109420002e-09,True,False,58,0.2,369,0.008672603906797898,0.008672603906797898,0.0,3.248842027934116,0.987529559211773,-2.552981448992889e-06,-2.552981448992889e-06,1.0070548602417932,0.0,0.9757475596370101,1.0070548602417932,0.13347223152479132,0.13398864075862954,success,0.9998397995975412,0.9998397995975412,0.5,3.1072308210397286e-15,0.02,"[0.01, 0.02]",-0.0
0.12051995333811355,-1.0842021724855044e-19,3.945263853534251e-05,typ,4.75483015534494e-06,True,0.1,0.6,8.091997122207498e-09,True,False,59,0.2,201,0.003945263853534251,0.003945263853534251,0.0,3.2735358289311502,0.9950355746487165,-0.0005915419828513957,-0.0005915419828513957,1.017688844860029,0.0,0.984655526106895,0.984655526106895,0.12051995333811355,0.12070711171785878,success,0.9998305979488962,0.7954128425354633,0.5,1.379649063951007e-15,0.01,"[0.01, 0.02]",8.996038767487918e-17
0.11995984415119637,-4.336808689942018e-19,0.0001547270650361205,typ,1.856103460770504e-05,True,0.1,0.6,8.091997122207498e-09,True,False,59,0.2,201,0.0077363532518060244,0.0077363532518060244,0.0,3.2245595626379733,0.9801485748350954,-0.0005915419828513957,-0.0005915419828513957,1.017688844860029,0.0,0.984655526106895,0.984655526106895,0.11995984415119637,0.12070711171785878,success,0.9998305979488962,0.7954128425354633,0.5,1.379649063951007e-15,0.02,"[0.01, 0.02]",1.8076085045908948e-16
0.08462054435430708,-1.0842021724855044e-19,2.7791748434199543e-05,arith,2.3517528810599265e-06,True,0.1,0.8,8.975654139603956e-09,True,False,60,0.2,311,0.0027791748434199542,0.0027791748434199542,0.0,3.28427908922864,0.9983011341972747,-4.0591428613092045e-06,-4.0591428613092045e-06,0.9009991804101218,0.0,0.8175003031933515,0.9009991804101218,0.08462054435430708,0.08466526639732883,success,0.9998395753976856,0.9998395753976856,0.5,2.9504446294229268e-15,0.01,"[0.01, 0.02]",1.2812517111045031e-16
0.08448490019499763,0.0,0.00011040431663805178,arith,9.327497672262722e-06,True,0.1,0.8,8.975654139603956e-09,True,False,60,0.2,311,0.005520215831902589,0.005520215831902589,0.0,3.2669836971822814,0.9930439654161887,-4.0591428613092045e-06,-4.0591428613092045e-06,0.9009991804101218,0.0,0.8175003031933515,0.9009991804101218,0.08448490019499763,0.08466526639732883,success,0.9998395753976856,0.9998395753976856,0.5,2.9504446294229268e-15,0.02,"[0.01, 0.02]",-0.0
0.06350478794469426,-5.421010862427522e-20,2.078573085488251e-05,typ,1.3199934302148022e-06,True,0.1,0.8,7.961370305595028e-09,True,False,61,0.2,183,0.002078573085488251,0.002078573085488251,0.0,3.2730966479227694,0.9949020796299093,-0.0013923395518136282,-0.0013923395518136282,0.925822536375658,0.0,0.8272691226686519,0.8272691226686519,0.06350478794469426,0.0636060839254163,success,0.9998322804738595,0.6491514942048495,0.5,1.5272833769897175e-15,0.01,"[0.01, 0.02]",8.536381331040159e-17
0.06320182575396593,-1.0842021724855044e-19,8.147665423158213e-05,typ,5.1494733037605854e-06,True,0.1,0.8,7.961370305595028e-09,True,False,61,0.2,183,0.004073832711579107,0.004073832711579107,0.0,3.2228758133015427,0.9796367764079229,-0.0013923395518136282,-0.0013923395518136282,0.925822536375658,0.0,0.8272691226686519,0.8272691226686519,0.06320182575396593,0.0636060839254163,success,0.9998322804738595,0.6491514942048495,0.5,1.5272833769897175e-15,0.02,"[0.01, 0.02]",8.577301047489679e-17
0.057064973289609584,5.421010862427522e-20,1.875641725940733e-05,arith,1.0703344499168514e-06,True,0.1,1.0,8.988171604753824e-09,True,False,62,0.2,270,0.0018756417259407328,0.0018756417259407328,0.0,3.2868528938438155,0.9990834769874958,-6.011805016232705e-06,-6.011805016232705e-06,0.7985398415451798,0.0,0.6520965394576722,0.7985398415451798,0.057064973289609584,0.05708123616455629,success,0.9998392587258911,0.9998392587258911,0.5,2.674358092839415e-15,0.01,"[0.01, 0.02]",-9.499716813877108e-17
0.057015587216726414,1.0842021724855044e-19,7.474738040838506e-05,arith,4.2617657868961056e-06,True,0.1,1.0,8.988171604753824e-09,True,False,62,0.2,270,0.0037373690204192526,0.0037373690204192526,0.0,3.277497613251659,0.9962398126787853,-6.011805016232705e-06,-6.011805016232705e-06,0.7985398415451798,0.0,0.6520965394576722,0.7985398415451798,0.057015587216726414,0.05708123616455629,success,0.9998392587258911,0.9998392587258911,0.5,2.674358092839415e-15,0.02,"[0.01, 0.02]",-9.507945330495841e-17
0.03065925069286948,8.131516293641283e-20,1.0028584229855465e-05,typ,3.074688779976961e-07,True,0.1,1.0,8.423202526801476e-09,True,False,63,0.2,192,0.0010028584229855465,0.0010028584229855465,0.0,3.2709815156010467,0.994259156498718,-0.003329694712632927,-0.003329694712632927,0.8374685846108164,0.0,0.6345866243057015,0.6345866243057015,0.03065925069286948,0.030714363639246834,success,0.9998334188010238,0.48273345397645073,0.5,1.468459868000149e-15,0.01,"[0.01, 0.02]",-2.652222774489546e-16
0.030494714793412023,5.421010862427522e-20,3.921204218952534e-05,typ,1.1957600430368149e-06,True,0.1,1.0,8.423202526801476e-09,True,False,63,0.2,192,0.001960602109476267,0.001960602109476267,0.0,3.214658872461121,0.9771391258923112,-0.003329694712632927,-0.003329694712632927,0.8374685846108164,0.0,0.6345866243057015,0.6345866243057015,0.030494714793412023,0.030714363639246834,success,0.9998334188010238,0.48273345397645073,0.5,1.468459868000149e-15,0.02,"[0.01, 0.02]",-8.888443291161161e-17
0.04074226855073773,0.0,1.3396798453746973e-05,arith,5.458159603226672e-07,True,0.1,1.2,8.408360611042733e-09,True,False,64,0.2,238,0.0013396798453746972,0.0013396798453746972,0.0,3.2881817655940004,0.9994874055634085,-8.423479565256888e-06,-8.423479565256888e-06,0.7084635414604625,0.0,0.506449729532584,0.7084635414604625,0.04074226855073773,0.040748765261179806,success,0.9998388938238579,0.9998388938238579,0.5,2.7245562350396775e-15,0.01,"[0.01, 0.02]",-0.0
0.04072256054741791,0.0,5.347631894469443e-05,arith,2.17769263607835e-06,True,0.1,1.2,8.408360611042733e-09,True,False,64,0.2,238,0.002673815947234721,0.002673815947234721,0.0,3.28296638434768,0.9979021197603388,-8.423479565256888e-06,-8.423479565256888e-06,0.7084635414604625,0.0,0.506449729532584,0.7084635414604625,0.04072256054741791,0.040748765261179806,success,0.9998388938238579,0.9998388938238579,0.5,2.7245562350396775e-15,0.02,"[0.01, 0.02]",-0.0
0.012182858450376746,0.0,3.979274039452832e-06,typ,4.8478932357912745e-08,True,0.1,1.2,7.763981103614179e-09,True,False,65,0.2,174,0.0003979274039452832,0.0003979274039452832,0.0,3.2662893159772173,0.9928328988394004,-0.00994290675464421,-0.00994290675464421,0.757166672217652,0.0,0.4246399480013297,0.4246399480013297,0.012182858450376746,0.012210234244940358,success,0.999830185858592,0.30365637988304617,0.5,2.415211575799688e-15,0.01,"[0.01, 0.02]",-0.0
0.012101384337362908,5.421010862427522e-20,1.547252718472222e-05,typ,1.872389981326193e-07,True,0.1,1.2,7.763981103614179e-09,True,False,65,0.2,174,0.000773626359236111,0.000773626359236111,0.0,3.1964374391760577,0.9716004743280037,-0.00994290675464421,-0.00994290675464421,0.757166672217652,0.0,0.4246399480013297,0.4246399480013297,0.012101384337362908,0.012210234244940358,success,0.999830185858592,0.30365637988304617,0.5,2.415211575799688e-15,0.02,"[0.01, 0.02]",-2.2398308785591593e-16
0.03043250143781355,2.710505431213761e-20,1.0008871515466165e-05,arith,3.0459499678531513e-07,True,0.1,1.4,8.613985395005062e-09,True,False,66,0.2,217,0.0010008871515466164,0.0010008871515466164,0.0,3.2888757225292555,0.9996983431776391,-1.1309902514352677e-05,-1.1309902514352677e-05,0.6322539819500922,0.0,0.3898346382430536,0.6322539819500922,0.03043250143781355,0.030435359097836193,success,0.9998384438558111,0.9998384438558111,0.5,2.051891187957265e-15,0.01,"[0.01, 0.02]",-8.906613992124401e-17
0.030423846631864156,1.0842021724855044e-19,3.998692118528916e-05,arith,1.216555957421677e-06,True,0.1,1.4,8.613985395005062e-09,True,False,66,0.2,217,0.001999346059264458,0.001999346059264458,0.0,3.285820631850116,0.9987697069664038,-1.1309902514352677e-05,-1.1309902514352677e-05,0.6322539819500922,0.0,0.3898346382430536,0.6322539819500922,0.030423846631864156,0.030435359097836193,success,0.9998384438558111,0.9998384438558111,0.5,2.051891187957265e-15,0.02,"[0.01, 0.02]",-1.7818295391845267e-16
0.0030862288743164564,0.0,1.0044118484856979e-06,typ,3.0998448485021263e-09,True,0.1,1.4,8.077288575059573e-09,True,False,67,0.2,194,0.00010044118484856978,0.00010044118484856978,0.0,3.254495662471426,0.9892480580413773,-0.05076513964627914,-0.05076513964627914,0.6846286038644459,0.0,0.22032063973390445,0.22032063973390445,0.0030862288743164564,0.0030962538038163522,success,0.9998356505304395,0.1393517067192785,0.5,3.5016579427343727e-15,0.01,"[0.01, 0.02]",-0.0
0.0030553422512080318,0.0,3.8507113248327615e-06,typ,1.1765241007966792e-08,True,0.1,1.4,8.077288575059573e-09,True,False,67,0.2,194,0.00019253556624163808,0.00019253556624163808,0.0,3.1508019464188126,0.9577289479012074,-0.05076513964627914,-0.05076513964627914,0.6846286038644459,0.0,0.22032063973390445,0.22032063973390445,0.0030553422512080318,0.0030962538038163522,success,0.9998356505304395,0.1393517067192785,0.5,3.5016579427343727e-15,0.02,"[0.01, 0.02]",-0.0
0.02355100577547592,0.0,7.74652389325165e-06,arith,1.824384289498318e-07,True,0.1,1.6,8.494866015277433e-09,True,False,68,0.2,197,0.0007746523893251649,0.0007746523893251649,0.0,3.289253956753831,0.9998133125956231,-1.4690324435881735e-05,-1.4690324435881735e-05,0.5684969723782519,0.0,0.3006887008355565,0.5684969723782519,0.02355100577547592,0.023552376314105297,success,0.999837895023482,0.999837895023482,0.5,2.0623081373857435e-15,0.01,"[0.01, 0.02]",-0.0
0.023546864691300573,5.421010862427522e-20,3.0962917098123794e-05,arith,7.29079619357478e-07,True,0.1,1.6,8.494866015277433e-09,True,False,68,0.2,197,0.0015481458549061896,0.0015481458549061896,0.0,3.287371535876185,0.9992411252613148,-1.4690324435881735e-05,-1.4690324435881735e-05,0.5684969723782519,0.0,0.3006887008355565,0.5684969723782519,0.023546864691300573,0.023552376314105297,success,0.999837895023482,0.999837895023482,0.5,2.0623081373857435e-15,0.02,"[0.01, 0.02]",-1.1511109724154322e-16
0.00023838314300989432,-2.117582368135751e-22,7.495756652755778e-08,typ,1.7868620301212476e-11,True,0.1,1.6,8.351952927021177e-09,True,False,69,0.2,215,7.495756652755778e-06,7.495756652755778e-06,0.0,3.1444155648391043,0.9557877206786645,-0.6442685006801232,-0.6442685006801232,0.7460629305755185,0.0,0.06515943262324057,0.06515943262324057,0.00023838314300989432,0.0002658240118020109,success,0.9998581440635284,0.038887328243303265,0.5,6.9336990316666896e-15,0.01,"[0.01, 0.02]",8.883104490521205e-17
0.00023216432924353617,-8.470329472543003e-22,2.8398699473569363e-07,typ,6.593165014669995e-11,True,0.1,1.6,8.351952927021177e-09,True,False,69,0.2,215,1.4199349736784681e-05,1.4199349736784681e-05,0.0,3.0580386278655713,0.9295322801979905,-0.6442685006801232,-0.6442685006801232,0.7460629305755185,0.0,0.06515943262324057,0.06515943262324057,0.00023216432924353617,0.0002658240118020109,success,0.9998581440635284,0.038887328243303265,0.5,6.9336990316666896e-15,0.02,"[0.01, 0.02]",1.82420992495746e-16
0.018745743228851537,-5.421010862427522e-20,6.166356765482441e-06,arith,1.1559294058322533e-07,True,0.1,1.8,8.478274004058603e-09,True,False,70,0.2,183,0.0006166356765482441,0.0006166356765482441,0.0,3.2894704094697156,0.9998791063317513,-1.858787696660722e-05,-1.858787696660722e-05,0.5150994946378872,0.0,0.23378093450446755,0.5150994946378872,0.018745743228851537,0.01874645342517966,success,0.9998372806678829,0.9998372806678829,0.5,2.4059383048324374e-15,0.01,"[0.01, 0.02]",2.8918623264208885e-16
0.01874361094949536,-5.421010862427522e-20,2.4653519890209946e-05,arith,4.6209598535774085e-07,True,0.1,1.8,8.478274004058603e-09,True,False,70,0.2,183,0.0012326759945104973,0.0012326759945104973,0.0,3.2882564566452572,0.999510108920571,-1.858787696660722e-05,-1.858787696660722e-05,0.5150994946378872,0.0,0.23378093450446755,0.5150994946378872,0.01874361094949536,0.01874645342517966,success,0.9998372806678829,0.9998372806678829,0.5,2.4059383048324374e-15,0.02,"[0.01, 0.02]",1.4460956528158928e-16
1.5922764360102807e-05,-3.970466940254533e-23,5.076470540953889e-09,typ,8.083144420461241e-14,True,0.1,1.8,6.798626481230308e-09,True,False,71,0.2,130,5.076470540953889e-07,5.076470540953889e-07,0.0,3.188184178416813,0.969091783880897,-4.037127977582073,-4.037127977582073,0.36138856596726954,0.0,0.015702719005198634,0.015702719005198634,1.5922764360102807e-05,1.541252443014834e-05,success,0.9998660946254083,0.01502916035947338,0.5,7.525777156048907e-15,0.01,"[0.01, 0.02]",2.493578910332437e-16
1.5657590240288922e-05,-2.6469779601696886e-23,1.9834149305275735e-08,typ,3.1055498258671864e-13,True,0.1,1.8,6.798626481230308e-09,True,False,71,0.2,130,9.917074652637866e-07,9.917074652637866e-07,0.0,3.16685853328822,0.9626095650618006,-4.037127977582073,-4.037127977582073,0.36138856596726954,0.0,0.015702719005198634,0.015702719005198634,1.5657590240288922e-05,1.541252443014834e-05,success,0.9998660946254083,0.01502916035947338,0.5,7.525777156048907e-15,0.02,"[0.01, 0.02]",8.452699041001487e-17
0.015264465247711032,-1.3552527156068805e-20,5.021449470029521e-06,arith,7.66497409284026e-08,True,0.1,2.0,7.853692086198088e-09,True,False,72,0.2,171,0.000502144947002952,0.000502144947002952,0.0,3.289633399232578,0.9999286492788356,-2.303002973375913e-05,-2.303002973375913e-05,0.47008681211352404,0.0,0.18372102754221034,0.47008681211352404,0.015264465247711032,0.015264546673906731,success,0.999836588608858,0.999836588608858,0.5,2.6137766213163827e-15,0.01,"[0.01, 0.02]",8.878481450964069e-17
0.015263357504766482,2.710505431213761e-20,2.007917745132351e-05,arith,3.0647566384119664e-07,True,0.1,2.0,7.853692086198088e-09,True,False,72,0.2,171,0.0010039588725661755,0.0010039588725661755,0.0,3.2887877790081785,0.9996716115526915,-2.303002973375913e-05,-2.303002973375913e-05,0.47008681211352404,0.0,0.18372102754221034,0.47008681211352404,0.015263357504766482,0.015264546673906731,success,0.999836588608858,0.999836588608858,0.5,2.6137766213163827e-15,0.02,"[0.01, 0.02]",-8.879125809532134e-17
3.727141797390727e-06,-6.617444900424222e-24,1.3716162994750484e-09,typ,5.11220843975585e-15,True,0.1,2.0,5.2778041427208385e-09,True,False,73,0.2,91,1.3716162994750484e-07,1.3716162994750484e-07,0.0,3.6800754412812533,1.1186087988111453,-9.426324988277013,-9.426324988277013,0.07712705517952725,0.0,0.0068616041870278414,0.0068616041870278414,3.727141797390727e-06,2.942657726267614e-06,success,0.9998874309404338,0.009544405763561244,0.5,9.837772505745464e-15,0.01,"[0.01, 0.02]",1.7754744144848254e-16
3.884712895039552e-06,-6.617444900424222e-24,5.027217318186033e-09,typ,1.9529295942123437e-14,True,0.1,2.0,5.2778041427208385e-09,True,False,73,0.2,91,2.5136086590930163e-07,2.5136086590930163e-07,0.0,3.2352566676197365,0.9834001048499912,-9.426324988277013,-9.426324988277013,0.07712705517952725,0.0,0.0068616041870278414,0.0068616041870278414,3.884712895039552e-06,2.942657726267614e-06,success,0.9998874309404338,0.009544405763561244,0.5,9.837772505745464e-15,0.02,"[0.01, 0.02]",8.517289538789514e-17
0.012664639679760854,0.0,4.1664992464781245e-06,arith,5.276721168264055e-08,True,0.1,2.2,7.999198876746676e-09,True,False,74,0.2,163,0.0004166499246478124,0.0004166499246478124,0.0,3.2898679724276216,0.9999999509801534,-2.8049156172111744e-05,-2.8049156172111744e-05,0.4318132011821643,0.0,0.1460830447739436,0.4318132011821643,0.012664639679760854,0.012663675819070266,success,0.9998358368235644,0.9998358368235644,0.5,2.328272044490896e-15,0.01,"[0.01, 0.02]",-0.0
0.012664256436050986,0.0,1.6661758981778117e-05,arith,2.1100878842091384e-07,True,0.1,2.2,7.999198876746676e-09,True,False,74,0.2,163,0.0008330879490889058,0.0008330879490889058,0.0,3.289130922512662,0.9997759146707919,-2.8049156172111744e-05,-2.8049156172111744e-05,0.4318132011821643,0.0,0.1460830447739436,0.4318132011821643,0.012664256436050986,0.012663675819070266,success,0.9998358368235644,0.9998358368235644,0.5,2.328272044490896e-15,0.02,"[0.01, 0.02]",-0.0
1.4587247973124634e-06,-3.308722450212111e-24,5.225105250857946e-10,typ,7.621990597994046e-16,True,0.1,2.2,4.383184251302509e-09,True,False,75,0.2,71,5.225105250857946e-08,5.225105250857946e-08,0.0,3.5819677985077205,1.0887876513406234,-15.907449549677217,-15.907449549677217,0.05887038047169236,0.0,0.004458991499799336,0.004458991499799336,1.4587247973124634e-06,1.2426729853768934e-06,success,0.9998635051820614,0.0071541217591142,0.5,1.0881794404542323e-14,0.01,"[0.01, 0.02]",2.2682293852192406e-16
1.5075055321677755e-06,-3.308722450212111e-24,1.9693810421740562e-09,typ,2.968852816023729e-15,True,0.1,2.2,4.383184251302509e-09,True,False,75,0.2,71,9.84690521087028e-08,9.84690521087028e-08,0.0,3.265959892270028,0.9927327660396036,-15.907449549677217,-15.907449549677217,0.05887038047169236,0.0,0.004458991499799336,0.004458991499799336,1.5075055321677755e-06,1.2426729853768934e-06,success,0.9998635051820614,0.0071541217591142,0.5,1.0881794404542323e-14,0.02,"[0.01, 0.02]",1.097416354238583e-16
0.01067463986823881,-1.3552527156068805e-20,3.511251411331942e-06,arith,3.7481344302813736e-08,True,0.1,2.4,7.97449098751107e-09,True,False,76,0.2,152,0.0003511251411331942,0.0003511251411331942,0.0,3.2893394575111383,0.9998393017094213,-3.368323230199736e-05,-3.368323230199736e-05,0.39906950345641456,0.0,0.11755364111808647,0.39906950345641456,0.01067463986823881,0.010676416366529308,success,0.999834960297739,0.999834960297739,0.5,2.5997089906162684e-15,0.01,"[0.01, 0.02]",1.2696004102576635e-16
0.010673683389382259,-5.421010862427522e-20,1.4043501005461109e-05,arith,1.498958834107633e-07,True,0.1,2.4,7.97449098751107e-09,True,False,76,0.2,152,0.0007021750502730554,0.0007021750502730554,0.0,3.289281800186945,0.9998217759844226,-3.368323230199736e-05,-3.368323230199736e-05,0.39906950345641456,0.0,0.11755364111808647,0.39906950345641456,0.010673683389382259,0.010676416366529308,success,0.999834960297739,0.999834960297739,0.5,2.5997089906162684e-15,0.02,"[0.01, 0.02]",2.539428360700731e-16
7.609612758032816e-07,-1.6543612251060553e-24,2.431518643813617e-10,typ,1.850291529335875e-16,True,0.1,2.4,3.192847323227898e-09,True,False,77,0.2,61,2.4315186438136172e-08,2.4315186438136172e-08,0.0,3.1953250725496787,0.9712623554183167,-23.20704536062824,-23.20704536062824,0.09540287836792212,0.0,0.003385118002463007,0.003385118002463007,7.609612758032816e-07,7.161923681379872e-07,success,0.9998372817799561,0.005779134550250198,0.5,9.925040948557645e-15,0.01,"[0.01, 0.02]",2.1740412787230043e-16
7.505048112111497e-07,3.308722450212111e-24,9.747466140988985e-10,typ,7.315520235930012e-16,True,0.1,2.4,3.192847323227898e-09,True,False,77,0.2,61,4.8737330704944925e-08,4.8737330704944925e-08,0.0,3.2469699045828633,0.9869605019501527,-23.20704536062824,-23.20704536062824,0.09540287836792212,0.0,0.003385118002463007,0.003385118002463007,7.505048112111497e-07,7.161923681379872e-07,success,0.9998372817799561,0.005779134550250198,0.5,9.925040948557645e-15,0.02,"[0.01, 0.02]",-2.2043312719558459e-16
0.14172711434435992,-2.168404344971009e-19,4.7417269033329574e-05,arith,6.720312710183977e-06,True,0.15,0.0,9.524986942788983e-09,True,False,78,0.3,607,0.004741726903332957,0.004741726903332957,0.0,3.3456737796917233,1.0169628823184982,-1.4229869554115496e-06,-1.4229869554115496e-06,1.017474163099935,0.0,1.017474163099935,1.017474163099935,0.14172711434435992,0.1409234944765998,success,0.9998400123822991,0.9998400123822991,0.5,2.022112331761443e-15,0.01,"[0.01, 0.02]",1.5299855324100879e-16
0.14382119859626757,0.0,0.00019928708629757307,arith,2.866170761607477e-05,True,0.15,0.0,9.524986942788983e-09,True,False,78,0.3,607,0.009964354314878653,0.009964354314878653,0.0,3.4641465973491217,1.0529743006619696,-1.4229869554115496e-06,-1.4229869554115496e-06,1.017474163099935,0.0,1.017474163099935,1.017474163099935,0.14382119859626757,0.1409234944765998,success,0.9998400123822991,0.9998400123822991,0.5,2.022112331761443e-15,0.02,"[0.01, 0.02]",-0.0
0.14172712274508814,4.336808689942018e-19,4.7417277180778963e-05,typ,6.720314263238127e-06,True,0.15,0.0,9.086054708429503e-09,True,False,79,0.3,386,0.004741727718077896,0.004741727718077896,0.0,3.34567415624913,1.0169629967782248,-5.858904740309659e-06,-5.858904740309659e-06,1.017474163099935,0.0,1.017474163099935,1.017474163099935,0.14172712274508814,0.1409234944765997,success,0.999828238541751,0.999828238541751,0.5,4.333181663913001e-15,0.01,"[0.01, 0.02]",-3.059970883443564e-16
0.1438212123261633,4.336808689942018e-19,0.00019928702451896165,typ,2.8661701467190895e-05,True,0.15,0.0,9.086054708429503e-09,True,False,79,0.3,386,0.009964351225948083,0.009964351225948083,0.0,3.464145192765634,1.0529738737197851,-5.858904740309659e-06,-5.858904740309659e-06,1.017474163099935,0.0,1.017474163099935,1.017474163099935,0.1438212123261633,0.1409234944765997,success,0.999828238541751,0.999828238541751,0.5,4.333181663913001e-15,0.02,"[0.01, 0.02]",-1.5077082927471212e-16
0.15008229022359626,4.336808689942018e-19,4.960646108501216e-05,arith,7.445051289526328e-06,True,0.15,0.2,9.443834764429164e-09,True,False,80,0.3,538,0.004960646108501216,0.004960646108501216,0.0,3.305284121871224,1.0046858985066522,-1.6375116417815389e-06,-1.6375116417815389e-06,1.029783906859586,0.0,1.02971261389695,1.029783906859586,0.15008229022359626,0.14984930870081647,success,0.9998399284005592,0.9998399284005592,0.5,2.9312403850228795e-15,0.01,"[0.01, 0.02]",-2.8896205431573134e-16
0.1506955183875323,0.0,0.00020121359641404375,arith,3.0321987218234034e-05,True,0.15,0.2,9.443834764429164e-09,True,False,80,0.3,538,0.010060679820702188,0.010060679820702188,0.0,3.3380819576962786,1.0146552451467572,-1.6375116417815389e-06,-1.6375116417815389e-06,1.029783906859586,0.0,1.02971261389695,1.029783906859586,0.1506955183875323,0.14984930870081647,success,0.9998399284005592,0.9998399284005592,0.5,2.9312403850228795e-15,0.02,"[0.01, 0.02]",-0.0
0.15004770499785716,0.0,4.960083271063367e-05,typ,7.4424911142132245e-06,True,0.15,0.2,9.012530899054783e-09,True,False,81,0.3,372,0.004960083271063367,0.004960083271063367,0.0,3.305670867231326,1.0048034549996134,-5.2471578883813395e-05,-5.2471578883813395e-05,1.02980414143717,0.0,1.0297327968871555,1.0297327968871555,0.15004770499785716,0.14981045660523956,success,0.9998284786392558,0.9777236355247749,0.5,2.9105046826886385e-15,0.01,"[0.01, 0.02]",-0.0
0.15068038606710482,0.0,0.00020133012209850107,typ,3.0336500524739493e-05,True,0.15,0.2,9.012530899054783e-09,True,False,81,0.3,372,0.010066506104925052,0.010066506104925052,0.0,3.340350515309265,1.015344803974283,-5.2471578883813395e-05,-5.2471578883813395e-05,1.02980414143717,0.0,1.0297327968871555,1.0297327968871555,0.15068038606710482,0.14981045660523956,success,0.9998284786392558,0.9777236355247749,0.5,2.9105046826886385e-15,0.02,"[0.01, 0.02]",-0.0
0.14647520672554984,-4.336808689942018e-19,4.7951406807140236e-05,arith,7.023692224856803e-06,True,0.15,0.4,9.154149190525927e-09,True,False,82,0.3,430,0.004795140680714023,0.004795140680714023,0.0,3.273687600727312,0.9950817077428084,-2.2824298808658654e-06,-2.2824298808658654e-06,1.0255761752491244,0.0,1.0252199936558788,1.0255761752491244,0.14647520672554984,0.14670238295743038,success,0.9998398300840508,0.9998398300840508,0.5,3.4055367814051994e-15,0.01,"[0.01, 0.02]",2.9607800438663204e-16
0.14580829383449717,0.0,0.00018824173781255103,arith,2.7447206618888818e-05,True,0.15,0.4,9.154149190525927e-09,True,False,82,0.3,430,0.009412086890627551,0.009412086890627551,0.0,3.2275553890339537,0.9810591968643785,-2.2824298808658654e-06,-2.2824298808658654e-06,1.0255761752491244,0.0,1.0252199936558788,1.0255761752491244,0.14580829383449717,0.14670238295743038,success,0.9998398300840508,0.9998398300840508,0.5,3.4055367814051994e-15,0.02,"[0.01, 0.02]",-0.0
0.14632691538699077,2.168404344971009e-19,4.7927311727005906e-05,typ,7.013055687803524e-06,True,0.15,0.4,8.599024916166005e-09,True,False,83,0.3,319,0.0047927311727005905,0.0047927311727005905,0.0,3.2753585763939976,0.9955896234399667,-0.0002065973007872176,-0.0002065973007872176,1.0256971611656376,0.0,1.0253409856787457,1.0253409856787457,0.14632691538699077,0.1465295184083546,success,0.9998291718557999,0.9135533304907419,0.5,1.5153575015938298e-15,0.01,"[0.01, 0.02]",-1.4818902860326347e-16
0.14572572587523372,0.0,0.0001884417597568118,typ,2.7460812225767805e-05,True,0.15,0.4,8.599024916166005e-09,True,False,83,0.3,319,0.00942208798784059,0.00942208798784059,0.0,3.232815596302988,0.9826581081444862,-0.0002065973007872176,-0.0002065973007872176,1.0256971611656376,0.0,1.0253409856787457,1.0253409856787457,0.14572572587523372,0.1465295184083546,success,0.9998291718557999,0.9135533304907419,0.5,1.5153575015938298e-15,0.02,"[0.01, 0.02]",-0.0
0.11373341318474359,1.0842021724855044e-19,3.725154769524598e-05,arith,4.2367456657945935e-06,True,0.15,0.6,9.002368084356764e-09,True,False,84,0.3,351,0.003725154769524598,0.003725154769524598,0.0,3.275338939730596,0.9955836546100308,-3.3617975167758284e-06,-3.3617975167758284e-06,0.9717071868611672,0.0,0.9617469478910396,0.9717071868611672,0.11373341318474359,0.1138904401819158,success,0.9998396971171073,0.9998396971171073,0.5,2.5588938237362186e-15,0.01,"[0.01, 0.02]",-9.532837731022579e-17
0.1132629685589169,0.0,0.00014641497607716526,arith,1.658339483198254e-05,True,0.15,0.6,9.002368084356764e-09,True,False,84,0.3,351,0.007320748803858263,0.007320748803858263,0.0,3.2317486010664513,0.9823337804835663,-3.3617975167758284e-06,-3.3617975167758284e-06,0.9717071868611672,0.0,0.9617469478910396,0.9717071868611672,0.1132629685589169,0.1138904401819158,success,0.9998396971171073,0.9998396971171073,0.5,2.5588938237362186e-15,0.02,"[0.01, 0.02]",-0.0
0.11029229312898173,-1.0842021724855044e-19,3.609328367954893e-05,typ,3.980811023572303e-06,True,0.15,0.6,7.775041331160299e-09,True,False,85,0.3,199,0.003609328367954893,0.003609328367954893,0.0,3.272511855142907,0.9947243239399858,-0.0005318076500739372,-0.0005318076500739372,0.9748929112830177,0.0,0.9647941370608974,0.9647941370608974,0.11029229312898173,0.11047441662537447,success,0.9998302644006434,0.8113614329766385,0.5,1.381819162744473e-15,0.01,"[0.01, 0.02]",9.830262312322949e-17
0.10974807268736729,0.0,0.00014138477432929815,typ,1.5516706489978836e-05,True,0.15,0.6,7.775041331160299e-09,True,False,85,0.3,199,0.007069238716464908,0.007069238716464908,0.0,3.2206664515205756,0.9789652109556978,-0.0005318076500739372,-0.0005318076500739372,0.9748929112830177,0.0,0.9647941370608974,0.9647941370608974,0.10974807268736729,0.11047441662537447,success,0.9998302644006434,0.8113614329766385,0.5,1.381819162744473e-15,0.02,"[0.01, 0.02]",-0.0
0.07935582887201328,0.0,2.604373339078123e-05,arith,2.066722050147174e-06,True,0.15,0.8,8.80202288785791e-09,True,False,86,0.3,298,0.002604373339078123,0.002604373339078123,0.0,3.2818929322488835,0.9975758294486385,-4.882452765459563e-06,-4.882452765459563e-06,0.8848712254281718,0.0,0.8392234789428642,0.8848712254281718,0.07935582887201328,0.07941567274035852,success,0.9998394510458666,0.9998394510458666,0.5,2.271733466156286e-15,0.01,"[0.01, 0.02]",-0.0
0.07917432906278642,2.168404344971009e-19,0.00010315489557899764,arith,8.167219647008931e-06,True,0.15,0.8,8.80202288785791e-09,True,False,86,0.3,298,0.005157744778949882,0.005157744778949882,0.0,3.2572077591334647,0.9900724365732279,-4.882452765459563e-06,-4.882452765459563e-06,0.8848712254281718,0.0,0.8392234789428642,0.8848712254281718,0.07917432906278642,0.07941567274035852,success,0.9998394510458666,0.9998394510458666,0.5,2.271733466156286e-15,0.02,"[0.01, 0.02]",-1.3693859933132064e-16
0.06866493100793093,0.0,2.2476961935902345e-05,typ,1.5433790405966243e-06,True,0.15,0.8,8.030746981878628e-09,True,False,87,0.3,192,0.0022476961935902345,0.0022476961935902345,0.0,3.2734267122916374,0.9950024071675049,-0.0011816301348357076,-0.0011816301348357076,0.8975686261974071,0.0,0.8477797985833828,0.8477797985833828,0.06866493100793093,0.06877228309104541,success,0.9998311839469918,0.6804770440610315,0.5,1.10986329829899e-15,0.01,"[0.01, 0.02]",-0.0
0.06834371441213112,0.0,8.813992080945167e-05,typ,6.023809576109018e-06,True,0.15,0.8,8.030746981878628e-09,True,False,87,0.3,192,0.0044069960404725834,0.0044069960404725834,0.0,3.2241414432768485,0.9800214817893765,-0.0011816301348357076,-0.0011816301348357076,0.8975686261974071,0.0,0.8477797985833828,0.8477797985833828,0.06834371441213112,0.06877228309104541,success,0.9998311839469918,0.6804770440610315,0.5,1.10986329829899e-15,0.02,"[0.01, 0.02]",-0.0
0.055499927263700635,-1.6263032587282567e-19,1.8236278177971814e-05,arith,1.0121121124380468e-06,True,0.15,1.0,8.838413303744333e-09,True,False,88,0.3,260,0.0018236278177971813,0.0018236278177971813,0.0,3.28582019420035,0.998769573936827,-6.854136756343811e-06,-6.854136756343811e-06,0.7911449492070629,0.0,0.6888732218466643,0.7911449492070629,0.055499927263700635,0.05552114409430471,success,0.9998391178283808,0.9998391178283808,0.5,2.374572540333534e-15,0.01,"[0.01, 0.02]",2.93027998217203e-16
0.05543537007655143,1.0842021724855044e-19,7.258021228608881e-05,arith,4.023510928313998e-06,True,0.15,1.0,8.838413303744333e-09,True,False,88,0.3,260,0.0036290106143044404,0.0036290106143044404,0.0,3.273190572456801,0.9949306292647927,-6.854136756343811e-06,-6.854136756343811e-06,0.7911449492070629,0.0,0.6888732218466643,0.7911449492070629,0.05543537007655143,0.05552114409430471,success,0.9998391178283808,0.9998391178283808,0.5,2.374572540333534e-15,0.02,"[0.01, 0.02]",-9.778974786208835e-17
0.037730286854234386,-5.421010862427522e-20,1.234839394707465e-05,typ,4.6590844581221814e-07,True,0.15,1.0,8.05458738230389e-09,True,False,89,0.3,200,0.001234839394707465,0.001234839394707465,0.0,3.2728068023391708,0.9948139771370982,-0.002500112522021437,-0.002500112522021437,0.8161370767266202,0.0,0.6885169862735486,0.6885169862735486,0.037730286854234386,0.037791527183679535,success,0.999832653424315,0.5376031822391589,0.5,1.2852684436718603e-15,0.01,"[0.01, 0.02]",1.4367796575124989e-16
0.03754724760576959,0.0,4.838792140970565e-05,typ,1.8168332662987378e-06,True,0.15,1.0,8.05458738230389e-09,True,False,89,0.3,200,0.0024193960704852824,0.0024193960704852824,0.0,3.221802162288871,0.9793104256336549,-0.002500112522021437,-0.002500112522021437,0.8161370767266202,0.0,0.6885169862735486,0.6885169862735486,0.03754724760576959,0.037791527183679535,success,0.999832653424315,0.5376031822391589,0.5,1.2852684436718603e-15,0.02,"[0.01, 0.02]",-0.0
0.04019700151213096,5.421010862427522e-20,1.3215728928645591e-05,arith,5.312326757286797e-07,True,0.15,1.2,8.37191913639642e-09,True,False,90,0.3,233,0.001321572892864559,0.001321572892864559,0.0,3.287739988431039,0.9993531214082363,-9.289668113190638e-06,-9.289668113190638e-06,0.7048971038003131,0.0,0.5444761526323286,0.7048971038003131,0.04019700151213096,0.040205083748312456,success,0.9998387603656731,0.9998387603656731,0.5,2.933987082451336e-15,0.01,"[0.01, 0.02]",-1.3486107566484849e-16
0.04017243360693592,-1.0842021724855044e-19,5.272424235747784e-05,arith,2.118061125581777e-06,True,0.15,1.2,8.37191913639642e-09,True,False,90,0.3,233,0.002636212117873892,0.002636212117873892,0.0,3.2811207601557153,0.9973411172772724,-9.289668113190638e-06,-9.289668113190638e-06,0.7048971038003131,0.0,0.5444761526323286,0.7048971038003131,0.04017243360693592,0.040205083748312456,success,0.9998387603656731,0.9998387603656731,0.5,2.933987082451336e-15,0.02,"[0.01, 0.02]",1.349435514778364e-16
0.01779311597084545,2.710505431213761e-20,5.818835289963232e-06,typ,1.035352111295639e-07,True,0.15,1.2,7.989068032721271e-09,True,False,91,0.3,173,0.0005818835289963231,0.0005818835289963231,0.0,3.270273345881388,0.9940438987160715,-0.00598086907848994,-0.00598086907848994,0.7402416338859468,0.0,0.5037971800672673,0.5037971800672673,0.01779311597084545,0.01782631030016088,success,0.9998429471251238,0.3808062897817842,0.5,1.7516256612733105e-15,0.01,"[0.01, 0.02]",-1.5233450035704846e-16
0.01769408954792462,0.0,2.2732913356741135e-05,typ,4.0223820461938927e-07,True,0.15,1.2,7.989068032721271e-09,True,False,91,0.3,173,0.0011366456678370569,0.0011366456678370569,0.0,3.211936010492206,0.9763114750995556,-0.00598086907848994,-0.00598086907848994,0.7402416338859468,0.0,0.5037971800672673,0.5037971800672673,0.01769408954792462,0.01782631030016088,success,0.9998429471251238,0.3808062897817842,0.5,1.7516256612733105e-15,0.02,"[0.01, 0.02]",-0.0
0.030213998119073257,2.710505431213761e-20,9.936406480052794e-06,arith,3.0021856669866243e-07,True,0.15,1.4,8.603260592947918e-09,True,False,92,0.3,211,0.0009936406480052793,0.0009936406480052793,0.0,3.2886764740281804,0.9996377788957355,-1.2205177800012068e-05,-1.2205177800012068e-05,0.6304195658807004,0.0,0.4231547887585341,0.6304195658807004,0.030213998119073257,0.030217402701690745,success,0.9998383072005661,0.9998383072005661,0.5,2.2963237351696606e-15,0.01,"[0.01, 0.02]",-8.971025352327318e-17
0.030203670490108303,5.421010862427522e-20,3.968752405409141e-05,arith,1.1987088990980242e-06,True,0.15,1.4,8.603260592947918e-09,True,False,92,0.3,211,0.0019843762027045705,0.0019843762027045705,0.0,3.2849918081222174,0.9985177747629792,-1.2205177800012068e-05,-1.2205177800012068e-05,0.6304195658807004,0.0,0.4231547887585341,0.6304195658807004,0.030203670490108303,0.030217402701690745,success,0.9998383072005661,0.9998383072005661,0.5,2.2963237351696606e-15,0.02,"[0.01, 0.02]",-8.974092841138137e-17
0.006257116763283815,0.0,2.042167910713747e-06,typ,1.2778083067567273e-08,True,0.15,1.4,8.074788758754224e-09,True,False,93,0.3,186,0.0002042167910713747,0.0002042167910713747,0.0,3.2637522807581285,0.9920617326053792,-0.020819398488416456,-0.020819398488416456,0.6722633040576321,0.0,0.31033567326964806,0.31033567326964806,0.006257116763283815,0.0062727153365812645,success,0.9998282917592535,0.2153184597675911,0.5,3.3186077471621925e-15,0.01,"[0.01, 0.02]",-0.0
0.006210802396265649,-4.0657581468206416e-20,7.916426949181884e-06,typ,4.916736346584081e-08,True,0.15,1.4,8.074788758754224e-09,True,False,93,0.3,186,0.0003958213474590942,0.0003958213474590942,0.0,3.1865556348813198,0.9685967660050093,-0.020819398488416456,-0.020819398488416456,0.6722633040576321,0.0,0.31033567326964806,0.31033567326964806,0.006210802396265649,0.0062727153365812645,success,0.9998282917592535,0.2153184597675911,0.5,3.3186077471621925e-15,0.02,"[0.01, 0.02]",3.273134361242315e-16
0.02345288949331069,2.710505431213761e-20,7.714025569304087e-06,arith,1.8091618922546183e-07,True,0.15,1.6,8.124255311318662e-09,True,False,94,0.3,193,0.0007714025569304087,0.0007714025569304087,0.0,3.289157854730142,0.9997841010832514,-1.5620412852330057e-05,-1.5620412852330057e-05,0.5674921485347603,0.0,0.3278760297068203,0.5674921485347603,0.02345288949331069,0.023454465445307545,success,0.9998377480841315,0.9998377480841315,0.5,1.9229945990698565e-15,0.01,"[0.01, 0.02]",-1.1557234480582277e-16
0.023448116853524464,1.0842021724855044e-19,3.082933771477531e-05,arith,7.228899132528204e-07,True,0.15,1.6,8.124255311318662e-09,True,False,94,0.3,193,0.0015414668857387656,0.0015414668857387656,0.0,3.286973737311167,0.9991202089969382,-1.5620412852330057e-05,-1.5620412852330057e-05,0.5674921485347603,0.0,0.3278760297068203,0.5674921485347603,0.023448116853524464,0.023454465445307545,success,0.9998377480841315,0.9998377480841315,0.5,1.9229945990698565e-15,0.02,"[0.01, 0.02]",-2.311917369011531e-16
0.001034022536137176,0.0,3.359897042635289e-07,typ,3.474209261185539e-10,True,0.15,1.6,8.018555683837362e-09,True,False,95,0.3,204,3.359897042635289e-05,3.359897042635289e-05,0.0,3.249346049252409,0.9876827633214241,-0.16058036854198604,-0.16058036854198604,0.5997486396905074,0.0,0.12798169414266314,0.12798169414266314,0.001034022536137176,0.0010306729142529752,success,0.9998099084030057,0.0786917855257063,0.5,4.7838627446923505e-15,0.01,"[0.01, 0.02]",-0.0
0.0010211847909262803,0.0,1.270488410960691e-06,typ,1.2974034423211554e-09,True,0.15,1.6,8.018555683837362e-09,True,False,95,0.3,204,6.352442054803454e-05,6.352442054803454e-05,0.0,3.1103293504015963,0.9454267539005798,-0.16058036854198604,-0.16058036854198604,0.5997486396905074,0.0,0.12798169414266314,0.12798169414266314,0.0010211847909262803,0.0010306729142529752,success,0.9998099084030057,0.0786917855257063,0.5,4.7838627446923505e-15,0.02,"[0.01, 0.02]",-0.0
0.018697474661881815,-2.710505431213761e-20,6.150383820426849e-06,arith,1.149966456432789e-07,True,0.15,1.8,8.047350828614657e-09,True,False,96,0.3,179,0.000615038382042685,0.000615038382042685,0.0,3.2894195241058513,0.9998636390358608,-1.95591205448735e-05,-1.95591205448735e-05,0.5145175212130632,0.0,0.2552836191529141,0.5145175212130632,0.018697474661881815,0.01869829048361591,success,0.9998371434428146,0.9998371434428146,0.5,2.041037735772171e-15,0.01,"[0.01, 0.02]",1.449663914635283e-16
0.01869507876167019,5.421010862427522e-20,2.4588159636725133e-05,arith,4.5967758101309625e-07,True,0.15,1.8,8.047350828614657e-09,True,False,96,0.3,179,0.0012294079818362567,0.0012294079818362567,0.0,3.2880524268153,0.9994480912889622,-1.95591205448735e-05,-1.95591205448735e-05,0.5145175212130632,0.0,0.2552836191529141,0.5145175212130632,0.01869507876167019,0.01869829048361591,success,0.9998371434428146,0.9998371434428146,0.5,2.041037735772171e-15,0.02,"[0.01, 0.02]",-1.449849698826093e-16
5.2900327018054236e-05,2.117582368135751e-22,1.5579468801379887e-08,typ,8.241589943605695e-13,True,0.15,1.8,7.754407025758194e-09,True,False,97,0.3,173,1.5579468801379886e-06,1.5579468801379886e-06,0.0,2.945060962678511,0.8951911879122885,-1.8417164380262547,-1.8417164380262547,0.9905484209179715,0.0,0.03370289784376386,0.03370289784376386,5.2900327018054236e-05,7.102601771761219e-05,success,0.9998130104031482,0.0226936106885298,0.5,5.056484668248092e-15,0.01,"[0.01, 0.02]",-4.0029664985115233e-16
5.0491587192987445e-05,2.117582368135751e-22,6.291943274515536e-08,typ,3.176902024585321e-12,True,0.15,1.8,7.754407025758194e-09,True,False,97,0.3,173,3.1459716372577678e-06,3.1459716372577678e-06,0.0,3.115342388855126,0.9469505348698484,-1.8417164380262547,-1.8417164380262547,0.9905484209179715,0.0,0.03370289784376386,0.03370289784376386,5.0491587192987445e-05,7.102601771761219e-05,success,0.9998130104031482,0.0226936106885298,0.5,5.056484668248092e-15,0.02,"[0.01, 0.02]",-2.09696554006313e-16
0.015238905736516501,0.0,5.012993203528536e-06,arith,7.639253088636924e-08,True,0.15,2.0,8.462529124628015e-09,True,False,98,0.3,167,0.0005012993203528536,0.0005012993203528536,0.0,3.289601819319652,0.9999190501363647,-2.4049528227298002e-05,-2.4049528227298002e-05,0.46973323977672754,0.0,0.20053048928458184,0.46973323977672754,0.015238905736516501,0.015239067399266077,success,0.9998364514521023,0.9998364514521023,0.5,2.2766636974319855e-15,0.01,"[0.01, 0.02]",-0.0
0.015237673192798116,0.0,2.0044711080630498e-05,arith,3.054347566907067e-07,True,0.15,2.0,8.462529124628015e-09,True,False,98,0.3,167,0.0010022355540315248,0.0010022355540315248,0.0,3.2886764972266835,0.9996377859472348,-2.4049528227298002e-05,-2.4049528227298002e-05,0.46973323977672754,0.0,0.20053048928458184,0.46973323977672754,0.015237673192798116,0.015239067399266077,success,0.9998364514521023,0.9998364514521023,0.5,2.2766636974319855e-15,0.02,"[0.01, 0.02]",-0.0
7.1050531889468354e-06,-1.3234889800848443e-23,2.5992258734714363e-09,typ,1.8467638081101352e-14,True,0.15,2.0,6.0341482259788964e-09,True,False,99,0.3,108,2.599225873471436e-07,2.599225873471436e-07,0.0,3.6582778542952936,1.1119831268692526,-6.119782438044098,-6.119782438044098,0.09847726419061302,0.0,0.009387813863423411,0.009387813863423411,7.1050531889468354e-06,5.508390212456523e-06,success,0.9998705587121696,0.01206299399420884,0.5,8.927393634720763e-15,0.01,"[0.01, 0.02]",1.8627432404640756e-16
7.380656270159637e-06,2.6469779601696886e-23,9.493149141398911e-09,typ,7.006567073402645e-14,True,0.15,2.0,6.0341482259788964e-09,True,False,99,0.3,108,4.746574570699456e-07,4.746574570699456e-07,0.0,3.215550485591704,0.9774101437855364,-6.119782438044098,-6.119782438044098,0.09847726419061302,0.0,0.009387813863423411,0.009387813863423411,7.380656270159637e-06,5.508390212456523e-06,success,0.9998705587121696,0.01206299399420884,0.5,8.927393634720763e-15,0.02,"[0.01, 0.02]",-1.7931860415120216e-16
0.012650434352287975,-2.710505431213761e-20,4.161670628228214e-06,arith,5.264694107824607e-08,True,0.15,2.2,8.07174284464171e-09,True,False,100,0.3,159,0.00041616706282282133,0.00041616706282282133,0.0,3.289745246949191,0.9999626469079403,-2.9124938778554623e-05,-2.9124938778554623e-05,0.431601306109707,0.0,0.15920528832595476,0.431601306109707,0.012650434352287975,0.012650132200398546,success,0.999835687544365,0.999835687544365,0.5,2.742425243835166e-15,0.01,"[0.01, 0.02]",2.1426184712175793e-16
0.012649825598191994,5.421010862427522e-20,1.66424028917648e-05,arith,2.1052349411567082e-07,True,0.15,2.2,8.07174284464171e-09,True,False,100,0.3,159,0.0008321201445882399,0.0008321201445882399,0.0,3.2890577744691303,0.9997536803317366,-2.9124938778554623e-05,-2.9124938778554623e-05,0.431601306109707,0.0,0.15920528832595476,0.431601306109707,0.012649825598191994,0.012650132200398546,success,0.999835687544365,0.999835687544365,0.5,2.742425243835166e-15,0.02,"[0.01, 0.02]",-2.1427215815537934e-16
2.331628168709645e-06,-9.926167350636332e-24,8.039091672864625e-10,typ,1.8744172595290302e-15,True,0.15,2.2,5.1965226146034115e-09,True,False,101,0.3,78,8.039091672864626e-08,8.039091672864626e-08,0.0,3.4478446352419776,1.0480190983728046,-11.71133279412256,-11.71133279412256,0.08214052212233391,0.0,0.005682283397860558,0.005682283397860558,2.331628168709645e-06,2.018048334445226e-06,success,0.9998564116334284,0.008485126725923962,0.5,1.148598847835386e-14,0.01,"[0.01, 0.02]",4.257182806351842e-16
2.3704353616545846e-06,-6.617444900424222e-24,3.081544981963639e-09,typ,7.304603193775849e-15,True,0.15,2.2,5.1965226146034115e-09,True,False,101,0.3,78,1.5407724909818196e-07,1.5407724909818196e-07,0.0,3.249977864628097,0.9878748121665486,-11.71133279412256,-11.71133279412256,0.08214052212233391,0.0,0.005682283397860558,0.005682283397860558,2.3704353616545846e-06,2.018048334445226e-06,success,0.9998564116334284,0.008485126725923962,0.5,1.148598847835386e-14,0.02,"[0.01, 0.02]",1.3958290125669544e-16
0.010667511466223276,-1.3552527156068805e-20,3.507898494860613e-06,arith,3.7420547416272965e-08,True,0.15,2.4,8.053697946195534e-09,True,False,102,0.3,151,0.0003507898494860613,0.0003507898494860613,0.0,3.288394398232176,0.9995520381351514,-3.4824467786409574e-05,-3.4824467786409574e-05,0.39901785302448306,0.0,0.12785339053309663,0.39901785302448306,0.010667511466223276,0.010673445474458244,success,0.9998348081335815,0.9998348081335815,0.5,2.762959642430044e-15,0.01,"[0.01, 0.02]",1.2704488013891902e-16
0.010665248959967559,2.710505431213761e-20,1.4031814082228707e-05,arith,1.4965279054694786e-07,True,0.15,2.4,8.053697946195534e-09,True,False,102,0.3,151,0.0007015907041114353,0.0007015907041114353,0.0,3.289143585606319,0.9997797637897056,-3.4824467786409574e-05,-3.4824467786409574e-05,0.39901785302448306,0.0,0.12785339053309663,0.39901785302448306,0.010665248959967559,0.010673445474458244,success,0.9998348081335815,0.9998348081335815,0.5,2.762959642430044e-15,0.02,"[0.01, 0.02]",-1.2707183120561706e-16
1.168175665587133e-06,1.6543612251060553e-24,3.32102616350283e-10,typ,3.8795419489822014e-16,True,0.15,2.4,4.49858586482315e-09,True,False,103,0.3,67,3.32102616350283e-08,3.32102616350283e-08,0.0,2.8429167473144203,0.8641430695035659,-18.161938926542813,-18.161938926542813,0.699573840044831,0.0,0.004785776646104914,0.004785776646104914,1.168175665587133e-06,1.4314921147642318e-06,success,0.9998299456241566,0.0066476499267489435,0.5,8.56134988981051e-15,0.01,"[0.01, 0.02]",-1.4161921651351658e-16
1.101208224263558e-06,6.617444900424222e-24,1.4135938921425982e-09,typ,1.5566612197961622e-15,True,0.15,2.4,4.49858586482315e-09,True,False,103,0.3,67,7.067969460712991e-08,7.067969460712991e-08,0.0,3.2091884645339226,0.9754763212737406,-18.161938926542813,-18.161938926542813,0.699573840044831,0.0,0.004785776646104914,0.004785776646104914,1.101208224263558e-06,1.4314921147642318e-06,success,0.9998299456241566,0.0066476499267489435,0.5,8.56134988981051e-15,0.02,"[0.01, 0.02]",-3.004629258399197e-16
0.052900895500139745,1.0842021724855044e-19,1.935379021858638e-05,arith,1.0238328338850648e-06,True,0.2,0.0,9.484181137913799e-09,True,False,104,0.4,594,0.001935379021858638,0.001935379021858638,0.0,3.658499546295063,1.1120505131567144,-2.5298100989994132e-06,-2.5298100989994132e-06,0.7658742063895418,0.0,0.7658742063895418,0.7658742063895418,0.052900895500139745,0.05051679360393808,success,0.999839842416754,0.999839842416754,0.5,2.0726884630526523e-15,0.01,"[0.01, 0.02]",-2.0494968227572637e-16
0.0575919349364339,0.0,9.484540328034399e-05,arith,5.462330294741406e-06,True,0.2,0.0,9.484181137913799e-09,True,False,104,0.4,594,0.0047422701640172,0.0047422701640172,0.0,4.117130436103074,1.2514575869875733,-2.5298100989994132e-06,-2.5298100989994132e-06,0.7658742063895418,0.0,0.7658742063895418,0.7658742063895418,0.0575919349364339,0.05051679360393808,success,0.999839842416754,0.999839842416754,0.5,2.0726884630526523e-15,0.02,"[0.01, 0.02]",-0.0
0.05290094482963125,0.0,1.935384087130059e-05,typ,1.023836468174135e-06,True,0.2,0.0,8.865878984030133e-09,True,False,105,0.4,377,0.001935384087130059,0.001935384087130059,0.0,3.6585057097997202,1.1120523866374763,-7.3534329365135525e-06,-7.3534329365135525e-06,0.7658742063895418,0.0,0.7658742063895418,0.7658742063895418,0.05290094482963125,0.05051679360393808,success,0.9998280619330437,0.9998280619330437,0.5,3.257153390434241e-15,0.01,"[0.01, 0.02]",-0.0
0.057592059483764044,0.0,9.484580162737821e-05,typ,5.4623650491092505e-06,True,0.2,0.0,8.865878984030133e-09,True,False,105,0.4,377,0.0047422900813689104,0.0047422900813689104,0.0,4.117138824238283,1.251460136674937,-7.3534329365135525e-06,-7.3534329365135525e-06,0.7658742063895418,0.0,0.7658742063895418,0.7658742063895418,0.057592059483764044,0.05051679360393808,success,0.9998280619330437,0.9998280619330437,0.5,3.257153390434241e-15,0.02,"[0.01, 0.02]",-0.0
0.06595474568109824,1.0842021724855044e-19,2.2695229313920485e-05,arith,1.4968580775738312e-06,True,0.2,0.2,9.556428628983855e-09,True,False,106,0.4,521,0.0022695229313920485,0.0022695229313920485,0.0,3.441030524726083,1.0459478571439842,-2.7471551239659654e-06,-2.7471551239659654e-06,0.832405326739299,0.0,0.8311993177465709,0.832405326739299,0.06595474568109824,0.06485717961903723,success,0.9998397858188641,0.9998397858188641,0.5,3.2392383969692793e-15,0.01,"[0.01, 0.02]",-1.6438577107518474e-16
0.06846074150038559,0.0,0.00010102241433421912,arith,6.916069393479823e-06,True,0.2,0.2,9.556428628983855e-09,True,False,106,0.4,521,0.005051120716710956,0.005051120716710956,0.0,3.689063692570805,1.1213408995897418,-2.7471551239659654e-06,-2.7471551239659654e-06,0.832405326739299,0.0,0.8311993177465709,0.832405326739299,0.06846074150038559,0.06485717961903723,success,0.9998397858188641,0.9998397858188641,0.5,3.2392383969692793e-15,0.02,"[0.01, 0.02]",-0.0
0.06552131945819831,5.421010862427522e-20,2.2464586623383882e-05,typ,1.4719093566471038e-06,True,0.2,0.2,8.880236845775272e-09,True,False,107,0.4,364,0.0022464586623383884,0.0022464586623383884,0.0,3.4285919162107192,1.0421669735310632,-5.715163664993077e-05,-5.715163664993077e-05,0.832350347200676,0.0,0.8311358116470581,0.8311358116470581,0.06552131945819831,0.06454539283754994,success,0.9998283211065055,0.9761629200549787,0.5,3.9428298740448135e-15,0.01,"[0.01, 0.02]",-8.273659485575609e-17
0.06784136167548294,2.168404344971009e-19,9.968884159205798e-05,typ,6.763026757456731e-06,True,0.2,0.2,8.880236845775272e-09,True,False,107,0.4,364,0.0049844420796028984,0.0049844420796028984,0.0,3.673601145747799,1.1166408489510455,-5.715163664993077e-05,-5.715163664993077e-05,0.832350347200676,0.0,0.8311358116470581,0.8311358116470581,0.06784136167548294,0.06454539283754994,success,0.9998283211065055,0.9761629200549787,0.5,3.9428298740448135e-15,0.02,"[0.01, 0.02]",-1.5981432944576675e-16
0.08884292881997874,1.0842021724855044e-19,2.9193769345897044e-05,arith,2.5936599719844086e-06,True,0.2,0.4,9.390780669334533e-09,True,False,108,0.4,418,0.0029193769345897042,0.0029193769345897042,0.0,3.285998079267737,0.9988236445135668,-3.4005778040951257e-06,-3.4005778040951257e-06,0.9130465787682562,0.0,0.9087232554335979,0.9130465787682562,0.08884292881997874,0.08887546438359763,success,0.9998396517572984,0.9998396517572984,0.5,2.3422304295226276e-15,0.01,"[0.01, 0.02]",-1.2203584313191756e-16
0.08874441482562712,-4.336808689942018e-19,0.00011622257776516583,arith,1.0314104653295583e-05,True,0.2,0.4,9.390780669334533e-09,True,False,108,0.4,418,0.005811128888258291,0.005811128888258291,0.0,3.2740814730011523,0.9952014305577765,-3.4005778040951257e-06,-3.4005778040951257e-06,0.9130465787682562,0.0,0.9087232554335979,0.9130465787682562,0.08874441482562712,0.08887546438359763,success,0.9998396517572984,0.9998396517572984,0.5,2.3422304295226276e-15,0.02,"[0.01, 0.02]",2.4434262699592775e-16
0.08766628269417691,0.0,2.882415655141046e-05,typ,2.5269066566571607e-06,True,0.2,0.4,7.36496569703703e-09,True,False,109,0.4,316,0.0028824156551410457,0.0028824156551410457,0.0,3.28794100372241,0.999414222729992,-0.00021485549020570037,-0.00021485549020570037,0.9141318883515664,0.0,0.9097058846646747,0.9097058846646747,0.08766628269417691,0.0876816061011951,success,0.9998290251196101,0.9110837263981806,0.5,1.5827479017432486e-15,0.01,"[0.01, 0.02]",-0.0
0.08761513893804375,4.336808689942018e-19,0.00011497043688245188,typ,1.007315080122361e-05,True,0.2,0.4,7.36496569703703e-09,True,False,109,0.4,316,0.005748521844122594,0.005748521844122594,0.0,3.280552832420667,0.9971684879462572,-0.00021485549020570037,-0.00021485549020570037,0.9141318883515664,0.0,0.9097058846646747,0.9097058846646747,0.08761513893804375,0.0876816061011951,success,0.9998290251196101,0.9110837263981806,0.5,1.5827479017432486e-15,0.02,"[0.01, 0.02]",-2.474919712795726e-16
0.09007614788688534,-2.168404344971009e-19,2.945455045035187e-05,arith,2.6531524423076203e-06,True,0.2,0.6,9.13335296157961e-09,True,False,110,0.4,340,0.002945455045035187,0.002945455045035187,0.0,3.2699611541270532,0.9939490038018538,-4.494265610538624e-06,-4.494265610538624e-06,0.9168147097490976,0.0,0.9128916356038103,0.9168147097490976,0.09007614788688534,0.0902474244739347,success,0.9998394943780036,0.9998394943780036,0.5,2.4603982464802894e-15,0.01,"[0.01, 0.02]",2.4073013731604286e-16
0.08956953319105718,-2.168404344971009e-19,0.00011508634796622444,arith,1.0308230463998295e-05,True,0.2,0.6,9.13335296157961e-09,True,False,110,0.4,340,0.005754317398311222,0.005754317398311222,0.0,3.2122068706314,0.9763938067092697,-4.494265610538624e-06,-4.494265610538624e-06,0.9168147097490976,0.0,0.9128916356038103,0.9168147097490976,0.08956953319105718,0.0902474244739347,success,0.9998394943780036,0.9998394943780036,0.5,2.4603982464802894e-15,0.02,"[0.01, 0.02]",1.2104586613986658e-16
0.0890665091550442,-2.168404344971009e-19,2.913368413549607e-05,typ,2.594835544774327e-06,True,0.2,0.6,7.855216584826754e-09,True,False,111,0.4,198,0.002913368413549607,0.002913368413549607,0.0,3.2710032549699526,0.9942657644744856,-0.000532940451262641,-0.000532940451262641,0.9180126376504782,0.0,0.9140183769793152,0.9140183769793152,0.0890665091550442,0.089226690213597,success,0.9998301014704671,0.8118527847010357,0.5,1.0887382959308471e-15,0.01,"[0.01, 0.02]",2.4345900221555983e-16
0.08859024029375764,0.0,0.00011394087812897284,typ,1.0094049772727459e-05,True,0.2,0.6,7.855216584826754e-09,True,False,111,0.4,198,0.0056970439064486416,0.0056970439064486416,0.0,3.215390254929737,0.9773614395045574,-0.000532940451262641,-0.000532940451262641,0.9180126376504782,0.0,0.9140183769793152,0.9140183769793152,0.08859024029375764,0.089226690213597,success,0.9998301014704671,0.8118527847010357,0.5,1.0887382959308471e-15,0.02,"[0.01, 0.02]",-0.0
0.07201627508235678,0.0,2.3607437551921368e-05,arith,1.7001197167287285e-06,True,0.2,0.8,9.081355639782909e-09,True,False,112,0.4,289,0.002360743755192137,0.002360743755192137,0.0,3.2780697869924875,0.9964137326407947,-6.0352807126362335e-06,-6.0352807126362335e-06,0.860060729967258,0.0,0.8401335626533674,0.860060729967258,0.07201627508235678,0.07209669036055952,success,0.9998392818134849,0.9998392818134849,0.5,2.694839781656443e-15,0.01,"[0.01, 0.02]",-0.0
0.07177296919429818,0.0,9.306861554411115e-05,arith,6.679810876403471e-06,True,0.2,0.8,9.081355639782909e-09,True,False,112,0.4,289,0.004653430777205558,0.004653430777205558,0.0,3.24177112180503,0.9853802614765044,-6.0352807126362335e-06,-6.0352807126362335e-06,0.860060729967258,0.0,0.8401335626533674,0.860060729967258,0.07177296919429818,0.07209669036055952,success,0.9998392818134849,0.9998392818134849,0.5,2.694839781656443e-15,0.02,"[0.01, 0.02]",-0.0
0.06780861073633165,5.421010862427522e-20,2.2190277599628447e-05,typ,1.5046918958843453e-06,True,0.2,0.8,7.892058353737336e-09,True,False,113,0.4,195,0.0022190277599628445,0.0022190277599628445,0.0,3.272486688440434,0.9947166741797371,-0.0011347842487062017,-0.0011347842487062017,0.8654889046086632,0.0,0.844522410890896,0.844522410890896,0.06780861073633165,0.06792068055258718,success,0.9998314967295783,0.6888572141542206,0.5,1.2259407027351261e-15,0.01,"[0.01, 0.02]",-7.994575915301801e-17
0.0674732509747809,2.168404344971009e-19,8.691526002682111e-05,typ,5.864455153328042e-06,True,0.2,0.8,7.892058353737336e-09,True,False,113,0.4,195,0.004345763001341056,0.004345763001341056,0.0,3.2203598748823796,0.9788720228321205,-0.0011347842487062017,-0.0011347842487062017,0.8654889046086632,0.0,0.844522410890896,0.844522410890896,0.0674732509747809,0.06792068055258718,success,0.9998314967295783,0.6888572141542206,0.5,1.2259407027351261e-15,0.02,"[0.01, 0.02]",-1.6068622110571504e-16
0.05321143326129732,-5.421010862427522e-20,1.7475202979581512e-05,arith,9.298805970756257e-07,True,0.2,1.0,8.775459788788098e-09,True,False,114,0.4,255,0.0017475202979581512,0.0017475202979581512,0.0,3.284106799711386,0.9982487644638226,-8.033687635585146e-06,-8.033687635585146e-06,0.7799318029047358,0.0,0.7163006090509002,0.7799318029047358,0.05321143326129732,0.05324036626371775,success,0.9998389373046491,0.9998389373046491,0.5,2.606628913684219e-15,0.01,"[0.01, 0.02]",1.0187680598279295e-16
0.05312325904583967,1.0842021724855044e-19,6.940127833768533e-05,arith,3.6868220872452793e-06,True,0.2,1.0,8.775459788788098e-09,True,False,114,0.4,255,0.0034700639168842667,0.0034700639168842667,0.0,3.266049541397652,0.9927600161067737,-8.033687635585146e-06,-8.033687635585146e-06,0.7799318029047358,0.0,0.7163006090509002,0.7799318029047358,0.05312325904583967,0.05324036626371775,success,0.9998389373046491,0.9998389373046491,0.5,2.606628913684219e-15,0.02,"[0.01, 0.02]",-1.0204590154662331e-16
0.04257499514368094,5.421010862427522e-20,1.3935552848734372e-05,typ,5.933060948593749e-07,True,0.2,1.0,8.105606902635883e-09,True,False,115,0.4,200,0.0013935552848734372,0.0013935552848734372,0.0,3.273177789382018,0.9949267436759899,-0.0021990991877868663,-0.0021990991877868663,0.7949464636184248,0.0,0.7205528705349556,0.7205528705349556,0.04257499514368094,0.04264257119107954,success,0.9998326127433119,0.5633111652727805,0.5,1.3017777699781454e-15,0.01,"[0.01, 0.02]",-1.2732851393483057e-16
0.04237283563347573,0.0,5.462987824418868e-05,typ,2.3148228515177983e-06,True,0.2,1.0,8.105606902635883e-09,True,False,115,0.4,200,0.002731493912209434,0.002731493912209434,0.0,3.2231662943646344,0.9797250720633374,-0.0021990991877868663,-0.0021990991877868663,0.7949464636184248,0.0,0.7205528705349556,0.7205528705349556,0.04237283563347573,0.04264257119107954,success,0.9998326127433119,0.5633111652727805,0.5,1.3017777699781454e-15,0.02,"[0.01, 0.02]",-0.0
0.039394767203820284,-5.421010862427522e-20,1.294913089035657e-05,arith,5.101279969173951e-07,True,0.2,1.2,8.474801565927279e-09,True,False,116,0.4,226,0.0012949130890356569,0.0012949130890356569,0.0,3.2870179999695073,0.9991336632317408,-1.05027383317136e-05,-1.05027383317136e-05,0.6995703461995283,0.0,0.5797394882422741,0.6995703461995283,0.039394767203820284,0.039405365319666805,success,0.9998385734557727,0.9998385734557727,0.5,2.817441268768179e-15,0.01,"[0.01, 0.02]",1.376073841071416e-16
0.03936247629418518,0.0,5.161357344610094e-05,arith,2.0316380612303337e-06,True,0.2,1.2,8.474801565927279e-09,True,False,116,0.4,226,0.002580678672305047,0.002580678672305047,0.0,3.2780949209314327,0.9964213724421253,-1.05027383317136e-05,-1.05027383317136e-05,0.6995703461995283,0.0,0.5797394882422741,0.6995703461995283,0.03936247629418518,0.039405365319666805,success,0.9998385734557727,0.9998385734557727,0.5,2.817441268768179e-15,0.02,"[0.01, 0.02]",-0.0
0.022792627984935414,-2.710505431213761e-20,7.457432712237677e-06,typ,1.6997448953272127e-07,True,0.2,1.2,8.279253945745322e-09,True,False,117,0.4,204,0.0007457432712237676,0.0007457432712237676,0.0,3.2718617252765236,0.9945267081572362,-0.004501890725039696,-0.004501890725039696,0.7248117026365577,0.0,0.561026801813216,0.561026801813216,0.022792627984935414,0.02283167990597448,success,0.9998337290254067,0.4298005128238861,0.5,1.4435970624717191e-15,0.01,"[0.01, 0.02]",1.1892026812376553e-16
0.022675963316760223,5.421010862427522e-20,2.9189245472963104e-05,typ,6.618942595888208e-07,True,0.2,1.2,8.279253945745322e-09,True,False,117,0.4,204,0.0014594622736481553,0.0014594622736481553,0.0,3.2180821896316965,0.9781796895354287,-0.004501890725039696,-0.004501890725039696,0.7248117026365577,0.0,0.561026801813216,0.561026801813216,0.022675963316760223,0.02283167990597448,success,0.9998337290254067,0.4298005128238861,0.5,1.4435970624717191e-15,0.02,"[0.01, 0.02]",-1.1953209631497227e-16
0.02989407796858769,2.710505431213761e-20,9.830245426974576e-06,arith,2.9386612324433056e-07,True,0.2,1.4,8.41353204577613e-09,True,False,118,0.4,208,0.0009830245426974576,0.0009830245426974576,0.0,3.288358797118302,0.9995412166941613,-1.3459121470343503e-05,-1.3459121470343503e-05,0.6277146994538425,0.0,0.45659537144493945,0.6277146994538425,0.02989407796858769,0.029898341041866942,success,0.9998380994419445,0.9998380994419445,0.5,2.088746163130444e-15,0.01,"[0.01, 0.02]",-9.067031383479781e-17
0.029881120242355563,-5.421010862427522e-20,3.924784620442352e-05,arith,1.1727696116878577e-06,True,0.2,1.4,8.41353204577613e-09,True,False,118,0.4,208,0.001962392310221176,0.001962392310221176,0.0,3.283665897236921,0.9981147461820716,-1.3459121470343503e-05,-1.3459121470343503e-05,0.6277146994538425,0.0,0.45659537144493945,0.6277146994538425,0.029881120242355563,0.029898341041866942,success,0.9998380994419445,0.9998380994419445,0.5,2.088746163130444e-15,0.02,"[0.01, 0.02]",9.070963234409477e-17
0.009702371426222881,1.3552527156068805e-20,3.1704855795177072e-06,typ,3.076122869396429e-08,True,0.2,1.4,7.795945212491564e-09,True,False,119,0.4,189,0.00031704855795177073,0.00031704855795177073,0.0,3.2677429467900434,0.9932747496230039,-0.012189360658148268,-0.012189360658148268,0.6608274250062619,0.0,0.38202085941804537,0.38202085941804537,0.009702371426222881,0.009722816462729392,success,0.999846485831489,0.2776419426597014,0.5,1.9625957467048787e-15,0.01,"[0.01, 0.02]",-1.3968262562531873e-16
0.009641436431870638,2.710505431213761e-20,1.2348708499285983e-05,typ,1.1905928801156647e-07,True,0.2,1.4,7.795945212491564e-09,True,False,119,0.4,189,0.0006174354249642992,0.0006174354249642992,0.0,3.2019887769176734,0.9732878786603403,-0.012189360658148268,-0.012189360658148268,0.6608274250062619,0.0,0.38202085941804537,0.38202085941804537,0.009641436431870638,0.009722816462729392,success,0.999846485831489,0.2776419426597014,0.5,1.9625957467048787e-15,0.02,"[0.01, 0.02]",-1.405654359890784e-16
0.023310191718708784,2.710505431213761e-20,7.666740736269967e-06,arith,1.787131964200875e-07,True,0.2,1.6,8.192837369873934e-09,True,False,120,0.4,192,0.0007666740736269967,0.0007666740736269967,0.0,3.2890080136563755,0.9997385548583946,-1.6923285391001915e-05,-1.6923285391001915e-05,0.5660253948434418,0.0,0.3561412576192936,0.5660253948434418,0.023310191718708784,0.023312087464788394,success,0.9998375775950048,0.9998375775950048,0.5,2.381217525676511e-15,0.01,"[0.01, 0.02]",-1.1627984290829776e-16
0.023304442275362602,5.421010862427522e-20,3.0634642089675535e-05,arith,7.13923248205237e-07,True,0.2,1.6,8.192837369873934e-09,True,False,120,0.4,192,0.0015317321044837767,0.0015317321044837767,0.0,3.286352203552024,0.9989312853884881,-1.6923285391001915e-05,-1.6923285391001915e-05,0.5660253948434418,0.0,0.3561412576192936,0.5660253948434418,0.023304442275362602,0.023312087464788394,success,0.9998375775950048,0.9998375775950048,0.5,2.381217525676511e-15,0.02,"[0.01, 0.02]",-1.1630853033025813e-16
0.002506880954742963,0.0,8.161818438473614e-07,typ,2.046070719947945e-09,True,0.2,1.6,8.294850115627248e-09,True,False,121,0.4,204,8.161818438473613e-05,8.161818438473613e-05,0.0,3.2557662632649684,0.9896342743703931,-0.06054958566205677,-0.06054958566205677,0.6031025652568245,0.0,0.19891955060548908,0.19891955060548908,0.002506880954742963,0.0025143104224952164,success,0.9998146909524122,0.12826299068098745,0.5,3.4497002845322047e-15,0.01,"[0.01, 0.02]",-0.0
0.0024825735882669903,-6.776263578034403e-21,3.1325761052802463e-06,typ,7.776850702205015e-09,True,0.2,1.6,8.294850115627248e-09,True,False,121,0.4,204,0.0001566288052640123,0.0001566288052640123,0.0,3.1545652061284946,0.9588728416856229,-0.06054958566205677,-0.06054958566205677,0.6031025652568245,0.0,0.19891955060548908,0.19891955060548908,0.0024825735882669903,0.0025143104224952164,success,0.9998146909524122,0.12826299068098745,0.5,3.4497002845322047e-15,0.02,"[0.01, 0.02]",1.3647659046362262e-16
0.01862769786077803,-2.710505431213761e-20,6.12729024519815e-06,arith,1.1413731139284367e-07,True,0.2,1.8,8.253870761935325e-09,True,False,122,0.4,177,0.000612729024519815,0.000612729024519815,0.0,3.289343799213967,0.9998406214288301,-2.0919847413205248e-05,-2.0919847413205248e-05,0.5136740831926742,0.0,0.2780083486681651,0.5136740831926742,0.01862769786077803,0.018628641685427712,success,0.9998369502655673,0.9998369502655673,0.5,2.2349113868034264e-15,0.01,"[0.01, 0.02]",1.4550941568152265e-16
0.018624905114793693,-5.421010862427522e-20,2.4493537262341818e-05,arith,4.5618980743678e-07,True,0.2,1.8,8.253870761935325e-09,True,False,122,0.4,177,0.0012246768631170909,0.0012246768631170909,0.0,3.2877398718781516,0.9993530859804068,-2.0919847413205248e-05,-2.0919847413205248e-05,0.5136740831926742,0.0,0.2780083486681651,0.5136740831926742,0.018624905114793693,0.018628641685427712,success,0.9998369502655673,0.9998369502655673,0.5,2.2349113868034264e-15,0.02,"[0.01, 0.02]",1.4553123436107155e-16
0.00018216286085737799,-2.117582368135751e-22,5.598443847312289e-08,typ,1.0198285475757924e-11,True,0.2,1.8,8.404566591503392e-09,True,False,123,0.4,223,5.598443847312289e-06,5.598443847312289e-06,0.0,3.0733179205477654,0.9341766282573234,-0.7416083781010152,-0.7416083781010152,0.7025590830187404,0.0,0.05790035140227289,0.05790035140227289,0.00018216286085737799,0.00020981763083210964,success,0.9998738059296182,0.03632734557167662,0.5,6.071642061814328e-15,0.01,"[0.01, 0.02]",1.1624665742341872e-16
0.00017604256356070825,-4.235164736271502e-22,2.1627607073555707e-07,typ,3.807379392912454e-11,True,0.2,1.8,8.404566591503392e-09,True,False,123,0.4,223,1.0813803536777853e-05,1.0813803536777853e-05,0.0,3.0713605045431853,0.9335816451379298,-0.7416083781010152,-0.7416083781010152,0.7025590830187404,0.0,0.05790035140227289,0.05790035140227289,0.00017604256356070825,0.00020981763083210964,success,0.9998738059296182,0.03632734557167662,0.5,6.071642061814328e-15,0.02,"[0.01, 0.02]",1.202880897269769e-16
0.015202146430706241,-1.3552527156068805e-20,5.000829053340796e-06,arith,7.602333554381685e-08,True,0.2,2.0,8.20034977550744e-09,True,False,124,0.4,166,0.0005000829053340796,0.0005000829053340796,0.0,3.2895545876599446,0.9999046934333639,-2.5478106299524524e-05,-2.5478106299524524e-05,0.46922410727226327,0.0,0.2184227940634135,0.46922410727226327,0.015202146430706241,0.015202427204523215,success,0.9998362484901756,0.9998362484901756,0.5,2.738597570392006e-15,0.01,"[0.01, 0.02]",8.914877394349109e-17
0.015200727104948446,-2.710505431213761e-20,1.999508887450365e-05,arith,3.0393988942052076e-07,True,0.2,2.0,8.20034977550744e-09,True,False,124,0.4,166,0.0009997544437251825,0.0009997544437251825,0.0,3.2885086246950723,0.9995867588164231,-2.5478106299524524e-05,-2.5478106299524524e-05,0.46922410727226327,0.0,0.2184227940634135,0.46922410727226327,0.015200727104948446,0.015202427204523215,success,0.9998362484901756,0.9998362484901756,0.5,2.738597570392006e-15,0.02,"[0.01, 0.02]",8.915709796314227e-17
1.4169461071292616e-05,-1.3234889800848443e-23,5.078798981708453e-09,typ,7.196384446023851e-14,True,0.2,2.0,7.413255098944547e-09,True,False,125,0.4,129,5.078798981708453e-07,5.078798981708453e-07,0.0,3.5843275592168573,1.0895049325851105,-3.8996246102742096,-3.8996246102742096,0.13712473706315037,0.0,0.013256712294923145,0.013256712294923145,1.4169461071292616e-05,1.0984570194252584e-05,success,0.9998242836459772,0.015355079053579369,0.5,9.813319815361176e-15,0.01,"[0.01, 0.02]",9.340432733650246e-17
1.4580610702919058e-05,5.293955920339377e-23,1.8595047906635586e-08,typ,2.7112715452878346e-13,True,0.2,2.0,7.413255098944547e-09,True,False,125,0.4,129,9.297523953317793e-07,9.297523953317793e-07,0.0,3.1883177401672262,0.9691323817848208,-3.8996246102742096,-3.8996246102742096,0.13712473706315037,0.0,0.013256712294923145,0.013256712294923145,1.4580610702919058e-05,1.0984570194252584e-05,success,0.9998242836459772,0.015355079053579369,0.5,9.813319815361176e-15,0.02,"[0.01, 0.02]",-1.8154095285184181e-16
0.012629993383533968,0.0,4.154792323567617e-06,arith,5.247499955661672e-08,True,0.2,2.2,8.288240210951135e-09,True,False,126,0.4,157,0.00041547923235676166,0.00041547923235676166,0.0,3.289623515546985,0.9999256449986665,-3.063267996246031e-05,-3.063267996246031e-05,0.43129117655301163,0.0,0.17320512458240755,0.43129117655301163,0.012629993383533968,0.012630326218613604,success,0.9998354661318428,0.9998354661318428,0.5,2.7469179274567034e-15,0.01,"[0.01, 0.02]",-0.0
0.012629146966500573,-5.421010862427522e-20,1.6614676467793477e-05,arith,2.0982919091262246e-07,True,0.2,2.2,8.288240210951135e-09,True,False,126,0.4,157,0.0008307338233896739,0.0008307338233896739,0.0,3.2889546126640057,0.9997223229031309,-3.063267996246031e-05,-3.063267996246031e-05,0.43129117655301163,0.0,0.17320512458240755,0.43129117655301163,0.012629146966500573,0.012630326218613604,success,0.9998354661318428,0.9998354661318428,0.5,2.7469179274567034e-15,0.02,"[0.01, 0.02]",2.1462300172794795e-16
3.7523805303847657e-06,-9.926167350636332e-24,1.236133134060601e-09,typ,4.6384419052125e-15,True,0.2,2.2,5.127111120308405e-09,True,False,127,0.4,88,1.2361331340606008e-07,1.2361331340606008e-07,0.0,3.294263798810002,1.0013361219766004,-8.68960021674023,-8.68960021674023,0.12502625474101214,0.0,0.007331099618982744,0.007331099618982744,3.7523805303847657e-06,3.359138095636111e-06,success,0.9998384610388529,0.010002725325035444,0.5,1.0764850719343214e-14,0.01,"[0.01, 0.02]",2.6452987031191403e-16
3.743294097104773e-06,-3.970466940254533e-23,4.836190748046655e-09,typ,1.8103284279635763e-14,True,0.2,2.2,5.127111120308405e-09,True,False,127,0.4,88,2.4180953740233274e-07,2.4180953740233274e-07,0.0,3.229903009616033,0.9817727879527367,-8.68960021674023,-8.68960021674023,0.12502625474101214,0.0,0.007331099618982744,0.007331099618982744,3.743294097104773e-06,3.359138095636111e-06,success,0.9998384610388529,0.010002725325035444,0.5,1.0764850719343214e-14,0.02,"[0.01, 0.02]",5.303439747528073e-16
0.010655185165304615,1.3552527156068805e-20,3.5039360215067524e-06,arith,3.733508711653522e-08,True,0.2,2.4,7.915060265578145e-09,True,False,128,0.4,149,0.00035039360215067525,0.00035039360215067525,0.0,3.2884797093121008,0.9995779695939387,-3.642429745624861e-05,-3.642429745624861e-05,0.39879930910026423,0.0,0.13881495180087583,0.39879930910026423,0.010655185165304615,0.010660880573464288,success,0.9998345843724724,0.9998345843724724,0.5,2.9289346552951633e-15,0.01,"[0.01, 0.02]",-1.271918502195392e-16
0.010653033219033166,-2.710505431213761e-20,1.4015588473257715e-05,arith,1.4930852958991278e-07,True,0.2,2.4,7.915060265578145e-09,True,False,128,0.4,149,0.0007007794236628857,0.0007007794236628857,0.0,3.2891074741550748,0.9997687872247563,-3.642429745624861e-05,-3.642429745624861e-05,0.39879930910026423,0.0,0.13881495180087583,0.39879930910026423,0.010653033219033166,0.010660880573464288,success,0.9998345843724724,0.9998345843724724,0.5,2.9289346552951633e-15,0.02,"[0.01, 0.02]",1.272175433739874e-16
1.68086485341362e-06,1.6543612251060553e-24,4.716188851249492e-10,typ,7.927276082126426e-16,True,0.2,2.4,5.076486054005763e-09,True,False,129,0.4,73,4.716188851249492e-08,4.716188851249492e-08,0.0,2.805810854853393,0.8528642306707961,-14.37712807776651,-14.37712807776651,0.9627023998078225,0.0,0.005913871873450389,0.005913871873450389,1.68086485341362e-06,2.185898972637187e-06,success,0.9998271658115192,0.007587085362142369,0.5,9.077102442661125e-15,0.01,"[0.01, 0.02]",-9.842321479601771e-17
1.5773921958437944e-06,6.617444900424222e-24,2.0248247092449704e-09,typ,3.1939426943146963e-15,True,0.2,2.4,5.076486054005763e-09,True,False,129,0.4,73,1.0124123546224852e-07,1.0124123546224852e-07,0.0,3.2091332684732707,0.9754595436831477,-14.37712807776651,-14.37712807776651,0.9627023998078225,0.0,0.005913871873450389,0.005913871873450389,1.5773921958437944e-06,2.185898972637187e-06,success,0.9998271658115192,0.007587085362142369,0.5,9.077102442661125e-15,0.02,"[0.01, 0.02]",-2.0975902245048042e-16
0.011706099726494272,2.710505431213761e-20,7.411562712963116e-06,arith,8.676049224711268e-08,True,0.25,0.0,9.497775400517816e-09,True,False,130,0.5,586,0.0007411562712963116,0.0007411562712963116,0.0,6.331368163717772,1.924505149269898,-3.952940201682343e-06,-3.952940201682343e-06,0.19873321612461783,0.0,0.19873321612461786,0.19873321612461783,0.011706099726494272,0.002509523132092742,success,0.9998395520826409,0.9998395520826409,0.5,1.749976166038073e-15,0.01,"[0.01, 0.02]",-2.3154641550499586e-16
0.019266205006230393,5.421010862427522e-20,5.03281965302721e-05,arith,9.696333519460754e-07,True,0.25,0.0,9.497775400517816e-09,True,False,130,0.5,586,0.0025164098265136052,0.0025164098265136052,0.0,6.530631812803397,1.9850740356166385,-3.952940201682343e-06,-3.952940201682343e-06,0.19873321612461783,0.0,0.19873321612461786,0.19873321612461783,0.019266205006230393,0.002509523132092742,success,0.9998395520826409,0.9998395520826409,0.5,1.749976166038073e-15,0.02,"[0.01, 0.02]",-1.4068704398905884e-16
0.011706229122230486,4.0657581468206416e-20,7.411632754927555e-06,typ,8.676227119901031e-08,True,0.25,0.0,9.038614703915648e-09,True,False,131,0.5,411,0.0007411632754927554,0.0007411632754927554,0.0,6.331358012506895,1.9245020636717933,-8.715111325304512e-06,-8.715111325304512e-06,0.19873379152050563,0.0,0.19873379152050563,0.19873379152050563,0.011706229122230486,0.002509537935709057,success,0.9998278324253418,0.9998278324253418,0.5,2.2165369965565646e-15,0.01,"[0.01, 0.02]",-3.4731578413236784e-16
0.019266399799284073,-5.421010862427522e-20,5.032869910970339e-05,typ,9.696528384254179e-07,True,0.25,0.0,9.038614703915648e-09,True,False,131,0.5,411,0.0025164349554851694,0.0025164349554851694,0.0,6.530630999307609,1.98507378834357,-8.715111325304512e-06,-8.715111325304512e-06,0.19873379152050563,0.0,0.19873379152050563,0.19873379152050563,0.019266399799284073,0.002509537935709057,success,0.9998278324253418,0.9998278324253418,0.5,2.2165369965565646e-15,0.02,"[0.01, 0.02]",1.406856215718352e-16
0.020110021540501965,5.421010862427522e-20,9.206155897179616e-06,arith,1.8513599339750126e-07,True,0.25,0.2,9.508422358442041e-09,True,False,132,0.5,516,0.0009206155897179615,0.0009206155897179615,0.0,4.577894597794558,1.3915130977152255,-4.173927055866212e-06,-4.173927055866212e-06,0.4727792315857694,0.0,0.47023275261210307,0.4727792315857694,0.020110021540501965,0.015459488943310121,success,0.9998395592668812,0.9998395592668812,0.5,2.691546630464843e-15,0.01,"[0.01, 0.02]",-2.6956763082075785e-16
0.02576041538319431,1.0842021724855044e-19,5.330020408824372e-05,arith,1.37303539732219e-06,True,0.25,0.2,9.508422358442041e-09,True,False,132,0.5,516,0.002665010204412186,0.002665010204412186,0.0,5.172684843721109,1.5723076529238114,-4.173927055866212e-06,-4.173927055866212e-06,0.4727792315857694,0.0,0.47023275261210307,0.4727792315857694,0.02576041538319431,0.015459488943310121,success,0.9998395592668812,0.9998395592668812,0.5,2.691546630464843e-15,0.02,"[0.01, 0.02]",-2.1043957489769766e-16
0.018795094173241232,2.710505431213761e-20,8.550415889007021e-06,typ,1.6070587185426512e-07,True,0.25,0.2,6.976124032418293e-09,True,False,133,0.5,363,0.000855041588900702,0.000855041588900702,0.0,4.549280684733325,1.382815511095216,-7.027709787354162e-05,-7.027709787354162e-05,0.46754454624280134,0.0,0.46497088224981176,0.46497088224981176,0.018795094173241232,0.014898594980587633,success,0.9998281589620606,0.9708548849003189,0.5,2.414509786289522e-15,0.01,"[0.01, 0.02]",-1.4421345305482614e-16
0.02405389216448884,0.0,5.0336183788549227e-05,typ,1.2107811368216544e-06,True,0.25,0.2,6.976124032418293e-09,True,False,133,0.5,363,0.002516809189427461,0.002516809189427461,0.0,5.231604873374855,1.5902171943580887,-7.027709787354162e-05,-7.027709787354162e-05,0.46754454624280134,0.0,0.46497088224981176,0.46497088224981176,0.02405389216448884,0.014898594980587633,success,0.9998281589620606,0.9708548849003189,0.5,2.414509786289522e-15,0.02,"[0.01, 0.02]",-0.0
0.04596591528484152,-1.0842021724855044e-19,1.5562936854389765e-05,arith,7.15364637032218e-07,True,0.25,0.4,9.10425981950568e-09,True,False,134,0.5,413,0.0015562936854389765,0.0015562936854389765,0.0,3.385755892806524,1.0291463837495314,-4.838331628715005e-06,-4.838331628715005e-06,0.7377685320929367,0.0,0.7206719003418328,0.7377685320929367,0.04596591528484152,0.04548245988147323,success,0.9998394681214957,0.9998394681214957,0.5,2.4238210198566938e-15,0.01,"[0.01, 0.02]",2.3587089820074767e-16
0.0470709138410514,-1.0842021724855044e-19,6.671459731570414e-05,arith,3.1403170621879487e-06,True,0.25,0.4,9.10425981950568e-09,True,False,134,0.5,413,0.003335729865785207,0.003335729865785207,0.0,3.543302640192271,1.077034852521904,-4.838331628715005e-06,-4.838331628715005e-06,0.7377685320929367,0.0,0.7206719003418328,0.7377685320929367,0.0470709138410514,0.04548245988147323,success,0.9998394681214957,0.9998394681214957,0.5,2.4238210198566938e-15,0.02,"[0.01, 0.02]",1.1516689224970516e-16
0.042709564132089206,5.421010862427522e-20,1.4385012760440872e-05,typ,6.14377625032971e-07,True,0.25,0.4,8.186680850772465e-09,True,False,135,0.5,315,0.0014385012760440871,0.0014385012760440871,0.0,3.368101045459488,1.0237799536588519,-0.000255146067157634,-0.000255146067157634,0.7373641328788164,0.0,0.7187903842759786,0.7187903842759786,0.042709564132089206,0.04236147490095305,success,0.9998289702531223,0.8970982068544489,0.5,1.3229828415301355e-15,0.01,"[0.01, 0.02]",-1.2692732816616418e-16
0.04357821876779683,-1.0842021724855044e-19,6.137145279887934e-05,typ,2.6744585961670808e-06,True,0.25,0.4,8.186680850772465e-09,True,False,135,0.5,315,0.003068572639943967,0.003068572639943967,0.0,3.520764187603237,1.0701839844405412,-0.000255146067157634,-0.000255146067157634,0.7373641328788164,0.0,0.7187903842759786,0.7187903842759786,0.04357821876779683,0.04236147490095305,success,0.9998289702531223,0.8970982068544489,0.5,1.3229828415301355e-15,0.02,"[0.01, 0.02]",1.2439725660456567e-16
0.06533290349864572,5.421010862427522e-20,2.134178535174491e-05,arith,1.394320802874361e-06,True,0.25,0.6,8.90264798036769e-09,True,False,136,0.5,339,0.002134178535174491,0.002134178535174491,0.0,3.26662129017231,0.9929338068945569,-5.950512375508567e-06,-5.950512375508567e-06,0.8349203513674228,0.0,0.8156743765056533,0.8349203513674228,0.06533290349864572,0.06547989095732261,success,0.999839258384234,0.999839258384234,0.5,2.3313365928702353e-15,0.01,"[0.01, 0.02]",-8.297520195991127e-17
0.06491140807384785,0.0,8.319959783783943e-05,arith,5.400603046832024e-06,True,0.25,0.6,8.90264798036769e-09,True,False,136,0.5,339,0.004159979891891971,0.004159979891891971,0.0,3.204351912347427,0.9740061856968896,-5.950512375508567e-06,-5.950512375508567e-06,0.8349203513674228,0.0,0.8156743765056533,0.8349203513674228,0.06491140807384785,0.06547989095732261,success,0.999839258384234,0.999839258384234,0.5,2.3313365928702353e-15,0.02,"[0.01, 0.02]",-0.0
0.0616477442145983,5.421010862427522e-20,2.0165267885132304e-05,typ,1.24314327660149e-06,True,0.25,0.6,7.69841171391153e-09,True,False,137,0.5,198,0.0020165267885132302,0.0020165267885132302,0.0,3.2710471635322427,0.9942791110769953,-0.0006090744893017322,-0.0006090744893017322,0.8403622630664461,0.0,0.8194767041923712,0.8194767041923712,0.0616477442145983,0.06175910731666093,success,0.9998301040901747,0.7933216536649534,0.5,1.1235418070939804e-15,0.01,"[0.01, 0.02]",-8.79352672428169e-17
0.06132185153581028,-1.0842021724855044e-19,7.892807038613155e-05,typ,4.840015414226343e-06,True,0.25,0.6,7.69841171391153e-09,True,False,137,0.5,198,0.003946403519306577,0.003946403519306577,0.0,3.2177791606650894,0.9780875797747051,-0.0006090744893017322,-0.0006090744893017322,0.8403622630664461,0.0,0.8194767041923712,0.8194767041923712,0.06132185153581028,0.06175910731666093,success,0.9998301040901747,0.7933216536649534,0.5,1.1235418070939804e-15,0.02,"[0.01, 0.02]",8.840259592066949e-17
0.06264810843167108,0.0,2.050016541977629e-05,arith,1.2842965860853388e-06,True,0.25,0.8,8.712548534225974e-09,True,False,138,0.5,286,0.002050016541977629,0.002050016541977629,0.0,3.272272049863304,0.9946514318756667,-7.51782242922527e-06,-7.51782242922527e-06,0.8237003799643619,0.0,0.8059804440348856,0.8237003799643619,0.06264810843167108,0.06275270300951878,success,0.9998390475183498,0.9998390475183498,0.5,2.432654827040727e-15,0.01,"[0.01, 0.02]",-0.0
0.06233373362792605,2.168404344971009e-19,8.026301344753935e-05,arith,5.003093300413564e-06,True,0.25,0.8,8.712548534225974e-09,True,False,138,0.5,286,0.0040131506723769675,0.0040131506723769675,0.0,3.2190841449765504,0.9784842474399208,-7.51782242922527e-06,-7.51782242922527e-06,0.8237003799643619,0.0,0.8059804440348856,0.8237003799643619,0.06233373362792605,0.06275270300951878,success,0.9998390475183498,0.9998390475183498,0.5,2.432654827040727e-15,0.02,"[0.01, 0.02]",-1.7393506042124398e-16
0.059406486963938424,-1.0842021724855044e-19,1.9425808195737952e-05,typ,1.154019021344075e-06,True,0.25,0.8,7.95686374909382e-09,True,False,139,0.5,198,0.001942580819573795,0.001942580819573795,0.0,3.269980971527574,0.9939550275692862,-0.0012531254544397633,-0.0012531254544397633,0.8286754114858468,0.0,0.809672957585834,0.809672957585834,0.059406486963938424,0.05951888265376755,success,0.9998309678375322,0.6716423152501931,0.5,9.326645386503063e-16,0.01,"[0.01, 0.02]",1.8250568715562136e-16
0.05907060882100154,0.0,7.585918861449203e-05,typ,4.4810484561252325e-06,True,0.25,0.8,7.95686374909382e-09,True,False,139,0.5,198,0.0037929594307246016,0.0037929594307246016,0.0,3.2105301658716607,0.975884149576643,-0.0012531254544397633,-0.0012531254544397633,0.8286754114858468,0.0,0.809672957585834,0.809672957585834,0.05907060882100154,0.05951888265376755,success,0.9998309678375322,0.6716423152501931,0.5,9.326645386503063e-16,0.02,"[0.01, 0.02]",-0.0
0.0500929676006468,0.0,1.6437258501816658e-05,arith,8.23391057574958e-07,True,0.25,1.0,8.509940783326796e-09,True,False,140,0.5,253,0.0016437258501816657,0.0016437258501816657,0.0,3.2813505146787145,0.9974109542779248,-9.550746578589628e-06,-9.550746578589628e-06,0.7638328296226966,0.0,0.7221314461995857,0.7638328296226966,0.0500929676006468,0.050133224083689594,success,0.9998387168250786,0.9998387168250786,0.5,2.491363612717764e-15,0.01,"[0.01, 0.02]",-0.0
0.04997021585526375,-1.0842021724855044e-19,6.505336653856147e-05,arith,3.2507307680435086e-06,True,0.25,1.0,8.509940783326796e-09,True,False,140,0.5,253,0.0032526683269280734,0.0032526683269280734,0.0,3.254607040671253,0.9892819129544925,-9.550746578589628e-06,-9.550746578589628e-06,0.7638328296226966,0.0,0.7221314461995857,0.7638328296226966,0.04997021585526375,0.050133224083689594,success,0.9998387168250786,0.9998387168250786,0.5,2.491363612717764e-15,0.02,"[0.01, 0.02]",1.0848483981196342e-16
0.043472812408345496,5.421010862427522e-20,1.4225260595302578e-05,typ,6.184120853194181e-07,True,0.25,1.0,8.107838473436415e-09,True,False,141,0.5,202,0.0014225260595302578,0.0014225260595302578,0.0,3.272219993885592,0.9946356087558343,-0.002265861471558852,-0.002265861471558852,0.7738518894581127,0.0,0.7261430005198735,0.7261430005198735,0.043472812408345496,0.04354575412145216,success,0.9998323952254553,0.5587233258680409,0.5,1.035756786978636e-15,0.01,"[0.01, 0.02]",-1.2469887642665713e-16
0.0432544629739748,2.168404344971009e-19,5.569843331012389e-05,typ,2.409205821321158e-06,True,0.25,1.0,8.107838473436415e-09,True,False,141,0.5,202,0.002784921665506194,0.002784921665506194,0.0,3.2192304262126856,0.9785287116038904,-0.002265861471558852,-0.002265861471558852,0.7738518894581127,0.0,0.7261430005198735,0.7261430005198735,0.0432544629739748,0.04354575412145216,success,0.9998323952254553,0.5587233258680409,0.5,1.035756786978636e-15,0.02,"[0.01, 0.02]",-2.506567179293946e-16
0.03829122326212506,5.421010862427522e-20,1.2582021684238702e-05,arith,4.817810014000829e-07,True,0.25,1.2,8.347805353544791e-09,True,False,142,0.5,225,0.00125820216842387,0.00125820216842387,0.0,3.2858761387975655,0.9987865790552517,-1.2063100086324302e-05,-1.2063100086324302e-05,0.6920833696125562,0.0,0.6034998885555478,0.6920833696125562,0.03829122326212506,0.038305637210873614,success,0.9998383380597109,0.9998383380597109,0.5,2.354891533436958e-15,0.01,"[0.01, 0.02]",-1.4157319616867918e-16
0.03824719905018706,-1.0842021724855044e-19,5.007770163765499e-05,arith,1.915331822511269e-06,True,0.25,1.2,8.347805353544791e-09,True,False,142,0.5,225,0.0025038850818827492,0.0025038850818827492,0.0,3.273292089437989,0.994961486726874,-1.2063100086324302e-05,-1.2063100086324302e-05,0.6920833696125562,0.0,0.6034998885555478,0.6920833696125562,0.03824719905018706,0.038305637210873614,success,0.9998383380597109,0.9998383380597109,0.5,2.354891533436958e-15,0.02,"[0.01, 0.02]",1.4173615315762604e-16
0.026171265129689383,-2.710505431213761e-20,8.563234529605181e-06,typ,2.2411068124200813e-07,True,0.25,1.2,8.252384360459048e-09,True,False,143,0.5,230,0.0008563234529605181,0.0008563234529605181,0.0,3.27199869290645,0.9945683413243908,-0.004069598374813339,-0.004069598374813339,0.7107163428715763,0.0,0.5946961526175214,0.5946961526175214,0.026171265129689383,0.026215748262868564,success,0.9998154739320253,0.44882677343611377,0.5,1.7204471878180055e-15,0.01,"[0.01, 0.02]",1.0356799404927853e-16
0.026038255111419772,0.0,3.352166258262064e-05,typ,8.728456020852107e-07,True,0.25,1.2,8.252384360459048e-09,True,False,143,0.5,230,0.001676083129131032,0.001676083129131032,0.0,3.2185012435720797,0.9783070666591775,-0.004069598374813339,-0.004069598374813339,0.7107163428715763,0.0,0.5946961526175214,0.5946961526175214,0.026038255111419772,0.026215748262868564,success,0.9998154739320253,0.44882677343611377,0.5,1.7204471878180055e-15,0.02,"[0.01, 0.02]",-0.0
0.029456840844046407,2.710505431213761e-20,9.685033315317003e-06,arith,2.852904849385801e-07,True,0.25,1.4,8.208846469102766e-09,True,False,144,0.5,204,0.0009685033315317003,0.0009685033315317003,0.0,3.2878723711726434,0.9993933609364558,-1.507229691962461e-05,-1.507229691962461e-05,0.6239808430470543,0.0,0.48441725157696236,0.6239808430470543,0.029456840844046407,0.029462390136946286,success,0.9998378623815422,0.9998378623815422,0.5,1.7663775422633863e-15,0.01,"[0.01, 0.02]",-9.201616173180322e-17
0.029439934178683545,5.421010862427522e-20,3.864434658600991e-05,arith,1.137687019870366e-06,True,0.25,1.4,8.208846469102766e-09,True,False,144,0.5,204,0.0019322173293004955,0.0019322173293004955,0.0,3.281626442459148,0.9974948262658648,-1.507229691962461e-05,-1.507229691962461e-05,0.6239808430470543,0.0,0.48441725157696236,0.6239808430470543,0.029439934178683545,0.029462390136946286,success,0.9998378623815422,0.9998378623815422,0.5,1.7663775422633863e-15,0.02,"[0.01, 0.02]",-9.206900446049046e-17
0.012764792105922275,0.0,4.173146799793552e-06,typ,5.326935132685954e-08,True,0.25,1.4,8.206317627636666e-09,True,False,145,0.5,188,0.0004173146799793552,0.0004173146799793552,0.0,3.2692634280016235,0.9937369204911937,-0.009093419182820639,-0.009093419182820639,0.6507001133282061,0.0,0.43378009340286394,0.43378009340286394,0.012764792105922275,0.012789829344165999,success,0.9998289255312376,0.31822236136879667,0.5,2.1701286912236596e-15,0.01,"[0.01, 0.02]",-0.0
0.012690072975703594,-2.710505431213761e-20,1.6283074585961213e-05,typ,2.066334047646724e-07,True,0.25,1.4,8.206317627636666e-09,True,False,145,0.5,188,0.0008141537292980606,0.0008141537292980606,0.0,3.2078370662518605,0.9750655454532084,-0.009093419182820639,-0.009093419182820639,0.6507001133282061,0.0,0.43378009340286394,0.43378009340286394,0.012690072975703594,0.012789829344165999,success,0.9998289255312376,0.31822236136879667,0.5,2.1701286912236596e-15,0.02,"[0.01, 0.02]",1.0679629015543462e-16
0.023116957015295807,2.710505431213761e-20,7.602671220577911e-06,arith,1.757506238075261e-07,True,0.25,1.6,8.175117115521505e-09,True,False,146,0.5,190,0.0007602671220577911,0.0007602671220577911,0.0,3.288785464084848,0.9996709079003759,-1.8599697930687638e-05,-1.8599697930687638e-05,0.5640289382997437,0.0,0.38180828519382715,0.5640289382997437,0.023116957015295807,0.023119322948188466,success,0.999837330798039,0.999837330798039,0.5,1.95087072733378e-15,0.01,"[0.01, 0.02]",-1.1725182641557448e-16
0.023109772377511058,-5.421010862427522e-20,3.0370177618248067e-05,arith,7.018478918222937e-07,True,0.25,1.6,8.175117115521505e-09,True,False,146,0.5,190,0.0015185088809124034,0.0015185088809124034,0.0,3.2854258711568236,0.9986497141043043,-1.8599697930687638e-05,-1.8599697930687638e-05,0.5640289382997437,0.0,0.38180828519382715,0.5640289382997437,0.023109772377511058,0.023119322948188466,success,0.999837330798039,0.999837330798039,0.5,1.95087072733378e-15,0.02,"[0.01, 0.02]",1.172882790421359e-16
0.004278233464169548,0.0,1.3951251255471358e-06,typ,5.968670998819498e-09,True,0.25,1.6,7.991659020196293e-09,True,False,147,0.5,202,0.00013951251255471357,0.00013951251255471357,0.0,3.260984088950239,0.991220303193806,-0.033065058735647745,-0.033065058735647745,0.5967472474507324,0.0,0.2583308215805577,0.2583308215805577,0.004278233464169548,0.004290305326026842,success,0.9998580655176132,0.17309177737239062,0.5,3.2346853552883083e-15,0.01,"[0.01, 0.02]",-0.0
0.004243268749162806,1.3552527156068805e-20,5.390484480486673e-06,typ,2.2873274338896202e-08,True,0.25,1.6,7.991659020196293e-09,True,False,147,0.5,202,0.00026952422402433363,0.00026952422402433363,0.0,3.175903294806752,0.9653588428902615,-0.033065058735647745,-0.033065058735647745,0.5967472474507324,0.0,0.2583308215805577,0.2583308215805577,0.004243268749162806,0.004290305326026842,success,0.9998580655176132,0.17309177737239062,0.5,3.2346853552883083e-15,0.02,"[0.01, 0.02]",-1.5969442377109286e-16
0.018534001446156426,0.0,6.096269183824169e-06,arith,1.12988261869156e-07,True,0.25,1.8,8.277320241868641e-09,True,False,148,0.5,176,0.0006096269183824169,0.0006096269183824169,0.0,3.2892353016884064,0.999807642135694,-2.2671053197102905e-05,-2.2671053197102905e-05,0.5125380043309706,0.0,0.29959615009215607,0.5125380043309706,0.018534001446156426,0.018535111807417785,success,0.9998366990063847,0.9998366990063847,0.5,2.620553780954906e-15,0.01,"[0.01, 0.02]",-0.0
0.018530640173393616,1.0842021724855044e-19,2.4366206874522623e-05,arith,4.515214119822486e-07,True,0.25,1.8,8.277320241868641e-09,True,False,148,0.5,176,0.0012183103437261311,0.0012183103437261311,0.0,3.287286171244604,0.9992151775247758,-2.2671053197102905e-05,-2.2671053197102905e-05,0.5125380043309706,0.0,0.29959615009215607,0.5125380043309706,0.018530640173393616,0.018535111807417785,success,0.9998366990063847,0.9998366990063847,0.5,2.620553780954906e-15,0.02,"[0.01, 0.02]",-2.925430968224744e-16
0.0005406370070221939,0.0,1.7540100801204433e-07,typ,9.482827600030749e-11,True,0.25,1.8,8.276879212806096e-09,True,False,149,0.5,226,1.754010080120443e-05,1.754010080120443e-05,0.0,3.2443396536642166,0.9861610015410919,-0.2970548028726411,-0.2970548028726411,0.533043739763856,0.0,0.09256523178348178,0.09256523178348178,0.0005406370070221939,0.0005374171085146198,success,0.9998485577636973,0.058004851503079755,0.5,5.957949114790485e-15,0.01,"[0.01, 0.02]",-0.0
0.0005330236801036777,2.541098841762901e-21,6.581371978922827e-07,typ,3.508027112336669e-10,True,0.25,1.8,8.276879212806096e-09,True,False,149,0.5,226,3.290685989461413e-05,3.290685989461413e-05,0.0,3.0868103165898244,0.9382778248687812,-0.2970548028726411,-0.2970548028726411,0.533043739763856,0.0,0.09256523178348178,0.09256523178348178,0.0005330236801036777,0.0005374171085146198,success,0.9998485577636973,0.058004851503079755,0.5,5.957949114790485e-15,0.02,"[0.01, 0.02]",-2.383664119076882e-16
0.015153130291694537,1.3552527156068805e-20,4.9846047767988e-06,arith,7.553236563543519e-08,True,0.25,2.0,8.209062350658486e-09,True,False,150,0.5,166,0.0004984604776798801,0.0004984604776798801,0.0,3.289488495674635,0.9998846038788214,-2.7317057400552203e-05,-2.7317057400552203e-05,0.4685440033159948,0.0,0.23586423316271077,0.4685440033159948,0.015153130291694537,0.015153573218246588,success,0.9998360043460435,0.9998360043460435,0.5,2.5184763964142897e-15,0.01,"[0.01, 0.02]",-8.943714529727877e-17
0.015151448756271113,2.710505431213761e-20,1.9928821857249217e-05,arith,3.019505231429672e-07,True,0.25,2.0,8.209062350658486e-09,True,False,150,0.5,166,0.0009964410928624608,0.0009964410928624608,0.0,3.288270015928472,0.999514230448445,-2.7317057400552203e-05,-2.7317057400552203e-05,0.4685440033159948,0.0,0.23586423316271077,0.4685440033159948,0.015151448756271113,0.015153573218246588,success,0.9998360043460435,0.9998360043460435,0.5,2.5184763964142897e-15,0.02,"[0.01, 0.02]",-8.944707119482208e-17
2.968533563910166e-05,7.940933880509066e-23,1.0212290650431745e-08,typ,3.031552756021262e-13,True,0.25,2.0,7.567966774883729e-09,True,False,151,0.5,157,1.0212290650431745e-06,1.0212290650431745e-06,0.0,3.440180287865793,1.0456894161288013,-2.4335088759111434,-2.4335088759111434,0.2156272337103278,0.0,0.019680980279587902,0.019680980279587902,2.968533563910166e-05,2.4212668649030538e-05,success,0.9997664255974101,0.019715462612926806,0.5,7.123140693047882e-15,0.01,"[0.01, 0.02]",-2.6750359089924626e-16
3.001380856561196e-05,5.293955920339377e-23,3.786874083062417e-08,typ,1.136585137911127e-12,True,0.25,2.0,7.567966774883729e-09,True,False,151,0.5,157,1.8934370415312084e-06,1.8934370415312084e-06,0.0,3.154276534735742,0.9587850961040308,-2.4335088759111434,-2.4335088759111434,0.2156272337103278,0.0,0.019680980279587902,0.019680980279587902,3.001380856561196e-05,2.4212668649030538e-05,success,0.9997664255974101,0.019715462612926806,0.5,7.123140693047882e-15,0.02,"[0.01, 0.02]",-8.819200516932859e-17
0.012602784456289044,-1.3552527156068805e-20,4.1457139887951745e-06,arith,5.2247539818207874e-08,True,0.25,2.2,7.878986271820764e-09,True,False,152,0.5,156,0.00041457139887951744,0.00041457139887951744,0.0,3.289522250558193,0.9998948641330888,-3.25740431862797e-05,-3.25740431862797e-05,0.4308722085410146,0.0,0.18706724716770068,0.4308722085410146,0.012602784456289044,0.01260360044673917,success,0.9998352050291033,0.9998352050291033,0.5,2.615105594852997e-15,0.01,"[0.01, 0.02]",1.0753597510989583e-16
0.01260171601410285,0.0,1.657789338742534e-05,arith,2.0890990458040763e-07,True,0.25,2.2,7.878986271820764e-09,True,False,152,0.5,156,0.0008288946693712669,0.0008288946693712669,0.0,3.2888166518100914,0.9996803878320861,-3.25740431862797e-05,-3.25740431862797e-05,0.4308722085410146,0.0,0.18706724716770068,0.4308722085410146,0.01260171601410285,0.01260360044673917,success,0.9998352050291033,0.9998352050291033,0.5,2.615105594852997e-15,0.02,"[0.01, 0.02]",-0.0
6.046776794898805e-06,3.970466940254533e-23,1.902395414237407e-09,typ,1.1503360445532651e-14,True,0.25,2.2,6.357685465999618e-09,True,False,153,0.5,99,1.9023954142374066e-07,1.9023954142374066e-07,0.0,3.1461313667842172,0.9563092619305884,-6.517459133072394,-6.517459133072394,0.20120034509726284,0.0,0.0095755486993214,0.0095755486993214,6.046776794898805e-06,5.730911904261469e-06,success,0.9998248891866441,0.011707674353666504,0.5,9.270235745574697e-15,0.01,"[0.01, 0.02]",-6.566253518079428e-16
5.921355171359874e-06,2.6469779601696886e-23,7.59513045368754e-09,typ,4.497346498909558e-14,True,0.25,2.2,6.357685465999618e-09,True,False,153,0.5,99,3.79756522684377e-07,3.79756522684377e-07,0.0,3.206669011522608,0.9747104993900277,-6.517459133072394,-6.517459133072394,0.20120034509726284,0.0,0.0095755486993214,0.0095755486993214,5.921355171359874e-06,5.730911904261469e-06,success,0.9998248891866441,0.011707674353666504,0.5,9.270235745574697e-15,0.02,"[0.01, 0.02]",-2.2351116286458074e-16
0.010637836388893408,0.0,3.4991388912883256e-06,arith,3.7223267027539084e-08,True,0.25,2.4,7.823783245928141e-09,True,False,154,0.5,147,0.00034991388912883255,0.00034991388912883255,0.0,3.289333247258487,0.9998374140189732,-3.848484546440604e-05,-3.848484546440604e-05,0.3984326605557667,0.0,0.14975631408431955,0.3984326605557667,0.010637836388893408,0.010639820828999747,success,0.9998343151422908,0.9998343151422908,0.5,2.7716913250294005e-15,0.01,"[0.01, 0.02]",-0.0
0.010636829347068107,-2.710505431213761e-20,1.3994366312684848e-05,arith,1.488556862883875e-07,True,0.25,2.4,7.823783245928141e-09,True,False,154,0.5,147,0.0006997183156342424,0.0006997183156342424,0.0,3.2891301195271594,0.9997756705924671,-3.848484546440604e-05,-3.848484546440604e-05,0.3984326605557667,0.0,0.14975631408431955,0.3984326605557667,0.010636829347068107,0.010639820828999747,success,0.9998343151422908,0.9998343151422908,0.5,2.7716913250294005e-15,0.02,"[0.01, 0.02]",1.2741134330414325e-16
2.21955662314073e-06,1.6543612251060553e-24,6.91463059243448e-10,typ,1.534741412800946e-15,True,0.25,2.4,4.606075013184713e-09,True,False,155,0.5,77,6.914630592434479e-08,6.914630592434479e-08,0.0,3.115320654739638,0.9469439284909285,-11.62174116675327,-11.62174116675327,0.14853318955761674,0.0,0.005840120242165929,0.005840120242165929,2.21955662314073e-06,2.1317176775173007e-06,success,0.9998271067638911,0.008550939469488577,0.5,9.753986752980878e-15,0.01,"[0.01, 0.02]",-7.453566211638662e-17
2.166911256021614e-06,0.0,2.8014916765287354e-09,typ,6.070583847520979e-15,True,0.25,2.4,4.606075013184713e-09,True,False,155,0.5,77,1.4007458382643677e-07,1.4007458382643677e-07,0.0,3.2321255297646485,0.9824483530691166,-11.62174116675327,-11.62174116675327,0.14853318955761674,0.0,0.005840120242165929,0.005840120242165929,2.166911256021614e-06,2.1317176775173007e-06,success,0.9998271067638911,0.008550939469488577,0.5,9.753986752980878e-15,0.02,"[0.01, 0.02]",-0.0
0.000999956248262348,-3.3881317890172014e-21,1.950424186840989e-06,arith,1.9503388523936557e-09,True,0.3,0.0,9.616797599147343e-09,True,False,156,0.6,580,0.00019504241868409887,0.00019504241868409887,0.0,19.505095250220155,5.92883801342654,-5.692431765089677e-06,-5.692431765089677e-06,0.011570400929113862,0.0,0.01157040092911386,0.011570400929113862,0.000999956248262348,8.367596782285972e-06,success,0.9998392877891078,0.9998392877891078,0.5,1.5455800142687845e-15,0.01,"[0.01, 0.02]",3.38828003215626e-16
0.005237541962624341,-2.710505431213761e-20,2.5642693271554262e-05,arith,1.343046820444703e-07,True,0.3,0.0,9.616797599147343e-09,True,False,156,0.6,580,0.001282134663577713,0.001282134663577713,0.0,12.239850990475713,3.720468569882519,-5.692431765089677e-06,-5.692431765089677e-06,0.011570400929113862,0.0,0.01157040092911386,0.011570400929113862,0.005237541962624341,8.367596782285972e-06,success,0.9998392877891078,0.9998392877891078,0.5,1.5455800142687845e-15,0.02,"[0.01, 0.02]",2.5875739522052687e-16
0.000999995216225607,3.3881317890172014e-21,1.95047756638272e-06,typ,1.9504682357380836e-09,True,0.3,0.0,8.229474676923376e-09,True,False,157,0.6,373,0.00019504775663827198,0.00019504775663827198,0.0,19.504868970719922,5.928769232706147,-1.0459942450898561e-05,-1.0459942450898561e-05,0.011570400929113857,0.0,0.01157040092911386,0.01157040092911386,0.000999995216225607,8.367596782285969e-06,success,0.9998275539436652,0.9998275539436652,0.5,4.507961027338117e-15,0.01,"[0.01, 0.02]",-3.3881479971528304e-16
0.005237670080251555,0.0,2.5643166092757466e-05,typ,1.3431044380695697e-07,True,0.3,0.0,8.229474676923376e-09,True,False,157,0.6,373,0.0012821583046378733,0.0012821583046378733,0.0,12.239777276848772,3.720446163626722,-1.0459942450898561e-05,-1.0459942450898561e-05,0.011570400929113857,0.0,0.01157040092911386,0.01157040092911386,0.005237670080251555,8.367596782285969e-06,success,0.9998275539436652,0.9998275539436652,0.5,4.507961027338117e-15,0.02,"[0.01, 0.02]",-0.0
0.0025891406537260674,-6.776263578034403e-21,3.1277506251569974e-06,arith,8.098186298311105e-09,True,0.3,0.2,9.209271649635354e-09,True,False,158,0.6,516,0.00031277506251569976,0.00031277506251569976,0.0,12.080265398698248,3.671960366729052,-5.917893847709856e-06,-5.917893847709856e-06,0.01816388640135199,0.0,0.018069141225762753,0.01816388640135199,0.0025891406537260674,2.0623221360414796e-05,success,0.9998392348768066,0.9998392348768066,0.5,2.494367063245437e-15,0.01,"[0.01, 0.02]",2.61718635033697e-16
0.00773534017808739,-5.421010862427522e-20,2.8823839419681298e-05,arith,2.2296220314979984e-07,True,0.3,0.2,9.209271649635354e-09,True,False,158,0.6,516,0.001441191970984065,0.001441191970984065,0.0,9.315634075581201,2.831613212750347,-5.917893847709856e-06,-5.917893847709856e-06,0.01816388640135199,0.0,0.018069141225762753,0.01816388640135199,0.00773534017808739,2.0623221360414796e-05,success,0.9998392348768066,0.9998392348768066,0.5,2.494367063245437e-15,0.02,"[0.01, 0.02]",3.504054597226453e-16
0.0016700563238140835,-6.776263578034403e-21,2.4386852576267284e-06,typ,4.072741736291695e-09,True,0.3,0.2,8.171840515496071e-09,True,False,159,0.6,394,0.00024386852576267282,0.00024386852576267282,0.0,14.602413241113005,4.438601380872346,-8.795003967834508e-05,-8.795003967834508e-05,0.017833015246266452,0.0,0.01773999182316771,0.01773999182316771,0.0016700563238140835,1.9671752915195253e-05,success,0.9998279668210581,0.9637605141751765,0.5,3.2205836341673625e-15,0.01,"[0.01, 0.02]",4.0575060142634806e-16
0.006164091328900365,-2.710505431213761e-20,2.5656456378955904e-05,typ,1.5814874029583256e-07,True,0.3,0.2,8.171840515496071e-09,True,False,159,0.6,394,0.001282822818947795,0.001282822818947795,0.0,10.405611715495482,3.162926686609737,-8.795003967834508e-05,-8.795003967834508e-05,0.017833015246266452,0.0,0.01773999182316771,0.01773999182316771,0.006164091328900365,1.9671752915195253e-05,success,0.9998279668210581,0.9637605141751765,0.5,3.2205836341673625e-15,0.02,"[0.01, 0.02]",2.198625301433762e-16
0.015230501407845251,0.0,6.6905857143075335e-06,arith,1.0190097514107021e-07,True,0.3,0.4,9.143362868332205e-09,True,False,160,0.6,409,0.0006690585714307533,0.0006690585714307533,0.0,4.392886048295957,1.3352772420577745,-6.595793929907575e-06,-6.595793929907575e-06,0.4247868568521749,0.0,0.4008023378278611,0.4247868568521749,0.015230501407845251,0.01221941696436192,success,0.999839187592387,0.999839187592387,0.5,2.472448367685373e-15,0.01,"[0.01, 0.02]",-0.0
0.018858423516860227,-5.421010862427522e-20,3.6928639956320354e-05,arith,6.96415932197936e-07,True,0.3,0.4,9.143362868332205e-09,True,False,160,0.6,409,0.0018464319978160177,0.0018464319978160177,0.0,4.895509945900911,1.4880565867545519,-6.595793929907575e-06,-6.595793929907575e-06,0.4247868568521749,0.0,0.4008023378278611,0.4247868568521749,0.018858423516860227,0.01221941696436192,success,0.999839187592387,0.999839187592387,0.5,2.472448367685373e-15,0.02,"[0.01, 0.02]",1.4372916319280106e-16
0.010036772518027594,-2.710505431213761e-20,4.648824186039697e-06,typ,4.6659190831585226e-08,True,0.3,0.4,8.62839531819304e-09,True,False,161,0.6,310,0.00046488241860396964,0.00046488241860396964,0.0,4.631791920848749,1.4078959194162375,-0.0003312900308270485,-0.0003312900308270485,0.37145533101608785,0.0,0.3462527996113723,0.3462527996113723,0.010036772518027594,0.007892129346183906,success,0.9998290024693833,0.8718444629078936,0.5,2.1556726346881788e-15,0.01,"[0.01, 0.02]",2.700574737890367e-16
0.01303920192384319,-2.710505431213761e-20,2.7855851414868272e-05,typ,3.632180713590404e-07,True,0.3,0.4,8.62839531819304e-09,True,False,161,0.6,310,0.0013927925707434136,0.0013927925707434136,0.0,5.34078917896265,1.6234052435900552,-0.0003312900308270485,-0.0003312900308270485,0.37145533101608785,0.0,0.3462527996113723,0.3462527996113723,0.01303920192384319,0.007892129346183906,success,0.9998290024693833,0.8718444629078936,0.5,2.1556726346881788e-15,0.02,"[0.01, 0.02]",1.0393678413160364e-16
0.04116279104104981,-5.421010862427522e-20,1.3536369892337751e-05,arith,5.571947653326567e-07,True,0.3,0.6,9.026700841995018e-09,True,False,162,0.6,333,0.001353636989233775,0.001353636989233775,0.0,3.28849661307916,0.9995831077229981,-7.730702150258572e-06,-7.730702150258572e-06,0.7111847989084321,0.0,0.6622697709232132,0.7111847989084321,0.04116279104104981,0.041168133652104394,success,0.9998389857182519,0.9998389857182519,0.5,2.696801934251409e-15,0.01,"[0.01, 0.02]",1.3169687296037313e-16
0.04114661633631746,-1.0842021724855044e-19,5.405477692622901e-05,arith,2.2241711673287703e-06,True,0.3,0.6,9.026700841995018e-09,True,False,162,0.6,333,0.0027027388463114503,0.0027027388463114503,0.0,3.284278376890395,0.9983009176724122,-7.730702150258572e-06,-7.730702150258572e-06,0.7111847989084321,0.0,0.6622697709232132,0.7111847989084321,0.04114661633631746,0.041168133652104394,success,0.9998389857182519,0.9998389857182519,0.5,2.696801934251409e-15,0.02,"[0.01, 0.02]",1.317486429046353e-16
0.033823539404138715,-2.710505431213761e-20,1.1126637395320282e-05,typ,3.763422583761789e-07,True,0.3,0.6,7.66242414652957e-09,True,False,163,0.6,198,0.0011126637395320281,0.0011126637395320281,0.0,3.2896135624288934,0.9999226196135487,-0.0007795539745000986,-0.0007795539745000986,0.7197276469070071,0.0,0.6594651236641578,0.6594651236641578,0.033823539404138715,0.03382415910729672,success,0.9998302932326211,0.755261742430834,0.5,1.4360226125140342e-15,0.01,"[0.01, 0.02]",8.013665863963658e-17
0.03382024823371565,-5.421010862427522e-20,4.447602947100138e-05,typ,1.5041903571593197e-06,True,0.3,0.6,7.66242414652957e-09,True,False,163,0.6,198,0.002223801473550069,0.002223801473550069,0.0,3.2876776335029163,0.9993341677828663,-0.0007795539745000986,-0.0007795539745000986,0.7197276469070071,0.0,0.6594651236641578,0.6594651236641578,0.03382024823371565,0.03382415910729672,success,0.9998302932326211,0.755261742430834,0.5,1.4360226125140342e-15,0.02,"[0.01, 0.02]",8.01444570271261e-17
0.051335366826198936,-5.421010862427522e-20,1.6756052360865088e-05,arith,8.60178094504006e-07,True,0.3,0.8,8.930943525480185e-09,True,False,164,0.6,284,0.0016756052360865088,0.0016756052360865088,0.0,3.2640367444133385,0.9921481991881266,-9.330331936278696e-06,-9.330331936278696e-06,0.7708384937057836,0.0,0.7298437061602351,0.7708384937057836,0.051335366826198936,0.051461988818488374,success,0.9998387480107338,0.9998387480107338,0.5,1.752859203886548e-15,0.01,"[0.01, 0.02]",1.0559992452729326e-16
0.05096095924672939,-1.0842021724855044e-19,6.501330449945004e-05,arith,3.3131403610916814e-06,True,0.3,0.8,8.930943525480185e-09,True,False,164,0.6,284,0.003250665224972502,0.003250665224972502,0.0,3.1893681683210517,0.9694516736564512,-9.330331936278696e-06,-9.330331936278696e-06,0.7708384937057836,0.0,0.7298437061602351,0.7708384937057836,0.05096095924672939,0.051461988818488374,success,0.9998387480107338,0.9998387480107338,0.5,1.752859203886548e-15,0.02,"[0.01, 0.02]",1.063757618097708e-16
0.044986329721260876,-5.421010862427522e-20,1.4689426353475766e-05,typ,6.608233773536396e-07,True,0.3,0.8,8.189991454703733e-09,True,False,165,0.6,199,0.0014689426353475766,0.0014689426353475766,0.0,3.2653089159512905,0.9925348929661907,-0.0015800319390376248,-0.0015800319390376248,0.7832103595567166,0.0,0.7354614485230015,0.7354614485230015,0.044986329721260876,0.04509169076402075,success,0.9998324262628943,0.6287997300674305,0.5,1.2310727384733796e-15,0.01,"[0.01, 0.02]",1.2050351509039672e-16
0.044673397075650614,1.0842021724855044e-19,5.70579507962029e-05,typ,2.548972492241707e-06,True,0.3,0.8,8.189991454703733e-09,True,False,165,0.6,199,0.002852897539810145,0.002852897539810145,0.0,3.1930608892122136,0.9705741262111112,-0.0015800319390376248,-0.0015800319390376248,0.7832103595567166,0.0,0.7354614485230015,0.7354614485230015,0.044673397075650614,0.04509169076402075,success,0.9998324262628943,0.6287997300674305,0.5,1.2310727384733796e-15,0.02,"[0.01, 0.02]",-1.213476300727142e-16
0.04599488420086627,5.421010862427522e-20,1.5072124547469837e-05,arith,6.93240623221909e-07,True,0.3,1.0,8.721581341211365e-09,True,False,166,0.6,249,0.0015072124547469837,0.0015072124547469837,0.0,3.2769132501014036,0.9960621875806027,-1.1405688640299004e-05,-1.1405688640299004e-05,0.7410920489523465,0.0,0.6984248060875784,0.7410920489523465,0.04599488420086627,0.04605113050471514,success,0.9998384296736277,0.9998384296736277,0.5,2.1094925051786654e-15,0.01,"[0.01, 0.02]",-1.1786116992388086e-16
0.04582363661726667,1.0842021724855044e-19,5.9321545209430855e-05,arith,2.718328931251716e-06,True,0.3,1.0,8.721581341211365e-09,True,False,166,0.6,249,0.002966077260471543,0.002966077260471543,0.0,3.2364053569614595,0.9837492645412134,-1.1405688640299004e-05,-1.1405688640299004e-05,0.7410920489523465,0.0,0.6984248060875784,0.7410920489523465,0.04582363661726667,0.04605113050471514,success,0.9998384296736277,0.9998384296736277,0.5,2.1094925051786654e-15,0.02,"[0.01, 0.02]",-1.1830162908512692e-16
0.03970321155613596,5.421010862427522e-20,1.2981376629101358e-05,typ,5.154023425950903e-07,True,0.3,1.0,8.220951761082045e-09,True,False,167,0.6,204,0.0012981376629101358,0.0012981376629101358,0.0,3.269603671921382,0.9938403422412248,-0.002724790083151887,-0.002724790083151887,0.7521265575427846,0.0,0.7020758017714314,0.7020758017714314,0.03970321155613596,0.03977969618504261,success,0.9998320904301086,0.5244763048282663,0.5,1.221031379963481e-15,0.01,"[0.01, 0.02]",-1.36538346646412e-16
0.03947420426194105,-1.0842021724855044e-19,5.066388685267477e-05,typ,1.999916618326354e-06,True,0.3,1.0,8.220951761082045e-09,True,False,167,0.6,204,0.0025331943426337386,0.0025331943426337386,0.0,3.208670560936565,0.97531889745725,-0.002724790083151887,-0.002724790083151887,0.7521265575427846,0.0,0.7020758017714314,0.7020758017714314,0.03947420426194105,0.03977969618504261,success,0.9998320904301086,0.5244763048282663,0.5,1.221031379963481e-15,0.02,"[0.01, 0.02]",1.3733046590261923e-16
0.03682036824525009,-1.0842021724855044e-19,1.2092049064803461e-05,arith,4.452336994056954e-07,True,0.3,1.2,8.695456240534778e-09,True,False,168,0.6,222,0.001209204906480346,0.001209204906480346,0.0,3.284065217452941,0.99823612497289,-1.3971285563127824e-05,-1.3971285563127824e-05,0.6818045742763583,0.0,0.6092842318995648,0.6818045742763583,0.03682036824525009,0.036840496661902714,success,0.9998380398994233,0.9998380398994233,0.5,2.448545185984881e-15,0.01,"[0.01, 0.02]",2.9445717795757485e-16
0.0367587474767518,-2.168404344971009e-19,4.801651011147223e-05,arith,1.765026769902507e-06,True,0.3,1.2,8.695456240534778e-09,True,False,168,0.6,222,0.0024008255055736113,0.0024008255055736113,0.0,3.265651947324949,0.9926391620006073,-1.3971285563127824e-05,-1.3971285563127824e-05,0.6818045742763583,0.0,0.6092842318995648,0.6818045742763583,0.0367587474767518,0.036840496661902714,success,0.9998380398994233,0.9998380398994233,0.5,2.448545185984881e-15,0.02,"[0.01, 0.02]",2.9495079318772e-16
0.027134120168313267,0.0,8.875172955707743e-06,typ,2.4082000949473796e-07,True,0.3,1.2,8.220538841343168e-09,True,False,169,0.6,231,0.0008875172955707743,0.0008875172955707743,0.0,3.270853412845134,0.9942202179301471,-0.0043368336379996,-0.0043368336379996,0.6977269301069959,0.0,0.6037076370254782,0.6037076370254782,0.027134120168313267,0.027183183398550304,success,0.9998259272771808,0.43866943057988433,0.5,1.2763210625796836e-15,0.01,"[0.01, 0.02]",-0.0
0.02698732543628446,5.421010862427522e-20,3.469284370258474e-05,typ,9.362670633118063e-07,True,0.3,1.2,8.220538841343168e-09,True,False,169,0.6,231,0.0017346421851292368,0.0017346421851292368,0.0,3.2138089956795244,0.9768807943279266,-0.0043368336379996,-0.0043368336379996,0.6977269301069959,0.0,0.6037076370254782,0.6037076370254782,0.02698732543628446,0.027183183398550304,success,0.9998259272771808,0.43866943057988433,0.5,1.2763210625796836e-15,0.02,"[0.01, 0.02]",-1.0043623765582515e-16
0.028878722911107817,-2.710505431213761e-20,9.49281389320931e-06,arith,2.741403420687063e-07,True,0.3,1.4,8.277838008939066e-09,True,False,170,0.6,205,0.0009492813893209309,0.0009492813893209309,0.0,3.287130778749923,0.9991679438703052,-1.7045435910068713e-05,-1.7045435910068713e-05,0.6189767675705838,0.0,0.50218829777651,0.6189767675705838,0.028878722911107817,0.028886176813413336,success,0.9998375760042904,0.9998375760042904,0.5,2.2820428093657884e-15,0.01,"[0.01, 0.02]",9.385821663780017e-17
0.02885595285090542,-5.421010862427522e-20,3.784169030639853e-05,arith,1.0919580312800007e-06,True,0.3,1.4,8.277838008939066e-09,True,False,170,0.6,205,0.0018920845153199263,0.0018920845153199263,0.0,3.2784994574534694,0.9965443367998432,-1.7045435910068713e-05,-1.7045435910068713e-05,0.6189767675705838,0.0,0.50218829777651,0.6189767675705838,0.02885595285090542,0.028886176813413336,success,0.9998375760042904,0.9998375760042904,0.5,2.2820428093657884e-15,0.02,"[0.01, 0.02]",9.393227959646853e-17
0.014862751503433058,-1.3552527156068805e-20,4.858966287687423e-06,typ,7.221760849745678e-08,True,0.3,1.4,8.416808996488028e-09,True,False,171,0.6,212,0.0004858966287687423,0.0004858966287687423,0.0,3.269223929744825,0.9937249144608017,-0.00820755582856711,-0.00820755582856711,0.6418139945676675,0.0,0.46487722745382654,0.46487722745382654,0.014862751503433058,0.014891949813968243,success,0.9998102810684817,0.33417360462269996,0.5,1.863797283925503e-15,0.01,"[0.01, 0.02]",9.11845101691863e-17
0.014775544276232795,-2.710505431213761e-20,1.895730344008912e-05,typ,2.801044763370171e-07,True,0.3,1.4,8.416808996488028e-09,True,False,171,0.6,212,0.000947865172004456,0.000947865172004456,0.0,3.20754739820023,0.9749774969236447,-0.00820755582856711,-0.00820755582856711,0.6418139945676675,0.0,0.46487722745382654,0.46487722745382654,0.014775544276232795,0.014891949813968243,success,0.9998102810684817,0.33417360462269996,0.5,1.863797283925503e-15,0.02,"[0.01, 0.02]",9.172269327410649e-17
0.0228645163326137,-2.710505431213761e-20,7.51890281832828e-06,arith,1.7191607629300214e-07,True,0.3,1.6,8.464227297747357e-09,True,False,172,0.6,188,0.000751890281832828,0.000751890281832828,0.0,3.2884591604517777,0.9995717234893874,-2.065063260513222e-05,-2.065063260513222e-05,0.5614027832011116,0.0,0.4020421690500942,0.5614027832011116,0.0228645163326137,0.02286755820075428,success,0.999837005321061,0.999837005321061,0.5,1.9723492110281054e-15,0.01,"[0.01, 0.02]",1.1854637079497392e-16
0.02285525644290043,-5.421010862427522e-20,3.0023219708337475e-05,arith,6.861883856755952e-07,True,0.3,1.6,8.464227297747357e-09,True,False,172,0.6,188,0.0015011609854168736,0.0015011609854168736,0.0,3.2840606911745724,0.9982347491492447,-2.065063260513222e-05,-2.065063260513222e-05,0.5614027832011116,0.0,0.4020421690500942,0.5614027832011116,0.02285525644290043,0.02286755820075428,success,0.999837005321061,0.999837005321061,0.5,1.9723492110281054e-15,0.02,"[0.01, 0.02]",1.185944002853545e-16
0.005927153363087509,0.0,1.93418078599969e-06,typ,1.1464186150557305e-08,True,0.3,1.6,8.051956403986652e-09,True,False,173,0.6,198,0.000193418078599969,0.000193418078599969,0.0,3.2632541584720482,0.9919103215865064,-0.02354617266974825,-0.02354617266974825,0.5901639288766369,0.0,0.3023757291637807,0.3023757291637807,0.005927153363087509,0.005942145191852195,success,0.9998163743376645,0.2046330519877882,0.5,2.6274200275683217e-15,0.01,"[0.01, 0.02]",-0.0
0.005882404931172695,-1.3552527156068805e-20,7.492513445833387e-06,typ,4.407399804064804e-08,True,0.3,1.6,8.051956403986652e-09,True,False,173,0.6,198,0.00037462567229166934,0.00037462567229166934,0.0,3.1842900707703006,0.9679081170929711,-0.02354617266974825,-0.02354617266974825,0.5901639288766369,0.0,0.3023757291637807,0.3023757291637807,0.005882404931172695,0.005942145191852195,success,0.9998163743376645,0.2046330519877882,0.5,2.6274200275683217e-15,0.02,"[0.01, 0.02]",1.1519546269460085e-16
0.018412942676016675,0.0,6.056164999443083e-06,arith,1.1151181897124404e-07,True,0.3,1.8,8.283679402023946e-09,True,False,174,0.6,174,0.0006056164999443083,0.0006056164999443083,0.0,3.28908046150135,0.9997605763626101,-2.4814032102476666e-05,-2.4814032102476666e-05,0.5110646654601013,0.0,0.31826628025882114,0.5110646654601013,0.018412942676016675,0.01841430088716589,success,0.9998363740204816,0.9998363740204816,0.5,2.260925553381195e-15,0.01,"[0.01, 0.02]",-0.0
0.01840877903750871,-5.421010862427522e-20,2.4201208242219297e-05,arith,4.4551469497174966e-07,True,0.3,1.8,8.283679402023946e-09,True,False,174,0.6,174,0.0012100604121109647,0.0012100604121109647,0.0,3.2866395148896417,0.9990186175628919,-2.4814032102476666e-05,-2.4814032102476666e-05,0.5110646654601013,0.0,0.31826628025882114,0.5110646654601013,0.01840877903750871,0.01841430088716589,success,0.9998363740204816,0.9998363740204816,0.5,2.260925553381195e-15,0.02,"[0.01, 0.02]",1.472398264812123e-16
0.0011437694419596633,0.0,3.724909201834016e-07,typ,4.2604373191321073e-10,True,0.3,1.8,8.184158540852068e-09,True,False,175,0.6,224,3.724909201834016e-05,3.724909201834016e-05,0.0,3.2566958559864903,0.9899168366749428,-0.14819031337644173,-0.14819031337644173,0.5265948991264415,0.0,0.13425907421440428,0.13425907421440428,0.0011437694419596633,0.0011350386772276864,success,0.9997543717478505,0.08259974555044888,0.5,5.428411521988563e-15,0.01,"[0.01, 0.02]",-0.0
0.001130660243553418,3.3881317890172014e-21,1.4078694797993014e-06,typ,1.5918220489213021e-09,True,0.3,1.8,8.184158540852068e-09,True,False,175,0.6,224,7.039347398996506e-05,7.039347398996506e-05,0.0,3.112936639955331,0.9462192748916279,-0.14819031337644173,-0.14819031337644173,0.5265948991264415,0.0,0.13425907421440428,0.13425907421440428,0.001130660243553418,0.0011350386772276864,success,0.9997543717478505,0.08259974555044888,0.5,5.428411521988563e-15,0.02,"[0.01, 0.02]",-1.4982979229768634e-16
0.01509037057076261,0.0,4.963825191545227e-06,arith,7.490596158890417e-08,True,0.3,2.0,8.103065211040281e-09,True,False,176,0.6,165,0.0004963825191545227,0.0004963825191545227,0.0,3.2893991358718333,0.9998574417558516,-2.956806372730425e-05,-2.956806372730425e-05,0.4676710709088754,0.0,0.25173087241719005,0.4676710709088754,0.01509037057076261,0.01509101889513688,success,0.9998356751474791,0.9998356751474791,0.5,2.528915823158115e-15,0.01,"[0.01, 0.02]",-0.0
0.015088331845682576,2.710505431213761e-20,1.9843805820495336e-05,arith,2.99409927300921e-07,True,0.3,2.0,8.103065211040281e-09,True,False,176,0.6,165,0.0009921902910247668,0.0009921902910247668,0.0,3.287938988791115,0.9994136102643207,-2.956806372730425e-05,-2.956806372730425e-05,0.4676710709088754,0.0,0.25173087241719005,0.4676710709088754,0.015088331845682576,0.01509101889513688,success,0.9998356751474791,0.9998356751474791,0.5,2.528915823158115e-15,0.02,"[0.01, 0.02]",-8.982124263091927e-17
6.431768367984699e-05,-5.293955920339377e-23,2.0848381273955054e-08,typ,1.3409195920150865e-12,True,0.3,2.0,8.06404774051166e-09,True,False,177,0.6,189,2.0848381273955054e-06,2.0848381273955054e-06,0.0,3.241469543233503,0.9852885925830195,-1.500794434414283,-1.500794434414283,0.37927182563895784,0.0,0.031160201084109815,0.031160201084109815,6.431768367984699e-05,6.070912873745339e-05,success,0.9998402563261717,0.025420670208719645,0.5,6.271404155306921e-15,0.01,"[0.01, 0.02]",8.230949277792729e-17
6.348418032872407e-05,-3.1763735522036263e-22,7.917087314141549e-08,typ,5.026097987292158e-12,True,0.3,2.0,8.06404774051166e-09,True,False,177,0.6,189,3.9585436570707744e-06,3.9585436570707744e-06,0.0,3.1177402280168454,0.9476793905759965,-1.500794434414283,-1.500794434414283,0.37927182563895784,0.0,0.031160201084109815,0.031160201084109815,6.348418032872407e-05,6.070912873745339e-05,success,0.9998402563261717,0.025420670208719645,0.5,6.271404155306921e-15,0.02,"[0.01, 0.02]",2.501704783582473e-16
0.012568110087551678,-1.3552527156068805e-20,4.1342103382196096e-06,arith,5.195921065583831e-08,True,0.3,2.2,8.18468052583439e-09,True,False,178,0.6,155,0.00041342103382196094,0.00041342103382196094,0.0,3.2894447211394304,0.9998712980156604,-3.495119313324624e-05,-3.495119313324624e-05,0.4303323782769226,0.0,0.2000714077516155,0.4303323782769226,0.012568110087551678,0.012569217440989749,success,0.9998348757394686,0.9998348757394686,0.5,2.8982864817592315e-15,0.01,"[0.01, 0.02]",1.0783265790687307e-16
0.012566835322644044,5.421010862427522e-20,1.6531090080298877e-05,arith,2.077434867429105e-07,True,0.3,2.2,8.18468052583439e-09,True,False,178,0.6,155,0.0008265545040149438,0.0008265545040149438,0.0,3.2886342615056954,0.9996249478275073,-3.495119313324624e-05,-3.495119313324624e-05,0.4303323782769226,0.0,0.2000714077516155,0.4303323782769226,0.012566835322644044,0.012569217440989749,success,0.9998348757394686,0.9998348757394686,0.5,2.8982864817592315e-15,0.02,"[0.01, 0.02]",-2.1568719264823423e-16
9.653920408997142e-06,2.6469779601696886e-23,2.9204310271749353e-09,typ,2.8193608696312594e-14,True,0.3,2.2,6.8325627061542604e-09,True,False,179,0.6,114,2.9204310271749354e-07,2.9204310271749354e-07,0.0,3.0251244089947003,0.9195275573540116,-4.968798326913773,-4.968798326913773,0.3201708522572232,0.0,0.012572568054130234,0.012572568054130234,9.653920408997142e-06,9.87998397652913e-06,success,0.9998048936326855,0.013571416330022377,0.5,9.403156647935016e-15,0.01,"[0.01, 0.02]",-2.74186843067692e-16
9.308326532405715e-06,5.293955920339377e-23,1.1844675923226092e-08,typ,1.102541111639126e-13,True,0.3,2.2,6.8325627061542604e-09,True,False,179,0.6,114,5.922337961613046e-07,5.922337961613046e-07,0.0,3.1812044522692697,0.9669702015365916,-4.968798326913773,-4.968798326913773,0.3201708522572232,0.0,0.012572568054130234,0.012572568054130234,9.308326532405715e-06,9.87998397652913e-06,success,0.9998048936326855,0.013571416330022377,0.5,9.403156647935016e-15,0.02,"[0.01, 0.02]",-2.8436668513449573e-16
0.010616240773556603,0.0,3.49297415938894e-06,arith,3.7082254691884466e-08,True,0.3,2.4,8.001921623177625e-09,True,False,180,0.6,145,0.000349297415938894,0.000349297415938894,0.0,3.29021753923422,1.0001062065479733,-4.1008877860893066e-05,-4.1008877860893066e-05,0.39798434053207243,0.0,0.16022393417405087,0.39798434053207243,0.010616240773556603,0.010614104438196593,success,0.9998339667678924,0.9998339667678924,0.5,2.94026023463719e-15,0.01,"[0.01, 0.02]",-0.0
0.010616387728248463,2.710505431213761e-20,1.3967424976713261e-05,arith,1.4828359911800975e-07,True,0.3,2.4,8.001921623177625e-09,True,False,180,0.6,145,0.000698371248835663,0.000698371248835663,0.0,3.2891189861943904,0.999772286465105,-4.1008877860893066e-05,-4.1008877860893066e-05,0.39798434053207243,0.0,0.16022393417405087,0.39798434053207243,0.010616387728248463,0.010614104438196593,success,0.9998339667678924,0.9998339667678924,0.5,2.94026023463719e-15,0.02,"[0.01, 0.02]",-1.2765667101633597e-16
2.9196494718774537e-06,-6.617444900424222e-24,1.0215201072927817e-09,typ,2.98248064176957e-15,True,0.3,2.4,5.606845106736608e-09,True,False,181,0.6,83,1.0215201072927816e-07,1.0215201072927816e-07,0.0,3.49877653852708,1.0635005405508156,-9.559649625425752,-9.559649625425752,0.07386129056060878,0.0,0.006347581692893964,0.006347581692893964,2.9196494718774537e-06,2.5182788110415944e-06,success,0.9998285324750429,0.009540242648689155,0.5,1.0505557684707968e-14,0.01,"[0.01, 0.02]",2.266520335459631e-16
2.9887001704396358e-06,1.3234889800848443e-23,3.891566242070211e-09,typ,1.1630724690952372e-14,True,0.3,2.4,5.606845106736608e-09,True,False,181,0.6,83,1.9457831210351053e-07,1.9457831210351053e-07,0.0,3.255233061315886,0.9894722004125889,-9.559649625425752,-9.559649625425752,0.07386129056060878,0.0,0.006347581692893964,0.006347581692893964,2.9887001704396358e-06,2.5182788110415944e-06,success,0.9998285324750429,0.009540242648689155,0.5,1.0505557684707968e-14,0.02,"[0.01, 0.02]",-2.214154824185927e-16
5.003147102268023e-06,-5.293955920339377e-23,3.6840340588306714e-08,arith,1.8431764326095377e-13,True,0.375,0.0,9.421006266709543e-09,True,False,182,0.75,576,3.684034058830671e-06,3.684034058830671e-06,0.0,73.63433422056744,22.38215369983017,-8.894997846433696e-06,-8.894997846433696e-06,0.004074197584258492,0.0,0.004074197584258491,0.004074197584258492,5.003147102268023e-06,1.037449953976626e-06,success,0.9998388044018092,0.9998388044018092,0.5,2.3865916183498743e-15,0.01,"[0.01, 0.02]",1.0581251784380925e-15
0.00034342984924566784,-3.3881317890172014e-21,4.888296851712975e-06,arith,1.6787870508518596e-09,True,0.375,0.0,9.421006266709543e-09,True,False,182,0.75,576,0.00024441484258564875,0.00024441484258564875,0.0,35.58439126978883,10.816357927941226,-8.894997846433696e-06,-8.894997846433696e-06,0.004074197584258492,0.0,0.004074197584258491,0.004074197584258492,0.00034342984924566784,1.037449953976626e-06,success,0.9998388044018092,0.9998388044018092,0.5,2.3865916183498743e-15,0.02,"[0.01, 0.02]",4.932785831603046e-16
5.003544193990751e-06,5.293955920339377e-23,3.684343669143978e-08,typ,1.843477637441193e-13,True,0.375,0.0,7.899205938942164e-09,True,False,183,0.75,371,3.6843436691439778e-06,3.6843436691439778e-06,0.0,73.63467826603528,22.382258277112257,-1.3663415931537606e-05,-1.3663415931537606e-05,0.004074197584258491,0.0,0.004074197584258491,0.004074197584258491,5.003544193990751e-06,1.037449953976626e-06,success,0.9998270378510083,0.9998270378510083,0.5,2.9482052302062042e-15,0.01,"[0.01, 0.02]",-1.0580412034128548e-15
0.0003434501529174747,1.0164395367051604e-20,4.88851911327114e-06,typ,1.6789626369929711e-09,True,0.375,0.0,7.899205938942164e-09,True,False,183,0.75,371,0.000244425955663557,0.000244425955663557,0.0,35.583905493599886,10.816210269685879,-1.3663415931537606e-05,-1.3663415931537606e-05,0.004074197584258491,0.0,0.004074197584258491,0.004074197584258491,0.0003434501529174747,1.037449953976626e-06,success,0.9998270378510083,0.9998270378510083,0.5,2.9482052302062042e-15,0.02,"[0.01, 0.02]",-1.4797482663363286e-15
1.6194431215151376e-05,5.293955920339377e-22,1.0030587909324661e-07,arith,1.6243966594508728e-12,True,0.375,0.2,9.452040270940155e-09,True,False,184,0.75,508,1.0030587909324661e-05,1.0030587909324661e-05,0.0,61.938500809711215,18.82704664521551,-9.128768395479363e-06,-9.128768395479363e-06,0.004672160830274116,0.0,0.004662374034904618,0.004672160830274116,1.6194431215151376e-05,1.364330173930383e-06,success,0.9998388001934698,0.9998388001934698,0.5,2.8770424676447365e-15,0.01,"[0.01, 0.02]",-3.2689977499094846e-15
0.00061362853319102,6.776263578034403e-21,6.78165147281873e-06,arith,4.161414845878478e-09,True,0.375,0.2,9.452040270940155e-09,True,False,184,0.75,508,0.0003390825736409365,0.0003390825736409365,0.0,27.629303014775346,8.398301054009549,-9.128768395479363e-06,-9.128768395479363e-06,0.004672160830274116,0.0,0.004662374034904618,0.004672160830274116,0.00061362853319102,1.364330173930383e-06,success,0.9998388001934698,0.9998388001934698,0.5,2.8770424676447365e-15,0.02,"[0.01, 0.02]",-5.521470410442093e-16
7.080987142718922e-06,-1.0587911840678754e-22,4.78173856877017e-08,typ,3.3859429325304755e-13,True,0.375,0.2,9.115189490441746e-09,True,False,185,0.75,365,4.78173856877017e-06,4.78173856877017e-06,0.0,67.52926495124382,20.526435166071177,-0.0001062496296544617,-0.0001062496296544617,0.004663200928668877,0.0,0.0046534328967070175,0.0046534328967070175,7.080987142718922e-06,1.353414409998588e-06,success,0.9998275302539008,0.957255935573454,0.5,2.307555666226041e-15,0.01,"[0.01, 0.02]",1.4952592946826421e-15
0.0003826773760672654,0.0,4.998153820716427e-06,typ,1.9126803892923395e-09,True,0.375,0.2,9.115189490441746e-09,True,False,185,0.75,365,0.00024990769103582134,0.00024990769103582134,0.0,32.652530129177755,9.92517900481616,-0.0001062496296544617,-0.0001062496296544617,0.004663200928668877,0.0,0.0046534328967070175,0.0046534328967070175,0.0003826773760672654,1.353414409998588e-06,success,0.9998275302539008,0.957255935573454,0.5,2.307555666226041e-15,0.02,"[0.01, 0.02]",-0.0
0.00041686253379682016,5.082197683525802e-21,9.440435045423187e-07,arith,3.935363673179409e-10,True,0.375,0.4,9.322080318869783e-09,True,False,186,0.75,428,9.440435045423186e-05,9.440435045423186e-05,0.0,22.64639846483416,6.8836796930790545,-9.83172500331462e-06,-9.83172500331462e-06,0.008346779208336975,0.0,0.008031013637806002,0.008346779208336975,0.00041686253379682016,4.35441995342383e-06,success,0.9998385973919921,0.9998385973919921,0.5,2.6910799108519634e-15,0.01,"[0.01, 0.02]",-1.2191543426166663e-15
0.0026376284553956816,-1.3552527156068805e-20,1.3802374882665845e-05,arith,3.6405536742558063e-08,True,0.375,0.4,9.322080318869783e-09,True,False,186,0.75,428,0.0006901187441332923,0.0006901187441332923,0.0,13.082182646337971,3.976506691056642,-9.83172500331462e-06,-9.83172500331462e-06,0.008346779208336975,0.0,0.008031013637806002,0.008346779208336975,0.0026376284553956816,4.35441995342383e-06,success,0.9998385973919921,0.9998385973919921,0.5,2.6910799108519634e-15,0.02,"[0.01, 0.02]",2.5690743380374503e-16
2.7424295809692463e-05,2.117582368135751e-22,1.27545410579878e-07,typ,3.4978430689112525e-12,True,0.375,0.4,8.286111774096035e-09,True,False,187,0.75,368,1.2754541057987798e-05,1.2754541057987798e-05,0.0,46.50818072593867,14.1367917606116,-0.0004515651218800535,-0.0004515651218800535,0.007859704802339697,0.0,0.007562354551412681,0.007562354551412681,2.7424295809692463e-05,3.574409461922846e-06,success,0.9998289257512398,0.8361788779336788,0.5,1.5497313980752486e-15,0.01,"[0.01, 0.02]",-7.721556034949644e-16
0.000615534249178994,6.776263578034403e-21,5.736582923081826e-06,typ,3.5310632624122105e-09,True,0.375,0.4,8.286111774096035e-09,True,False,187,0.75,368,0.0002868291461540913,0.0002868291461540913,0.0,23.299202809321095,7.0821084196898845,-0.0004515651218800535,-0.0004515651218800535,0.007859704802339697,0.0,0.007562354551412681,0.007562354551412681,0.000615534249178994,3.574409461922846e-06,success,0.9998289257512398,0.8361788779336788,0.5,1.5497313980752486e-15,0.02,"[0.01, 0.02]",-5.504375741132727e-16
0.009546722349223864,1.3552527156068805e-20,4.323722579696041e-06,arith,4.1277378983428056e-08,True,0.375,0.6,9.019672595351507e-09,True,False,188,0.75,330,0.0004323722579696041,0.0004323722579696041,0.0,4.52901259880838,1.3766547517269758,-1.1008835403201328e-05,-1.1008835403201328e-05,0.3313099782771503,0.0,0.2737153909991887,0.3313099782771503,0.009546722349223864,0.007192559925878557,success,0.999838450610627,0.999838450610627,0.5,2.402347397165904e-15,0.01,"[0.01, 0.02]",-1.419600011429117e-16
0.012036023348218162,5.421010862427522e-20,2.3691101265295514e-05,arith,2.851466479740977e-07,True,0.375,0.6,9.019672595351507e-09,True,False,188,0.75,330,0.0011845550632647757,0.0011845550632647757,0.0,4.920873900764489,1.4957663045404375,-1.1008835403201328e-05,-1.1008835403201328e-05,0.3313099782771503,0.0,0.2737153909991887,0.3313099782771503,0.012036023348218162,0.007192559925878557,success,0.999838450610627,0.999838450610627,0.5,2.402347397165904e-15,0.02,"[0.01, 0.02]",-2.2519941618549864e-16
0.001260752175710401,-1.0164395367051604e-20,1.141609225490306e-06,typ,1.439286314847969e-09,True,0.375,0.6,9.160291900397948e-09,True,False,189,0.75,389,0.0001141609225490306,0.0001141609225490306,0.0,9.054985170634655,2.7523854460575574,-0.0012844044190860335,-0.0012844044190860335,0.07704278052456255,0.0,0.05794429500299856,0.05794429500299856,0.001260752175710401,0.00021013667605801164,success,0.9998308267362219,0.6675544518259181,0.5,1.7126887320288091e-15,0.01,"[0.01, 0.02]",8.06216761936122e-16
0.0028592055168391406,1.3552527156068805e-20,9.284101402956222e-06,typ,2.6545153950226435e-08,True,0.375,0.6,9.160291900397948e-09,True,False,189,0.75,389,0.0004642050701478111,0.0004642050701478111,0.0,8.11772828874839,2.467493516108628,-0.0012844044190860335,-0.0012844044190860335,0.07704278052456255,0.0,0.05794429500299856,0.05794429500299856,0.0028592055168391406,0.00021013667605801164,success,0.9998308267362219,0.6675544518259181,0.5,1.7126887320288091e-15,0.02,"[0.01, 0.02]",-2.3699812896015885e-16
0.03108139077662477,0.0,1.0129767514729178e-05,arith,3.1484726260165667e-07,True,0.375,0.8,8.962900862150786e-09,True,False,190,0.75,283,0.0010129767514729178,0.0010129767514729178,0.0,3.259110117539342,0.9906506841894142,-1.2668489962549016e-05,-1.2668489962549016e-05,0.6384173234156405,0.0,0.5381899920444749,0.6384173234156405,0.03108139077662477,0.03117709368170942,success,0.9998382219822567,0.9998382219822567,0.5,1.7805107749291075e-15,0.01,"[0.01, 0.02]",-0.0
0.030826553246678504,1.0842021724855044e-19,3.9338120447264896e-05,arith,1.2126586645918637e-06,True,0.375,0.8,8.962900862150786e-09,True,False,190,0.75,283,0.0019669060223632445,0.0019669060223632445,0.0,3.1902788589820283,0.9697284904235577,-1.2668489962549016e-05,-1.2668489962549016e-05,0.6384173234156405,0.0,0.5381899920444749,0.6384173234156405,0.030826553246678504,0.03117709368170942,success,0.9998382219822567,0.9998382219822567,0.5,1.7805107749291075e-15,0.02,"[0.01, 0.02]",-1.758552381464063e-16
0.018781158530669233,2.710505431213761e-20,6.1165408903172694e-06,typ,1.1487572412036937e-07,True,0.375,0.8,7.91313643568133e-09,True,False,191,0.75,201,0.000611654089031727,0.000611654089031727,0.0,3.256743123875499,0.9899312043903307,-0.0028014037540613247,-0.0028014037540613247,0.6680534285601274,0.0,0.5162569892087757,0.5162569892087757,0.018781158530669233,0.018842501251763573,success,0.999832022438222,0.5193293053996231,0.5,1.841287897820301e-15,0.01,"[0.01, 0.02]",-1.4432045961315769e-16
0.01861197018090508,-5.421010862427522e-20,2.3637063690198864e-05,typ,4.399323245661355e-07,True,0.375,0.8,7.91313643568133e-09,True,False,191,0.75,201,0.0011818531845099432,0.0011818531845099432,0.0,3.1749814045008073,0.9650786218393015,-0.0028014037540613247,-0.0028014037540613247,0.6680534285601274,0.0,0.5162569892087757,0.5162569892087757,0.01861197018090508,0.018842501251763573,success,0.999832022438222,0.5193293053996231,0.5,1.841287897820301e-15,0.02,"[0.01, 0.02]",1.4563237555552283e-16
0.037558677763604706,-5.421010862427522e-20,1.2261216284159643e-05,arith,4.605150714066147e-07,True,0.375,1.0,8.95105877826982e-09,True,False,192,0.75,246,0.0012261216284159642,0.0012261216284159642,0.0,3.2645495034015988,0.9923040592309679,-1.4822672566310426e-05,-1.4822672566310426e-05,0.6875197058316824,0.0,0.6025324787994046,0.6875197058316824,0.037558677763604706,0.03764886878049575,success,0.9998379004051058,0.9998379004051058,0.5,2.211666101639251e-15,0.01,"[0.01, 0.02]",1.443344437348808e-16
0.03728768069352653,0.0,4.7554239478799955e-05,arith,1.7731872973089862e-06,True,0.375,1.0,8.95105877826982e-09,True,False,192,0.75,246,0.002377711973939998,0.002377711973939998,0.0,3.1883344977699157,0.9691374754852392,-1.4822672566310426e-05,-1.4822672566310426e-05,0.6875197058316824,0.0,0.6025324787994046,0.6875197058316824,0.03728768069352653,0.03764886878049575,success,0.9998379004051058,0.9998379004051058,0.5,2.211666101639251e-15,0.02,"[0.01, 0.02]",-0.0
0.02674588715115333,-2.710505431213761e-20,8.717595725404353e-06,typ,2.3315983150104146e-07,True,0.375,1.0,8.425964808306719e-09,True,False,193,0.75,205,0.0008717595725404353,0.0008717595725404353,0.0,3.2594154294218036,0.9907434878733474,-0.004840414122128803,-0.004840414122128803,0.7149935276127344,0.0,0.6003857310440054,0.6003857310440054,0.02674588715115333,0.026823381229366828,success,0.9998260812260986,0.42055720145554565,0.5,1.4227854477088466e-15,0.01,"[0.01, 0.02]",1.0134288744641171e-16
0.026514432233937693,0.0,3.360219531259469e-05,typ,8.909431305273307e-07,True,0.375,1.0,8.425964808306719e-09,True,False,193,0.75,205,0.0016801097656297345,0.0016801097656297345,0.0,3.16829293345992,0.9630455704314409,-0.004840414122128803,-0.004840414122128803,0.7149935276127344,0.0,0.6003857310440054,0.6003857310440054,0.026514432233937693,0.026823381229366828,success,0.9998260812260986,0.42055720145554565,0.5,1.4227854477088466e-15,0.02,"[0.01, 0.02]",-0.0
0.03370223772465147,-2.710505431213761e-20,1.1050969777612253e-05,arith,3.724424105330269e-07,True,0.375,1.2,8.524156424749753e-09,True,False,194,0.75,224,0.0011050969777612254,0.0011050969777612254,0.0,3.2790017885159695,0.9966970271333416,-1.7487209507337535e-05,-1.7487209507337535e-05,0.6587922393246503,0.0,0.5763580494276175,0.6587922393246503,0.03370223772465147,0.03373670342948516,success,0.999837480632749,0.999837480632749,0.5,2.673812541860749e-15,0.01,"[0.01, 0.02]",8.042508789353072e-17
0.033596501933063,0.0,4.359919908582116e-05,arith,1.4647805763667892e-06,True,0.375,1.2,8.524156424749753e-09,True,False,194,0.75,224,0.002179959954291058,0.002179959954291058,0.0,3.2443257911707093,0.9861567878483407,-1.7487209507337535e-05,-1.7487209507337535e-05,0.6587922393246503,0.0,0.5763580494276175,0.6587922393246503,0.033596501933063,0.03373670342948516,success,0.999837480632749,0.999837480632749,0.5,2.673812541860749e-15,0.02,"[0.01, 0.02]",-0.0
0.023408666337474668,0.0,7.644687717740011e-06,typ,1.7895194403876664e-07,True,0.375,1.2,8.596261447509633e-09,True,False,195,0.75,227,0.0007644687717740011,0.0007644687717740011,0.0,3.2657510716455116,0.9926692921810688,-0.0064685494218909454,-0.0064685494218909454,0.6799444383315406,0.0,0.5675730639068851,0.5675730639068851,0.023408666337474668,0.02346233867422442,success,0.9998320967235584,0.37259472684262973,0.5,1.4787302323638894e-15,0.01,"[0.01, 0.02]",-0.0
0.02324799185490146,-5.421010862427522e-20,2.9693770245879145e-05,typ,6.903205288175138e-07,True,0.375,1.2,8.596261447509633e-09,True,False,195,0.75,227,0.001484688512293957,0.001484688512293957,0.0,3.193154319651344,0.9706025256591538,-0.0064685494218909454,-0.0064685494218909454,0.6799444383315406,0.0,0.5675730639068851,0.5675730639068851,0.02324799185490146,0.02346233867422442,success,0.9998320967235584,0.37259472684262973,0.5,1.4787302323638894e-15,0.02,"[0.01, 0.02]",1.1659094893575916e-16
0.027667796022950122,0.0,9.089365354377676e-06,arith,2.514827066029913e-07,True,0.375,1.4,8.622285599418392e-09,True,False,196,0.75,201,0.0009089365354377675,0.0009089365354377675,0.0,3.285178677346815,0.9985745761960468,-2.0682106823644497e-05,-2.0682106823644497e-05,0.6082384767394975,0.0,0.5032493084124605,0.6082384767394975,0.027667796022950122,0.027680007141464638,success,0.9998370096682685,0.9998370096682685,0.5,1.754777629901308e-15,0.01,"[0.01, 0.02]",-0.0
0.027630320072010627,5.421010862427522e-20,3.614263705375749e-05,arith,9.986326300418306e-07,True,0.375,1.4,8.622285599418392e-09,True,False,196,0.75,201,0.0018071318526878745,0.0018071318526878745,0.0,3.270197102274052,0.9940207234384502,-2.0682106823644497e-05,-2.0682106823644497e-05,0.6082384767394975,0.0,0.5032493084124605,0.6082384767394975,0.027630320072010627,0.027680007141464638,success,0.9998370096682685,0.9998370096682685,0.5,1.754777629901308e-15,0.02,"[0.01, 0.02]",-9.809895159193213e-17
0.015310868042220536,-1.3552527156068805e-20,5.001158192958689e-06,typ,7.65720731506606e-08,True,0.375,1.4,8.626594203440792e-09,True,False,197,0.75,231,0.0005001158192958689,0.0005001158192958689,0.0,3.266410617064772,0.9928697699487049,-0.009618684302771826,-0.009618684302771826,0.6308517618057803,0.0,0.4712012371364439,0.4712012371364439,0.015310868042220536,0.015345038101305362,success,0.9998240975315591,0.31276471892850943,0.5,1.469621974140299e-15,0.01,"[0.01, 0.02]",8.851573352142405e-17
0.015208757174419071,-2.710505431213761e-20,1.9443824601015796e-05,typ,2.9571640689884504e-07,True,0.375,1.4,8.626594203440792e-09,True,False,197,0.75,231,0.0009721912300507898,0.0009721912300507898,0.0,3.196156066210336,0.9715149472022081,-0.009618684302771826,-0.009618684302771826,0.6308517618057803,0.0,0.4712012371364439,0.4712012371364439,0.015208757174419071,0.015345038101305362,success,0.9998240975315591,0.31276471892850943,0.5,1.469621974140299e-15,0.02,"[0.01, 0.02]",8.911002392006085e-17
0.022346316040134755,5.421010862427522e-20,7.3466930792880195e-06,arith,1.6417152539964086e-07,True,0.375,1.6,8.309324266783518e-09,True,False,198,0.75,187,0.0007346693079288019,0.0007346693079288019,0.0,3.2876529026498615,0.9993266505049544,-2.443199071953798e-05,-2.443199071953798e-05,0.5559469824056066,0.0,0.41745820246659693,0.5559469824056066,0.022346316040134755,0.022350982721969365,success,0.999836438033255,0.999836438033255,0.5,2.328385508890894e-15,0.01,"[0.01, 0.02]",-2.425908079296471e-16
0.022332053163044905,5.421010862427522e-20,2.9305543744388543e-05,arith,6.54452960871623e-07,True,0.375,1.6,8.309324266783518e-09,True,False,198,0.75,187,0.001465277187219427,0.001465277187219427,0.0,3.280659365535115,0.9972008701300161,-2.443199071953798e-05,-2.443199071953798e-05,0.5559469824056066,0.0,0.41745820246659693,0.5559469824056066,0.022332053163044905,0.022350982721969365,success,0.999836438033255,0.999836438033255,0.5,2.328385508890894e-15,0.02,"[0.01, 0.02]",-1.213728720518679e-16
0.007407257750157811,-1.3552527156068805e-20,2.4166848173575474e-06,typ,1.790100734306041e-08,True,0.375,1.6,8.34666422586313e-09,True,False,199,0.75,200,0.00024166848173575473,0.00024166848173575473,0.0,3.2625904199243774,0.9917085692606693,-0.020614805634159395,-0.020614805634159395,0.5825231758847644,0.0,0.3363963999165771,0.3363963999165771,0.007407257750157811,0.007426492624416147,success,0.9998389121422747,0.21926417615559135,0.5,2.5694441778625015e-15,0.01,"[0.01, 0.02]",1.8296281313796688e-16
0.007349912667291388,-1.3552527156068805e-20,9.353327186663195e-06,typ,6.874613797057673e-08,True,0.375,1.6,8.34666422586313e-09,True,False,199,0.75,200,0.00046766635933315974,0.00046766635933315974,0.0,3.181441606880382,0.967042287894304,-0.020614805634159395,-0.020614805634159395,0.5825231758847644,0.0,0.3363963999165771,0.3363963999165771,0.007349912667291388,0.007426492624416147,success,0.9998389121422747,0.21926417615559135,0.5,2.5694441778625015e-15,0.02,"[0.01, 0.02]",9.219515774915475e-17
0.018169029311207813,0.0,5.9752749496931235e-06,arith,1.0856494570350015e-07,True,0.375,1.8,8.091781422792795e-09,True,False,200,0.75,174,0.0005975274949693123,0.0005975274949693123,0.0,3.288714464237885,0.9996493265347778,-2.8766670988420373e-05,-2.8766670988420373e-05,0.5080772393374833,0.0,0.33768647580868266,0.5080772393374833,0.018169029311207813,0.018171008084235777,success,0.9998358034967445,0.9998358034967445,0.5,1.9093310265837842e-15,0.01,"[0.01, 0.02]",-0.0
0.018163004997962674,0.0,2.3867021921812144e-05,arith,4.3349683845235866e-07,True,0.375,1.8,8.091781422792795e-09,True,False,200,0.75,174,0.001193351096090607,0.001193351096090607,0.0,3.285114704930335,0.9985551309131723,-2.8766670988420373e-05,-2.8766670988420373e-05,0.5080772393374833,0.0,0.33768647580868266,0.5080772393374833,0.018163004997962674,0.018171008084235777,success,0.9998358034967445,0.9998358034967445,0.5,1.9093310265837842e-15,0.02,"[0.01, 0.02]",-0.0
0.00209134642651117,8.470329472543003e-21,6.796291504989656e-07,typ,1.421339995248834e-09,True,0.375,1.8,8.101143632329539e-09,True,False,201,0.75,212,6.796291504989656e-05,6.796291504989656e-05,0.0,3.2497205717980346,0.9877966045242947,-0.08517498170863955,-0.08517498170863955,0.5367620163957063,0.0,0.1819538294246142,0.1819538294246142,0.00209134642651117,0.002097958792321113,success,0.9997583724133666,0.10953698704432166,0.5,4.341028185211503e-15,0.01,"[0.01, 0.02]",-4.050180001346497e-16
0.0020674193501730017,6.776263578034403e-21,2.5885282848391458e-06,typ,5.351573464546582e-09,True,0.375,1.8,8.101143632329539e-09,True,False,201,0.75,212,0.00012942641424195728,0.00012942641424195728,0.0,3.130144211698678,0.9514497495015671,-0.08517498170863955,-0.08517498170863955,0.5367620163957063,0.0,0.1819538294246142,0.1819538294246142,0.0020674193501730017,0.002097958792321113,success,0.9997583724133666,0.10953698704432166,0.5,4.341028185211503e-15,0.02,"[0.01, 0.02]",-1.6388217459286535e-16
0.014965793329093025,0.0,4.922580858089835e-06,arith,7.367032776792188e-08,True,0.375,2.0,7.788829464384673e-09,True,False,202,0.75,164,0.0004922580858089835,0.0004922580858089835,0.0,3.289221459794246,0.9998034347043935,-3.372185418453865e-05,-3.372185418453865e-05,0.4659281161966777,0.0,0.2705741497977164,0.4659281161966777,0.014965793329093025,0.014966625595627036,success,0.9998350785233431,0.9998350785233431,0.5,2.2022162466060183e-15,0.01,"[0.01, 0.02]",-0.0
0.014962998576733565,2.710505431213761e-20,1.967450409177873e-05,arith,2.9438957672322386e-07,True,0.375,2.0,7.788829464384673e-09,True,False,202,0.75,164,0.0009837252045889365,0.0009837252045889365,0.0,3.287192735948534,0.9991867766004005,-3.372185418453865e-05,-3.372185418453865e-05,0.4659281161966777,0.0,0.2705741497977164,0.4659281161966777,0.014962998576733565,0.014966625595627036,success,0.9998350785233431,0.9998350785233431,0.5,2.2022162466060183e-15,0.02,"[0.01, 0.02]",-9.057360452564671e-17
0.0001737516497869444,-4.235164736271502e-22,5.953395732292587e-08,typ,1.034412330320391e-11,True,0.375,2.0,8.416449253170903e-09,True,False,203,0.75,231,5.953395732292587e-06,5.953395732292587e-06,0.0,3.4263822758475593,1.0414953234000053,-0.7851545622799319,-0.7851545622799319,0.3289943721087608,0.0,0.04799299326228522,0.04799299326228522,0.0001737516497869444,0.00014409451478174012,success,0.9998549342208445,0.035674991665955835,0.5,6.379664577117491e-15,0.01,"[0.01, 0.02]",2.437481739865315e-16
0.00017475355109668176,4.235164736271502e-22,2.1529595754079327e-07,typ,3.762373311701404e-11,True,0.375,2.0,8.416449253170903e-09,True,False,203,0.75,231,1.0764797877039663e-05,1.0764797877039663e-05,0.0,3.079994028586028,0.936205921763006,-0.7851545622799319,-0.7851545622799319,0.3289943721087608,0.0,0.04799299326228522,0.04799299326228522,0.00017475355109668176,0.00014409451478174012,success,0.9998549342208445,0.035674991665955835,0.5,6.379664577117491e-15,0.02,"[0.01, 0.02]",-1.2117535551333124e-16
0.012499627462282118,0.0,4.11186718094979e-06,arith,5.1396807936256554e-08,True,0.375,2.2,7.61885759263691e-09,True,False,204,0.75,156,0.000411186718094979,0.000411186718094979,0.0,3.289591784521125,0.9999159999233717,-3.934004232008506e-05,-3.934004232008506e-05,0.4292319368284639,0.0,0.2166687925836045,0.4292319368284639,0.012499627462282118,0.012499310677547604,success,0.9998342627279362,0.9998342627279362,0.5,2.7754705176364154e-15,0.01,"[0.01, 0.02]",-0.0
0.012498390996884557,0.0,1.6439185045156633e-05,arith,2.0546336236450491e-07,True,0.375,2.2,7.61885759263691e-09,True,False,204,0.75,156,0.0008219592522578316,0.0008219592522578316,0.0,3.288260274713438,0.9995112694741329,-3.934004232008506e-05,-3.934004232008506e-05,0.4292319368284639,0.0,0.2166687925836045,0.4292319368284639,0.012498390996884557,0.012499310677547604,success,0.9998342627279362,0.9998342627279362,0.5,2.7754705176364154e-15,0.02,"[0.01, 0.02]",-0.0
1.6815686663286934e-05,7.940933880509066e-23,6.077281149549678e-09,typ,1.021936555755276e-13,True,0.375,2.2,7.50369295581482e-09,True,False,205,0.75,137,6.077281149549678e-07,6.077281149549678e-07,0.0,3.6140547045384595,1.0985409012359881,-3.485813972255255,-3.485813972255255,0.1290395626377016,0.0,0.014518955328620757,0.014518955328620757,1.6815686663286934e-05,1.3176146256966318e-05,success,0.9997841914716865,0.016456634277198887,0.5,8.946220248395813e-15,0.01,"[0.01, 0.02]",-4.72233696994736e-16
1.7372067374217447e-05,1.5881867761018131e-22,2.2129438594895154e-08,typ,3.844340982241265e-13,True,0.375,2.2,7.50369295581482e-09,True,False,205,0.75,137,1.1064719297447578e-06,1.1064719297447578e-06,0.0,3.184629399339411,0.9680112606097689,-3.485813972255255,-3.485813972255255,0.1290395626377016,0.0,0.014518955328620757,0.014518955328620757,1.7372067374217447e-05,1.3176146256966318e-05,success,0.9997841914716865,0.016456634277198887,0.5,8.946220248395813e-15,0.02,"[0.01, 0.02]",-4.57109318623442e-16
0.01057909462457826,-2.710505431213761e-20,3.4790896637136775e-06,arith,3.680561875981915e-08,True,0.375,2.4,7.566532304939526e-09,True,False,206,0.75,147,0.00034790896637136776,0.00034790896637136776,0.0,3.2886459448342187,0.9996284991335319,-4.5671665024736834e-05,-4.5671665024736834e-05,0.3974577069002117,0.0,0.1742896188373457,0.3974577069002117,0.01057909462457826,0.010583944200207158,success,0.9998333491932306,0.9998333491932306,0.5,2.950225547010288e-15,0.01,"[0.01, 0.02]",2.5621336488629966e-16
0.010577032492342691,-2.710505431213761e-20,1.3914049924390915e-05,arith,1.4716935815036107e-07,True,0.375,2.4,7.566532304939526e-09,True,False,206,0.75,147,0.0006957024962195457,0.0006957024962195457,0.0,3.2887414155303194,0.9996575187453282,-4.5671665024736834e-05,-4.5671665024736834e-05,0.3974577069002117,0.0,0.1742896188373457,0.3974577069002117,0.010577032492342691,0.010583944200207158,success,0.9998333491932306,0.9998333491932306,0.5,2.950225547010288e-15,0.02,"[0.01, 0.02]",1.2813165853352764e-16
5.273138013213752e-06,-6.617444900424222e-24,1.4214935554815734e-09,typ,7.495731702948257e-15,True,0.375,2.4,5.721496175242943e-09,True,False,207,0.75,98,1.4214935554815735e-07,1.4214935554815735e-07,0.0,2.6957260589795067,0.8194024652138941,-7.405715974732626,-7.405715974732626,1.92688742521092,0.0,0.011514980391444152,0.011514980391444152,5.273138013213752e-06,8.287625255730702e-06,success,0.9998182937439197,0.011009816023577824,0.5,6.745499801662409e-15,0.01,"[0.01, 0.02]",1.254934895282813e-16
4.874287603279522e-06,-2.6469779601696886e-23,6.1759490206699536e-09,typ,3.010335174993786e-14,True,0.375,2.4,5.721496175242943e-09,True,False,207,0.75,98,3.087974510334977e-07,3.087974510334977e-07,0.0,3.1676162361216886,0.9628398791056092,-7.405715974732626,-7.405715974732626,1.92688742521092,0.0,0.011514980391444152,0.011514980391444152,4.874287603279522e-06,8.287625255730702e-06,success,0.9998182937439197,0.011009816023577824,0.5,6.745499801662409e-15,0.02,"[0.01, 0.02]",2.7152459760363205e-16
3.4050350996812105e-07,4.1359030627651384e-25,2.924833970972164e-10,arith,9.959162331900194e-17,True,0.45,0.0,9.421080272460644e-09,True,False,208,0.9,574,2.9248339709721638e-08,2.9248339709721638e-08,0.0,8.589732221103963,2.6109655074389417,-1.280981612173911e-05,-1.280981612173911e-05,0.0022736080677556417,0.0,0.0022736080677556426,0.0022736080677556417,3.4050350996812105e-07,3.230815396606867e-07,success,0.9998381693580836,0.9998381693580836,0.5,1.9168650642656376e-15,0.01,"[0.01, 0.02]",-1.2146432978480468e-16
1.4438349096522036e-05,0.0,4.640177183954326e-07,arith,6.699649805164911e-12,True,0.45,0.0,9.421080272460644e-09,True,False,208,0.9,574,2.320088591977163e-05,2.320088591977163e-05,0.0,80.34466324602286,24.421849138296206,-1.280981612173911e-05,-1.280981612173911e-05,0.0022736080677556417,0.0,0.0022736080677556426,0.0022736080677556417,1.4438349096522036e-05,3.230815396606867e-07,success,0.9998381693580836,0.9998381693580836,0.5,1.9168650642656376e-15,0.02,"[0.01, 0.02]",-0.0
3.4050502275764764e-07,8.271806125530277e-25,2.9251156043764883e-10,typ,9.960165554369663e-17,True,0.45,0.0,9.268444008115658e-09,True,False,209,0.9,367,2.9251156043764884e-08,2.9251156043764884e-08,0.0,8.590521163790354,2.611205317259375,-1.7573656764742745e-05,-1.7573656764742745e-05,0.0022736080677556426,0.0,0.0022736080677556426,0.0022736080677556426,3.4050502275764764e-07,3.2308153966068695e-07,success,0.9998264015002932,0.9998264015002932,0.5,4.5710208123321566e-15,0.01,"[0.01, 0.02]",-2.429275802905757e-16
1.443978081194891e-05,6.352747104407253e-22,4.640565488149026e-07,typ,6.700874849236663e-12,True,0.45,0.0,9.268444008115658e-09,True,False,209,0.9,367,2.3202827440745132e-05,2.3202827440745132e-05,0.0,80.34341983066948,24.421471185350114,-1.7573656764742745e-05,-1.7573656764742745e-05,0.0022736080677556426,0.0,0.0022736080677556426,0.0022736080677556426,1.443978081194891e-05,3.2308153966068695e-07,success,0.9998264015002932,0.9998264015002932,0.5,4.5710208123321566e-15,0.02,"[0.01, 0.02]",-2.199738066366755e-15
4.183534053565091e-07,8.271806125530277e-25,7.309933546694231e-10,arith,3.0581355921893155e-16,True,0.45,0.2,9.432958836038267e-09,True,False,210,0.9,504,7.309933546694231e-08,7.309933546694231e-08,0.0,17.473106357207516,5.311187454062167,-1.305386622528536e-05,-1.305386622528536e-05,0.0024484934279775505,0.0,0.0024460468607312683,0.0024484934279775505,4.183534053565091e-07,3.7469592794924953e-07,success,0.9998381092366595,0.9998381092366595,0.5,2.4815887438171464e-15,0.01,"[0.01, 0.02]",-1.9772293041289517e-16
2.7130813549700998e-05,4.235164736271502e-22,7.316467211548635e-07,arith,1.985017077590268e-11,True,0.45,0.2,9.432958836038267e-09,True,False,210,0.9,504,3.658233605774317e-05,3.658233605774317e-05,0.0,67.41842811076768,20.49274480646652,-1.305386622528536e-05,-1.305386622528536e-05,0.0024484934279775505,0.0,0.0024460468607312683,0.0024484934279775505,2.7130813549700998e-05,3.7469592794924953e-07,success,0.9998381092366595,0.9998381092366595,0.5,2.4815887438171464e-15,0.02,"[0.01, 0.02]",-7.805082454518169e-16
3.9484487212445164e-07,-1.2407709188295415e-24,3.474795820402545e-10,typ,1.372005311365422e-16,True,0.45,0.2,8.74254068082434e-09,True,False,211,0.9,359,3.474795820402545e-08,3.474795820402545e-08,0.0,8.80040761757017,2.6750031490417667,-0.00011834602865938137,-0.00011834602865938137,0.00244731782199079,0.0,0.002444872429300525,0.002444872429300525,3.9484487212445164e-07,3.735884930408344e-07,success,0.9998269350512363,0.9538816347910002,0.5,2.9544494351154023e-15,0.01,"[0.01, 0.02]",3.142426320882955e-16
1.5113341349891074e-05,4.235164736271502e-22,4.639508400417262e-07,typ,7.011847415119321e-12,True,0.45,0.2,8.74254068082434e-09,True,False,211,0.9,359,2.319754200208631e-05,2.319754200208631e-05,0.0,76.74524602150107,23.32775749746271,-0.00011834602865938137,-0.00011834602865938137,0.00244731782199079,0.0,0.002444872429300525,0.002444872429300525,1.5113341349891074e-05,3.735884930408344e-07,success,0.9998269350512363,0.9538816347910002,0.5,2.9544494351154023e-15,0.02,"[0.01, 0.02]",-1.4011344805303513e-15
1.961436376739317e-06,0.0,1.3804922716319156e-08,arith,2.707747759386333e-14,True,0.45,0.4,9.19252389877662e-09,True,False,212,0.9,413,1.3804922716319156e-06,1.3804922716319156e-06,0.0,70.38170026839411,21.393471533861803,-1.3787826420778729e-05,-1.3787826420778729e-05,0.0031829872287696486,0.0,0.0031278728694727723,0.0031829872287696486,1.961436376739317e-06,6.332156193704035e-07,success,0.9998380113387777,0.9998380113387777,0.5,2.815224625262871e-15,0.01,"[0.01, 0.02]",-0.0
0.00015272562345959405,3.3881317890172014e-21,2.36616245986048e-06,arith,3.6137363688887853e-10,True,0.45,0.4,9.19252389877662e-09,True,False,212,0.9,413,0.000118308122993024,0.000118308122993024,0.0,38.73224424070669,11.773190494777566,-1.3787826420778729e-05,-1.3787826420778729e-05,0.0031829872287696486,0.0,0.0031278728694727723,0.0031829872287696486,0.00015272562345959405,6.332156193704035e-07,success,0.9998380113387777,0.9998380113387777,0.5,2.815224625262871e-15,0.02,"[0.01, 0.02]",-1.109221790118796e-15
6.416125395334572e-07,2.481541837659083e-24,6.315149291713285e-10,typ,4.051878974589074e-16,True,0.45,0.4,8.365752956164598e-09,True,False,213,0.9,332,6.315149291713284e-08,6.315149291713284e-08,0.0,9.842621368194095,2.9917981415063752,-0.0005180889117626074,-0.0005180889117626074,0.0031489129987374103,0.0,0.0030943885555204027,0.0030943885555204027,6.416125395334572e-07,5.984548897948287e-07,success,0.9998284980534593,0.8191801156711298,0.5,2.076257321762556e-15,0.01,"[0.01, 0.02]",-3.8676641816625247e-16
1.8255169633849147e-05,6.352747104407253e-22,4.773661408361639e-07,typ,8.714399878420094e-12,True,0.45,0.4,8.365752956164598e-09,True,False,213,0.9,332,2.3868307041808193e-05,2.3868307041808193e-05,0.0,65.37410366636922,19.87134468910027,-0.0005180889117626074,-0.0005180889117626074,0.0031489129987374103,0.0,0.0030943885555204027,0.0030943885555204027,1.8255169633849147e-05,5.984548897948287e-07,success,0.9998284980534593,0.8191801156711298,0.5,2.076257321762556e-15,0.02,"[0.01, 0.02]",-1.7399857771323706e-15
0.00019333717375572505,8.470329472543003e-22,5.117448985330955e-07,arith,9.893931236629897e-11,True,0.45,0.6,9.031257335867401e-09,True,False,214,0.9,355,5.117448985330955e-05,5.117448985330955e-05,0.0,26.46903792954312,8.045622758685727,-1.501716463092541e-05,-1.501716463092541e-05,0.006364866242197386,0.0,0.005708885241603595,0.006364866242197386,0.00019333717375572505,2.5320123254514493e-06,success,0.9998378249409892,0.9998378249409892,0.5,1.7935016441699264e-15,0.01,"[0.01, 0.02]",-4.3811178719540903e-16
0.0015149328713915705,2.0328790734103208e-20,8.600438557594356e-06,arith,1.3029087079283195e-08,True,0.45,0.6,9.031257335867401e-09,True,False,214,0.9,355,0.00043002192787971777,0.00043002192787971777,0.0,14.192771706270817,4.3140852853345235,-1.501716463092541e-05,-1.501716463092541e-05,0.006364866242197386,0.0,0.005708885241603595,0.006364866242197386,0.0015149328713915705,2.5320123254514493e-06,success,0.9998378249409892,0.9998378249409892,0.5,1.7935016441699264e-15,0.02,"[0.01, 0.02]",-6.709469151405305e-16
1.8455079203692954e-06,9.926167350636332e-24,2.531107033928832e-09,typ,4.671178078418094e-15,True,0.45,0.6,8.438109745094081e-09,True,False,215,0.9,231,2.531107033928832e-07,2.531107033928832e-07,0.0,13.714961642767399,4.1688484417633624,-0.0017566169609119432,-0.0017566169609119432,0.005638799696087686,0.0,0.005057621908489399,0.005057621908489399,1.8455079203692954e-06,1.5987380280392984e-06,success,0.999830939891372,0.6085892102901306,0.5,2.0567371051803854e-15,0.01,"[0.01, 0.02]",-5.378555811697658e-16
3.209733401182154e-05,8.470329472543003e-22,5.713861365472721e-07,typ,1.833997167448206e-11,True,0.45,0.6,8.438109745094081e-09,True,False,215,0.9,231,2.8569306827363603e-05,2.8569306827363603e-05,0.0,44.50417411122283,13.527646793921349,-0.0017566169609119432,-0.0017566169609119432,0.005638799696087686,0.0,0.005057621908489399,0.005057621908489399,3.209733401182154e-05,1.5987380280392984e-06,success,0.999830939891372,0.6085892102901306,0.5,2.0567371051803854e-15,0.02,"[0.01, 0.02]",-1.319475547318565e-15
0.008800220895462146,0.0,3.5626728077911727e-06,arith,3.1352307686818674e-08,True,0.45,0.8,8.839790447385588e-09,True,False,216,0.9,283,0.00035626728077911725,0.00035626728077911725,0.0,4.048390205327996,1.2305630623496382,-1.6751123232153827e-05,-1.6751123232153827e-05,0.3407467975795174,0.0,0.23989397526298856,0.3407467975795174,0.008800220895462146,0.007629998620814383,success,0.9998375423254435,0.9998375423254435,0.5,2.1407017121018066e-15,0.01,"[0.01, 0.02]",-0.0
0.01021847688055651,0.0,1.79484023917431e-05,arith,1.8340533488295206e-07,True,0.45,0.8,8.839790447385588e-09,True,False,216,0.9,283,0.000897420119587155,0.000897420119587155,0.0,4.391163820582429,1.3347537476064657,-1.6751123232153827e-05,-1.6751123232153827e-05,0.3407467975795174,0.0,0.23989397526298856,0.3407467975795174,0.01021847688055651,0.007629998620814383,success,0.9998375423254435,0.9998375423254435,0.5,2.1407017121018066e-15,0.02,"[0.01, 0.02]",-0.0
8.544549139158537e-05,2.117582368135751e-22,1.1998097338706296e-07,typ,1.0251833228698322e-11,True,0.45,0.8,8.448992851670781e-09,True,False,217,0.9,242,1.1998097338706295e-05,1.1998097338706295e-05,0.0,14.041814428476515,4.268199775137892,-0.006346733200360441,-0.006346733200360441,0.039090455413321346,0.0,0.02159163060420686,0.02159163060420686,8.544549139158537e-05,2.9142994736438978e-05,success,0.9998338166717012,0.3738065603858458,0.5,3.139184138654511e-15,0.01,"[0.01, 0.02]",-2.478284498863903e-16
0.0003403491386779063,1.6940658945086007e-21,1.6769592542692773e-06,typ,5.707516377884926e-10,True,0.45,0.8,8.448992851670781e-09,True,False,217,0.9,242,8.384796271346386e-05,8.384796271346386e-05,0.0,12.31793373110523,3.74420287699038,-0.006346733200360441,-0.006346733200360441,0.039090455413321346,0.0,0.02159163060420686,0.02159163060420686,0.0003403491386779063,2.9142994736438978e-05,success,0.9998338166717012,0.3738065603858458,0.5,3.139184138654511e-15,0.02,"[0.01, 0.02]",-2.4887177636018663e-16
0.025585090894803778,5.421010862427522e-20,8.29818245309306e-06,arith,2.1230975232405172e-07,True,0.45,1.0,8.741684100208173e-09,True,False,218,0.9,245,0.000829818245309306,0.000829818245309306,0.0,3.2433664149218973,0.9858651724370767,-1.9002918565955672e-05,-1.9002918565955672e-05,0.5898002951835664,0.0,0.4431844738617938,0.5898002951835664,0.025585090894803778,0.025701446357499054,success,0.9998372417966853,0.9998372417966853,0.5,1.687379235245507e-15,0.01,"[0.01, 0.02]",-2.1188163390611624e-16
0.025260859894375542,0.0,3.161341967942551e-05,arith,7.985821653040624e-07,True,0.45,1.0,8.741684100208173e-09,True,False,218,0.9,245,0.0015806709839712757,0.0015806709839712757,0.0,3.128695916490199,0.9510095205472072,-1.9002918565955672e-05,-1.9002918565955672e-05,0.5898002951835664,0.0,0.4431844738617938,0.5898002951835664,0.025260859894375542,0.025701446357499054,success,0.9998372417966853,0.9998372417966853,0.5,1.687379235245507e-15,0.02,"[0.01, 0.02]",-0.0
0.009981703544678065,1.3552527156068805e-20,3.209636687563565e-06,typ,3.2037641901381996e-08,True,0.45,1.0,8.006041237466779e-09,True,False,219,0.9,207,0.00032096366875635645,0.00032096366875635645,0.0,3.21551994927243,0.9774008618574975,-0.014269750460859914,-0.014269750460859914,0.6571506838014964,0.0,0.3880438533581649,0.3880438533581649,0.009981703544678065,0.010053561686772258,success,0.9998394794859577,0.26090928281789116,0.5,2.4156741083738726e-15,0.01,"[0.01, 0.02]",-1.357736892846772e-16
0.00977672455013579,-2.710505431213761e-20,1.1802853969194353e-05,typ,1.1539325216229008e-07,True,0.45,1.0,8.006041237466779e-09,True,False,219,0.9,207,0.0005901426984597177,0.0005901426984597177,0.0,3.0181002616644297,0.9173924725892681,-0.014269750460859914,-0.014269750460859914,0.6571506838014964,0.0,0.3880438533581649,0.3880438533581649,0.00977672455013579,0.010053561686772258,success,0.9998394794859577,0.26090928281789116,0.5,2.4156741083738726e-15,0.02,"[0.01, 0.02]",1.3862032305983882e-16
0.028993939026196687,2.710505431213761e-20,9.474388587895139e-06,arith,2.7469984502792536e-07,True,0.45,1.2,8.323788308739667e-09,True,False,220,0.9,222,0.0009474388587895139,0.0009474388587895139,0.0,3.2677134967190256,0.9932657978748423,-2.1790032181366126e-05,-2.1790032181366126e-05,0.6204466794969937,0.0,0.49280218881629795,0.6204466794969937,0.028993939026196687,0.029054488727176846,success,0.9998368049793911,0.9998368049793911,0.5,1.6717643109622961e-15,0.01,"[0.01, 0.02]",-9.348524285592094e-17
0.02880919346728833,5.421010862427522e-20,3.6855973165766774e-05,arith,1.061790861357762e-06,True,0.45,1.2,8.323788308739667e-09,True,False,220,0.9,222,0.0018427986582883386,0.0018427986582883386,0.0,3.1982822781567313,0.9721612381354577,-2.1790032181366126e-05,-2.1790032181366126e-05,0.6204466794969937,0.0,0.49280218881629795,0.6204466794969937,0.02880919346728833,0.029054488727176846,success,0.9998368049793911,0.9998368049793911,0.5,1.6717643109622961e-15,0.02,"[0.01, 0.02]",-9.408473841141823e-17
0.014700466904980627,1.3552527156068805e-20,4.778086389976262e-06,typ,7.02401008449844e-08,True,0.45,1.2,8.199608387475068e-09,True,False,221,0.9,230,0.00047780863899762616,0.00047780863899762616,0.0,3.2502956680630395,0.9879714128271305,-0.015144240217485422,-0.015144240217485422,0.6643678458151719,0.0,0.4629519530757678,0.4629519530757678,0.014700466904980627,0.014755772784598456,success,0.9998411170029348,0.25464959792911346,0.5,1.6458730436012328e-15,0.01,"[0.01, 0.02]",-9.219113408892549e-17
0.01453492852314306,5.421010862427522e-20,1.8201656367470003e-05,typ,2.645597743039882e-07,True,0.45,1.2,8.199608387475068e-09,True,False,221,0.9,230,0.0009100828183735001,0.0009100828183735001,0.0,3.130675245235751,0.9516111643411571,-0.015144240217485422,-0.015144240217485422,0.6643678458151719,0.0,0.4629519530757678,0.4629519530757678,0.01453492852314306,0.014755772784598456,success,0.9998411170029348,0.25464959792911346,0.5,1.6458730436012328e-15,0.02,"[0.01, 0.02]",-1.8648219885622364e-16
0.02586482712940322,0.0,8.486589536653825e-06,arith,2.1950417128375335e-07,True,0.45,1.4,8.578293237712423e-09,True,False,222,0.9,203,0.0008486589536653825,0.0008486589536653825,0.0,3.2811313581161508,0.997344338670959,-2.5134606760401912e-05,-2.5134606760401912e-05,0.5915662275684184,0.0,0.46921786939168825,0.5915662275684184,0.02586482712940322,0.025886051051657658,success,0.999836322109504,0.999836322109504,0.5,1.7423596316560903e-15,0.01,"[0.01, 0.02]",-0.0
0.025799369802405818,-5.421010862427522e-20,3.356849717053962e-05,arith,8.660460722137651e-07,True,0.45,1.4,8.578293237712423e-09,True,False,222,0.9,203,0.001678424858526981,0.001678424858526981,0.0,3.2528408084806517,0.9887450427460758,-2.5134606760401912e-05,-2.5134606760401912e-05,0.5915662275684184,0.0,0.46921786939168825,0.5915662275684184,0.025799369802405818,0.025886051051657658,success,0.999836322109504,0.999836322109504,0.5,1.7423596316560903e-15,0.02,"[0.01, 0.02]",1.0506091629265315e-16
0.012242104413128204,-2.710505431213761e-20,3.9885992950653316e-06,typ,4.882884903231934e-08,True,0.45,1.4,8.419112043655372e-09,True,False,223,0.9,235,0.00039885992950653316,0.00039885992950653316,0.0,3.2580993924443513,0.9903434606005297,-0.016596289512798564,-0.016596289512798564,0.6234061256566952,0.0,0.4257401531526654,0.4257401531526654,0.012242104413128204,0.012279108899830941,success,0.999839094935975,0.24429597493710858,0.5,1.977841296285732e-15,0.01,"[0.01, 0.02]",2.2140845558440637e-16
0.012131547551009656,0.0,1.5347480810355133e-05,typ,1.861886932390315e-07,True,0.45,1.4,8.419112043655372e-09,True,False,223,0.9,235,0.0007673740405177566,0.0007673740405177566,0.0,3.1627211503362216,0.9613519514481662,-0.016596289512798564,-0.016596289512798564,0.6234061256566952,0.0,0.4257401531526654,0.4257401531526654,0.012131547551009656,0.012279108899830941,success,0.999839094935975,0.24429597493710858,0.5,1.977841296285732e-15,0.02,"[0.01, 0.02]",-0.0
0.021598502591170774,0.0,7.097546966506326e-06,arith,1.5329638654704315e-07,True,0.45,1.6,8.159249798462828e-09,True,False,224,0.9,188,0.0007097546966506326,0.0007097546966506326,0.0,3.2861291825886685,0.9988634951445354,-2.906396496775432e-05,-2.906396496775432e-05,0.5479151840819971,0.0,0.41066658817574236,0.5479151840819971,0.021598502591170774,0.02160609978224685,success,0.9998357622232553,0.9998357622232553,0.5,1.9269263700083613e-15,0.01,"[0.01, 0.02]",-0.0
0.02157516127826109,0.0,2.8256111608366177e-05,arith,6.096301650470456e-07,True,0.45,1.6,8.159249798462828e-09,True,False,224,0.9,188,0.0014128055804183087,0.0014128055804183087,0.0,3.2741483648649177,0.9952217632462148,-2.906396496775432e-05,-2.906396496775432e-05,0.5479151840819971,0.0,0.41066658817574236,0.5479151840819971,0.02157516127826109,0.02160609978224685,success,0.9998357622232553,0.9998357622232553,0.5,1.9269263700083613e-15,0.02,"[0.01, 0.02]",-0.0
0.0070751900886343744,6.776263578034403e-21,2.304431118789369e-06,typ,1.6304288211599167e-08,True,0.45,1.6,8.383407602993418e-09,True,False,225,0.9,202,0.0002304431118789369,0.0002304431118789369,0.0,3.25705894812808,0.990027203451614,-0.026846549956604807,-0.026846549956604807,0.5776790580946018,0.0,0.3292116553895894,0.3292116553895894,0.0070751900886343744,0.007097303630564133,success,0.9998791196815149,0.19429808423212713,0.5,3.0552509204099698e-15,0.01,"[0.01, 0.02]",-9.577500382526586e-17
0.007009329049900711,-2.710505431213761e-20,8.858102002973548e-06,typ,6.208935169642616e-08,True,0.45,1.6,8.383407602993418e-09,True,False,225,0.9,202,0.0004429051001486774,0.0004429051001486774,0.0,3.1593972618174577,0.9603416104911172,-0.026846549956604807,-0.026846549956604807,0.5776790580946018,0.0,0.3292116553895894,0.3292116553895894,0.007009329049900711,0.007097303630564133,success,0.9998791196815149,0.19429808423212713,0.5,3.0552509204099698e-15,0.02,"[0.01, 0.02]",1.933498493163305e-16
0.017827241537560844,0.0,5.861734669569779e-06,arith,1.0449855978351485e-07,True,0.45,1.8,8.090509687812632e-09,True,False,226,0.9,172,0.0005861734669569779,0.0005861734669569779,0.0,3.2880772144246118,0.9994556258187076,-3.361127618588754e-05,-3.361127618588754e-05,0.5038464705924888,0.0,0.34356755011957185,0.5038464705924888,0.017827241537560844,0.01783025421418006,success,0.9998350837250745,0.9998350837250745,0.5,2.140402263089369e-15,0.01,"[0.01, 0.02]",-0.0
0.017818043897776487,-5.421010862427522e-20,2.3394569984469518e-05,arith,4.1684547495288207e-07,True,0.45,1.8,8.090509687812632e-09,True,False,226,0.9,172,0.0011697284992234758,0.0011697284992234758,0.0,3.282426808280134,0.9977381083028523,-3.361127618588754e-05,-3.361127618588754e-05,0.5038464705924888,0.0,0.34356755011957185,0.5038464705924888,0.017818043897776487,0.01783025421418006,success,0.9998350837250745,0.9998350837250745,0.5,2.140402263089369e-15,0.02,"[0.01, 0.02]",1.521213802572349e-16
0.0025122523671962803,-3.3881317890172014e-21,8.155344133339409e-07,typ,2.0488282604282227e-09,True,0.45,1.8,8.493748892520938e-09,True,False,227,0.9,216,8.155344133339409e-05,8.155344133339409e-05,0.0,3.2462280620481305,0.9867350088590667,-0.08040048661868858,-0.08040048661868858,0.5347136365802881,0.0,0.19925330756323215,0.19925330756323215,0.0025122523671962803,0.0025228972560254978,success,0.99977378665696,0.11343925352482771,0.5,4.125550824950301e-15,0.01,"[0.01, 0.02]",1.3486430874770828e-16
0.0024813571193867323,0.0,3.0959185967289383e-06,typ,7.682079651035132e-09,True,0.45,1.8,8.493748892520938e-09,True,False,227,0.9,216,0.0001547959298364469,0.0001547959298364469,0.0,3.11917878783012,0.9481166603250604,-0.08040048661868858,-0.08040048661868858,0.5347136365802881,0.0,0.19925330756323215,0.19925330756323215,0.0024813571193867323,0.0025228972560254978,success,0.99977378665696,0.11343925352482771,0.5,4.125550824950301e-15,0.02,"[0.01, 0.02]",-0.0
0.014795387159432124,-2.710505431213761e-20,4.866070699776044e-06,arith,7.199539994835538e-08,True,0.45,2.0,8.023938300118627e-09,True,False,228,0.9,163,0.00048660706997760445,0.00048660706997760445,0.0,3.2889106904336076,0.9997089721460144,-3.8816404875442745e-05,-3.8816404875442745e-05,0.4635333776703137,0.0,0.28123011543823007,0.4635333776703137,0.014795387159432124,0.014796811621767202,success,0.9998343444355537,0.9998343444355537,0.5,2.6964349460780268e-15,0.01,"[0.01, 0.02]",1.831993581516927e-16
0.014791338397715206,0.0,1.9441504888651384e-05,arith,2.875658777688771e-07,True,0.45,2.0,8.023938300118627e-09,True,False,228,0.9,163,0.0009720752444325692,0.0009720752444325692,0.0,3.2859610749718366,0.9988123965563853,-3.8816404875442745e-05,-3.8816404875442745e-05,0.4635333776703137,0.0,0.28123011543823007,0.4635333776703137,0.014791338397715206,0.014796811621767202,success,0.9998343444355537,0.9998343444355537,0.5,2.6964349460780268e-15,0.02,"[0.01, 0.02]",-0.0
0.00032559297043433324,4.235164736271502e-22,1.0123101090774832e-07,typ,3.2960105541524164e-11,True,0.45,2.0,8.34612030983201e-09,True,False,229,0.9,230,1.0123101090774831e-05,1.0123101090774831e-05,0.0,3.109127656309919,0.9450614826973456,-0.5496936693060953,-0.5496936693060953,0.5873323058373348,0.0,0.07557224865259334,0.07557224865259334,0.00032559297043433324,0.0003577890973857651,success,0.9997515629911884,0.04307790011403852,0.5,6.363594024679591e-15,0.01,"[0.01, 0.02]",-1.3007543530875046e-16
0.0003153483234996958,-8.470329472543003e-22,3.827822187193663e-07,typ,1.2070973093864602e-10,True,0.45,2.0,8.34612030983201e-09,True,False,229,0.9,230,1.9139110935968315e-05,1.9139110935968315e-05,0.0,3.034598491529126,0.9224073331229513,-0.5496936693060953,-0.5496936693060953,0.5873323058373348,0.0,0.07557224865259334,0.07557224865259334,0.0003153483234996958,0.0003577890973857651,success,0.9997515629911884,0.04307790011403852,0.5,6.363594024679591e-15,0.02,"[0.01, 0.02]",1.3430116543098054e-16
0.012408550449332284,2.710505431213761e-20,4.081464091692043e-06,arith,5.064505308889888e-08,True,0.45,2.2,8.096895198908139e-09,True,False,230,0.9,155,0.0004081464091692043,0.0004081464091692043,0.0,3.2892351998388905,0.9998076111771534,-4.4726986028847905e-05,-4.4726986028847905e-05,0.4278168624385517,0.0,0.22829938487864662,0.4278168624385517,0.012408550449332284,0.012409776198015005,success,0.9998335162197145,0.9998335162197145,0.5,2.5161632304519e-15,0.01,"[0.01, 0.02]",-2.1843852287836054e-16
0.012406475362664548,2.710505431213761e-20,1.6315149782076714e-05,arith,2.024135038095166e-07,True,0.45,2.2,8.096895198908139e-09,True,False,230,0.9,155,0.0008157574891038357,0.0008157574891038357,0.0,3.2876278929257268,0.9993190484603987,-4.4726986028847905e-05,-4.4726986028847905e-05,0.4278168624385517,0.0,0.22829938487864662,0.4278168624385517,0.012406475362664548,0.012409776198015005,success,0.9998335162197145,0.9998335162197145,0.5,2.5161632304519e-15,0.02,"[0.01, 0.02]",-1.0923752927324655e-16
2.9630318026301473e-05,2.6469779601696886e-23,8.785616682758003e-09,typ,2.603206163672994e-13,True,0.45,2.2,7.56683644735634e-09,True,False,231,0.9,156,8.785616682758003e-07,8.785616682758003e-07,0.0,2.9650767416534016,0.9012752551640665,-2.731161367074909,-2.731161367074909,0.505697010318688,0.0,0.0230420177864972,0.0230420177864972,2.9630318026301473e-05,3.3190659092168117e-05,success,0.9997854804173584,0.01882167247951265,0.5,6.700745744119446e-15,0.01,"[0.01, 0.02]",-8.933343063750066e-17
2.82923425568536e-05,1.0587911840678754e-22,3.524487529516452e-08,typ,9.971600852243811e-13,True,0.45,2.2,7.56683644735634e-09,True,False,231,0.9,156,1.7622437647582258e-06,1.7622437647582258e-06,0.0,3.114347568104317,0.9466481456218966,-2.731161367074909,-2.731161367074909,0.505697010318688,0.0,0.0230420177864972,0.0230420177864972,2.82923425568536e-05,3.3190659092168117e-05,success,0.9997854804173584,0.01882167247951265,0.5,6.700745744119446e-15,0.02,"[0.01, 0.02]",-1.871162103209074e-16
0.010524960042231656,0.0,3.462745843672641e-06,arith,3.644526164105829e-08,True,0.45,2.4,7.50630073910474e-09,True,False,232,0.9,145,0.0003462745843672641,0.0003462745843672641,0.0,3.2900322944489004,1.0000498988852369,-5.1399789151903045e-05,-5.1399789151903045e-05,0.39638345379580747,0.0,0.18518478197829047,0.39638345379580747,0.010524960042231656,0.010522583586467942,success,0.9998325539888069,0.9998325539888069,0.5,2.4714298610052482e-15,0.01,"[0.01, 0.02]",-0.0
0.01052459036042366,2.710505431213761e-20,1.3844194868475309e-05,arith,1.4570447986058194e-07,True,0.45,2.4,7.50630073910474e-09,True,False,232,0.9,145,0.0006922097434237654,0.0006922097434237654,0.0,3.288535324028996,0.99959487444077,-5.1399789151903045e-05,-5.1399789151903045e-05,0.39638345379580747,0.0,0.18518478197829047,0.39638345379580747,0.01052459036042366,0.010522583586467942,success,0.9998325539888069,0.9998325539888069,0.5,2.4714298610052482e-15,0.02,"[0.01, 0.02]",-1.287701154339584e-16
6.479492209318534e-06,4.632211430296955e-23,2.414158081253188e-09,typ,1.564251847954341e-14,True,0.45,2.4,6.2781699244187774e-09,True,False,233,0.9,107,2.4141580812531883e-07,2.4141580812531883e-07,0.0,3.7258445619878167,1.1325209432639194,-6.183076590959606,-6.183076590959606,0.07420605915581704,0.0,0.009128073131322976,0.009128073131322976,6.479492209318534e-06,5.207785889743242e-06,success,0.9997991552813956,0.01220263341259436,0.5,9.989092847846147e-15,0.01,"[0.01, 0.02]",-7.149034647553249e-16
6.804406250883981e-06,-1.3234889800848443e-23,8.854219465688806e-09,typ,6.024770627903154e-14,True,0.45,2.4,6.2781699244187774e-09,True,False,233,0.9,107,4.427109732844403e-07,4.427109732844403e-07,0.0,3.253119794448827,0.9888298443116211,-6.183076590959606,-6.183076590959606,0.07420605915581704,0.0,0.009128073131322976,0.009128073131322976,6.804406250883981e-06,5.207785889743242e-06,success,0.9997991552813956,0.01220263341259436,0.5,9.989092847846147e-15,0.02,"[0.01, 0.02]",9.725234879332092e-17
1.417281567467756e-07,-2.0679515313825692e-25,4.966638307834571e-11,arith,7.039124925973185e-18,True,0.525,0.0,9.575057852752663e-09,True,False,234,1.05,569,4.9666383078345704e-09,4.9666383078345704e-09,0.0,3.5043412839330275,1.065192020324412,-1.743724288946866e-05,-1.743724288946866e-05,0.0014935244023925878,0.0,0.001493524402392588,0.0014935244023925878,1.417281567467756e-07,1.394135741673491e-07,success,0.9998373523817355,0.9998373523817355,0.5,1.976165688368248e-15,0.01,"[0.01, 0.02]",1.4590971750781738e-16
6.30280147047451e-07,1.3234889800848443e-23,2.9849890796527705e-08,arith,1.8813793560585836e-14,True,0.525,0.0,9.575057852752663e-09,True,False,234,1.05,569,1.4924945398263851e-06,1.4924945398263851e-06,0.0,118.39929805959935,35.98907106546166,-1.743724288946866e-05,-1.743724288946866e-05,0.0014935244023925878,0.0,0.001493524402392588,0.0014935244023925878,6.30280147047451e-07,1.394135741673491e-07,success,0.9998373523817355,0.9998373523817355,0.5,1.976165688368248e-15,0.02,"[0.01, 0.02]",-1.0499212027260671e-15
1.4172821944618867e-07,2.0679515313825692e-25,4.966657668428949e-11,typ,7.039155479451939e-18,True,0.525,0.0,7.361285384823366e-09,True,False,235,1.05,367,4.966657668428949e-09,4.966657668428949e-09,0.0,3.504353394007527,1.065195701345659,-2.2187755779903406e-05,-2.2187755779903406e-05,0.0014935244023925878,0.0,0.001493524402392588,0.001493524402392588,1.4172821944618867e-07,1.3941357416734914e-07,success,0.9998256428778132,0.9998256428778132,0.5,4.332383929483473e-15,0.01,"[0.01, 0.02]",-1.4590965295854355e-16
6.30350079892019e-07,0.0,2.985361112314025e-08,typ,1.8818226156536724e-14,True,0.525,0.0,7.361285384823366e-09,True,False,235,1.05,367,1.4926805561570125e-06,1.4926805561570125e-06,0.0,118.40091750386655,35.989563317491644,-2.2187755779903406e-05,-2.2187755779903406e-05,0.0014935244023925878,0.0,0.001493524402392588,0.001493524402392588,6.30350079892019e-07,1.3941357416734914e-07,success,0.9998256428778132,0.9998256428778132,0.5,4.332383929483473e-15,0.02,"[0.01, 0.02]",-0.0
1.5639527715201215e-07,2.0679515313825692e-25,5.633951130734231e-11,arith,8.811233485520723e-18,True,0.525,0.2,9.530847279614462e-09,True,False,236,1.05,499,5.633951130734231e-09,5.633951130734231e-09,0.0,3.6023793258527728,1.0949920116722691,-1.7693621559850947e-05,-1.7693621559850947e-05,0.001567050200295206,0.0,0.001566210479066793,0.001567050200295206,1.5639527715201215e-07,1.534780506280052e-07,success,0.9998373803441827,0.9998373803441827,0.5,2.5535121371550804e-15,0.01,"[0.01, 0.02]",-1.3222595778084616e-16
1.100654555465914e-06,2.6469779601696886e-23,5.0332522492398534e-08,arith,5.5398720169349024e-14,True,0.525,0.2,9.530847279614462e-09,True,False,236,1.05,499,2.5166261246199266e-06,2.5166261246199266e-06,0.0,114.32406798855354,34.75034966222203,-1.7693621559850947e-05,-1.7693621559850947e-05,0.001567050200295206,0.0,0.001566210479066793,0.001567050200295206,1.100654555465914e-06,1.534780506280052e-07,success,0.9998373803441827,0.9998373803441827,0.5,2.5535121371550804e-15,0.02,"[0.01, 0.02]",-1.202456277959621e-15
1.558266564882189e-07,2.0679515313825692e-25,5.464702163461673e-11,typ,8.515462668361688e-18,True,0.525,0.2,7.560737659120754e-09,True,False,237,1.05,357,5.464702163461673e-09,5.464702163461673e-09,0.0,3.5069110039429137,1.0659731215435053,-0.00012801671556972533,-0.00012801671556972533,0.0015667918739737385,0.0,0.001565952291164022,0.001565952291164022,1.558266564882189e-07,1.532630656913964e-07,success,0.9998262009759694,0.9519398439417137,0.5,3.591811148983305e-15,0.01,"[0.01, 0.02]",-1.3270845810254002e-16
6.446869009559775e-07,1.3234889800848443e-23,2.9106500804502824e-08,typ,1.8764579801327592e-14,True,0.525,0.2,7.560737659120754e-09,True,False,237,1.05,357,1.4553250402251412e-06,1.4553250402251412e-06,0.0,112.87068482910887,34.308574156219706,-0.00012801671556972533,-0.00012801671556972533,0.0015667918739737385,0.0,0.001565952291164022,0.001565952291164022,6.446869009559775e-07,1.532630656913964e-07,success,0.9998262009759694,0.9519398439417137,0.5,3.591811148983305e-15,0.02,"[0.01, 0.02]",-1.026458718272623e-15
2.192962239325421e-07,0.0,1.32780610756538e-10,arith,2.911828655036547e-17,True,0.525,0.4,9.270876179793989e-09,True,False,238,1.05,404,1.32780610756538e-08,1.32780610756538e-08,0.0,6.054851669374058,1.840454213759293,-1.8464769178229944e-05,-1.8464769178229944e-05,0.0018385889365012805,0.0,0.0018219047448279743,0.0018385889365012805,2.192962239325421e-07,2.1127587354000482e-07,success,0.9998372171306584,0.9998372171306584,0.5,2.479339335163669e-15,0.01,"[0.01, 0.02]",-0.0
6.067628680414368e-06,0.0,2.0669005737370517e-07,arith,1.2541185200771847e-12,True,0.525,0.4,9.270876179793989e-09,True,False,238,1.05,404,1.0334502868685259e-05,1.0334502868685259e-05,0.0,85.16096990282124,25.885830812050052,-1.8464769178229944e-05,-1.8464769178229944e-05,0.0018385889365012805,0.0,0.0018219047448279743,0.0018385889365012805,6.067628680414368e-06,2.1127587354000482e-07,success,0.9998372171306584,0.9998372171306584,0.5,2.479339335163669e-15,0.02,"[0.01, 0.02]",-0.0
2.0969671903821465e-07,-8.271806125530277e-25,7.379704755409119e-11,typ,1.5474998746800024e-17,True,0.525,0.4,8.971548571616412e-09,True,False,239,1.05,317,7.379704755409118e-09,7.379704755409118e-09,0.0,3.5192275726852253,1.069716909513655,-0.0005593911441191084,-0.0005593911441191084,0.0018325856632862019,0.0,0.0018159559440280347,0.0018159559440280347,2.0969671903821465e-07,2.0610627891960422e-07,success,0.9998278506454906,0.8100584934112911,0.5,1.908940540377588e-15,0.01,"[0.01, 0.02]",3.944652144997482e-16
7.001089416076521e-07,0.0,2.6833533718462115e-08,typ,1.8786396891225756e-14,True,0.525,0.4,8.971548571616412e-09,True,False,239,1.05,317,1.3416766859231056e-06,1.3416766859231056e-06,0.0,95.8191365791036,29.1255250013448,-0.0005593911441191084,-0.0005593911441191084,0.0018325856632862019,0.0,0.0018159559440280347,0.0018159559440280347,7.001089416076521e-07,2.0610627891960422e-07,success,0.9998278506454906,0.8100584934112911,0.5,1.908940540377588e-15,0.02,"[0.01, 0.02]",-0.0
9.283836971484323e-07,0.0,5.9155916288988454e-09,arith,5.4919388272574265e-15,True,0.525,0.6,8.952862325902631e-09,True,False,240,1.05,341,5.915591628898845e-07,5.915591628898845e-07,0.0,63.71925365631497,19.368330603792575,-1.975676562972293e-05,-1.975676562972293e-05,0.0025851793873175226,0.0,0.002452722734342884,0.0025851793873175226,9.283836971484323e-07,4.176981770113081e-07,success,0.9998370392982079,0.9998370392982079,0.5,2.0360865519762825e-15,0.01,"[0.01, 0.02]",-0.0
7.874733052547629e-05,0.0,1.3315386642194609e-06,arith,1.0485511529874108e-10,True,0.525,0.6,8.952862325902631e-09,True,False,240,1.05,341,6.657693321097304e-05,6.657693321097304e-05,0.0,42.272501662411344,12.849299711874625,-1.975676562972293e-05,-1.975676562972293e-05,0.0025851793873175226,0.0,0.002452722734342884,0.0025851793873175226,7.874733052547629e-05,4.176981770113081e-07,success,0.9998370392982079,0.9998370392982079,0.5,2.0360865519762825e-15,0.02,"[0.01, 0.02]",-0.0
3.643350888766704e-07,8.271806125530277e-25,1.2960177961104465e-10,typ,4.7218475893164597e-17,True,0.525,0.6,7.954097077078272e-09,True,False,241,1.05,199,1.2960177961104464e-08,1.2960177961104464e-08,0.0,3.5572137729208846,1.0812633298235106,-0.002030527802129918,-0.002030527802129918,0.0025196524048422472,0.0,0.002390552774792844,0.002390552774792844,3.643350888766704e-07,3.571722499530678e-07,success,0.9998304786412797,0.5816103642219448,0.5,1.9980155721838073e-15,0.01,"[0.01, 0.02]",-2.270384154058335e-16
8.229499709610505e-07,0.0,2.13060267300533e-08,typ,1.7533794078792728e-14,True,0.525,0.6,7.954097077078272e-09,True,False,241,1.05,199,1.065301336502665e-06,1.065301336502665e-06,0.0,64.72455034287162,19.673904154373496,-0.002030527802129918,-0.002030527802129918,0.0025196524048422472,0.0,0.002390552774792844,0.002390552774792844,8.229499709610505e-07,3.571722499530678e-07,success,0.9998304786412797,0.5816103642219448,0.5,1.9980155721838073e-15,0.02,"[0.01, 0.02]",-0.0
0.00019678828902645304,6.776263578034403e-21,4.6473337187596707e-07,arith,9.145408510496589e-11,True,0.525,0.8,8.860492326532358e-09,True,False,242,1.05,307,4.6473337187596706e-05,4.6473337187596706e-05,0.0,23.615905914680514,7.178374620184545,-2.1579896271333278e-05,-2.1579896271333278e-05,0.0059901963944804775,0.0,0.0048152812815221826,0.0059901963944804775,0.00019678828902645304,2.242686396234423e-06,success,0.9998368191607532,0.9998368191607532,0.5,2.3046202973467633e-15,0.01,"[0.01, 0.02]",-3.4434282708375557e-15
0.0013021047331987622,1.3552527156068805e-20,6.78029023196726e-06,arith,8.828648003505902e-09,True,0.525,0.8,8.860492326532358e-09,True,False,242,1.05,307,0.00033901451159836296,0.00033901451159836296,0.0,13.01794329422092,3.956980269477892,-2.1579896271333278e-05,-2.1579896271333278e-05,0.0059901963944804775,0.0,0.0048152812815221826,0.0059901963944804775,0.0013021047331987622,2.242686396234423e-06,success,0.9998368191607532,0.9998368191607532,0.5,2.3046202973467633e-15,0.02,"[0.01, 0.02]",-5.204084898292146e-16
9.881681388660352e-07,6.617444900424222e-24,3.7370881692720586e-10,typ,3.692871461007849e-16,True,0.525,0.8,7.845742387628507e-09,True,False,243,1.05,204,3.737088169272059e-08,3.737088169272059e-08,0.0,3.7818343076316197,1.14953978516531,-0.010207136726073937,-0.010207136726073937,0.004867609979680644,0.0,0.003912813083102695,0.003912813083102695,9.881681388660352e-07,9.568876635593915e-07,success,0.9998340255954963,0.30285512892878225,0.5,3.359095010277258e-15,0.01,"[0.01, 0.02]",-6.696679077325868e-16
1.5511962935521745e-06,1.9852334701272664e-23,1.615500792483956e-08,typ,2.5059588415317133e-14,True,0.525,0.8,7.845742387628507e-09,True,False,243,1.05,204,8.07750396241978e-07,8.07750396241978e-07,0.0,26.036369465281,7.9141073159144755,-0.010207136726073937,-0.010207136726073937,0.004867609979680644,0.0,0.003912813083102695,0.003912813083102695,1.5511962935521745e-06,9.568876635593915e-07,success,0.9998340255954963,0.30285512892878225,0.5,3.359095010277258e-15,0.02,"[0.01, 0.02]",-6.399040142047932e-16
0.009629747251998035,-1.3552527156068805e-20,3.4160026405283417e-06,arith,3.2895242040445825e-08,True,0.525,1.0,8.901779224415174e-09,True,False,244,1.05,247,0.0003416002640528342,0.0003416002640528342,0.0,3.54734402797495,1.0782632871030002,-2.394888741595754e-05,-2.394888741595754e-05,0.37373243742899226,0.0,0.22576887898660308,0.37373243742899226,0.009629747251998035,0.009278453708038953,success,0.9998364253141884,0.9998364253141884,0.5,2.5795907360676333e-15,0.01,"[0.01, 0.02]",1.4073606296631357e-16
0.010179058893721914,-2.710505431213761e-20,1.525794556423619e-05,arith,1.553115264955632e-07,True,0.525,1.0,8.901779224415174e-09,True,False,244,1.05,247,0.0007628972782118095,0.0007628972782118095,0.0,3.7473861099395824,1.1390687886718025,-2.394888741595754e-05,-2.394888741595754e-05,0.37373243742899226,0.0,0.22576887898660308,0.37373243742899226,0.010179058893721914,0.009278453708038953,success,0.9998364253141884,0.9998364253141884,0.5,2.5795907360676333e-15,0.02,"[0.01, 0.02]",1.3314125890781051e-16
2.0017340976706615e-05,-2.6469779601696886e-23,1.2210360023286974e-08,typ,2.444189400344827e-13,True,0.525,1.0,8.147077502287224e-09,True,False,245,1.05,217,1.2210360023286975e-06,1.2210360023286975e-06,0.0,6.0998911081625105,1.854144561505191,-0.11146050129229093,-0.11146050129229093,0.04907673124352296,0.0,0.01520203819890833,0.01520203819890833,2.0017340976706615e-05,1.4445245733682302e-05,success,0.9998353247550705,0.0955416618622821,0.5,7.008166675010887e-15,0.01,"[0.01, 0.02]",1.3223424446083382e-16
3.402238460397627e-05,2.117582368135751e-22,1.0579047606564998e-07,typ,3.59924426414329e-12,True,0.525,1.0,8.147077502287224e-09,True,False,245,1.05,217,5.289523803282499e-06,5.289523803282499e-06,0.0,7.77359356913551,2.362889104737825,-0.11146050129229093,-0.11146050129229093,0.04907673124352296,0.0,0.01520203819890833,0.01520203819890833,3.402238460397627e-05,1.4445245733682302e-05,success,0.9998353247550705,0.0955416618622821,0.5,7.008166675010887e-15,0.02,"[0.01, 0.02]",-3.1120428400075524e-16
0.02176427024596036,0.0,7.055404060937509e-06,arith,1.5355572067669011e-07,True,0.525,1.2,8.557022007355425e-09,True,False,246,1.05,222,0.0007055404060937509,0.0007055404060937509,0.0,3.241737021826888,0.9853698963260618,-2.6883250882392884e-05,-2.6883250882392884e-05,0.5507263540589341,0.0,0.36805613555099564,0.5507263540589341,0.02176427024596036,0.021864724055364423,success,0.9998360014720158,0.9998360014720158,0.5,2.062811781259649e-15,0.01,"[0.01, 0.02]",-0.0
0.021471954357564074,5.421010862427522e-20,2.6713461595688782e-05,arith,5.735902281151702e-07,True,0.525,1.2,8.557022007355425e-09,True,False,246,1.05,222,0.0013356730797844391,0.0013356730797844391,0.0,3.110273656375188,0.9454098249465474,-2.6883250882392884e-05,-2.6883250882392884e-05,0.5507263540589341,0.0,0.36805613555099564,0.5507263540589341,0.021471954357564074,0.021864724055364423,success,0.9998360014720158,0.9998360014720158,0.5,2.062811781259649e-15,0.02,"[0.01, 0.02]",-1.2623468670232678e-16
0.004568022117454764,2.0328790734103208e-20,1.4465688619476455e-06,typ,6.607958555798212e-09,True,0.525,1.2,8.348395612280242e-09,True,False,247,1.05,227,0.00014465688619476455,0.00014465688619476455,0.0,3.166729111096451,0.9625702254328217,-0.08764087653573148,-0.08764087653573148,0.6561420607037864,0.0,0.26782941995560205,0.26782941995560205,0.004568022117454764,0.004621662042545485,success,0.9998157450362033,0.10874961549275106,0.5,3.002769929964622e-15,0.01,"[0.01, 0.02]",-4.450239121309272e-16
0.0044100406631929125,0.0,4.962481762229044e-06,typ,2.1884746361783305e-08,True,0.525,1.2,8.348395612280242e-09,True,False,247,1.05,227,0.0002481240881114522,0.0002481240881114522,0.0,2.813172338549458,0.8551018533951433,-0.08764087653573148,-0.08764087653573148,0.6561420607037864,0.0,0.26782941995560205,0.26782941995560205,0.0044100406631929125,0.004621662042545485,success,0.9998157450362033,0.10874961549275106,0.5,3.002769929964622e-15,0.02,"[0.01, 0.02]",-0.0
0.023109118866463035,-2.710505431213761e-20,7.560902496071733e-06,arith,1.7472579451945875e-07,True,0.525,1.4,8.246199729602748e-09,True,False,248,1.05,203,0.0007560902496071733,0.0007560902496071733,0.0,3.271826390163428,0.9945159675707873,-3.0407753829392228e-05,-3.0407753829392228e-05,0.564329179698666,0.0,0.40147556893047515,0.564329179698666,0.023109118866463035,0.023148236524915905,success,0.9998355054092635,0.9998355054092635,0.5,1.4987953610285733e-15,0.01,"[0.01, 0.02]",1.1729159587938098e-16
0.02298830366341484,-5.421010862427522e-20,2.954794811441547e-05,arith,6.792572038850087e-07,True,0.525,1.4,8.246199729602748e-09,True,False,248,1.05,203,0.0014773974057207735,0.0014773974057207735,0.0,3.2133676050051596,0.9767466276512007,-3.0407753829392228e-05,-3.0407753829392228e-05,0.564329179698666,0.0,0.40147556893047515,0.564329179698666,0.02298830366341484,0.023148236524915905,success,0.9998355054092635,0.9998355054092635,0.5,1.4987953610285733e-15,0.02,"[0.01, 0.02]",1.1790802274495116e-16
0.0067330940997215784,-6.776263578034403e-21,2.176444405929384e-06,typ,1.4654204987935171e-08,True,0.525,1.4,8.685958126225578e-09,True,False,249,1.05,234,0.0002176444405929384,0.0002176444405929384,0.0,3.2324580255300197,0.9825494196626271,-0.04938879562041004,-0.04938879562041004,0.622436867559363,0.0,0.321874378381735,0.321874378381735,0.0067330940997215784,0.006769905099327535,success,0.9998234246731132,0.14498228535798463,0.5,3.3311257479722367e-15,0.01,"[0.01, 0.02]",1.0064115364605716e-16
0.006623369912878955,0.0,8.106439202287549e-06,typ,5.369194551301383e-08,True,0.525,1.4,8.685958126225578e-09,True,False,249,1.05,234,0.0004053219601143774,0.0004053219601143774,0.0,3.059786524426488,0.9300635770432999,-0.04938879562041004,-0.04938879562041004,0.622436867559363,0.0,0.321874378381735,0.321874378381735,0.006623369912878955,0.006769905099327535,success,0.9998234246731132,0.14498228535798463,0.5,3.3311257479722367e-15,0.02,"[0.01, 0.02]",-0.0
0.0205009714174252,0.0,6.730471165565559e-06,arith,1.3798119699106398e-07,True,0.525,1.6,8.152604335785666e-09,True,False,250,1.05,187,0.0006730471165565559,0.0006730471165565559,0.0,3.2830010971308727,0.9979126711811807,-3.455303681968195e-05,-3.455303681968195e-05,0.5357714346894156,0.0,0.37994838070218123,0.5357714346894156,0.0205009714174252,0.02051417965736739,success,0.9998349173306762,0.9998349173306762,0.5,1.6912433301750915e-15,0.01,"[0.01, 0.02]",-0.0
0.0204601169926594,-5.421010862427522e-20,2.668472945739871e-05,arith,5.459726866158423e-07,True,0.525,1.6,8.152604335785666e-09,True,False,250,1.05,187,0.0013342364728699356,0.0013342364728699356,0.0,3.260578796662374,0.9910971091108234,-3.455303681968195e-05,-3.455303681968195e-05,0.5357714346894156,0.0,0.37994838070218123,0.5357714346894156,0.0204601169926594,0.02051417965736739,success,0.9998349173306762,0.9998349173306762,0.5,1.6912433301750915e-15,0.02,"[0.01, 0.02]",1.3247751379849028e-16
0.004962687319406826,6.776263578034403e-21,1.6087316442627597e-06,typ,7.98363213131129e-09,True,0.525,1.6,8.39277513707276e-09,True,False,251,1.05,202,0.00016087316442627597,0.00016087316442627597,0.0,3.2416542504536556,0.9853447368455389,-0.05450490400998088,-0.05450490400998088,0.5770146029098547,0.0,0.2778402798657171,0.2778402798657171,0.004962687319406826,0.004985520603926372,success,0.9998273572014651,0.1383455921083271,0.5,4.001451715598586e-15,0.01,"[0.01, 0.02]",-1.365442378675662e-16
0.004894932142181556,1.3552527156068805e-20,6.067088842299487e-06,typ,2.9697988183642843e-08,True,0.525,1.6,8.39277513707276e-09,True,False,251,1.05,202,0.00030335444211497433,0.00030335444211497433,0.0,3.0986582990686404,0.9418791796943632,-0.05450490400998088,-0.05450490400998088,0.5770146029098547,0.0,0.2778402798657171,0.2778402798657171,0.004894932142181556,0.004985520603926372,success,0.9998273572014651,0.1383455921083271,0.5,4.001451715598586e-15,0.02,"[0.01, 0.02]",-1.3843427000020437e-16
0.017345383820181085,-1.3552527156068805e-20,5.701251885085535e-06,arith,9.889040220233954e-08,True,0.525,1.8,8.451552821325007e-09,True,False,252,1.05,174,0.0005701251885085535,0.0005701251885085535,0.0,3.2868986608714974,0.9990973884957453,-3.9356411688127755e-05,-3.9356411688127755e-05,0.4977916645600227,0.0,0.33372519764521563,0.4977916645600227,0.017345383820181085,0.017350230452930195,success,0.9998342536766041,0.9998342536766041,0.5,1.9996546797265603e-15,0.01,"[0.01, 0.02]",7.813333678036371e-17
0.017330495995763195,0.0,2.2719466131796916e-05,arith,3.93739616822984e-07,True,0.525,1.8,8.451552821325007e-09,True,False,252,1.05,174,0.0011359733065898457,0.0011359733065898457,0.0,3.277382559816979,0.9962048406282336,-3.9356411688127755e-05,-3.9356411688127755e-05,0.4977916645600227,0.0,0.33372519764521563,0.4977916645600227,0.017330495995763195,0.017350230452930195,success,0.9998342536766041,0.9998342536766041,0.5,1.9996546797265603e-15,0.02,"[0.01, 0.02]",-0.0
0.002104838871480789,1.6940658945086007e-21,6.806865885327432e-07,typ,1.4327355908393674e-09,True,0.525,1.8,8.289571473983577e-09,True,False,253,1.05,215,6.806865885327432e-05,6.806865885327432e-05,0.0,3.2339130455808665,0.9829916927239525,-0.12041298106155963,-0.12041298106155963,0.5334447159463376,0.0,0.18272067534520067,0.18272067534520067,0.002104838871480789,0.002115929910209459,success,0.9998665466501808,0.09338471245527849,0.5,3.89423887394935e-15,0.01,"[0.01, 0.02]",-8.048435048697088e-17
0.0020716780679426337,-3.3881317890172014e-21,2.5454245700747017e-06,typ,5.2733002554260675e-09,True,0.525,1.8,8.289571473983577e-09,True,False,253,1.05,215,0.0001272712285037351,0.0001272712285037351,0.0,3.0716941612006132,0.933683064600312,-0.12041298106155963,-0.12041298106155963,0.5334447159463376,0.0,0.18272067534520067,0.18272067534520067,0.0020716780679426337,0.002115929910209459,success,0.9998665466501808,0.09338471245527849,0.5,3.89423887394935e-15,0.02,"[0.01, 0.02]",8.177264222287991e-17
0.014562776211013546,0.0,4.788847294918508e-06,arith,6.973891146461582e-08,True,0.525,2.0,8.045379095743756e-09,True,False,254,1.05,163,0.0004788847294918508,0.0004788847294918508,0.0,3.288416456813224,0.9995587431397751,-4.486288217295351e-05,-4.486288217295351e-05,0.4602320982583774,0.0,0.281861083139662,0.4602320982583774,0.014562776211013546,0.0145647813870707,success,0.9998334687148929,0.9998334687148929,0.5,2.977599577149744e-15,0.01,"[0.01, 0.02]",-0.0
0.014556687448349708,0.0,1.9120746419313005e-05,arith,2.7833472940509126e-07,True,0.525,2.0,8.045379095743756e-09,True,False,254,1.05,163,0.0009560373209656503,0.0009560373209656503,0.0,3.2838423039509452,0.9981683673932739,-4.486288217295351e-05,-4.486288217295351e-05,0.4602320982583774,0.0,0.281861083139662,0.4602320982583774,0.014556687448349708,0.0145647813870707,success,0.9998334687148929,0.9998334687148929,0.5,2.977599577149744e-15,0.02,"[0.01, 0.02]",-0.0
0.00035532823130434907,8.470329472543003e-22,1.1263834917573949e-07,typ,4.0023585389657195e-11,True,0.525,2.0,8.61050545649496e-09,True,False,255,1.05,234,1.1263834917573948e-05,1.1263834917573948e-05,0.0,3.169980295746932,0.9635584670639014,-0.5858051792726958,-0.5858051792726958,0.5384237549185382,0.0,0.07727215419006825,0.07727215419006825,0.00035532823130434907,0.0003741063493404293,success,0.9998442761468149,0.04199733612908628,0.5,6.2309412148539606e-15,0.01,"[0.01, 0.02]",-2.38380424810319e-16
0.00034614393134288057,0.0,4.16125865262995e-07,typ,1.440394429355909e-10,True,0.525,2.0,8.61050545649496e-09,True,False,255,1.05,234,2.080629326314975e-05,2.080629326314975e-05,0.0,3.005439555509586,0.9135440793891982,-0.5858051792726958,-0.5858051792726958,0.5384237549185382,0.0,0.07727215419006825,0.07727215419006825,0.00034614393134288057,0.0003741063493404293,success,0.9998442761468149,0.04199733612908628,0.5,6.2309412148539606e-15,0.02,"[0.01, 0.02]",-0.0
0.01228669280780443,1.3552527156068805e-20,4.041245084130402e-06,arith,4.965353690976001e-08,True,0.525,2.2,7.939954903789826e-09,True,False,256,1.05,152,0.00040412450841304014,0.00040412450841304014,0.0,3.289123564286907,0.9997736780383628,-5.112644563498776e-05,-5.112644563498776e-05,0.42587154158899226,0.0,0.2335661675367875,0.42587154158899226,0.01228669280780443,0.012287350241524915,success,0.9998325926527452,0.9998325926527452,0.5,2.2588739695747717e-15,0.01,"[0.01, 0.02]",-1.1030248227139141e-16
0.012283983164800234,-2.710505431213761e-20,1.6149227476283067e-05,arith,1.9837683844319056e-07,True,0.525,2.2,7.939954903789826e-09,True,False,256,1.05,152,0.0008074613738141533,0.0008074613738141533,0.0,3.286643114783544,0.9990197117994255,-5.112644563498776e-05,-5.112644563498776e-05,0.42587154158899226,0.0,0.2335661675367875,0.42587154158899226,0.012283983164800234,0.012287350241524915,success,0.9998325926527452,0.9998325926527452,0.5,2.2588739695747717e-15,0.02,"[0.01, 0.02]",1.1032681317004393e-16
3.6084154745221474e-05,5.293955920339377e-23,1.2096064527071011e-08,typ,4.3647626420301457e-13,True,0.525,2.2,7.759577763268427e-09,True,False,257,1.05,167,1.2096064527071011e-06,1.2096064527071011e-06,0.0,3.352181757471501,1.0189410703537936,-2.5433993962527186,-2.5433993962527186,0.23771923438067433,0.0,0.02237061806029336,0.02237061806029336,3.6084154745221474e-05,3.128422349707511e-05,success,0.9997770537465472,0.019670561139754586,0.5,8.68814706423026e-15,0.01,"[0.01, 0.02]",-1.4671137394566353e-16
3.6070202311332683e-05,0.0,4.4993696905391825e-08,typ,1.6229317501122664e-12,True,0.525,2.2,7.759577763268427e-09,True,False,257,1.05,167,2.2496848452695913e-06,2.2496848452695913e-06,0.0,3.1184810468373447,0.947904572495269,-2.5433993962527186,-2.5433993962527186,0.23771923438067433,0.0,0.02237061806029336,0.02237061806029336,3.6070202311332683e-05,3.128422349707511e-05,success,0.9997770537465472,0.019670561139754586,0.5,8.68814706423026e-15,0.02,"[0.01, 0.02]",-0.0
0.010457696073473449,1.3552527156068805e-20,3.439926472134909e-06,arith,3.597370556068261e-08,True,0.525,2.4,7.727298783494747e-09,True,False,258,1.05,147,0.00034399264721349086,0.00034399264721349086,0.0,3.2893731544374107,0.9998495443467863,-5.8211755333539925e-05,-5.8211755333539925e-05,0.3952595282460994,0.0,0.19210588413574028,0.3952595282460994,0.010457696073473449,0.010458617586269325,success,0.9998316430618559,0.9998316430618559,0.5,2.8197129160093094e-15,0.01,"[0.01, 0.02]",-1.2959381359767735e-16
0.010456287611339295,-2.710505431213761e-20,1.3752092192627823e-05,arith,1.4379583122377014e-07,True,0.525,2.4,7.727298783494747e-09,True,False,258,1.05,147,0.0006876046096313911,0.0006876046096313911,0.0,3.2879958699955805,0.9994309000772111,-5.8211755333539925e-05,-5.8211755333539925e-05,0.3952595282460994,0.0,0.19210588413574028,0.3952595282460994,0.010456287611339295,0.010458617586269325,success,0.9998316430618559,0.9998316430618559,0.5,2.8197129160093094e-15,0.02,"[0.01, 0.02]",1.2961126988675982e-16
8.716555765676267e-06,-2.6469779601696886e-23,2.7398175134322127e-09,typ,2.3881772143608368e-14,True,0.525,2.4,6.718522283659404e-09,True,False,259,1.05,111,2.7398175134322127e-07,2.7398175134322127e-07,0.0,3.1432340790165827,0.9554285920526808,-5.687025979333552,-5.687025979333552,0.21174604688192483,0.0,0.011573544287128276,0.011573544287128276,8.716555765676267e-06,8.372144143414019e-06,success,0.9997887788250679,0.012845581150826783,0.5,8.055870396174853e-15,0.01,"[0.01, 0.02]",3.0367246322140917e-16
8.533636273620052e-06,-5.293955920339377e-23,1.0919030572253268e-08,typ,9.31790353641468e-14,True,0.525,2.4,6.718522283659404e-09,True,False,259,1.05,111,5.459515286126635e-07,5.459515286126635e-07,0.0,3.1988211772064754,0.9723250438042091,-5.687025979333552,-5.687025979333552,0.21174604688192483,0.0,0.011573544287128276,0.011573544287128276,8.533636273620052e-06,8.372144143414019e-06,success,0.9997887788250679,0.012845581150826783,0.5,8.055870396174853e-15,0.02,"[0.01, 0.02]",3.101817180036447e-16
7.227432193657366e-08,1.0339757656912846e-25,2.4578246774369773e-11,arith,1.776376120007354e-18,True,0.6,0.0,9.566947326799962e-09,True,False,260,1.2,570,2.4578246774369774e-09,2.4578246774369774e-09,0.0,3.400688670028492,1.0336854037391228,-2.277771227505521e-05,-2.277771227505521e-05,0.0010699439309713149,0.0,0.0010699439309713146,0.0010699439309713149,7.227432193657366e-08,7.154878464645643e-08,success,0.9998364902594803,0.9998364902594803,0.5,1.9000670554443905e-15,0.01,"[0.01, 0.02]",-1.4306267260434193e-16
8.951913440673857e-08,-1.2407709188295415e-24,1.60509022990392e-09,arith,1.4368628802571192e-16,True,0.6,0.0,9.566947326799962e-09,True,False,260,1.2,570,8.0254511495196e-08,8.0254511495196e-08,0.0,44.82533931268377,13.625269308991605,-2.277771227505521e-05,-2.277771227505521e-05,0.0010699439309713149,0.0,0.0010699439309713146,0.0010699439309713149,8.951913440673857e-08,7.154878464645643e-08,success,0.9998364902594803,0.9998364902594803,0.5,1.9000670554443905e-15,0.02,"[0.01, 0.02]",6.930199487809962e-16
7.227434077414001e-08,0.0,2.45782749903533e-11,typ,1.7763786222933172e-18,True,0.6,0.0,9.48468542480245e-09,True,False,261,1.2,365,2.45782749903533e-09,2.45782749903533e-09,0.0,3.4006916876850277,1.0336863209967189,-2.7518320493190394e-05,-2.7518320493190394e-05,0.0010699439309713149,0.0,0.0010699439309713146,0.0010699439309713146,7.227434077414001e-08,7.15487846464564e-08,success,0.9998247585802437,0.9998247585802437,0.5,3.412381808512386e-15,0.01,"[0.01, 0.02]",-0.0
8.952206281869275e-08,1.6543612251060553e-24,1.605346214404194e-09,typ,1.4371390465164285e-16,True,0.6,0.0,9.48468542480245e-09,True,False,261,1.2,365,8.02673107202097e-08,8.02673107202097e-08,0.0,44.83102164590056,13.626996531173733,-2.7518320493190394e-05,-2.7518320493190394e-05,0.0010699439309713149,0.0,0.0010699439309713146,0.0010699439309713146,8.952206281869275e-08,7.15487846464564e-08,success,0.9998247585802437,0.9998247585802437,0.5,3.412381808512386e-15,0.02,"[0.01, 0.02]",-9.239963719650877e-16
7.74595981268737e-08,1.0339757656912846e-25,2.6425330527988375e-11,arith,2.0468954830677864e-18,True,0.6,0.2,9.386775959253465e-09,True,False,262,1.2,501,2.6425330527988373e-09,2.6425330527988373e-09,0.0,3.411498531751408,1.0369712076934503,-2.304856352008098e-05,-2.304856352008098e-05,0.001107158896775678,0.0,0.0011068125728249639,0.001107158896775678,7.74595981268737e-08,7.66125900383762e-08,success,0.9998364263458884,0.9998364263458884,0.5,2.4161986881269724e-15,0.01,"[0.01, 0.02]",-1.3348581592144342e-16
1.0950129184513929e-07,-1.6543612251060553e-24,2.753260130274919e-09,arith,3.014855410508201e-16,True,0.6,0.2,9.386775959253465e-09,True,False,262,1.2,501,1.3766300651374595e-07,1.3766300651374595e-07,0.0,62.85907873508651,19.10686878031761,-2.304856352008098e-05,-2.304856352008098e-05,0.001107158896775678,0.0,0.0011068125728249639,0.001107158896775678,1.0950129184513929e-07,7.66125900383762e-08,success,0.9998364263458884,0.9998364263458884,0.5,2.4161986881269724e-15,0.02,"[0.01, 0.02]",7.554071724768842e-16
7.733089124482277e-08,2.0679515313825692e-25,2.629861503957184e-11,typ,2.0336953395145905e-18,True,0.6,0.2,7.781939176695229e-09,True,False,263,1.2,356,2.629861503957184e-09,2.629861503957184e-09,0.0,3.4007903718984367,1.033716317400647,-0.0001367907842999836,-0.0001367907842999836,0.0011070836152877969,0.0,0.0011067373148845147,0.0011067373148845147,7.733089124482277e-08,7.655425632010374e-08,success,0.9998253313847429,0.9507232338818917,0.5,3.002129216160874e-15,0.01,"[0.01, 0.02]",-2.674159702667356e-16
9.429147239266033e-08,0.0,1.543557833134534e-09,typ,1.4554434080947951e-16,True,0.6,0.2,7.781939176695229e-09,True,False,263,1.2,356,7.71778916567267e-08,7.71778916567267e-08,0.0,40.9251704837808,12.439760142543408,-0.0001367907842999836,-0.0001367907842999836,0.0011070836152877969,0.0,0.0011067373148845147,0.0011067373148845147,9.429147239266033e-08,7.655425632010374e-08,success,0.9998253313847429,0.9507232338818917,0.5,3.002129216160874e-15,0.02,"[0.01, 0.02]",-0.0
9.690191400361509e-08,-1.0339757656912846e-25,3.35787697405714e-11,arith,3.2538470577480423e-18,True,0.6,0.4,9.193118887850977e-09,True,False,264,1.2,403,3.3578769740571397e-09,3.3578769740571397e-09,0.0,3.465232868291815,1.0533044874349795,-2.386337112753826e-05,-2.386337112753826e-05,0.0012361462484530498,0.0,0.0012296905955532266,0.0012361462484530498,9.690191400361509e-08,9.550365673539136e-08,success,0.9998363396946,0.9998363396946,0.5,2.6635429280319145e-15,0.01,"[0.01, 0.02]",1.0670333773311333e-16
2.9230231978143267e-07,0.0,1.2613365146322605e-08,arith,3.6869158925203675e-15,True,0.6,0.4,9.193118887850977e-09,True,False,264,1.2,403,6.306682573161303e-07,6.306682573161303e-07,0.0,107.87944785859186,32.79142004314316,-2.386337112753826e-05,-2.386337112753826e-05,0.0012361462484530498,0.0,0.0012296905955532266,0.0012361462484530498,2.9230231978143267e-07,9.550365673539136e-08,success,0.9998363396946,0.9998363396946,0.5,2.6635429280319145e-15,0.02,"[0.01, 0.02]",-0.0
9.523571285824696e-08,-5.169878828456423e-25,3.2400276474761667e-11,typ,3.085663426878216e-18,True,0.6,0.4,8.609846923337362e-09,True,False,265,1.2,310,3.2400276474761666e-09,3.2400276474761666e-09,0.0,3.4021141336955885,1.034118692737091,-0.0005888700826603109,-0.0005888700826603109,0.001234581358739496,0.0,0.001228133877953227,0.001228133877953227,9.523571285824696e-08,9.426960985774252e-08,success,0.9998270321929174,0.8045833550571024,0.5,2.255637127673347e-15,0.01,"[0.01, 0.02]",5.428508563958039e-16
1.1121043191466128e-07,-4.1359030627651384e-25,1.3483596110132987e-09,typ,1.4995165471707363e-16,True,0.6,0.4,8.609846923337362e-09,True,False,265,1.2,310,6.741798055066493e-08,6.741798055066493e-08,0.0,30.310996634919537,9.213438169286894,-0.0005888700826603109,-0.0005888700826603109,0.001234581358739496,0.0,0.001228133877953227,0.001228133877953227,1.1121043191466128e-07,9.426960985774252e-08,success,0.9998270321929174,0.8045833550571024,0.5,2.255637127673347e-15,0.02,"[0.01, 0.02]",1.8594942001209363e-16
1.5148348246826793e-07,0.0,7.398814444771155e-11,arith,1.1207981782304589e-17,True,0.6,0.6,9.164758665596728e-09,True,False,266,1.2,335,7.398814444771155e-09,7.398814444771155e-09,0.0,4.8842384161065375,1.4846304525338745,-2.5228950178792387e-05,-2.5228950178792387e-05,0.0015340054679134922,0.0,0.0014901101596681626,0.0015340054679134922,1.5148348246826793e-07,1.4707344079658884e-07,success,0.9998361380671889,0.9998361380671889,0.5,1.9072747590670026e-15,0.01,"[0.01, 0.02]",-0.0
3.000894919213532e-06,0.0,1.0818665162367885e-07,arith,3.246567731842223e-13,True,0.6,0.6,9.164758665596728e-09,True,False,266,1.2,335,5.409332581183942e-06,5.409332581183942e-06,0.0,90.1286570641002,27.395826641486938,-2.5228950178792387e-05,-2.5228950178792387e-05,0.0015340054679134922,0.0,0.0014901101596681626,0.0015340054679134922,3.000894919213532e-06,1.4707344079658884e-07,success,0.9998361380671889,0.9998361380671889,0.5,1.9072747590670026e-15,0.02,"[0.01, 0.02]",-0.0
1.3788503262838016e-07,-6.203854594147708e-25,4.6996329068908875e-11,typ,6.480090367080591e-18,True,0.6,0.6,7.783624412921911e-09,True,False,267,1.2,200,4.699632906890887e-09,4.699632906890887e-09,0.0,3.408370594912262,1.0360204289047479,-0.0022070677513772122,-0.0022070677513772122,0.0015208974197038708,0.0,0.00147737717399411,0.00147737717399411,1.3788503262838016e-07,1.3641532958196256e-07,success,0.9998297738572015,0.566770095878987,0.5,1.5442339902099957e-15,0.01,"[0.01, 0.02]",4.499295156181296e-16
1.5088922031881346e-07,-1.2407709188295415e-24,9.192071724929778e-10,typ,1.386984535689265e-16,True,0.6,0.6,7.783624412921911e-09,True,False,267,1.2,200,4.596035862464889e-08,4.596035862464889e-08,0.0,15.229835016556969,4.629314731665225,-0.0022070677513772122,-0.0022070677513772122,0.0015208974197038708,0.0,0.00147737717399411,0.00147737717399411,1.5088922031881346e-07,1.3641532958196256e-07,success,0.9998297738572015,0.566770095878987,0.5,1.5442339902099957e-15,0.02,"[0.01, 0.02]",4.111529359777722e-16
8.250276147562861e-07,0.0,5.439892873212795e-09,arith,4.4880618417164725e-15,True,0.6,0.8,8.818537716501879e-09,True,False,268,1.2,290,5.439892873212795e-07,5.439892873212795e-07,0.0,65.93588839835068,20.042106771089934,-2.715683986243434e-05,-2.715683986243434e-05,0.002314907379392333,0.0,0.002076286755404932,0.002314907379392333,8.250276147562861e-07,3.3492549902667214e-07,success,0.9998359011790108,0.9998359011790108,0.5,2.1842174423370445e-15,0.01,"[0.01, 0.02]",-0.0
6.653399647574779e-05,0.0,1.0748843852160172e-06,arith,7.151635389779882e-11,True,0.6,0.8,8.818537716501879e-09,True,False,268,1.2,290,5.374421926080086e-05,5.374421926080086e-05,0.0,40.38853977484359,12.276643966718373,-2.715683986243434e-05,-2.715683986243434e-05,0.002314907379392333,0.0,0.002076286755404932,0.002314907379392333,6.653399647574779e-05,3.3492549902667214e-07,success,0.9998359011790108,0.9998359011790108,0.5,2.1842174423370445e-15,0.02,"[0.01, 0.02]",-0.0
2.490241086451049e-07,1.6543612251060553e-24,8.550845380549708e-11,typ,2.129366649053504e-17,True,0.6,0.8,8.161814709473441e-09,True,False,269,1.2,205,8.550845380549708e-09,8.550845380549708e-09,0.0,3.43374198870676,1.0437324078544912,-0.012848651302474777,-0.012848651302474777,0.002211306608891711,0.0,0.0019833641290945615,0.0019833641290945615,2.490241086451049e-07,2.4585872700590164e-07,success,0.9998336532485016,0.27291891338252927,0.5,3.378771461872882e-15,0.01,"[0.01, 0.02]",-6.643377760117826e-16
2.6337946872691705e-07,2.481541837659083e-24,6.19430608345588e-10,typ,1.6314530453925201e-16,True,0.6,0.8,8.161814709473441e-09,True,False,269,1.2,205,3.09715304172794e-08,3.09715304172794e-08,0.0,5.879640232965917,1.787196323385652,-0.012848651302474777,-0.012848651302474777,0.002211306608891711,0.0,0.0019833641290945615,0.0019833641290945615,2.6337946872691705e-07,2.4585872700590164e-07,success,0.9998336532485016,0.27291891338252927,0.5,3.378771461872882e-15,0.02,"[0.01, 0.02]",-4.710962949492563e-16
0.00032455402983946847,-2.541098841762901e-21,5.675753269931276e-07,arith,1.8420885961307362e-10,True,0.6,1.0,8.775827750439634e-09,True,False,270,1.2,273,5.675753269931276e-05,5.675753269931276e-05,0.0,17.48785332518788,5.315669994814886,-2.9663583517553372e-05,-2.9663583517553372e-05,0.006698214813714461,0.0,0.004605973999155817,0.006698214813714461,0.00032455402983946847,2.804181844499235e-06,success,0.9998355023073957,0.9998355023073957,0.5,2.5983362030347252e-15,0.01,"[0.01, 0.02]",7.82950944414335e-16
0.0014412329959251392,0.0,6.171267192472587e-06,arith,8.89423390446179e-09,True,0.6,1.0,8.775827750439634e-09,True,False,270,1.2,273,0.00030856335962362936,0.00030856335962362936,0.0,10.704839553911269,3.2538810429108143,-2.9663583517553372e-05,-2.9663583517553372e-05,0.006698214813714461,0.0,0.004605973999155817,0.006698214813714461,0.0014412329959251392,2.804181844499235e-06,success,0.9998355023073957,0.9998355023073957,0.5,2.5983362030347252e-15,0.02,"[0.01, 0.02]",-0.0
6.82662727703065e-07,-2.481541837659083e-24,2.4605823997278673e-10,typ,1.6797478927363795e-16,True,0.6,1.0,8.158676272325825e-09,True,False,271,1.2,222,2.4605823997278674e-08,2.4605823997278674e-08,0.0,3.604389546807273,1.095603045571747,-0.28313533629304455,-0.28313533629304455,0.004748370328498579,0.0,0.003264998183157425,0.003264998183157425,6.82662727703065e-07,6.662662418046455e-07,success,0.9998333850384816,0.059772499811633,0.5,9.193266493993754e-15,0.01,"[0.01, 0.02]",3.6350920256165925e-16
7.704864321404984e-07,-6.617444900424222e-24,1.8563819354318832e-09,typ,1.4303170941209848e-15,True,0.6,1.0,8.158676272325825e-09,True,False,271,1.2,222,9.281909677159415e-08,9.281909677159415e-08,0.0,6.0234089076515085,1.830896760255155,-0.28313533629304455,-0.28313533629304455,0.004748370328498579,0.0,0.003264998183157425,0.003264998183157425,7.704864321404984e-07,6.662662418046455e-07,success,0.9998333850384816,0.059772499811633,0.5,9.193266493993754e-15,0.02,"[0.01, 0.02]",4.2943292862667365e-16
0.010680749798884299,1.3552527156068805e-20,3.5136911242804512e-06,arith,3.752885576899997e-08,True,0.6,1.2,8.81260712829122e-09,True,False,272,1.2,219,0.0003513691124280451,0.0003513691124280451,0.0,3.2897420035506193,0.9999616610329936,-3.2771139344730865e-05,-3.2771139344730865e-05,0.3991470471247849,0.0,0.2104449338692662,0.3991470471247849,0.010680749798884299,0.010680877562861343,success,0.9998350833306895,0.9998350833306895,0.5,3.248278927957461e-15,0.01,"[0.01, 0.02]",-1.268874134424953e-16
0.010680365038418814,2.710505431213761e-20,1.4052625023472963e-05,arith,1.5008716499871e-07,True,0.6,1.2,8.81260712829122e-09,True,False,272,1.2,219,0.0007026312511736482,0.0007026312511736482,0.0,3.2893597206002894,0.9998454609499524,-3.2771139344730865e-05,-3.2771139344730865e-05,0.3991470471247849,0.0,0.2104449338692662,0.3991470471247849,0.010680365038418814,0.010680877562861343,success,0.9998350833306895,0.9998350833306895,0.5,3.248278927957461e-15,0.02,"[0.01, 0.02]",-1.2689198456530662e-16
1.5413733432979917e-05,-1.5881867761018131e-22,5.0710500748687366e-09,typ,7.816381407931956e-14,True,0.6,1.2,6.731634953928089e-09,True,False,273,1.2,133,5.071050074868736e-07,5.071050074868736e-07,0.0,3.2899557377958084,1.0000266284531159,-1.4669995377334233,-1.4669995377334233,0.415799914989227,0.0,0.01570331054161093,0.01570331054161093,1.5413733432979917e-05,1.5413685775988357e-05,success,0.9998218857628578,0.02592748206871924,0.5,1.2810165138514142e-14,0.01,"[0.01, 0.02]",1.0303712484761526e-15
1.541406665205275e-05,-1.0587911840678754e-22,2.0284439841759237e-08,typ,3.1266570772043124e-13,True,0.6,1.2,6.731634953928089e-09,True,False,273,1.2,133,1.0142219920879617e-06,1.0142219920879617e-06,0.0,3.28992346725351,1.0000168193844885,-1.4669995377334233,-1.4669995377334233,0.415799914989227,0.0,0.01570331054161093,0.01570331054161093,1.541406665205275e-05,1.5413685775988357e-05,success,0.9998218857628578,0.02592748206871924,0.5,1.2810165138514142e-14,0.02,"[0.01, 0.02]",3.4344965801963496e-16
0.01869746665897846,2.710505431213761e-20,6.072725575928123e-06,arith,1.1354458398504186e-07,True,0.6,1.4,8.52089363031085e-09,True,False,274,1.2,199,0.0006072725575928123,0.0006072725575928123,0.0,3.2478868323115955,0.9872392145585216,-3.650744220835443e-05,-3.650744220835443e-05,0.5154038420413346,0.0,0.3069676845005272,0.5154038420413346,0.01869746665897846,0.01877167485778161,success,0.9998345596016145,0.9998345596016145,0.5,1.6634116456922598e-15,0.01,"[0.01, 0.02]",-1.4496645351214923e-16
0.01847387205214219,5.421010862427522e-20,2.307443980537087e-05,arith,4.262742486392782e-07,True,0.6,1.4,8.52089363031085e-09,True,False,274,1.2,199,0.0011537219902685435,0.0011537219902685435,0.0,3.122577624799454,0.9491497828792812,-3.650744220835443e-05,-3.650744220835443e-05,0.5154038420413346,0.0,0.3069676845005272,0.5154038420413346,0.01847387205214219,0.01877167485778161,success,0.9998345596016145,0.9998345596016145,0.5,1.6634116456922598e-15,0.02,"[0.01, 0.02]",-1.4672102435068325e-16
0.0014157537465851917,5.082197683525802e-21,4.3614057114725455e-07,typ,6.174676476395311e-10,True,0.6,1.4,8.255132624854775e-09,True,False,275,1.2,215,4.361405711472545e-05,4.361405711472545e-05,0.0,3.080624523856841,0.936397569344365,-0.4320048106604475,-0.4320048106604475,0.6411502337274332,0.0,0.15129720588064405,0.15129720588064405,0.0014157537465851917,0.0014443383319638291,success,0.9998553071624949,0.04908245450607942,0.5,4.128611570228415e-15,0.01,"[0.01, 0.02]",-3.589746942774546e-16
0.0013343055414055019,1.0164395367051604e-20,1.3471489588551155e-06,typ,1.797508320899033e-09,True,0.6,1.4,8.255132624854775e-09,True,False,275,1.2,215,6.735744794275578e-05,6.735744794275578e-05,0.0,2.5240638614077944,0.767223414080062,-0.4320048106604475,-0.4320048106604475,0.6411502337274332,0.0,0.15129720588064405,0.15129720588064405,0.0013343055414055019,0.0014443383319638291,success,0.9998553071624949,0.04908245450607942,0.5,4.128611570228415e-15,0.02,"[0.01, 0.02]",-3.8088710012943713e-16
0.018825293087155366,0.0,6.166763348383644e-06,arith,1.1609112743244968e-07,True,0.6,1.6,8.255767343730243e-09,True,False,276,1.2,186,0.0006166763348383643,0.0006166763348383643,0.0,3.2757861032141222,0.9957195760103283,-4.0907145559364875e-05,-4.0907145559364875e-05,0.5163482926895792,0.0,0.3270749699506064,0.5163482926895792,0.018825293087155366,0.018850092049053142,success,0.9998339574795959,0.9998339574795959,0.5,1.656491781914189e-15,0.01,"[0.01, 0.02]",-0.0
0.018748078181342158,5.421010862427522e-20,2.42155726271562e-05,arith,4.5399544881989356e-07,True,0.6,1.6,8.255767343730243e-09,True,False,276,1.2,186,0.00121077863135781,0.00121077863135781,0.0,3.2290739873347687,0.981520795396326,-4.0907145559364875e-05,-4.0907145559364875e-05,0.5163482926895792,0.0,0.3270749699506064,0.5163482926895792,0.018748078181342158,0.018850092049053142,success,0.9998339574795959,0.9998339574795959,0.5,1.656491781914189e-15,0.02,"[0.01, 0.02]",-1.4457510817888634e-16
0.002030505316773326,3.3881317890172014e-21,6.477944773535223e-07,typ,1.3153501304427248e-09,True,0.6,1.6,8.21555498159585e-09,True,False,277,1.2,201,6.477944773535222e-05,6.477944773535222e-05,0.0,3.1903116529777513,0.9697384586029467,-0.2162725195774684,-0.2162725195774684,0.5842155097809281,0.0,0.17989005639920497,0.17989005639920497,0.002030505316773326,0.002049990407492968,success,0.999901329551306,0.06995760925345004,0.5,3.0675131831988813e-15,0.01,"[0.01, 0.02]",-1.6686150787338385e-16
0.0019738697553853494,-3.3881317890172014e-21,2.2938476129274133e-06,typ,4.527756426620301e-09,True,0.6,1.6,8.21555498159585e-09,True,False,277,1.2,201,0.00011469238064637066,0.00011469238064637066,0.0,2.9052671872967575,0.8830953306424587,-0.2162725195774684,-0.2162725195774684,0.5842155097809281,0.0,0.17989005639920497,0.17989005639920497,0.0019738697553853494,0.002049990407492968,success,0.999901329551306,0.06995760925345004,0.5,3.0675131831988813e-15,0.02,"[0.01, 0.02]",8.582460366934778e-17
0.016648712716536118,0.0,5.4683057163162954e-06,arith,9.104025091714225e-08,True,0.6,1.8,8.005612279811088e-09,True,False,278,1.2,172,0.0005468305716316295,0.0005468305716316295,0.0,3.284521638051314,0.9983748601986877,-4.6012583648818734e-05,-4.6012583648818734e-05,0.4888443596140517,0.0,0.3077870677211698,0.4888443596140517,0.016648712716536118,0.016657061048086837,success,0.9998332373344624,0.9998332373344624,0.5,2.082868605654838e-15,0.01,"[0.01, 0.02]",-0.0
0.01662286475792898,2.710505431213761e-20,2.1722841276687897e-05,arith,3.6109585270034025e-07,True,0.6,1.8,8.005612279811088e-09,True,False,278,1.2,172,0.0010861420638343948,0.0010861420638343948,0.0,3.2670122739111895,0.9930526517001814,-4.6012583648818734e-05,-4.6012583648818734e-05,0.4888443596140517,0.0,0.3077870677211698,0.4888443596140517,0.01662286475792898,0.016657061048086837,success,0.9998332373344624,0.9998332373344624,0.5,2.082868605654838e-15,0.02,"[0.01, 0.02]",-8.15294316198076e-17
0.0010910826965637105,2.541098841762901e-21,3.492451989439576e-07,typ,3.8105539342570276e-10,True,0.6,1.8,8.430893504281174e-09,True,False,279,1.2,210,3.4924519894395756e-05,3.4924519894395756e-05,0.0,3.2009049363891586,0.9729584306446544,-0.3115452121791374,-0.3115452121791374,0.5304132780024717,0.0,0.13198277244742962,0.13198277244742962,0.0010910826965637105,0.0010965994503815304,success,0.9997847627105496,0.05828131783785046,0.5,5.033273874294892e-15,0.01,"[0.01, 0.02]",-2.328969976121806e-16
0.0010636958413646658,1.6940658945086007e-21,1.2534730296657673e-06,typ,1.3333140489182451e-09,True,0.6,1.8,8.430893504281174e-09,True,False,279,1.2,210,6.267365148328837e-05,6.267365148328837e-05,0.0,2.946032552072469,0.8954865156745189,-0.3115452121791374,-0.3115452121791374,0.5304132780024717,0.0,0.13198277244742962,0.13198277244742962,0.0010636958413646658,0.0010965994503815304,success,0.9997847627105496,0.05828131783785046,0.5,5.033273874294892e-15,0.02,"[0.01, 0.02]",-7.963112332634503e-17
0.014241021322154348,1.3552527156068805e-20,4.681746459576556e-06,arith,6.667285115575037e-08,True,0.6,2.0,7.774773121029471e-09,True,False,280,1.2,162,0.0004681746459576556,0.0004681746459576556,0.0,3.2875075134486997,0.9992824574871028,-5.1875009048768734e-05,-5.1875009048768734e-05,0.45561373421861834,0.0,0.2715359220776059,0.45561373421861834,0.014241021322154348,0.014244166285732758,success,0.9998324423730721,0.9998324423730721,0.5,1.9485573994898846e-15,0.01,"[0.01, 0.02]",-9.516541580473254e-17
0.01423130325360484,2.710505431213761e-20,1.8671176350184806e-05,arith,2.6571517274101474e-07,True,0.6,2.0,7.774773121029471e-09,True,False,280,1.2,162,0.0009335588175092402,0.0009335588175092402,0.0,3.2799484378662456,0.9969847740313343,-5.1875009048768734e-05,-5.1875009048768734e-05,0.45561373421861834,0.0,0.2715359220776059,0.45561373421861834,0.01423130325360484,0.014244166285732758,success,0.9998324423730721,0.9998324423730721,0.5,1.9485573994898846e-15,0.02,"[0.01, 0.02]",-9.523040100094769e-17
0.0002294513155279397,-1.0587911840678754e-21,7.403318693526016e-08,typ,1.6987012135021323e-11,True,0.6,2.0,8.387930891740342e-09,True,False,281,1.2,227,7.403318693526016e-06,7.403318693526016e-06,0.0,3.22653137834136,0.9807479349380704,-0.9757554198791939,-0.9757554198791939,0.4488750533153347,0.0,0.05966345841566434,0.05966345841566434,0.0002294513155279397,0.0002228094223168711,success,0.9998050900632568,0.03257325216428643,0.5,7.489539794857364e-15,0.01,"[0.01, 0.02]",4.61444808730656e-16
0.00022427518931462535,-1.2705494208814505e-21,2.644555232600039e-07,typ,5.931081254443568e-11,True,0.6,2.0,8.387930891740342e-09,True,False,281,1.2,227,1.3222776163000194e-05,1.3222776163000194e-05,0.0,2.9478909823704504,0.8960514107470438,-0.9757554198791939,-0.9757554198791939,0.4488750533153347,0.0,0.05966345841566434,0.05966345841566434,0.00022427518931462535,0.0002228094223168711,success,0.9998050900632568,0.03257325216428643,0.5,7.489539794857364e-15,0.02,"[0.01, 0.02]",2.832567937550718e-16
0.01212402184205643,1.3552527156068805e-20,3.987213686977871e-06,arith,4.834106582986606e-08,True,0.6,2.2,8.261626061331946e-09,True,False,282,1.2,153,0.0003987213686977871,0.0003987213686977871,0.0,3.2886889671765673,0.9996415763574814,-5.855618074150615e-05,-5.855618074150615e-05,0.42327740074185655,0.0,0.23157265719408288,0.42327740074185655,0.01212402184205643,0.012125271994571737,success,0.9998315520816218,0.9998315520816218,0.5,2.146001520732992e-15,0.01,"[0.01, 0.02]",-1.1178243764834785e-16
0.01211989605809274,-2.710505431213761e-20,1.5925372779128178e-05,arith,1.9301386276941303e-07,True,0.6,2.2,8.261626061331946e-09,True,False,282,1.2,153,0.0007962686389564089,0.0007962686389564089,0.0,3.2849648014296355,0.9985095657128032,-5.855618074150615e-05,-5.855618074150615e-05,0.42327740074185655,0.0,0.23157265719408288,0.42327740074185655,0.01211989605809274,0.012125271994571737,success,0.9998315520816218,0.9998315520816218,0.5,2.146001520732992e-15,0.02,"[0.01, 0.02]",1.1182048997045203e-16
3.463444051102426e-05,-5.293955920339377e-23,1.1869424428919232e-08,typ,4.110908742835012e-13,True,0.6,2.2,7.645899312437925e-09,True,False,283,1.2,164,1.1869424428919232e-06,1.1869424428919232e-06,0.0,3.4270582269522025,1.0417007878980258,-2.9239434323465217,-2.9239434323465217,0.1928769673186391,0.0,0.021190239541278372,0.021190239541278372,3.463444051102426e-05,2.8069324372446728e-05,success,0.9997886147279964,0.018414745277302726,0.5,8.092391807136006e-15,0.01,"[0.01, 0.02]",1.5285235858377136e-16
3.487306224109908e-05,0.0,4.33927308389748e-08,typ,1.5132374033588277e-12,True,0.6,2.2,7.645899312437925e-09,True,False,283,1.2,164,2.1696365419487403e-06,2.1696365419487403e-06,0.0,3.1107628675518932,0.9455585273129719,-2.9239434323465217,-2.9239434323465217,0.1928769673186391,0.0,0.021190239541278372,0.021190239541278372,3.487306224109908e-05,2.8069324372446728e-05,success,0.9997886147279964,0.018414745277302726,0.5,8.092391807136006e-15,0.02,"[0.01, 0.02]",-0.0
0.010369208102500332,0.0,3.410537078081038e-06,arith,3.536456870391571e-08,True,0.6,2.4,7.887920467364191e-09,True,False,284,1.2,147,0.0003410537078081038,0.0003410537078081038,0.0,3.289100811139718,0.9997667619109485,-6.613040619269555e-05,-6.613040619269555e-05,0.39369980335988647,0.0,0.19421514151496438,0.39369980335988647,0.010369208102500332,0.01037024071747287,success,0.999830548855758,0.999830548855758,0.5,2.6764639675975318e-15,0.01,"[0.01, 0.02]",-0.0
0.010367107388350044,2.710505431213761e-20,1.363138102112302e-05,arith,1.4131799089749902e-07,True,0.6,2.4,7.887920467364191e-09,True,False,284,1.2,147,0.000681569051056151,0.000681569051056151,0.0,3.287170787012677,0.9991801049239183,-6.613040619269555e-05,-6.613040619269555e-05,0.39369980335988647,0.0,0.19421514151496438,0.39369980335988647,0.010367107388350044,0.01037024071747287,success,0.999830548855758,0.999830548855758,0.5,2.6764639675975318e-15,0.02,"[0.01, 0.02]",-1.3072621560087582e-16
9.394363657770887e-06,-2.6469779601696886e-23,3.0607787376558554e-09,typ,2.875406853751202e-14,True,0.6,2.4,6.149018772066801e-09,True,False,285,1.2,114,3.0607787376558555e-07,3.0607787376558555e-07,0.0,3.258101186155405,0.9903440058233108,-5.834087529232347,-5.834087529232347,0.15998201663566058,0.0,0.011654672867409564,0.011654672867409564,9.394363657770887e-06,8.4899367285868e-06,success,0.9997861740048737,0.012760540847117283,0.5,9.951351536050165e-15,0.01,"[0.01, 0.02]",2.8176234778607335e-16
9.31018373148522e-06,-7.940933880509066e-23,1.1849669590783336e-08,typ,1.1032260104758614e-13,True,0.6,2.4,6.149018772066801e-09,True,False,285,1.2,114,5.924834795391668e-07,5.924834795391668e-07,0.0,3.1819107797814103,0.9671848993552994,-5.834087529232347,-5.834087529232347,0.15998201663566058,0.0,0.011654672867409564,0.011654672867409564,9.31018373148522e-06,8.4899367285868e-06,success,0.9997861740048737,0.012760540847117283,0.5,9.951351536050165e-15,0.02,"[0.01, 0.02]",4.26464939335965e-16
3.486636263484184e-08,5.169878828456423e-26,1.1704343132903825e-11,arith,4.0808787207444565e-19,True,0.7,0.0,9.45589444288122e-09,True,False,286,1.4,570,1.1704343132903824e-09,1.1704343132903824e-09,0.0,3.3569154475573866,1.0203799396012874,-3.100842603066009e-05,-3.100842603066009e-05,0.000744582240873538,0.0,0.0007445822408735382,0.000744582240873538,3.486636263484184e-08,3.465017748858192e-08,success,0.9998351136325636,0.9998351136325636,0.5,1.7366848211947714e-15,0.01,"[0.01, 0.02]",-1.4827697636834017e-16
3.569093012347714e-08,1.0339757656912846e-25,7.31087242434377e-11,arith,2.609318368389094e-18,True,0.7,0.0,9.45589444288122e-09,True,False,286,1.4,570,3.655436212171885e-09,3.655436212171885e-09,0.0,5.120959582063925,1.5565850587178647,-3.100842603066009e-05,-3.100842603066009e-05,0.000744582240873538,0.0,0.0007445822408735382,0.000744582240873538,3.569093012347714e-08,3.465017748858192e-08,success,0.9998351136325636,0.9998351136325636,0.5,1.7366848211947714e-15,0.02,"[0.01, 0.02]",-1.448513336741462e-16
3.4866368227058584e-08,-5.169878828456423e-26,1.1704351186573552e-11,typ,4.080882183298835e-19,True,0.7,0.0,7.619229021379287e-09,True,False,287,1.4,368,1.170435118657355e-09,1.170435118657355e-09,0.0,3.356917219009409,1.0203804780581345,-3.569822492608993e-05,-3.569822492608993e-05,0.000744582240873538,0.0,0.0007445822408735382,0.0007445822408735382,3.4866368227058584e-08,3.465017748858194e-08,success,0.9998233777170189,0.9998233777170189,0.5,2.9997605681851434e-15,0.01,"[0.01, 0.02]",1.482769525861962e-16
3.569098801717611e-08,-1.0339757656912846e-25,7.311401627962462e-11,typ,2.6095114789237012e-18,True,0.7,0.0,7.619229021379287e-09,True,False,287,1.4,368,3.655700813981231e-09,3.655700813981231e-09,0.0,5.121321959792684,1.556695208339075,-3.569822492608993e-05,-3.569822492608993e-05,0.000744582240873538,0.0,0.0007445822408735382,0.0007445822408735382,3.569098801717611e-08,3.465017748858194e-08,success,0.9998233777170189,0.9998233777170189,0.5,2.9997605681851434e-15,0.02,"[0.01, 0.02]",1.4485109871344678e-16
3.6570187892295773e-08,5.169878828456423e-26,1.2291444759904308e-11,arith,4.495004443374748e-19,True,0.7,0.2,9.463007353911142e-09,True,False,288,1.4,500,1.2291444759904306e-09,1.2291444759904306e-09,0.0,3.361055949754565,1.0216385013517628,-3.130210853864528e-05,-3.130210853864528e-05,0.0007624164081924896,0.0,0.0007622881399972408,0.0007624164081924896,3.6570187892295773e-08,3.6329932401619e-08,success,0.9998350905918514,0.9998350905918514,0.5,2.456434715884126e-15,0.01,"[0.01, 0.02]",-1.4136867012229815e-16
3.760470809860038e-08,0.0,9.413252934659124e-11,arith,3.539826288661498e-18,True,0.7,0.2,9.463007353911142e-09,True,False,288,1.4,500,4.7066264673295625e-09,4.7066264673295625e-09,0.0,6.25802819023177,1.9022124705041996,-3.130210853864528e-05,-3.130210853864528e-05,0.0007624164081924896,0.0,0.0007622881399972408,0.0007624164081924896,3.760470809860038e-08,3.6329932401619e-08,success,0.9998350905918514,0.9998350905918514,0.5,2.456434715884126e-15,0.02,"[0.01, 0.02]",-0.0
3.654192144636875e-08,5.169878828456423e-26,1.2266263991287625e-11,typ,4.48232855210054e-19,True,0.7,0.2,8.469371031393247e-09,True,False,289,1.4,355,1.2266263991287625e-09,1.2266263991287625e-09,0.0,3.3567649170529728,1.020334183814643,-0.00014834075174589,-0.00014834075174589,0.0007623972070378665,0.0,0.0007622689420729181,0.0007622689420729181,3.654192144636875e-08,3.63158799303915e-08,success,0.9998239611995886,0.9496986880598315,0.5,2.8602413285467812e-15,0.01,"[0.01, 0.02]",-1.4147802370064383e-16
3.739092083141152e-08,1.0339757656912846e-25,7.407761915174608e-11,typ,2.7698303930823915e-18,True,0.7,0.2,8.469371031393247e-09,True,False,289,1.4,355,3.703880957587304e-09,3.703880957587304e-09,0.0,4.952914872419687,1.5055055920599034,-0.00014834075174589,-0.00014834075174589,0.0007623972070378665,0.0,0.0007622689420729181,0.0007622689420729181,3.739092083141152e-08,3.63158799303915e-08,success,0.9998239611995886,0.9496986880598315,0.5,2.8602413285467812e-15,0.02,"[0.01, 0.02]",-1.3826561939371363e-16
4.250785182728071e-08,-1.0339757656912846e-25,1.4350208771754081e-11,arith,6.099965481602664e-19,True,0.7,0.4,9.361655635138928e-09,True,False,290,1.4,400,1.435020877175408e-09,1.435020877175408e-09,0.0,3.375896018002113,1.0261493411922868,-3.218580411848545e-05,-3.218580411848545e-05,0.0008214416699338185,0.0,0.0008191615787425863,0.0008214416699338185,4.250785182728071e-08,4.217291277103964e-08,success,0.9998349375027513,0.9998349375027513,0.5,2.4198603855501533e-15,0.01,"[0.01, 0.02]",2.4324347649760534e-16
4.535408577653535e-08,4.1359030627651384e-25,2.7648118719683404e-10,arith,1.2539551479723537e-17,True,0.7,0.4,9.361655635138928e-09,True,False,290,1.4,400,1.3824059359841702e-08,1.3824059359841702e-08,0.0,15.240147743198252,4.632449424674849,-3.218580411848545e-05,-3.218580411848545e-05,0.0008214416699338185,0.0,0.0008191615787425863,0.0008214416699338185,4.535408577653535e-08,4.217291277103964e-08,success,0.9998349375027513,0.9998349375027513,0.5,2.4198603855501533e-15,0.02,"[0.01, 0.02]",-4.55957053477298e-16
4.21616604526065e-08,-1.550963648536927e-25,1.4151998514578252e-11,typ,5.966717560974398e-19,True,0.7,0.4,7.926642507170386e-09,True,False,291,1.4,309,1.4151998514578252e-09,1.4151998514578252e-09,0.0,3.356603692230379,1.0202851773450698,-0.0006194724633323768,-0.0006194724633323768,0.0008210740821440919,0.0,0.000818795011244586,0.000818795011244586,4.21616604526065e-08,4.190159095441011e-08,success,0.9998257024913311,0.8001151622601892,0.5,1.8172296440302373e-15,0.01,"[0.01, 0.02]",3.6786114016556575e-16
4.3096709715230566e-08,-2.0679515313825692e-25,7.774092124927071e-11,typ,3.3503779160744194e-18,True,0.7,0.4,7.926642507170386e-09,True,False,291,1.4,309,3.887046062463536e-09,3.887046062463536e-09,0.0,4.509678451264502,1.370777875585392,-0.0006194724633323768,-0.0006194724633323768,0.0008210740821440919,0.0,0.000818795011244586,0.000818795011244586,4.3096709715230566e-08,4.190159095441011e-08,success,0.9998257024913311,0.8001151622601892,0.5,1.8172296440302373e-15,0.02,"[0.01, 0.02]",2.3991988542129307e-16
5.621388174762934e-08,-1.0339757656912846e-25,1.9187944060832926e-11,arith,1.0786288184157888e-18,True,0.7,0.6,9.096169459303748e-09,True,False,292,1.4,332,1.9187944060832925e-09,1.9187944060832925e-09,0.0,3.4133817954391885,1.0375436512113199,-3.36675246098931e-05,-3.36675246098931e-05,0.0009431353006336662,0.0,0.0009291267300492147,0.0009431353006336662,5.621388174762934e-08,5.559403254182729e-08,success,0.999834727276877,0.999834727276877,0.5,1.7963136857400998e-15,0.01,"[0.01, 0.02]",1.839360196353794e-16
8.608517481957832e-08,-1.6543612251060553e-24,2.3676953623731357e-09,arith,2.0382346918939623e-16,True,0.7,0.6,9.096169459303748e-09,True,False,292,1.4,332,1.1838476811865679e-07,1.1838476811865679e-07,0.0,68.76025306725205,20.900610684961993,-3.36675246098931e-05,-3.36675246098931e-05,0.0009431353006336662,0.0,0.0009291267300492147,0.0009431353006336662,8.608517481957832e-08,5.559403254182729e-08,success,0.999834727276877,0.999834727276877,0.5,1.7963136857400998e-15,0.02,"[0.01, 0.02]",9.608862551382102e-16
5.3995937771843466e-08,-1.550963648536927e-25,1.8128655042225973e-11,typ,9.788737295472499e-19,True,0.7,0.6,7.61939001032868e-09,True,False,293,1.4,201,1.8128655042225972e-09,1.8128655042225972e-09,0.0,3.3574109072477816,1.0205305412881212,-0.002366185772122203,-0.002366185772122203,0.0009405482783782941,0.0,0.0009265781320649351,0.0009265781320649351,5.3995937771843466e-08,5.3659208620955676e-08,success,0.9998285578485002,0.5553643018840104,0.5,1.8461782708936184e-15,0.01,"[0.01, 0.02]",2.872370982962513e-16
5.5129475690287084e-08,-1.0339757656912846e-25,8.65686399415827e-11,typ,4.772483731200699e-18,True,0.7,0.6,7.61939001032868e-09,True,False,293,1.4,201,4.3284319970791354e-09,4.3284319970791354e-09,0.0,3.925696683019366,1.1932687036329643,-0.002366185772122203,-0.002366185772122203,0.0009405482783782941,0.0,0.0009265781320649351,0.0009265781320649351,5.5129475690287084e-08,5.3659208620955676e-08,success,0.9998285578485002,0.5553643018840104,0.5,1.8461782708936184e-15,0.02,"[0.01, 0.02]",9.377703603604689e-17
9.031572604263883e-08,2.0679515313825692e-25,3.407327326041442e-11,arith,3.07735241316356e-18,True,0.7,0.8,8.935767927424469e-09,True,False,294,1.4,284,3.4073273260414423e-09,3.4073273260414423e-09,0.0,3.77268442090895,1.1467585531065074,-3.576085204551739e-05,-3.576085204551739e-05,0.001189932353510453,0.0,0.0011289616481280655,0.001189932353510453,9.031572604263883e-08,8.849623939967755e-08,success,0.9998344669770064,0.9998344669770064,0.5,2.220289837309244e-15,0.01,"[0.01, 0.02]",-2.289691532132811e-16
8.375425284491774e-07,0.0,3.4468094661198106e-08,arith,2.886849515336545e-14,True,0.7,0.8,8.935767927424469e-09,True,False,294,1.4,284,1.7234047330599053e-06,1.7234047330599053e-06,0.0,102.88461030456692,31.273171483918148,-3.576085204551739e-05,-3.576085204551739e-05,0.001189932353510453,0.0,0.0011289616481280655,0.001189932353510453,8.375425284491774e-07,8.849623939967755e-08,success,0.9998344669770064,0.9998344669770064,0.5,2.220289837309244e-15,0.02,"[0.01, 0.02]",-0.0
7.830783589810252e-08,5.169878828456423e-25,2.6329297340028397e-11,typ,2.061790295415291e-18,True,0.7,0.8,7.936814736298048e-09,True,False,295,1.4,207,2.6329297340028396e-09,2.6329297340028396e-09,0.0,3.3622813142594303,1.0220109674978417,-0.01521280198296681,-0.01521280198296681,0.001175855765644727,0.0,0.001115606296469812,0.001115606296469812,7.830783589810252e-08,7.778612785641334e-08,success,0.9998326310368642,0.2530826952683431,0.5,3.4639685431596652e-15,0.01,"[0.01, 0.02]",-6.601994256594817e-16
8.002092344991102e-08,1.0339757656912846e-24,1.1743358543612847e-10,typ,9.397143950633022e-18,True,0.7,0.8,7.936814736298048e-09,True,False,295,1.4,207,5.871679271806423e-09,5.871679271806423e-09,0.0,3.6688399850082907,1.1151936296261304,-0.01521280198296681,-0.01521280198296681,0.001175855765644727,0.0,0.001115606296469812,0.001115606296469812,8.002092344991102e-08,7.778612785641334e-08,success,0.9998326310368642,0.2530826952683431,0.5,3.4639685431596652e-15,0.02,"[0.01, 0.02]",-6.460658794686992e-16
3.0486650087909056e-07,1.6543612251060553e-24,1.4160378150633137e-09,arith,4.317024937908252e-16,True,0.7,1.0,8.936880394925107e-09,True,False,296,1.4,255,1.4160378150633136e-07,1.4160378150633136e-07,0.0,46.44779964279878,14.118438112171578,-3.84852942564508e-05,-3.84852942564508e-05,0.0017932510114673735,0.0,0.0015369803683570127,0.0017932510114673735,3.0486650087909056e-07,2.0098459016833474e-07,success,0.9998340883918428,0.9998340883918428,0.5,2.864608087838208e-15,0.01,"[0.01, 0.02]",-5.426510358913365e-16
2.603572181620217e-05,2.117582368135751e-22,5.080226863722928e-07,arith,1.3226737338708735e-11,True,0.7,1.0,8.936880394925107e-09,True,False,296,1.4,255,2.5401134318614638e-05,2.5401134318614638e-05,0.0,48.781313800194646,14.827741361592082,-3.84852942564508e-05,-3.84852942564508e-05,0.0017932510114673735,0.0,0.0015369803683570127,0.0017932510114673735,2.603572181620217e-05,2.0098459016833474e-07,success,0.9998340883918428,0.9998340883918428,0.5,2.864608087838208e-15,0.02,"[0.01, 0.02]",-4.0666864991965916e-16
1.3498345055517703e-07,-8.271806125530277e-25,4.567248704106434e-11,typ,6.165029896239472e-18,True,0.7,1.0,8.16655101828424e-09,True,False,297,1.4,206,4.5672487041064334e-09,4.5672487041064334e-09,0.0,3.383561973946935,1.0284795123825248,-0.4548288244662288,-0.4548288244662288,0.0017073434686038112,0.0,0.0014633488867570852,0.0014633488867570852,1.3498345055517703e-07,1.3383699063061224e-07,success,0.9998319149747694,0.04712371460189935,0.5,1.2068027567476968e-14,0.01,"[0.01, 0.02]",6.128015020736946e-16
1.3895496471263748e-07,-2.0679515313825692e-24,2.127730518338442e-10,typ,2.9565871909372004e-17,True,0.7,1.0,8.16655101828424e-09,True,False,297,1.4,206,1.0638652591692208e-08,1.0638652591692208e-08,0.0,3.828093732992276,1.1636009643617782,-0.4548288244662288,-0.4548288244662288,0.0017073434686038112,0.0,0.0014633488867570852,0.0014633488867570852,1.3895496471263748e-07,1.3383699063061224e-07,success,0.9998319149747694,0.04712371460189935,0.5,1.2068027567476968e-14,0.02,"[0.01, 0.02]",7.44108544685376e-16
0.00012476907258872984,0.0,2.9188779751978527e-07,arith,3.641856979651057e-11,True,0.7,1.2,8.52699638671155e-09,True,False,298,1.4,243,2.9188779751978527e-05,2.9188779751978527e-05,0.0,23.394242776967708,7.110997105735738,-4.1866808076436056e-05,-4.1866808076436056e-05,0.004714486810881379,0.0,0.002995180428660121,0.004714486810881379,0.00012476907258872984,1.3891618154348725e-06,success,0.999833653085997,0.999833653085997,0.5,3.849162991611658e-15,0.01,"[0.01, 0.02]",-0.0
0.0008061626641430665,0.0,4.07189004085277e-06,arith,3.282605723431489e-09,True,0.7,1.2,8.52699638671155e-09,True,False,298,1.4,243,0.0002035945020426385,0.0002035945020426385,0.0,12.627383473473996,3.838264319514239,-4.1866808076436056e-05,-4.1866808076436056e-05,0.004714486810881379,0.0,0.002995180428660121,0.004714486810881379,0.0008061626641430665,1.3891618154348725e-06,success,0.999833653085997,0.999833653085997,0.5,3.849162991611658e-15,0.02,"[0.01, 0.02]",-0.0
3.1875343845671847e-07,-1.6543612251060553e-24,1.1140813311596383e-10,typ,3.5511725502757276e-17,True,0.7,1.2,6.067913045085026e-09,True,False,299,1.4,102,1.1140813311596383e-08,1.1140813311596383e-08,0.0,3.4951194144088027,1.062388908117643,-2.831633039616436,-2.831633039616436,0.0035248686571939004,0.0,0.0022393171135428147,0.0022393171135428147,3.1875343845671847e-07,3.1340946723238087e-07,success,0.9998452605482182,0.018420097683746327,0.5,1.0865202009912128e-14,0.01,"[0.01, 0.02]",5.190096875866926e-16
3.4194911509392333e-07,-4.963083675318166e-24,6.288624281745035e-10,typ,2.150389508300874e-16,True,0.7,1.2,6.067913045085026e-09,True,False,299,1.4,102,3.1443121408725175e-08,3.1443121408725175e-08,0.0,4.5976316388607525,1.397512438802498,-2.831633039616436,-2.831633039616436,0.0035248686571939004,0.0,0.0022393171135428147,0.0022393171135428147,3.4194911509392333e-07,3.1340946723238087e-07,success,0.9998452605482182,0.018420097683746327,0.5,1.0865202009912128e-14,0.02,"[0.01, 0.02]",7.257050034995635e-16
0.00787789601976593,-6.776263578034403e-21,2.5916683613503853e-06,arith,2.0416893868435494e-08,True,0.7,1.4,8.328694629482323e-09,True,False,300,1.4,202,0.0002591668361350385,0.0002591668361350385,0.0,3.289797624705624,0.9999785678367754,-4.5938518072468964e-05,-4.5938518072468964e-05,0.34595767261475646,0.0,0.14783946108533882,0.34595767261475646,0.00787789601976593,0.007877948718682113,success,0.9998330896207595,0.9998330896207595,0.5,4.9544976240982215e-15,0.01,"[0.01, 0.02]",8.6016159150013e-17
0.00787773745888824,0.0,1.0365793011958319e-05,arith,8.165899590138599e-08,True,0.7,1.4,8.328694629482323e-09,True,False,300,1.4,202,0.0005182896505979159,0.0005182896505979159,0.0,3.289584435269188,0.9999137660186561,-4.5938518072468964e-05,-4.5938518072468964e-05,0.34595767261475646,0.0,0.14783946108533882,0.34595767261475646,0.00787773745888824,0.007877948718682113,success,0.9998330896207595,0.9998330896207595,0.5,4.9544976240982215e-15,0.02,"[0.01, 0.02]",-0.0
2.646806949863646e-06,6.617444900424222e-24,8.7084156118911e-10,typ,2.304949496385444e-15,True,0.7,1.4,5.450022924818603e-09,True,False,301,1.4,81,8.7084156118911e-08,8.7084156118911e-08,0.0,3.29015896393189,1.0000884017910803,-4.869200433348306,-4.869200433348306,0.35601601320699316,0.0,0.006507399173538196,0.006507399173538196,2.646806949863646e-06,2.646686340952493e-06,success,0.9998052160377611,0.013899143892232894,0.5,1.5661794253106433e-14,0.01,"[0.01, 0.02]",-2.5001615251029653e-16
2.6470126585136266e-06,1.9852334701272664e-23,3.4842638962243946e-09,typ,9.22289063890798e-15,True,0.7,1.4,5.450022924818603e-09,True,False,301,1.4,81,1.7421319481121972e-07,1.7421319481121972e-07,0.0,3.290751070851422,1.0002683807128698,-4.869200433348306,-4.869200433348306,0.35601601320699316,0.0,0.006507399173538196,0.006507399173538196,2.6470126585136266e-06,2.646686340952493e-06,success,0.9998052160377611,0.013899143892232894,0.5,1.5661794253106433e-14,0.02,"[0.01, 0.02]",-3.749950843155453e-16
0.014806792483875696,-1.3552527156068805e-20,4.803002291466626e-06,arith,7.111705822932578e-08,True,0.7,1.6,8.17252201380975e-09,True,False,302,1.4,187,0.00048030022914666255,0.00048030022914666255,0.0,3.2437830790814415,0.9859918231545558,-5.074167074813475e-05,-5.074167074813475e-05,0.4645815994028275,0.0,0.2300317800963749,0.4645815994028275,0.014806792483875696,0.01487098657757785,success,0.9998324386852478,0.9998324386852478,0.5,1.7206102054612629e-15,0.01,"[0.01, 0.02]",9.1529121994701e-17
0.014611477287771305,2.710505431213761e-20,1.8140701332175405e-05,arith,2.650624454993236e-07,True,0.7,1.6,8.17252201380975e-09,True,False,302,1.4,187,0.0009070350666087702,0.0009070350666087702,0.0,3.103844494108373,0.9434555939544403,-5.074167074813475e-05,-5.074167074813475e-05,0.4645815994028275,0.0,0.2300317800963749,0.4645815994028275,0.014611477287771305,0.01487098657757785,success,0.9998324386852478,0.9998324386852478,0.5,1.7206102054612629e-15,0.02,"[0.01, 0.02]",-9.275261418919797e-17
5.375723585472576e-05,-1.5881867761018131e-22,1.5779085714490366e-08,typ,8.482400323257925e-13,True,0.7,1.6,8.065924062102032e-09,True,False,303,1.4,172,1.5779085714490365e-06,1.5779085714490365e-06,0.0,2.9352487090541577,0.8922086204580336,-3.890238645653909,-3.890238645653909,0.5208213029119002,0.0,0.029358317717239263,0.029358317717239263,5.375723585472576e-05,5.3888530270264354e-05,success,0.9998062520234203,0.01580729779973159,0.5,6.403530972540701e-15,0.01,"[0.01, 0.02]",2.954368376368438e-16
4.8959009071742825e-05,-1.0587911840678754e-22,4.424041541219621e-08,typ,2.1659668995033852e-12,True,0.7,1.6,8.065924062102032e-09,True,False,303,1.4,172,2.2120207706098103e-06,2.2120207706098103e-06,0.0,2.259053862148632,0.6866700336740817,-3.890238645653909,-3.890238645653909,0.5208213029119002,0.0,0.029358317717239263,0.029358317717239263,4.8959009071742825e-05,5.3888530270264354e-05,success,0.9998062520234203,0.01580729779973159,0.5,6.403530972540701e-15,0.02,"[0.01, 0.02]",1.0813037315730388e-16
0.015119967082477776,0.0,4.953087527844019e-06,arith,7.489052037763279e-08,True,0.7,1.8,8.303828664088691e-09,True,False,304,1.4,174,0.0004953087527844018,0.0004953087527844018,0.0,3.275858671401508,0.9957416340942505,-5.632687992593766e-05,-5.632687992593766e-05,0.46835096621765887,0.0,0.2508822046518119,0.46835096621765887,0.015119967082477776,0.015139725562842866,success,0.9998317058803079,0.9998317058803079,0.5,1.8332945006446408e-15,0.01,"[0.01, 0.02]",-0.0
0.0150579905524688,-2.710505431213761e-20,1.9445601286438393e-05,arith,2.9281168045826446e-07,True,0.7,1.8,8.303828664088691e-09,True,False,304,1.4,174,0.0009722800643219196,0.0009722800643219196,0.0,3.2284522325009415,0.9813318045892298,-5.632687992593766e-05,-5.632687992593766e-05,0.46835096621765887,0.0,0.2508822046518119,0.46835096621765887,0.0150579905524688,0.015139725562842866,success,0.9998317058803079,0.9998317058803079,0.5,1.8332945006446408e-15,0.02,"[0.01, 0.02]",9.000222910783292e-17
0.00010783755064272855,0.0,3.3434627294906185e-08,typ,3.6055083141352e-12,True,0.7,1.8,8.11814769726133e-09,True,False,305,1.4,200,3.3434627294906185e-06,3.3434627294906185e-06,0.0,3.100462417370444,0.9424275658996717,-2.577634173104144,-2.577634173104144,0.5668863375430446,0.0,0.042263415769613226,0.042263415769613226,0.00010783755064272855,0.00011171936256724088,success,0.9997962906741003,0.019778544632131568,0.5,9.462076169089566e-15,0.01,"[0.01, 0.02]",-0.0
0.00010242989925021343,4.235164736271502e-22,1.0922898212130755e-07,typ,1.1188313633888896e-11,True,0.7,1.8,8.11814769726133e-09,True,False,305,1.4,200,5.461449106065377e-06,5.461449106065377e-06,0.0,2.6659447807930934,0.8103500421452068,-2.577634173104144,-2.577634173104144,0.5668863375430446,0.0,0.042263415769613226,0.042263415769613226,0.00010242989925021343,0.00011171936256724088,success,0.9997962906741003,0.019778544632131568,0.5,9.462076169089566e-15,0.02,"[0.01, 0.02]",-2.067347897085175e-16
0.013586396877344803,-1.3552527156068805e-20,4.462773176748849e-06,arith,6.063300755287872e-08,True,0.7,2.0,7.818408546002375e-09,True,False,306,1.4,164,0.0004462773176748849,0.0004462773176748849,0.0,3.2847363558107774,0.9984401265713013,-6.275574029824659e-05,-6.275574029824659e-05,0.4460220067251965,0.0,0.24100321374957032,0.4460220067251965,0.013586396877344803,0.013592927434560594,success,0.9998308621071248,0.9998308621071248,0.5,1.9142934636355806e-15,0.01,"[0.01, 0.02]",9.975070858313822e-17
0.013566113192264147,-2.710505431213761e-20,1.7732454335931404e-05,arith,2.405604826979006e-07,True,0.7,2.0,7.818408546002375e-09,True,False,306,1.4,164,0.0008866227167965702,0.0008866227167965702,0.0,3.2677846050339325,0.9932874122107419,-6.275574029824659e-05,-6.275574029824659e-05,0.4460220067251965,0.0,0.24100321374957032,0.4460220067251965,0.013566113192264147,0.013592927434560594,success,0.9998308621071248,0.9998308621071248,0.5,1.9142934636355806e-15,0.02,"[0.01, 0.02]",9.989985314140613e-17
5.7296818694807275e-05,5.293955920339377e-23,1.8663637020575338e-08,typ,1.069367026553598e-12,True,0.7,2.0,7.99422456444071e-09,True,False,307,1.4,185,1.8663637020575337e-06,1.8663637020575337e-06,0.0,3.257360084856997,0.9901187380410502,-3.0818026898981015,-3.0818026898981015,0.27027198247945344,0.0,0.027687216290558276,0.027687216290558276,5.7296818694807275e-05,4.792648261320651e-05,success,0.9998835654309783,0.018055019560117038,0.5,7.243280677447436e-15,0.01,"[0.01, 0.02]",-9.239528547889799e-17
5.6040317171116186e-05,-1.0587911840678754e-22,6.511771020786964e-08,typ,3.6492171335058446e-12,True,0.7,2.0,7.99422456444071e-09,True,False,307,1.4,185,3.2558855103934817e-06,3.2558855103934817e-06,0.0,2.904949217589013,0.8829986794410054,-3.0818026898981015,-3.0818026898981015,0.27027198247945344,0.0,0.027687216290558276,0.027687216290558276,5.6040317171116186e-05,4.792648261320651e-05,success,0.9998835654309783,0.018055019560117038,0.5,7.243280677447436e-15,0.02,"[0.01, 0.02]",9.44669157416536e-17
0.01181097789161616,-1.3552527156068805e-20,3.8830253060944e-06,arith,4.586232604286703e-08,True,0.7,2.2,7.699737617795056e-09,True,False,308,1.4,155,0.00038830253060944,0.00038830253060944,0.0,3.2876408217229036,0.9993229783434977,-7.010291556604122e-05,-7.010291556604122e-05,0.4182231275580248,0.0,0.21703584927705982,0.4182231275580248,0.01181097789161616,0.01181333389608941,success,0.9998299072322814,0.9998299072322814,0.5,2.3495124966218804e-15,0.01,"[0.01, 0.02]",1.14745174196701e-16
0.011803341382711555,-2.710505431213761e-20,1.5488019341284384e-05,arith,1.8281037962721893e-07,True,0.7,2.2,7.699737617795056e-09,True,False,308,1.4,155,0.0007744009670642191,0.0007744009670642191,0.0,3.280431116728057,0.9971314908121279,-7.010291556604122e-05,-7.010291556604122e-05,0.4182231275580248,0.0,0.21703584927705982,0.4182231275580248,0.011803341382711555,0.01181333389608941,success,0.9998299072322814,0.9998299072322814,0.5,2.3495124966218804e-15,0.02,"[0.01, 0.02]",1.1481941186517993e-16
2.033499575932504e-05,1.3234889800848443e-22,6.843171864260596e-09,typ,1.3915587084007164e-13,True,0.7,2.2,7.507303407117378e-09,True,False,309,1.4,142,6.843171864260596e-07,6.843171864260596e-07,0.0,3.3652192236738063,1.0229039848757373,-4.747619331131594,-4.747619331131594,0.17872940084413044,0.0,0.016541439332586314,0.016541439332586314,2.033499575932504e-05,1.7103125534454863e-05,success,0.9998601184476088,0.014375163243066567,0.5,8.5304438975057e-15,0.01,"[0.01, 0.02]",-6.508430076647203e-16
2.0293340314385115e-05,2.6469779601696886e-22,2.4905055664187387e-08,typ,5.054067701420593e-13,True,0.7,2.2,7.507303407117378e-09,True,False,309,1.4,142,1.2452527832093693e-06,1.2452527832093693e-06,0.0,3.0681316232760873,0.932600182922461,-4.747619331131594,-4.747619331131594,0.17872940084413044,0.0,0.016541439332586314,0.016541439332586314,2.0293340314385115e-05,1.7103125534454863e-05,success,0.9998601184476088,0.014375163243066567,0.5,8.5304438975057e-15,0.02,"[0.01, 0.02]",-6.521789708255557e-16
0.010205480647980845,0.0,3.356287508093055e-06,arith,3.4252527212903525e-08,True,0.7,2.4,7.606842752391733e-09,True,False,310,1.4,146,0.0003356287508093055,0.0003356287508093055,0.0,3.2887108641542486,0.999648232240572,-7.845884911353469e-05,-7.845884911353469e-05,0.39079010488067856,0.0,0.18881939825276128,0.39079010488067856,0.010205480647980845,0.010206584286306298,success,0.9998288209540435,0.9998288209540435,0.5,2.719379455168688e-15,0.01,"[0.01, 0.02]",-0.0
0.010202136976508586,0.0,1.3406495529960454e-05,arith,1.3677490377160662e-07,True,0.7,2.4,7.606842752391733e-09,True,False,310,1.4,146,0.0006703247764980227,0.0006703247764980227,0.0,3.2852174894412354,0.9985863736580858,-7.845884911353469e-05,-7.845884911353469e-05,0.39079010488067856,0.0,0.18881939825276128,0.39079010488067856,0.010202136976508586,0.010206584286306298,success,0.9998288209540435,0.9998288209540435,0.5,2.719379455168688e-15,0.02,"[0.01, 0.02]",-0.0
8.02291159923538e-06,9.26442286059391e-23,2.6715865999309416e-09,typ,2.1433903120947764e-14,True,0.7,2.4,6.540288081683241e-09,True,False,311,1.4,109,2.6715865999309417e-07,2.6715865999309417e-07,0.0,3.329946450096192,1.0121823473680411,-7.1803270932969,-7.1803270932969,0.1316821273812594,0.0,0.010629328127208862,0.010629328127208862,8.02291159923538e-06,7.061741641111534e-06,success,0.999824064513386,0.011518441228989765,0.5,1.123338265091744e-14,0.01,"[0.01, 0.02]",-1.1547457236693037e-15
8.014844011718708e-06,1.3234889800848443e-22,1.0179535648552345e-08,typ,8.158739033487688e-14,True,0.7,2.4,6.540288081683241e-09,True,False,311,1.4,109,5.089767824276172e-07,5.089767824276172e-07,0.0,3.17521327728543,0.9651491027142787,-7.1803270932969,-7.1803270932969,0.1316821273812594,0.0,0.010629328127208862,0.010629328127208862,8.014844011718708e-06,7.061741641111534e-06,success,0.999824064513386,0.011518441228989765,0.5,1.123338265091744e-14,0.02,"[0.01, 0.02]",-8.256486203285662e-16
1.9069135480833033e-08,2.5849394142282115e-26,6.360654764341035e-12,arith,1.212921874480253e-19,True,0.8,0.0,9.46583412610898e-09,True,False,312,1.6,571,6.360654764341035e-10,6.360654764341035e-10,0.0,3.335575842299889,1.0138934774118376,-4.0509199179245784e-05,-4.0509199179245784e-05,0.0005511847779036915,0.0,0.0005511847779036916,0.0005511847779036915,1.9069135480833033e-08,1.8987793584119053e-08,success,0.9998334853949136,0.9998334853949136,0.5,2.076458595892581e-15,0.01,"[0.01, 0.02]",-1.3555619324360102e-16
1.9325354711231748e-08,-1.0339757656912846e-25,2.7234899929827054e-11,arith,5.263241016688085e-19,True,0.8,0.0,9.46583412610898e-09,True,False,312,1.6,571,1.3617449964913526e-09,1.3617449964913526e-09,0.0,3.523208284761565,1.0709269008915971,-4.0509199179245784e-05,-4.0509199179245784e-05,0.0005511847779036915,0.0,0.0005511847779036916,0.0005511847779036915,1.9325354711231748e-08,1.8987793584119053e-08,success,0.9998334853949136,0.9998334853949136,0.5,2.076458595892581e-15,0.02,"[0.01, 0.02]",2.675179268741561e-16
1.906913758475702e-08,-2.5849394142282115e-26,6.360657751620086e-12,typ,1.2129225779519467e-19,True,0.8,0.0,9.36312774265466e-09,True,False,313,1.6,366,6.360657751620085e-10,6.360657751620085e-10,0.0,3.3355770408329835,1.013893841722213,-4.517844851338127e-05,-4.517844851338127e-05,0.0005511847779036915,0.0,0.0005511847779036916,0.0005511847779036916,1.906913758475702e-08,1.898779358411907e-08,success,0.9998217548906134,0.9998217548906134,0.5,2.8751283104738685e-15,0.01,"[0.01, 0.02]",1.3555617828750113e-16
1.932536406469999e-08,5.169878828456423e-26,2.723503689995076e-11,typ,5.263270034070865e-19,True,0.8,0.0,9.36312774265466e-09,True,False,313,1.6,366,1.361751844997538e-09,1.361751844997538e-09,0.0,3.5232242984879516,1.0709317684807333,-4.517844851338127e-05,-4.517844851338127e-05,0.0005511847779036915,0.0,0.0005511847779036916,0.0005511847779036916,1.932536406469999e-08,1.898779358411907e-08,success,0.9998217548906134,0.9998217548906134,0.5,2.8751283104738685e-15,0.02,"[0.01, 0.02]",-1.3375889869779487e-16
1.975073726929995e-08,-2.5849394142282115e-26,6.591988613587263e-12,arith,1.3019663518917886e-19,True,0.8,0.2,9.27036017248305e-09,True,False,314,1.6,502,6.591988613587263e-10,6.591988613587263e-10,0.0,3.3375911611328477,1.0145060608805538,-4.083005646254834e-05,-4.083005646254834e-05,0.0005608972340238409,0.0,0.0005608420470631413,0.0005608972340238409,1.975073726929995e-08,1.9662859239718345e-08,success,0.9998334173789607,0.9998334173789607,0.5,2.196645201808306e-15,0.01,"[0.01, 0.02]",1.3087812262310715e-16
2.0029240545872127e-08,-1.0339757656912846e-25,2.8530037590962638e-11,arith,5.714349856921648e-19,True,0.8,0.2,9.27036017248305e-09,True,False,314,1.6,502,1.4265018795481318e-09,1.4265018795481318e-09,0.0,3.5610483489902536,1.0824289011818558,-4.083005646254834e-05,-4.083005646254834e-05,0.0005608972340238409,0.0,0.0005608420470631413,0.0005608972340238409,2.0029240545872127e-08,1.9662859239718345e-08,success,0.9998334173789607,0.9998334173789607,0.5,2.196645201808306e-15,0.02,"[0.01, 0.02]",2.5811656795553815e-16
1.974252845288872e-08,0.0,6.585004743580636e-12,typ,1.300046435125479e-19,True,0.8,0.2,8.208309225323282e-09,True,False,315,1.6,359,6.585004743580636e-10,6.585004743580636e-10,0.0,3.3354414351202926,1.0138526225282574,-0.00016043857200141666,-0.00016043857200141666,0.0005608911562710235,0.0,0.0005608359699083074,0.0005608359699083074,1.974252845288872e-08,1.9658564114069435e-08,success,0.9998223454139306,0.9490489125014557,0.5,2.3123922563000468e-15,0.01,"[0.01, 0.02]",-0.0
2.000691496853258e-08,-1.0339757656912846e-25,2.815922547913396e-11,typ,5.633792297407693e-19,True,0.8,0.2,8.208309225323282e-09,True,False,315,1.6,359,1.407961273956698e-09,1.407961273956698e-09,0.0,3.5186866045344263,1.0695524749135996,-0.00016043857200141666,-0.00016043857200141666,0.0005608911562710235,0.0,0.0005608359699083074,0.0005608359699083074,2.000691496853258e-08,1.9658564114069435e-08,success,0.9998223454139306,0.9490489125014557,0.5,2.3123922563000468e-15,0.02,"[0.01, 0.02]",2.5840459843947696e-16
2.2030731521326787e-08,-2.5849394142282115e-26,7.36803799521279e-12,arith,1.6232326691146783e-19,True,0.8,0.4,9.307767442197029e-09,True,False,316,1.6,399,7.36803799521279e-10,7.36803799521279e-10,0.0,3.3444363788284477,1.0165867575581768,-4.179576469296397e-05,-4.179576469296397e-05,0.0005922029444815004,0.0,0.0005912487710850152,0.0005922029444815004,2.2030731521326787e-08,2.1919023626791057e-08,success,0.9998333126006996,0.9998333126006996,0.5,2.5877918878130885e-15,0.01,"[0.01, 0.02]",1.1733334463841423e-16
2.2399826917182528e-08,0.0,3.450015232424977e-11,arith,7.727974406796273e-19,True,0.8,0.4,9.307767442197029e-09,True,False,316,1.6,399,1.7250076162124882e-09,1.7250076162124882e-09,0.0,3.850493181465755,1.1704095802585837,-4.179576469296397e-05,-4.179576469296397e-05,0.0005922029444815004,0.0,0.0005912487710850152,0.0005922029444815004,2.2399826917182528e-08,2.1919023626791057e-08,success,0.9998333126006996,0.9998333126006996,0.5,2.5877918878130885e-15,0.02,"[0.01, 0.02]",-0.0
2.193293569037895e-08,1.809457589959748e-25,7.31496262825965e-12,typ,1.604386049031443e-19,True,0.8,0.4,8.781214036278418e-09,True,False,317,1.6,310,7.314962628259651e-10,7.314962628259651e-10,0.0,3.33514980918328,1.0137639788729007,-0.0006456420787310886,-0.0006456420787310886,0.0005920920157087968,0.0,0.0005911380210402717,0.0005911380210402717,2.193293569037895e-08,2.1840263133292764e-08,success,0.9998241085546824,0.7973499080570831,0.5,1.6759412903358855e-15,0.01,"[0.01, 0.02]",-8.249956209708308e-16
2.222448903668967e-08,3.618915179919496e-25,3.117685729127147e-11,typ,6.928897230683012e-19,True,0.8,0.4,8.781214036278418e-09,True,False,317,1.6,310,1.5588428645635733e-09,1.5588428645635733e-09,0.0,3.5070387039947946,1.0660119377047286,-0.0006456420787310886,-0.0006456420787310886,0.0005920920157087968,0.0,0.0005911380210402717,0.0005911380210402717,2.222448903668967e-08,2.1840263133292764e-08,success,0.9998241085546824,0.7973499080570831,0.5,1.6759412903358855e-15,0.02,"[0.01, 0.02]",-8.14172864434622e-16
2.6817546584785114e-08,2.5849394142282115e-26,9.008851792264197e-12,arith,2.4159530261447e-19,True,0.8,0.6,8.85087202644433e-09,True,False,318,1.6,332,9.008851792264197e-10,9.008851792264197e-10,0.0,3.3593124426137297,1.021108538730168,-4.341581916957396e-05,-4.341581916957396e-05,0.0006529412795100322,0.0,0.0006473914943356718,0.0006529412795100322,2.6817546584785114e-08,2.664577432688098e-08,success,0.9998330729309175,0.9998330729309175,0.5,2.8910256012669737e-15,0.01,"[0.01, 0.02]",-9.638985453258324e-17
2.7614110673909253e-08,1.0339757656912846e-25,7.43848269162839e-11,arith,2.0540708429258476e-18,True,0.8,0.6,8.85087202644433e-09,True,False,318,1.6,332,3.719241345814195e-09,3.719241345814195e-09,0.0,6.734313101251274,2.0469857233106445,-4.341581916957396e-05,-4.341581916957396e-05,0.0006529412795100322,0.0,0.0006473914943356718,0.0006529412795100322,2.7614110673909253e-08,2.664577432688098e-08,success,0.9998330729309175,0.9998330729309175,0.5,2.8910256012669737e-15,0.02,"[0.01, 0.02]",-1.8721873354918865e-16
2.6248433515842033e-08,5.169878828456423e-26,8.75405271152775e-12,typ,2.297801705927128e-19,True,0.8,0.6,7.876567262620386e-09,True,False,319,1.6,201,8.754052711527749e-10,8.754052711527749e-10,0.0,3.335076246071717,1.0137416183682928,-0.0024808017955176096,-0.0024808017955176096,0.0006522305498307491,0.0,0.0006466868054924316,0.0006466868054924316,2.6248433515842033e-08,2.6137743519808423e-08,success,0.9998270075101396,0.5486130724589486,0.5,1.963635992243797e-15,0.01,"[0.01, 0.02]",-1.9695951856845795e-16
2.6596403131804588e-08,5.169878828456423e-26,3.7163667812972184e-11,typ,9.884198910102787e-19,True,0.8,0.6,7.876567262620386e-09,True,False,319,1.6,201,1.8581833906486092e-09,1.8581833906486092e-09,0.0,3.4932982881932464,1.0618353521264763,-0.0024808017955176096,-0.0024808017955176096,0.0006522305498307491,0.0,0.0006466868054924316,0.0006466868054924316,2.6596403131804588e-08,2.6137743519808423e-08,success,0.9998270075101396,0.5486130724589486,0.5,1.963635992243797e-15,0.02,"[0.01, 0.02]",-9.719131573611477e-17
3.6669589311528807e-08,5.169878828456423e-26,1.2438865097875285e-11,arith,4.561280746405963e-19,True,0.8,0.8,8.914731540482144e-09,True,False,320,1.6,284,1.2438865097875284e-09,1.2438865097875284e-09,0.0,3.392147371000019,1.0310891601568988,-4.570633719601629e-05,-4.570633719601629e-05,0.0007624154024437223,0.0,0.0007405986496072678,0.0007624154024437223,3.6669589311528807e-08,3.632983655171605e-08,success,0.9998327877813065,0.9998327877813065,0.5,2.9977944240654946e-15,0.01,"[0.01, 0.02]",-1.4098545758272316e-16
4.4638271495765495e-08,-4.1359030627651384e-25,7.043307662455508e-10,arith,3.144010796648944e-17,True,0.8,0.8,8.914731540482144e-09,True,False,320,1.6,284,3.521653831227754e-08,3.521653831227754e-08,0.0,39.44657480254166,11.990320948888613,-4.570633719601629e-05,-4.570633719601629e-05,0.0007624154024437223,0.0,0.0007405986496072678,0.0007624154024437223,4.4638271495765495e-08,3.632983655171605e-08,success,0.9998327877813065,0.9998327877813065,0.5,2.9977944240654946e-15,0.02,"[0.01, 0.02]",4.632687292962812e-16
3.413657040318162e-08,5.169878828456423e-26,1.1389306287642317e-11,typ,3.88791855931501e-19,True,0.8,0.8,7.820553031589114e-09,True,False,321,1.6,208,1.1389306287642317e-09,1.1389306287642317e-09,0.0,3.3363944160544032,1.0141422939969555,-0.01682210343458109,-0.01682210343458109,0.0007591633962569253,0.0,0.0007374396981658587,0.0007374396981658587,3.413657040318162e-08,3.39885893777162e-08,success,0.9998293501316408,0.24240410775436816,0.5,3.0767268272756535e-15,0.01,"[0.01, 0.02]",-1.5144693117661805e-16
3.460291499434586e-08,-4.1359030627651384e-25,4.836875198352263e-11,typ,1.6736998132684312e-18,True,0.8,0.8,7.820553031589114e-09,True,False,321,1.6,208,2.4184375991761312e-09,2.4184375991761312e-09,0.0,3.4945576110730925,1.062218140380798,-0.01682210343458109,-0.01682210343458109,0.0007591633962569253,0.0,0.0007374396981658587,0.0007374396981658587,3.460291499434586e-08,3.39885893777162e-08,success,0.9998293501316408,0.24240410775436816,0.5,3.0767268272756535e-15,0.02,"[0.01, 0.02]",5.976235041817933e-16
6.004482616624862e-08,5.169878828456423e-26,2.1353493030793003e-11,arith,1.2821667770761673e-18,True,0.8,1.0,8.87738205517769e-09,True,False,322,1.6,251,2.1353493030793005e-09,2.1353493030793005e-09,0.0,3.5562586144675805,1.0809729964683463,-4.869051234113078e-05,-4.869051234113078e-05,0.0009719307782414706,0.0,0.0008974881803119134,0.0009719307782414706,6.004482616624862e-08,5.904061279091692e-08,success,0.9998323924560621,0.9998323924560621,0.5,4.1734924557197104e-15,0.01,"[0.01, 0.02]",-8.610032135229042e-17
3.302697942431831e-07,3.970466940254533e-23,1.4205771215277266e-08,arith,4.691737136335356e-15,True,0.8,1.0,8.87738205517769e-09,True,False,322,1.6,251,7.102885607638633e-07,7.102885607638633e-07,0.0,107.53156557830204,32.685676509921684,-4.869051234113078e-05,-4.869051234113078e-05,0.0009719307782414706,0.0,0.0008974881803119134,0.0009719307782414706,3.302697942431831e-07,5.904061279091692e-08,success,0.9998323924560621,0.9998323924560621,0.5,4.1734924557197104e-15,0.02,"[0.01, 0.02]",-6.010944702577028e-15
4.9144650432161625e-08,0.0,1.6428642525223532e-11,typ,8.073798939770555e-19,True,0.8,1.0,8.426072173002878e-09,True,False,323,1.6,200,1.6428642525223532e-09,1.6428642525223532e-09,0.0,3.3429157356407138,1.0161245374551402,-0.5735693634439565,-0.5735693634439565,0.0009579291611359019,0.0,0.000884558945178049,0.000884558945178049,4.9144650432161625e-08,4.8902798703321545e-08,success,0.9998323378681937,0.04203345014568011,0.5,8.838894220130014e-15,0.01,"[0.01, 0.02]",-0.0
4.991644231930893e-08,-1.0339757656912846e-25,7.049623778675814e-11,typ,3.518921387211e-18,True,0.8,1.0,8.426072173002878e-09,True,False,323,1.6,200,3.5248118893379067e-09,3.5248118893379067e-09,0.0,3.5307122518769942,1.0732078333820425,-0.5735693634439565,-0.5735693634439565,0.0009579291611359019,0.0,0.000884558945178049,0.000884558945178049,4.991644231930893e-08,4.8902798703321545e-08,success,0.9998323378681937,0.04203345014568011,0.5,8.838894220130014e-15,0.02,"[0.01, 0.02]",1.0357065905028621e-16
1.6619314941628405e-07,0.0,4.963828138766429e-10,arith,8.249542315427644e-17,True,0.8,1.2,8.689304981672201e-09,True,False,324,1.6,227,4.963828138766429e-08,4.963828138766429e-08,0.0,29.867826418843112,9.078730576743212,-5.239928502574721e-05,-5.239928502574721e-05,0.0014634634626860526,0.0,0.001198040388319913,0.0014634634626860526,1.6619314941628405e-07,1.3385794955776906e-07,success,0.9998318814518764,0.9998318814518764,0.5,4.500425642914866e-15,0.01,"[0.01, 0.02]",-0.0
1.2354171997483727e-05,0.0,2.7535042671487934e-07,arith,3.4017265312161576e-12,True,0.8,1.2,8.689304981672201e-09,True,False,324,1.6,227,1.3767521335743968e-05,1.3767521335743968e-05,0.0,55.72012976081322,16.936888500210742,-5.239928502574721e-05,-5.239928502574721e-05,0.0014634634626860526,0.0,0.001198040388319913,0.0014634634626860526,1.2354171997483727e-05,1.3385794955776906e-07,success,0.9998318814518764,0.9998318814518764,0.5,4.500425642914866e-15,0.02,"[0.01, 0.02]",-0.0
8.158517340316474e-08,2.0679515313825692e-25,2.7437013679360547e-11,typ,2.2384535186956333e-18,True,0.8,1.2,6.230497408358466e-09,True,False,325,1.6,83,2.7437013679360546e-09,2.7437013679360546e-09,0.0,3.3629901776118856,1.0222264361195759,-3.5639148020407325,-3.5639148020407325,0.0013909744335125034,0.0,0.001138697722645981,0.001138697722645981,8.158517340316474e-08,8.103957468359133e-08,success,0.9998475868847451,0.016369450760448812,0.5,1.8677733624350246e-14,0.01,"[0.01, 0.02]",-2.5347148815428664e-16
8.341154875205589e-08,0.0,1.2233028966352514e-10,typ,1.0203758920122246e-17,True,0.8,1.2,6.230497408358466e-09,True,False,325,1.6,83,6.116514483176257e-09,6.116514483176257e-09,0.0,3.666467398512067,1.1144724498098566,-3.5639148020407325,-3.5639148020407325,0.0013909744335125034,0.0,0.001138697722645981,0.001138697722645981,8.341154875205589e-08,8.103957468359133e-08,success,0.9998475868847451,0.016369450760448812,0.5,1.8677733624350246e-14,0.02,"[0.01, 0.02]",-0.0
5.580718608441648e-05,0.0,1.622348133239455e-07,arith,9.053868416539997e-12,True,0.8,1.4,8.226803185780626e-09,True,False,326,1.6,219,1.622348133239455e-05,1.622348133239455e-05,0.0,29.07059551050321,8.836401438935447,-5.687226780091959e-05,-5.687226780091959e-05,0.003637173190819795,0.0,0.0021464704931351084,0.003637173190819795,5.580718608441648e-05,8.268187993325726e-07,success,0.9998313199291157,0.9998313199291157,0.5,4.020703644259249e-15,0.01,"[0.01, 0.02]",-0.0
0.0004921133170559474,0.0,2.835591366679455e-06,arith,1.395432273271834e-09,True,0.8,1.4,8.226803185780626e-09,True,False,326,1.6,219,0.00014177956833397274,0.00014177956833397274,0.0,14.405174928222282,4.378648122907229,-5.687226780091959e-05,-5.687226780091959e-05,0.003637173190819795,0.0,0.0021464704931351084,0.003637173190819795,0.0004921133170559474,8.268187993325726e-07,success,0.9998313199291157,0.9998313199291157,0.5,4.020703644259249e-15,0.02,"[0.01, 0.02]",-0.0
1.7461092442409316e-07,-6.203854594147708e-25,6.016719488327675e-11,typ,1.0505849518573522e-17,True,0.8,1.4,4.5760840245398574e-09,True,False,327,1.6,68,6.016719488327675e-09,6.016719488327675e-09,0.0,3.4457864009209014,1.0473934701599303,-6.9134975983947555,-6.9134975983947555,0.0028137593126368867,0.0,0.001660488103119038,0.001660488103119038,1.7461092442409316e-07,1.7232649168053235e-07,success,0.9998309389805196,0.011535732937949583,0.5,1.2904323150929305e-14,0.01,"[0.01, 0.02]",3.552959022815692e-16
1.837906178444495e-07,-2.481541837659083e-24,3.0720997009823565e-10,typ,5.646231021232958e-17,True,0.8,1.4,4.5760840245398574e-09,True,False,327,1.6,68,1.5360498504911784e-08,1.5360498504911784e-08,0.0,4.17880376187431,1.2702040300864765,-6.9134975983947555,-6.9134975983947555,0.0028137593126368867,0.0,0.001660488103119038,0.001660488103119038,1.837906178444495e-07,1.7232649168053235e-07,success,0.9998309389805196,0.011535732937949583,0.5,1.2904323150929305e-14,0.02,"[0.01, 0.02]",6.751002490669373e-16
0.00604729404964105,0.0,1.9894544114174857e-06,arith,1.2030815824197099e-08,True,0.8,1.6,8.274251725310745e-09,True,False,328,1.6,186,0.00019894544114174855,0.00019894544114174855,0.0,3.289825821411105,0.9999871386074978,-6.215898056052111e-05,-6.215898056052111e-05,0.3049346163248698,0.0,0.10670784905657989,0.3049346163248698,0.00604729404964105,0.006047318331743547,success,0.999830652777743,0.999830652777743,0.5,4.661447428135582e-15,0.01,"[0.01, 0.02]",-0.0
0.0060472210351997565,0.0,7.957412624188634e-06,arith,4.81202330067576e-08,True,0.8,1.6,8.274251725310745e-09,True,False,328,1.6,186,0.00039787063120943166,0.00039787063120943166,0.0,3.289698101768566,0.9999483164914286,-6.215898056052111e-05,-6.215898056052111e-05,0.3049346163248698,0.0,0.10670784905657989,0.3049346163248698,0.0060472210351997565,0.006047318331743547,success,0.999830652777743,0.999830652777743,0.5,4.661447428135582e-15,0.02,"[0.01, 0.02]",-0.0
9.295465699373889e-07,6.617444900424222e-24,3.0583559960831007e-10,typ,2.8428843258064926e-16,True,0.8,1.6,3.532309655241288e-09,True,False,329,1.6,64,3.058355996083101e-08,3.058355996083101e-08,0.0,3.290158981802387,1.00008840722306,-9.345776955826825,-9.345776955826825,0.31306280406019876,0.0,0.0038563947685530107,0.0038563947685530107,9.295465699373889e-07,9.294919728152947e-07,success,0.9998414589850287,0.009840533804601996,0.5,1.5487076269938914e-14,0.01,"[0.01, 0.02]",-7.119003086494041e-16
9.296160363027494e-07,1.1580528575742387e-23,1.2236337640376109e-09,typ,1.1375095696108576e-15,True,0.8,1.6,3.532309655241288e-09,True,False,329,1.6,64,6.118168820188054e-08,6.118168820188054e-08,0.0,3.2906966861937508,1.0002518497592081,-9.345776955826825,-9.345776955826825,0.31306280406019876,0.0,0.0038563947685530107,0.0038563947685530107,9.296160363027494e-07,9.294919728152947e-07,success,0.9998414589850287,0.009840533804601996,0.5,1.5487076269938914e-14,0.02,"[0.01, 0.02]",-6.228662223707025e-16
0.012062813303363097,0.0,3.9087423554617235e-06,arith,4.715042928488249e-08,True,0.8,1.8,7.96497990007502e-09,True,False,330,1.6,173,0.00039087423554617234,0.00039087423554617234,0.0,3.2403240083073914,0.9849403917191677,-6.832047335794764e-05,-6.832047335794764e-05,0.42317230076123624,0.0,0.17478814888655894,0.42317230076123624,0.012062813303363097,0.012118733826997283,success,0.9998298554726472,0.9998298554726472,0.5,2.0040153542750753e-15,0.01,"[0.01, 0.02]",-0.0
0.011890827565668966,0.0,1.4682924053507105e-05,arith,1.745921180800662e-07,True,0.8,1.8,7.96497990007502e-09,True,False,330,1.6,173,0.0007341462026753552,0.0007341462026753552,0.0,3.0870273688728447,0.9383438008514648,-6.832047335794764e-05,-6.832047335794764e-05,0.42317230076123624,0.0,0.17478814888655894,0.42317230076123624,0.011890827565668966,0.012118733826997283,success,0.9998298554726472,0.9998298554726472,0.5,2.0040153542750753e-15,0.02,"[0.01, 0.02]",-0.0
6.07300555933897e-06,-1.3234889800848443e-23,1.8736004383177075e-09,typ,1.137838587788337e-14,True,0.8,1.8,6.3289596637547235e-09,True,False,331,1.6,98,1.8736004383177074e-07,1.8736004383177074e-07,0.0,3.0851288048576126,0.9377667065917327,-9.450721936295574,-9.450721936295574,1.2174305632738995,0.0,0.010562556377841668,0.010562556377841668,6.07300555933897e-06,6.973294773786878e-06,success,0.9998488641559057,0.009854561633717887,0.5,8.745704029544517e-15,0.01,"[0.01, 0.02]",2.1792981533659298e-16
5.742636021748455e-06,1.3234889800848443e-23,5.999523497726451e-09,typ,3.4453079751370204e-14,True,0.8,1.8,6.3289596637547235e-09,True,False,331,1.6,98,2.999761748863226e-07,2.999761748863226e-07,0.0,2.6118334311129567,0.7939021641509791,-9.450721936295574,-9.450721936295574,1.2174305632738995,0.0,0.010562556377841668,0.010562556377841668,5.742636021748455e-06,6.973294773786878e-06,success,0.9998488641559057,0.009854561633717887,0.5,8.745704029544517e-15,0.02,"[0.01, 0.02]",-1.1523357697340904e-16
0.012432929557159921,1.3552527156068805e-20,4.073082406872011e-06,arith,5.06403466451471e-08,True,0.8,2.0,8.069264555604892e-09,True,False,332,1.6,163,0.00040730824068720107,0.00040730824068720107,0.0,3.2760439831547097,0.9957979621127822,-7.543144520872182e-05,-7.543144520872182e-05,0.4284362836499838,0.0,0.19402100336540973,0.4284362836499838,0.012432929557159921,0.012448918443893783,success,0.9998289627935779,0.9998289627935779,0.5,2.229557189302905e-15,0.01,"[0.01, 0.02]",-1.0900509886878694e-16
0.012382419989912428,2.710505431213761e-20,1.5989899640662973e-05,arith,1.9799365294723875e-07,True,0.8,2.0,8.069264555604892e-09,True,False,332,1.6,163,0.0007994949820331487,0.0007994949820331487,0.0,3.2283470544710657,0.9812998343017892,-7.543144520872182e-05,-7.543144520872182e-05,0.4284362836499838,0.0,0.19402100336540973,0.4284362836499838,0.012382419989912428,0.012448918443893783,success,0.9998289627935779,0.9998289627935779,0.5,2.229557189302905e-15,0.02,"[0.01, 0.02]",-1.0944974542221654e-16
9.97313126238506e-06,-5.293955920339377e-23,3.202847600761866e-09,typ,3.1942419535813147e-14,True,0.8,2.0,6.619514708832433e-09,True,False,333,1.6,114,3.202847600761866e-07,3.202847600761866e-07,0.0,3.211476432524071,0.9761717801484335,-8.545966439309863,-8.545966439309863,0.16990566758367312,0.0,0.011744267165700114,0.011744267165700114,9.97313126238506e-06,8.620977207013688e-06,success,0.9998313376657435,0.01048866395230734,0.5,1.0469435783439874e-14,0.01,"[0.01, 0.02]",5.308218433167733e-16
9.70495286965124e-06,-7.940933880509066e-23,1.1279671507096229e-08,typ,1.0946868036151688e-13,True,0.8,2.0,6.619514708832433e-09,True,False,333,1.6,114,5.639835753548115e-07,5.639835753548115e-07,0.0,2.9056481928854483,0.8832111424541201,-8.545966439309863,-8.545966439309863,0.16990566758367312,0.0,0.011744267165700114,0.011744267165700114,9.70495286965124e-06,8.620977207013688e-06,success,0.9998313376657435,0.01048866395230734,0.5,1.0469435783439874e-14,0.02,"[0.01, 0.02]",4.091175911498493e-16
0.01130925001919424,-1.3552527156068805e-20,3.715031104165912e-06,arith,4.2014215586095535e-08,True,0.8,2.2,8.148142306867141e-09,True,False,334,1.6,154,0.0003715031104165912,0.0003715031104165912,0.0,3.284949132666359,0.998504802979879,-8.35830103517207e-05,-8.35830103517207e-05,0.40996539834878276,0.0,0.1896603145946655,0.40996539834878276,0.01130925001919424,0.011314489459544585,success,0.9998279478680423,0.9998279478680423,0.5,1.8398251009161813e-15,0.01,"[0.01, 0.02]",1.1983577277951446e-16
0.011293045696359335,-2.710505431213761e-20,1.4764917632829233e-05,arith,1.6674088953052222e-07,True,0.8,2.2,8.148142306867141e-09,True,False,334,1.6,154,0.0007382458816414617,0.0007382458816414617,0.0,3.2685862675622492,0.9935310883994941,-8.35830103517207e-05,-8.35830103517207e-05,0.40996539834878276,0.0,0.1896603145946655,0.40996539834878276,0.011293045696359335,0.011314489459544585,success,0.9998279478680423,0.9998279478680423,0.5,1.8398251009161813e-15,0.02,"[0.01, 0.02]",1.200077244036822e-16
8.280204792731332e-06,-7.940933880509066e-23,2.6442221546154578e-09,typ,2.1894700957693284e-14,True,0.8,2.2,5.997996548653267e-09,True,False,335,1.6,109,2.644222154615458e-07,2.644222154615458e-07,0.0,3.1934260332989024,0.970685116704301,-8.814786758369316,-8.814786758369316,0.27160950699366415,0.0,0.011398838972921205,0.011398838972921205,8.280204792731332e-06,8.121279580189331e-06,success,0.9998720122000715,0.010359857674322567,0.5,9.921916276777704e-15,0.01,"[0.01, 0.02]",9.590262655677197e-16
8.109560393440121e-06,-3.970466940254533e-23,9.955602275741238e-09,typ,8.073555790819348e-14,True,0.8,2.2,5.997996548653267e-09,True,False,335,1.6,109,4.977801137870619e-07,4.977801137870619e-07,0.0,3.0690943136061954,0.9328928056936437,-8.814786758369316,-8.814786758369316,0.27160950699366415,0.0,0.011398838972921205,0.011398838972921205,8.109560393440121e-06,8.121279580189331e-06,success,0.9998720122000715,0.010359857674322567,0.5,9.921916276777704e-15,0.02,"[0.01, 0.02]",2.448016136279268e-16
0.0099601020821466,2.710505431213761e-20,3.2746786504104777e-06,arith,3.2616133644314417e-08,True,0.8,2.4,7.83463676163513e-09,True,False,336,1.6,145,0.00032746786504104776,0.00032746786504104776,0.0,3.2877962729722534,0.9993702298572461,-9.288632519064647e-05,-9.288632519064647e-05,0.38638071093016174,0.0,0.1739406267284354,0.38638071093016174,0.0099601020821466,0.009961567231967363,success,0.999826795814869,0.999826795814869,0.5,2.437982708758861e-15,0.01,"[0.01, 0.02]",-2.721363103368508e-16
0.00995403061467729,2.710505431213761e-20,1.3063226376560994e-05,arith,1.3003175527874803e-07,True,0.8,2.4,7.83463676163513e-09,True,False,336,1.6,145,0.0006531613188280497,0.0006531613188280497,0.0,3.2808886375382373,0.9972705604622133,-9.288632519064647e-05,-9.288632519064647e-05,0.38638071093016174,0.0,0.1739406267284354,0.38638071093016174,0.00995403061467729,0.009961567231967363,success,0.999826795814869,0.999826795814869,0.5,2.437982708758861e-15,0.02,"[0.01, 0.02]",-1.361511500284669e-16
5.1645258586355736e-06,-3.3087224502121107e-23,1.8059435562082332e-09,typ,9.326842195273707e-15,True,0.8,2.4,6.371630807814954e-09,True,False,337,1.6,98,1.8059435562082332e-07,1.8059435562082332e-07,0.0,3.496823533545728,1.0629068982217056,-10.249422770268362,-10.249422770268362,0.0769692438214816,0.0,0.008247136443009027,0.008247136443009027,5.1645258586355736e-06,4.251072624593653e-06,success,0.9999382514044087,0.009563885717607972,0.5,1.0004187900846044e-14,0.01,"[0.01, 0.02]",6.40663352412035e-16
5.2484469361343805e-06,-2.6469779601696886e-23,6.602175596538538e-09,typ,3.4651168281473864e-14,True,0.8,2.4,6.371630807814954e-09,True,False,337,1.6,98,3.301087798269269e-07,3.301087798269269e-07,0.0,3.1448234481919015,0.9559117023509447,-10.249422770268362,-10.249422770268362,0.0769692438214816,0.0,0.008247136443009027,0.008247136443009027,5.2484469361343805e-06,4.251072624593653e-06,success,0.9999382514044087,0.009563885717607972,0.5,1.0004187900846044e-14,0.02,"[0.01, 0.02]",2.521677357492022e-16
1.1368993452657827e-08,-1.2924697071141057e-26,3.778299925608657e-12,arith,4.295546711642237e-20,True,0.9,0.0,9.48181563065833e-09,True,False,338,1.8,572,3.7782999256086565e-10,3.7782999256086565e-10,0.0,3.323337234155387,1.0101733866218305,-5.128186960181745e-05,-5.128186960181745e-05,0.0004258319547366159,0.0,0.00042583195473661604,0.0004258319547366159,1.1368993452657827e-08,1.133330419970558e-08,success,0.9998316412470515,0.9998316412470515,0.5,2.093211973297229e-15,0.01,"[0.01, 0.02]",1.1368374100100779e-16
1.1479498677562254e-08,2.5849394142282115e-26,1.5759323252930967e-11,arith,1.8090913044129712e-19,True,0.9,0.0,9.48181563065833e-09,True,False,338,1.8,572,7.879661626465483e-10,7.879661626465483e-10,0.0,3.432058249140711,1.0432206123971586,-5.128186960181745e-05,-5.128186960181745e-05,0.0004258319547366159,0.0,0.00042583195473661604,0.0004258319547366159,1.1479498677562254e-08,1.133330419970558e-08,success,0.9998316412470515,0.9998316412470515,0.5,2.093211973297229e-15,0.02,"[0.01, 0.02]",-1.1258938594943678e-16
1.136899437630321e-08,0.0,3.778301226938468e-12,typ,4.2955485401042964e-20,True,0.9,0.0,8.332916522889261e-09,True,False,339,1.8,365,3.7783012269384683e-10,3.7783012269384683e-10,0.0,3.3233381087897382,1.0101736524787936,-5.588902609229493e-05,-5.588902609229493e-05,0.0004258319547366159,0.0,0.00042583195473661604,0.00042583195473661604,1.136899437630321e-08,1.1333304199705587e-08,success,0.9998198761794185,0.9998198761794185,0.5,4.1864897191137976e-15,0.01,"[0.01, 0.02]",-0.0
1.1479502558662896e-08,-5.169878828456423e-26,1.5759347683495372e-11,typ,1.8090947205554332e-19,True,0.9,0.0,8.332916522889261e-09,True,False,339,1.8,365,7.879673841747686e-10,7.879673841747686e-10,0.0,3.43206240927285,1.043221876925696,-5.588902609229493e-05,-5.588902609229493e-05,0.0004258319547366159,0.0,0.00042583195473661604,0.00042583195473661604,1.1479502558662896e-08,1.1333304199705587e-08,success,0.9998198761794185,0.9998198761794185,0.5,4.1864897191137976e-15,0.02,"[0.01, 0.02]",2.251786957682684e-16
1.1680600165039275e-08,-1.2924697071141057e-26,3.883160579590397e-12,arith,4.53576461068376e-20,True,0.9,0.2,9.434570493895338e-09,True,False,340,1.8,503,3.8831605795903967e-10,3.8831605795903967e-10,0.0,3.3244529602279558,1.0105125266807105,-5.163464840777284e-05,-5.163464840777284e-05,0.00043160592523446207,0.0,0.0004315794558645037,0.00043160592523446207,1.1680600165039275e-08,1.1642730560398917e-08,success,0.9998315354739102,0.9998315354739102,0.5,2.5017736878698734e-15,0.01,"[0.01, 0.02]",1.1065096731780477e-16
1.1798026215718962e-08,-2.5849394142282115e-26,1.622333607136534e-11,arith,1.9140334427638735e-19,True,0.9,0.2,9.434570493895338e-09,True,False,340,1.8,503,8.11166803568267e-10,8.11166803568267e-10,0.0,3.437722500088695,1.0449423382286496,-5.163464840777284e-05,-5.163464840777284e-05,0.00043160592523446207,0.0,0.0004315794558645037,0.00043160592523446207,1.1798026215718962e-08,1.1642730560398917e-08,success,0.9998315354739102,0.9998315354739102,0.5,2.5017736878698734e-15,0.02,"[0.01, 0.02]",1.0954965546627612e-16
1.1677732554026734e-08,2.5849394142282115e-26,3.880790056597272e-12,typ,4.5318828379269214e-20,True,0.9,0.2,8.155447886261096e-09,True,False,341,1.8,356,3.880790056597272e-10,3.880790056597272e-10,0.0,3.323239369152269,1.0101436392279712,-0.0001734248083832175,-0.0001734248083832175,0.00043160368209009005,0.0,0.0004315772128576968,0.0004315772128576968,1.1677732554026734e-08,1.1641181557694225e-08,success,0.999820470366118,0.9486101574293485,0.5,3.687896964831539e-15,0.01,"[0.01, 0.02]",-2.213562780504738e-16
1.1790907288595338e-08,-1.0339757656912846e-25,1.618456944496044e-11,typ,1.9083075783136145e-19,True,0.9,0.2,8.155447886261096e-09,True,False,341,1.8,356,8.092284722480219e-10,8.092284722480219e-10,0.0,3.431578471619151,1.0430747775180502,-0.0001734248083832175,-0.0001734248083832175,0.00043160368209009005,0.0,0.0004315772128576968,0.0004315772128576968,1.1790907288595338e-08,1.1641181557694225e-08,success,0.999820470366118,0.9486101574293485,0.5,3.687896964831539e-15,0.02,"[0.01, 0.02]",4.384631904838186e-16
1.2696483641651596e-08,-2.5849394142282115e-26,4.225549236520789e-12,arith,5.3649616758479587e-20,True,0.9,0.4,9.073682690879208e-09,True,False,342,1.8,403,4.2255492365207887e-10,4.2255492365207887e-10,0.0,3.328125610037896,1.0116288783582514,-5.269672142764752e-05,-5.269672142764752e-05,0.00044990716094085216,0.0,0.0004494575869848202,0.00044990716094085216,1.2696483641651596e-08,1.2651029394586055e-08,success,0.9998313909382686,0.9998313909382686,0.5,2.9673885823643397e-15,0.01,"[0.01, 0.02]",2.0359490762845224e-16
1.2838173419048601e-08,0.0,1.7768588655825864e-11,arith,2.281162225752321e-19,True,0.9,0.4,9.073682690879208e-09,True,False,342,1.8,403,8.884294327912932e-10,8.884294327912932e-10,0.0,3.4601083962345016,1.0517468347118124,-5.269672142764752e-05,-5.269672142764752e-05,0.00044990716094085216,0.0,0.0004494575869848202,0.00044990716094085216,1.2838173419048601e-08,1.2651029394586055e-08,success,0.9998313909382686,0.9998313909382686,0.5,2.9673885823643397e-15,0.02,"[0.01, 0.02]",-0.0
1.2662874799157352e-08,-1.1632227364026952e-25,4.2078690104544936e-12,typ,5.328371845063939e-20,True,0.9,0.4,7.379875409127166e-09,True,False,343,1.8,310,4.207869010454493e-10,4.207869010454493e-10,0.0,3.3229966158510114,1.010069851072522,-0.0006702391884401157,-0.0006702391884401157,0.00044986744964573266,0.0,0.0004494179153710144,0.0004494179153710144,1.2662874799157352e-08,1.262352996442378e-08,success,0.999822246771835,0.7955140825665934,0.5,2.731987957048245e-15,0.01,"[0.01, 0.02]",9.186087321025251e-16
1.2784708693598082e-08,-2.0679515313825692e-25,1.7542615805958178e-11,typ,2.242772328028846e-19,True,0.9,0.4,7.379875409127166e-09,True,False,343,1.8,310,8.771307902979088e-10,8.771307902979088e-10,0.0,3.4303902080190936,1.0427135886947396,-0.0006702391884401157,-0.0006702391884401157,0.00044986744964573266,0.0,0.0004494179153710144,0.0004494179153710144,1.2784708693598082e-08,1.262352996442378e-08,success,0.999822246771835,0.7955140825665934,0.5,2.731987957048245e-15,0.02,"[0.01, 0.02]",8.087597382715852e-16
1.4710966916238154e-08,0.0,4.906933354695923e-12,arith,7.218573424111722e-20,True,0.9,0.6,8.909680514656352e-09,True,False,344,1.8,329,4.906933354695924e-10,4.906933354695924e-10,0.0,3.335561409821123,1.0138890904643434,-5.4479408615443854e-05,-5.4479408615443854e-05,0.0004841204698033519,0.0,0.00048159216044484803,0.0004841204698033519,1.4710966916238154e-08,1.464829074186934e-08,success,0.999831174217463,0.999831174217463,0.5,2.938867619995029e-15,0.01,"[0.01, 0.02]",-0.0
1.4910002493865286e-08,0.0,2.1248474194798012e-11,arith,3.1681480323527054e-19,True,0.9,0.6,8.909680514656352e-09,True,False,344,1.8,329,1.0624237097399006e-09,1.0624237097399006e-09,0.0,3.562788504485611,1.0829578450253896,-5.4479408615443854e-05,-5.4479408615443854e-05,0.0004841204698033519,0.0,0.00048159216044484803,0.0004841204698033519,1.4910002493865286e-08,1.464829074186934e-08,success,0.999831174217463,0.999831174217463,0.5,2.938867619995029e-15,0.02,"[0.01, 0.02]",-0.0
1.4526147819846013e-08,-1.2924697071141057e-26,4.826725745332273e-12,typ,7.011373166255301e-20,True,0.9,0.6,7.827758338984319e-09,True,False,345,1.8,201,4.826725745332273e-10,4.826725745332273e-10,0.0,3.322784405882109,1.0100053469768322,-0.002572988483055273,-0.002572988483055273,0.00048388025699453997,0.0,0.00048135320212294914,0.00048135320212294914,1.4526147819846013e-08,1.44813079543284e-08,success,0.9998251230057444,0.5442588977439774,0.5,1.9835758507211898e-15,0.01,"[0.01, 0.02]",8.897539272926156e-17
1.4665036370670617e-08,0.0,2.0116561916174127e-11,typ,2.95010112153541e-19,True,0.9,0.6,7.827758338984319e-09,True,False,345,1.8,201,1.0058280958087063e-09,1.0058280958087063e-09,0.0,3.429340611184283,1.0423945495137887,-0.002572988483055273,-0.002572988483055273,0.00048388025699453997,0.0,0.00048135320212294914,0.00048135320212294914,1.4665036370670617e-08,1.44813079543284e-08,success,0.9998251230057444,0.5442588977439774,0.5,1.9835758507211898e-15,0.02,"[0.01, 0.02]",-0.0
1.8449366511630406e-08,2.5849394142282115e-26,6.180294839749888e-12,arith,1.1402252464848377e-19,True,0.9,0.8,8.721544019203071e-09,True,False,346,1.8,283,6.180294839749888e-10,6.180294839749888e-10,0.0,3.349868319789655,1.0182378696211714,-5.700195001641503e-05,-5.700195001641503e-05,0.000541802562219416,0.0,0.0005324204542573919,0.000541802562219416,1.8449366511630406e-08,1.8346878241356076e-08,success,0.9998308448551863,0.9998308448551863,0.5,2.8662272061341486e-15,0.01,"[0.01, 0.02]",-1.401099280345846e-16
1.883490981685731e-08,0.0,3.6015939016432586e-11,arith,6.783569633439403e-19,True,0.9,0.8,8.721544019203071e-09,True,False,346,1.8,283,1.8007969508216293e-09,1.8007969508216293e-09,0.0,4.780476700796066,1.4530906730978255,-5.700195001641503e-05,-5.700195001641503e-05,0.000541802562219416,0.0,0.0005324204542573919,0.000541802562219416,1.883490981685731e-08,1.8346878241356076e-08,success,0.9998308448551863,0.9998308448551863,0.5,2.8662272061341486e-15,0.02,"[0.01, 0.02]",-0.0
1.7707149623512962e-08,-7.754818242684634e-26,5.884385146666479e-12,typ,1.041956882344006e-19,True,0.9,0.8,8.190022866491117e-09,True,False,347,1.8,207,5.884385146666479e-10,5.884385146666479e-10,0.0,3.3231690428891634,1.0101222626073143,-0.018006888162940975,-0.018006888162940975,0.0005408063091261715,0.0,0.0005314414524447967,0.0005314414524447967,1.7707149623512962e-08,1.7651878136062084e-08,success,0.9998275829964882,0.23588489216209713,0.5,3.53872713855828e-15,0.01,"[0.01, 0.02]",4.379484223924538e-16
1.7878562144906224e-08,5.169878828456423e-26,2.4538341595020753e-11,typ,4.387102651395159e-19,True,0.9,0.8,8.190022866491117e-09,True,False,347,1.8,207,1.2269170797510376e-09,1.2269170797510376e-09,0.0,3.431252104634707,1.0429755738505533,-0.018006888162940975,-0.018006888162940975,0.0005408063091261715,0.0,0.0005314414524447967,0.0005314414524447967,1.7878562144906224e-08,1.7651878136062084e-08,success,0.9998275829964882,0.23588489216209713,0.5,3.53872713855828e-15,0.02,"[0.01, 0.02]",-1.4458318254439077e-16
2.5796867841299656e-08,0.0,8.718928925475724e-12,arith,2.2492105720818207e-19,True,0.9,1.0,8.750622632506733e-09,True,False,348,1.8,249,8.718928925475724e-10,8.718928925475724e-10,0.0,3.379840133737903,1.0273482086166046,-6.02920885744969e-05,-6.02920885744969e-05,0.0006398162672799037,0.0,0.0006108655570326761,0.0006398162672799037,2.5796867841299656e-08,2.5585307799179916e-08,success,0.9998304469858791,0.9998304469858791,0.5,3.1134255012525796e-15,0.01,"[0.01, 0.02]",-0.0
2.8856084907352087e-08,0.0,2.860728673585007e-10,arith,8.254942950186567e-18,True,0.9,1.0,8.750622632506733e-09,True,False,348,1.8,249,1.4303643367925035e-08,1.4303643367925035e-08,0.0,24.78444912719377,7.533569164471735,-6.02920885744969e-05,-6.02920885744969e-05,0.0006398162672799037,0.0,0.0006108655570326761,0.0006398162672799037,2.8856084907352087e-08,2.5585307799179916e-08,success,0.9998304469858791,0.9998304469858791,0.5,3.1134255012525796e-15,0.02,"[0.01, 0.02]",-0.0
2.313730713311034e-08,-5.169878828456423e-26,7.695139351974994e-12,typ,1.7804480261872911e-19,True,0.9,1.0,7.991295131081816e-09,True,False,349,1.8,197,7.695139351974994e-10,7.695139351974994e-10,0.0,3.3258578051907195,1.010939548344094,-0.6587176052291251,-0.6587176052291251,0.0006361998442592692,0.0,0.0006074127681322223,0.0006074127681322223,2.313730713311034e-08,2.3059395429113103e-08,success,0.9998343817300241,0.039346604853192954,0.5,8.163588580453717e-15,0.01,"[0.01, 0.02]",2.2344341105530535e-16
2.33800950894628e-08,2.0679515313825692e-25,3.221084171502981e-11,typ,7.53092542209032e-19,True,0.9,1.0,7.991295131081816e-09,True,False,349,1.8,197,1.6105420857514905e-09,1.6105420857514905e-09,0.0,3.444259057948287,1.046929213566491,-0.6587176052291251,-0.6587176052291251,0.0006361998442592692,0.0,0.0006074127681322223,0.0006074127681322223,2.33800950894628e-08,2.3059395429113103e-08,success,0.9998343817300241,0.039346604853192954,0.5,8.163588580453717e-15,0.02,"[0.01, 0.02]",-4.4224617638843053e-16
4.280630603471401e-08,5.169878828456423e-26,1.493029505271525e-11,arith,6.391107792151056e-19,True,0.9,1.2,8.516379045509783e-09,True,False,350,1.8,224,1.493029505271525e-09,1.493029505271525e-09,0.0,3.4878728009390594,1.0601862017551844,-6.438693352194317e-05,-6.438693352194317e-05,0.0008214389593936872,0.0,0.0007367619324042079,0.0008214389593936872,4.280630603471401e-08,4.217263445251794e-08,success,0.9998299131375142,0.9998299131375142,0.5,3.628903705792548e-15,0.01,"[0.01, 0.02]",-1.207737669366724e-16
1.641309120341808e-07,2.9778502051908996e-23,7.001854811821806e-09,arith,1.1492208161952304e-15,True,0.9,1.2,8.516379045509783e-09,True,False,350,1.8,224,3.500927405910903e-07,3.500927405910903e-07,0.0,106.65045854317265,32.41785208677698,-6.438693352194317e-05,-6.438693352194317e-05,0.0008214389593936872,0.0,0.0007367619324042079,0.0008214389593936872,1.641309120341808e-07,4.217263445251794e-08,success,0.9998299131375142,0.9998299131375142,0.5,3.628903705792548e-15,0.02,"[0.01, 0.02]",-9.071570273644592e-15
3.295824372585388e-08,5.169878828456423e-26,1.0985327048158164e-11,typ,3.620570862614117e-19,True,0.9,1.2,6.180320707295969e-09,True,False,351,1.8,79,1.0985327048158163e-09,1.0985327048158163e-09,0.0,3.333104500207575,1.0131422794939025,-4.041299823549698,-4.041299823549698,0.000808005011616594,0.0,0.0007247127674254258,0.0007247127674254258,3.295824372585388e-08,3.282554429383317e-08,success,0.9998399747224418,0.015376644578189831,0.5,1.273677962130399e-14,0.01,"[0.01, 0.02]",-1.5686147816186411e-16
3.3377240588210005e-08,0.0,4.647812434375214e-11,typ,1.5513115383101554e-18,True,0.9,1.2,6.180320707295969e-09,True,False,351,1.8,79,2.323906217187607e-09,2.323906217187607e-09,0.0,3.481273730591873,1.0581803248996364,-4.041299823549698,-4.041299823549698,0.000808005011616594,0.0,0.0007247127674254258,0.0007247127674254258,3.3377240588210005e-08,3.282554429383317e-08,success,0.9998399747224418,0.015376644578189831,0.5,1.273677962130399e-14,0.02,"[0.01, 0.02]",-0.0
1.0878089252441899e-07,-2.0679515313825692e-25,2.1738305690309595e-10,arith,2.3647122949605338e-17,True,0.9,1.4,8.665804566267203e-09,True,False,352,1.8,208,2.1738305690309595e-08,2.1738305690309595e-08,0.0,19.98356989526429,6.074276865562696,-6.933415728761533e-05,-6.933415728761533e-05,0.0012361323482424206,0.0,0.0009670380117834852,0.0012361323482424206,1.0878089252441899e-07,9.55015089081152e-08,success,0.99982929503516,0.99982929503516,0.5,3.830307126744983e-15,0.01,"[0.01, 0.02]",1.9010246040391313e-16
6.72282376869887e-06,-3.1763735522036263e-22,1.6528446239296198e-07,arith,1.1111783123720192e-12,True,0.9,1.4,8.665804566267203e-09,True,False,352,1.8,208,8.264223119648099e-06,8.264223119648099e-06,0.0,61.46392798607861,18.682793804570686,-6.933415728761533e-05,-6.933415728761533e-05,0.0012361323482424206,0.0,0.0009670380117834852,0.0012361323482424206,6.72282376869887e-06,9.55015089081152e-08,success,0.99982929503516,0.99982929503516,0.5,3.830307126744983e-15,0.02,"[0.01, 0.02]",2.362380497755022e-15
5.3022242843601777e-08,-1.0339757656912846e-25,1.776301681382687e-11,typ,9.418349911377096e-19,True,0.9,1.4,3.2130448509451285e-09,True,False,353,1.8,59,1.7763016813826868e-09,1.7763016813826868e-09,0.0,3.350106646039463,1.0183103121143422,-8.112746995476645,-8.112746995476645,0.0011740989625485152,0.0,0.0009185081107887073,0.0009185081107887073,5.3022242843601777e-08,5.2728590142258744e-08,success,0.9998467041352446,0.010611831555267928,0.5,2.0748538620937944e-14,0.01,"[0.01, 0.02]",1.9500792690742523e-16
5.398810009951273e-08,-1.0339757656912846e-25,7.743455616732134e-11,typ,4.180544569522685e-18,True,0.9,1.4,3.2130448509451285e-09,True,False,353,1.8,59,3.871727808366067e-09,3.871727808366067e-09,0.0,3.585723336466336,1.0899291979941652,-8.112746995476645,-8.112746995476645,0.0011740989625485152,0.0,0.0009185081107887073,0.0009185081107887073,5.398810009951273e-08,5.2728590142258744e-08,success,0.9998467041352446,0.010611831555267928,0.5,2.0748538620937944e-14,0.02,"[0.01, 0.02]",9.575959922514634e-17
2.8241038503725256e-05,-4.235164736271502e-22,9.686231207459354e-08,arith,2.7354922848584478e-12,True,0.9,1.6,8.389567182063618e-09,True,False,354,1.8,199,9.686231207459354e-06,9.686231207459354e-06,0.0,34.298424281322546,10.425470835752096,-7.519360269803805e-05,-7.519360269803805e-05,0.0029606076726688877,0.0,0.0016309975530947932,0.0029606076726688877,2.8241038503725256e-05,5.478268366309843e-07,success,0.9998285586278879,0.9998285586278879,0.5,5.0129482844026294e-15,0.01,"[0.01, 0.02]",1.4996490783130527e-15
0.00032196570123744226,-6.776263578034403e-21,2.0626507301150563e-06,arith,6.641027887294164e-10,True,0.9,1.6,8.389567182063618e-09,True,False,354,1.8,199,0.00010313253650575282,0.00010313253650575282,0.0,16.01607502124814,4.868303035372025,-7.519360269803805e-05,-7.519360269803805e-05,0.0029606076726688877,0.0,0.0016309975530947932,0.0029606076726688877,0.00032196570123744226,5.478268366309843e-07,success,0.9998285586278879,0.9998285586278879,0.5,5.0129482844026294e-15,0.02,"[0.01, 0.02]",1.0523269329606424e-15
1.0568696245857578e-07,2.0679515313825692e-25,3.610526418978597e-11,typ,3.815855700982871e-18,True,0.9,1.6,3.1136779611035945e-09,True,False,355,1.8,56,3.610526418978597e-09,3.610526418978597e-09,0.0,3.41624580268711,1.0384142050242788,-11.860852238767405,-11.860852238767405,0.002347781204272329,0.0,0.00129336211305919,0.00129336211305919,1.0568696245857578e-07,1.0454916913766477e-07,success,0.9998502169677399,0.00864826010388557,0.5,1.7324139910280137e-14,0.01,"[0.01, 0.02]",-1.956676096347368e-16
1.1007389185988936e-07,-4.1359030627651384e-25,1.7477799322300822e-10,typ,1.923849392551788e-17,True,0.9,1.6,3.1136779611035945e-09,True,False,355,1.8,56,8.738899661150411e-09,8.738899661150411e-09,0.0,3.9695605894783683,1.2066017323977731,-11.860852238767405,-11.860852238767405,0.002347781204272329,0.0,0.00129336211305919,0.00129336211305919,1.1007389185988936e-07,1.0454916913766477e-07,success,0.9998502169677399,0.00864826010388557,0.5,1.7324139910280137e-14,0.02,"[0.01, 0.02]",1.878693935901548e-16
0.004786843590816797,-1.3552527156068805e-20,1.574795559577174e-06,arith,7.538300031208748e-09,True,0.9,1.8,8.299491794509478e-09,True,False,356,1.8,172,0.0001574795559577174,0.0001574795559577174,0.0,3.289841269512758,0.9999918342673313,-8.203940936894641e-05,-8.203940936894641e-05,0.2724260365440904,0.0,0.07903377436118762,0.2724260365440904,0.004786843590816797,0.004786855796502482,success,0.9998277188610081,0.9998277188610081,0.5,4.665811067364961e-15,0.01,"[0.01, 0.02]",2.831203255119578e-16
0.004786806905787954,1.3552527156068805e-20,6.298978886491122e-06,arith,3.015199563326822e-08,True,0.9,1.8,8.299491794509478e-09,True,False,356,1.8,172,0.00031494894432455606,0.00031494894432455606,0.0,3.2897602778141772,0.9999672157430352,-8.203940936894641e-05,-8.203940936894641e-05,0.2724260365440904,0.0,0.07903377436118762,0.2724260365440904,0.004786806905787954,0.004786855796502482,success,0.9998277188610081,0.9998277188610081,0.5,4.665811067364961e-15,0.02,"[0.01, 0.02]",-1.415612476417401e-16
4.3417125207187426e-07,8.271806125530277e-25,1.4284797745229361e-10,typ,6.202048522639718e-17,True,0.9,1.8,2.988259997237195e-09,True,False,357,1.8,55,1.4284797745229361e-08,1.4284797745229361e-08,0.0,3.2901297994885677,1.0000795368633273,-14.589594051863678,-14.589594051863678,0.2822094645812284,0.0,0.002635645021945614,0.002635645021945614,4.3417125207187426e-07,4.3416528289507895e-07,success,0.9998727451788603,0.007744601809261397,0.5,1.421692823462937e-14,0.01,"[0.01, 0.02]",-1.9051943411861206e-16
4.341998268913567e-07,1.6543612251060553e-24,5.715084805816456e-10,typ,2.481488833354928e-16,True,0.9,1.8,2.988259997237195e-09,True,False,357,1.8,55,2.8575424029082276e-08,2.8575424029082276e-08,0.0,3.2905844566621942,1.0002177360722773,-14.589594051863678,-14.589594051863678,0.2822094645812284,0.0,0.002635645021945614,0.002635645021945614,4.341998268913567e-07,4.3416528289507895e-07,success,0.9998727451788603,0.007744601809261397,0.5,1.421692823462937e-14,0.02,"[0.01, 0.02]",-1.9050689597810472e-16
0.010044329410595222,0.0,3.2517993543270127e-06,arith,3.266214389202137e-08,True,0.9,2.0,8.082345566723934e-09,True,False,358,1.8,163,0.0003251799354327013,0.0003251799354327013,0.0,3.237447938432669,0.9840661713073329,-8.99628128324362e-05,-8.99628128324362e-05,0.388759679956419,0.0,0.13486700510640404,0.388759679956419,0.010044329410595222,0.010093313581216555,success,0.9998267654070541,0.9998267654070541,0.5,2.599512277412742e-15,0.01,"[0.01, 0.02]",-0.0
0.009891925390202306,0.0,1.2155146521837884e-05,arith,1.202378025009974e-07,True,0.9,2.0,8.082345566723934e-09,True,False,358,1.8,163,0.0006077573260918942,0.0006077573260918942,0.0,3.071987010202594,0.9337720800228395,-8.99628128324362e-05,-8.99628128324362e-05,0.388759679956419,0.0,0.13486700510640404,0.388759679956419,0.009891925390202306,0.010093313581216555,success,0.9998267654070541,0.9998267654070541,0.5,2.599512277412742e-15,0.02,"[0.01, 0.02]",-0.0
1.8180213328018142e-06,1.1580528575742387e-23,5.728692206083365e-10,typ,1.0414884639715044e-15,True,0.9,2.0,5.120593092240784e-09,True,False,359,1.8,72,5.7286922060833645e-08,5.7286922060833645e-08,0.0,3.1510588477279766,0.9578070365353787,-15.37480368358211,-15.37480368358211,0.1422608410555136,0.0,0.005222754894626105,0.005222754894626105,1.8180213328018142e-06,1.7048421671063953e-06,success,0.9997639872657267,0.007573565767572595,0.5,9.752851924020471e-15,0.01,"[0.01, 0.02]",-6.369852964208755e-16
1.7480335745228972e-06,-3.308722450212111e-24,1.9474220524741374e-09,typ,3.4041591314910834e-15,True,0.9,2.0,5.120593092240784e-09,True,False,359,1.8,72,9.737110262370687e-08,9.737110262370687e-08,0.0,2.785161110257365,0.8465874609776516,-15.37480368358211,-15.37480368358211,0.1422608410555136,0.0,0.005222754894626105,0.005222754894626105,1.7480335745228972e-06,1.7048421671063953e-06,success,0.9997639872657267,0.007573565767572595,0.5,9.752851924020471e-15,0.02,"[0.01, 0.02]",9.464127286900605e-17
0.010416433629367155,0.0,3.4127385901943762e-06,arith,3.5548565019139755e-08,True,0.9,2.2,8.249804018971994e-09,True,False,360,1.8,154,0.0003412738590194376,0.0003412738590194376,0.0,3.276302342649031,0.9958764939820919,-9.907583357113975e-05,-9.907583357113975e-05,0.3947474499883668,0.0,0.15168010771863585,0.3947474499883668,0.010416433629367155,0.010429552138334429,success,0.9998256782786019,0.9998256782786019,0.5,2.2454240234928065e-15,0.01,"[0.01, 0.02]",-0.0
0.01037473121083296,-5.421010862427522e-20,1.3398380943016165e-05,arith,1.3900460094413937e-07,True,0.9,2.2,8.249804018971994e-09,True,False,360,1.8,154,0.0006699190471508083,0.0006699190471508083,0.0,3.2286091732733295,0.9813795088636901,-9.907583357113975e-05,-9.907583357113975e-05,0.3947474499883668,0.0,0.15168010771863585,0.3947474499883668,0.01037473121083296,0.010429552138334429,success,0.9998256782786019,0.9998256782786019,0.5,2.2454240234928065e-15,0.02,"[0.01, 0.02]",2.6126030411115987e-16
2.74530730170067e-06,-6.617444900424222e-24,8.778459512378003e-10,typ,2.4099568997015033e-15,True,0.9,2.2,5.5837210742679805e-09,True,False,361,1.8,80,8.778459512378002e-08,8.778459512378002e-08,0.0,3.197623634680132,0.9719610345255157,-15.099078731644038,-15.099078731644038,0.3384109711614025,0.0,0.0067295221743629155,0.0067295221743629155,2.74530730170067e-06,2.830457007076719e-06,success,0.999845385367683,0.007707915494730889,0.5,9.660840096703158e-15,0.01,"[0.01, 0.02]",2.410456889953569e-16
2.6866779102094176e-06,1.9852334701272664e-23,3.2616037228796713e-09,typ,8.762878674117612e-15,True,0.9,2.2,5.5837210742679805e-09,True,False,361,1.8,80,1.6308018614398357e-07,1.6308018614398357e-07,0.0,3.034978356063381,0.9225227980956547,-15.099078731644038,-15.099078731644038,0.3384109711614025,0.0,0.0067295221743629155,0.0067295221743629155,2.6866779102094176e-06,2.830457007076719e-06,success,0.999845385367683,0.007707915494730889,0.5,9.660840096703158e-15,0.02,"[0.01, 0.02]",-3.694587770613196e-16
0.009567076857155854,-1.3552527156068805e-20,3.1429399962251323e-06,arith,3.006874850131497e-08,True,0.9,2.4,7.808152798733653e-09,True,False,362,1.8,146,0.00031429399962251323,0.00031429399962251323,0.0,3.285162273860399,0.9985695901340682,-0.00010951616582625685,-0.00010951616582625685,0.37922181650167774,0.0,0.15045048679979173,0.37922181650167774,0.009567076857155854,0.009571364185539267,success,0.9998244369541621,0.9998244369541621,0.5,2.1182540160900406e-15,0.01,"[0.01, 0.02]",1.4165797305090078e-16
0.009553939437903404,-2.710505431213761e-20,1.2494203587055872e-05,arith,1.1936886439556727e-07,True,0.9,2.4,7.808152798733653e-09,True,False,362,1.8,146,0.0006247101793527936,0.0006247101793527936,0.0,3.2693852803503076,0.9937739591637884,-0.00010951616582625685,-0.00010951616582625685,0.37922181650167774,0.0,0.15045048679979173,0.37922181650167774,0.009553939437903404,0.009571364185539267,success,0.9998244369541621,0.9998244369541621,0.5,2.1182540160900406e-15,0.02,"[0.01, 0.02]",1.418527639216738e-16
2.6976385020919373e-06,2.3161057151484775e-23,8.522391577924234e-10,typ,2.299033165051247e-15,True,0.9,2.4,5.432930166946598e-09,True,False,363,1.8,81,8.522391577924234e-08,8.522391577924234e-08,0.0,3.15920445653314,0.9602830047122586,-15.385458372878599,-15.385458372878599,0.737264805518539,0.0,0.007108907463543171,0.007108907463543171,2.6976385020919373e-06,3.158600977334271e-06,success,0.9999607986502264,0.007670541785890143,0.5,1.0207441177004843e-14,0.01,"[0.01, 0.02]",-8.585678597604561e-16
2.642162154781213e-06,2.6469779601696886e-23,3.3112417752585498e-09,typ,8.748837703918698e-15,True,0.9,2.4,5.432930166946598e-09,True,False,363,1.8,81,1.6556208876292748e-07,1.6556208876292748e-07,0.0,3.1330796344828618,0.9523420110345197,-15.385458372878599,-15.385458372878599,0.737264805518539,0.0,0.007108907463543171,0.007108907463543171,2.642162154781213e-06,3.158600977334271e-06,success,0.9999607986502264,0.007670541785890143,0.5,1.0207441177004843e-14,0.02,"[0.01, 0.02]",-5.009113379698821e-16
7.2225178069593605e-09,0.0,2.394685011044994e-12,arith,1.729565513433114e-20,True,1.0,0.0,9.580239317096312e-09,True,False,364,2.0,571,2.3946850110449936e-10,2.3946850110449936e-10,0.0,3.315582010386407,1.0078160812667778,-6.332867825265443e-05,-6.332867825265443e-05,0.00033953013319894276,0.0,0.00033953013319894276,0.00033953013319894276,7.2225178069593605e-09,7.205044800891337e-09,success,0.9998294249742856,0.9998294249742856,0.5,3.0770404199542377e-15,0.01,"[0.01, 0.02]",-0.0
7.276191852004295e-09,-2.5849394142282115e-26,9.8870115459691e-12,arith,7.193979285145275e-20,True,1.0,0.0,9.580239317096312e-09,True,False,364,2.0,571,4.94350577298455e-10,4.94350577298455e-10,0.0,3.3970419372757568,1.0325769299023195,-6.332867825265443e-05,-6.332867825265443e-05,0.00033953013319894276,0.0,0.00033953013319894276,0.00033953013319894276,7.276191852004295e-09,7.205044800891337e-09,success,0.9998294249742856,0.9998294249742856,0.5,3.0770404199542377e-15,0.02,"[0.01, 0.02]",1.7762996542732484e-16
7.222518259437314e-09,6.462348535570529e-27,2.3946856455233447e-12,typ,1.729566080040479e-20,True,1.0,0.0,9.25866493060575e-09,True,False,365,2.0,365,2.3946856455233447e-10,2.3946856455233447e-10,0.0,3.3155826811435545,1.007816285152502,-6.785635610015439e-05,-6.785635610015439e-05,0.00033953013319894276,0.0,0.00033953013319894276,0.00033953013319894276,7.222518259437314e-09,7.205044800891337e-09,success,0.9998177251172672,0.9998177251172672,0.5,4.332211314642152e-15,0.01,"[0.01, 0.02]",-8.947500447127969e-17
7.27619372861303e-09,0.0,9.887022603121999e-12,typ,7.193989185949156e-20,True,1.0,0.0,9.25866493060575e-09,True,False,365,2.0,365,4.943511301561e-10,4.943511301561e-10,0.0,3.3970448602275733,1.032577818373133,-6.785635610015439e-05,-6.785635610015439e-05,0.00033953013319894276,0.0,0.00033953013319894276,0.00033953013319894276,7.27619372861303e-09,7.205044800891337e-09,success,0.9998177251172672,0.9998177251172672,0.5,4.332211314642152e-15,0.02,"[0.01, 0.02]",-0.0
7.379561689252947e-09,-1.2924697071141057e-26,2.4472514662234773e-12,arith,1.8059643164110876e-20,True,1.0,0.2,9.35629620498955e-09,True,False,366,2.0,502,2.447251466223477e-10,2.447251466223477e-10,0.0,3.316255855395145,1.0080209055884082,-6.371861766077901e-05,-6.371861766077901e-05,0.00034319082470784954,0.0,0.00034317703128880793,0.00034319082470784954,7.379561689252947e-09,7.361246741708407e-09,success,0.9998293630865531,0.9998293630865531,0.5,2.7087115138142382e-15,0.01,"[0.01, 0.02]",1.7514179859711234e-16
7.43586761134446e-09,1.2924697071141057e-26,1.0112862754099888e-11,arith,7.519790861118309e-20,True,1.0,0.2,9.35629620498955e-09,True,False,366,2.0,502,5.056431377049944e-10,5.056431377049944e-10,0.0,3.4000278389408436,1.0334845351751583,-6.371861766077901e-05,-6.371861766077901e-05,0.00034319082470784954,0.0,0.00034317703128880793,0.00034319082470784954,7.43586761134446e-09,7.361246741708407e-09,success,0.9998293630865531,0.9998293630865531,0.5,2.7087115138142382e-15,0.02,"[0.01, 0.02]",-8.690779440063334e-17
7.378417215863765e-09,-1.2924697071141057e-26,2.446323611724499e-12,typ,1.8049996252322067e-20,True,1.0,0.2,7.213064537958395e-09,True,False,367,2.0,356,2.4463236117244986e-10,2.4463236117244986e-10,0.0,3.31551271791035,1.007795018879703,-0.0001875248658307694,-0.0001875248658307694,0.00034318989523816136,0.0,0.00034317610185647567,0.00034317610185647567,7.378417215863765e-09,7.36061516175675e-09,success,0.9998183217927745,0.9482993365574159,0.5,5.072841220585756e-15,0.01,"[0.01, 0.02]",1.75168965009903e-16
7.4331021376207936e-09,-3.877409121342317e-26,1.009936998650482e-11,typ,7.506964863531227e-20,True,1.0,0.2,7.213064537958395e-09,True,False,367,2.0,356,5.049684993252411e-10,5.049684993252411e-10,0.0,3.3967547463761387,1.0324896343366776,-0.0001875248658307694,-0.0001875248658307694,0.00034318989523816136,0.0,0.00034317610185647567,0.00034317610185647567,7.4331021376207936e-09,7.36061516175675e-09,success,0.9998183217927745,0.9482993365574159,0.5,5.072841220585756e-15,0.02,"[0.01, 0.02]",2.608203849182818e-16
7.882740033889955e-09,1.2924697071141057e-26,2.615831483754351e-12,arith,2.0619919558900185e-20,True,1.0,0.4,9.075619886603468e-09,True,False,368,2.0,403,2.615831483754351e-10,2.615831483754351e-10,0.0,3.3184292168817056,1.0086815282633113,-6.489290743981143e-05,-6.489290743981143e-05,0.00035466234859335226,0.0,0.00035443091074810164,0.00035466234859335226,7.882740033889955e-09,7.861586750950481e-09,success,0.9998292518982599,0.9998292518982599,0.5,3.018296070385477e-15,0.01,"[0.01, 0.02]",-1.6396198549710397e-16
7.94794376006402e-09,1.2924697071141057e-26,1.0840331306301202e-11,arith,8.615834356294327e-20,True,1.0,0.4,9.075619886603468e-09,True,False,368,2.0,403,5.420165653150601e-10,5.420165653150601e-10,0.0,3.409791146475691,1.0364522248022427,-6.489290743981143e-05,-6.489290743981143e-05,0.00035466234859335226,0.0,0.00035443091074810164,0.00035466234859335226,7.94794376006402e-09,7.861586750950481e-09,success,0.9998292518982599,0.9998292518982599,0.5,3.018296070385477e-15,0.02,"[0.01, 0.02]",-8.130843310746421e-17
7.869468223540114e-09,0.0,2.6089889806522907e-12,typ,2.0531355878809514e-20,True,1.0,0.4,8.974220976389963e-09,True,False,369,2.0,307,2.6089889806522905e-10,2.6089889806522905e-10,0.0,3.3153307269835133,1.0077397002713453,-0.0006947273884764639,-0.0006947273884764639,0.00035464623254916554,0.0,0.00035441480522045634,0.00035441480522045634,7.869468223540114e-09,7.850616290422781e-09,success,0.9998201043295989,0.7942301759279147,0.5,3.108606467220233e-15,0.01,"[0.01, 0.02]",-0.0
7.927379446453584e-09,0.0,1.0768565963894227e-11,typ,8.536650848995472e-20,True,1.0,0.4,8.974220976389963e-09,True,False,369,2.0,307,5.384282981947113e-10,5.384282981947113e-10,0.0,3.3960043279849828,1.032261534497821,-0.0006947273884764639,-0.0006947273884764639,0.00035464623254916554,0.0,0.00035441480522045634,0.00035441480522045634,7.927379446453584e-09,7.850616290422781e-09,success,0.9998201043295989,0.7942301759279147,0.5,3.108606467220233e-15,0.02,"[0.01, 0.02]",-0.0
8.843742512959053e-09,1.2924697071141057e-26,2.9384556601983945e-12,arith,2.5986945244541704e-20,True,1.0,0.6,9.01932696268306e-09,True,False,370,2.0,332,2.938455660198394e-10,2.938455660198394e-10,0.0,3.3226381884056093,1.0099609021934677,-6.68651035709187e-05,-6.68651035709187e-05,0.00037558630803139213,0.0,0.00037431359279083875,0.00037558630803139213,8.843742512959053e-09,8.816567685171165e-09,success,0.999828984488889,0.999828984488889,0.5,2.8381560375085188e-15,0.01,"[0.01, 0.02]",-1.4614510827516784e-16
8.927955818620803e-09,0.0,1.2249525382359912e-11,arith,1.093632214127834e-19,True,1.0,0.6,9.01932696268306e-09,True,False,370,2.0,332,6.124762691179956e-10,6.124762691179956e-10,0.0,3.4301036069229305,1.0426264724078502,-6.68651035709187e-05,-6.68651035709187e-05,0.00037558630803139213,0.0,0.00037431359279083875,0.00037558630803139213,8.927955818620803e-09,8.816567685171165e-09,success,0.999828984488889,0.999828984488889,0.5,2.8381560375085188e-15,0.02,"[0.01, 0.02]",-0.0
8.773392000843097e-09,1.2924697071141057e-26,2.9084925922912447e-12,typ,2.551734564371941e-20,True,1.0,0.6,7.605347779317326e-09,True,False,371,2.0,201,2.908492592291245e-10,2.908492592291245e-10,0.0,3.3151289626768614,1.007678371276245,-0.002653667002412303,-0.002653667002412303,0.00037549247385729005,0.0,0.00037422007658030696,0.00037422007658030696,8.773392000843097e-09,8.752542111215279e-09,success,0.9998230237168079,0.5412742956211474,0.5,2.3609083535589758e-15,0.01,"[0.01, 0.02]",-1.4731699062231612e-16
8.837448154191364e-09,0.0,1.2001936138269127e-11,typ,1.0606648837186911e-19,True,1.0,0.6,7.605347779317326e-09,True,False,371,2.0,201,6.000968069134563e-10,6.000968069134563e-10,0.0,3.3951928002476968,1.0320148596451197,-0.002653667002412303,-0.002653667002412303,0.00037549247385729005,0.0,0.00037422007658030696,0.00037422007658030696,8.837448154191364e-09,8.752542111215279e-09,success,0.9998230237168079,0.5412742956211474,0.5,2.3609083535589758e-15,0.02,"[0.01, 0.02]",-0.0
1.0515127687382582e-08,-1.2924697071141057e-26,3.5016726993294674e-12,arith,3.682053555287098e-20,True,1.0,0.8,8.834122697109824e-09,True,False,372,2.0,282,3.5016726993294675e-10,3.5016726993294675e-10,0.0,3.330128557098959,1.012237701259251,-6.965827903924852e-05,-6.965827903924852e-05,0.00040940101216025614,0.0,0.00040484780044497507,0.00040940101216025614,1.0515127687382582e-08,1.0475575019321269e-08,success,0.9998286413930335,0.9998286413930335,0.5,3.272700297624626e-15,0.01,"[0.01, 0.02]",1.229152650866027e-16
1.0639296314665322e-08,-2.5849394142282115e-26,1.4852339626364313e-11,arith,1.5801844225093555e-19,True,1.0,0.8,8.834122697109824e-09,True,False,372,2.0,282,7.426169813182157e-10,7.426169813182157e-10,0.0,3.489972265809461,1.0608243625522382,-6.965827903924852e-05,-6.965827903924852e-05,0.00040940101216025614,0.0,0.00040484780044497507,0.00040940101216025614,1.0639296314665322e-08,1.0475575019321269e-08,success,0.9998286413930335,0.9998286413930335,0.5,3.272700297624626e-15,0.02,"[0.01, 0.02]",1.214807510655147e-16
1.0250009266318268e-08,-1.2924697071141057e-26,3.398103901176917e-12,typ,3.4830596474975657e-20,True,1.0,0.8,8.178386693878966e-09,True,False,373,2.0,207,3.398103901176917e-10,3.398103901176917e-10,0.0,3.3152203211592726,1.007706140924966,-0.01894188592960257,-0.01894188592960257,0.0004090353273464341,0.0,0.00040448618259371057,0.00040448618259371057,1.0250009266318268e-08,1.0225567682232261e-08,success,0.9998279520986533,0.23157054121033177,0.5,3.799660607566089e-15,0.01,"[0.01, 0.02]",1.2609449157877218e-16
1.0325144026582453e-08,7.754818242684634e-26,1.4024455319825237e-11,typ,1.4480452107156604e-19,True,1.0,0.8,8.178386693878966e-09,True,False,373,2.0,207,7.012227659912618e-10,7.012227659912618e-10,0.0,3.3957045256992964,1.0321704055304877,-0.01894188592960257,-0.01894188592960257,0.0004090353273464341,0.0,0.00040448618259371057,0.00040448618259371057,1.0325144026582453e-08,1.0225567682232261e-08,success,0.9998279520986533,0.23157054121033177,0.5,3.799660607566089e-15,0.02,"[0.01, 0.02]",-3.7553075398849535e-16
1.346521299846432e-08,1.2924697071141057e-26,4.502544802255156e-12,arith,6.062772479749409e-20,True,1.0,1.0,8.420134215765798e-09,True,False,374,2.0,248,4.502544802255156e-10,4.502544802255156e-10,0.0,3.3438348155121362,1.0164039042364434,-7.330577441353554e-05,-7.330577441353554e-05,0.0004629950404252338,0.0,0.0004497462205347761,0.0004629950404252338,1.346521299846432e-08,1.3397776647099545e-08,success,0.9998281930099941,0.9998281930099941,0.5,4.508146119347482e-15,0.01,"[0.01, 0.02]",-9.598583455467873e-17
1.369918665687979e-08,7.754818242684634e-26,2.2695005808714253e-11,arith,3.1090312075254763e-19,True,1.0,1.0,8.420134215765798e-09,True,False,374,2.0,248,1.1347502904357127e-09,1.1347502904357127e-09,0.0,4.14167030079058,1.2589168113972562,-7.330577441353554e-05,-7.330577441353554e-05,0.0004629950404252338,0.0,0.0004497462205347761,0.0004629950404252338,1.369918665687979e-08,1.3397776647099545e-08,success,0.9998281930099941,0.9998281930099941,0.5,4.508146119347482e-15,0.02,"[0.01, 0.02]",-2.8303936711418305e-16
1.2608043945174635e-08,1.550963648536927e-25,4.181487815679769e-12,typ,5.272038213630282e-20,True,1.0,1.0,8.014643793365044e-09,True,False,375,2.0,194,4.181487815679769e-10,4.181487815679769e-10,0.0,3.3165238270605113,1.0081023592073608,-0.7228951760578266,-0.7228951760578266,0.0004617937362743153,0.0,0.0004485792917485424,0.0004485792917485424,1.2608043945174635e-08,1.257646235219466e-08,success,0.9998293998670192,0.03771720189167056,0.5,1.2270211393245838e-14,0.01,"[0.01, 0.02]",-1.2301382000897239e-15
1.2705353901473601e-08,2.0679515313825692e-25,1.7287776093894093e-11,typ,2.196473134423594e-19,True,1.0,1.0,8.014643793365044e-09,True,False,375,2.0,194,8.643888046947047e-10,8.643888046947047e-10,0.0,3.4016714976922073,1.033984147525735,-0.7228951760578266,-0.7228951760578266,0.0004617937362743153,0.0,0.0004485792917485424,0.0004485792917485424,1.2705353901473601e-08,1.257646235219466e-08,success,0.9998293998670192,0.03771720189167056,0.5,1.2270211393245838e-14,0.02,"[0.01, 0.02]",-8.138110702853868e-16
1.91310957819016e-08,5.169878828456423e-26,6.450586795723633e-12,arith,1.2340679383845856e-19,True,1.0,1.2,8.677351112488177e-09,True,False,376,2.0,223,6.450586795723633e-10,6.450586795723633e-10,0.0,3.3717811406422507,1.0248985684583538,-7.785231400884605e-05,-7.785231400884605e-05,0.000551183898761719,0.0,0.0005160780776736556,0.000551183898761719,1.91310957819016e-08,1.8987733012943115e-08,success,0.9998276307110701,0.9998276307110701,0.5,3.995565629481081e-15,0.01,"[0.01, 0.02]",-2.702343288327076e-16
2.0623589773031267e-08,-3.618915179919496e-25,1.4359286352414325e-10,arith,2.961400311656795e-18,True,1.0,1.2,8.677351112488177e-09,True,False,376,2.0,223,7.179643176207162e-09,7.179643176207162e-09,0.0,17.406385734058105,5.290906816529609,-7.785231400884605e-05,-7.785231400884605e-05,0.000551183898761719,0.0,0.0005160780776736556,0.000551183898761719,2.0623589773031267e-08,1.8987733012943115e-08,success,0.9998276307110701,0.9998276307110701,0.5,3.995565629481081e-15,0.02,"[0.01, 0.02]",8.773727609370465e-16
1.6465269268610167e-08,-2.5849394142282115e-26,5.466297916205893e-12,typ,9.000406709277269e-20,True,1.0,1.2,6.2395960708586845e-09,True,False,377,2.0,77,5.466297916205893e-10,5.466297916205893e-10,0.0,3.3198958529193265,1.009127332161224,-4.381694069890108,-4.381694069890108,0.0005474106182068198,0.0,0.0005125451192645763,0.0005125451192645763,1.6465269268610167e-08,1.641890797875075e-08,success,0.9998311552895516,0.014798037427221362,0.5,1.7754401018483648e-14,0.01,"[0.01, 0.02]",1.569934491843513e-16
1.660892096345187e-08,-5.169878828456423e-26,2.27029807398644e-11,typ,3.770720127431779e-19,True,1.0,1.2,6.2395960708586845e-09,True,False,377,2.0,77,1.13514903699322e-09,1.13514903699322e-09,0.0,3.417287129883781,1.0387307305366558,-4.381694069890108,-4.381694069890108,0.0005474106182068198,0.0,0.0005125451192645763,0.0005125451192645763,1.660892096345187e-08,1.641890797875075e-08,success,0.9998311552895516,0.014798037427221362,0.5,1.7754401018483648e-14,0.02,"[0.01, 0.02]",1.556356020909728e-16
3.205616220249073e-08,-7.754818242684634e-26,1.1083063611323453e-11,arith,3.5528048482510727e-19,True,1.0,1.4,8.364678942673926e-09,True,False,378,2.0,206,1.1083063611323453e-09,1.1083063611323453e-09,0.0,3.457389422138097,1.0509203656905906,-8.33555610497993e-05,-8.33555610497993e-05,0.0007113022990282042,0.0,0.0006190266638563581,0.0007113022990282042,3.205616220249073e-08,3.162194161679564e-08,success,0.9998269532547708,0.9998269532547708,0.5,4.1117239565171765e-15,0.01,"[0.01, 0.02]",2.4191349524935004e-16
9.54186902481972e-08,1.4889251025954498e-23,3.920544092494459e-09,arith,3.7409318236612813e-16,True,1.0,1.4,8.364678942673926e-09,True,False,378,2.0,206,1.9602720462472294e-07,1.9602720462472294e-07,0.0,102.719500820452,31.222984218834846,-8.33555610497993e-05,-8.33555610497993e-05,0.0007113022990282042,0.0,0.0006190266638563581,0.0007113022990282042,9.54186902481972e-08,3.162194161679564e-08,success,0.9998269532547708,0.9998269532547708,0.5,4.1117239565171765e-15,0.02,"[0.01, 0.02]",-7.802062146957529e-15
2.3183911522903878e-08,5.169878828456423e-26,7.711927235662098e-12,typ,1.7879263870266278e-19,True,1.0,1.4,4.2842181924398345e-09,True,False,379,2.0,53,7.711927235662098e-10,7.711927235662098e-10,0.0,3.326413331090969,1.0111084079693657,-8.934130177524263,-8.934130177524263,0.0006986442276101729,0.0,0.0006080106557010501,0.0006080106557010501,2.3183911522903878e-08,2.3104813352656798e-08,success,0.9998573166547109,0.010108057100089118,0.5,1.8801282106716768e-14,0.01,"[0.01, 0.02]",-2.2299424423480007e-16
2.3431967285301628e-08,-5.169878828456423e-26,3.2329576554035784e-11,typ,7.575455801618211e-19,True,1.0,1.4,4.2842181924398345e-09,True,False,379,2.0,53,1.6164788277017892e-09,1.6164788277017892e-09,0.0,3.449302416694162,1.048462210799486,-8.934130177524263,-8.934130177524263,0.0006986442276101729,0.0,0.0006080106557010501,0.0006080106557010501,2.3431967285301628e-08,2.3104813352656798e-08,success,0.9998573166547109,0.010108057100089118,0.5,1.8801282106716768e-14,0.02,"[0.01, 0.02]",1.1031678999695806e-16
7.821096896902913e-08,-5.169878828456423e-25,1.1255814242977444e-10,arith,8.80328138478665e-18,True,1.0,1.6,8.044963608997843e-09,True,False,380,2.0,192,1.1255814242977445e-08,1.1255814242977445e-08,0.0,14.391605667786381,4.374523562321679,-8.988821915257498e-05,-8.988821915257498e-05,0.0010699314483511206,0.0,0.0008007069851644406,0.0010699314483511206,7.821096896902913e-08,7.154711519165819e-08,success,0.9998261874019632,0.9998261874019632,0.5,5.9883152098002315e-15,0.01,"[0.01, 0.02]",6.610171049669069e-16
4.044054148156966e-06,-3.705769144237564e-22,1.0716866000921724e-07,arith,4.3339586406269855e-13,True,1.0,1.6,8.044963608997843e-09,True,False,380,2.0,192,5.358433000460862e-06,5.358433000460862e-06,0.0,66.25075733596333,20.13781545144329,-8.988821915257498e-05,-8.988821915257498e-05,0.0010699314483511206,0.0,0.0008007069851644406,0.0010699314483511206,4.044054148156966e-06,7.154711519165819e-08,success,0.9998261874019632,0.9998261874019632,0.5,5.9883152098002315e-15,0.02,"[0.01, 0.02]",4.5817501552574754e-15
3.631972822840494e-08,-5.169878828456423e-26,1.2134755451871076e-11,typ,4.407310201301126e-19,True,1.0,1.6,2.8735283969179226e-09,True,False,381,2.0,50,1.2134755451871076e-09,1.2134755451871076e-09,0.0,3.341092030083178,1.0155701974380265,-13.462392056835867,-13.462392056835867,0.0010162138189188405,0.0,0.0007605056960696082,0.0007605056960696082,3.631972822840494e-08,3.61480657069685e-08,success,0.999855737547006,0.008086025122756163,0.5,1.622040822473662e-14,0.01,"[0.01, 0.02]",1.4234354387082565e-16
3.6878036519689474e-08,-2.0679515313825692e-25,5.213849205867768e-11,typ,1.922765214221455e-18,True,1.0,1.6,2.8735283969179226e-09,True,False,381,2.0,50,2.606924602933884e-09,2.606924602933884e-09,0.0,3.5345219661329126,1.0743658476552889,-13.462392056835867,-13.462392056835867,0.0010162138189188405,0.0,0.0007605056960696082,0.0007605056960696082,3.6878036519689474e-08,3.61480657069685e-08,success,0.999855737547006,0.008086025122756163,0.5,1.622040822473662e-14,0.02,"[0.01, 0.02]",2.8037711962762354e-16
1.576801982186004e-05,-1.4823076576950256e-21,6.151362136043005e-08,arith,9.699480009256543e-13,True,1.0,1.8,8.525254314116423e-09,True,False,382,2.0,183,6.151362136043005e-06,6.151362136043005e-06,0.0,39.01163370885065,11.858114709606214,-9.75408338235405e-05,-9.75408338235405e-05,0.002496257551453051,0.0,0.0012894135479535138,0.002496257551453051,1.576801982186004e-05,3.8945735818944966e-07,success,0.9998252713841114,0.9998252713841114,0.5,4.179142524670435e-15,0.01,"[0.01, 0.02]",9.400721678698197e-15
0.00022259703098369385,-5.082197683525802e-21,1.5548653675650417e-06,arith,3.461084143993481e-10,True,1.0,1.8,8.525254314116423e-09,True,False,382,2.0,183,7.774326837825208e-05,7.774326837825208e-05,0.0,17.462781968540067,5.308049216221659,-9.75408338235405e-05,-9.75408338235405e-05,0.002496257551453051,0.0,0.0012894135479535138,0.002496257551453051,0.00022259703098369385,3.8945735818944966e-07,success,0.9998252713841114,0.9998252713841114,0.5,4.179142524670435e-15,0.02,"[0.01, 0.02]",1.141569063402758e-15
6.854205081362544e-08,-4.1359030627651384e-25,2.3279626676065468e-11,typ,1.5956333545531096e-18,True,1.0,1.8,2.178190782849222e-09,True,False,383,2.0,50,2.3279626676065467e-09,2.3279626676065467e-09,0.0,3.3964006620353007,1.0323820056031088,-17.477826144940888,-17.477826144940888,0.0020181109623738725,0.0,0.0010424119272790587,0.0010424119272790587,6.854205081362544e-08,6.791394448055095e-08,success,0.9998829749774574,0.007009551865712004,0.5,1.5183681405328286e-14,0.01,"[0.01, 0.02]",6.034110467472275e-16
7.09019181280518e-08,-4.1359030627651384e-25,1.0897829383598095e-10,typ,7.726770067293493e-18,True,1.0,1.8,2.178190782849222e-09,True,False,383,2.0,50,5.4489146917990475e-09,5.4489146917990475e-09,0.0,3.842572130388689,1.1680018694461243,-17.477826144940888,-17.477826144940888,0.0020181109623738725,0.0,0.0010424119272790587,0.0010424119272790587,7.09019181280518e-08,6.791394448055095e-08,success,0.9998829749774574,0.007009551865712004,0.5,1.5183681405328286e-14,0.02,"[0.01, 0.02]",2.916636934487108e-16
0.003882488704405552,3.3881317890172014e-21,1.277280655559113e-06,arith,4.959027717563975e-09,True,1.0,2.0,8.342009084403798e-09,True,False,384,2.0,163,0.00012772806555591128,0.00012772806555591128,0.0,3.289850281109002,0.9999945734641251,-0.00010642551316895617,-0.00010642551316895617,0.24607627585082079,0.0,0.05992438270260734,0.24607627585082079,0.003882488704405552,0.003882495284171693,success,0.999824241278411,0.999824241278411,0.5,5.238349964630669e-15,0.01,"[0.01, 0.02]",-8.726700956457666e-17
0.0038824689350675365,0.0,5.1090130950901e-06,arith,1.983558463054056e-08,True,1.0,2.0,8.342009084403798e-09,True,False,384,2.0,163,0.000255450654754505,0.000255450654754505,0.0,3.289796506125314,0.9999782278291324,-0.00010642551316895617,-0.00010642551316895617,0.24607627585082079,0.0,0.05992438270260734,0.24607627585082079,0.0038824689350675365,0.003882495284171693,success,0.999824241278411,0.999824241278411,0.5,5.238349964630669e-15,0.02,"[0.01, 0.02]",-0.0
2.3676204600480423e-07,-8.271806125530277e-25,7.789712060873571e-11,typ,1.8443081653207267e-17,True,1.0,2.0,2.3330340351363657e-09,True,False,385,2.0,50,7.789712060873571e-09,7.789712060873571e-09,0.0,3.290101683238329,1.000070990548066,-20.466445315876243,-20.466445315876243,0.25780831364893647,0.0,0.001946374158489084,0.001946374158489084,2.3676204600480423e-07,2.3677364167695918e-07,success,0.9997349613217177,0.006439522070860831,0.5,1.888804658263432e-14,0.01,"[0.01, 0.02]",3.493721339678924e-16
2.3677578081921567e-07,-4.1359030627651384e-25,3.116435220168804e-10,typ,7.378963826279729e-17,True,1.0,2.0,2.3330340351363657e-09,True,False,385,2.0,50,1.558217610084402e-08,1.558217610084402e-08,0.0,3.29049196816743,1.000189622940989,-20.466445315876243,-20.466445315876243,0.25780831364893647,0.0,0.001946374158489084,0.001946374158489084,2.3677578081921567e-07,2.3677364167695918e-07,success,0.9997349613217177,0.006439522070860831,0.5,1.888804658263432e-14,0.02,"[0.01, 0.02]",8.733796692498304e-17
0.008510169075599917,6.776263578034403e-21,2.7531126237355555e-06,arith,2.3429453912158074e-08,True,1.0,2.2,8.090694327852076e-09,True,False,386,2.0,154,0.00027531126237355553,0.00027531126237355553,0.0,3.235085694864972,0.9833481353643412,-0.00011668088193392289,-0.00011668088193392289,0.35968411835298225,0.0,0.1056656742079887,0.35968411835298225,0.008510169075599917,0.008553282313113999,success,0.9998230603509967,0.9998230603509967,0.5,2.3577101362960245e-15,0.01,"[0.01, 0.02]",-7.962548708301329e-17
0.008374391947902472,1.3552527156068805e-20,1.0245407535365397e-05,arith,8.579905836714329e-08,True,1.0,2.2,8.090694327852076e-09,True,False,386,2.0,154,0.0005122703767682698,0.0005122703767682698,0.0,3.0585526683915107,0.9296885297815755,-0.00011668088193392289,-0.00011668088193392289,0.35968411835298225,0.0,0.1056656742079887,0.35968411835298225,0.008374391947902472,0.008553282313113999,success,0.9998230603509967,0.9998230603509967,0.5,2.3577101362960245e-15,0.02,"[0.01, 0.02]",-8.091648468557347e-17
7.836474724491963e-07,4.1359030627651384e-24,2.493018746670984e-10,typ,1.95364783959718e-16,True,1.0,2.2,4.105756004093518e-09,True,False,387,2.0,60,2.493018746670984e-08,2.493018746670984e-08,0.0,3.181301330404796,0.9669996489586734,-21.76017268355252,-21.76017268355252,1.047770615926414,0.0,0.0037170682554020684,0.0037170682554020684,7.836474724491963e-07,8.635421825604959e-07,success,0.9998259151390232,0.006261030429662114,0.5,1.0911762631386894e-14,0.01,"[0.01, 0.02]",-5.277759717438849e-16
7.598156024433156e-07,6.617444900424222e-24,8.756727778431105e-10,typ,6.653498392400747e-16,True,1.0,2.2,4.105756004093518e-09,True,False,387,2.0,60,4.3783638892155525e-08,4.3783638892155525e-08,0.0,2.881201619930008,0.8757802753305883,-21.76017268355252,-21.76017268355252,1.047770615926414,0.0,0.0037170682554020684,0.0037170682554020684,7.598156024433156e-07,8.635421825604959e-07,success,0.9998259151390232,0.006261030429662114,0.5,1.0911762631386894e-14,0.02,"[0.01, 0.02]",-4.354638730202899e-16
0.008861299500398712,-1.3552527156068805e-20,2.903500981174276e-06,arith,2.5728791793886783e-08,True,1.0,2.4,7.63387223947906e-09,True,False,388,2.0,147,0.0002903500981174276,0.0002903500981174276,0.0,3.276608561807028,0.9959695734447184,-0.00012847872379102886,-0.00012847872379102886,0.36594470439721427,0.0,0.11998271444956418,0.36594470439721427,0.008861299500398712,0.008872149085789286,success,0.9998217229360477,0.9998217229360477,0.5,2.3707358772756238e-15,0.01,"[0.01, 0.02]",1.5294062857777252e-16
0.008826478939863533,-1.3552527156068805e-20,1.1400737417506597e-05,arith,1.0062836871453614e-07,True,1.0,2.4,7.63387223947906e-09,True,False,388,2.0,147,0.0005700368708753299,0.0005700368708753299,0.0,3.229129502030757,0.9815376698404471,-0.00012847872379102886,-0.00012847872379102886,0.36594470439721427,0.0,0.11998271444956418,0.36594470439721427,0.008826478939863533,0.008872149085789286,success,0.9998217229360477,0.9998217229360477,0.5,2.3707358772756238e-15,0.02,"[0.01, 0.02]",7.677199055481088e-17
1.1354043497482661e-06,4.963083675318166e-24,3.6935349367174344e-10,typ,4.193655633096162e-16,True,1.0,2.4,4.386951595403816e-09,True,False,389,2.0,65,3.6935349367174345e-08,3.6935349367174345e-08,0.0,3.253056884568338,0.9888107220009593,-22.020549414409977,-22.020549414409977,0.12264899653574941,0.0,0.004160358945398243,0.004160358945398243,1.1354043497482661e-06,1.0817943598532514e-06,success,0.9998721557404346,0.006266218355118494,0.5,1.0711980702424961e-14,0.01,"[0.01, 0.02]",-4.371203683003809e-16
1.1210195011009638e-06,9.926167350636332e-24,1.3877951903118326e-09,typ,1.5557454718736877e-15,True,1.0,2.4,4.386951595403816e-09,True,False,389,2.0,65,6.938975951559163e-08,6.938975951559163e-08,0.0,3.0949398938842405,0.9407489200507275,-22.020549414409977,-22.020549414409977,0.12264899653574941,0.0,0.004160358945398243,0.004160358945398243,1.1210195011009638e-06,1.0817943598532514e-06,success,0.9998721557404346,0.006266218355118494,0.5,1.0711980702424961e-14,0.02,"[0.01, 0.02]",-4.427294681710599e-16
