K0_thermo,K1_thermo,K2_thermo,L11,L12,L22,branch,c_v_electronic,cauchy_schwarz_determinant,cauchy_schwarz_ok,charge_diffusivity_proxy,chemical_potential,disorder_full_width,dmu_dT_fixed_density,electronic_energy_density,final_residual,half_filling,ill_conditioned,index,interaction,iterations,kappa_e,kappa_e_over_T,kappa_from_variance,kappa_half_filling_formula,kappa_half_relative_difference,lorenz,lorenz_over_L0,max_imag_sigma_global,max_imag_sigma_relevant,particle_density_thermo,rho_arith_zero,rho_floor_count_final,rho_typ_zero,rho_zero,scalar_diffusivities_decoupled,sigma,sigma_T0,status,sum_rule_arith_bath,sum_rule_medium,target_filling,tau_symmetry_relative_error,temperature,temperatures,thermal_diffusivity_proxy,thermodynamic_energy_variance,thermodynamic_ill_conditioned,thermodynamic_mean_energy,thermodynamic_moment_determinant,thermodynamic_moment_ok,thermodynamic_status,thermoelectric_coupling,thermopower,transport_energy_variance,transport_mean_energy,variance_identity_relative_error
1.026290475730904,3.431962021724855e-19,8.436927851789643e-05,0.14728378024569774,-2.27271802406854e-19,1.209853604018062e-05,arith,0.016873855703579285,1.7819181234366167e-06,True,0.14351081270709945,0.15,0.4,-6.688090950626194e-17,-0.05820560893719361,9.587591957136591e-10,True,False,0,0.3,855,0.002419707208036124,0.4839414416072248,0.002419707208036124,0.002419707208036124,0.0,3.2857755334627967,0.9987559987004532,-1.1412149963480576e-06,-1.1412149963480576e-06,0.4999599594468511,1.0264415597601202,0.0,1.0260854007681868,1.0264415597601202,True,0.14728378024569774,0.1473411675392405,success,0.9999199188937025,0.9999199188937025,0.5,5.83966354043818e-15,0.005,"[0.005, 0.0075, 0.01, 0.015, 0.02, 0.03, 0.05, 0.08]",0.14339978073433776,8.220799131728304e-05,False,3.344045475313097e-19,8.658738698720506e-05,True,success,-1.7025570906099837e-16,3.08617557245911e-16,8.214438833656991e-05,-1.543087786229555e-18,0.0
1.0261018402173276,-1.4129568351385798e-19,0.00018968457422946717,0.14721226819786523,-2.4204628212281675e-19,2.7166437355847546e-05,arith,0.025291276563928957,3.999232862009534e-06,True,0.14346750237450678,0.15,0.4,1.8360189729826644e-17,-0.05815289846785123,9.587591957136591e-10,True,False,0,0.3,855,0.0036221916474463395,0.4829588863261786,0.003622191647446339,0.0036221916474463395,0.0,3.280697269585186,0.9972123915796702,-1.1412149963480576e-06,-1.1412149963480576e-06,0.49995995944685123,1.0264415597601202,0.0,1.0260854007681868,1.0264415597601202,True,0.14721226819786523,0.1473411675392405,success,0.9999199188937025,0.9999199188937025,0.5,5.83966354043818e-15,0.0075,"[0.005, 0.0075, 0.01, 0.015, 0.02, 0.03, 0.05, 0.08]",0.14321901222702213,0.0001848594036136726,False,-1.3770142297369982e-19,0.00019463569067769654,True,success,-1.2103474791209978e-16,2.1922654960385675e-16,0.0001845392214141667,-1.6441991220289256e-18,1.197288578863431e-16
1.0258381612346221,6.378158092824882e-19,0.0003368541756570684,0.14711256351698293,-2.0540548970916783e-19,4.8159606374903635e-05,arith,0.03368541756570684,7.084883151780907e-06,True,0.1434071855349281,0.15,0.4,-6.21750909046765e-17,-0.05807917195809013,9.587591957136591e-10,True,False,0,0.3,855,0.004815960637490364,0.48159606374903635,0.004815960637490364,0.004815960637490364,0.0,3.2736569347691375,0.9950723864092691,-1.1412149963480576e-06,-1.1412149963480576e-06,0.4999599594468511,1.0264415597601202,0.0,1.0260854007681868,1.0264415597601202,True,0.14711256351698293,0.1473411675392405,success,0.9999199188937025,0.9999199188937025,0.5,5.83966354043818e-15,0.01,"[0.005, 0.0075, 0.01, 0.015, 0.02, 0.03, 0.05, 0.08]",0.14296870828738703,0.00032836970624260646,False,6.21750909046765e-19,0.00034555786816025145,True,success,-7.716950250612218e-17,1.3962470967712794e-16,0.00032736569347691373,-1.3962470967712793e-18,0.0
1.0250874380101531,-5.149960319306146e-19,0.0007556078740218618,0.14683030967948937,-2.202285662861181e-19,0.00010750100609411297,arith,0.05037385826812413,1.578440601565528e-05,True,0.1432368637396521,0.15,0.4,3.34928197559614e-17,-0.05786896012418823,9.587591957136591e-10,True,False,0,0.3,855,0.007166733739607531,0.4777822493071688,0.007166733739607531,0.007166733739607531,0.0,3.253975629078918,0.9890899868447899,-1.1412149963480576e-06,-1.1412149963480576e-06,0.4999599594468512,1.0264415597601202,0.0,1.0260854007681868,1.0264415597601202,True,0.14683030967948937,0.1473411675392405,success,0.9999199188937025,0.9999199188937025,0.5,5.83966354043818e-15,0.015,"[0.005, 0.0075, 0.01, 0.015, 0.02, 0.03, 0.05, 0.08]",0.1422708918078356,0.0007371155337622797,False,-5.023922963394209e-19,0.0007745641397213689,True,success,-5.5431869987355654e-17,9.999232754547167e-17,0.0007321445165427565,-1.4998849131820749e-18,0.0
1.0240429814936851,1.8431436932253575e-18,0.001337623815216062,0.14644150881096224,-2.710505431213761e-19,0.00018905284601534444,arith,0.0668811907608031,2.768518401549355e-05,True,0.14300328351194827,0.15,0.4,-8.999347324938057e-17,-0.05757573543710173,9.587591957136591e-10,True,False,0,0.3,855,0.009452642300767223,0.4726321150383611,0.009452642300767223,0.009452642300767223,0.0,3.2274463632334625,0.9810260569949185,-1.1412149963480576e-06,-1.1412149963480576e-06,0.49995995944685123,1.0264415597601202,0.0,1.0260854007681868,1.0264415597601202,True,0.14644150881096224,0.1473411675392405,success,0.9999199188937025,0.9999199188937025,0.5,5.83966354043818e-15,0.02,"[0.005, 0.0075, 0.01, 0.015, 0.02, 0.03, 0.05, 0.08]",0.14133483858823745,0.0013062184296844484,False,1.7998694649876115e-18,0.0013697842798508142,True,success,-5.151415431455727e-17,9.254566731870696e-17,0.001290978545293385,-1.850913346374139e-18,0.0
1.0210993411968163,1.734723475976807e-18,0.0029741741452161416,0.14536884994110916,0.0,0.00041307974130674646,arith,0.09913913817387139,6.0048926927732613e-05,True,0.14236504135897723,0.15,0.4,-5.662927546120902e-17,-0.056744680579351274,9.587591957136591e-10,True,False,0,0.3,855,0.013769324710224882,0.4589774903408294,0.013769324710224882,0.013769324710224882,0.0,3.1573304083148983,0.9597133623612334,-1.1412149963480576e-06,-1.1412149963480576e-06,0.4999599594468512,1.0264415597601202,0.0,1.0260854007681868,1.0264415597601202,True,0.14536884994110916,0.1473411675392405,success,0.9999199188937025,0.9999199188937025,0.5,5.83966354043818e-15,0.03,"[0.005, 0.0075, 0.01, 0.015, 0.02, 0.03, 0.05, 0.08]",0.13888888852428874,0.002912717720227058,False,1.6988782638362706e-18,0.0030369272602848068,True,success,0.0,-0.0,0.0028415973674834087,0.0,0.0
1.0119972002240112,0.0,0.00796081986375342,0.14224452630740642,4.336808689942018e-19,0.0010559064867926642,arith,0.1592163972750684,0.00015019691803874023,True,0.14055822118472244,0.15,0.4,-0.0,-0.05414937728855441,9.587591957136591e-10,True,False,0,0.3,855,0.021118129735853284,0.42236259471706566,0.021118129735853284,0.021118129735853284,0.0,2.969271336348596,0.9025502590623173,-1.1412149963480576e-06,-1.1412149963480576e-06,0.4999599594468512,1.0264415597601202,0.0,1.0260854007681868,1.0264415597601202,True,0.14224452630740642,0.1473411675392405,success,0.9999199188937025,0.9999199188937025,0.5,5.83966354043818e-15,0.05,"[0.005, 0.0075, 0.01, 0.015, 0.02, 0.03, 0.05, 0.08]",0.13263790725881575,0.007866444553395255,False,0.0,0.008056327413606155,True,success,3.5386674711031044e-17,-6.097680947764115e-17,0.007423178340871491,3.0488404738820574e-18,0.0
0.9905040895417674,-1.3877787807814457e-17,0.01845422512549419,0.13583659499639256,-8.673617379884035e-19,0.0022663181544378924,arith,0.23067781406867735,0.00030784894127735185,True,0.13713885326736414,0.15,0.4,1.7513541784358857e-16,-0.04823030294991221,9.587591957136591e-10,True,False,0,0.3,855,0.028328976930473655,0.35411221163092066,0.028328976930473655,0.028328976930473655,0.0,2.606898469740978,0.7924021157686648,-1.1412149963480576e-06,-1.1412149963480576e-06,0.4999599594468512,1.0264415597601202,0.0,1.0260854007681868,1.0264415597601202,True,0.13583659499639256,0.1473411675392405,success,0.9999199188937025,0.9999199188937025,0.5,5.83966354043818e-15,0.08,"[0.005, 0.0075, 0.01, 0.015, 0.02, 0.03, 0.05, 0.08]",0.12280754889605273,0.01863114480832844,False,-1.4010833427487087e-17,0.01827898545612643,True,success,-4.9434645937739356e-17,7.981664826877454e-17,0.016684150206342258,-6.3853318615019635e-18,0.0
1.0264291016695717,2.636892560551136e-19,8.438530384448616e-05,0.14711625405667755,9.871844848846326e-21,1.2086423794857064e-05,typ,0.016877060768897233,1.7781093936408648e-06,True,0.14332821801075282,0.15,0.4,-5.137992592497645e-17,-0.05535849111020259,7.947524864403632e-10,True,False,1,0.3,593,0.0024172847589714126,0.4834569517942825,0.0024172847589714126,0.0024172847589714126,0.0,3.2862239111120064,0.9988922891628632,-0.00010423629992560742,-0.00010423629992560742,0.49995456159952795,1.02656266878578,0.0,1.0262065090254182,1.0262065090254182,True,0.14711625405667755,0.147167239003811,success,0.9999091231990558,0.9132290617966294,0.5,1.6030904318775482e-15,0.005,"[0.005, 0.0075, 0.01, 0.015, 0.02, 0.03, 0.05, 0.08]",0.143229013160054,8.221250128939884e-05,False,2.5689962962488223e-19,8.661553161920979e-05,True,success,7.403193195496226e-18,-1.3420467931494679e-17,8.215559777780018e-05,6.71023396574734e-20,0.0
1.0262624493225014,9.968518997999047e-20,0.00018973783778579426,0.14705262352620868,-1.3406943368259473e-20,2.7145139488172062e-05,typ,0.025298378371439237,3.991763977720588e-06,True,0.14328949054239207,0.15,0.4,-1.295122770279003e-17,-0.055305768239015264,7.947524864403632e-10,True,False,1,0.3,593,0.0036193519317562753,0.4825802575675034,0.0036193519317562753,0.0036193519317562753,0.0,3.2816841073324663,0.9975123542855223,-0.00010423629992560742,-0.00010423629992560742,0.49995456159952795,1.02656266878578,0.0,1.0262065090254182,1.0262065090254182,True,0.14705262352620868,0.147167239003811,success,0.9999091231990558,0.9132290617966294,0.5,1.6030904318775482e-15,0.0075,"[0.005, 0.0075, 0.01, 0.015, 0.02, 0.03, 0.05, 0.08]",0.14306655859975456,0.00018488237381290897,False,9.713420777092522e-20,0.0001947208181352047,True,success,-6.710383602489357e-18,1.2156141157064543e-17,0.00018459473103745122,-9.117105867798407e-20,0.0
1.0260297049427118,-1.5839516113655416e-19,0.00033699216655670234,0.14696372739809865,0.0,4.813586522389322e-05,typ,0.03369921665567023,7.074226174835861e-06,True,0.14323535341143398,0.15,0.4,1.5437677912590077e-17,-0.05523201628954431,7.947524864403632e-10,True,False,1,0.3,593,0.004813586522389322,0.48135865223893215,0.004813586522389322,0.004813586522389322,0.0,3.27535685683187,0.9955891007557564,-0.00010423629992560742,-0.00010423629992560742,0.499954561599528,1.02656266878578,0.0,1.0262065090254182,1.0262065090254182,True,0.14696372739809865,0.147167239003811,success,0.9999091231990558,0.9132290617966294,0.5,1.6030904318775482e-15,0.01,"[0.005, 0.0075, 0.01, 0.015, 0.02, 0.03, 0.05, 0.08]",0.1428397155807296,0.0003284428949116227,False,-1.5437677912590077e-19,0.0003457639732201785,True,success,0.0,-0.0,0.00032753568568318704,0.0,0.0
1.0253683322446867,-5.421010862427522e-20,0.0007562029904043409,0.14671092126512925,-5.421010862427522e-20,0.00010752849938644445,typ,0.050413532693622726,1.577560520724215e-05,True,0.14308119009678874,0.15,0.4,3.5245941657928314e-18,-0.05502167888401145,7.947524864403632e-10,True,False,1,0.3,593,0.0071685666257629635,0.47790444171753094,0.0071685666257629635,0.0071685666257629635,0.0,3.257456483787488,0.990148039802268,-0.00010423629992560742,-0.00010423629992560742,0.499954561599528,1.02656266878578,0.0,1.0262065090254182,1.0262065090254182,True,0.14671092126512925,0.147167239003811,success,0.9999091231990558,0.9132290617966294,0.5,1.6030904318775482e-15,0.015,"[0.005, 0.0075, 0.01, 0.015, 0.02, 0.03, 0.05, 0.08]",0.14219528453457858,0.0007374939976436544,False,-5.2868912486892465e-20,0.0007753865991093438,True,success,-1.3648573500511199e-17,2.463352564658278e-17,0.0007329277088521847,-3.6950288469874167e-19,0.0
1.0244511827000715,6.505213034913027e-19,0.0013394145413939012,0.14635986175781043,-4.87890977618477e-19,0.00018926160465976215,typ,0.06697072706969506,2.770030229406416e-05,True,0.14286660431399023,0.15,0.4,-3.1749746326456036e-17,-0.05472814309900277,7.947524864403632e-10,True,False,1,0.3,593,0.009463080232988107,0.47315401164940535,0.009463080232988107,0.009463080232988107,0.0,3.2328126438952154,0.9826572107201359,-0.00010423629992560742,-0.00010423629992560742,0.499954561599528,1.02656266878578,0.0,1.0262065090254182,1.0262065090254182,True,0.14635986175781043,0.147167239003811,success,0.9999091231990558,0.9132290617966294,0.5,1.6030904318775482e-15,0.02,"[0.005, 0.0075, 0.01, 0.015, 0.02, 0.03, 0.05, 0.08]",0.14130173953673927,0.001307445941800471,False,6.349949265291207e-19,0.001372164811056656,True,success,-9.270017044435045e-17,1.666751292870912e-16,0.0012931250575580861,-3.333502585741824e-18,0.0
1.0218835278169036,8.673617379884035e-19,0.002983197514166022,0.14537412642128061,2.168404344971009e-19,0.0004140594225930588,typ,0.0994399171388674,6.0193526845965784e-05,True,0.14226095485837803,0.15,0.4,-2.8292909266003076e-17,-0.05389528422346984,7.947524864403632e-10,True,False,1,0.3,593,0.01380198075310196,0.46006602510339867,0.01380198075310196,0.01380198075310196,0.0,3.16470362662865,0.9619545519816415,-0.00010423629992560742,-0.00010423629992560742,0.49995456159952795,1.02656266878578,0.0,1.0262065090254182,1.0262065090254182,True,0.14537412642128061,0.147167239003811,success,0.9999091231990558,0.9132290617966294,0.5,1.6030904318775482e-15,0.03,"[0.005, 0.0075, 0.01, 0.015, 0.02, 0.03, 0.05, 0.08]",0.13879718678594186,0.0029193126544853534,False,8.487872779800923e-19,0.003048480399950592,True,success,2.79489420853662e-17,-4.972008885742561e-17,0.0028482332639657854,1.4916026657227682e-18,0.0
1.014070343992479,-6.938893903907228e-18,0.008032707874427378,0.14236278530909083,4.336808689942018e-19,0.0010542235639756353,typ,0.16065415748854756,0.00015008220290604795,True,0.14038748510147406,0.15,0.4,1.3685231887539927e-16,-0.05128440766055676,7.947524864403632e-10,True,False,1,0.3,593,0.021084471279512705,0.4216894255902541,0.021084471279512705,0.021084471279512705,0.0,2.9620762524047524,0.9003632157975288,-0.00010423629992560742,-0.00010423629992560742,0.49995456159952795,1.02656266878578,0.0,1.0262065090254182,1.0262065090254182,True,0.14236278530909083,0.147167239003811,success,0.9999091231990558,0.9132290617966294,0.5,1.6030904318775482e-15,0.05,"[0.005, 0.0075, 0.01, 0.015, 0.02, 0.03, 0.05, 0.08]",0.1312413672270868,0.007921253118202768,False,-6.842615943769964e-18,0.008145730837411666,True,success,3.540019600671419e-17,-6.09261567975951e-17,0.007405190631011881,3.046307839879755e-18,0.0
0.9956037774319354,6.938893903907228e-18,0.01879125786999101,0.13567419389777893,0.0,0.0022019563993868627,typ,0.2348907233748876,0.00029874865948486835,True,0.13627328157365726,0.15,0.4,-8.711916905595517e-17,-0.045279923655411454,7.947524864403632e-10,True,False,1,0.3,593,0.027524454992335783,0.3440556874041973,0.027524454992335783,0.027524454992335783,0.0,2.535896308058549,0.7708200465801799,-0.00010423629992560742,-0.00010423629992560742,0.49995456159952795,1.02656266878578,0.0,1.0262065090254182,1.0262065090254182,True,0.13567419389777893,0.147167239003811,success,0.9999091231990558,0.9132290617966294,0.5,1.6030904318775482e-15,0.08,"[0.005, 0.0075, 0.01, 0.015, 0.02, 0.03, 0.05, 0.08]",0.11717982982412856,0.018874233199939496,False,6.969533524476414e-18,0.018708647318060632,True,success,0.0,-0.0,0.016229736371574714,0.0,0.0
0.8854354677571601,-7.002993783935188e-20,7.280290072182952e-05,0.0796027292866284,2.22913736726133e-20,6.543125446902985e-06,arith,0.014560580144365903,5.208506436382678e-07,True,0.08990234995698215,0.15,0.8,1.5818191249270876e-17,-0.08195409607681459,9.181966240660735e-10,True,False,2,0.3,590,0.001308625089380597,0.2617250178761194,0.001308625089380597,0.001308625089380597,0.0,3.2878900035414205,0.9993987205338806,-2.4412265053712617e-06,-2.4412265053712617e-06,0.4999598644039076,0.8855161086750091,0.0,0.8396679542749819,0.8855161086750091,True,0.0796027292866284,0.07961766944307044,success,0.999919728807815,0.999919728807815,0.5,3.834718271805567e-15,0.005,"[0.005, 0.0075, 0.01, 0.015, 0.02, 0.03, 0.05, 0.08]",0.08987451574084146,8.222270664878818e-05,False,-7.909095624635438e-20,6.44622704547112e-05,True,success,3.088732013926733e-17,-5.600655623841226e-17,8.219725008853552e-05,2.8003278119206127e-19,0.0
0.8853345134239239,1.8883540767850558e-19,0.00016372784474313624,0.079584024860883,2.261842666964999e-20,1.4707453287054991e-05,arith,0.021830379299084834,1.1704783280372597e-06,True,0.08989147452650573,0.15,0.8,-2.8439029514122303e-17,-0.08190860518495953,9.181966240660735e-10,True,False,2,0.3,590,0.001960993771607332,0.26146583621431096,0.001960993771607332,0.001960993771607332,0.0,3.2854060431269567,0.998643687105938,-2.4412265053712617e-06,-2.4412265053712617e-06,0.4999598644039076,0.8855161086750091,0.0,0.8396679542749819,0.8855161086750091,True,0.079584024860883,0.07961766944307044,success,0.999919728807815,0.999919728807815,0.5,3.834718271805567e-15,0.0075,"[0.005, 0.0075, 0.01, 0.015, 0.02, 0.03, 0.05, 0.08]",0.08982866237644987,0.00018493331307048975,False,2.1329272135591725e-19,0.00014495391175961227,True,success,2.0906469721322345e-17,-3.789441697491119e-17,0.0001848040899258913,2.842081273118339e-19,0.0
0.8851928907072102,3.066259269060567e-19,0.0002908749954733247,0.07955778415338638,-2.6575658720103673e-20,2.611012828637063e-05,arith,0.02908749954733247,2.077263950424303e-06,True,0.08987621227936547,0.15,0.8,-3.4639447528897684e-17,-0.08184495474337729,9.181966240660735e-10,True,False,2,0.3,590,0.002611012828637063,0.26110128286370626,0.002611012828637063,0.002611012828637063,0.0,3.2819074292002197,0.9975802359934444,-2.4412265053712617e-06,-2.4412265053712617e-06,0.4999598644039076,0.8855161086750091,0.0,0.8396679542749819,0.8855161086750091,True,0.07955778415338638,0.07961766944307044,success,0.999919728807815,0.999919728807815,0.5,3.834718271805567e-15,0.01,"[0.005, 0.0075, 0.01, 0.015, 0.02, 0.03, 0.05, 0.08]",0.0897640866100679,0.0003286006909080968,False,3.4639447528897685e-19,0.00025748047807747895,True,success,-1.8439035305751072e-17,3.340422185322073e-17,0.000328190742920022,-3.3404221853220733e-19,0.0
0.8847864031938688,2.0057740190981832e-18,0.0006531909689709196,0.07948246118994655,3.7269449679189215e-20,5.851099081363051e-05,arith,0.043546064598061304,4.650597556529706e-06,True,0.08983237186176657,0.15,0.8,-1.5113056378035162e-16,-0.08166333488896683,9.181966240660735e-10,True,False,2,0.3,590,0.003900732720908701,0.26004884806058004,0.0039007327209087013,0.003900732720908701,0.0,3.271776492163691,0.9945008003976031,-2.4412265053712617e-06,-2.4412265053712617e-06,0.4999598644039076,0.8855161086750091,0.0,0.8396679542749819,0.8855161086750091,True,0.07948246118994655,0.07961766944307044,success,0.999919728807815,0.999919728807815,0.5,3.834718271805567e-15,0.015,"[0.005, 0.0075, 0.01, 0.015, 0.02, 0.03, 0.05, 0.08]",0.08957715827855461,0.0007382470691378793,False,2.266958456705274e-18,0.0005779344880344979,True,success,1.7282183036637073e-17,-3.126010369350372e-17,0.0007361497107368306,4.689015554025558e-19,1.1117933476179648e-16
0.8842126827730297,-1.6263032587282567e-18,0.0011579897534399627,0.07937614511505012,-1.3552527156068805e-20,0.0001034195695818157,arith,0.05789948767199813,8.209046762862226e-06,True,0.08977042137205506,0.15,0.8,9.196335284560241e-17,-0.08140966915874498,9.181966240660735e-10,True,False,2,0.3,590,0.005170978479090785,0.25854892395453927,0.005170978479090786,0.005170978479090785,0.0,3.2572622867965033,0.9900890109953088,-2.4412265053712617e-06,-2.4412265053712617e-06,0.49995986440390755,0.8855161086750091,0.0,0.8396679542749819,0.8855161086750091,True,0.07937614511505012,0.07961766944307044,success,0.999919728807815,0.999919728807815,0.5,3.834718271805567e-15,0.02,"[0.005, 0.0075, 0.01, 0.015, 0.02, 0.03, 0.05, 0.08]",0.08930957227781516,0.0013096280747843666,False,-1.8392670569120482e-18,0.0010239092265128286,True,success,-4.730139198720208e-18,8.536901821337742e-18,0.0013029049147186016,-1.7073803642675484e-19,1.677364818855158e-16
0.8825434995289088,0.0,0.0025838255806056158,0.07906700447294698,0.0,0.0002286977933459143,arith,0.08612751935352053,1.8082449449434512e-05,True,0.08958992334672683,0.15,0.8,-0.0,-0.08068890486043757,9.181966240660735e-10,True,False,2,0.3,590,0.007623259778197144,0.25410865927323817,0.007623259778197144,0.007623259778197144,0.0,3.2138394639723855,0.9768900555784154,-2.4412265053712617e-06,-2.4412265053712617e-06,0.4999598644039076,0.8855161086750091,0.0,0.8396679542749819,0.8855161086750091,True,0.07906700447294698,0.07961766944307044,success,0.999919728807815,0.999919728807815,0.5,3.834718271805567e-15,0.03,"[0.005, 0.0075, 0.01, 0.015, 0.02, 0.03, 0.05, 0.08]",0.08851131247501252,0.0029277033732443003,False,0.0,0.0022803384700799947,True,success,0.0,-0.0,0.0028924555175751467,0.0,0.0
0.8769277792181196,0.0,0.006968066380916021,0.07803488169801752,-2.168404344971009e-19,0.0005978179030956762,arith,0.1393613276183204,4.665064934502799e-05,True,0.08898666862577263,0.15,0.8,-0.0,-0.07842514035169791,9.181966240660735e-10,True,False,2,0.3,590,0.011956358061913523,0.23912716123827046,0.011956358061913523,0.011956358061913523,0.0,3.0643624496498147,0.9314544915229588,-2.4412265053712617e-06,-2.4412265053712617e-06,0.49995986440390755,0.8855161086750091,0.0,0.8396679542749819,0.8855161086750091,True,0.07803488169801752,0.07961766944307044,success,0.999919728807815,0.999919728807815,0.5,3.834718271805567e-15,0.05,"[0.005, 0.0075, 0.01, 0.015, 0.02, 0.03, 0.05, 0.08]",0.08579394489308628,0.007945998001259398,False,0.0,0.006110490976861126,True,success,-3.174763818844647e-17,5.557525808425996e-17,0.007660906124124537,-2.778762904212998e-18,0.0
0.8622040987451682,-6.938893903907228e-18,0.016465914558901028,0.07544090551279048,0.0,0.0013139910126197046,arith,0.20582393198626284,9.912867182769901e-05,True,0.08749773472729418,0.15,0.8,1.0059819238284086e-16,-0.07319902438898127,9.181966240660735e-10,True,False,2,0.3,590,0.016424887657746308,0.20531109572182885,0.016424887657746308,0.016424887657746308,0.0,2.7214823884506503,0.8272314505787891,-2.4412265053712617e-06,-2.4412265053712617e-06,0.49995986440390755,0.8855161086750091,0.0,0.8396679542749819,0.8855161086750091,True,0.07544090551279048,0.07961766944307044,success,0.999919728807815,0.999919728807815,0.5,3.834718271805567e-15,0.08,"[0.005, 0.0075, 0.01, 0.015, 0.02, 0.03, 0.05, 0.08]",0.07980066991841621,0.019097467273543625,False,-8.047855390627268e-18,0.014196979022272205,True,success,0.0,-0.0,0.01741748728608416,0.0,0.0
0.8982557468281802,7.827150017373568e-20,7.387045067375154e-05,0.0688695750009335,-8.820136398773436e-21,5.657230131005499e-06,typ,0.014774090134750308,3.896110348048241e-07,True,0.07667034165282885,0.15,0.8,-1.7427442117708507e-17,-0.07196728111863111,8.581978383533865e-10,True,False,3,0.3,352,0.0011314460262010998,0.22628920524021995,0.0011314460262010998,0.0011314460262010998,0.0,3.285764508306501,0.998752647454796,-0.0006000389571556798,-0.0006000389571556798,0.4999556769756895,0.8982865402923631,0.0,0.8482507553212034,0.8482507553212034,True,0.0688695750009335,0.06889642728426446,success,0.9999113539513791,0.6780290494423681,0.5,1.2085782983104608e-15,0.005,"[0.005, 0.0075, 0.01, 0.015, 0.02, 0.03, 0.05, 0.08]",0.07658312734533902,8.223765996999694e-05,False,8.713721058854254e-20,6.635455683848494e-05,True,success,-1.4130569874577304e-17,2.5614028832481925e-17,8.214411270766252e-05,-1.2807014416240963e-19,0.0
0.8982171335320528,-7.273895434546304e-20,0.00016617832927263537,0.06883602170519151,-6.306424990104283e-21,1.270270620853039e-05,typ,0.022157110569684717,8.74403760285069e-07,True,0.07663628218102245,0.15,0.8,1.0797530890915308e-17,-0.07192111627370883,8.581978383533865e-10,True,False,3,0.3,352,0.0016936941611373855,0.22582588815165142,0.0016936941611373855,0.0016936941611373855,0.0,3.28063537894172,0.9971935790799131,-0.0006000389571556798,-0.0006000389571556798,0.4999556769756895,0.8982865402923631,0.0,0.8482507553212034,0.8482507553212034,True,0.06883602170519151,0.06889642728426446,success,0.9999113539513791,0.6780290494423681,0.5,1.2085782983104608e-15,0.0075,"[0.005, 0.0075, 0.01, 0.015, 0.02, 0.03, 0.05, 0.08]",0.07644020892573836,0.00018500908418343516,False,-8.09814816818648e-20,0.00014926422257441216,True,success,-6.744150079743226e-18,1.2215358245838626e-17,0.0001845357400654717,-9.16151868437897e-20,0.0
0.8981628455071778,-2.0074680849926918e-19,0.0002953522856510956,0.06878906966426408,-2.9010878443459787e-20,2.251779519529776e-05,typ,0.029535228565109557,1.5489781823749687e-06,True,0.07658863869549182,0.15,0.8,2.2350825298936823e-17,-0.071856499648873,8.581978383533865e-10,True,False,3,0.3,352,0.002251779519529776,0.2251779519529776,0.002251779519529776,0.002251779519529776,0.0,3.2734554058078436,0.9950111289505795,-0.0006000389571556798,-0.0006000389571556798,0.4999556769756895,0.8982865402923631,0.0,0.8482507553212034,0.8482507553212034,True,0.06878906966426408,0.06889642728426446,success,0.9999113539513791,0.6780290494423681,0.5,1.2085782983104608e-15,0.01,"[0.005, 0.0075, 0.01, 0.015, 0.02, 0.03, 0.05, 0.08]",0.07624046364042159,0.0003288404626494152,False,-2.2350825298936825e-19,0.0002652744493074368,True,success,-2.3309782918679796e-17,4.217367466234383e-17,0.00032734554058078434,-4.217367466234383e-19,0.0
0.8980062261757227,5.963111948670274e-19,0.0006640439805923072,0.06865506693531533,2.0328790734103208e-20,5.024954357501733e-05,typ,0.044269598706153816,3.4498857776118587e-06,True,0.07645277386070243,0.15,0.8,-4.426926952065777e-17,-0.07167197334188158,8.581978383533865e-10,True,False,3,0.3,352,0.003349969571667822,0.22333130477785482,0.0033499695716678224,0.003349969571667822,0.0,3.252947156664644,0.9887773687177167,-0.0006000389571556798,-0.0006000389571556798,0.4999556769756895,0.8982865402923631,0.0,0.8482507553212034,0.8482507553212034,True,0.06865506693531533,0.06889642728426446,success,0.9999113539513791,0.6780290494423681,0.5,1.2085782983104608e-15,0.015,"[0.005, 0.0075, 0.01, 0.015, 0.02, 0.03, 0.05, 0.08]",0.07567201125774267,0.0007394647845819796,False,6.6403904280986655e-19,0.0005963156290264026,True,success,1.0944834203917909e-17,-1.9740024678495436e-17,0.0007319131102495449,2.961003701774315e-19,1.2945815169846111e-16
0.8977830336749877,-3.2526065174565133e-19,0.0011792286526412304,0.06846783020706373,-4.0657581468206416e-20,8.830307116474526e-05,typ,0.058961432632061515,6.045919683270045e-06,True,0.07626322578941742,0.15,0.8,1.8114657971104022e-17,-0.07141387436259095,8.581978383533865e-10,True,False,3,0.3,352,0.0044151535582372635,0.22075767791186318,0.0044151535582372635,0.0044151535582372635,0.0,3.2242540364465633,0.9800557060090532,-0.0006000389571556798,-0.0006000389571556798,0.4999556769756895,0.8982865402923631,0.0,0.8482507553212034,0.8482507553212034,True,0.06846783020706373,0.06889642728426446,success,0.9999113539513791,0.6780290494423681,0.5,1.2085782983104608e-15,0.02,"[0.005, 0.0075, 0.01, 0.015, 0.02, 0.03, 0.05, 0.08]",0.07488206037647109,0.00131348957198954,False,-3.6229315942208044e-19,0.001058691477164712,True,success,-1.653523433826299e-17,2.969101061421677e-17,0.0012897016145786253,-5.938202122843354e-19,0.0
0.8971172388471592,1.734723475976807e-18,0.0026440199697202117,0.06793529598574616,2.710505431213761e-19,0.00019213602797103313,typ,0.08813399899067373,1.3052817929737739e-05,True,0.07572621842942895,0.15,0.8,-6.445547288802573e-17,-0.07067810565636533,8.581978383533865e-10,True,False,3,0.3,352,0.006404534265701104,0.21348447552337016,0.006404534265701104,0.006404534265701104,0.0,3.1424677323576007,0.9551956506009757,-0.0006000389571556798,-0.0006000389571556798,0.4999556769756896,0.8982865402923631,0.0,0.8482507553212034,0.8482507553212034,True,0.06793529598574616,0.06889642728426446,success,0.9999113539513791,0.6780290494423681,0.5,1.2085782983104608e-15,0.03,"[0.005, 0.0075, 0.01, 0.015, 0.02, 0.03, 0.05, 0.08]",0.07266814554027927,0.0029472401769003015,False,1.9336641866407718e-18,0.002371995894692146,True,success,7.502364177922204e-17,-1.3299446146435503e-16,0.0028282209591218408,3.989833843930651e-18,0.0
0.8946309474043194,0.0,0.0072299372891546365,0.06625903890537405,-2.168404344971009e-19,0.00047826431825220915,typ,0.14459874578309273,3.168933407012532e-05,True,0.07406298552226245,0.15,0.8,-0.0,-0.06834484445178886,8.581978383533865e-10,True,False,3,0.3,352,0.009565286365044182,0.19130572730088363,0.009565286365044182,0.009565286365044182,0.0,2.8872396953129886,0.8776156301647641,-0.0006000389571556798,-0.0006000389571556798,0.4999556769756895,0.8982865402923631,0.0,0.8482507553212034,0.8482507553212034,True,0.06625903890537405,0.06889642728426446,success,0.9999113539513791,0.6780290494423681,0.5,1.2085782983104608e-15,0.05,"[0.005, 0.0075, 0.01, 0.015, 0.02, 0.03, 0.05, 0.08]",0.06615054863195506,0.008081474612667451,False,0.0,0.006468125646670229,True,success,-3.851977240246677e-17,6.545233316975073e-17,0.007218099238282473,-3.2726166584875364e-18,0.0
0.8860676563013439,0.0,0.017376210764566316,0.062436259347575455,-4.336808689942018e-19,0.0009454055190063463,typ,0.21720263455707894,5.902758417330942e-05,True,0.07046443790556489,0.15,0.8,-0.0,-0.06286669764939225,8.581978383533865e-10,True,False,3,0.3,352,0.01181756898757933,0.14771961234474162,0.01181756898757933,0.01181756898757933,0.0,2.3659266888876793,0.7191554775872901,-0.0006000389571556798,-0.0006000389571556798,0.49995567697568943,0.8982865402923631,0.0,0.8482507553212034,0.8482507553212034,True,0.062436259347575455,0.06889642728426446,success,0.9999113539513791,0.6780290494423681,0.5,1.2085782983104608e-15,0.08,"[0.005, 0.0075, 0.01, 0.015, 0.02, 0.03, 0.05, 0.08]",0.05440803704650174,0.019610478546411153,False,0.0,0.015396498347557458,True,success,-5.644724624524647e-17,8.682472202970039e-17,0.015141930808881147,-6.945977762376032e-18,0.0
0.7915957723419695,-1.8092042658971537e-20,6.509513335397863e-05,0.05561837207078833,-2.2996141248031283e-20,4.57303566342837e-06,arith,0.013019026670795726,2.5434479902154347e-07,True,0.07026107770414063,0.15,1.0,4.5710306424314175e-18,-0.09834336165315521,9.299840894291827e-10,True,False,4,0.3,511,0.0009146071326856741,0.1829214265371348,0.0009146071326856741,0.0009146071326856741,0.0,3.288866964756203,0.9996956811338439,-3.4270685527365867e-06,-3.4270685527365867e-06,0.49995978029927923,0.7916375507728705,0.0,0.6889254794969282,0.7916375507728705,True,0.05561837207078833,0.05562365370266745,success,0.9999195605985584,0.9999195605985584,0.5,3.991909738830822e-15,0.005,"[0.005, 0.0075, 0.01, 0.015, 0.02, 0.03, 0.05, 0.08]",0.07025157531456022,8.223279561156817e-05,False,-2.2855153212157088e-20,5.152903236304622e-05,True,success,-4.559776298856441e-17,8.269260818624077e-17,8.222167411890508e-05,-4.134630409312039e-19,0.0
0.7915434609104419,1.98840984367947e-19,0.00014642326645231035,0.055611756992781036,-2.6797343124267885e-20,1.0284170290460756e-05,arith,0.01952310219364138,5.719207790654819e-07,True,0.07025736392138947,0.15,1.0,-3.349422054294411e-17,-0.09830268285517364,9.299840894291827e-10,True,False,4,0.3,511,0.0013712227053947674,0.18282969405263566,0.0013712227053947674,0.0013712227053947674,0.0,3.287608662973349,0.9993132032557898,-3.4270685527365867e-06,-3.4270685527365867e-06,0.49995978029927923,0.7916375507728705,0.0,0.6889254794969282,0.7916375507728705,True,0.055611756992781036,0.05562365370266745,success,0.9999195605985584,0.9999195605985584,0.5,3.991909738830822e-15,0.0075,"[0.005, 0.0075, 0.01, 0.015, 0.02, 0.03, 0.05, 0.08]",0.07023590266517023,0.00018498449381906676,False,2.512066540720808e-19,0.00011590037908547354,True,success,-3.5434295235037767e-17,6.424862792411912e-17,0.00018492798729225087,-4.818647094308933e-19,0.0
0.7914700589928314,-7.707999820014133e-20,0.00026020600119819597,0.05560247142281088,-1.5828928201814738e-20,1.8270049924377413e-05,arith,0.026020600119819597,1.015859928813523e-06,True,0.07025214762206751,0.15,1.0,9.738839432312558e-18,-0.09824575162192817,9.299840894291827e-10,True,False,4,0.3,511,0.0018270049924377413,0.18270049924377413,0.0018270049924377413,0.0018270049924377413,0.0,3.2858341467322147,0.9987738149979569,-3.4270685527365867e-06,-3.4270685527365867e-06,0.49995978029927923,0.7916375507728705,0.0,0.6889254794969282,0.7916375507728705,True,0.05560247142281088,0.05562365370266745,success,0.9999195605985584,0.9999195605985584,0.5,3.991909738830822e-15,0.01,"[0.005, 0.0075, 0.01, 0.015, 0.02, 0.03, 0.05, 0.08]",0.07021379153535096,0.00032876291180150975,False,-9.738839432312558e-20,0.00020594525911862493,True,success,-1.5704878988472126e-17,2.84680299216357e-17,0.00032858341467322146,-2.8468029921635696e-19,0.0
0.7912592607493397,3.5236570605778894e-19,0.000584799901192779,0.05557578239244423,-5.590417451878382e-20,4.1023425577457305e-05,arith,0.038986660079518606,2.279908972885398e-06,True,0.07023713357845916,0.15,1.0,-2.968817963441304e-17,-0.09808321477093089,9.299840894291827e-10,True,False,4,0.3,511,0.0027348950384971536,0.18232633589981023,0.0027348950384971536,0.0027348950384971536,0.0,3.2806796063135284,0.9972070225888962,-3.4270685527365867e-06,-3.4270685527365867e-06,0.4999597802992792,0.7916375507728705,0.0,0.6889254794969282,0.7916375507728705,True,0.05557578239244423,0.05562365370266745,success,0.9999195605985584,0.9999195605985584,0.5,3.991909738830822e-15,0.015,"[0.005, 0.0075, 0.01, 0.015, 0.02, 0.03, 0.05, 0.08]",0.07014950839387017,0.0007390749533079219,False,4.453226945161956e-19,0.00046272833750408526,True,success,-3.702418310989423e-17,6.706059379607792e-17,0.0007381529114205439,-1.0059089069411688e-18,0.0
0.7909614071588951,-5.421010862427522e-19,0.00103795734111558,0.055538015681548925,6.776263578034403e-21,7.271583853603218e-05,arith,0.051897867055779,4.038493380911135e-06,True,0.07021583503174887,0.15,1.0,3.4268491568378783e-17,-0.09785597632823147,9.299840894291827e-10,True,False,4,0.3,511,0.0036357919268016087,0.18178959634008043,0.0036357919268016087,0.0036357919268016087,0.0,3.2732461559744803,0.9949475246281996,-3.4270685527365867e-06,-3.4270685527365867e-06,0.4999597802992793,0.7916375507728705,0.0,0.6889254794969282,0.7916375507728705,True,0.055538015681548925,0.05562365370266745,success,0.9999195605985584,0.9999195605985584,0.5,3.991909738830822e-15,0.02,"[0.005, 0.0075, 0.01, 0.015, 0.02, 0.03, 0.05, 0.08]",0.07005667348320727,0.0013122730536801858,False,-6.853698313675756e-19,0.0008209841990996844,True,success,3.3719459363751544e-18,-6.100563276233185e-18,0.0013092984623897922,1.2201126552466372e-19,0.0
0.7900920172027529,8.673617379884035e-19,0.0023240094006976957,0.055427429499124804,-1.0842021724855044e-19,0.00016215139918255883,arith,0.07746698002325653,8.987635246375724e-06,True,0.07015313190400334,0.15,1.0,-3.659327939460423e-17,-0.09720881604100765,9.299840894291827e-10,True,False,4,0.3,511,0.005405046639418628,0.18016822131395427,0.005405046639418628,0.005405046639418628,0.0,3.2505245677467167,0.9880409899877871,-3.4270685527365867e-06,-3.4270685527365867e-06,0.4999597802992792,0.7916375507728705,0.0,0.6889254794969282,0.7916375507728705,True,0.055427429499124804,0.05562365370266745,success,0.9999195605985584,0.9999195605985584,0.5,3.991909738830822e-15,0.03,"[0.005, 0.0075, 0.01, 0.015, 0.02, 0.03, 0.05, 0.08]",0.06977226474810257,0.0029414414398535936,False,1.0977983818381268e-18,0.0018361812753954032,True,success,-3.616492375313815e-17,6.520250486585191e-17,0.002925472110972045,-1.956075145975557e-18,0.0
0.7871103202456272,0.0,0.006338138562323322,0.05504551540911254,0.0,0.0004353262387860817,arith,0.12676277124646645,2.3962757185090264e-05,True,0.06993367256566389,0.15,1.0,-0.0,-0.09516118215573675,9.299840894291827e-10,True,False,4,0.3,511,0.008706524775721633,0.17413049551443266,0.008706524775721633,0.008706524775721633,0.0,3.163391135867285,0.961555602629258,-3.4270685527365867e-06,-3.4270685527365867e-06,0.4999597802992792,0.7916375507728705,0.0,0.6889254794969282,0.7916375507728705,True,0.05504551540911254,0.05562365370266745,success,0.9999195605985584,0.9999195605985584,0.5,3.991909738830822e-15,0.05,"[0.005, 0.0075, 0.01, 0.015, 0.02, 0.03, 0.05, 0.08]",0.06868361025961973,0.008052414508229837,False,0.0,0.004988814273551469,True,success,0.0,-0.0,0.007908477839668214,0.0,0.0
0.7786502865999407,0.0,0.015322482925929463,0.0539695619434918,0.0,0.0010053536548489468,arith,0.1915310365741183,5.425849635048611e-05,True,0.06931168314232006,0.15,1.0,-0.0,-0.09035110263764908,9.299840894291827e-10,True,False,4,0.3,511,0.012566920685611835,0.15708650857014794,0.012566920685611835,0.012566920685611835,0.0,2.9106500574272505,0.8847315269615023,-3.4270685527365867e-06,-3.4270685527365867e-06,0.49995978029927923,0.7916375507728705,0.0,0.6889254794969282,0.7916375507728705,True,0.0539695619434918,0.05562365370266745,success,0.9999195605985584,0.9999195605985584,0.5,3.991909738830822e-15,0.08,"[0.005, 0.0075, 0.01, 0.015, 0.02, 0.03, 0.05, 0.08]",0.06561297276093796,0.019678260176126967,False,0.0,0.011930855721697674,True,success,0.0,-0.0,0.018628160367534403,0.0,0.0
0.8167870728545802,-3.6676252612533296e-19,6.717679167586234e-05,0.037761716557511316,-1.0448244332953736e-20,3.1017464706992982e-06,typ,0.013435358335172468,1.1712727105980798e-07,True,0.04623202033002102,0.15,1.0,8.980615347976521e-17,-0.08447923068338378,8.825103876125553e-10,True,False,5,0.3,350,0.0006203492941398597,0.12406985882797193,0.0006203492941398597,0.0006203492941398597,0.0,3.2855990176985945,0.9987023443419717,-0.0012740889516732216,-0.0012740889516732216,0.49995609096773774,0.8167918157919044,0.0,0.6884158315074823,0.6884158315074823,True,0.037761716557511316,0.03777703538777198,success,0.9999121819354757,0.5343606229480503,0.5,1.8368021293045333e-15,0.005,"[0.005, 0.0075, 0.01, 0.015, 0.02, 0.03, 0.05, 0.08]",0.04617288788761557,8.224517001852993e-05,False,-4.490307673988261e-19,5.4869135036689525e-05,True,success,-3.052912152450916e-17,5.5337761550331e-17,8.213997544246486e-05,-2.7668880775165503e-19,0.0
0.8167811175541877,-5.66744451051932e-19,0.00015114311457768934,0.037742577887326254,-3.260745974684035e-21,6.964068359022788e-06,typ,0.020152415277025246,2.628418924530819e-07,True,0.046208925593608986,0.15,1.0,9.251674063328356e-17,-0.0844372458355121,8.825103876125553e-10,True,False,5,0.3,350,0.0009285424478697051,0.12380565971596068,0.0009285424478697051,0.0009285424478697051,0.0,3.280265065241713,0.997081017212702,-0.0012740889516732216,-0.0012740889516732216,0.4999560909677377,0.8167918157919044,0.0,0.6884158315074823,0.6884158315074823,True,0.037742577887326254,0.03777703538777198,success,0.9999121819354757,0.5343606229480503,0.5,1.8368021293045333e-15,0.0075,"[0.005, 0.0075, 0.01, 0.015, 0.02, 0.03, 0.05, 0.08]",0.04607598816844002,0.00018504726826971737,False,-6.938755547496267e-19,0.00012345084203538575,True,success,-6.360183914267106e-18,1.1519248400461364e-17,0.00018451490991984633,-8.639436300346023e-20,0.0
0.8167727297359653,-4.438452643612534e-19,0.0002686870948687571,0.03771580220657657,8.84090638696676e-21,1.234363589613054e-05,typ,0.026868709486875707,4.6555012996845795e-07,True,0.0461766178441937,0.15,1.0,5.4341342236626015e-17,-0.08437846924210264,8.825103876125553e-10,True,False,5,0.3,350,0.001234363589613054,0.12343635896130539,0.0012343635896130537,0.001234363589613054,0.0,3.2728021608879256,0.9948125663050962,-0.0012740889516732216,-0.0012740889516732216,0.49995609096773774,0.8167918157919044,0.0,0.6884158315074823,0.6884158315074823,True,0.03771580220657657,0.03777703538777198,success,0.9999121819354757,0.5343606229480503,0.5,1.8368021293045333e-15,0.01,"[0.005, 0.0075, 0.01, 0.015, 0.02, 0.03, 0.05, 0.08]",0.04594056109081053,0.00032896188264710364,False,-5.434134223662601e-19,0.00021945629192078099,True,success,1.295727171045186e-17,-2.344085468086678e-17,0.0003272802160887926,2.344085468086678e-19,1.7566982396578598e-16
0.8167484311690957,-1.328147661294743e-18,0.0006044678135612498,0.03763941941037068,-2.625802136488331e-20,2.7536615544755448e-05,typ,0.04029785423741665,1.0364622216311833e-06,True,0.046084471024319604,0.15,1.0,1.0840936332489628e-16,-0.0842105505754691,8.825103876125553e-10,True,False,5,0.3,350,0.0018357743696503634,0.1223849579766909,0.0018357743696503634,0.0018357743696503634,0.0,3.2515102489325467,0.9883406011411139,-0.0012740889516732216,-0.0012740889516732216,0.4999560909677378,0.8167918157919044,0.0,0.6884158315074823,0.6884158315074823,True,0.03763941941037068,0.03777703538777198,success,0.9999121819354757,0.5343606229480503,0.5,1.8368021293045333e-15,0.015,"[0.005, 0.0075, 0.01, 0.015, 0.02, 0.03, 0.05, 0.08]",0.045555139458166055,0.0007400905719476107,False,-1.626140449873444e-18,0.0004936981384183641,True,success,-2.5792014178720073e-17,4.65080169960477e-17,0.0007315898060098228,-6.976202549407155e-19,0.0
0.8167135389438349,3.2526065174565133e-19,0.0010744029391233601,0.03753278219935703,5.421010862427522e-20,4.836897620204435e-05,typ,0.05372014695616801,1.8154222489972143e-06,True,0.04595587119554063,0.15,1.0,-1.99127745675843e-17,-0.08397550207305966,8.825103876125553e-10,True,False,5,0.3,350,0.0024184488101022176,0.12092244050511088,0.0024184488101022176,0.0024184488101022176,0.0,3.2217819575118622,0.9793042841178896,-0.0012740889516732216,-0.0012740889516732216,0.4999560909677377,0.8167918157919044,0.0,0.6884158315074823,0.6884158315074823,True,0.03753278219935703,0.03777703538777198,success,0.9999121819354757,0.5343606229480503,0.5,1.8368021293045333e-15,0.02,"[0.005, 0.0075, 0.01, 0.015, 0.02, 0.03, 0.05, 0.08]",0.04501940048815405,0.0013155199318879499,False,3.98255491351686e-19,0.0008774794266630971,True,success,4.023383686612966e-17,-7.22170132983159e-17,0.001288712783004745,1.444340265966318e-18,0.0
0.8166072999013849,0.0,0.002415834130328,0.037230059026651025,5.421010862427522e-20,0.00010512602182746721,typ,0.08052780434426668,3.913847997873609e-06,True,0.045591141581941524,0.15,1.0,-0.0,-0.08330420835449931,8.825103876125553e-10,True,False,5,0.3,350,0.0035042007275822404,0.11680669091940801,0.0035042007275822404,0.0035042007275822404,0.0,3.137429646184345,0.9536642560378766,-0.0012740889516732216,-0.0012740889516732216,0.49995609096773774,0.8167918157919044,0.0,0.6884158315074823,0.6884158315074823,True,0.037230059026651025,0.03777703538777198,success,0.9999121819354757,0.5343606229480503,0.5,1.8368021293045333e-15,0.03,"[0.005, 0.0075, 0.01, 0.015, 0.02, 0.03, 0.05, 0.08]",0.04351541378927126,0.002958379297637605,False,0.0,0.0019727877861767584,True,success,2.7401750019408473e-17,-4.853614708253984e-17,0.0028236866815659106,1.4560844124761951e-18,0.0
0.8161394931963744,0.0,0.006677857184647672,0.036282260520505004,0.0,0.00026094218076124225,typ,0.13355714369295343,9.4675721831681e-06,True,0.0444559549231065,0.15,1.0,-0.0,-0.08116099974857215,8.825103876125553e-10,True,False,5,0.3,350,0.005218843615224845,0.1043768723044969,0.005218843615224845,0.005218843615224845,0.0,2.8768017980993235,0.8744428898634872,-0.0012740889516732216,-0.0012740889516732216,0.49995609096773774,0.8167918157919044,0.0,0.6884158315074823,0.6884158315074823,True,0.036282260520505004,0.03777703538777198,success,0.9999121819354757,0.5343606229480503,0.5,1.8368021293045333e-15,0.05,"[0.005, 0.0075, 0.01, 0.015, 0.02, 0.03, 0.05, 0.08]",0.03907573545614988,0.008182249775089474,False,0.0,0.0054500629783161185,True,success,0.0,-0.0,0.0071920044952483095,0.0,0.0
0.8131233639523885,6.938893903907228e-18,0.01642686928522527,0.03413942937303821,-4.336808689942018e-19,0.0005132435686683374,typ,0.20533586606531587,1.752184256371879e-05,True,0.041985547195563314,0.15,1.0,-1.0667037456313836e-16,-0.07603923613575574,8.825103876125553e-10,True,False,5,0.3,350,0.006415544608354217,0.08019430760442771,0.006415544608354217,0.006415544608354217,0.0,2.3490230820249614,0.7140173972218241,-0.0012740889516732216,-0.0012740889516732216,0.49995609096773774,0.8167918157919044,0.0,0.6884158315074823,0.6884158315074823,True,0.03413942937303821,0.03777703538777198,success,0.9999121819354757,0.5343606229480503,0.5,1.8368021293045333e-15,0.08,"[0.005, 0.0075, 0.01, 0.015, 0.02, 0.03, 0.05, 0.08]",0.031244150042026648,0.020202185810254406,False,8.533629965051069e-18,0.01335707121240854,True,success,-1.0360491949263211e-16,1.587903184670331e-16,0.015033747724959754,-1.270322547736265e-17,0.0
0.7052508687555576,-7.685154125471184e-20,5.799892837200398e-05,0.04025994771175265,1.8150720783674517e-20,3.310718505456338e-06,arith,0.011599785674400797,1.3328935391800404e-07,True,0.05708599520450486,0.15,1.2,2.179410041431621e-17,-0.1167549341122092,9.008928741704206e-10,True,False,6,0.3,457,0.0006621437010912676,0.13242874021825352,0.0006621437010912676,0.0006621437010912676,0.0,3.289342081773123,0.9998400993894127,-4.64483429689572e-06,-4.64483429689572e-06,0.49995968619274134,0.7052722384775156,0.0,0.5442115312499058,0.7052722384775156,True,0.04025994771175265,0.04026195676635243,success,0.9999193723854829,0.9999193723854829,0.5,4.8256231170506076e-15,0.005,"[0.005, 0.0075, 0.01, 0.015, 0.02, 0.03, 0.05, 0.08]",0.057082408216604534,8.223871949898527e-05,False,-1.0897050207158106e-19,4.090379462124717e-05,True,success,4.9715996018859684e-17,-9.016763217690904e-17,8.223355204432807e-05,4.508381608845452e-19,0.0
0.7052241156545859,1.2141687903298361e-19,0.0001304767373335582,0.04025743180740472,1.8181429863915548e-20,7.447154683692259e-06,arith,0.017396898311141093,2.998033218379358e-07,True,0.05708459327151335,0.15,1.2,-2.2955705633196244e-17,-0.11671868767615429,9.008928741704206e-10,True,False,6,0.3,457,0.0009929539578256345,0.13239386104341794,0.0009929539578256348,0.0009929539578256345,0.0,3.2886812471496545,0.9996392297506876,-4.64483429689572e-06,-4.64483429689572e-06,0.4999596861927414,0.7052722384775156,0.0,0.5442115312499058,0.7052722384775156,True,0.04025743180740472,0.04026195676635243,success,0.9999193723854829,0.9999193723854829,0.5,4.8256231170506076e-15,0.0075,"[0.005, 0.0075, 0.01, 0.015, 0.02, 0.03, 0.05, 0.08]",0.057076493755771396,0.00018501457116572122,False,1.7216779224897182e-19,9.201534169955426e-05,True,success,3.3205483987714144e-17,-6.021722051519892e-17,0.0001849883201521681,4.516291538639919e-19,2.1837914314973566e-16
0.7051865844321401,4.921261423547485e-19,0.00023190650498465892,0.04025390092964788,-4.817499887508833e-21,1.323447589729808e-05,arith,0.023190650498465894,5.327392816256496e-07,True,0.05708262439799931,0.15,1.2,-6.978665692442787e-17,-0.11666795242029024,9.008928741704206e-10,True,False,6,0.3,457,0.001323447589729808,0.13234475897298079,0.001323447589729808,0.001323447589729808,0.0,3.2877499053888206,0.999356135801938,-4.64483429689572e-06,-4.64483429689572e-06,0.4999596861927414,0.7052722384775156,0.0,0.5442115312499058,0.7052722384775156,True,0.04025390092964788,0.04026195676635243,success,0.9999193723854829,0.9999193723854829,0.5,4.8256231170506076e-15,0.01,"[0.005, 0.0075, 0.01, 0.015, 0.02, 0.03, 0.05, 0.08]",0.057068152953163455,0.00032885836189212875,False,6.978665692442787e-19,0.00016353735615772669,True,success,-6.600310289825931e-18,1.1967783932117342e-17,0.0003287749905388821,-1.1967783932117345e-19,0.0
0.7050788523058413,-5.421010862427522e-20,0.0005214508783440383,0.040243756679137654,1.1011428314305904e-20,2.9745604167248593e-05,arith,0.03476339188960255,1.1970748563806954e-06,True,0.057076958906833244,0.15,1.2,5.125678113588782e-18,-0.11652305778028028,9.008928741704206e-10,True,False,6,0.3,457,0.001983040277816573,0.13220268518777153,0.001983040277816573,0.001983040277816573,0.0,3.2850483179743835,0.998534951698306,-4.64483429689572e-06,-4.64483429689572e-06,0.49995968619274145,0.7052722384775156,0.0,0.5442115312499058,0.7052722384775156,True,0.040243756679137654,0.04026195676635243,success,0.9999193723854829,0.9999193723854829,0.5,4.8256231170506076e-15,0.015,"[0.005, 0.0075, 0.01, 0.015, 0.02, 0.03, 0.05, 0.08]",0.05704392379529813,0.0007395639177642631,False,-7.688517170383173e-20,0.0003676639868366874,True,success,1.0064286732904717e-17,-1.824122004331374e-17,0.0007391358715442363,2.736183006497061e-19,0.0
0.7049267569118012,-6.505213034913027e-19,0.0009261642129366574,0.040229412333055346,2.710505431213761e-20,5.2799669200240226e-05,arith,0.04630821064683287,2.1240996633053866e-06,True,0.05706892515939604,0.15,1.2,4.6141056295065156e-17,-0.11632036498515956,9.008928741704206e-10,True,False,6,0.3,457,0.0026399834600120114,0.13199917300060057,0.0026399834600120114,0.0026399834600120114,0.0,3.2811608558383205,0.997353304903334,-4.64483429689572e-06,-4.64483429689572e-06,0.4999596861927413,0.7052722384775156,0.0,0.5442115312499058,0.7052722384775156,True,0.040229412333055346,0.04026195676635243,success,0.9999193723854829,0.9999193723854829,0.5,4.8256231170506076e-15,0.02,"[0.005, 0.0075, 0.01, 0.015, 0.02, 0.03, 0.05, 0.08]",0.057008971479068936,0.001313844599961095,False,-9.228211259013032e-19,0.0006528779349932088,True,success,1.8597854118845707e-17,-3.3688106214102176e-17,0.0013124643423353282,6.737621242820435e-19,0.0
0.7044836133358425,-2.168404344971009e-18,0.002078082687259772,0.040187465950992644,2.710505431213761e-20,0.00011824671240287533,arith,0.06926942290865906,4.752035728507372e-06,True,0.05704528138092321,0.15,1.2,1.0260017900218988e-16,-0.1157423066700636,9.008928741704206e-10,True,False,6,0.3,457,0.003941557080095845,0.13138523600319485,0.003941557080095844,0.003941557080095845,0.0,3.269308798007195,0.9937507113191928,-4.64483429689572e-06,-4.64483429689572e-06,0.4999596861927414,0.7052722384775156,0.0,0.5442115312499058,0.7052722384775156,True,0.040187465950992644,0.04026195676635243,success,0.9999193723854829,0.9999193723854829,0.5,4.8256231170506076e-15,0.03,"[0.005, 0.0075, 0.01, 0.015, 0.02, 0.03, 0.05, 0.08]",0.05690183221669555,0.002949795634592149,False,-3.0780053700656962e-18,0.0014639752003314218,True,success,1.243398769410967e-17,-2.248217918259338e-17,0.0029423779182064748,6.744653754778014e-19,2.200556075588565e-16
0.7029667080900328,0.0,0.0057119796217871,0.04004225828543713,1.0842021724855044e-19,0.00032257309483726677,arith,0.11423959243574197,1.2916555179406643e-05,True,0.05696181316215148,0.15,1.2,-0.0,-0.11390439684418394,9.008928741704206e-10,True,False,6,0.3,457,0.0064514618967453355,0.1290292379349067,0.0064514618967453355,0.0064514618967453355,0.0,3.2223266983379166,0.979469865473712,-4.64483429689572e-06,-4.64483429689572e-06,0.49995968619274145,0.7052722384775156,0.0,0.5442115312499058,0.7052722384775156,True,0.04004225828543713,0.04026195676635243,success,0.9999193723854829,0.9999193723854829,0.5,4.8256231170506076e-15,0.05,"[0.005, 0.0075, 0.01, 0.015, 0.02, 0.03, 0.05, 0.08]",0.056473082222997115,0.008125533622078067,False,0.0,0.004015331511405028,True,success,3.016733328645882e-17,-5.415289840832056e-17,0.00805581674584479,2.7076449204160277e-18,0.0
0.698508636836746,0.0,0.014094659178197147,0.03960949106006616,0.0,0.0007752297778318876,arith,0.17618323972746433,3.070645695452922e-05,True,0.05670580000190263,0.15,1.2,-0.0,-0.10952480930962033,9.008928741704206e-10,True,False,6,0.3,457,0.009690372222898595,0.12112965278623243,0.009690372222898595,0.009690372222898595,0.0,3.0580966718947313,0.9295499234672041,-4.64483429689572e-06,-4.64483429689572e-06,0.4999596861927414,0.7052722384775156,0.0,0.5442115312499058,0.7052722384775156,True,0.03960949106006616,0.04026195676635243,success,0.9999193723854829,0.9999193723854829,0.5,4.8256231170506076e-15,0.08,"[0.005, 0.0075, 0.01, 0.015, 0.02, 0.03, 0.05, 0.08]",0.05500166893223505,0.020178217469186886,False,0.0,0.00984524116924102,True,success,0.0,-0.0,0.01957181870012628,0.0,0.0
0.7409012756738156,4.552896700274425e-19,6.0937857509356955e-05,0.0177283556806567,3.906182728196945e-22,1.455913859660537e-06,typ,0.012187571501871391,2.58109587444597e-08,True,0.02392809442058738,0.15,1.2,-1.2290157541256156e-16,-0.09912760172455631,8.438539001371176e-10,True,False,7,0.3,295,0.0002911827719321074,0.058236554386421474,0.0002911827719321074,0.0002911827719321074,0.0,3.284938289565288,0.9985015070723745,-0.0030852197327974665,-0.0030852197327974665,0.4999600261175117,0.7408968333795531,0.0,0.5026747523579603,0.5026747523579603,True,0.0177283556806567,0.017736662240345955,success,0.9999200522350236,0.37614733622533036,0.5,2.1516966357219963e-15,0.005,"[0.005, 0.0075, 0.01, 0.015, 0.02, 0.03, 0.05, 0.08]",0.02389177957950003,8.224828261219659e-05,False,6.145078770628078e-19,4.514893636551177e-05,True,success,2.431366827395484e-18,-4.40670618139612e-18,8.21234572391322e-05,2.20335309069806e-20,0.0
0.7409068344834652,3.373573410236268e-19,0.00013711450831871031,0.017717980552273173,1.2027206106521022e-21,3.267753736463892e-06,typ,0.01828193444249471,5.789799715228524e-08,True,0.023913911611607067,0.15,1.2,-6.071070843139063e-17,-0.09908951496264445,8.438539001371176e-10,True,False,7,0.3,295,0.00043570049819518565,0.05809339975935809,0.00043570049819518565,0.00043570049819518565,0.0,3.278782228480596,0.9966302888853478,-0.0030852197327974665,-0.0030852197327974665,0.4999600261175118,0.7408968333795531,0.0,0.5026747523579603,0.5026747523579603,True,0.017717980552273173,0.017736662240345955,success,0.9999200522350236,0.37614733622533036,0.5,2.1516966357219963e-15,0.0075,"[0.005, 0.0075, 0.01, 0.015, 0.02, 0.03, 0.05, 0.08]",0.02383229737343544,0.00018506309017152182,False,4.553303132354297e-19,0.00010158907632017241,True,success,4.99842273377058e-18,-9.050847957182843e-18,0.0001844315003520335,6.788135967887132e-20,0.0
0.7409146279781746,7.580944877925988e-19,0.00024376993527993492,0.017703470464494574,5.5718886061571944e-21,5.789345564452874e-06,typ,0.024376993527993492,1.0249150820904412e-07,True,0.023894076045986867,0.15,1.2,-1.0231873675666317e-16,-0.09903619147233056,8.438539001371176e-10,True,False,7,0.3,295,0.0005789345564452874,0.057893455644528746,0.0005789345564452874,0.0005789345564452874,0.0,3.2701755150572156,0.9940141617113659,-0.0030852197327974665,-0.0030852197327974665,0.4999600261175117,0.7408968333795531,0.0,0.5026747523579603,0.5026747523579603,True,0.017703470464494574,0.017736662240345955,success,0.9999200522350236,0.37614733622533036,0.5,2.1516966357219963e-15,0.01,"[0.005, 0.0075, 0.01, 0.015, 0.02, 0.03, 0.05, 0.08]",0.0237492189420514,0.00032901217775270557,False,1.0231873675666317e-18,0.0001806127109101967,True,success,1.740437705184851e-17,-3.1473425605064094e-17,0.00032701755150572155,3.1473425605064094e-19,0.0
0.7409369677862518,2.981555974335137e-19,0.0005485523643118347,0.01766211042519601,-1.2705494208814505e-21,1.2898179585780968e-05,typ,0.03657015762078898,2.2780907212807238e-07,True,0.023837534355947047,0.15,1.2,-2.6826897149279662e-17,-0.09888382555728113,8.438539001371176e-10,True,False,7,0.3,295,0.0008598786390520645,0.05732524260347097,0.0008598786390520645,0.0008598786390520645,0.0,3.2456621107799917,0.9865629803019516,-0.0030852197327974665,-0.0030852197327974665,0.4999600261175117,0.7408968333795531,0.0,0.5026747523579603,0.5026747523579603,True,0.01766211042519601,0.017736662240345955,success,0.9999200522350236,0.37614733622533036,0.5,2.1516966357219963e-15,0.015,"[0.005, 0.0075, 0.01, 0.015, 0.02, 0.03, 0.05, 0.08]",0.023513123677740198,0.0007403495683995661,False,4.024034572391949e-19,0.0004064427254851902,True,success,-2.6619877647048356e-18,4.795762946006495e-18,0.0007302739749254981,-7.193644419009743e-20,0.0
0.7409684286473869,1.1926223897340549e-18,0.0009753808592067263,0.01760445014230131,3.3881317890172014e-21,2.2614974398590017e-05,typ,0.04876904296033631,3.9812418926939853e-07,True,0.023758704772938365,0.15,1.2,-8.047727430918664e-17,-0.09867048036875375,8.438539001371176e-10,True,False,7,0.3,295,0.0011307487199295008,0.05653743599647504,0.0011307487199295008,0.0011307487199295008,0.0,3.211542282744895,0.9761917962153845,-0.0030852197327974665,-0.0030852197327974665,0.4999600261175117,0.7408968333795531,0.0,0.5026747523579603,0.5026747523579603,True,0.01760445014230131,0.017736662240345955,success,0.9999200522350236,0.37614733622533036,0.5,2.1516966357219963e-15,0.02,"[0.005, 0.0075, 0.01, 0.015, 0.02, 0.03, 0.05, 0.08]",0.023185788592348117,0.0013163595390794874,False,1.6095454861837329e-18,0.0007227264225791461,True,success,5.369712233667963e-18,-9.622941249598989e-18,0.001284616913097958,1.9245882499197977e-19,0.0
0.7410595629247212,1.3010426069826053e-18,0.002195776156540742,0.017441297217739855,2.710505431213761e-20,4.890374328662405e-05,typ,0.07319253855135807,8.529447217220602e-07,True,0.023535621278409424,0.15,1.2,-5.852172897986828e-17,-0.09806070589013989,8.438539001371176e-10,True,False,7,0.3,295,0.0016301247762208018,0.054337492540693394,0.0016301247762208018,0.0016301247762208018,0.0,3.1154501790971008,0.9469832991745544,-0.0030852197327974665,-0.0030852197327974665,0.4999600261175118,0.7408968333795531,0.0,0.5026747523579603,0.5026747523579603,True,0.017441297217739855,0.017736662240345955,success,0.9999200522350236,0.37614733622533036,0.5,2.1516966357219963e-15,0.03,"[0.005, 0.0075, 0.01, 0.015, 0.02, 0.03, 0.05, 0.08]",0.022271734366433656,0.002963022496970051,False,1.7556518693960485e-18,0.0016272009188466065,True,success,2.9348765543615253e-17,-5.1802443311706153e-17,0.0028039051611873905,1.5540732993511845e-18,0.0
0.7413459055004062,0.0,0.006104379620923886,0.01693592503160018,0.0,0.00011965624835397788,typ,0.12208759241847773,2.0264892516855017e-06,True,0.02284483519224198,0.15,1.2,-0.0,-0.09610765560213068,8.438539001371176e-10,True,False,7,0.3,295,0.0023931249670795574,0.04786249934159115,0.0023931249670795574,0.0023931249670795574,0.0,2.8260930095218364,0.859029266424267,-0.0030852197327974665,-0.0030852197327974665,0.49996002611751167,0.7408968333795531,0.0,0.5026747523579603,0.5026747523579603,True,0.01693592503160018,0.017736662240345955,success,0.9999200522350236,0.37614733622533036,0.5,2.1516966357219963e-15,0.05,"[0.005, 0.0075, 0.01, 0.015, 0.02, 0.03, 0.05, 0.08]",0.01960170496995862,0.008234185385840162,False,0.0,0.004525456837592045,True,success,0.0,-0.0,0.007065232523804591,0.0,0.0
0.741139796125944,6.938893903907228e-18,0.015315114948656604,0.015823590280961444,0.0,0.00022987380089456566,typ,0.19143893685820754,3.6374288416829152e-06,True,0.021350344919641173,0.15,1.2,-1.170307872444904e-16,-0.0913801972915794,8.438539001371176e-10,True,False,7,0.3,295,0.0028734225111820707,0.03591778138977588,0.0028734225111820707,0.0028734225111820707,0.0,2.269888233455544,0.6899632876485926,-0.0030852197327974665,-0.0030852197327974665,0.4999600261175118,0.7408968333795531,0.0,0.5026747523579603,0.5026747523579603,True,0.015823590280961444,0.017736662240345955,success,0.9999200522350236,0.37614733622533036,0.5,2.1516966357219963e-15,0.08,"[0.005, 0.0075, 0.01, 0.015, 0.02, 0.03, 0.05, 0.08]",0.015009603366687725,0.02066427282506101,False,9.362462979559232e-18,0.011350641170692753,True,success,0.0,-0.0,0.01452728469411548,0.0,0.0
0.6446440231110222,-1.7582127170363223e-19,5.301647010750412e-05,0.03194209708295553,-3.082955134243126e-20,2.626869381882788e-06,arith,0.010603294021500825,8.390771682034339e-08,True,0.04954997787585844,0.15,1.36,5.454832912438307e-17,-0.13255539808892672,8.983220365214171e-10,True,False,8,0.3,421,0.0005253738763765576,0.10507477527531152,0.0005253738763765576,0.0005253738763765576,0.0,3.2895390369150177,0.9998999665737164,-5.791392627972993e-06,-5.791392627972993e-06,0.4999595970842063,0.6446568363487423,0.0,0.44486307800993585,0.6446568363487423,True,0.03194209708295553,0.0319430944376379,success,0.9999191941684127,0.9999191941684127,0.5,3.0411741994613327e-15,0.005,"[0.005, 0.0075, 0.01, 0.015, 0.02, 0.03, 0.05, 0.08]",0.04954817581321719,8.22414669287541e-05,False,-2.7274164562191534e-19,3.4176750581246705e-05,True,success,-1.0643053681050405e-16,1.9303398435215496e-16,8.223847592287544e-05,-9.651699217607747e-19,0.0
0.6446279851195518,-4.422306078055499e-19,0.0001192745620683017,0.03194084839762297,-2.2573758916572125e-20,5.909482763333478e-06,arith,0.015903274942440225,1.8875389305200068e-07,True,0.0495492735887029,0.15,1.36,9.146993677260939e-17,-0.13252226452964394,8.983220365214171e-10,True,False,8,0.3,421,0.0007879310351111304,0.10505747134815073,0.0007879310351111304,0.0007879310351111304,0.0,3.2891258879638614,0.999774384351461,-5.791392627972993e-06,-5.791392627972993e-06,0.49995959708420634,0.6446568363487423,0.0,0.44486307800993585,0.6446568363487423,True,0.03194084839762297,0.0319430944376379,success,0.9999191941684127,0.9999191941684127,0.5,3.0411741994613327e-15,0.0075,"[0.005, 0.0075, 0.01, 0.015, 0.02, 0.03, 0.05, 0.08]",0.04954520612659602,0.00018502852004816578,False,-6.860245257945704e-19,7.688772062210624e-05,True,success,-5.195841850672189e-17,9.423151460289977e-17,0.00018501333119796718,-7.067363595217483e-19,0.0
0.6446054916891325,-4.404571325722362e-19,0.0002120124389281593,0.03193909649902954,-2.752857078576476e-21,1.0503312814819406e-05,arith,0.02120124389281593,3.354663215520106e-07,True,0.04954828482043478,0.15,1.36,6.83297207751142e-17,-0.13247588339047148,8.983220365214171e-10,True,False,8,0.3,421,0.0010503312814819407,0.10503312814819407,0.0010503312814819407,0.0010503312814819407,0.0,3.288544124953111,0.9995975496009154,-5.791392627972993e-06,-5.791392627972993e-06,0.4999595970842063,0.6446568363487423,0.0,0.44486307800993585,0.6446568363487423,True,0.03193909649902954,0.0319430944376379,success,0.9999191941684127,0.9999191941684127,0.5,3.0411741994613327e-15,0.01,"[0.005, 0.0075, 0.01, 0.015, 0.02, 0.03, 0.05, 0.08]",0.04954102159250415,0.00032890262596522286,False,-6.83297207751142e-19,0.0001366643824394983,True,success,-4.7529057376364544e-18,8.619082504917197e-18,0.0003288544124953111,-8.619082504917197e-20,0.0
0.6445409632485826,-5.421010862427522e-19,0.0004768253747753739,0.03193406676473251,1.7787691892340307e-20,2.3616630837987166e-05,arith,0.03178835831835826,7.541750659383229e-07,True,0.049545441772668807,0.15,1.36,5.607102492606852e-17,-0.13234340369207154,8.983220365214171e-10,True,False,8,0.3,421,0.0015744420558658112,0.10496280372438742,0.0015744420558658112,0.0015744420558658112,0.0,3.286859907248228,0.999085608806805,-5.791392627972993e-06,-5.791392627972993e-06,0.4999595970842063,0.6446568363487423,0.0,0.44486307800993585,0.6446568363487423,True,0.03193406676473251,0.0319430944376379,success,0.9999191941684127,0.9999191941684127,0.5,3.0411741994613327e-15,0.015,"[0.005, 0.0075, 0.01, 0.015, 0.02, 0.03, 0.05, 0.08]",0.04952888853516374,0.0007397906447591832,False,-8.410653738910276e-19,0.00030733348635908584,True,success,2.0482525927985176e-17,-3.713420325987577e-17,0.0007395434791308512,5.570130488981365e-19,0.0
0.6444499602041419,-8.673617379884035e-19,0.0008471767156604372,0.031926963425611174,4.404571325722362e-20,4.1944942284773894e-05,arith,0.04235883578302186,1.3391746382153477e-06,True,0.04954141577648278,0.15,1.36,6.729473128632439e-17,-0.13215802750766104,8.983220365214171e-10,True,False,8,0.3,421,0.0020972471142386945,0.10486235571193472,0.0020972471142386945,0.0020972471142386945,0.0,3.2844450101326026,0.9983515681044162,-5.791392627972993e-06,-5.791392627972993e-06,0.49995959708420623,0.6446568363487423,0.0,0.44486307800993585,0.6446568363487423,True,0.031926963425611174,0.0319430944376379,success,0.9999191941684127,0.9999191941684127,0.5,3.0411741994613327e-15,0.02,"[0.005, 0.0075, 0.01, 0.015, 0.02, 0.03, 0.05, 0.08]",0.049511443727622624,0.00131457330743271,False,-1.3458946257264878e-18,0.0005459630006932444,True,success,3.8061424578623247e-17,-6.897886383690819e-17,0.0013137780040530411,1.3795772767381637e-18,0.0
0.644185486053872,-8.673617379884035e-19,0.001902715640437425,0.03190625186826612,1.6263032587282567e-19,9.410519528760359e-05,arith,0.0634238546812475,3.0025440629586503e-06,True,0.049529603753906776,0.15,1.36,4.488157302340855e-17,-0.13162901386119413,8.983220365214171e-10,True,False,8,0.3,421,0.0031368398429201198,0.10456132809733733,0.0031368398429201198,0.0031368398429201198,0.0,3.277142314586119,0.9961318148347681,-5.791392627972993e-06,-5.791392627972993e-06,0.49995959708420634,0.6446568363487423,0.0,0.44486307800993585,0.6446568363487423,True,0.03190625186826612,0.0319430944376379,success,0.9999191941684127,0.9999191941684127,0.5,3.0411741994613327e-15,0.03,"[0.005, 0.0075, 0.01, 0.015, 0.02, 0.03, 0.05, 0.08]",0.049458360086833186,0.0029536766686455653,False,-1.3464471907022564e-18,0.001225701799657487,True,success,9.385487540234169e-17,-1.6990434617045212e-16,0.002949428083127507,5.0971303851135635e-18,0.0
0.6432875484333183,1.734723475976807e-18,0.005249921552665861,0.03183515842910841,1.0842021724855044e-19,0.00025854261207548015,arith,0.10499843105331721,8.230745016098427e-06,True,0.04948822421114898,0.15,1.36,-5.39330655537047e-17,-0.12994314809479218,8.983220365214171e-10,True,False,8,0.3,421,0.005170852241509602,0.10341704483019204,0.005170852241509602,0.005170852241509602,0.0,3.2485167322312702,0.9874306811748346,-5.791392627972993e-06,-5.791392627972993e-06,0.49995959708420623,0.6446568363487423,0.0,0.44486307800993585,0.6446568363487423,True,0.03183515842910841,0.0319430944376379,success,0.9999191941684127,0.9999191941684127,0.5,3.0411741994613327e-15,0.05,"[0.005, 0.0075, 0.01, 0.015, 0.02, 0.03, 0.05, 0.08]",0.049246947688998254,0.008161080632528451,False,2.696653277685235e-18,0.003377209165081662,True,success,3.7791201466126e-17,-6.811350883645463e-17,0.008121291830578178,3.4056754418227315e-18,0.0
0.6406510500451434,0.0,0.013113085075158971,0.03162172897009712,0.0,0.0006352344236010097,arith,0.16391356343948713,2.0087210775586996e-05,True,0.04935874056222791,0.15,1.36,-0.0,-0.1258941490427446,8.983220365214171e-10,True,False,8,0.3,421,0.00794043029501262,0.09925537868765776,0.00794043029501262,0.00794043029501262,0.0,3.1388346532701594,0.9540913269807583,-5.791392627972993e-06,-5.791392627972993e-06,0.4999595970842063,0.6446568363487423,0.0,0.44486307800993585,0.6446568363487423,True,0.03162172897009712,0.0319430944376379,success,0.9999191941684127,0.9999191941684127,0.5,3.0411741994613327e-15,0.08,"[0.005, 0.0075, 0.01, 0.015, 0.02, 0.03, 0.05, 0.08]",0.048442789775258795,0.020468373655572653,False,0.0,0.008400911722731894,True,success,0.0,-0.0,0.02008854178092902,0.0,0.0
0.6859564403243796,6.445086310162313e-20,5.641938393033005e-05,0.007886801621949449,-1.2424067008026078e-22,6.474477445143318e-07,typ,0.01128387678606601,5.106291921563144e-09,True,0.011497525437941636,0.15,1.36,-1.8791532322707013e-17,-0.11210758891517496,8.397757294709245e-10,True,False,9,0.3,323,0.00012948954890286635,0.02589790978057327,0.00012948954890286635,0.00012948954890286635,0.0,3.2837024464388467,0.9981258558072726,-0.008299730909583908,-0.008299730909583908,0.49995077229972307,0.6859498812997377,0.0,0.3462381380920461,0.3462381380920461,True,0.007886801621949449,0.007891424522161346,success,0.9999015445994459,0.24020492225345735,0.5,3.956829654759271e-15,0.005,"[0.005, 0.0075, 0.01, 0.015, 0.02, 0.03, 0.05, 0.08]",0.011475625918103574,8.224922256528428e-05,False,9.395766161353507e-20,3.870123976614371e-05,True,success,-1.7386451978994874e-18,3.1505970616654395e-18,8.209256116097117e-05,-1.5752985308327196e-20,0.0
0.6859646508328242,3.941350182692666e-20,0.00012695001199704823,0.00788102952615295,1.9376705849054673e-21,1.452280414012428e-06,typ,0.0169266682662731,1.1445464823085577e-08,True,0.011488973253336969,0.15,1.36,-7.66093933636863e-18,-0.11207232591212186,8.397757294709245e-10,True,False,9,0.3,323,0.00019363738853499043,0.025818318471332057,0.00019363738853499043,0.00019363738853499043,0.0,3.2760083420135366,0.9957871285049521,-0.008299730909583908,-0.008299730909583908,0.49995077229972307,0.6859498812997377,0.0,0.3462381380920461,0.3462381380920461,True,0.00788102952615295,0.007891424522161346,success,0.9999015445994459,0.24020492225345735,0.5,3.956829654759271e-15,0.0075,"[0.005, 0.0075, 0.01, 0.015, 0.02, 0.03, 0.05, 0.08]",0.011439781620865034,0.00018506786296191682,False,5.745704502276473e-20,8.708322065277804e-05,True,success,1.8111867358220097e-17,-3.2782021324758277e-17,0.0001842754692382614,2.458651599356871e-19,0.0
0.6859761676198308,2.676624113323589e-19,0.00022570490425100485,0.007872960798074442,1.7536228986124187e-21,2.5707272534906806e-06,typ,0.02257049042510048,2.0239234889273705e-08,True,0.011477017963162897,0.15,1.36,-3.9019199786645924e-17,-0.11202295471515925,8.397757294709245e-10,True,False,9,0.3,323,0.00025707272534906804,0.025707272534906803,0.00025707272534906804,0.00025707272534906804,0.0,3.265261087187714,0.9925203547653776,-0.008299730909583908,-0.008299730909583908,0.499950772299723,0.6859498812997377,0.0,0.3462381380920461,0.3462381380920461,True,0.007872960798074442,0.007891424522161346,success,0.9999015445994459,0.24020492225345735,0.5,3.956829654759271e-15,0.01,"[0.005, 0.0075, 0.01, 0.015, 0.02, 0.03, 0.05, 0.08]",0.011389771356637395,0.0003290273261739479,False,3.9019199786645924e-19,0.00015482818523110517,True,success,1.2326482471277886e-17,-2.2273995052043414e-17,0.0003265261087187714,2.227399505204341e-19,0.0
0.6860092169723337,0.0,0.0005079398930555621,0.0078499859884935,1.1011428314305904e-20,5.71330505036979e-06,typ,0.03386265953703747,4.4849364593392e-08,True,0.011442974517367284,0.15,1.36,-0.0,-0.11188187476145427,8.397757294709245e-10,True,False,9,0.3,323,0.00038088700335798604,0.025392466890532404,0.00038088700335798604,0.00038088700335798604,0.0,3.234714931689388,0.9832354368729378,-0.008299730909583908,-0.008299730909583908,0.49995077229972296,0.6859498812997377,0.0,0.3462381380920461,0.3462381380920461,True,0.0078499859884935,0.007891424522161346,success,0.9999015445994459,0.24020492225345735,0.5,3.956829654759271e-15,0.015,"[0.005, 0.0075, 0.01, 0.015, 0.02, 0.03, 0.05, 0.08]",0.011247994356184243,0.00074042721364201,False,0.0,0.00034845144830405713,True,success,5.199547003706398e-17,-9.351548168745307e-17,0.0007278108596301123,1.402732225311796e-18,0.0
0.6860558557473829,-8.673617379884035e-19,0.0009032676100583933,0.00781801815592704,-2.541098841762901e-21,9.983177464438678e-06,typ,0.04516338050291966,7.804866267082326e-08,True,0.01139560006730088,0.15,1.36,6.321363856325574e-17,-0.11168431388346711,8.397757294709245e-10,True,False,9,0.3,323,0.0004991588732219339,0.024957943661096695,0.0004991588732219339,0.0004991588732219339,0.0,3.1923619468925684,0.9703616732217386,-0.008299730909583908,-0.008299730909583908,0.49995077229972307,0.6859498812997377,0.0,0.3462381380920461,0.3462381380920461,True,0.00781801815592704,0.007891424522161346,success,0.9999015445994459,0.24020492225345735,0.5,3.956829654759271e-15,0.02,"[0.005, 0.0075, 0.01, 0.015, 0.02, 0.03, 0.05, 0.08]",0.011052292092919504,0.0013166094312749242,False,-1.2642727712651147e-18,0.0006196920331875044,True,success,-9.095756495276595e-18,1.6251553725520765e-17,0.0012769447787570275,-3.250310745104153e-19,0.0
0.6861916690153452,1.734723475976807e-18,0.00203412494976372,0.007727964199063783,2.0328790734103208e-20,2.138166901294004e-05,typ,0.067804164992124,1.6523677264823207e-07,True,0.01126210729161587,0.15,1.36,-8.426816948807995e-17,-0.11111952827111339,8.397757294709245e-10,True,False,9,0.3,323,0.0007127223004313346,0.02375741001437782,0.0007127223004313346,0.0007127223004313346,0.0,3.0742132601048993,0.9344487788483952,-0.008299730909583908,-0.008299730909583908,0.499950772299723,0.6859498812997377,0.0,0.3462381380920461,0.3462381380920461,True,0.007727964199063783,0.007891424522161346,success,0.9999015445994459,0.24020492225345735,0.5,3.956829654759271e-15,0.03,"[0.005, 0.0075, 0.01, 0.015, 0.02, 0.03, 0.05, 0.08]",0.010511482598659288,0.0029643684725619004,False,2.5280450846423985e-18,0.0013957995942641222,True,success,5.001015415943019e-17,-8.768497632087018e-17,0.0027667919340944092,2.630549289626105e-18,0.0
0.6866484538997842,-3.469446951953614e-18,0.0056654344820768225,0.007453122222608981,8.131516293641283e-20,5.088024037327078e-05,typ,0.11330868964153643,3.7921665021771113e-07,True,0.010854349383996076,0.15,1.36,1.0105453328407194e-16,-0.1093088396786437,8.397757294709245e-10,True,False,9,0.3,323,0.0010176048074654156,0.02035209614930831,0.0010176048074654156,0.0010176048074654156,0.0,2.7306805847850453,0.8300273669987156,-0.008299730909583908,-0.008299730909583908,0.499950772299723,0.6859498812997377,0.0,0.3462381380920461,0.3462381380920461,True,0.007453122222608981,0.007891424522161346,success,0.9999015445994459,0.24020492225345735,0.5,3.956829654759271e-15,0.05,"[0.005, 0.0075, 0.01, 0.015, 0.02, 0.03, 0.05, 0.08]",0.008980818776430227,0.008250851581912522,False,-5.052726664203597e-18,0.003890161827788575,True,success,1.3204678683806707e-16,-2.1820429212805336e-16,0.006826701461962614,1.0910214606402669e-17,0.0
0.6873433513864784,0.0,0.014368690839425945,0.006871059765135388,5.421010862427522e-20,9.323498797642433e-05,typ,0.17960863549282433,6.406231745876909e-07,True,0.009996546487683909,0.15,1.36,-0.0,-0.10489978790204593,8.397757294709245e-10,True,False,9,0.3,323,0.001165437349705304,0.0145679668713163,0.001165437349705304,0.001165437349705304,0.0,2.1201921347323998,0.6444611299207849,-0.008299730909583908,-0.008299730909583908,0.49995077229972307,0.6859498812997377,0.0,0.3462381380920461,0.3462381380920461,True,0.006871059765135388,0.007891424522161346,success,0.9999015445994459,0.24020492225345735,0.5,3.956829654759271e-15,0.08,"[0.005, 0.0075, 0.01, 0.015, 0.02, 0.03, 0.05, 0.08]",0.00648876011171448,0.020904677131803287,False,0.0,0.009876224116607222,True,success,6.772966926528866e-17,-9.862035566067998e-17,0.01356922966228736,7.889628452854399e-18,0.0
0.5978488927066217,-2.3081544415103115e-20,4.916888732521471e-05,0.026551447913636173,-2.3046182443916473e-20,2.1836191823413327e-06,arith,0.00983377746504294,5.79782509831527e-08,True,0.04441163684928925,0.15,1.5,7.72153120853224e-18,-0.14697563609432576,9.024561335379358e-10,True,False,10,0.3,395,0.00043672383646826653,0.0873447672936533,0.00043672383646826653,0.00043672383646826653,0.0,3.289642341832333,0.9999313675032117,-6.924472527865743e-06,-6.924472527865743e-06,0.49995950765220615,0.5978572946178363,0.0,0.37187202302995576,0.5978572946178363,True,0.026551447913636173,0.026552016796674877,success,0.9999190153044124,0.9999190153044124,0.5,3.266651059429217e-15,0.005,"[0.005, 0.0075, 0.01, 0.015, 0.02, 0.03, 0.05, 0.08]",0.04441058769335895,8.224300140895807e-05,False,-3.8607656042661206e-20,2.9395564842996258e-05,True,success,-9.571201086602975e-17,1.735964269736154e-16,8.224105854580833e-05,-8.67982134868077e-19,0.0
0.5978383780078842,3.5059223082447525e-19,0.00011062180665992246,0.02655073581649636,-2.1609266322335295e-20,4.912588286129814e-06,arith,0.014749574221322996,1.3043283376024732e-07,True,0.04441122683520029,0.15,1.5,-7.819108390525612e-17,-0.14694490667666305,9.024561335379358e-10,True,False,10,0.3,395,0.0006550117714839753,0.08733490286453004,0.0006550117714839753,0.0006550117714839753,0.0,3.28935903954374,0.9998452539335853,-6.924472527865743e-06,-6.924472527865743e-06,0.49995950765220615,0.5978572946178363,0.0,0.37187202302995576,0.5978572946178363,True,0.02655073581649636,0.026552016796674877,success,0.9999190153044124,0.9999190153044124,0.5,3.266651059429217e-15,0.0075,"[0.005, 0.0075, 0.01, 0.015, 0.02, 0.03, 0.05, 0.08]",0.044408859649456546,0.00018503630869021192,False,5.864331292894209e-19,6.613396146586981e-05,True,success,-5.983379609292634e-17,1.0851810396360287e-16,0.00018502644597433534,-8.138857797270214e-19,0.0
0.5978236343421743,5.124549330888517e-19,0.00019664053347347618,0.026549737016920438,-2.286988957586611e-20,8.732103404821642e-06,arith,0.019664053347347617,2.3183504900257014e-07,True,0.04441065138907548,0.15,1.5,-8.572008593349448e-17,-0.1469018893210241,9.024561335379358e-10,True,False,10,0.3,395,0.0008732103404821642,0.08732103404821642,0.0008732103404821642,0.0008732103404821642,0.0,3.288960413904129,0.9997240862686786,-6.924472527865743e-06,-6.924472527865743e-06,0.49995950765220615,0.5978572946178363,0.0,0.37187202302995576,0.5978572946178363,True,0.026549737016920438,0.026552016796674877,success,0.9999190153044124,0.9999190153044124,0.5,3.266651059429217e-15,0.01,"[0.005, 0.0075, 0.01, 0.015, 0.02, 0.03, 0.05, 0.08]",0.044406426541756056,0.0003289273327071671,False,8.572008593349449e-19,0.00011755635838009751,True,success,-4.749791225835471e-17,8.613979702055383e-17,0.0003288960413904129,-8.613979702055383e-19,0.0
0.597781359730435,3.5236570605778894e-19,0.0004423086279656273,0.0265468712012192,5.082197683525802e-21,1.9638230617186298e-05,arith,0.029487241864375152,5.213335788142841e-07,True,0.044408997987475406,0.15,1.5,-3.929705516597636e-17,-0.14677900736343819,9.024561335379358e-10,True,False,10,0.3,395,0.0013092153744790865,0.08728102496527243,0.0013092153744790865,0.0013092153744790865,0.0,3.287808356160026,0.999373902705908,-6.924472527865743e-06,-6.924472527865743e-06,0.4999595076522062,0.5978572946178363,0.0,0.37187202302995576,0.5978572946178363,True,0.0265468712012192,0.026552016796674877,success,0.9999190153044124,0.9999190153044124,0.5,3.266651059429217e-15,0.015,"[0.005, 0.0075, 0.01, 0.015, 0.02, 0.03, 0.05, 0.08]",0.04439938399463558,0.0007399170629293009,False,5.894558274896454e-19,0.0002644038530457958,True,success,7.038720248371766e-18,-1.2762829048048408e-17,0.0007397568801360059,1.9144243572072611e-19,0.0
0.5977217959717355,5.421010862427522e-19,0.0007859916142520227,0.02654282839563777,-1.3552527156068805e-20,3.488960993144528e-05,arith,0.03929958071260114,9.260689292010913e-07,True,0.04440665971112237,0.15,1.5,-4.5347274425675005e-17,-0.14660703496941485,9.024561335379358e-10,True,False,10,0.3,395,0.0017444804965722639,0.08722402482861319,0.0017444804965722639,0.0017444804965722639,0.0,3.2861616527253052,0.9988733648825666,-6.924472527865743e-06,-6.924472527865743e-06,0.49995950765220615,0.5978572946178363,0.0,0.37187202302995576,0.5978572946178363,True,0.02654282839563777,0.026552016796674877,success,0.9999190153044124,0.9999190153044124,0.5,3.266651059429217e-15,0.02,"[0.005, 0.0075, 0.01, 0.015, 0.02, 0.03, 0.05, 0.08]",0.04438929029115337,0.0013149790078747438,False,9.069454885135e-19,0.00046980431928944253,True,success,-1.4083111882341047e-17,2.5529545973887467e-17,0.0013144646610901225,-5.105909194777494e-19,0.0
0.5975490727883853,4.336808689942018e-19,0.0017662523185536638,0.026531071630455122,0.0,7.834884730638222e-05,arith,0.058875077285122125,2.0786788800492174e-06,True,0.0443998205982503,0.15,1.5,-2.41922038285763e-17,-0.14611609703640158,9.024561335379358e-10,True,False,10,0.3,395,0.002611628243546074,0.08705427478486913,0.002611628243546074,0.002611628243546074,0.0,3.281219695812784,0.9973711901109084,-6.924472527865743e-06,-6.924472527865743e-06,0.4999595076522062,0.5978572946178363,0.0,0.37187202302995576,0.5978572946178363,True,0.026531071630455122,0.026552016796674877,success,0.9999190153044124,0.9999190153044124,0.5,3.266651059429217e-15,0.03,"[0.005, 0.0075, 0.01, 0.015, 0.02, 0.03, 0.05, 0.08]",0.04435880790267835,0.0029558280633114804,False,7.25766114857289e-19,0.0010554224352620776,True,success,0.0,-0.0,0.0029530977262315055,0.0,0.0
0.596967322934725,-1.734723475976807e-18,0.004883686040606407,0.026491085953144186,1.0842021724855044e-19,0.00021605317020175982,arith,0.09767372081212813,5.723483102264109e-06,True,0.04437610725979525,0.15,1.5,5.811787042040455e-17,-0.14454957653425576,9.024561335379358e-10,True,False,10,0.3,395,0.004321063404035196,0.08642126808070391,0.004321063404035196,0.004321063404035196,0.0,3.262277289559234,0.9916133890429772,-6.924472527865743e-06,-6.924472527865743e-06,0.4999595076522062,0.5978572946178363,0.0,0.37187202302995576,0.5978572946178363,True,0.026491085953144186,0.026552016796674877,success,0.9999190153044124,0.9999190153044124,0.5,3.266651059429217e-15,0.05,"[0.005, 0.0075, 0.01, 0.015, 0.02, 0.03, 0.05, 0.08]",0.0442397747122443,0.00818082640871854,False,-2.9058935210202274e-18,0.0029154009817144934,True,success,4.5318974167312456e-17,-8.185411307057588e-17,0.008155693223898086,4.0927056535287944e-18,0.0
0.5952834637654506,0.0,0.012291102320020151,0.026372453032834593,0.0,0.0005379216384838116,arith,0.15363877900025186,1.4186313146259751e-05,True,0.0443023444091934,0.15,1.5,-0.0,-0.14076964808908288,9.024561335379358e-10,True,False,10,0.3,395,0.006724020481047645,0.08405025601309556,0.006724020481047645,0.006724020481047645,0.0,3.1870473295923656,0.9687462232753509,-6.924472527865743e-06,-6.924472527865743e-06,0.49995950765220615,0.5978572946178363,0.0,0.37187202302995576,0.5978572946178363,True,0.026372453032834593,0.026552016796674877,success,0.9999190153044124,0.9999190153044124,0.5,3.266651059429217e-15,0.08,"[0.005, 0.0075, 0.01, 0.015, 0.02, 0.03, 0.05, 0.08]",0.043765125737146235,0.020647478164894907,False,0.0,0.007316689962557161,True,success,0.0,-0.0,0.02039710290939114,0.0,0.0
0.6420641153615768,-1.0768873109311214e-19,5.2809434541425624e-05,0.002814681658908729,-1.3131310470726751e-21,2.3087885806383103e-07,typ,0.010561886908285125,6.498504872220569e-10,True,0.004383801541881294,0.15,1.5,3.3544541274501065e-17,-0.12459154632027035,8.646001600331079e-10,True,False,11,0.3,339,4.6175771612766206e-05,0.009235154322553242,4.617577161276621e-05,4.6175771612766206e-05,0.0,3.281065300341557,0.9973242595152271,-0.030084337731670338,-0.030084337731670338,0.49995300041341545,0.6420572833319987,0.0,0.2103449217123734,0.2103449217123734,True,0.002814681658908729,0.0028170382858369865,success,0.9999060008268303,0.12879658863124718,0.5,4.926375291946431e-15,0.005,"[0.005, 0.0075, 0.01, 0.015, 0.02, 0.03, 0.05, 0.08]",0.004371924450028362,8.224947209779217e-05,False,-1.6772270637250533e-19,3.390704287158554e-05,True,success,-5.1511161807005593e-17,9.330583037101146e-17,8.202663250853893e-05,-4.665291518550573e-19,1.467493306849467e-16
0.6420725594401179,-1.3356650787016248e-19,0.0001188277973949227,0.002811741139250209,-2.5246586270884096e-21,5.171995219231297e-07,typ,0.015843706319323025,1.4542311729918042e-09,True,0.004379164158178672,0.15,1.5,2.773653453053788e-17,-0.12455853951183316,8.646001600331079e-10,True,False,11,0.3,339,6.89599362564173e-05,0.009194658167522306,6.89599362564173e-05,6.89599362564173e-05,0.0,3.27009412039054,0.9939894206994567,-0.030084337731670338,-0.030084337731670338,0.49995300041341545,0.6420572833319987,0.0,0.2103449217123734,0.2103449217123734,True,0.002811741139250209,0.0028170382858369865,success,0.9999060008268303,0.12879658863124718,0.5,4.926375291946431e-15,0.0075,"[0.005, 0.0075, 0.01, 0.015, 0.02, 0.03, 0.05, 0.08]",0.004352512907432119,0.00018506911041104074,False,-2.080240089790341e-19,7.629606800598979e-05,True,success,-6.62042603837487e-17,1.197198225609842e-16,0.00018394279427196784,-8.978986692073816e-19,0.0
0.642084391479611,-1.4145450219146816e-19,0.00021126583993430668,0.0028076343907220973,-3.474158572722716e-21,9.138276081071115e-07,typ,0.02112658399343067,2.5656938197128415e-09,True,0.004372687497125137,0.15,1.5,2.2030515625134914e-17,-0.12451232690698222,8.646001600331079e-10,True,False,11,0.3,339,9.138276081071114e-05,0.009138276081071114,9.138276081071114e-05,9.138276081071114e-05,0.0,3.254795607030884,0.9893392302547513,-0.030084337731670338,-0.030084337731670338,0.4999530004134154,0.6420572833319987,0.0,0.2103449217123734,0.2103449217123734,True,0.0028076343907220973,0.0028170382858369865,success,0.9999060008268303,0.12879658863124718,0.5,4.926375291946431e-15,0.01,"[0.005, 0.0075, 0.01, 0.015, 0.02, 0.03, 0.05, 0.08]",0.004325486829253925,0.0003290312655747142,False,-2.2030515625134914e-19,0.0001356504982746482,True,success,-6.858785534772482e-17,1.237397071428946e-16,0.0003254795607030884,-1.237397071428946e-18,0.0
0.6421183296300442,2.981555974335137e-19,0.00047545469118963314,0.0027959652205539567,-6.88214269644119e-22,2.0203211064329843e-06,typ,0.03169697941264221,5.648747547937713e-09,True,0.00435428345763755,0.15,1.5,-3.095541571029915e-17,-0.12438027099204821,8.646001600331079e-10,True,False,11,0.3,339,0.00013468807376219895,0.00897920491747993,0.00013468807376219895,0.00013468807376219895,0.0,3.2114866277560155,0.9761748791273379,-0.030084337731670338,-0.030084337731670338,0.49995300041341545,0.6420572833319987,0.0,0.2103449217123734,0.2103449217123734,True,0.0027959652205539567,0.0028170382858369865,success,0.9999060008268303,0.12879658863124718,0.5,4.926375291946431e-15,0.015,"[0.005, 0.0075, 0.01, 0.015, 0.02, 0.03, 0.05, 0.08]",0.004249240030375865,0.0007404471563108404,False,4.643312356544872e-19,0.0003052981721214557,True,success,-9.156881421638325e-18,1.6409700296814733e-17,0.0007225844912451035,-2.46145504452221e-19,0.0
0.6421661884582661,-2.168404344971009e-19,0.000845522454422781,0.0027797895590059144,-2.964615315390051e-21,3.504635023608273e-06,typ,0.04227612272113905,9.742147846752724e-09,True,0.0043287697312119865,0.15,1.5,1.6883513831341588e-17,-0.12419534254759,8.646001600331079e-10,True,False,11,0.3,339,0.00017523175118041364,0.008761587559020682,0.00017523175118041364,0.00017523175118041364,0.0,3.1518887933926654,0.958059309766694,-0.030084337731670338,-0.030084337731670338,0.49995300041341545,0.6420572833319987,0.0,0.2103449217123734,0.2103449217123734,True,0.0027797895590059144,0.0028170382858369865,success,0.9999060008268303,0.12879658863124718,0.5,4.926375291946431e-15,0.02,"[0.005, 0.0075, 0.01, 0.015, 0.02, 0.03, 0.05, 0.08]",0.0041449343010065975,0.0013166723343886095,False,-3.3767027662683175e-19,0.0005429659318125554,True,success,-3.003592351889271e-17,5.3324455906839086e-17,0.0012607555173570664,-1.0664891181367818e-18,0.0
0.6423052475956872,1.3010426069826053e-18,0.0019042264407174716,0.002734624003340216,3.3881317890172014e-21,7.3559970458029006e-06,typ,0.06347421469058238,2.0115886089952328e-08,True,0.004257514653004335,0.15,1.5,-6.751943419699281e-17,-0.12366664316879566,8.646001600331079e-10,True,False,11,0.3,339,0.0002451999015267634,0.008173330050892113,0.0002451999015267634,0.0002451999015267634,0.0,2.9888313862925107,0.9084958012995794,-0.030084337731670338,-0.030084337731670338,0.49995300041341545,0.6420572833319987,0.0,0.2103449217123734,0.2103449217123734,True,0.002734624003340216,0.0028170382858369865,success,0.9999060008268303,0.12879658863124718,0.5,4.926375291946431e-15,0.03,"[0.005, 0.0075, 0.01, 0.015, 0.02, 0.03, 0.05, 0.08]",0.0038629844059046466,0.0029646752036441835,False,2.0255830259097844e-18,0.0012230946354832898,True,success,2.3888600687449863e-17,-4.129917903251972e-17,0.0026899482476632594,1.2389753709755916e-18,0.0
0.6427689990496928,0.0,0.005305326311110067,0.0026008157596967433,6.776263578034403e-21,1.6557031631808017e-05,typ,0.10610652622220132,4.3061788801803774e-08,True,0.004046268198282651,0.15,1.5,-0.0,-0.12197137428243272,8.646001600331079e-10,True,False,11,0.3,339,0.0003311406326361603,0.006622812652723206,0.0003311406326361603,0.0003311406326361603,0.0,2.5464366816569233,0.774023935967239,-0.030084337731670338,-0.030084337731670338,0.49995300041341545,0.6420572833319987,0.0,0.2103449217123734,0.2103449217123734,True,0.0026008157596967433,0.0028170382858369865,success,0.9999060008268303,0.12879658863124718,0.5,4.926375291946431e-15,0.05,"[0.005, 0.0075, 0.01, 0.015, 0.02, 0.03, 0.05, 0.08]",0.003120831907574727,0.008253861525608377,False,0.0,0.0034100992826242168,True,success,3.265459164917423e-17,-5.210875513015592e-17,0.00636609170414231,2.6054377565077963e-18,0.0
0.6436404677355662,-6.938893903907228e-18,0.013523852303075859,0.0023370971444621825,2.710505431213761e-20,2.783305872267142e-05,typ,0.16904815378844823,6.504856206240362e-08,True,0.0036310599808686323,0.15,1.5,1.347587327813501e-16,-0.1178343508144264,8.646001600331079e-10,True,False,11,0.3,339,0.00034791323403339275,0.00434891542541741,0.00034791323403339275,0.00034791323403339275,0.0,1.86081927990126,0.5656212359522349,-0.030084337731670338,-0.030084337731670338,0.49995300041341534,0.6420572833319987,0.0,0.2103449217123734,0.2103449217123734,True,0.0023370971444621825,0.0028170382858369865,success,0.9999060008268303,0.12879658863124718,0.5,4.926375291946431e-15,0.08,"[0.005, 0.0075, 0.01, 0.015, 0.02, 0.03, 0.05, 0.08]",0.0020580717756242487,0.021011500955890813,False,-1.078069862250801e-17,0.008704498621938459,True,success,1.0627507778526218e-16,-1.4497179961241557e-16,0.011909243391368063,1.1597743968993246e-17,0.0
0.5400738652798664,7.781189794588591e-20,4.4418030851950484e-05,0.020896547621893292,-7.541014672559551e-21,1.7185998146630433e-06,arith,0.008883606170390097,3.591280287008327e-08,True,0.03869201782438536,0.15,1.7,-2.8815279889747584e-17,-0.16831962647540213,8.685320791925854e-10,True,False,12,0.3,363,0.00034371996293260863,0.06874399258652172,0.00034371996293260863,0.00034371996293260863,0.0,3.2897296639804137,0.9999579102534168,-8.761340360002477e-06,-8.761340360002477e-06,0.49995936842015926,0.5400786649936237,0.0,0.28845631149852524,0.5400786649936237,True,0.020896547621893292,0.0208968222440495,success,0.9999187368403184,0.9999187368403184,0.5,2.9884948249941736e-15,0.005,"[0.005, 0.0075, 0.01, 0.015, 0.02, 0.03, 0.05, 0.08]",0.03869149040828261,8.224436268348784e-05,False,1.4407639944873792e-19,2.3989017610333256e-05,True,success,-3.9792858260636854e-17,7.217474205795448e-17,8.224324159951034e-05,-3.6087371028977236e-19,0.0
0.540067859849447,1.810532924756067e-20,9.9935893599081e-05,0.020896203950693023,-8.610950176677018e-22,3.866581912772928e-06,arith,0.013324785813210803,8.079688424136383e-08,True,0.03869181172254574,0.15,1.7,-4.46988995114005e-18,-0.16829186585527592,8.685320791925854e-10,True,False,12,0.3,363,0.0005155442550363904,0.06873923400485206,0.0005155442550363904,0.0005155442550363904,0.0,3.2895560441049545,0.9999051361395608,-8.761340360002477e-06,-8.761340360002477e-06,0.4999593684201593,0.5400786649936237,0.0,0.28845631149852524,0.5400786649936237,True,0.020896203950693023,0.0208968222440495,success,0.9999187368403184,0.9999187368403184,0.5,2.9884948249941736e-15,0.0075,"[0.005, 0.0075, 0.01, 0.015, 0.02, 0.03, 0.05, 0.08]",0.03869062229317459,0.0001850432159153848,False,3.3524174633550374e-20,5.397216417819773e-05,True,success,-3.0293801101380274e-18,5.4944270879664956e-18,0.00018503752748090367,-4.1208203159748717e-20,0.0
0.5400594413992437,2.752857078576476e-19,0.00017765213918611374,0.020895722073362488,-1.0005576689441423e-20,6.8732548816692086e-06,arith,0.017765213918611373,1.4362162374674175e-07,True,0.038691522583557875,0.15,1.7,-5.097322382595664e-17,-0.1682530031725142,8.685320791925854e-10,True,False,12,0.3,363,0.0006873254881669209,0.06873254881669208,0.0006873254881669209,0.0006873254881669209,0.0,3.2893119737800864,0.999830947656938,-8.761340360002477e-06,-8.761340360002477e-06,0.4999593684201593,0.5400786649936237,0.0,0.28845631149852524,0.5400786649936237,True,0.020895722073362488,0.0208968222440495,success,0.9999187368403184,0.9999187368403184,0.5,2.9884948249941736e-15,0.01,"[0.005, 0.0075, 0.01, 0.015, 0.02, 0.03, 0.05, 0.08]",0.03868940116993795,0.0003289492333026039,False,5.097322382595664e-19,9.594271505223327e-05,True,success,-2.6401719266255727e-17,4.788337370832646e-17,0.00032893119737800866,-4.788337370832646e-19,0.0
0.5400353183885064,-5.55653613398821e-19,0.00039964178107753203,0.020894340498318762,1.8634724839594607e-20,1.546049181648576e-05,arith,0.026642785405168803,3.230367802851242e-07,True,0.03869069260260341,0.15,1.7,6.859472513228955e-17,-0.16814198105880904,8.685320791925854e-10,True,False,12,0.3,363,0.001030699454432384,0.06871329696215894,0.001030699454432384,0.001030699454432384,0.0,3.288608078713366,0.9996169892129777,-8.761340360002477e-06,-8.761340360002477e-06,0.49995936842015926,0.5400786649936237,0.0,0.28845631149852524,0.5400786649936237,True,0.020894340498318762,0.0208968222440495,success,0.9999187368403184,0.9999187368403184,0.5,2.9884948249941736e-15,0.015,"[0.005, 0.0075, 0.01, 0.015, 0.02, 0.03, 0.05, 0.08]",0.03868587457197416,0.0007400289711978172,False,-1.0289208769843432e-18,0.00021582067648555478,True,success,3.278664647180652e-17,-5.945700891618324e-17,0.0007399368177105072,8.918551337427486e-19,0.0
0.5400013687456943,1.8431436932253575e-18,0.0007102840161643643,0.020892394210842883,1.0164395367051604e-20,2.7474382903015777e-05,arith,0.03551420080821822,5.740056383094475e-07,True,0.03868952084208855,0.15,1.7,-1.7066102049950163e-16,-0.16798658557137214,8.685320791925854e-10,True,False,12,0.3,363,0.0013737191451507888,0.06868595725753944,0.0013737191451507888,0.0013737191451507888,0.0,3.28760584183752,0.9993123457333255,-8.761340360002477e-06,-8.761340360002477e-06,0.49995936842015926,0.5400786649936237,0.0,0.28845631149852524,0.5400786649936237,True,0.020892394210842883,0.0208968222440495,success,0.9999187368403184,0.9999187368403184,0.5,2.9884948249941736e-15,0.02,"[0.005, 0.0075, 0.01, 0.015, 0.02, 0.03, 0.05, 0.08]",0.03868084073098165,0.0013153374366702063,False,3.413220409990033e-18,0.00038355434092694556,True,success,1.3416012998525976e-17,-2.432558773416312e-17,0.001315042336735008,4.865117546832624e-19,0.0
0.5399031896343389,-1.3010426069826053e-18,0.0015968809061024328,0.020886752850307812,0.0,6.174466124620265e-05,arith,0.053229363536747766,1.2896454792754134e-06,True,0.03868610753059973,0.15,1.7,8.032567269845572e-17,-0.16754283155745175,8.685320791925854e-10,True,False,12,0.3,363,0.0020581553748734217,0.06860517916244739,0.0020581553748734217,0.0020581553748734217,0.0,3.284626368403471,0.9984066944084193,-8.761340360002477e-06,-8.761340360002477e-06,0.4999593684201592,0.5400786649936237,0.0,0.28845631149852524,0.5400786649936237,True,0.020886752850307812,0.0208968222440495,success,0.9999187368403184,0.9999187368403184,0.5,2.9884948249941736e-15,0.03,"[0.005, 0.0075, 0.01, 0.015, 0.02, 0.03, 0.05, 0.08]",0.03866578967175777,0.0029577171181077015,False,-2.4097701809536716e-18,0.0008621610946708768,True,success,0.0,-0.0,0.0029561637315631234,0.0,0.0
0.5395758511874958,0.0,0.0044233744751655795,0.020867796273172427,-5.421010862427522e-20,0.00017078227788070504,arith,0.08846748950331158,3.5638497818828744e-06,True,0.038674444431207745,0.15,1.7,-0.0,-0.16612530973679673,8.685320791925854e-10,True,False,12,0.3,363,0.0034156455576141004,0.06831291115228201,0.0034156455576141004,0.0034156455576141004,0.0,3.2736044696825446,0.9950564389352485,-8.761340360002477e-06,-8.761340360002477e-06,0.49995936842015926,0.5400786649936237,0.0,0.28845631149852524,0.5400786649936237,True,0.020867796273172427,0.0208968222440495,success,0.9999187368403184,0.9999187368403184,0.5,2.9884948249941736e-15,0.05,"[0.005, 0.0075, 0.01, 0.015, 0.02, 0.03, 0.05, 0.08]",0.03860904810106817,0.00819787332111072,False,0.0,0.0023867460475585104,True,success,-2.8715777691213336e-17,5.195575796756993e-17,0.008184011174206363,-2.5977878983784966e-18,0.0
0.5386558593067443,-3.469446951953614e-18,0.011210672335281582,0.02081324405076439,1.0842021724855044e-19,0.0004302807321181555,arith,0.14013340419101977,8.955537887916746e-06,True,0.038639223339278723,0.15,1.7,8.051167763260824e-17,-0.16269072625591377,8.685320791925854e-10,True,False,12,0.3,363,0.005378509151476944,0.06723136439346179,0.005378509151476944,0.005378509151476944,0.0,3.2302203457318632,0.9818692465653418,-8.761340360002477e-06,-8.761340360002477e-06,0.4999593684201593,0.5400786649936237,0.0,0.28845631149852524,0.5400786649936237,True,0.02081324405076439,0.0208968222440495,success,0.9999187368403184,0.9999187368403184,0.5,2.9884948249941736e-15,0.08,"[0.005, 0.0075, 0.01, 0.015, 0.02, 0.03, 0.05, 0.08]",0.03838134941862503,0.020812309272398584,False,-6.440934210608659e-18,0.006038694340167446,True,success,3.622967476514269e-17,-6.511491972617826e-17,0.020673410212683926,5.209193578094261e-18,0.0
0.584112064073828,-2.388104032652976e-19,4.800912454055304e-05,0.00012749986998631828,5.090908298263027e-22,1.0417641411966828e-08,typ,0.009601824908110608,1.3282479255898556e-12,True,0.00021827980935213678,0.15,1.7,8.176869404125627e-17,-0.14509941311828037,8.883000335975791e-10,True,False,13,0.3,376,2.0835282823933654e-06,0.0004167056564786731,2.0835282823933654e-06,2.0835282823933654e-06,0.0,3.2682829913739426,0.9934389034923848,-0.7625340658562556,-0.7625340658562556,0.4999482761704053,0.5826427515565554,0.0,0.045195996122822796,0.045195996122822796,True,0.00012749986998631828,0.00012777475726260043,success,0.9998965523408109,0.025441968701289012,0.5,1.2294135655539421e-14,0.005,"[0.005, 0.0075, 0.01, 0.015, 0.02, 0.03, 0.05, 0.08]",0.0002169929468963156,8.219163323852356e-05,False,-4.0884347020628134e-19,2.8042708829759906e-05,True,success,4.417287853480723e-16,-7.985746650266107e-16,8.170707478434858e-05,3.992873325133054e-18,0.0
0.583990948307171,-3.1991375626610856e-19,0.00010806846031968159,0.00012717622230491564,3.413444808231031e-22,2.320264333536003e-08,typ,0.014409128042624213,2.950824526879416e-12,True,0.00021777087928085957,0.15,1.7,7.30408024744106e-17,-0.14506939859616863,8.883000335975791e-10,True,False,13,0.3,376,3.093685778048004e-06,0.0004124914370730672,3.093685778048004e-06,3.093685778048004e-06,0.0,3.243463515405297,0.9858946874448076,-0.7625340658562556,-0.7625340658562556,0.4999482761704053,0.5826427515565554,0.0,0.045195996122822796,0.045195996122822796,True,0.00012717622230491564,0.00012777475726260043,success,0.9998965523408109,0.025441968701289012,0.5,1.2294135655539421e-14,0.0075,"[0.005, 0.0075, 0.01, 0.015, 0.02, 0.03, 0.05, 0.08]",0.0002147031915391722,0.0001850516016266045,False,-5.478060185580795e-19,6.311100262418673e-05,True,success,1.987106723709732e-16,-3.5787033628000173e-16,0.00018244482274154794,2.6840275221000128e-18,0.0
0.5839866525195885,-2.380162581784584e-19,0.0001921387414191898,0.00012674055611240254,1.744317116721197e-22,4.066560829581508e-08,typ,0.01921387414191898,5.153981810060734e-12,True,0.0002170264603918346,0.15,1.7,4.0757140107834006e-17,-0.14502736966517515,8.883000335975791e-10,True,False,13,0.3,376,4.066560829581508e-06,0.0004066560829581508,4.066560829581508e-06,4.066560829581508e-06,0.0,3.208571079627418,0.9752886587652708,-0.7625340658562556,-0.7625340658562556,0.4999482761704053,0.5826427515565554,0.0,0.045195996122822796,0.045195996122822796,True,0.00012674055611240254,0.00012777475726260043,success,0.9998965523408109,0.025441968701289012,0.5,1.2294135655539421e-14,0.01,"[0.005, 0.0075, 0.01, 0.015, 0.02, 0.03, 0.05, 0.08]",0.0002116471045633362,0.0003290122138754617,False,-4.0757140107834004e-19,0.00011220646042071946,True,success,7.683409880382517e-17,-1.3762896189079467e-16,0.00032085710796274185,1.3762896189079466e-18,0.0
0.5840042063476081,-1.0842021724855044e-19,0.0004323638185667908,0.00012552755630041432,7.610061635487855e-23,8.794561099051133e-08,typ,0.02882425457111939,1.1039597634985748e-11,True,0.00021494289756142344,0.15,1.7,1.2376647984166186e-17,-0.14490727567879183,8.883000335975791e-10,True,False,13,0.3,376,5.863040732700756e-06,0.0003908693821800504,5.863040732700756e-06,5.863040732700756e-06,0.0,3.1138133625784628,0.9464857666133332,-0.7625340658562556,-0.7625340658562556,0.4999482761704054,0.5826427515565554,0.0,0.045195996122822796,0.045195996122822796,True,0.00012552755630041432,0.00012777475726260043,success,0.9998965523408109,0.025441968701289012,0.5,1.2294135655539421e-14,0.015,"[0.005, 0.0075, 0.01, 0.015, 0.02, 0.03, 0.05, 0.08]",0.00020340649983626152,0.0007403436719588307,False,-1.8564971976249278e-19,0.00025250228871551985,True,success,2.290401143540874e-17,-4.0416419893627964e-17,0.000700608006580154,6.062462984044195e-19,0.0
0.5840278251700624,0.0,0.0007687702357123933,0.00012390064205194558,-3.970466940254533e-23,1.4831988486822568e-07,typ,0.03843851178561967,1.837692896424381e-11,True,0.00021214852565606287,0.15,1.7,-0.0,-0.14473912058427782,8.883000335975791e-10,True,False,13,0.3,376,7.415994243411284e-06,0.00037079971217056416,7.415994243411284e-06,7.415994243411284e-06,0.0,2.992718246085486,0.9096772650042076,-0.7625340658562556,-0.7625340658562556,0.4999482761704053,0.5826427515565554,0.0,0.045195996122822796,0.045195996122822796,True,0.00012390064205194558,0.00012777475726260043,success,0.9998965523408109,0.025441968701289012,0.5,1.2294135655539421e-14,0.02,"[0.005, 0.0075, 0.01, 0.015, 0.02, 0.03, 0.05, 0.08]",0.0001929313570923862,0.0013163246725248683,False,0.0,0.0004489832088185853,True,success,-9.262007236341142e-18,1.602278597793669e-17,0.0011970872984341946,-3.2045571955873376e-19,0.0
0.5840922394940941,0.0,0.001730448742408432,0.0001196576302959764,3.1763735522036263e-22,2.913707392811226e-07,typ,0.057681624746947734,3.48647321999659e-11,True,0.00020486084595066137,0.15,1.7,-0.0,-0.14425853715577366,8.883000335975791e-10,True,False,13,0.3,376,9.71235797603742e-06,0.000323745265867914,9.71235797603742e-06,9.71235797603742e-06,0.0,2.70559650117691,0.8224027198734367,-0.7625340658562556,-0.7625340658562556,0.4999482761704053,0.5826427515565554,0.0,0.045195996122822796,0.045195996122822796,True,0.0001196576302959764,0.00012777475726260043,success,0.9998965523408109,0.025441968701289012,0.5,1.2294135655539421e-14,0.03,"[0.005, 0.0075, 0.01, 0.015, 0.02, 0.03, 0.05, 0.08]",0.00016837871711565053,0.00296262923114206,False,0.0,0.0010107416812830798,True,success,5.3794565543104065e-17,-8.848505368599784e-17,0.002435036851059219,2.6545516105799355e-18,0.0
0.5842716402041646,3.469446951953614e-18,0.004811213714667688,0.00010898153933986176,6.352747104407253e-22,5.775408003232324e-07,typ,0.09622427429335376,6.29412854508016e-11,True,0.00018652546493918456,0.15,1.7,-1.1876143605879177e-16,-0.1427195727493075,8.883000335975791e-10,True,False,13,0.3,376,1.1550816006464647e-05,0.00023101632012929293,1.1550816006464647e-05,1.1550816006464647e-05,0.0,2.1197747942324665,0.6443342736204796,-0.7625340658562556,-0.7625340658562556,0.4999482761704053,0.5826427515565554,0.0,0.045195996122822796,0.045195996122822796,True,0.00010898153933986176,0.00012777475726260043,success,0.9998965523408109,0.025441968701289012,0.5,1.2294135655539421e-14,0.05,"[0.005, 0.0075, 0.01, 0.015, 0.02, 0.03, 0.05, 0.08]",0.00012004056243906083,0.008234549452009146,False,5.938071802939589e-18,0.0028110557284416614,True,success,8.007441283493001e-17,-1.1658391215407678e-16,0.005299436985581167,5.8291956077038385e-18,0.0
0.5845018029408398,0.0,0.012274603363166901,9.251167186634162e-05,1.2705494208814505e-21,8.615360467143759e-07,typ,0.15343254203958626,7.970214005466551e-11,True,0.00015827439949865334,0.15,1.7,-0.0,-0.1389697541085546,8.883000335975791e-10,True,False,13,0.3,376,1.0769200583929698e-05,0.00013461500729912123,1.0769200583929698e-05,1.0769200583929698e-05,0.0,1.4551137665483915,0.4423015474828302,-0.7625340658562556,-0.7625340658562556,0.4999482761704054,0.5826427515565554,0.0,0.045195996122822796,0.045195996122822796,True,9.251167186634162e-05,0.00012777475726260043,success,0.9998965523408109,0.025441968701289012,0.5,1.2294135655539421e-14,0.08,"[0.005, 0.0075, 0.01, 0.015, 0.02, 0.03, 0.05, 0.08]",7.018850395603299e-05,0.021000112063656498,False,0.0,0.007174527796154749,True,success,1.4231693147236892e-16,-1.7167420543392435e-16,0.009312728105909706,1.3733936434713947e-17,0.0
0.4913701164197619,2.985974669769819e-20,4.04128149225895e-05,0.016850885094876582,9.523277077947589e-21,1.3858921412767633e-06,arith,0.0080825629845179,2.33535092265472e-08,True,0.03429367096569911,0.15,1.9,-1.2153668161695837e-17,-0.1903352817596201,8.687031987791012e-10,True,False,14,0.3,338,0.00027717842825535267,0.055435685651070536,0.00027717842825535267,0.00027717842825535267,0.0,3.289778865557955,0.9999728657396376,-1.0866704248812479e-05,-1.0866704248812479e-05,0.4999592055515258,0.4913729920321842,0.0,0.2253724372523604,0.4913729920321842,True,0.016850885094876582,0.016851027882244258,success,0.9999184111030515,0.9999184111030515,0.5,3.706008059067304e-15,0.005,"[0.005, 0.0075, 0.01, 0.015, 0.02, 0.03, 0.05, 0.08]",0.03429338302544456,8.224516219473573e-05,False,6.076834080847919e-20,1.9857649573363092e-05,True,success,6.231754638065294e-17,-1.1302999248203395e-16,8.224447163894886e-05,5.651499624101697e-19,0.0
0.49136651903732925,-1.6858602628320746e-19,9.092603351003621e-05,0.016850706442083314,5.071444335562613e-21,3.118118224041022e-06,arith,0.012123471134671495,5.254249484502543e-08,True,0.034293558452246034,0.15,1.9,4.574617106961113e-17,-0.19031002413906128,8.687031987791012e-10,True,False,14,0.3,338,0.000415749096538803,0.0554332128718404,0.000415749096538803,0.000415749096538803,0.0,3.2896669977823785,0.999938862013339,-1.0866704248812479e-05,-1.0866704248812479e-05,0.49995920555152573,0.4913729920321842,0.0,0.2253724372523604,0.4913729920321842,True,0.016850706442083314,0.016851027882244258,success,0.9999184111030515,0.9999184111030515,0.5,3.706008059067304e-15,0.0075,"[0.005, 0.0075, 0.01, 0.015, 0.02, 0.03, 0.05, 0.08]",0.03429290934259055,0.00018504727120638133,False,-3.4309628302208345e-19,4.467800857569804e-05,True,success,2.2124645350921992e-17,-4.012844092911602e-17,0.00018504376862525876,3.0096330696837014e-19,0.0
0.49136147732797814,0.0,0.00016163929588197969,0.016850456012011433,1.0137925587449907e-20,5.542974105772001e-06,arith,0.016163929588197967,9.340164134502951e-08,True,0.0342934006622663,0.15,1.9,-0.0,-0.19027466477864308,8.687031987791012e-10,True,False,14,0.3,338,0.0005542974105772001,0.05542974105772001,0.0005542974105772001,0.0005542974105772001,0.0,3.2895098517338806,0.9998910953424235,-1.0866704248812479e-05,-1.0866704248812479e-05,0.4999592055515258,0.4913729920321842,0.0,0.2253724372523604,0.4913729920321842,True,0.016850456012011433,0.016851027882244258,success,0.9999184111030515,0.9999184111030515,0.5,3.706008059067304e-15,0.01,"[0.005, 0.0075, 0.01, 0.015, 0.02, 0.03, 0.05, 0.08]",0.03429224357559181,0.00032896208461634716,False,0.0,7.942332321882371e-05,True,success,3.317201438928684e-17,-6.016410226656974e-17,0.00032895098517338807,6.016410226656974e-19,0.0
0.49134703766415855,-2.168404344971009e-19,0.00036364325942515787,0.016849738450382002,1.3976043629695956e-20,1.2469445317013286e-05,arith,0.024242883961677193,2.1010689221301457e-07,True,0.0342929480769537,0.15,1.9,2.942121933856912e-17,-0.19017364648190543,8.687031987791012e-10,True,False,14,0.3,338,0.0008312963544675525,0.0554197569645035,0.0008312963544675523,0.0008312963544675525,0.0,3.2890574015555165,0.9997535669795904,-1.0866704248812479e-05,-1.0866704248812479e-05,0.49995920555152573,0.4913729920321842,0.0,0.2253724372523604,0.4913729920321842,True,0.016849738450382002,0.016851027882244258,success,0.9999184111030515,0.9999184111030515,0.5,3.706008059067304e-15,0.015,"[0.005, 0.0075, 0.01, 0.015, 0.02, 0.03, 0.05, 0.08]",0.03429032435999174,0.0007400945391955579,False,-4.413182900785368e-19,0.00017867503828509042,True,success,3.049046854950897e-17,-5.529677773476697e-17,0.000740037915349991,8.294516660215045e-19,1.304230635270786e-16
0.49132673455999065,-4.336808689942018e-19,0.0006463634007327099,0.016848728705457,3.7269449679189215e-20,2.216224587424945e-05,arith,0.032318170036635493,3.734056682388626e-07,True,0.03429231002572237,0.15,1.9,4.4133652668278487e-17,-0.19003224204934516,8.687031987791012e-10,True,False,14,0.3,338,0.0011081122937124724,0.05540561468562362,0.0011081122937124724,0.0011081122937124724,0.0,3.2884151471724237,0.999558345056707,-1.0866704248812479e-05,-1.0866704248812479e-05,0.4999592055515257,0.4913729920321842,0.0,0.2253724372523604,0.4913729920321842,True,0.016848728705457,0.016851027882244258,success,0.9999184111030515,0.9999184111030515,0.5,3.706008059067304e-15,0.02,"[0.005, 0.0075, 0.01, 0.015, 0.02, 0.03, 0.05, 0.08]",0.03428759402083501,0.0013155469777388826,False,-8.826730533655697e-19,0.000317575619021093,True,success,6.099054679290091e-17,-1.106001833453414e-16,0.0013153660588689697,2.212003666906828e-18,0.0
0.49126814671333996,-4.336808689942018e-19,0.00145357096572031,0.01684580955085285,5.421010862427522e-20,4.9827680434808794e-05,arith,0.04845236552401034,8.393876149655456e-07,True,0.03429045759134584,0.15,1.9,2.9425943984332113e-17,-0.18962836802992547,8.687031987791012e-10,True,False,14,0.3,338,0.001660922681160293,0.055364089372009775,0.001660922681160293,0.001660922681160293,0.0,3.2865199624203796,0.998982277969813,-1.0866704248812479e-05,-1.0866704248812479e-05,0.49995920555152573,0.4913729920321842,0.0,0.2253724372523604,0.4913729920321842,True,0.01684580955085285,0.016851027882244258,success,0.9999184111030515,0.9999184111030515,0.5,3.706008059067304e-15,0.03,"[0.005, 0.0075, 0.01, 0.015, 0.02, 0.03, 0.05, 0.08]",0.03427949622680921,0.002958813787225826,False,-8.827783195299634e-19,0.0007140931144457366,True,success,5.916964981874191e-17,-1.0726724740383233e-16,0.002957867966178341,3.2180174221149698e-18,0.0
0.4910743499314927,1.734723475976807e-18,0.0040304921835848375,0.016836093301142892,-5.421010862427522e-20,0.00013804406228811332,arith,0.08060984367169674,2.3241227123514565e-06,True,0.03428420422180798,0.15,1.9,-7.065013581828534e-17,-0.188337431823034,8.687031987791012e-10,True,False,14,0.3,338,0.002760881245762266,0.055217624915245324,0.002760881245762266,0.002760881245762266,0.0,3.279717207999611,0.9969144885799918,-1.0866704248812479e-05,-1.0866704248812479e-05,0.49995920555152573,0.4913729920321842,0.0,0.2253724372523604,0.4913729920321842,True,0.016836093301142892,0.016851027882244258,success,0.9999184111030515,0.9999184111030515,0.5,3.706008059067304e-15,0.05,"[0.005, 0.0075, 0.01, 0.015, 0.02, 0.03, 0.05, 0.08]",0.034249926808028915,0.008207498893287974,False,3.5325067909142674e-18,0.0019792713289578864,True,success,-3.555909915167439e-17,6.439749133558823e-17,0.008199293019999028,-3.2198745667794116e-18,0.0
0.4905454085400056,-3.469446951953614e-18,0.010255839108861697,0.016809034225793003,0.0,0.0003500968190042643,arith,0.12819798886077122,5.8847894129839364e-06,True,0.0342660107161561,0.15,1.9,8.840789485420974e-17,-0.18520230791416198,8.687031987791012e-10,True,False,14,0.3,338,0.004376210237553304,0.054702627969416294,0.004376210237553304,0.004376210237553304,0.0,3.2543587712776865,0.9892064481080376,-1.0866704248812479e-05,-1.0866704248812479e-05,0.4999592055515258,0.4913729920321842,0.0,0.2253724372523604,0.4913729920321842,True,0.016809034225793003,0.016851027882244258,success,0.9999184111030515,0.9999184111030515,0.5,3.706008059067304e-15,0.08,"[0.005, 0.0075, 0.01, 0.015, 0.02, 0.03, 0.05, 0.08]",0.03413634079943379,0.02090701274604897,False,-7.07263158833678e-18,0.005030954785577128,True,success,0.0,-0.0,0.020827896136177193,0.0,0.0
0.5946275497992126,-3.627161136650884e-21,3.405012193398152e-05,4.6742550250842816e-06,6.976753096166798e-24,3.5715569586095583e-10,typ,0.006810024386796304,1.6694368061155461e-15,True,7.860811404824135e-06,0.15,1.9,1.2199774927601871e-18,-0.16885066520593808,7.124275721841588e-10,True,False,15,0.3,189,7.143113917219117e-08,1.4286227834438234e-05,7.143113917219117e-08,7.143113917219117e-08,0.0,3.0563646522860908,0.9290234526366865,-7.088379092656658,-7.088379092656658,0.49998876379197804,1.6096818743816532,0.0,0.009825604385187774,0.009825604385187774,True,4.6742550250842816e-06,6.0341459155016885e-06,success,0.9999775275839571,0.008032718640306654,0.5,1.572180908797168e-14,0.005,"[0.005, 0.0075, 0.01, 0.015, 0.02, 0.03, 0.05, 0.08]",1.0489116501651048e-05,5.726294038256249e-05,False,-6.099887463800936e-21,2.024714057596786e-05,True,success,1.7075300749196275e-16,-2.985182904538248e-16,7.640911630715227e-05,1.492591452269124e-18,0.0
0.5375299278045472,-4.519582518091735e-19,9.266046399479812e-05,4.568471566497878e-06,2.1510532945821715e-23,8.284235712098601e-10,typ,0.01235472853263975,3.7846295300888764e-15,True,8.499008762464725e-06,0.15,1.9,1.121074327663014e-16,-0.16882656648717043,7.124275721841588e-10,True,False,15,0.3,189,1.1045647616131468e-07,1.4727530154841959e-05,1.1045647616131468e-07,1.1045647616131468e-07,0.0,3.223732476052568,0.9798971706596715,-7.088379092656658,-7.088379092656658,0.4999887637919781,1.6096818743816532,0.0,0.009825604385187774,0.009825604385187774,True,4.568471566497878e-06,6.0341459155016885e-06,success,0.9999775275839571,0.008032718640306654,0.5,1.572180908797168e-14,0.0075,"[0.005, 0.0075, 0.01, 0.015, 0.02, 0.03, 0.05, 0.08]",8.940421140739885e-06,0.0001723819627555522,False,-8.408057457472606e-19,4.9807772521459684e-05,True,success,3.496547913357987e-16,-6.277966312574679e-16,0.00018133495177795694,4.708474734431009e-18,0.0
0.5274032267731381,-1.4386854609114291e-18,0.00017147680560974053,4.544046113345815e-06,3.1293922783500285e-23,1.4762046980898927e-09,typ,0.017147680560974054,6.707942220858208e-15,True,8.615886067190163e-06,0.15,1.9,2.727866247072239e-16,-0.16878956546559082,7.124275721841588e-10,True,False,15,0.3,189,1.4762046980898926e-07,1.4762046980898925e-05,1.4762046980898926e-07,1.4762046980898926e-07,0.0,3.2486569486042303,0.9874733018414577,-7.088379092656658,-7.088379092656658,0.49998876379197804,1.6096818743816532,0.0,0.009825604385187774,0.009825604385187774,True,4.544046113345815e-06,6.0341459155016885e-06,success,0.9999775275839571,0.008032718640306654,0.5,1.572180908797168e-14,0.01,"[0.005, 0.0075, 0.01, 0.015, 0.02, 0.03, 0.05, 0.08]",8.608771855999855e-06,0.0003251341609320511,False,-2.727866247072239e-18,9.043742059532731e-05,True,success,3.8208971715226e-16,-6.886796921270312e-16,0.000324865694860423,6.886796921270312e-18,0.0
0.5255706367459869,-4.472333961502706e-18,0.00038894062630569616,4.522924056221595e-06,3.618915179919496e-23,3.2731526015001285e-09,typ,0.02592937508704641,1.480422064100923e-14,True,8.605739628501289e-06,0.15,1.9,5.672988112112036e-16,-0.1686817154006356,7.124275721841588e-10,True,False,15,0.3,189,2.182101734333419e-07,1.4547344895556128e-05,2.182101734333419e-07,2.182101734333419e-07,0.0,3.2163584253742328,0.977655728030769,-7.088379092656658,-7.088379092656658,0.4999887637919781,1.6096818743816532,0.0,0.009825604385187774,0.009825604385187774,True,4.522924056221595e-06,6.0341459155016885e-06,success,0.9999775275839571,0.008032718640306654,0.5,1.572180908797168e-14,0.015,"[0.005, 0.0075, 0.01, 0.015, 0.02, 0.03, 0.05, 0.08]",8.415558520049086e-06,0.0007400349241612497,False,-8.509482168168054e-18,0.0002044157726238677,True,success,2.9743058798805436e-16,-5.33418224572579e-16,0.0007236806457092023,8.001273368588685e-18,0.0
0.5255339055148383,-5.149960319306146e-18,0.0006915818863511094,4.498396156374059e-06,4.0531850015098356e-23,5.6909689541521575e-09,typ,0.03457909431755547,2.5600232869402163e-14,True,8.559668765742553e-06,0.15,1.9,4.899741258616795e-16,-0.16853043845097415,7.124275721841588e-10,True,False,15,0.3,189,2.8454844770760785e-07,1.4227422385380393e-05,2.8454844770760785e-07,2.8454844770760785e-07,0.0,3.1627766632382226,0.9613688253469808,-7.088379092656658,-7.088379092656658,0.49998876379197815,1.6096818743816532,0.0,0.009825604385187774,0.009825604385187774,True,4.498396156374059e-06,6.0341459155016885e-06,success,0.9999775275839571,0.008032718640306654,0.5,1.572180908797168e-14,0.02,"[0.005, 0.0075, 0.01, 0.015, 0.02, 0.03, 0.05, 0.08]",8.22891557235336e-06,0.0013159605481088848,False,-9.799482517233589e-18,0.0003634497297174175,True,success,2.5332291042599456e-16,-4.505144567766252e-16,0.0012651106652952892,9.010289135532503e-18,0.0
0.5255362443288896,-8.673617379884035e-18,0.001556099600093084,4.431554249574052e-06,-3.308722450212111e-24,1.2060053222269691e-08,typ,0.05186998666976947,5.3444780107238485e-14,True,8.432442666695903e-06,0.15,1.9,5.501439385949016e-16,-0.1680981934641951,7.124275721841588e-10,True,False,15,0.3,189,4.020017740756564e-07,1.3400059135855215e-05,4.020017740756564e-07,4.020017740756564e-07,0.0,3.023783165272814,0.9191198681496485,-7.088379092656658,-7.088379092656658,0.49998876379197815,1.6096818743816532,0.0,0.009825604385187774,0.009825604385187774,True,4.431554249574052e-06,6.0341459155016885e-06,success,0.9999775275839571,0.008032718640306654,0.5,1.572180908797168e-14,0.03,"[0.005, 0.0075, 0.01, 0.015, 0.02, 0.03, 0.05, 0.08]",7.750180786338016e-06,0.002960974845950397,False,-1.650431815784705e-17,0.0008177867396346063,True,success,-1.431224265907876e-17,2.4887599728922316e-17,0.002721404848745532,-7.466279918676694e-19,0.0
0.5255449613026341,-5.204170427930421e-18,0.004322698094888329,4.2437114588007125e-06,-2.6469779601696886e-23,2.8473322791762403e-08,typ,0.08645396189776657,1.208325662015336e-13,True,8.0748780242933e-06,0.15,1.9,1.9804853289930446e-16,-0.16671495514198456,7.124275721841588e-10,True,False,15,0.3,189,5.694664558352481e-07,1.138932911670496e-05,5.694664558352481e-07,5.694664558352481e-07,0.0,2.683813267531536,0.815781410823916,-7.088379092656658,-7.088379092656658,0.4999887637919781,1.6096818743816532,0.0,0.009825604385187774,0.009825604385187774,True,4.2437114588007125e-06,6.0341459155016885e-06,success,0.9999775275839571,0.008032718640306654,0.5,1.572180908797168e-14,0.05,"[0.005, 0.0075, 0.01, 0.015, 0.02, 0.03, 0.05, 0.08]",6.586933014228461e-06,0.008225172750536773,False,-9.902426644965224e-18,0.0022717722030010565,True,success,-7.614796922433305e-17,1.2474825330927347e-16,0.00670953316882884,-6.237412665463673e-18,0.0
0.5255372114749822,3.469446951953614e-18,0.011047722543065335,3.895755352974682e-06,2.6469779601696886e-23,5.427785738595357e-08,typ,0.13809653178831668,2.1145325345932501e-13,True,7.41290106183116e-06,0.15,1.9,-8.252143892475762e-17,-0.16334479533130794,7.124275721841588e-10,True,False,15,0.3,189,6.784732173244196e-07,8.480915216555245e-06,6.784732173244196e-07,6.784732173244196e-07,0.0,2.17696298872553,0.6617174002896957,-7.088379092656658,-7.088379092656658,0.4999887637919781,1.6096818743816532,0.0,0.009825604385187774,0.009825604385187774,True,3.895755352974682e-06,6.0341459155016885e-06,success,0.9999775275839571,0.008032718640306654,0.5,1.572180908797168e-14,0.08,"[0.005, 0.0075, 0.01, 0.015, 0.02, 0.03, 0.05, 0.08]",4.913035892635069e-06,0.021021770298736028,False,6.60171511398061e-18,0.005805989298431856,True,success,5.756296281729761e-17,-8.493147414109742e-17,0.013932563127843389,6.794517931287793e-18,0.0
0.45006462194685803,5.524056887236316e-20,3.701585810537393e-05,0.01386505883495878,-6.6405865705300995e-21,1.1403345806888307e-06,arith,0.007403171621074786,1.5810806052788688e-08,True,0.030806817863137697,0.15,2.1,-2.4547838767422943e-17,-0.21285947276638856,8.72017273692837e-10,True,False,16,0.3,317,0.00022806691613776612,0.04561338322755323,0.00022806691613776612,0.00022806691613776612,0.0,3.2898081263489156,0.9999817599535609,-1.325590545798029e-05,-1.325590545798029e-05,0.49995901730855474,0.4500664194464701,0.0,0.17784763458202757,0.4500664194464701,True,0.01386505883495878,0.013865137813566367,success,0.9999180346171095,0.9999180346171095,0.5,4.003649439166977e-15,0.005,"[0.005, 0.0075, 0.01, 0.015, 0.02, 0.03, 0.05, 0.08]",0.03080664988077847,8.22456516249896e-05,False,1.2273919383711471e-19,1.665952818423366e-05,True,success,-5.281161360609288e-17,9.578879757490537e-17,8.22452031587229e-05,-4.789439878745269e-19,0.0
0.450062373444833,6.143635845553847e-20,8.32839309864933e-05,0.013864960025180482,-1.1531724919601759e-20,2.565675896837041e-06,arith,0.01110452413153244,3.557299374721465e-08,True,0.030806752226488886,0.15,2.1,-1.8200842692179753e-17,-0.21283633809802574,8.72017273692837e-10,True,False,16,0.3,317,0.00034209011957827217,0.045612015943769624,0.00034209011957827217,0.00034209011957827217,0.0,3.2897329571042806,0.9999589112430411,-1.325590545798029e-05,-1.325590545798029e-05,0.49995901730855474,0.4500664194464701,0.0,0.17784763458202757,0.4500664194464701,True,0.013864960025180482,0.013865137813566367,success,0.9999180346171095,0.9999180346171095,0.5,4.003649439166977e-15,0.0075,"[0.005, 0.0075, 0.01, 0.015, 0.02, 0.03, 0.05, 0.08]",0.03080637364791455,0.00018504975287986819,False,1.3650632019134814e-19,3.7482963649596844e-05,True,success,-6.11412151804133e-17,1.1089561887096413e-16,0.00018504747883711574,-8.317171415322309e-19,0.0
0.45005922271263815,1.274784585617722e-19,0.0001480559580302664,0.013864821544212902,-1.0720260738687239e-20,4.5610097183081e-06,arith,0.014805595803026641,6.323758580576255e-08,True,0.03080666020050779,0.15,2.1,-2.8324818630184347e-17,-0.21280395037973687,8.72017273692837e-10,True,False,16,0.3,317,0.00045610097183080997,0.045610097183081,0.00045610097183080997,0.00045610097183080997,0.0,3.2896274241710954,0.9999268330779304,-1.325590545798029e-05,-1.325590545798029e-05,0.49995901730855474,0.4500664194464701,0.0,0.17784763458202757,0.4500664194464701,True,0.013864821544212902,0.013865137813566367,success,0.9999180346171095,0.9999180346171095,0.5,4.003649439166977e-15,0.01,"[0.005, 0.0075, 0.01, 0.015, 0.02, 0.03, 0.05, 0.08]",0.030805985648856584,0.00032896994563935385,False,2.832481863018435e-19,6.663394938907668e-05,True,success,-4.263023312068138e-17,7.73198609480972e-17,0.00032896274241710953,-7.73198609480972e-19,0.0
0.4500502024670162,0.0,0.0003330977245331771,0.013864424941135378,1.5246593050577406e-20,1.0261031697317858e-05,arith,0.022206514968878474,1.422633037860744e-07,True,0.030806396408968373,0.15,2.1,-0.0,-0.21271141931556856,8.72017273692837e-10,True,False,16,0.3,317,0.0006840687798211906,0.04560458532141271,0.0006840687798211906,0.0006840687798211906,0.0,3.2893239723275594,0.9998345947780338,-1.325590545798029e-05,-1.325590545798029e-05,0.4999590173085548,0.4500664194464701,0.0,0.17784763458202757,0.4500664194464701,True,0.013864424941135378,0.013865137813566367,success,0.9999180346171095,0.9999180346171095,0.5,4.003649439166977e-15,0.015,"[0.005, 0.0075, 0.01, 0.015, 0.02, 0.03, 0.05, 0.08]",0.030804868786474832,0.0007401345954456926,False,0.0,0.00014991069836745873,True,success,4.0422797273324037e-17,-7.331278008433019e-17,0.0007400978937737008,1.0996917012649527e-18,0.0
0.4500375285307421,4.336808689942018e-19,0.0005921030140855636,0.013863867326986556,3.3881317890172014e-21,1.8238717358963387e-05,arith,0.02960515070427818,2.52859157679075e-07,True,0.030806024938072503,0.15,2.1,-4.818274493796766e-17,-0.21258188903396041,8.72017273692837e-10,True,False,16,0.3,317,0.0009119358679481693,0.045596793397408464,0.0009119358679481693,0.0009119358679481693,0.0,3.2888942401123913,0.9997039718479637,-1.325590545798029e-05,-1.325590545798029e-05,0.49995901730855474,0.4500664194464701,0.0,0.17784763458202757,0.4500664194464701,True,0.013863867326986556,0.013865137813566367,success,0.9999180346171095,0.9999180346171095,0.5,4.003649439166977e-15,0.02,"[0.005, 0.0075, 0.01, 0.015, 0.02, 0.03, 0.05, 0.08]",0.03080328409935732,0.0013156747527670173,False,9.636548987593532e-19,0.00026646857709467024,True,success,6.737843996580775e-18,-1.2219288129013148e-17,0.0013155576960449567,2.4438576258026294e-19,0.0
0.4500010173175765,0.0,0.0013317684186378935,0.013862258527232607,0.0,4.101662129265608e-05,arith,0.04439228062126312,5.685830082723923e-07,True,0.030804949308480514,0.15,2.1,-0.0,-0.21221188869912716,8.72017273692837e-10,True,False,16,0.3,317,0.0013672207097552027,0.045574023658506754,0.0013672207097552027,0.0013672207097552027,0.0,3.2876333657301178,0.9993207119934548,-1.325590545798029e-05,-1.325590545798029e-05,0.4999590173085548,0.4500664194464701,0.0,0.17784763458202757,0.4500664194464701,True,0.013862258527232607,0.013865137813566367,success,0.9999180346171095,0.9999180346171095,0.5,4.003649439166977e-15,0.03,"[0.005, 0.0075, 0.01, 0.015, 0.02, 0.03, 0.05, 0.08]",0.030798613872077753,0.0029594786842404683,False,0.0,0.0005992971432184723,True,success,0.0,-0.0,0.0029588700291571053,0.0,0.0
0.4498809666158195,0.0,0.0036949572244872426,0.013856942151779518,-5.421010862427522e-20,0.00011373810836849777,arith,0.07389914448974484,1.5760623881151035e-06,True,0.0308013523132949,0.15,2.1,-0.0,-0.2110287859535639,8.72017273692837e-10,True,False,16,0.3,317,0.002274762167369955,0.0454952433473991,0.0022747621673699556,0.002274762167369955,0.0,3.283209444701086,0.9979760012484497,-1.325590545798029e-05,-1.325590545798029e-05,0.49995901730855474,0.4500664194464701,0.0,0.17784763458202757,0.4500664194464701,True,0.013856942151779518,0.013865137813566367,success,0.9999180346171095,0.9999180346171095,0.5,4.003649439166977e-15,0.05,"[0.005, 0.0075, 0.01, 0.015, 0.02, 0.03, 0.05, 0.08]",0.030781982431280098,0.008213188595823814,False,0.0,0.0016622909277564262,True,success,-4.318108743471769e-17,7.824252714703514e-17,0.008208023611752716,-3.9121263573517566e-18,1.9064888418450215e-16
0.44956108433753084,0.0,0.009423383240666248,0.013842542776000829,0.0,0.00028950738987289356,arith,0.1177922905083281,4.0075184282838785e-06,True,0.030791238962329392,0.15,2.1,-0.0,-0.20815175650717904,8.72017273692837e-10,True,False,16,0.3,317,0.0036188423734111693,0.045235529667639614,0.0036188423734111693,0.0036188423734111693,0.0,3.267862732999143,0.993311160264474,-1.325590545798029e-05,-1.325590545798029e-05,0.4999590173085547,0.4500664194464701,0.0,0.17784763458202757,0.4500664194464701,True,0.013842542776000829,0.013865137813566367,success,0.9999180346171095,0.9999180346171095,0.5,4.003649439166977e-15,0.08,"[0.005, 0.0075, 0.01, 0.015, 0.02, 0.03, 0.05, 0.08]",0.03072223451801637,0.02096129662680314,False,0.0,0.0042363863878020335,True,success,0.0,-0.0,0.02091432149119452,0.0,0.0
0.4030007430312941,-5.521861058752111e-18,4.794176449817565e-05,9.972364628677241e-07,3.315594414772717e-24,8.576851677751049e-11,typ,0.00958835289963513,8.553149229661561e-17,True,2.474527603514334e-06,0.15,2.1,2.7403726440888096e-15,-0.1931704897731062,5.462479836687213e-10,True,False,17,0.3,121,1.7153703355502098e-08,3.4307406711004194e-06,1.7153703355502098e-08,1.7153703355502098e-08,0.0,3.44024792398258,1.0457099750430308,-17.090605320018444,-17.090605320018444,0.49996614638597936,0.08733469013560141,0.0,0.003805992492477522,0.003805992492477522,True,9.972364628677241e-07,9.053540714751362e-07,success,0.999932292771957,0.005010920214453424,0.5,1.531727401902148e-14,0.005,"[0.005, 0.0075, 0.01, 0.015, 0.02, 0.03, 0.05, 0.08]",1.7890146029309012e-06,0.00011896197544839972,False,-1.3701863220444048e-17,1.9320566714996103e-05,True,success,3.5850760659257263e-16,-6.649565149750256e-16,8.60061980995645e-05,3.3247825748751283e-18,0.0
0.4602832634329452,-5.211608435998498e-18,9.372182156889831e-05,1.0116628862786838e-06,4.217338751732914e-24,1.8892103882990788e-10,typ,0.012496242875853108,1.911244034214319e-16,True,2.1979136906551123e-06,0.15,2.1,1.5096814939938202e-15,-0.19314289802088158,5.462479836687213e-10,True,False,17,0.3,121,2.5189471843987718e-08,3.358596245865029e-06,2.5189471843987718e-08,2.5189471843987718e-08,0.0,3.319876899131232,1.0091215709004913,-17.090605320018444,-17.090605320018444,0.49996614638597936,0.08733469013560141,0.0,0.003805992492477522,0.003805992492477522,True,1.0116628862786838e-06,9.053540714751362e-07,success,0.999932292771957,0.005010920214453424,0.5,1.531727401902148e-14,0.0075,"[0.005, 0.0075, 0.01, 0.015, 0.02, 0.03, 0.05, 0.08]",2.015763625454347e-06,0.00020361770460626766,False,-1.132261120495365e-17,4.31385858866127e-05,True,success,3.050565926690698e-16,-5.558292601133219e-16,0.0001867430755761318,4.168719450849914e-18,0.0
0.47285896036422825,-3.0984465210562306e-18,0.0001587008602599168,1.0142597781589677e-06,5.4833027324315936e-24,3.3284378670684285e-10,typ,0.01587008602599168,3.375900652668732e-16,True,2.144952011436382e-06,0.15,2.1,6.552580749806656e-16,-0.19310755456714265,5.462479836687213e-10,True,False,17,0.3,121,3.3284378670684284e-08,3.3284378670684284e-06,3.3284378670684284e-08,3.3284378670684284e-08,0.0,3.281642374806618,0.9974996691187763,-17.090605320018444,-17.090605320018444,0.49996614638597936,0.08733469013560141,0.0,0.003805992492477522,0.003805992492477522,True,1.0142597781589677e-06,9.053540714751362e-07,success,0.999932292771957,0.005010920214453424,0.5,1.531727401902148e-14,0.01,"[0.005, 0.0075, 0.01, 0.015, 0.02, 0.03, 0.05, 0.08]",2.097302977196964e-06,0.00033561986461602537,False,-6.552580749806656e-18,7.504312379141293e-05,True,success,2.984333782312551e-16,-5.40621135778903e-16,0.0003281642374806618,5.4062113577890305e-18,0.0
0.4757205675188162,1.2061749168901237e-18,0.00035236940289562035,1.0130482895010012e-06,6.953487024273889e-24,7.416738628186326e-10,typ,0.02349129352637469,7.51351438096016e-16,True,2.1295028188179653e-06,0.15,2.1,-1.6903128982924987e-16,-0.19300936346291261,5.462479836687213e-10,True,False,17,0.3,121,4.9444924187908846e-08,3.296328279193923e-06,4.9444924187908846e-08,4.9444924187908846e-08,0.0,3.2538708305974247,0.9890581319262234,-17.090605320018444,-17.090605320018444,0.49996614638597925,0.08733469013560141,0.0,0.003805992492477522,0.003805992492477522,True,1.0130482895010012e-06,9.053540714751362e-07,success,0.999932292771957,0.005010920214453424,0.5,1.531727401902148e-14,0.015,"[0.005, 0.0075, 0.01, 0.015, 0.02, 0.03, 0.05, 0.08]",2.1048191378816537e-06,0.0007407066815156842,False,2.535469347438748e-18,0.0001676293723217709,True,success,2.5367699679478183e-16,-4.575949699758129e-16,0.0007321209368844205,6.863924549637194e-18,0.0
0.47580776470081815,4.933119884809045e-18,0.0006261502303896663,1.0103598546172127e-06,6.617444900424222e-24,1.3039307922057146e-09,typ,0.031307511519483314,1.3174393256438729e-15,True,2.1234623088854257e-06,0.15,2.1,-5.183942182943282e-16,-0.1928723786100121,5.462479836687213e-10,True,False,17,0.3,121,6.519653961028572e-08,3.259826980514286e-06,6.519653961028572e-08,6.519653961028572e-08,0.0,3.2264019256280836,0.9807085860316658,-17.090605320018444,-17.090605320018444,0.4999661463859793,0.08733469013560141,0.0,0.003805992492477522,0.003805992492477522,True,1.0103598546172127e-06,9.053540714751362e-07,success,0.999932292771957,0.005010920214453424,0.5,1.531727401902148e-14,0.02,"[0.005, 0.0075, 0.01, 0.015, 0.02, 0.03, 0.05, 0.08]",2.082456779412588e-06,0.0013159731236907864,False,1.0367884365886564e-17,0.0002979271414886094,True,success,1.8231610011291445e-16,-3.274796039343488e-16,0.0012905607702512337,6.549592078686976e-18,0.0
0.47581042618206637,7.37257477290143e-18,0.00140882256616917,1.002809023446552e-06,8.271806125530277e-24,2.8451525073437817e-09,typ,0.046960752205639,2.8531446074459264e-15,True,2.107581020225127e-06,0.15,2.1,-5.16492449318485e-16,-0.1924810388246698,5.462479836687213e-10,True,False,17,0.3,121,9.483841691145939e-08,3.161280563715313e-06,9.483841691145939e-08,9.483841691145939e-08,0.0,3.152425327058103,0.9582223964448323,-17.090605320018444,-17.090605320018444,0.49996614638597936,0.08733469013560141,0.0,0.003805992492477522,0.003805992492477522,True,1.002809023446552e-06,9.053540714751362e-07,success,0.999932292771957,0.005010920214453424,0.5,1.531727401902148e-14,0.03,"[0.005, 0.0075, 0.01, 0.015, 0.02, 0.03, 0.05, 0.08]",2.0195250812032626e-06,0.0029608904905124786,False,1.549477347955455e-17,0.0006703324656238652,True,success,1.5485971475807156e-16,-2.7495451716555585e-16,0.0028371827943522924,8.248635514966674e-18,0.0
0.4758111876443076,6.938893903907228e-18,0.003913408790625292,9.802186138385186e-07,6.617444900424222e-24,7.216158555190241e-09,typ,0.07826817581250584,7.073412936207545e-15,True,2.060099970939062e-06,0.15,2.1,-2.9166585755416893e-16,-0.19122874902890752,5.462479836687213e-10,True,False,17,0.3,121,1.4432317110380481e-07,2.886463422076096e-06,1.4432317110380481e-07,1.4432317110380481e-07,0.0,2.9447139457725218,0.8950857074213122,-17.090605320018444,-17.090605320018444,0.4999661463859793,0.08733469013560141,0.0,0.003805992492477522,0.003805992492477522,True,9.802186138385186e-07,9.053540714751362e-07,success,0.999932292771957,0.005010920214453424,0.5,1.531727401902148e-14,0.05,"[0.005, 0.0075, 0.01, 0.015, 0.02, 0.03, 0.05, 0.08]",1.843957261116396e-06,0.008224709490334135,False,1.4583292877708447e-17,0.0018620436844050937,True,success,7.868207918690874e-17,-1.3501977634377753e-16,0.007361784864431306,6.7509888171888774e-18,0.0
0.47580609126001266,0.0,0.01001212877822737,9.32750484728757e-07,0.0,1.5320806462188917e-08,typ,0.12515160972784212,1.4290489654042186e-14,True,1.9603584356364178e-06,0.15,2.1,-0.0,-0.18817678049932465,5.462479836687213e-10,True,False,17,0.3,121,1.9151008077736147e-07,2.3938760097170182e-06,1.9151008077736147e-07,1.9151008077736147e-07,0.0,2.5664698640313817,0.7801132932181478,-17.090605320018444,-17.090605320018444,0.49996614638597936,0.08733469013560141,0.0,0.003805992492477522,0.003805992492477522,True,9.32750484728757e-07,9.053540714751362e-07,success,0.999932292771957,0.005010920214453424,0.5,1.531727401902148e-14,0.08,"[0.005, 0.0075, 0.01, 0.015, 0.02, 0.03, 0.05, 0.08]",1.5302246706520528e-06,0.021042456080613867,False,0.0,0.004763831859160251,True,success,0.0,-0.0,0.016425407129800843,0.0,0.0
0.4147555869728831,7.337689154350042e-20,3.4111972454079724e-05,0.011602264557567216,-5.05102331419021e-21,9.542358818741367e-07,arith,0.006822394490815945,1.1071297151827192e-08,True,0.027973739045318215,0.15,2.3,-3.5383196199499453e-17,-0.23577597727436916,8.485905812017844e-10,True,False,18,0.3,300,0.00019084717637482732,0.03816943527496546,0.00019084717637482732,0.00019084717637482732,0.0,3.289826316714235,0.999987289161596,-1.5946997492728363e-05,-1.5946997492728363e-05,0.4999588155558638,0.41475675653878713,0.0,0.14190168411397022,0.41475675653878713,True,0.011602264557567216,0.011602310776617383,success,0.9999176311117277,0.9999176311117277,0.5,3.7378835763321976e-15,0.005,"[0.005, 0.0075, 0.01, 0.015, 0.02, 0.03, 0.05, 0.08]",0.027973635448923208,8.224596250299572e-05,False,1.7691598099749728e-19,1.4148131157994656e-05,True,success,-4.800429759771008e-17,8.706961109408313e-17,8.224565791785588e-05,-4.353480554704156e-19,0.0
0.414754127556048,6.654502591866597e-20,7.675080321395826e-05,0.011602206949027248,-5.131828520278984e-21,2.1469859449158766e-06,arith,0.010233440428527769,2.4909775249566817e-08,True,0.027973698579911967,0.15,2.3,-2.1392602346771785e-17,-0.23575465744915808,8.485905812017844e-10,True,False,18,0.3,300,0.0002862647926554502,0.038168639020726695,0.0002862647926554502,0.0002862647926554502,0.0,3.2897740221679834,0.9999713935256233,-1.5946997492728363e-05,-1.5946997492728363e-05,0.4999588155558638,0.41475675653878713,0.0,0.14190168411397022,0.41475675653878713,True,0.011602206949027248,0.011602310776617383,success,0.9999176311117277,0.9999176311117277,0.5,3.7378835763321976e-15,0.0075,"[0.005, 0.0075, 0.01, 0.015, 0.02, 0.03, 0.05, 0.08]",0.027973465488442154,0.0001850513306913058,False,1.6044451760078838e-19,3.1832712426231184e-05,True,success,-3.251526002928843e-17,5.897531441302491e-17,0.00018504978874694906,-4.4231485809768685e-19,0.0
0.4147520835940478,1.3383120566617945e-19,0.00013644304292798312,0.011602126271506169,-4.5263323118901674e-21,3.816752188700127e-06,arith,0.013644304292798311,4.4282440840346417e-08,True,0.02797364191872784,0.15,2.3,-3.226775969549345e-17,-0.23572481022394076,8.485905812017844e-10,True,False,18,0.3,300,0.0003816752188700127,0.03816752188700127,0.0003816752188700127,0.0003816752188700127,0.0,3.289700611235153,0.9999490792778033,-1.5946997492728363e-05,-1.5946997492728363e-05,0.4999588155558638,0.41475675653878713,0.0,0.14190168411397022,0.41475675653878713,True,0.011602126271506169,0.011602310776617383,success,0.9999176311117277,0.9999176311117277,0.5,3.7378835763321976e-15,0.01,"[0.005, 0.0075, 0.01, 0.015, 0.02, 0.03, 0.05, 0.08]",0.027973226826337138,0.00032897494268294315,False,3.2267759695493447e-19,5.659003634629311e-05,True,success,-2.1509517084439915e-17,3.9012955090882375e-17,0.0003289700611235153,-3.9012955090882377e-19,0.0
0.41474623425557045,-4.743384504624082e-19,0.000306978586343665,0.011601895331441922,-1.2281977735187355e-20,8.586970956681942e-06,arith,0.020465239089577668,9.96251382535556e-08,True,0.027973479620052987,0.15,2.3,7.624557079082346e-17,-0.2356395358558283,8.485905812017844e-10,True,False,18,0.3,300,0.0005724647304454629,0.03816431536303086,0.0005724647304454629,0.0005724647304454629,0.0,3.289489714633348,0.9998849743978402,-1.5946997492728363e-05,-1.5946997492728363e-05,0.4999588155558638,0.41475675653878713,0.0,0.14190168411397022,0.41475675653878713,True,0.011601895331441922,0.011602310776617383,success,0.9999176311117277,0.9999176311117277,0.5,3.7378835763321976e-15,0.015,"[0.005, 0.0075, 0.01, 0.015, 0.02, 0.03, 0.05, 0.08]",0.027972540557173454,0.0007401600327840516,False,-1.143683561862352e-18,0.00012731821268313355,True,success,-3.8912025441770667e-17,7.057454771723011e-17,0.0007401351857925032,-1.0586182157584515e-18,0.0
0.4147380203316372,-1.6263032587282567e-19,0.0005456939454193557,0.01160157085918676,-3.5575383784680614e-20,1.5263915762728384e-05,arith,0.027284697270967787,1.7708540030995106e-07,True,0.02797325128260435,0.15,2.3,1.9606392216317843e-17,-0.23552016029309286,8.485905812017844e-10,True,False,18,0.3,300,0.0007631957881364191,0.03815978940682096,0.0007631957881364191,0.0007631957881364191,0.0,3.289191599136245,0.9997943581527543,-1.5946997492728363e-05,-1.5946997492728363e-05,0.4999588155558638,0.41475675653878713,0.0,0.14190168411397022,0.41475675653878713,True,0.01160157085918676,0.011602310776617383,success,0.9999176311117277,0.9999176311117277,0.5,3.7378835763321976e-15,0.02,"[0.005, 0.0075, 0.01, 0.015, 0.02, 0.03, 0.05, 0.08]",0.02797156884524043,0.0013157557751348724,False,-3.921278443263569e-19,0.00022632002663018408,True,success,-8.453921584391476e-17,1.5332140886986038e-16,0.001315676639654498,-3.0664281773972076e-18,0.0
0.41471438859398313,-8.673617379884035e-19,0.0012275124481240572,0.011600636176924682,-6.098637220230962e-20,3.433195106373256e-05,arith,0.04091708160413524,3.982724735343438e-07,True,0.027972591489421474,0.15,2.3,6.971558915755994e-17,-0.23517914292958247,8.485905812017844e-10,True,False,18,0.3,300,0.0011443983687910856,0.03814661229303619,0.0011443983687910856,0.0011443983687910856,0.0,3.2883207189029195,0.9995296423046006,-1.5946997492728363e-05,-1.5946997492728363e-05,0.49995881555586374,0.41475675653878713,0.0,0.14190168411397022,0.41475675653878713,True,0.011600636176924682,0.011602310776617383,success,0.9999176311117277,0.9999176311117277,0.5,3.7378835763321976e-15,0.03,"[0.005, 0.0075, 0.01, 0.015, 0.02, 0.03, 0.05, 0.08]",0.027968719271401512,0.002959898382802015,False,-2.091467674726798e-18,0.0005090670744152718,True,success,-9.663682533539776e-17,1.7523858540223914e-16,0.002959488647012627,-5.257157562067174e-18,0.0
0.4146370390862272,-5.204170427930421e-18,0.0034069521100104205,0.011597564276593145,2.710505431213761e-20,9.525416238004467e-05,arith,0.0681390422002084,1.1047162708156088e-06,True,0.027970401057637633,0.15,2.3,2.51022939937991e-16,-0.2340884630521004,8.485905812017844e-10,True,False,18,0.3,300,0.0019050832476008933,0.03810166495201786,0.0019050832476008933,0.0019050832476008933,0.0,3.285316127017876,0.9986163558861364,-1.5946997492728363e-05,-1.5946997492728363e-05,0.4999588155558638,0.41475675653878713,0.0,0.14190168411397022,0.41475675653878713,True,0.011597564276593145,0.011602310776617383,success,0.9999176311117277,0.9999176311117277,0.5,3.7378835763321976e-15,0.05,"[0.005, 0.0075, 0.01, 0.015, 0.02, 0.03, 0.05, 0.08]",0.027958761762504884,0.008216709528696776,False,-1.255114699689955e-17,0.001412648535203295,True,success,2.5788430206146387e-17,-4.6742667107855657e-17,0.00821329031754469,2.337133355392783e-18,0.0
0.4144346367882346,0.0,0.0087002682771995,0.011589419933680057,0.0,0.00024295843353683126,arith,0.10875335346499375,2.8157473126874334e-06,True,0.027964409595431453,0.15,2.3,-0.0,-0.2314341243714188,8.485905812017844e-10,True,False,18,0.3,300,0.0030369804192103907,0.03796225524012988,0.0030369804192103907,0.0030369804192103907,0.0,3.275595798354638,0.9956617302694809,-1.5946997492728363e-05,-1.5946997492728363e-05,0.49995881555586374,0.41475675653878713,0.0,0.14190168411397022,0.41475675653878713,True,0.011589419933680057,0.011602310776617383,success,0.9999176311117277,0.9999176311117277,0.5,3.7378835763321976e-15,0.08,"[0.005, 0.0075, 0.01, 0.015, 0.02, 0.03, 0.05, 0.08]",0.02792539560803478,0.02099310121524691,False,0.0,0.0036056925234213746,True,success,0.0,-0.0,0.020963813109469685,0.0,0.0
0.5164356908368436,-1.4870564498929042e-19,2.697163840570384e-05,4.04509922659638e-07,-8.480892475863942e-25,3.1866927506818976e-11,typ,0.005394327681140768,1.2890488381183636e-17,True,7.832725929614999e-07,0.15,2.3,5.758922074046608e-17,-0.21763139638671816,4.933964152125985e-10,True,False,19,0.3,94,6.373385501363795e-09,1.274677100272759e-06,6.373385501363795e-09,6.373385501363795e-09,0.0,3.1511639860199305,0.9578389947439394,-29.018691899522473,-29.018691899522473,0.49995102672358915,0.22731146295735924,0.0,0.002562046776182914,0.002562046776182914,True,4.04509922659638e-07,4.1025633764777784e-07,success,0.9999020534471776,0.0037405115586125375,0.5,1.854413110667119e-14,0.005,"[0.005, 0.0075, 0.01, 0.015, 0.02, 0.03, 0.05, 0.08]",1.1814976542203643e-06,5.222651897276583e-05,False,-2.8794610370233043e-19,1.3929116713051206e-05,True,success,-2.3621467295898027e-16,4.193169067449511e-16,7.877909965049827e-05,-2.096584533724756e-18,0.0
0.45586360902152023,-1.0223025928869363e-18,7.302707400551388e-05,3.990141573419242e-07,-7.151371204626769e-25,7.27181186682872e-11,typ,0.009736943200735185,2.9015558843916664e-17,True,8.752928495397571e-07,0.15,2.3,2.9900832110178404e-16,-0.21761261997547396,4.933964152125985e-10,True,False,19,0.3,94,9.695749155771626e-09,1.2927665541028835e-06,9.695749155771626e-09,9.695749155771626e-09,0.0,3.239901467944865,0.9848119548501643,-29.018691899522473,-29.018691899522473,0.4999510267235892,0.22731146295735924,0.0,0.002562046776182914,0.002562046776182914,True,3.990141573419242e-07,4.1025633764777784e-07,success,0.9999020534471776,0.0037405115586125375,0.5,1.854413110667119e-14,0.0075,"[0.005, 0.0075, 0.01, 0.015, 0.02, 0.03, 0.05, 0.08]",9.957693041733623e-07,0.00016019500692819382,False,-2.24256240826338e-18,3.32903855124352e-05,True,success,-1.3276202000376754e-16,2.389680022806342e-16,0.00018224445757189866,-1.792260017104756e-18,0.0
0.4393720174919308,-2.628766751803721e-18,0.00013952905126391526,3.9740096646383244e-07,-6.276556015172876e-25,1.2988271140653576e-10,typ,0.013952905126391526,5.1615515039900345e-17,True,9.044749111068068e-07,0.15,2.3,5.983009038239445e-16,-0.21758290428240284,4.933964152125985e-10,True,False,19,0.3,94,1.2988271140653577e-08,1.2988271140653578e-06,1.2988271140653577e-08,1.2988271140653577e-08,0.0,3.2683038635326627,0.9934452478678649,-29.018691899522473,-29.018691899522473,0.4999510267235892,0.22731146295735924,0.0,0.002562046776182914,0.002562046776182914,True,3.9740096646383244e-07,4.1025633764777784e-07,success,0.9999020534471776,0.0037405115586125375,0.5,1.854413110667119e-14,0.01,"[0.005, 0.0075, 0.01, 0.015, 0.02, 0.03, 0.05, 0.08]",9.308650078962143e-07,0.00031756471898321964,False,-5.9830090382394445e-18,6.130516075256149e-05,True,success,-8.7363751811233e-17,1.5794012961325062e-16,0.00032683038635326623,-1.5794012961325062e-18,0.0
0.4347453124050924,-4.553649124439119e-18,0.00032128065106031803,3.965001051721094e-07,-2.0679515313825692e-25,2.913416075474349e-10,typ,0.02141871007068787,1.1551697803356937e-16,True,9.120284770377319e-07,0.15,2.3,6.982860990875294e-16,-0.21749418404652646,4.933964152125985e-10,True,False,19,0.3,94,1.942277383649566e-08,1.2948515890997107e-06,1.942277383649566e-08,1.942277383649566e-08,0.0,3.265703015482562,0.9926546848591348,-29.018691899522473,-29.018691899522473,0.49995102672358926,0.22731146295735924,0.0,0.002562046776182914,0.002562046776182914,True,3.965001051721094e-07,4.1025633764777784e-07,success,0.9999020534471776,0.0037405115586125375,0.5,1.854413110667119e-14,0.015,"[0.005, 0.0075, 0.01, 0.015, 0.02, 0.03, 0.05, 0.08]",9.068134249165777e-07,0.0007390088907064538,False,-1.047429148631294e-17,0.00013967525701492943,True,success,-1.9240548388716203e-17,3.4770087984128534e-17,0.0007347831784835765,-5.21551319761928e-19,0.0
0.4345462130356726,-5.854691731421724e-18,0.0005718030212154487,3.9579042924638647e-07,4.652890945610781e-25,5.142462665818919e-10,typ,0.028590151060772437,2.0353375058879867e-16,True,9.108132055310201e-07,0.15,2.3,6.736558225328617e-16,-0.21736913715194256,4.933964152125985e-10,True,False,19,0.3,94,2.5712313329094594e-08,1.2856156664547297e-06,2.5712313329094594e-08,2.5712313329094594e-08,0.0,3.248223229911432,0.9873414671674913,-29.018691899522473,-29.018691899522473,0.4999510267235891,0.22731146295735924,0.0,0.002562046776182914,0.002562046776182914,True,3.9579042924638647e-07,4.1025633764777784e-07,success,0.9999020534471776,0.0037405115586125375,0.5,1.854413110667119e-14,0.02,"[0.005, 0.0075, 0.01, 0.015, 0.02, 0.03, 0.05, 0.08]",8.993416395191271e-07,0.0013158623963626822,False,-1.3473116450657236e-17,0.0002484748374715296,True,success,3.261404423295909e-17,-5.877973040518211e-17,0.0012992892919645729,1.1755946081036424e-18,0.0
0.434538389058931,-7.37257477290143e-18,0.0012866161984363366,3.938446781269307e-07,3.1019272970738538e-24,1.133787902106962e-09,typ,0.04288720661454455,4.465363313695245e-16,True,9.063518622137628e-07,0.15,2.3,5.65548404048415e-16,-0.21701174587957783,4.933964152125985e-10,True,False,19,0.3,94,3.779293007023207e-08,1.2597643356744024e-06,3.779293007023207e-08,3.779293007023207e-08,0.0,3.198632368642538,0.9722676528826694,-29.018691899522473,-29.018691899522473,0.4999510267235892,0.22731146295735924,0.0,0.002562046776182914,0.002562046776182914,True,3.938446781269307e-07,4.1025633764777784e-07,success,0.9999020534471776,0.0037405115586125375,0.5,1.854413110667119e-14,0.03,"[0.005, 0.0075, 0.01, 0.015, 0.02, 0.03, 0.05, 0.08]",8.812168721992532e-07,0.0029608803982145958,False,-1.696645212145245e-17,0.0005590841302056515,True,success,1.4679227950923558e-16,-2.6253389295717446e-16,0.002878769131778284,7.876016788715234e-18,0.0
0.4345383114486146,-8.673617379884035e-18,0.003573928249882137,3.8789912422256116e-07,9.098986738083304e-24,2.960797547706483e-09,typ,0.07147856499764273,1.1484907757556515e-15,True,8.926695621599555e-07,0.15,2.3,3.9921070945247206e-16,-0.21586808762284942,4.933964152125985e-10,True,False,19,0.3,94,5.921595095412966e-08,1.184319019082593e-06,5.921595095412966e-08,5.921595095412966e-08,0.0,3.0531623948784112,0.9280500831040659,-29.018691899522473,-29.018691899522473,0.4999510267235892,0.22731146295735924,0.0,0.002562046776182914,0.002562046776182914,True,3.8789912422256116e-07,4.1025633764777784e-07,success,0.9999020534471776,0.0037405115586125375,0.5,1.854413110667119e-14,0.05,"[0.005, 0.0075, 0.01, 0.015, 0.02, 0.03, 0.05, 0.08]",8.284434775108108e-07,0.008224656274766153,False,-1.9960535472623604e-17,0.0015530087469422863,True,success,2.684907180143794e-16,-4.691419067428812e-16,0.007632905987196028,2.345709533714406e-17,0.0
0.4345362264766647,-1.3877787807814457e-17,0.009147197105848794,3.748015876074959e-07,8.271806125530277e-24,6.627139386176177e-09,typ,0.11433996382310993,2.4838623632349968e-15,True,8.625324306019014e-07,0.15,2.3,3.9921262492713356e-16,-0.21308057869513272,4.933964152125985e-10,True,False,19,0.3,94,8.28392423272022e-08,1.0354905290900275e-06,8.28392423272022e-08,8.28392423272022e-08,0.0,2.7627698583134768,0.8397813365270859,-29.018691899522473,-29.018691899522473,0.4999510267235892,0.22731146295735924,0.0,0.002562046776182914,0.002562046776182914,True,3.748015876074959e-07,4.1025633764777784e-07,success,0.9999020534471776,0.0037405115586125375,0.5,1.854413110667119e-14,0.08,"[0.005, 0.0075, 0.01, 0.015, 0.02, 0.03, 0.05, 0.08]",7.244994624570545e-07,0.02105048221184388,False,-3.1937009994170685e-17,0.003974788513213803,True,success,1.6597267111093432e-16,-2.758728350889743e-16,0.017681727093206253,2.2069826807117944e-17,0.0
0.0016059207735728191,3.25366324068905e-22,1.3630932495826972e-07,1.6145973311611443e-07,-8.603001487978266e-26,1.5587774908598665e-11,arith,2.7261864991653945e-05,2.5167979766164053e-18,True,0.00010054028553158458,0.45,0.4,-4.0520843795430425e-17,-0.018191351589532587,9.426280777145029e-10,True,False,20,0.9,823,3.117554981719733e-09,6.235109963439466e-07,3.117554981719733e-09,3.117554981719733e-09,0.0,3.861712046157949,1.1738197062077924,-6.893913550941495e-06,-6.893913550941495e-06,0.4999595020728503,0.0015915354760829732,0.0,0.0015639759833429587,0.0015915354760829732,True,1.6145973311611443e-07,1.5831173813206215e-07,success,0.9999190041457007,0.9999190041457007,0.5,4.009317461463841e-15,0.005,"[0.005, 0.0075, 0.01, 0.015, 0.02, 0.03, 0.05, 0.08]",0.00011435589541192994,8.487923389583633e-05,False,2.0260421897715212e-19,2.189019765821733e-10,True,success,-5.422827877011675e-17,1.0656528809931058e-16,9.654280115394872e-05,-5.328264404965529e-19,0.0
0.0016308961883329566,-6.617444900424221e-22,3.682920463491921e-07,2.2672177173643686e-07,-3.7223127564886245e-24,6.220545698099451e-10,arith,4.9105606179892284e-05,1.410333141840578e-16,True,0.00013901667890228115,0.45,0.4,5.410068360176324e-17,-0.018191260531826046,9.426280777145029e-10,True,False,20,0.9,823,8.294060930799269e-08,1.105874790773236e-05,8.294060930799269e-08,8.294060930799269e-08,0.0,48.7767355690397,14.82634974619326,-6.893913550941495e-06,-6.893913550941495e-06,0.4999595020728503,0.0015915354760829732,0.0,0.0015639759833429587,0.0015915354760829732,True,2.2672177173643686e-07,1.5831173813206215e-07,success,0.9999190041457007,0.9999190041457007,0.5,4.009317461463841e-15,0.0075,"[0.005, 0.0075, 0.01, 0.015, 0.02, 0.03, 0.05, 0.08]",0.001689025261273633,0.00022582188184868283,False,-4.0575512701322425e-19,6.00646094584242e-10,True,success,-3.1343825790026984e-16,2.1890635545525513e-15,0.002743691375758483,-1.6417976659144133e-17,0.0
0.001745056278859541,-6.776263578034403e-21,1.4622339376332295e-06,1.4405698018247334e-06,-3.3087224502121107e-23,1.3600487503863533e-08,arith,0.00014622339376332293,1.9592451588160452e-14,True,0.0008255148096233316,0.45,0.4,3.883120367019305e-16,-0.01819104733732556,9.426280777145029e-10,True,False,20,0.9,823,1.3600487503863532e-06,0.0001360048750386353,1.360048750386353e-06,1.3600487503863532e-06,0.0,94.41047206901143,28.697342334792324,-6.893913550941495e-06,-6.893913550941495e-06,0.4999595020728503,0.0015915354760829732,0.0,0.0015639759833429587,0.0015915354760829732,True,1.4405698018247334e-06,1.5831173813206215e-07,success,0.9999190041457007,0.9999190041457007,0.5,4.009317461463841e-15,0.01,"[0.005, 0.0075, 0.01, 0.015, 0.02, 0.03, 0.05, 0.08]",0.009301170731871585,0.0008379293867753386,False,-3.883120367019305e-18,2.5516805140283775e-09,True,success,-2.3638284049627756e-16,2.296815083879334e-15,0.009441047206901143,-2.2968150838793342e-17,1.556990047256911e-16
0.0033913452832558776,-7.453889935837843e-20,2.0061996185487813e-05,2.9609987925337173e-05,-2.117582368135751e-22,3.8243796006171497e-07,arith,0.0013374664123658542,1.132398337961796e-11,True,0.0087310448958208,0.45,0.4,1.4652769158481164e-15,-0.018188133654998728,9.426280777145029e-10,True,False,20,0.9,823,2.5495864004114333e-05,0.0016997242669409556,2.5495864004114333e-05,2.5495864004114333e-05,0.0,57.403747385067554,17.44864689168239,-6.893913550941495e-06,-6.893913550941495e-06,0.49995950207285034,0.0015915354760829732,0.0,0.0015639759833429587,0.0015915354760829732,True,2.9609987925337173e-05,1.5831173813206215e-07,success,0.9999190041457007,0.9999190041457007,0.5,4.009317461463841e-15,0.015,"[0.005, 0.0075, 0.01, 0.015, 0.02, 0.03, 0.05, 0.08]",0.01906280693734545,0.005915645417923119,False,-2.1979153737721744e-17,6.80371561363515e-08,True,success,-6.292753220025976e-17,4.767720886333633e-16,0.012915843161640198,-7.15158132950045e-18,0.0
0.009201120129500164,-3.2526065174565133e-19,9.931675638139279e-05,0.00015272980283865506,-1.6940658945086007e-21,2.3765076515335405e-06,arith,0.004965837819069639,3.629635450632728e-10,True,0.016599044539042644,0.45,0.4,1.7675057339095984e-15,-0.018173530201403047,9.426280777145029e-10,True,False,20,0.9,823,0.00011882538257667702,0.005941269128833851,0.00011882538257667702,0.00011882538257667702,0.0,38.90052248093486,11.82434094622107,-6.893913550941495e-06,-6.893913550941495e-06,0.4999595020728503,0.0015915354760829732,0.0,0.0015639759833429587,0.0015915354760829732,True,0.00015272980283865506,1.5831173813206215e-07,success,0.9999190041457007,0.9999190041457007,0.5,4.009317461463841e-15,0.02,"[0.005, 0.0075, 0.01, 0.015, 0.02, 0.03, 0.05, 0.08]",0.023928566921853123,0.01079398540433881,False,-3.5350114678191967e-17,9.138254063374971e-07,True,success,-8.89198651018355e-17,5.545957183936867e-16,0.015560208992373948,-1.1091914367873733e-17,0.0
0.035829941011050394,-2.168404344971009e-19,0.0005962063440459434,0.0008622077815603359,-6.776263578034403e-21,1.8593876833675705e-05,arith,0.019873544801531445,1.6031785295369652e-08,True,0.024063890624168777,0.45,0.4,2.0173112986726626e-16,-0.01805684756272864,9.426280777145029e-10,True,False,20,0.9,823,0.0006197958944558568,0.02065986314852856,0.0006197958944558568,0.0006197958944558568,0.0,23.961582799844887,7.283447793672498,-6.893913550941495e-06,-6.893913550941495e-06,0.4999595020728502,0.0015915354760829732,0.0,0.0015639759833429587,0.0015915354760829732,True,0.0008622077815603359,1.5831173813206215e-07,success,0.9999190041457007,0.9999190041457007,0.5,4.009317461463841e-15,0.03,"[0.005, 0.0075, 0.01, 0.015, 0.02, 0.03, 0.05, 0.08]",0.031186982526041136,0.016639891867588227,False,-6.051933896017987e-18,2.1362038137580167e-05,True,success,-5.351793485026591e-17,2.6197334033842787e-16,0.021565424519860397,-7.859200210152837e-18,0.0
0.11888177174329019,1.734723475976807e-18,0.0033541717081453145,0.0038395103223821266,0.0,0.00014077014590152843,arith,0.06708343416290628,5.404884282721565e-07,True,0.03229688005216689,0.45,0.4,-2.9184011148870123e-16,-0.017211692018832048,9.426280777145029e-10,True,False,20,0.9,823,0.0028154029180305685,0.05630805836061137,0.0028154029180305685,0.0028154029180305685,0.0,14.66542700311754,4.457755267728515,-6.893913550941495e-06,-6.893913550941495e-06,0.49995950207285034,0.0015915354760829732,0.0,0.0015639759833429587,0.0015915354760829732,True,0.0038395103223821266,1.5831173813206215e-07,success,0.9999190041457007,0.9999190041457007,0.5,4.009317461463841e-15,0.05,"[0.005, 0.0075, 0.01, 0.015, 0.02, 0.03, 0.05, 0.08]",0.0419686760697672,0.028214348246661518,False,1.4592005574435063e-17,0.000398749875395533,True,success,0.0,-0.0,0.03666356750779385,0.0,0.0
0.23854464623322913,3.469446951953614e-18,0.012031423039240284,0.009643472156701296,0.0,0.0006261899444816849,arith,0.15039278799050354,6.038645294415459e-06,True,0.040426277885409805,0.45,0.4,-1.8180280959656695e-16,-0.013958146929415098,9.426280777145029e-10,True,False,20,0.9,823,0.00782737430602106,0.09784217882526326,0.00782737430602106,0.00782737430602106,0.0,10.145949221958633,3.083998753031714,-6.893913550941495e-06,-6.893913550941495e-06,0.49995950207285034,0.0015915354760829732,0.0,0.0015639759833429587,0.0015915354760829732,True,0.009643472156701296,1.5831173813206215e-07,success,0.9999190041457007,0.9999190041457007,0.5,4.009317461463841e-15,0.08,"[0.005, 0.0075, 0.01, 0.015, 0.02, 0.03, 0.05, 0.08]",0.052046207870787765,0.05043677663374159,False,1.4544224767725356e-17,0.002870031552577896,True,success,0.0,-0.0,0.06493407502053526,0.0,0.0
0.00158348141356367,-1.0522625964598153e-21,1.3269141097712533e-07,1.5095889815607754e-07,5.49203384493058e-25,1.2786895499011424e-11,typ,2.6538282195425067e-05,1.9302956553676717e-18,True,9.53335459848185e-05,0.45,0.4,1.3290495075552145e-16,-0.015015048643034443,8.825096446524057e-10,True,False,21,0.9,618,2.5573790998022846e-09,5.11475819960457e-07,2.5573790998022842e-09,2.5573790998022846e-09,0.0,3.3881793402574933,1.029883023442213,-0.00026193930794948654,-0.00026193930794948654,0.4999546806174939,0.001574495646258918,0.0,0.0015472312090288262,0.0015472312090288262,True,1.5095889815607754e-07,1.496204231826347e-07,success,0.9999093612349876,0.8180121768014448,0.5,2.5153500410157276e-15,0.005,"[0.005, 0.0075, 0.01, 0.015, 0.02, 0.03, 0.05, 0.08]",9.63656607827899e-05,8.379726458455836e-05,False,-6.645247537776073e-19,2.1011438302181628e-10,True,success,3.952949702002509e-16,-7.276197576975323e-16,8.470448350643733e-05,3.638098788487662e-18,1.61724284955832e-16
0.0015953748785432814,-1.7263259383981688e-21,3.0962713747053855e-07,1.5299169752510623e-07,5.169878828456423e-25,3.488275286697718e-11,typ,4.128361832940514e-05,5.336771575467605e-18,True,9.589702055782726e-05,0.45,0.4,1.4427755813517278e-16,-0.015014964279001366,8.825096446524057e-10,True,False,21,0.9,618,4.6510337155969576e-09,6.20137828746261e-07,4.6510337155969576e-09,4.6510337155969576e-09,0.0,4.053408379526577,1.2320884043982094,-0.00026193930794948654,-0.00026193930794948654,0.4999546806174939,0.001574495646258918,0.0,0.0015472312090288262,0.0015472312090288262,True,1.5299169752510623e-07,1.496204231826347e-07,success,0.9999093612349876,0.8180121768014448,0.5,2.5153500410157276e-15,0.0075,"[0.005, 0.0075, 0.01, 0.015, 0.02, 0.03, 0.05, 0.08]",0.00011266051532804138,0.00019407798231927504,False,-1.0820816860137959e-18,4.939713568357644e-10,True,success,2.237901961610251e-16,-4.505585520511039e-16,0.00022800422134836994,3.3791891403832786e-18,0.0
0.0016163605130510921,-2.6205081805679917e-21,6.355783043986984e-07,1.74395457843737e-07,6.203854594147708e-25,4.468596400378875e-10,typ,6.355783043986984e-05,7.79302915162949e-17,True,0.00010789391131223735,0.45,0.4,1.6212399148636953e-16,-0.015014836890870523,8.825096446524057e-10,True,False,21,0.9,618,4.468596400378875e-08,4.468596400378875e-06,4.468596400378875e-08,4.468596400378875e-08,0.0,25.623353128742934,7.788565403669499,-0.00026193930794948654,-0.00026193930794948654,0.4999546806174938,0.001574495646258918,0.0,0.0015472312090288262,0.0015472312090288262,True,1.74395457843737e-07,1.496204231826347e-07,success,0.9999093612349876,0.8180121768014448,0.5,2.5153500410157276e-15,0.01,"[0.005, 0.0075, 0.01, 0.015, 0.02, 0.03, 0.05, 0.08]",0.000703075666594139,0.0003932156837950471,False,-1.6212399148636954e-18,1.0273236741820233e-09,True,success,7.027623070187248e-17,-3.5573487239022747e-16,0.0025623353128742935,3.557348723902275e-18,0.0
0.001877924690514749,-3.3881317890172014e-21,5.731205974736273e-06,1.8589683122369491e-06,-2.6469779601696886e-23,4.046382708237633e-08,typ,0.00038208039831575156,7.522097233797287e-14,True,0.0009899056770627987,0.45,0.4,1.202792922112511e-16,-0.015014011195300197,8.825096446524057e-10,True,False,21,0.9,618,2.697588472158422e-06,0.00017983923147722814,2.697588472158422e-06,2.697588472158422e-06,0.0,96.74141850262231,29.405865089773346,-0.00026193930794948654,-0.00026193930794948654,0.4999546806174938,0.001574495646258918,0.0,0.0015472312090288262,0.0015472312090288262,True,1.8589683122369491e-06,1.496204231826347e-07,success,0.9999093612349876,0.8180121768014448,0.5,2.5153500410157276e-15,0.015,"[0.005, 0.0075, 0.01, 0.015, 0.02, 0.03, 0.05, 0.08]",0.0070602639759842715,0.0030518827531711723,False,-1.8041893831687664e-18,1.0762773206382895e-08,True,success,-9.651189737241271e-17,9.492641492758979e-16,0.021766819163090017,-1.4238962239138465e-17,0.0
0.003491128803326097,2.710505431213761e-20,4.225609239284059e-05,1.7625222354371706e-05,2.117582368135751e-22,4.754172412191019e-07,typ,0.0021128046196420293,8.379334587588641e-12,True,0.005048574070821924,0.45,0.4,-3.881990015136918e-16,-0.015008662932995792,8.825096446524057e-10,True,False,21,0.9,618,2.3770862060955095e-05,0.0011885431030477548,2.3770862060955095e-05,2.3770862060955095e-05,0.0,67.43421893641825,20.497544641903335,-0.00026193930794948654,-0.00026193930794948654,0.4999546806174938,0.001574495646258918,0.0,0.0015472312090288262,0.0015472312090288262,True,1.7625222354371706e-05,1.496204231826347e-07,success,0.9999093612349876,0.8180121768014448,0.5,2.5153500410157276e-15,0.02,"[0.005, 0.0075, 0.01, 0.015, 0.02, 0.03, 0.05, 0.08]",0.011250856723790472,0.012103848002566395,False,7.763980030273836e-18,1.4752146126865454e-07,True,success,7.315357352443416e-17,-6.00725008048058e-16,0.0269736875745673,1.201450016096116e-17,0.0
0.016855355013812565,4.336808689942018e-19,0.00041242884504686853,0.00019973711148233258,0.0,6.954116704321683e-06,typ,0.013747628168228951,1.3889951834322512e-09,True,0.011850068498625674,0.45,0.4,-8.576520016711021e-16,-0.01493917697644393,8.825096446524057e-10,True,False,21,0.9,618,0.0002318038901440561,0.007726796338135204,0.0002318038901440561,0.0002318038901440561,0.0,38.68483067964395,11.758778500394842,-0.00026193930794948654,-0.00026193930794948654,0.4999546806174938,0.001574495646258918,0.0,0.0015472312090288262,0.0015472312090288262,True,0.00019973711148233258,1.496204231826347e-07,success,0.9999093612349876,0.8180121768014448,0.5,2.5153500410157276e-15,0.03,"[0.005, 0.0075, 0.01, 0.015, 0.02, 0.03, 0.05, 0.08]",0.01686137327162802,0.02446871304157598,False,2.5729560050133063e-17,6.951634601201661e-06,True,success,0.0,-0.0,0.03481634761167956,0.0,0.0
0.08511085863138221,-8.673617379884035e-19,0.003169498734915759,0.001602371787291165,0.0,8.456413718658489e-05,typ,0.06338997469831517,1.355031876444033e-07,True,0.018826878415492052,0.45,0.4,2.0381928979120618e-16,-0.014207289595008641,8.825096446524057e-10,True,False,21,0.9,618,0.0016912827437316977,0.03382565487463395,0.0016912827437316977,0.0016912827437316977,0.0,21.109741910656552,6.41659211031596,-0.00026193930794948654,-0.00026193930794948654,0.4999546806174939,0.001574495646258918,0.0,0.0015472312090288262,0.0015472312090288262,True,0.001602371787291165,1.496204231826347e-07,success,0.9999093612349876,0.8180121768014448,0.5,2.5153500410157276e-15,0.05,"[0.005, 0.0075, 0.01, 0.015, 0.02, 0.03, 0.05, 0.08]",0.0266806029152217,0.037239651742240754,False,-1.0190964489560309e-17,0.0002697587587597599,True,success,0.0,-0.0,0.052774354776641386,0.0,0.0
0.2118976358835542,-3.469446951953614e-18,0.012393274953252372,0.00562316700593213,1.0842021724855044e-19,0.00046920989053860884,typ,0.15491593691565464,2.6384455753337313e-06,True,0.026537186139359636,0.45,0.4,2.0466527018381925e-16,-0.010934453958780874,8.825096446524057e-10,True,False,21,0.9,618,0.0058651236317326105,0.07331404539665763,0.0058651236317326105,0.0058651236317326105,0.0,13.037856659657338,3.963033206746853,-0.00026193930794948654,-0.00026193930794948654,0.4999546806174938,0.001574495646258918,0.0,0.0015472312090288262,0.0015472312090288262,True,0.00562316700593213,1.496204231826347e-07,success,0.9999093612349876,0.8180121768014448,0.5,2.5153500410157276e-15,0.08,"[0.005, 0.0075, 0.01, 0.015, 0.02, 0.03, 0.05, 0.08]",0.03786004040969606,0.05848708458485562,False,-1.637322161470554e-17,0.002626105663449043,True,success,6.674768428606075e-17,-2.4101235374605877e-16,0.08344228262180696,1.92809882996847e-17,0.0
0.34795842415737915,-1.0929392677055958e-19,3.022276893732539e-05,0.007989613030362462,-3.54831886892979e-21,7.396482315538459e-07,arith,0.006044553787465077,5.909503148707158e-09,True,0.022961401350492426,0.45,0.8,6.282010676144844e-17,-0.021239839717575537,9.360302499178002e-10,True,False,22,0.9,553,0.00014792964631076916,0.02958592926215383,0.00014792964631076916,0.00014792964631076916,0.0,3.703049090077347,1.125591950676956,-8.375562054172545e-06,-8.375562054172545e-06,0.49995938669956924,0.338552155594318,0.0,0.2374291055972138,0.338552155594318,True,0.007989613030362462,0.007526939788314627,success,0.9999187733991386,0.9999187733991386,0.5,3.0090002224005216e-15,0.005,"[0.005, 0.0075, 0.01, 0.015, 0.02, 0.03, 0.05, 0.08]",0.024473212004091846,8.685741410202456e-05,False,-3.141005338072422e-19,1.0516267053104332e-05,True,success,-4.615801845932355e-17,8.882329733481007e-17,9.257622725193369e-05,-4.441164866740504e-19,0.0
0.35507513980305416,-1.878824956128445e-19,7.114258572007828e-05,0.008357951968500461,-4.006035706594313e-21,1.8378727782290362e-06,arith,0.009485678096010437,1.5360852404652785e-08,True,0.023538544470154344,0.45,0.8,7.055126255513329e-17,-0.021220477504798437,9.360302499178002e-10,True,False,22,0.9,553,0.0002450497037638715,0.032673293835182866,0.00024504970376387146,0.0002450497037638715,0.0,3.9092464228464494,1.1882684241371313,-8.375562054172545e-06,-8.375562054172545e-06,0.49995938669956924,0.338552155594318,0.0,0.2374291055972138,0.338552155594318,True,0.008357951968500461,0.007526939788314627,success,0.9999187733991386,0.9999187733991386,0.5,3.0090002224005216e-15,0.0075,"[0.005, 0.0075, 0.01, 0.015, 0.02, 0.03, 0.05, 0.08]",0.025833651667658476,0.00020035924159471767,False,-5.291344691634997e-19,2.526096357050756e-05,True,success,-3.2322664754340587e-17,6.390777264880684e-17,0.00021989511128511275,-4.793082948660513e-19,2.2122086985467966e-16
0.3621938303154966,-3.7523559563365505e-19,0.00013143940221177022,0.008739226086989797,-5.505714157152952e-21,3.5562993671590453e-06,arith,0.013143940221177023,3.107930420262163e-08,True,0.024128589046857336,0.45,0.8,1.0360076959532914e-16,-0.021192230747823827,9.360302499178002e-10,True,False,22,0.9,553,0.00035562993671590454,0.03556299367159045,0.00035562993671590454,0.00035562993671590454,0.0,4.069352745609083,1.236934910529928,-8.375562054172545e-06,-8.375562054172545e-06,0.49995938669956924,0.338552155594318,0.0,0.2374291055972138,0.338552155594318,True,0.008739226086989797,0.007526939788314627,success,0.9999187733991386,0.9999187733991386,0.5,3.0090002224005216e-15,0.01,"[0.005, 0.0075, 0.01, 0.015, 0.02, 0.03, 0.05, 0.08]",0.027056569851324107,0.00036289796018136795,False,-1.0360076959532914e-18,4.7606540541460216e-05,True,success,-3.123043378157759e-17,6.300001970825978e-17,0.00040693527456090833,-6.300001970825978e-19,0.0
0.37555084149507084,6.776263578034403e-20,0.00031423878471704053,0.00948559987219005,1.6940658945086007e-21,9.144977592426848e-06,arith,0.02094925231446937,8.674559828190498e-08,True,0.025257831494739306,0.45,0.8,-1.2029021247931962e-17,-0.021107233093265343,9.360302499178002e-10,True,False,22,0.9,553,0.0006096651728284565,0.040644344855230434,0.0006096651728284565,0.0006096651728284565,0.0,4.284847073761969,1.3024373317199103,-8.375562054172545e-06,-8.375562054172545e-06,0.49995938669956924,0.338552155594318,0.0,0.2374291055972138,0.338552155594318,True,0.00948559987219005,0.007526939788314627,success,0.9999187733991386,0.9999187733991386,0.5,3.0090002224005216e-15,0.015,"[0.005, 0.0075, 0.01, 0.015, 0.02, 0.03, 0.05, 0.08]",0.029102001526200957,0.0008367409948172489,False,1.8043531871897943e-19,0.00011801264003087298,True,success,5.751837075034321e-18,-1.190622921294467e-17,0.0009640905915964428,1.7859343819417002e-19,0.0
0.3874610251228253,-3.2526065174565133e-19,0.0005844654389168879,0.010182389275481868,3.3881317890172014e-21,1.7955304177738675e-05,arith,0.029223271945844394,1.8282789669742106e-07,True,0.026279776842726428,0.45,0.8,4.1973338046393645e-17,-0.02098196185485262,9.360302499178002e-10,True,False,22,0.9,553,0.0008977652088869337,0.044888260444346684,0.0008977652088869337,0.0008977652088869337,0.0,4.408421170111119,1.3399993528487946,-8.375562054172545e-06,-8.375562054172545e-06,0.49995938669956924,0.338552155594318,0.0,0.2374291055972138,0.338552155594318,True,0.010182389275481868,0.007526939788314627,success,0.9999187733991386,0.9999187733991386,0.5,3.0090002224005216e-15,0.02,"[0.005, 0.0075, 0.01, 0.015, 0.02, 0.03, 0.05, 0.08]",0.03072089978667148,0.0015084496272408615,False,-8.394667609278729e-19,0.00022645757811159942,True,success,7.923901409318918e-18,-1.6637214004258655e-17,0.0017633684680444476,3.327442800851731e-19,0.0
0.40740306343224686,4.336808689942018e-19,0.001399370287781206,0.011409573185624612,0.0,4.6305258058952406e-05,arith,0.046645676259373534,5.283232307028514e-07,True,0.02800561461050987,0.45,0.8,-3.5483358531194506e-17,-0.02060337798850492,9.360302499178002e-10,True,False,22,0.9,553,0.0015435086019650803,0.051450286732169344,0.0015435086019650803,0.0015435086019650803,0.0,4.5093962670745364,1.3706921018769946,-8.375562054172545e-06,-8.375562054172545e-06,0.49995938669956924,0.338552155594318,0.0,0.2374291055972138,0.338552155594318,True,0.011409573185624612,0.007526939788314627,success,0.9999187733991386,0.9999187733991386,0.5,3.0090002224005216e-15,0.03,"[0.005, 0.0075, 0.01, 0.015, 0.02, 0.03, 0.05, 0.08]",0.03309006805652023,0.0034348546031832384,False,1.0645007559358351e-18,0.0005701077421181283,True,success,0.0,-0.0,0.004058456640367082,0.0,0.0
0.43630213131721035,1.734723475976807e-18,0.004157394903771096,0.013311317799403272,5.421010862427522e-20,0.00014915273828737917,arith,0.08314789807542192,1.9854194999945283e-06,True,0.030509403562196613,0.45,0.8,-7.951936749607985e-17,-0.019307626631252253,9.360302499178002e-10,True,False,22,0.9,553,0.002983054765747583,0.05966109531495166,0.002983054765747583,0.002983054765747583,0.0,4.48198264169053,1.3623593589614893,-8.375562054172545e-06,-8.375562054172545e-06,0.49995938669956924,0.338552155594318,0.0,0.2374291055972138,0.338552155594318,True,0.013311317799403272,0.007526939788314627,success,0.9999187733991386,0.9999187733991386,0.5,3.0090002224005216e-15,0.05,"[0.005, 0.0075, 0.01, 0.015, 0.02, 0.03, 0.05, 0.08]",0.03587649038393862,0.009528706383394887,False,3.975968374803993e-18,0.001813880257242638,True,success,3.84728302213547e-17,-8.144964975098916e-17,0.011204956604226329,4.072482487549458e-18,0.0
0.46376413423786617,3.469446951953614e-18,0.011086343059541693,0.015245741409859577,1.0842021724855044e-19,0.0004194454135819673,arith,0.13857928824427115,6.394756311022275e-06,True,0.032873912155613104,0.45,0.8,-9.351324023943719e-17,-0.01597981078802233,9.360302499178002e-10,True,False,22,0.9,553,0.005243067669774591,0.0655383458721824,0.005243067669774591,0.005243067669774591,0.0,4.298796897460039,1.3066775696659814,-8.375562054172545e-06,-8.375562054172545e-06,0.4999593866995693,0.338552155594318,0.0,0.2374291055972138,0.338552155594318,True,0.015245741409859577,0.007526939788314627,success,0.9999187733991386,0.9999187733991386,0.5,3.0090002224005216e-15,0.08,"[0.005, 0.0075, 0.01, 0.015, 0.02, 0.03, 0.05, 0.08]",0.03783442487114476,0.02390513246083724,False,7.481059219154976e-18,0.0051414482908723295,True,success,4.287442153639754e-17,-8.889385430153136e-17,0.02751230014374425,7.11150834412251e-18,0.0
0.026423027302620694,5.365574251749984e-20,6.219182044734248e-06,9.611040078739982e-06,-5.277315372860283e-24,2.6177781895163376e-09,typ,0.0012438364089468496,2.515957109669291e-14,True,0.00036373727993638103,0.45,0.8,-4.061286536397602e-16,-0.008230471063066826,8.89461875490154e-10,True,False,23,0.9,418,5.235556379032675e-07,0.0001047111275806535,5.235556379032675e-07,5.235556379032675e-07,0.0,10.894879921714075,3.311646387927631,-0.003400386312439201,-0.003400386312439201,0.49995768146833525,0.019675375611333434,0.0,0.010845870839766628,0.010845870839766628,True,9.611040078739982e-06,7.352412820661438e-06,success,0.9999153629366706,0.36319619744222675,0.5,3.9398348487471775e-15,0.005,"[0.005, 0.0075, 0.01, 0.015, 0.02, 0.03, 0.05, 0.08]",0.00042092001338548985,0.00023536977703222584,False,2.030643268198801e-18,1.6432961696798144e-07,True,success,-3.327066119577334e-17,1.0981777892142854e-16,0.0002723719980428519,-5.490888946071428e-19,0.0
0.046625452855439946,2.1022298959667667e-19,3.34481664919857e-05,2.011229013840436e-05,1.5323520847544838e-22,2.2632332369119916e-08,typ,0.00445975553226476,4.551880351165402e-13,True,0.00043135860150809866,0.45,0.8,-6.01168036547086e-16,-0.008223774864364762,8.89461875490154e-10,True,False,23,0.9,418,3.0176443158826554e-06,0.00040235257545102074,3.0176443158826554e-06,3.0176443158826554e-06,0.0,20.005308827696833,6.080884708658256,-0.003400386312439201,-0.003400386312439201,0.49995768146833525,0.019675375611333434,0.0,0.010845870839766628,0.010845870839766628,True,2.011229013840436e-05,7.352412820661438e-06,success,0.9999153629366706,0.36319619744222675,0.5,3.9398348487471775e-15,0.0075,"[0.005, 0.0075, 0.01, 0.015, 0.02, 0.03, 0.05, 0.08]",0.0006766389534249269,0.0007173799811808839,False,4.508760274103145e-18,1.5595359098729854e-06,True,success,2.2712406089134e-16,-1.0158644783592376e-15,0.0011252986215579469,7.618983587694282e-18,0.0
0.07849528312592872,4.0742284762931846e-19,9.196231137047056e-05,4.48719105819004e-05,6.385834328909374e-22,9.107844531493816e-08,typ,0.009196231137047055,4.08686385411041e-12,True,0.0005716510444317159,0.45,0.8,-5.190411849024055e-16,-0.008206908398760083,8.89461875490154e-10,True,False,23,0.9,418,9.107844531493816e-06,0.0009107844531493816,9.107844531493816e-06,9.107844531493816e-06,0.0,20.297429758133745,6.169678823973962,-0.003400386312439201,-0.003400386312439201,0.49995768146833525,0.019675375611333434,0.0,0.010845870839766628,0.010845870839766628,True,4.48719105819004e-05,7.352412820661438e-06,success,0.9999153629366706,0.36319619744222675,0.5,3.9398348487471775e-15,0.01,"[0.005, 0.0075, 0.01, 0.015, 0.02, 0.03, 0.05, 0.08]",0.0009903888229606177,0.0011715648088425504,False,5.190411849024055e-18,7.2186076679399006e-06,True,success,3.1588031474681116e-16,-1.423125123512163e-15,0.0020297429758133743,1.423125123512163e-17,0.0
0.15017930813027208,9.215718466126788e-19,0.00030037144875469195,0.000136875280642981,2.3822801641527197e-21,5.104318493938814e-07,typ,0.020024763250312796,6.986550263490332e-11,True,0.0009114123799548299,0.45,0.8,-4.090984561882374e-16,-0.008134107734749712,8.89461875490154e-10,True,False,23,0.9,418,3.402878995959209e-05,0.0022685859973061396,3.402878995959209e-05,3.402878995959209e-05,0.0,16.574110289668823,5.0379254171036845,-0.003400386312439201,-0.003400386312439201,0.4999576814683352,0.019675375611333434,0.0,0.010845870839766628,0.010845870839766628,True,0.000136875280642981,7.352412820661438e-06,success,0.9999153629366706,0.36319619744222675,0.5,3.9398348487471775e-15,0.015,"[0.005, 0.0075, 0.01, 0.015, 0.02, 0.03, 0.05, 0.08]",0.0016993354445306887,0.002000085447817729,False,6.136476842823561e-18,4.510957635606711e-05,True,success,2.8501088107530977e-16,-1.1603167267611776e-15,0.0037291748151754853,1.7404750901417667e-17,0.0
0.21242118782492533,3.2526065174565133e-19,0.000617495968627529,0.00026982114808470347,5.082197683525802e-21,1.5156335740484835e-06,typ,0.03087479843137645,4.0894999102548427e-10,True,0.0012702176786012816,0.45,0.8,-7.656031280969174e-17,-0.00800673481247402,8.89461875490154e-10,True,False,23,0.9,418,7.578167870242418e-05,0.0037890839351212087,7.578167870242418e-05,7.578167870242418e-05,0.0,14.04294645552291,4.268543870098659,-0.003400386312439201,-0.003400386312439201,0.49995768146833525,0.019675375611333434,0.0,0.010845870839766628,0.010845870839766628,True,0.00026982114808470347,7.352412820661438e-06,success,0.9999153629366706,0.36319619744222675,0.5,3.9398348487471775e-15,0.02,"[0.005, 0.0075, 0.01, 0.015, 0.02, 0.03, 0.05, 0.08]",0.0024544833505831475,0.0029069415106390464,False,1.5312062561938348e-18,0.00013116922713296255,True,success,2.5131386679530402e-16,-9.417715623110416e-16,0.005617178582209164,1.8835431246220834e-17,0.0
0.3001216796034971,4.336808689942018e-19,0.0015514123347251127,0.0005969537680380902,3.3881317890172014e-21,6.127906975419579e-06,typ,0.05171374449083709,3.658077159163614e-09,True,0.001989039141813247,0.45,0.8,-4.816722665810693e-17,-0.007592978594417857,8.89461875490154e-10,True,False,23,0.9,418,0.00020426356584731932,0.0068087855282439776,0.00020426356584731932,0.00020426356584731932,0.0,11.405884161886261,3.4669730513091293,-0.003400386312439201,-0.003400386312439201,0.49995768146833525,0.019675375611333434,0.0,0.010845870839766628,0.010845870839766628,True,0.0005969537680380902,7.352412820661438e-06,success,0.9999153629366706,0.36319619744222675,0.5,3.9398348487471775e-15,0.03,"[0.005, 0.0075, 0.01, 0.015, 0.02, 0.03, 0.05, 0.08]",0.003949889296519841,0.005169277796841422,False,1.4450167997432078e-18,0.0004656124756552837,True,success,5.60188080724595e-17,-1.8919007190749e-16,0.010265295745697635,5.6757021572246996e-18,0.0
0.39286577972181913,0.0,0.004583539397077302,0.0013087502967949862,2.710505431213761e-20,2.9755449816127365e-05,typ,0.09167078794154603,3.8942453778125005e-08,True,0.00333129115425041,0.45,0.8,-0.0,-0.0061568544130036745,8.89461875490154e-10,True,False,23,0.9,418,0.0005951089963225473,0.011902179926450944,0.0005951089963225472,0.0005951089963225473,0.0,9.094309247224876,2.764338532014847,-0.003400386312439201,-0.003400386312439201,0.49995768146833525,0.019675375611333434,0.0,0.010845870839766628,0.010845870839766628,True,0.0013087502967949862,7.352412820661438e-06,success,0.9999153629366706,0.36319619744222675,0.5,3.9398348487471775e-15,0.05,"[0.005, 0.0075, 0.01, 0.015, 0.02, 0.03, 0.05, 0.08]",0.00649180627423012,0.011666934697959236,False,0.0,0.001800715779118451,True,success,1.3735315047187722e-16,-4.142127704347497e-16,0.022735773118062193,2.071063852173749e-17,1.8218547848970345e-16
0.4555131369151282,0.0,0.012004840457751013,0.0022676871460324253,5.421010862427522e-20,0.0001039497001807232,typ,0.15006050572188767,2.357253989337505e-07,True,0.004978313383868321,0.45,0.8,-0.0,-0.0025273156925869926,8.89461875490154e-10,True,False,23,0.9,418,0.00129937125225904,0.016242140653238,0.00129937125225904,0.00129937125225904,0.0,7.162425681891551,2.1771163435185907,-0.003400386312439201,-0.003400386312439201,0.4999576814683352,0.019675375611333434,0.0,0.010845870839766628,0.010845870839766628,True,0.0022676871460324253,7.352412820661438e-06,success,0.9999153629366706,0.36319619744222675,0.5,3.9398348487471775e-15,0.08,"[0.005, 0.0075, 0.01, 0.015, 0.02, 0.03, 0.05, 0.08]",0.00865898222858991,0.02635454278893338,False,0.0,0.0054683625350758075,True,success,1.1165472025800178e-16,-2.9881827349465914e-16,0.04583952436410593,2.390546187957273e-17,0.0
0.5900270507474068,1.6274628625494794e-19,4.844993943421336e-05,0.02572643619411796,-4.0972436782382216e-21,2.1081607382563665e-06,arith,0.009689987886842671,5.4235462719697026e-08,True,0.043602130040528535,0.45,1.0,-5.51657033516656e-17,-0.02618173928418745,9.216347200731706e-10,True,False,24,0.9,485,0.0004216321476512733,0.08432642953025465,0.0004216321476512733,0.0004216321476512733,0.0,3.2778123209127146,0.9963354723369436,-9.501459797501698e-06,-9.501459797501698e-06,0.4999593069024716,0.5903240615415176,0.0,0.4428351601768254,0.5903240615415176,True,0.02572643619411796,0.025756093338639128,success,0.9999186138049432,0.9999186138049432,0.5,2.694078567224923e-15,0.005,"[0.005, 0.0075, 0.01, 0.015, 0.02, 0.03, 0.05, 0.08]",0.04351214393402667,8.211477655615996e-05,False,2.75828516758328e-19,2.8586774873259392e-05,True,success,-1.7593413858407233e-17,3.185239997738208e-17,8.194530802281787e-05,-1.5926199988691039e-19,0.0
0.5896579614844315,2.650948427109943e-19,0.00010872879702433656,0.025689701394566684,-6.645569041251024e-21,4.715301481417309e-06,arith,0.01449717293657821,1.211346870429686e-07,True,0.04356712377781566,0.45,1.0,-5.994318967414774e-17,-0.02615149756758806,9.216347200731706e-10,True,False,24,0.9,485,0.0006287068641889745,0.08382758189186328,0.0006287068641889745,0.0006287068641889745,0.0,3.2630812092503585,0.9918577513269515,-9.501459797501698e-06,-9.501459797501698e-06,0.4999593069024716,0.5903240615415176,0.0,0.4428351601768254,0.5903240615415176,True,0.025689701394566684,0.025756093338639128,success,0.9999186138049432,0.9999186138049432,0.5,2.694078567224923e-15,0.0075,"[0.005, 0.0075, 0.01, 0.015, 0.02, 0.03, 0.05, 0.08]",0.04336754944839399,0.00018439299411919716,False,4.49573922556108e-19,6.411280080802482e-05,True,success,-1.9094043756123852e-17,3.449148195837755e-17,0.00018354831802033265,-2.5868611468783157e-19,0.0
0.5891456778565602,3.4050724479622874e-19,0.00019260529045168285,0.025638926220350508,-2.6813886736518945e-20,8.315051090939645e-06,arith,0.019260529045168284,2.1318898143904656e-07,True,0.043518822566314126,0.45,1.0,-5.779678228907118e-17,-0.02610928999956412,9.216347200731706e-10,True,False,24,0.9,485,0.0008315051090939644,0.08315051090939644,0.0008315051090939644,0.0008315051090939644,0.0,3.2431354649867115,0.9857949720746912,-9.501459797501698e-06,-9.501459797501698e-06,0.4999593069024716,0.5903240615415176,0.0,0.4428351601768254,0.5903240615415176,True,0.025638926220350508,0.025756093338639128,success,0.9999186138049432,0.9999186138049432,0.5,2.694078567224923e-15,0.01,"[0.005, 0.0075, 0.01, 0.015, 0.02, 0.03, 0.05, 0.08]",0.043171457395795504,0.00032692303056931977,False,5.779678228907118e-19,0.00011347257440191636,True,success,-5.80734187198322e-17,1.045827212343855e-16,0.0003243135464986712,-1.0458272123438551e-18,0.0
0.5877142904341173,8.944667923005412e-19,0.0004291777928771632,0.025498250698234647,-3.8963515573697816e-20,1.830534573515479e-05,arith,0.028611852858477546,4.6675429467283727e-07,True,0.04338545295436031,0.45,1.0,-1.0146276933755687e-16,-0.02598950182578689,9.216347200731706e-10,True,False,24,0.9,485,0.0012203563823436527,0.08135709215624352,0.0012203563823436527,0.0012203563823436527,0.0,3.1906930839720786,0.9698543997224162,-9.501459797501698e-06,-9.501459797501698e-06,0.4999593069024716,0.5903240615415176,0.0,0.4428351601768254,0.5903240615415176,True,0.025498250698234647,0.025756093338639128,success,0.9999186138049432,0.9999186138049432,0.5,2.694078567224923e-15,0.015,"[0.005, 0.0075, 0.01, 0.015, 0.02, 0.03, 0.05, 0.08]",0.0426521270181238,0.0007302490340334408,False,1.521941540063353e-18,0.00025223392201088256,True,success,-5.703139227254029e-17,1.018723886455877e-16,0.0007179059438937178,-1.5280858296838153e-18,0.0
0.585798846857702,-2.168404344971009e-19,0.0007537182041775429,0.025312382200759702,-3.7269449679189215e-20,3.166958282470814e-05,arith,0.03768591020887715,8.016325845976274e-07,True,0.04321002394685219,0.45,1.0,1.850809673493384e-17,-0.025823636319892464,9.216347200731706e-10,True,False,24,0.9,485,0.0015834791412354069,0.07917395706177034,0.0015834791412354069,0.0015834791412354069,0.0,3.1278745885637775,0.9507598667942166,-9.501459797501698e-06,-9.501459797501698e-06,0.4999593069024716,0.5903240615415176,0.0,0.4428351601768254,0.5903240615415176,True,0.025312382200759702,0.025756093338639128,success,0.9999186138049432,0.9999186138049432,0.5,2.694078567224923e-15,0.02,"[0.005, 0.0075, 0.01, 0.015, 0.02, 0.03, 0.05, 0.08]",0.0420178027400386,0.0012866502012091373,False,-3.7016193469867684e-19,0.00044152725486286263,True,success,-4.1626059341059375e-17,7.361900864089877e-17,0.0012511498354255111,-1.4723801728179753e-18,0.0
0.5808892139399724,-4.336808689942018e-19,0.0016496733672186291,0.024845432062912162,1.2197274440461925e-19,6.703664226494828e-05,arith,0.05498911224062098,1.6655543411195187e-06,True,0.04277137785774006,0.45,1.0,2.4886034409940414e-17,-0.025359370037976864,9.216347200731706e-10,True,False,24,0.9,485,0.002234554742164943,0.07448515807216477,0.002234554742164943,0.002234554742164943,0.0,2.997941749757371,0.911265019728594,-9.501459797501698e-06,-9.501459797501698e-06,0.4999593069024716,0.5903240615415176,0.0,0.4428351601768254,0.5903240615415176,True,0.024845432062912162,0.025756093338639128,success,0.9999186138049432,0.9999186138049432,0.5,2.694078567224923e-15,0.03,"[0.005, 0.0075, 0.01, 0.015, 0.02, 0.03, 0.05, 0.08]",0.04063631237374762,0.0028399104814314942,False,-7.465810322982124e-19,0.0009582774655413369,True,success,9.451122499294076e-17,-1.6364207861330665e-16,0.0026981475747816334,4.9092623583992e-18,0.0
0.569216863305251,0.0,0.004356008604496906,0.023771546089901025,-1.0842021724855044e-19,0.0001664820497053107,arith,0.08712017208993812,3.957535717710986e-06,True,0.041761844425809255,0.45,1.0,-0.0,-0.0239340679031517,9.216347200731706e-10,True,False,24,0.9,485,0.0033296409941062136,0.06659281988212427,0.0033296409941062136,0.0033296409941062136,0.0,2.8013667950026693,0.851513398458038,-9.501459797501698e-06,-9.501459797501698e-06,0.49995930690247153,0.5903240615415176,0.0,0.4428351601768254,0.5903240615415176,True,0.023771546089901025,0.025756093338639128,success,0.9999186138049432,0.9999186138049432,0.5,2.694078567224923e-15,0.05,"[0.005, 0.0075, 0.01, 0.015, 0.02, 0.03, 0.05, 0.08]",0.038218944180561,0.007652634497163398,False,0.0,0.002479513554382413,True,success,-5.4500169326430763e-17,9.12184818257245e-17,0.007003416987506674,-4.560924091286225e-18,0.0
0.552615613870238,-3.469446951953614e-18,0.010589222007321313,0.02230263641606891,0.0,0.00038035045266072965,arith,0.1323652750915164,8.482817856379483e-06,True,0.04035831752901915,0.45,1.0,7.847785297938328e-17,-0.020636142999149787,9.216347200731706e-10,True,False,24,0.9,485,0.004754380658259121,0.05942975822823901,0.004754380658259121,0.004754380658259121,0.0,2.6646965461634946,0.8099706243148039,-9.501459797501698e-06,-9.501459797501698e-06,0.49995930690247153,0.5903240615415176,0.0,0.4428351601768254,0.5903240615415176,True,0.02230263641606891,0.025756093338639128,success,0.9999186138049432,0.9999186138049432,0.5,2.694078567224923e-15,0.08,"[0.005, 0.0075, 0.01, 0.015, 0.02, 0.03, 0.05, 0.08]",0.035918639952751776,0.019162002921270717,False,-6.278228238350662e-18,0.005851769419984102,True,success,0.0,-0.0,0.017054057895446367,0.0,0.0
0.6583977384025486,-1.0195574906266025e-19,5.3987485387112424e-05,0.00993990223730207,-5.306677053431648e-21,8.12760464055813e-07,typ,0.010797497077422485,8.078759555059046e-09,True,0.01509710871944817,0.45,1.0,3.097086855432783e-17,-0.00955706260240482,8.903727083517473e-10,True,False,25,0.9,372,0.00016255209281116262,0.032510418562232524,0.00016255209281116262,0.00016255209281116262,0.0,3.270698019566904,0.9941729840375062,-0.008137542262455775,-0.008137542262455775,0.49995667791639625,0.6590207491717022,0.0,0.3863174078715221,0.3863174078715221,True,0.00993990223730207,0.009958075763396596,success,0.9999133558327926,0.2458269613645678,0.5,3.3098509015879496e-15,0.005,"[0.005, 0.0075, 0.01, 0.015, 0.02, 0.03, 0.05, 0.08]",0.015054608641761828,8.199828498515305e-05,False,-1.5485434277163913e-19,3.554523828091546e-05,True,success,-5.904053951488506e-17,1.0677523635025223e-16,8.17674504891726e-05,-5.338761817512612e-19,0.0
0.6576219338366254,-4.513097422089319e-19,0.00012087460572647376,0.009917312301517418,-9.66891418013234e-21,1.8113428179665033e-06,typ,0.016116614096863168,1.796365241088443e-08,True,0.015080568015210393,0.45,1.0,9.150338393286253e-17,-0.009523403596151253,8.903727083517473e-10,True,False,25,0.9,372,0.00024151237572886711,0.03220165009718228,0.0002415123757288671,0.00024151237572886711,0.0,3.2470138196873366,0.9869738505412478,-0.008137542262455775,-0.008137542262455775,0.49995667791639625,0.6590207491717022,0.0,0.3863174078715221,0.3863174078715221,True,0.009917312301517418,0.009958075763396596,success,0.9999133558327926,0.2458269613645678,0.5,3.3098509015879496e-15,0.0075,"[0.005, 0.0075, 0.01, 0.015, 0.02, 0.03, 0.05, 0.08]",0.014985304870945163,0.0001838056176461154,False,-6.86275379496469e-19,7.948979196958331e-05,True,success,-7.214070530079335e-17,1.2999374408666388e-16,0.00018264452735741266,-9.749530806499791e-19,1.1223049845928803e-16
0.6565439270939722,-5.819116347637043e-19,0.00021343699238371913,0.009885939958079733,-8.364450354136216e-21,3.1777949812393967e-06,typ,0.021343699238371913,3.141549038361979e-08,True,0.01505754535242962,0.45,1.0,8.863255157037106e-17,-0.009476556387994847,8.903727083517473e-10,True,False,25,0.9,372,0.0003177794981239397,0.03177794981239397,0.0003177794981239397,0.0003177794981239397,0.0,3.2144591153845714,0.9770784070220003,-0.008137542262455775,-0.008137542262455775,0.49995667791639625,0.6590207491717022,0.0,0.3863174078715221,0.3863174078715221,True,0.009885939958079733,0.009958075763396596,success,0.9999133558327926,0.2458269613645678,0.5,3.3098509015879496e-15,0.01,"[0.005, 0.0075, 0.01, 0.015, 0.02, 0.03, 0.05, 0.08]",0.014888679538391947,0.00032509171675449756,False,-8.863255157037107e-19,0.0001401307611667332,True,success,-4.7191685205012674e-17,8.460956054360808e-17,0.00032144591153845714,-8.460956054360808e-19,0.0
0.6535390241537646,-2.168404344971009e-19,0.0004715831489115846,0.00979809113692704,-1.503483481376383e-20,6.8913031772635394e-06,typ,0.03143887659410564,6.752161658302303e-08,True,0.014992358183375664,0.45,1.0,2.211961096767219e-17,-0.009344384405038594,8.903727083517473e-10,True,False,25,0.9,372,0.00045942021181756933,0.03062801412117129,0.00045942021181756933,0.00045942021181756933,0.0,3.1259164354718494,0.9501646596271355,-0.008137542262455775,-0.008137542262455775,0.4999566779163963,0.6590207491717022,0.0,0.3863174078715221,0.3863174078715221,True,0.00979809113692704,0.009958075763396596,success,0.9999133558327926,0.2458269613645678,0.5,3.3098509015879496e-15,0.015,"[0.005, 0.0075, 0.01, 0.015, 0.02, 0.03, 0.05, 0.08]",0.014613124309400559,0.0007215837639109834,False,-3.3179416451508286e-19,0.00030819799094703647,True,success,-5.785984223917915e-17,1.0229771359648177e-16,0.000703331197981166,-1.5344657039472265e-18,0.0
0.6495640358609241,-8.673617379884035e-19,0.0008199711654537152,0.00967987127443924,-2.0328790734103208e-20,1.1668061833877051e-05,typ,0.04099855827268576,1.1294533657412731e-07,True,0.014902104704133839,0.45,1.0,6.67649138578626e-17,-0.009163066621660247,8.903727083517473e-10,True,False,25,0.9,372,0.0005834030916938525,0.029170154584692624,0.0005834030916938525,0.0005834030916938525,0.0,3.013485795179902,0.9159898429709974,-0.008137542262455775,-0.008137542262455775,0.49995667791639625,0.6590207491717022,0.0,0.3863174078715221,0.3863174078715221,True,0.00967987127443924,0.009958075763396596,success,0.9999133558327926,0.2458269613645678,0.5,3.3098509015879496e-15,0.02,"[0.005, 0.0075, 0.01, 0.015, 0.02, 0.03, 0.05, 0.08]",0.014229844079237535,0.0012623407704013903,False,-1.3352982771572522e-18,0.0005326237795217009,True,success,-6.048913766858928e-17,1.0500548074323884e-16,0.001205394318071961,-2.100109614864777e-18,0.0
0.6397063698452053,0.0,0.0017603031594326214,0.009372090334307128,-2.0328790734103208e-20,2.3224757051237508e-05,typ,0.05867677198108738,2.1766452107653437e-07,True,0.014650612806270735,0.45,1.0,-0.0,-0.008663278296526042,8.903727083517473e-10,True,False,25,0.9,372,0.0007741585683745837,0.02580528561248612,0.0007741585683745837,0.0007741585683745837,0.0,2.753418361539287,0.8369388223611206,-0.008137542262455775,-0.008137542262455775,0.49995667791639625,0.6590207491717022,0.0,0.3863174078715221,0.3863174078715221,True,0.009372090334307128,0.009958075763396596,success,0.9999133558327926,0.2458269613645678,0.5,3.3098509015879496e-15,0.03,"[0.005, 0.0075, 0.01, 0.015, 0.02, 0.03, 0.05, 0.08]",0.01319361209277343,0.0027517361752370474,False,0.0,0.001126077143947688,True,success,-4.357302611665329e-17,7.23025849764749e-17,0.002478076525385358,-2.169077549294247e-18,0.0
0.6180918811200578,-3.469446951953614e-18,0.004537326037163284,0.008608112128615853,-2.710505431213761e-20,4.826756861244031e-05,typ,0.09074652074326568,4.154926427915453e-07,True,0.013926913443705015,0.45,1.0,1.122631459150233e-16,-0.007164563577584947,8.903727083517473e-10,True,False,25,0.9,372,0.0009653513722488063,0.019307027444976123,0.0009653513722488063,0.0009653513722488063,0.0,2.242887541020055,0.6817560612984132,-0.008137542262455775,-0.008137542262455775,0.4999566779163962,0.6590207491717022,0.0,0.3863174078715221,0.3863174078715221,True,0.008608112128615853,0.009958075763396596,success,0.9999133558327926,0.2458269613645678,0.5,3.3098509015879496e-15,0.05,"[0.005, 0.0075, 0.01, 0.015, 0.02, 0.03, 0.05, 0.08]",0.010637888531064649,0.0073408601144235985,False,-5.613157295751165e-18,0.0028044843855652714,True,success,-4.205025297024047e-17,6.297560697898573e-17,0.005607218852550138,-3.1487803489492864e-18,0.0
0.5909895614786811,0.0,0.01095074316253829,0.00744237565495023,-2.710505431213761e-20,7.884156624105917e-05,typ,0.13688428953172863,5.867685531906046e-07,True,0.012593074632873529,0.45,1.0,-0.0,-0.003749222496247955,8.903727083517473e-10,True,False,25,0.9,372,0.0009855195780132395,0.012318994725165493,0.0009855195780132395,0.0009855195780132395,0.0,1.6552503254752566,0.5031357666045535,-0.008137542262455775,-0.008137542262455775,0.49995667791639625,0.6590207491717022,0.0,0.3863174078715221,0.3863174078715221,True,0.00744237565495023,0.009958075763396596,success,0.9999133558327926,0.2458269613645678,0.5,3.3098509015879496e-15,0.08,"[0.005, 0.0075, 0.01, 0.015, 0.02, 0.03, 0.05, 0.08]",0.007199654404348604,0.018529503524798416,False,0.0,0.00647177489949417,True,success,-3.5384809883757134e-17,4.55248692904075e-17,0.010593602083041644,-3.6419895432326e-18,0.0
0.6208226145222829,-1.966880400286246e-21,5.1022389071714666e-05,0.02909919289081697,1.661319235774304e-20,2.3893273771855513e-06,arith,0.010204477814342933,6.952749822803215e-08,True,0.04687199243411666,0.45,1.2,6.336368406295062e-19,-0.03475193875059988,9.20191796900596e-10,True,False,26,0.9,437,0.00047786547543711026,0.09557309508742205,0.00047786547543711026,0.00047786547543711026,0.0,3.2843898951431982,0.9983348151565274,-1.0895016702612624e-05,-1.0895016702612624e-05,0.49995920197211846,0.620967422552826,0.0,0.4925763536436985,0.620967422552826,True,0.02909919289081697,0.029114304461990877,success,0.999918403944237,0.999918403944237,0.5,2.6216608761039283e-15,0.005,"[0.005, 0.0075, 0.01, 0.015, 0.02, 0.03, 0.05, 0.08]",0.04682899841924739,8.21851328836916e-05,False,-3.1681842031475315e-21,3.167585298267506e-05,True,success,6.300496755979454e-17,-1.1418318315616085e-16,8.210974737857996e-05,5.709159157808043e-19,0.0
0.6206408782107021,-1.7128594380258055e-19,0.00011465809897429738,0.029080251252526532,2.526871335226989e-20,5.361191909374427e-06,arith,0.015287746529906316,1.559048077376208e-07,True,0.046855198027504145,0.45,1.2,3.679765004552396e-17,-0.03472006948535278,9.20191796900596e-10,True,False,26,0.9,437,0.0007148255879165903,0.09531007838887871,0.0007148255879165903,0.0007148255879165903,0.0,3.2774846943799374,0.9962358858126628,-1.0895016702612624e-05,-1.0895016702612624e-05,0.49995920197211846,0.620967422552826,0.0,0.4925763536436985,0.620967422552826,True,0.029080251252526532,0.029114304461990877,success,0.999918403944237,0.999918403944237,0.5,2.6216608761039283e-15,0.0075,"[0.005, 0.0075, 0.01, 0.015, 0.02, 0.03, 0.05, 0.08]",0.046758074286372325,0.00018474145516301612,False,-2.759823753414297e-19,7.116150324137753e-05,True,success,6.399608032005276e-17,-1.1585738207849683e-16,0.00018435851405887148,8.689303655887261e-19,0.0
0.6203850951188241,-1.3637230450794235e-19,0.00020347831511577036,0.0290536375741405,4.8069119756681544e-20,9.49389809124275e-06,arith,0.020347831511577034,2.7583227430879115e-07,True,0.046831617656087905,0.45,1.2,2.1981879574624946e-17,-0.034675519325600916,9.20191796900596e-10,True,False,26,0.9,437,0.000949389809124275,0.0949389809124275,0.000949389809124275,0.000949389809124275,0.0,3.26771409157141,0.9932659786882853,-1.0895016702612624e-05,-1.0895016702612624e-05,0.49995920197211846,0.620967422552826,0.0,0.4925763536436985,0.620967422552826,True,0.0290536375741405,0.029114304461990877,success,0.999918403944237,0.999918403944237,0.5,2.6216608761039283e-15,0.01,"[0.005, 0.0075, 0.01, 0.015, 0.02, 0.03, 0.05, 0.08]",0.04665803373613121,0.0003279871110971768,False,-2.1981879574624946e-19,0.00012623491387771525,True,success,9.152582015179976e-17,-1.6544957454644502e-16,0.000326771409157141,1.65449574546445e-18,0.0
0.6196457025557831,-1.6263032587282567e-19,0.0004554645926297611,0.028977017572684498,3.8963515573697816e-20,2.1119056531742746e-05,arith,0.03036430617531741,6.119672722388269e-07,True,0.04676384820094168,0.45,1.2,1.7497130505603726e-17,-0.034548671449598105,9.20191796900596e-10,True,False,26,0.9,437,0.001407937102116183,0.0938624734744122,0.001407937102116183,0.001407937102116183,0.0,3.23920407747182,0.9845999735655948,-1.0895016702612624e-05,-1.0895016702612624e-05,0.49995920197211846,0.620967422552826,0.0,0.4925763536436985,0.620967422552826,True,0.028977017572684498,0.029114304461990877,success,0.999918403944237,0.999918403944237,0.5,2.6216608761039283e-15,0.015,"[0.005, 0.0075, 0.01, 0.015, 0.02, 0.03, 0.05, 0.08]",0.04636816313164005,0.0007350403476553737,False,-2.6245695758405586e-19,0.0002822266774893519,True,success,4.980741893257628e-17,-8.964234150038317e-17,0.0007288209174311595,1.3446351225057473e-18,0.0
0.6185902358439614,-3.2526065174565133e-19,0.0008036194077323117,0.028868489722929394,2.371692252312041e-20,3.6931342377961434e-05,arith,0.04018097038661558,1.0661520778921664e-06,True,0.046668194953874816,0.45,1.2,2.629047735468119e-17,-0.034372209080892696,9.20191796900596e-10,True,False,26,0.9,437,0.0018465671188980716,0.09232835594490359,0.0018465671188980716,0.0018465671188980716,0.0,3.1982399090164346,0.9721483594611234,-1.0895016702612624e-05,-1.0895016702612624e-05,0.49995920197211846,0.620967422552826,0.0,0.4925763536436985,0.620967422552826,True,0.028868489722929394,0.029114304461990877,success,0.999918403944237,0.999918403944237,0.5,2.6216608761039283e-15,0.02,"[0.005, 0.0075, 0.01, 0.015, 0.02, 0.03, 0.05, 0.08]",0.04595625991932662,0.001299114278187578,False,-5.258095470936238e-19,0.0004971111189579153,True,success,2.2969352674896157e-17,-4.107752561832626e-17,0.0012792959636065738,8.215505123665251e-19,0.0
0.6154745427417921,1.3010426069826053e-18,0.0017677519188287073,0.028553945489979755,0.0,7.918396173375404e-05,arith,0.058925063960956904,2.261014527026256e-06,True,0.046393381865606896,0.45,1.2,-7.046284433833072e-17,-0.033875549675851484,9.20191796900596e-10,True,False,26,0.9,437,0.0026394653911251346,0.08798217970417116,0.0026394653911251346,0.0026394653911251346,0.0,3.0812617378934957,0.9365912591856471,-1.0895016702612624e-05,-1.0895016702612624e-05,0.4999592019721185,0.620967422552826,0.0,0.4925763536436985,0.620967422552826,True,0.028553945489979755,0.029114304461990877,success,0.999918403944237,0.999918403944237,0.5,2.6216608761039283e-15,0.03,"[0.005, 0.0075, 0.01, 0.015, 0.02, 0.03, 0.05, 0.08]",0.044793593993788704,0.002872177151233249,False,2.1138853301499214e-18,0.0010880063039220244,True,success,0.0,-0.0,0.0027731355641041457,0.0,0.0
0.6053699777463356,1.734723475976807e-18,0.004595621607048241,0.027579368937476804,-1.0842021724855044e-19,0.000191596020783162,arith,0.09191243214096481,5.284097344131298e-06,True,0.04555787361664178,0.45,1.2,-5.731118290453767e-17,-0.03235709485297288,9.20191796900596e-10,True,False,26,0.9,437,0.0038319204156632394,0.07663840831326478,0.0038319204156632394,0.0038319204156632394,0.0,2.7788311069410683,0.8446633706922502,-1.0895016702612624e-05,-1.0895016702612624e-05,0.49995920197211846,0.620967422552826,0.0,0.4925763536436985,0.620967422552826,True,0.027579368937476804,0.029114304461990877,success,0.999918403944237,0.999918403944237,0.5,2.6216608761039283e-15,0.05,"[0.005, 0.0075, 0.01, 0.015, 0.02, 0.03, 0.05, 0.08]",0.04169099137520675,0.0075914263607137706,False,2.8655591452268837e-18,0.0027820513499893728,True,success,-4.7165546222694564e-17,7.862414654544277e-17,0.006947077767352672,-3.931207327272139e-18,0.0
0.5844366949649509,0.0,0.010610409867513316,0.025681859403152835,-1.0842021724855044e-19,0.00039459179754303727,arith,0.13263012334391644,1.013385106613763e-05,True,0.04394292765051824,0.45,1.2,-0.0,-0.028970081389784384,9.20191796900596e-10,True,False,26,0.9,437,0.004932397469287966,0.06165496836609957,0.004932397469287966,0.004932397469287966,0.0,2.4007205786092927,0.7297315518576346,-1.0895016702612624e-05,-1.0895016702612624e-05,0.49995920197211846,0.620967422552826,0.0,0.4925763536436985,0.620967422552826,True,0.025681859403152835,0.029114304461990877,success,0.999918403944237,0.999918403944237,0.5,2.6216608761039283e-15,0.08,"[0.005, 0.0075, 0.01, 0.015, 0.02, 0.03, 0.05, 0.08]",0.037189119220661634,0.018154934416206754,False,0.0,0.006201112875192985,True,success,-3.4058303756074225e-17,5.277081749931638e-17,0.015364611703099471,-4.2216653999453104e-18,0.0
0.6653546239889467,-2.037011357557906e-19,5.469808933285188e-05,0.014669282986447952,1.3172057193830657e-20,1.2028714434575103e-06,typ,0.010939617866570375,1.7645261600395344e-08,True,0.022047315006999406,0.45,1.2,6.123084695333074e-17,-0.018351243352144813,8.785787953448571e-10,True,False,27,0.9,403,0.00024057428869150204,0.048114857738300404,0.00024057428869150204,0.00024057428869150204,0.0,3.279973382662995,0.9969923563403315,-0.008312720673580612,-0.008312720673580612,0.4999599369777196,0.6654494877639199,0.0,0.46191937711868236,0.46191937711868236,True,0.014669282986447952,0.014683073270366751,success,0.9999198739554389,0.244211086473396,0.5,2.599177690443855e-15,0.005,"[0.005, 0.0075, 0.01, 0.015, 0.02, 0.03, 0.05, 0.08]",0.021991105322486305,8.220892642922483e-05,False,-3.0615423476665373e-19,3.639362666097348e-05,True,success,9.916069387655953e-17,-1.795869260413002e-16,8.199933456657488e-05,8.97934630206501e-19,0.0
0.6652349521989522,-4.2296060825551453e-19,0.00012297610747948187,0.014652049896763632,1.2357664761235957e-20,2.6930734770741754e-06,typ,0.016396814330597583,3.945904696174155e-08,True,0.02202537591918597,0.45,1.2,8.477418028169982e-17,-0.018317070132798787,8.785787953448571e-10,True,False,27,0.9,403,0.00035907646360989006,0.04787686181465201,0.00035907646360989006,0.00035907646360989006,0.0,3.2675879588170886,0.9932276389283936,-0.008312720673580612,-0.008312720673580612,0.49995993697771973,0.6654494877639199,0.0,0.46191937711868236,0.46191937711868236,True,0.014652049896763632,0.014683073270366751,success,0.9999198739554389,0.244211086473396,0.5,2.599177690443855e-15,0.0075,"[0.005, 0.0075, 0.01, 0.015, 0.02, 0.03, 0.05, 0.08]",0.021899160188685474,0.00018486116382336948,False,-6.358063521127486e-19,8.180800498072633e-05,True,success,6.221041717052239e-17,-1.1245447882315806e-16,0.00018380182268346121,8.434085911736853e-19,0.0
0.6650653086726062,8.216219588366713e-20,0.0002183818835771025,0.01462793262635146,1.3962808739895107e-20,4.754395864326203e-06,typ,0.021838188357710252,6.954698238236771e-08,True,0.021994731097231834,0.45,1.2,-1.2354004157524534e-17,-0.018269272442726775,8.785787953448571e-10,True,False,27,0.9,403,0.0004754395864326203,0.04754395864326203,0.0004754395864326203,0.0004754395864326203,0.0,3.2502172287568554,0.9879475701370906,-0.008312720673580612,-0.008312720673580612,0.4999599369777197,0.6654494877639199,0.0,0.46191937711868236,0.46191937711868236,True,0.01462793262635146,0.014683073270366751,success,0.9999198739554389,0.244211086473396,0.5,2.599177690443855e-15,0.01,"[0.005, 0.0075, 0.01, 0.015, 0.02, 0.03, 0.05, 0.08]",0.021771017753162675,0.0003283615619839917,False,1.2354004157524534e-19,0.00014523821480971083,True,success,5.294605954573592e-17,-9.545305612593425e-17,0.00032502172287568557,9.545305612593425e-19,0.0
0.6645662126920467,-6.098637220230962e-19,0.000489690696450176,0.014559087106628532,8.470329472543003e-21,1.048385139491004e-05,typ,0.03264604643001174,1.5263530567144433e-07,True,0.02190765469049668,0.45,1.2,6.117912811653386e-17,-0.018133011505748375,8.785787953448571e-10,True,False,27,0.9,403,0.000698923426327336,0.04659489508848907,0.000698923426327336,0.000698923426327336,0.0,3.20039949944905,0.9728047962375693,-0.008312720673580612,-0.008312720673580612,0.4999599369777197,0.6654494877639199,0.0,0.46191937711868236,0.46191937711868236,True,0.014559087106628532,0.014683073270366751,success,0.9999198739554389,0.244211086473396,0.5,2.599177690443855e-15,0.015,"[0.005, 0.0075, 0.01, 0.015, 0.02, 0.03, 0.05, 0.08]",0.02140912921341712,0.0007368576480385917,False,-9.176869217480078e-19,0.0003254318915304242,True,success,2.168067519299526e-17,-3.878599168802093e-17,0.0007200898873760362,5.817898753203139e-19,0.0
0.6638280382126235,1.0842021724855044e-19,0.0008658568994914799,0.01446287573781983,1.1858461261560205e-20,1.8109363316598915e-05,typ,0.043292844974573995,2.619134713390029e-07,True,0.021787081752017507,0.45,1.2,-8.166287879348623e-18,-0.017943078644225827,8.785787953448571e-10,True,False,27,0.9,403,0.0009054681658299458,0.045273408291497286,0.0009054681658299458,0.0009054681658299458,0.0,3.1303185557426296,0.9515027437362495,-0.008312720673580612,-0.008312720673580612,0.4999599369777197,0.6654494877639199,0.0,0.46191937711868236,0.46191937711868236,True,0.01446287573781983,0.014683073270366751,success,0.9999198739554389,0.244211086473396,0.5,2.599177690443855e-15,0.02,"[0.005, 0.0075, 0.01, 0.015, 0.02, 0.03, 0.05, 0.08]",0.020914961037135114,0.0013043391505770457,False,1.6332575758697248e-19,0.0005747800869622938,True,success,2.3171247755866973e-17,-4.099620807275144e-17,0.001252127422297052,8.199241614550288e-19,0.0
0.6614438840533752,-4.336808689942018e-19,0.0019108549584579092,0.01418979488999919,-6.776263578034403e-21,3.7442356506181725e-05,typ,0.06369516528193031,5.312993590209453e-07,True,0.021452756964117827,0.45,1.2,2.1855261368335313e-17,-0.017406900390943385,8.785787953448571e-10,True,False,27,0.9,403,0.0012480785502060575,0.041602618340201916,0.0012480785502060575,0.0012480785502060575,0.0,2.9318689003406937,0.891181281800035,-0.008312720673580612,-0.008312720673580612,0.4999599369777197,0.6654494877639199,0.0,0.46191937711868236,0.46191937711868236,True,0.01418979488999919,0.014683073270366751,success,0.9999198739554389,0.244211086473396,0.5,2.599177690443855e-15,0.03,"[0.005, 0.0075, 0.01, 0.015, 0.02, 0.03, 0.05, 0.08]",0.019594557054397426,0.002888914697869839,False,-6.556578410500593e-19,0.0012639233255850504,True,success,-9.296525064339132e-18,1.5918161915105716e-17,0.0026386820103066243,-4.775448574531714e-19,0.0
0.651950205101201,0.0,0.004938399459674836,0.013359859574996488,5.421010862427522e-20,7.983746214161281e-05,typ,0.09876798919349672,1.0666172830360455e-06,True,0.02049214720765777,0.45,1.2,-0.0,-0.015768441606929084,8.785787953448571e-10,True,False,27,0.9,403,0.001596749242832256,0.031934984856645116,0.001596749242832256,0.001596749242832256,0.0,2.390368302703774,0.726584837313217,-0.008312720673580612,-0.008312720673580612,0.49995993697771973,0.6654494877639199,0.0,0.46191937711868236,0.46191937711868236,True,0.013359859574996488,0.014683073270366751,success,0.9999198739554389,0.244211086473396,0.5,2.599177690443855e-15,0.05,"[0.005, 0.0075, 0.01, 0.015, 0.02, 0.03, 0.05, 0.08]",0.01616666751921069,0.0075748108076877695,False,0.0,0.0032195905406066697,True,success,5.24899270556526e-17,-8.115371021673253e-17,0.0059759207567594355,4.057685510836627e-18,0.0
0.6281632768772462,0.0,0.011147922329367994,0.011739356449684409,-1.0842021724855044e-19,0.00012210346459349476,typ,0.13934902911709993,1.4334160946044546e-06,True,0.018688383867397712,0.45,1.2,-0.0,-0.012172192502543984,8.785787953448571e-10,True,False,27,0.9,403,0.0015262933074186844,0.019078666342733554,0.0015262933074186844,0.0015262933074186844,0.0,1.6251884355420905,0.4939980477928913,-0.008312720673580612,-0.008312720673580612,0.4999599369777197,0.6654494877639199,0.0,0.46191937711868236,0.46191937711868236,True,0.011739356449684409,0.014683073270366751,success,0.9999198739554389,0.244211086473396,0.5,2.599177690443855e-15,0.08,"[0.005, 0.0075, 0.01, 0.015, 0.02, 0.03, 0.05, 0.08]",0.010953024338160878,0.017746854583392795,False,0.0,0.007002715420788822,True,success,-9.055743961071432e-17,1.1544523087066788e-16,0.01040120598746938,-9.23561846965343e-18,0.0
0.5996654832313081,-2.890479252989986e-21,4.9302279000123314e-05,0.02674675556823747,4.218532266728077e-21,2.1981087430192177e-06,arith,0.009860455800024663,5.879227726194073e-08,True,0.044602793250850634,0.45,1.36,9.640305583088048e-19,-0.043960982681454486,8.984668704682853e-10,True,False,28,0.9,405,0.00043962174860384353,0.08792434972076871,0.00043962174860384353,0.00043962174860384353,0.0,3.287290284477769,0.9992164277977345,-1.220993218822256e-05,-1.220993218822256e-05,0.4999591050606196,0.5997345357657472,0.0,0.4774962612497641,0.5997345357657472,True,0.02674675556823747,0.026753286469350112,success,0.9999182101212392,0.9999182101212392,0.5,2.5936603758408405e-15,0.005,"[0.005, 0.0075, 0.01, 0.015, 0.02, 0.03, 0.05, 0.08]",0.04458432323207046,8.221630288683135e-05,False,-4.8201527915440244e-21,2.956487496101372e-05,True,success,1.7398076416790668e-17,-3.154425407571828e-17,8.218225711194422e-05,1.577212703785914e-19,0.0
0.5995788034163527,-1.0582617884758415e-19,0.00011086223819826467,0.026738560457736933,1.2717074737390247e-20,4.939330413062219e-06,arith,0.014781631759768625,1.320705848704029e-07,True,0.044595573268072064,0.45,1.36,2.3533448979982822e-17,-0.043930178169478015,8.984668704682853e-10,True,False,28,0.9,405,0.0006585773884082959,0.08781031845443946,0.0006585773884082959,0.0006585773884082959,0.0,3.284033132345803,0.9982263722697926,-1.220993218822256e-05,-1.220993218822256e-05,0.4999591050606195,0.5997345357657472,0.0,0.4774962612497641,0.5997345357657472,True,0.026738560457736933,0.026753286469350112,success,0.9999182101212392,0.9999182101212392,0.5,2.5936603758408405e-15,0.0075,"[0.005, 0.0075, 0.01, 0.015, 0.02, 0.03, 0.05, 0.08]",0.04455376775118666,0.00018490019588180968,False,-1.7650086734987116e-19,6.64706481229742e-05,True,success,3.499324142544151e-17,-6.341440735620206e-17,0.00018472686369445143,4.756080551715154e-19,0.0
0.5994567643041933,-4.675621868843738e-19,0.00019691727278947367,0.026727028111927786,2.3902210980332288e-20,8.764880806809175e-06,arith,0.019691727278947368,2.3425921572128513e-07,True,0.044585414167359706,0.45,1.36,7.799764965986942e-17,-0.043887083749575825,8.984668704682853e-10,True,False,28,0.9,405,0.0008764880806809175,0.08764880806809175,0.0008764880806809175,0.0008764880806809175,0.0,3.279407186651466,0.9968202533901463,-1.220993218822256e-05,-1.220993218822256e-05,0.4999591050606196,0.5997345357657472,0.0,0.4774962612497641,0.5997345357657472,True,0.026727028111927786,0.026753286469350112,success,0.9999182101212392,0.9999182101212392,0.5,2.5936603758408405e-15,0.01,"[0.005, 0.0075, 0.01, 0.015, 0.02, 0.03, 0.05, 0.08]",0.04451047225389822,0.0003284928697368879,False,-7.799764965986942e-19,0.00011804339118198404,True,success,4.9384394472410934e-17,-8.943085957867932e-17,0.00032794071866514663,8.943085957867933e-19,0.0
0.5991035646268462,-4.0657581468206416e-20,0.0004419308412732904,0.026693693067681608,1.6093625997831706e-20,1.9614398420432916e-05,arith,0.029462056084886022,5.235807311422552e-07,True,0.04455605782333789,0.45,1.36,4.5242685760049e-18,-0.043764166673165766,8.984668704682853e-10,True,False,28,0.9,405,0.0013076265613621945,0.08717510409081297,0.0013076265613621945,0.0013076265613621945,0.0,3.2657565916331364,0.9926709700561083,-1.220993218822256e-05,-1.220993218822256e-05,0.4999591050606196,0.5997345357657472,0.0,0.4774962612497641,0.5997345357657472,True,0.026693693067681608,0.026753286469350112,success,0.9999182101212392,0.9999182101212392,0.5,2.5936603758408405e-15,0.015,"[0.005, 0.0075, 0.01, 0.015, 0.02, 0.03, 0.05, 0.08]",0.044383411585215346,0.0007376534999396115,False,-6.78640286400735e-20,0.00026476234232536926,True,success,2.224139775309161e-17,-4.0193329455579563e-17,0.0007347952331174556,6.028999418336934e-19,0.0
0.5985974496480101,-2.168404344971009e-19,0.0007826823569155904,0.026646048373277324,-1.0164395367051604e-20,3.459240925934172e-05,arith,0.03913411784577952,9.217510104726258e-07,True,0.04451413615100741,0.45,1.36,1.8112375405592552e-17,-0.043592626478685094,8.984668704682853e-10,True,False,28,0.9,405,0.0017296204629670857,0.08648102314835429,0.0017296204629670857,0.0017296204629670857,0.0,3.2455477801760657,0.9865282279656026,-1.220993218822256e-05,-1.220993218822256e-05,0.4999591050606195,0.5997345357657472,0.0,0.4774962612497641,0.5997345357657472,True,0.026646048373277324,0.026753286469350112,success,0.9999182101212392,0.9999182101212392,0.5,2.5936603758408405e-15,0.02,"[0.005, 0.0075, 0.01, 0.015, 0.02, 0.03, 0.05, 0.08]",0.044197251865576916,0.0013075270490641529,False,-3.6224750811185106e-19,0.000468511662734166,True,success,-1.0587044496328308e-17,1.907298828077868e-17,0.0012982191120704265,-3.814597656155736e-19,0.0
0.5970733261625096,4.336808689942018e-19,0.0017397636762624183,0.026503694086202685,8.131516293641283e-20,7.589014489034958e-05,arith,0.05799212254208062,2.011369184331423e-06,True,0.04438934536993366,0.45,1.36,-2.4211480119845103e-17,-0.0431063349312808,8.984668704682853e-10,True,False,28,0.9,405,0.0025296714963449858,0.08432238321149953,0.0025296714963449858,0.0025296714963449858,0.0,3.1815332208877307,0.9670701352132924,-1.220993218822256e-05,-1.220993218822256e-05,0.4999591050606195,0.5997345357657472,0.0,0.4774962612497641,0.5997345357657472,True,0.026503694086202685,0.026753286469350112,success,0.9999182101212392,0.9999182101212392,0.5,2.5936603758408405e-15,0.03,"[0.005, 0.0075, 0.01, 0.015, 0.02, 0.03, 0.05, 0.08]",0.04362095031975057,0.002913819124100169,False,7.26344403595353e-19,0.0010387664849227176,True,success,5.733576883623507e-17,-1.0226896757855345e-16,0.0028633798987989577,3.0680690273566034e-18,0.0
0.5915506281488073,0.0,0.00461689761287212,0.0260039280723363,-5.421010862427522e-20,0.00019233824759843824,arith,0.0923379522574424,5.001549956108998e-06,True,0.04395892225440236,0.45,1.36,-0.0,-0.04159408612024371,8.984668704682853e-10,True,False,28,0.9,405,0.0038467649519687646,0.0769352990393753,0.0038467649519687646,0.0038467649519687646,0.0,2.958602978187022,0.8993074670329642,-1.220993218822256e-05,-1.220993218822256e-05,0.4999591050606195,0.5997345357657472,0.0,0.4774962612497641,0.5997345357657472,True,0.0260039280723363,0.026753286469350112,success,0.9999182101212392,0.9999182101212392,0.5,2.5936603758408405e-15,0.05,"[0.005, 0.0075, 0.01, 0.015, 0.02, 0.03, 0.05, 0.08]",0.041659630281206686,0.007804737909450276,False,0.0,0.0027311286829932316,True,success,-2.4239740827985988e-17,4.1693784472466244e-17,0.007396507445467556,-2.0846892236233124e-18,0.0
0.5770518747146329,0.0,0.010699571445405794,0.02476855567754728,2.168404344971009e-19,0.00040421703473255224,arith,0.13374464306757242,1.0011872130586283e-05,True,0.04292258072949849,0.45,1.36,-0.0,-0.038175393394886147,8.984668704682853e-10,True,False,28,0.9,405,0.005052712934156903,0.06315891167696129,0.005052712934156903,0.005052712934156903,0.0,2.549963449593264,0.7750959448724647,-1.220993218822256e-05,-1.220993218822256e-05,0.4999591050606195,0.5997345357657472,0.0,0.4774962612497641,0.5997345357657472,True,0.02476855567754728,0.026753286469350112,success,0.9999182101212392,0.9999182101212392,0.5,2.5936603758408405e-15,0.08,"[0.005, 0.0075, 0.01, 0.015, 0.02, 0.03, 0.05, 0.08]",0.037778806076024275,0.01854178439450874,False,0.0,0.006174207761214568,True,success,6.853029821746553e-17,-1.0943332612934055e-16,0.01631976607739689,8.754666090347244e-18,0.0
0.6332867300894691,-5.289039365573515e-20,5.207971250130332e-05,0.013025305805879062,1.6582596368601383e-21,1.06863271663062e-06,typ,0.010415942500260664,1.391926792828113e-08,True,0.020567785786446025,0.45,1.36,1.670345868395598e-17,-0.027908679001119666,8.930130422890528e-10,True,False,29,0.9,424,0.000213726543326124,0.042745308665224795,0.000213726543326124,0.000213726543326124,0.0,3.281712483551166,0.9975209796217201,-0.008538890660156204,-0.008538890660156204,0.4999621904649348,0.6333095361989495,0.0,0.43757398323449115,0.43757398323449115,True,0.013025305805879062,0.013035400071515907,success,0.9999243809298697,0.24143912942344045,0.5,2.6615577066444013e-15,0.005,"[0.005, 0.0075, 0.01, 0.015, 0.02, 0.03, 0.05, 0.08]",0.02051917465181623,8.223717634813796e-05,False,-8.35172934197799e-20,3.2981390833950024e-05,True,success,1.4055436343139124e-17,-2.5462122142447838e-17,8.204281208877914e-05,1.2731061071223918e-19,0.0
0.6332580210227478,-5.1642540002910624e-20,0.00011715674875420182,0.0130126941756154,-4.466775307786349e-22,2.3946302646394684e-06,typ,0.015620899833893576,3.116059129742638e-08,True,0.020548802768576322,0.45,1.36,1.0873406687004661e-17,-0.02787613231084955,8.930130422890528e-10,True,False,29,0.9,424,0.0003192840352852625,0.042571204704701666,0.0003192840352852625,0.0003192840352852625,0.0,3.2715135029052025,0.9944208612487373,-0.008538890660156204,-0.008538890660156204,0.49996219046493484,0.6333095361989495,0.0,0.43757398323449115,0.43757398323449115,True,0.0130126941756154,0.013035400071515907,success,0.9999243809298697,0.24143912942344045,0.5,2.6615577066444013e-15,0.0075,"[0.005, 0.0075, 0.01, 0.015, 0.02, 0.03, 0.05, 0.08]",0.020439541811316995,0.0001850063400144336,False,-8.155055015253495e-20,7.419045086554511e-05,True,success,-2.5304121348752182e-18,4.576838839063964e-18,0.00018402263453841763,-3.4326291292979725e-20,0.0
0.6332174417795287,-2.693564772268675e-19,0.00020822114618116965,0.012995049535377133,3.8381180422460484e-21,4.232782571366509e-06,typ,0.020822114618116963,5.5005219187388783e-08,True,0.020522254565283598,0.45,1.36,4.253775393013433e-17,-0.027830577616530936,8.930130422890528e-10,True,False,29,0.9,424,0.0004232782571366509,0.04232782571366509,0.0004232782571366509,0.0004232782571366509,0.0,3.2572269615774636,0.9900782734162922,-0.008538890660156204,-0.008538890660156204,0.49996219046493484,0.6333095361989495,0.0,0.43757398323449115,0.43757398323449115,True,0.012995049535377133,0.013035400071515907,success,0.9999243809298697,0.24143912942344045,0.5,2.6615577066444013e-15,0.01,"[0.005, 0.0075, 0.01, 0.015, 0.02, 0.03, 0.05, 0.08]",0.02032830309983808,0.0003288304023906962,False,-4.253775393013433e-19,0.00013184926150924153,True,success,1.6365013866304974e-17,-2.953523210355859e-17,0.0003257226961577464,2.953523210355859e-19,0.0
0.6330988614625443,2.0328790734103208e-19,0.0004681073114806634,0.012944712002787623,2.0752307207730358e-20,9.367844986867488e-06,typ,0.031207154098710894,1.2126405544175744e-07,True,0.02044658866213024,0.45,1.36,-2.1406652232418533e-17,-0.02770049285144368,8.930130422890528e-10,True,False,29,0.9,424,0.0006245229991244992,0.04163486660829995,0.0006245229991244992,0.0006245229991244992,0.0,3.2163609819464467,0.9776565051355374,-0.008538890660156204,-0.008538890660156204,0.49996219046493484,0.6333095361989495,0.0,0.43757398323449115,0.43757398323449115,True,0.012944712002787623,0.013035400071515907,success,0.9999243809298697,0.24143912942344045,0.5,2.6615577066444013e-15,0.015,"[0.005, 0.0075, 0.01, 0.015, 0.02, 0.03, 0.05, 0.08]",0.02001217404025627,0.0007393905438390332,False,3.21099783486278e-19,0.0002963582059407006,True,success,5.959369909418542e-17,-1.0687662629219501e-16,0.0007236812209379503,1.603149394382925e-18,0.0
0.6329254081049325,-3.2526065174565133e-19,0.0008311011744376503,0.012874432199768374,1.3552527156068805e-20,1.6268411686141402e-05,typ,0.04155505872188251,2.0944656325114698e-07,True,0.020341152424763972,0.45,1.36,2.5695022476623854e-17,-0.027518567308725834,8.930130422890528e-10,True,False,29,0.9,424,0.0008134205843070701,0.0406710292153535,0.0008134205843070701,0.0008134205843070701,0.0,3.1590542079273383,0.9602373346125173,-0.008538890660156204,-0.008538890660156204,0.49996219046493484,0.6333095361989495,0.0,0.43757398323449115,0.43757398323449115,True,0.012874432199768374,0.013035400071515907,success,0.9999243809298697,0.24143912942344045,0.5,2.6615577066444013e-15,0.02,"[0.005, 0.0075, 0.01, 0.015, 0.02, 0.03, 0.05, 0.08]",0.019574526166623616,0.001313110777028345,False,-5.139004495324771e-19,0.0005260250500074385,True,success,2.961308593406507e-17,-5.2633494610786134e-17,0.0012636216831709355,1.0526698922157228e-18,0.0
0.632360469345481,-1.3010426069826053e-18,0.0018599088765670607,0.012674995223430196,4.0657581468206416e-20,3.4173676286648806e-05,typ,0.06199696255223536,4.331511837003234e-07,True,0.02004393986953254,0.45,1.36,6.858127444985283e-17,-0.027000399773498496,8.930130422890528e-10,True,False,29,0.9,424,0.0011391225428882936,0.03797075142960979,0.0011391225428882936,0.0011391225428882936,0.0,2.9957211628308507,0.9105900422412668,-0.008538890660156204,-0.008538890660156204,0.49996219046493484,0.6333095361989495,0.0,0.43757398323449115,0.43757398323449115,True,0.012674995223430196,0.013035400071515907,success,0.9999243809298697,0.24143912942344045,0.5,2.6615577066444013e-15,0.03,"[0.005, 0.0075, 0.01, 0.015, 0.02, 0.03, 0.05, 0.08]",0.01837384439485288,0.0029412162314512522,False,-2.0574382334955848e-18,0.0011761328501257726,True,success,6.177628503533824e-17,-1.0692333146616465e-16,0.0026961490465477658,3.2076999439849395e-18,0.0
0.6293906853756721,-1.734723475976807e-18,0.0049809956392154135,0.012059030782650646,2.710505431213761e-20,7.599627158705356e-05,typ,0.09961991278430828,9.164413784349574e-07,True,0.019159849458929987,0.45,1.36,5.512390050518086e-17,-0.025373800523697008,8.930130422890528e-10,True,False,29,0.9,424,0.001519925431741071,0.03039850863482142,0.001519925431741071,0.001519925431741071,0.0,2.5208086108011116,0.7662339365464974,-0.008538890660156204,-0.008538890660156204,0.4999621904649348,0.6333095361989495,0.0,0.43757398323449115,0.43757398323449115,True,0.012059030782650646,0.013035400071515907,success,0.9999243809298697,0.24143912942344045,0.5,2.6615577066444013e-15,0.05,"[0.005, 0.0075, 0.01, 0.015, 0.02, 0.03, 0.05, 0.08]",0.015257245155714324,0.007913996433300163,False,-2.7561950252590432e-18,0.003134992259219023,True,success,2.831378545414275e-17,-4.4953951608007684e-17,0.0063020215270027805,2.2476975804003846e-18,0.0
0.6167408348878476,0.0,0.011394827196843715,0.010786401007829006,0.0,0.00012249233018298307,typ,0.14243533996054644,1.321251393737052e-06,True,0.017489357599923604,0.45,1.36,-0.0,-0.021703873007388682,8.930130422890528e-10,True,False,29,0.9,424,0.0015311541272872882,0.0191394265910911,0.0015311541272872882,0.0015311541272872882,0.0,1.774403397129338,0.539353957368389,-0.008538890660156204,-0.008538890660156204,0.49996219046493473,0.6333095361989495,0.0,0.43757398323449115,0.43757398323449115,True,0.010786401007829006,0.013035400071515907,success,0.9999243809298697,0.24143912942344045,0.5,2.6615577066444013e-15,0.08,"[0.005, 0.0075, 0.01, 0.015, 0.02, 0.03, 0.05, 0.08]",0.010749819024628345,0.018475876011867818,False,0.0,0.007027655238784144,True,success,0.0,-0.0,0.011356181741627764,0.0,0.0
0.5706212588946376,6.815782131799124e-20,4.692196454544618e-05,0.023760881541087745,-1.5205419812470152e-20,1.953430885638634e-06,arith,0.009384392909089236,4.64152398723617e-08,True,0.04164037208693459,0.45,1.5,-2.3888987749955615e-17,-0.0534456761804339,8.82681394853989e-10,True,False,30,0.9,381,0.00039068617712772677,0.07813723542554535,0.00039068617712772677,0.00039068617712772677,0.0,3.288482175647778,0.9995787192700889,-1.3512131210893742e-05,-1.3512131210893742e-05,0.49995901127657144,0.570658216250232,0.0,0.4418760580740477,0.570658216250232,True,0.023760881541087745,0.02376400138408556,success,0.999918022553143,0.999918022553143,0.5,2.481930430399233e-15,0.005,"[0.005, 0.0075, 0.01, 0.015, 0.02, 0.03, 0.05, 0.08]",0.041631481217003226,8.222961169785315e-05,False,1.1944493874977808e-19,2.677467047873205e-05,True,success,-7.057779982531162e-17,1.2798700070261842e-16,8.221205439119445e-05,-6.399350035130921e-19,0.0
0.5705748932697073,2.864030152903603e-19,0.00010553814234761142,0.023756967616110687,-1.7021722645116203e-20,4.3921573397706005e-06,arith,0.014071752313014857,1.0434433968579302e-07,True,0.04163689621877721,0.45,1.5,-6.692735547221244e-17,-0.05341635498342741,8.82681394853989e-10,True,False,30,0.9,381,0.0005856209786360801,0.07808279715147734,0.0005856209786360801,0.0005856209786360801,0.0,3.286732482580219,0.9990468763522413,-1.3512131210893742e-05,-1.3512131210893742e-05,0.4999590112765715,0.570658216250232,0.0,0.4418760580740477,0.570658216250232,True,0.023756967616110687,0.02376400138408556,success,0.999918022553143,0.999918022553143,0.5,2.481930430399233e-15,0.0075,"[0.005, 0.0075, 0.01, 0.015, 0.02, 0.03, 0.05, 0.08]",0.04161677704449386,0.00018496807972538,False,5.019551660415933e-19,6.021741430587157e-05,True,success,-5.2694957942458554e-17,9.553252149107333e-17,0.0001848787021451373,-7.164939111830499e-19,0.0
0.5705096622170767,-5.929230630780102e-20,0.00018753205808111768,0.02375146148141041,-4.9763185651190145e-21,7.800573883771391e-06,arith,0.018753205808111767,1.852750301332922e-07,True,0.04163200565106831,0.45,1.5,1.0392866279842346e-17,-0.0533753223372882,8.82681394853989e-10,True,False,30,0.9,381,0.0007800573883771391,0.0780057388377139,0.0007800573883771391,0.0007800573883771391,0.0,3.284250061781115,0.9982923109112506,-1.3512131210893742e-05,-1.3512131210893742e-05,0.4999590112765715,0.570658216250232,0.0,0.4418760580740477,0.570658216250232,True,0.02375146148141041,0.02376400138408556,success,0.999918022553143,0.999918022553143,0.5,2.481930430399233e-15,0.01,"[0.005, 0.0075, 0.01, 0.015, 0.02, 0.03, 0.05, 0.08]",0.04159594878651214,0.0003287096967864542,False,-1.0392866279842345e-19,0.00010698885111073166,True,success,-1.1561115185912168e-17,2.095163099337629e-17,0.0003284250061781115,-2.095163099337629e-19,0.0
0.5703211847877961,1.3552527156068805e-20,0.0004213448142204179,0.023735554739027585,-7.623296525288703e-21,1.7500484293745777e-05,arith,0.028089654281361193,4.153837029136954e-07,True,0.041617873177653496,0.45,1.5,-1.5841982281278225e-18,-0.05325819791699088,8.82681394853989e-10,True,False,30,0.9,381,0.0011666989529163852,0.07777993019442568,0.0011666989529163852,0.0011666989529163852,0.0,3.2769375331487294,0.9960695687418952,-1.3512131210893742e-05,-1.3512131210893742e-05,0.49995901127657144,0.570658216250232,0.0,0.4418760580740477,0.570658216250232,True,0.023735554739027585,0.02376400138408556,success,0.999918022553143,0.999918022553143,0.5,2.481930430399233e-15,0.015,"[0.005, 0.0075, 0.01, 0.015, 0.02, 0.03, 0.05, 0.08]",0.04153482777787496,0.0007387851362687692,False,2.3762973421917336e-20,0.0002403018736503826,True,success,-1.1828184391870021e-17,2.1411750175652365e-17,0.000737310944958464,-3.2117625263478547e-19,0.0
0.5700518517667504,-2.168404344971009e-19,0.0007474849489953885,0.023712833880964602,-3.3881317890172014e-20,3.097953846570648e-05,arith,0.03737424744976943,7.346126493462508e-07,True,0.04159767889091472,0.45,1.5,1.9019360591940155e-17,-0.053094511957347997,8.82681394853989e-10,True,False,30,0.9,381,0.001548976923285324,0.0774488461642662,0.001548976923285324,0.001548976923285324,0.0,3.2661151574311833,0.9927799609893236,-1.3512131210893742e-05,-1.3512131210893742e-05,0.4999590112765715,0.570658216250232,0.0,0.4418760580740477,0.570658216250232,True,0.023712833880964602,0.02376400138408556,success,0.999918022553143,0.999918022553143,0.5,2.481930430399233e-15,0.02,"[0.005, 0.0075, 0.01, 0.015, 0.02, 0.03, 0.05, 0.08]",0.041445033117178655,0.0013112578209836933,False,-3.803872118388031e-19,0.00042610517934259625,True,success,-3.95303895176345e-17,7.144088736979287e-17,0.0013064460629724733,-1.4288177473958575e-18,0.0
0.5692436523345564,4.336808689942018e-19,0.0016705095248876584,0.02364479379954339,-8.131516293641283e-20,6.875782547468361e-05,arith,0.055683650829588614,1.6257646054538856e-06,True,0.041537211179382375,0.45,1.5,-2.5395151807467644e-17,-0.05262886365241525,8.82681394853989e-10,True,False,30,0.9,381,0.002291927515822787,0.07639758386075957,0.002291927515822787,0.002291927515822787,0.0,3.2310530812171807,0.9821223678004418,-1.3512131210893742e-05,-1.3512131210893742e-05,0.49995901127657144,0.570658216250232,0.0,0.4418760580740477,0.570658216250232,True,0.02364479379954339,0.02376400138408556,success,0.999918022553143,0.999918022553143,0.5,2.481930430399233e-15,0.03,"[0.005, 0.0075, 0.01, 0.015, 0.02, 0.03, 0.05, 0.08]",0.041159792536536156,0.0029346124775158056,False,7.618545542240292e-19,0.0009509269432067153,True,success,-6.377386005392157e-17,1.1463434421094864e-16,0.0029079477730954628,-3.4390303263284592e-18,0.0
0.5662307345394375,3.469446951953614e-18,0.004509343697704777,0.023395235317334354,0.0,0.00018055895966944497,arith,0.09018687395409553,4.224219350119748e-06,True,0.04131749460114284,0.45,1.5,-1.2254534204243093e-16,-0.051163951453333925,8.82681394853989e-10,True,False,30,0.9,381,0.0036111791933888995,0.07222358386777798,0.0036111791933888995,0.0036111791933888995,0.0,3.087106536358067,0.938367864881391,-1.3512131210893742e-05,-1.3512131210893742e-05,0.4999590112765714,0.570658216250232,0.0,0.4418760580740477,0.570658216250232,True,0.023395235317334354,0.02376400138408556,success,0.999918022553143,0.999918022553143,0.5,2.481930430399233e-15,0.05,"[0.005, 0.0075, 0.01, 0.015, 0.02, 0.03, 0.05, 0.08]",0.04004107288635998,0.007963791830149594,False,6.127267102121547e-18,0.0025533289942421588,True,success,0.0,-0.0,0.007717766340895169,0.0,0.0
0.5570978396312942,-3.469446951953614e-18,0.010652887994694873,0.022675263378389,2.168404344971009e-19,0.00039661300566237425,arith,0.1331610999336859,8.993304362688824e-06,True,0.0407024794664367,0.45,1.5,7.784644601767368e-17,-0.04778544810584953,8.82681394853989e-10,True,False,30,0.9,381,0.004957662570779678,0.06197078213474597,0.004957662570779678,0.004957662570779678,0.0,2.7329685702265385,0.8307228311779812,-1.3512131210893742e-05,-1.3512131210893742e-05,0.4999590112765715,0.570658216250232,0.0,0.4418760580740477,0.570658216250232,True,0.022675263378389,0.02376400138408556,success,0.999918022553143,0.999918022553143,0.5,2.481930430399233e-15,0.08,"[0.005, 0.0075, 0.01, 0.015, 0.02, 0.03, 0.05, 0.08]",0.03723056187766989,0.01912211327501343,False,-6.2277156814138945e-18,0.005934700887678664,True,success,7.23070466011494e-17,-1.195357860229773e-16,0.017490998849449848,9.562862881838186e-18,0.0
0.6011858110449294,-1.541605133881655e-19,4.9444664601473284e-05,0.009655361124238957,4.823406474070345e-21,7.922021140244665e-07,typ,0.009888932920294656,7.648997494291751e-09,True,0.01606052728931982,0.45,1.5,5.128547964903462e-17,-0.037205375912489166,8.874030595756927e-10,True,False,31,0.9,401,0.0001584404228048933,0.03168808456097866,0.00015844042280489332,0.0001584404228048933,0.0,3.2819160415894166,0.9975828538458467,-0.010701210817877026,-0.010701210817877026,0.499953351183212,0.6011891620984798,0.0,0.3809122027170346,0.3809122027170346,True,0.009655361124238957,0.009662658403997871,success,0.9999067023664232,0.21705609439267778,0.5,3.321278985945823e-15,0.005,"[0.005, 0.0075, 0.01, 0.015, 0.02, 0.03, 0.05, 0.08]",0.016021993887705765,8.224522883454755e-05,False,-2.564273982451731e-19,2.972543079028123e-05,True,success,5.515077283423154e-17,-9.991146704935967e-17,8.204790103973543e-05,4.995573352467984e-19,1.710741099543474e-16
0.6011815930695732,6.789498467835251e-20,0.00011124717509710142,0.009646246378718047,3.3538037935962507e-21,1.7753802264368666e-06,typ,0.014832956679613523,1.712575508011425e-08,True,0.01604547858736871,0.45,1.5,-1.505812008907048e-17,-0.037174473456902335,8.874030595756927e-10,True,False,31,0.9,401,0.00023671736352491555,0.03156231513665541,0.00023671736352491555,0.00023671736352491555,0.0,3.271978954040559,0.9945623414286232,-0.010701210817877026,-0.010701210817877026,0.499953351183212,0.6011891620984798,0.0,0.3809122027170346,0.3809122027170346,True,0.009646246378718047,0.009662658403997871,success,0.9999067023664232,0.21705609439267778,0.5,3.321278985945823e-15,0.0075,"[0.005, 0.0075, 0.01, 0.015, 0.02, 0.03, 0.05, 0.08]",0.015958879179513878,0.00018504754034315065,False,1.129359006680286e-19,6.687975394936519e-05,True,success,2.5627886223603307e-17,-4.635728982962123e-17,0.00018404881616478145,3.4767967372215923e-19,0.0
0.6011756322702376,-9.656175598699024e-20,0.00019776431246224216,0.009633498606732207,3.5998900258307764e-21,3.1386643440667584e-06,typ,0.019776431246224215,3.023631858556717e-08,True,0.016024432943752123,0.45,1.5,1.6062154020172303e-17,-0.037131211586165946,8.874030595756927e-10,True,False,31,0.9,401,0.0003138664344066758,0.031386643440667585,0.0003138664344066759,0.0003138664344066758,0.0,3.258073180052526,0.9903354929888323,-0.010701210817877026,-0.010701210817877026,0.49995335118321205,0.6011891620984798,0.0,0.3809122027170346,0.3809122027170346,True,0.009633498606732207,0.009662658403997871,success,0.9999067023664232,0.21705609439267778,0.5,3.321278985945823e-15,0.01,"[0.005, 0.0075, 0.01, 0.015, 0.02, 0.03, 0.05, 0.08]",0.015870731705782373,0.00032896262231291515,False,-1.6062154020172303e-19,0.00011889108558497727,True,success,2.0702594572918604e-17,-3.7368459505615685e-17,0.00032580731800525267,3.736845950561569e-19,1.727171264004463e-16
0.601158226589418,-3.6591823321385775e-19,0.00044491257937154347,0.009597160188802703,1.9058241313221758e-21,6.949663472111123e-06,typ,0.029660838624769564,6.669703360012123e-08,True,0.015964449564719038,0.45,1.5,4.057924819447736e-17,-0.037007616721902996,8.874030595756927e-10,True,False,31,0.9,401,0.00046331089814074156,0.03088739320938277,0.00046331089814074156,0.00046331089814074156,0.0,3.218388836045482,0.9782728988682421,-0.010701210817877026,-0.010701210817877026,0.49995335118321205,0.6011891620984798,0.0,0.3809122027170346,0.3809122027170346,True,0.009597160188802703,0.009662658403997871,success,0.9999067023664232,0.21705609439267778,0.5,3.321278985945823e-15,0.015,"[0.005, 0.0075, 0.01, 0.015, 0.02, 0.03, 0.05, 0.08]",0.015620289904879283,0.0007400923079697154,False,-6.086887229171604e-19,0.00026746285720232073,True,success,7.379544606709533e-18,-1.3238806020595957e-17,0.0007241374881102335,1.9858209030893935e-19,0.0
0.6011328288397356,-3.2526065174565133e-19,0.000790797358884582,0.009546499819910367,-1.0164395367051604e-20,1.2078160522133822e-05,typ,0.039539867944229104,1.1530415724939904e-07,True,0.0158808492265118,0.45,1.5,2.7053975106753575e-17,-0.03683461206060753,8.874030595756927e-10,True,False,31,0.9,401,0.0006039080261066911,0.030195401305334556,0.0006039080261066911,0.0006039080261066911,0.0,3.1629813936997553,0.9614310559450512,-0.010701210817877026,-0.010701210817877026,0.499953351183212,0.6011891620984798,0.0,0.3809122027170346,0.3809122027170346,True,0.009546499819910367,0.009662658403997871,success,0.9999067023664232,0.21705609439267778,0.5,3.321278985945823e-15,0.02,"[0.005, 0.0075, 0.01, 0.015, 0.02, 0.03, 0.05, 0.08]",0.015273395120046988,0.0013155118485392381,False,-5.410795021350715e-19,0.0004753742533852804,True,success,-2.9933607974046083e-17,5.3236241338697464e-17,0.0012651925574799021,-1.0647248267739494e-18,0.0
0.6010491076742217,4.336808689942018e-19,0.0017775443193842858,0.009403227398970669,-3.3881317890172014e-20,2.5443850612666742e-05,typ,0.059251477312809525,2.3925431321634455e-07,True,0.015644690723120365,0.45,1.5,-2.4051327556930328e-17,-0.03634056772542833,8.874030595756927e-10,True,False,31,0.9,401,0.0008481283537555581,0.02827094512518527,0.0008481283537555581,0.0008481283537555581,0.0,3.006515095899943,0.9138710044654167,-0.010701210817877026,-0.010701210817877026,0.49995335118321205,0.6011891620984798,0.0,0.3809122027170346,0.3809122027170346,True,0.009403227398970669,0.009662658403997871,success,0.9999067023664232,0.21705609439267778,0.5,3.321278985945823e-15,0.03,"[0.005, 0.0075, 0.01, 0.015, 0.02, 0.03, 0.05, 0.08]",0.014314045695063235,0.0029574028090026605,False,7.215398267079098e-19,0.0010683914270173066,True,success,-6.926764251378674e-17,1.2010528035612133e-16,0.0027058635863099483,-3.6031584106836396e-18,0.0
0.6003430044972459,0.0,0.004860845631071062,0.008964067702503357,0.0,5.725470867032821e-05,typ,0.09721691262142121,5.13235084807928e-07,True,0.014931576840826634,0.45,1.5,-0.0,-0.0347700183698619,8.874030595756927e-10,True,False,31,0.9,401,0.001145094173406564,0.022901883468131278,0.001145094173406564,0.001145094173406564,0.0,2.5548539154535352,0.77658246824104,-0.010701210817877026,-0.010701210817877026,0.49995335118321205,0.6011891620984798,0.0,0.3809122027170346,0.3809122027170346,True,0.008964067702503357,0.009662658403997871,success,0.9999067023664232,0.21705609439267778,0.5,3.321278985945823e-15,0.05,"[0.005, 0.0075, 0.01, 0.015, 0.02, 0.03, 0.05, 0.08]",0.011778754771464001,0.00809678066481636,False,0.0,0.0029181746705545125,True,success,0.0,-0.0,0.00638713478863384,0.0,0.0
0.5942816360624426,-6.938893903907228e-18,0.011434022352252764,0.008057898851933736,-2.710505431213761e-20,9.440476531531576e-05,typ,0.14292527940315955,7.607040500513566e-07,True,0.013559057461918735,0.45,1.5,1.4595129402539166e-16,-0.031127479306999817,8.874030595756927e-10,True,False,31,0.9,401,0.001180059566441447,0.014750744580518086,0.001180059566441447,0.001180059566441447,0.0,1.83059440824058,0.5564339766359414,-0.010701210817877026,-0.010701210817877026,0.49995335118321205,0.6011891620984798,0.0,0.3809122027170346,0.3809122027170346,True,0.008057898851933736,0.009662658403997871,success,0.9999067023664232,0.21705609439267778,0.5,3.321278985945823e-15,0.08,"[0.005, 0.0075, 0.01, 0.015, 0.02, 0.03, 0.05, 0.08]",0.008256478989365965,0.01924007349110038,False,-1.1676103522031333e-17,0.006795029510271311,True,success,-3.1077238273722993e-17,4.2047335803974715e-17,0.011715804212739713,-3.3637868643179773e-18,0.0
0.5257931027316425,-7.886474376930106e-20,4.3240429042582094e-05,0.019647139788498802,-9.962647308119628e-21,1.6156037658531238e-06,arith,0.008648085808516419,3.174199303054141e-08,True,0.037366674622444467,0.45,1.7,2.999839418188508e-17,-0.06885828290220897,8.726730593683263e-10,True,False,32,0.9,351,0.00032312075317062475,0.06462415063412495,0.0003231207531706248,0.00032312075317062475,0.0,3.289239621125674,0.9998089550871837,-1.5629027567561158e-05,-1.5629027567561158e-05,0.49995885854753636,0.5258094847693522,0.0,0.3764818661367633,0.5258094847693522,True,0.019647139788498802,0.019648310278082202,success,0.9999177170950728,0.9999177170950728,0.5,2.6486605485539906e-15,0.005,"[0.005, 0.0075, 0.01, 0.015, 0.02, 0.03, 0.05, 0.08]",0.03736326862673166,8.223848661752303e-05,False,-1.4999197090942542e-19,2.2735519349746665e-05,True,success,-5.591877643196062e-17,1.0141575227099103e-16,8.223099052814185e-05,-5.070787613549551e-19,1.6777043285625613e-16
0.525772568714122,-1.062496953212113e-19,9.727492519240492e-05,0.019645672457649498,-9.390981494314523e-21,3.6339620074006214e-06,arith,0.01296999002565399,7.139162732093507e-08,True,0.037365343166717066,0.45,1.7,2.694439931979598e-17,-0.06883125985926898,8.726730593683263e-10,True,False,32,0.9,351,0.0004845282676534162,0.0646037690204555,0.00048452826765341627,0.0004845282676534162,0.0,3.288447832962853,0.9995682803456307,-1.5629027567561158e-05,-1.5629027567561158e-05,0.49995885854753636,0.5258094847693522,0.0,0.3764818661367633,0.5258094847693522,True,0.019645672457649498,0.019648310278082202,success,0.9999177170950728,0.9999177170950728,0.5,2.6486605485539906e-15,0.0075,"[0.005, 0.0075, 0.01, 0.015, 0.02, 0.03, 0.05, 0.08]",0.03735764381430083,0.0001850133137038881,False,-2.0208299489846983e-19,5.11444872898848e-05,True,success,-3.514692575550737e-17,6.373570915466714e-17,0.00018497519060416048,-4.780178186600035e-19,1.118822414362247e-16
0.5257437145886842,-1.4823076576950256e-19,0.0001728929405719377,0.019643610240895594,-1.852884572118782e-20,6.4574982780046954e-06,arith,0.01728929405719377,1.268485793043787e-07,True,0.037363471394543976,0.45,1.7,2.819449128088406e-17,-0.06879343511785396,8.726730593683263e-10,True,False,32,0.9,351,0.0006457498278004695,0.06457498278004695,0.0006457498278004695,0.0006457498278004695,0.0,3.287327634184562,0.9992277807472374,-1.5629027567561158e-05,-1.5629027567561158e-05,0.49995885854753636,0.5258094847693522,0.0,0.3764818661367633,0.5258094847693522,True,0.019643610240895594,0.019648310278082202,success,0.9999177170950728,0.9999177170950728,0.5,2.6486605485539906e-15,0.01,"[0.005, 0.0075, 0.01, 0.015, 0.02, 0.03, 0.05, 0.08]",0.03734969314908403,0.00032885403243898136,False,-2.819449128088406e-19,9.089737680245115e-05,True,success,-5.2024218072543126e-17,9.432505274724413e-17,0.00032873276341845625,-9.432505274724413e-19,0.0
0.5256605750289663,-7.182839392716467e-19,0.0003887452269993212,0.019637666020474533,-8.046812998915853e-21,1.451048743379411e-05,arith,0.025916348466621414,2.849521060191413e-07,True,0.037358072781837226,0.45,1.7,9.109603844420783e-17,-0.06868541350353316,8.726730593683263e-10,True,False,32,0.9,351,0.0009673658289196073,0.06449105526130716,0.0009673658289196073,0.0009673658289196073,0.0,3.2840488881961734,0.998231161474019,-1.5629027567561158e-05,-1.5629027567561158e-05,0.49995885854753636,0.5258094847693522,0.0,0.3764818661367633,0.5258094847693522,True,0.019637666020474533,0.019648310278082202,success,0.9999177170950728,0.9999177170950728,0.5,2.6486605485539906e-15,0.015,"[0.005, 0.0075, 0.01, 0.015, 0.02, 0.03, 0.05, 0.08]",0.03732647097894644,0.0007395365859003208,False,-1.3664405766631174e-18,0.00020434803956422926,True,success,-1.5074328433018048e-17,2.731761500416639e-17,0.0007389109998441389,-4.097642250624958e-19,0.0
0.5255423729106383,0.0,0.0006904217379570195,0.01962920953273639,1.3552527156068805e-20,2.574763413322193e-05,arith,0.034521086897850974,5.054057053732488e-07,True,0.03735038418314956,0.45,1.7,-0.0,-0.06853430874062767,8.726730593683263e-10,True,False,32,0.9,351,0.0012873817066610964,0.06436908533305481,0.0012873817066610964,0.0012873817066610964,0.0,3.279249998615788,0.9967724739566584,-1.5629027567561158e-05,-1.5629027567561158e-05,0.4999588585475364,0.5258094847693522,0.0,0.3764818661367633,0.5258094847693522,True,0.01962920953273639,0.019648310278082202,success,0.9999177170950728,0.9999177170950728,0.5,2.6486605485539906e-15,0.02,"[0.005, 0.0075, 0.01, 0.015, 0.02, 0.03, 0.05, 0.08]",0.037292618001006195,0.0013137318198211522,False,0.0,0.00036284587847501895,True,success,1.906339365537721e-17,-3.4521326835568017e-17,0.0013116999994463151,6.904265367113603e-19,0.0
0.525191882478952,4.336808689942018e-19,0.0015486555722464652,0.01960410315501221,1.3552527156068805e-20,5.758818448430429e-05,arith,0.051621852408215506,1.128964709140175e-06,True,0.037327506020236094,0.45,1.7,-2.752523306003829e-17,-0.06810344527032187,8.726730593683263e-10,True,False,32,0.9,351,0.0019196061494768098,0.06398687164922699,0.0019196061494768098,0.0019196061494768098,0.0,3.2639530175532347,0.9921227492744215,-1.5629027567561158e-05,-1.5629027567561158e-05,0.49995885854753636,0.5258094847693522,0.0,0.3764818661367633,0.5258094847693522,True,0.01960410315501221,0.019648310278082202,success,0.9999177170950728,0.9999177170950728,0.5,2.6486605485539906e-15,0.03,"[0.005, 0.0075, 0.01, 0.015, 0.02, 0.03, 0.05, 0.08]",0.03718592146397499,0.0029487424004664246,False,8.257569918011486e-19,0.0008133413352996397,True,success,1.2754989429186037e-17,-2.3043691498164438e-17,0.0029375577157979113,6.913107449449332e-19,0.0
0.5239068622029568,0.0,0.004243689390921469,0.019512145354999382,0.0,0.0001558665363462733,arith,0.08487378781842937,3.041290513168779e-06,True,0.037243538427714946,0.45,1.7,-0.0,-0.0667354943045916,8.726730593683263e-10,True,False,32,0.9,351,0.0031173307269254658,0.062346614538509315,0.0031173307269254658,0.0031173307269254658,0.0,3.1952721448200427,0.9712462673176742,-1.5629027567561158e-05,-1.5629027567561158e-05,0.4999588585475364,0.5258094847693522,0.0,0.3764818661367633,0.5258094847693522,True,0.019512145354999382,0.019648310278082202,success,0.9999177170950728,0.9999177170950728,0.5,2.6486605485539906e-15,0.05,"[0.005, 0.0075, 0.01, 0.015, 0.02, 0.03, 0.05, 0.08]",0.036729016190421196,0.008100083616155235,False,0.0,0.002223297992961644,True,success,0.0,-0.0,0.007988180362050108,0.0,0.0
0.5195982423062684,-3.469446951953614e-18,0.010330488359430078,0.01921220426930472,1.0842021724855044e-19,0.0003637229418732734,arith,0.129131104492876,6.987919456701776e-06,True,0.03697511404971307,0.45,1.7,8.346465281893235e-17,-0.06350352125392524,8.726730593683263e-10,True,False,32,0.9,351,0.004546536773415918,0.05683170966769897,0.004546536773415918,0.004546536773415918,0.0,2.9581045918035973,0.8991559757381247,-1.5629027567561158e-05,-1.5629027567561158e-05,0.4999588585475364,0.5258094847693522,0.0,0.3764818661367633,0.5258094847693522,True,0.01921220426930472,0.019648310278082202,success,0.9999177170950728,0.9999177170950728,0.5,2.6486605485539906e-15,0.08,"[0.005, 0.0075, 0.01, 0.015, 0.02, 0.03, 0.05, 0.08]",0.03520868803276398,0.019881684575331852,False,-6.677172225514588e-18,0.0053677035937252345,True,success,4.101439671533956e-17,-7.054124017264191e-17,0.018931869387543022,5.6432992138113525e-18,0.0
0.5565268490810074,6.47246081855899e-20,4.577383782773081e-05,0.0044292438163688035,4.157007073598394e-21,3.632432339156321e-07,typ,0.009154767565546161,1.6088928476586205e-09,True,0.00795872440598834,0.45,1.7,-2.3260192492947867e-17,-0.051619700405396075,8.594010203929633e-10,True,False,33,0.9,354,7.264864678312642e-05,0.014529729356625283,7.264864678312642e-05,7.264864678312642e-05,0.0,3.2804085661143603,0.9971246362475131,-0.024191049335782096,-0.024191049335782096,0.49995278911256485,0.5565217711380831,0.0,0.2624751227271755,0.2624751227271755,True,0.0044292438163688035,0.004433227734471602,success,0.9999055782251296,0.1462756462979795,0.5,4.891254126446228e-15,0.005,"[0.005, 0.0075, 0.01, 0.015, 0.02, 0.03, 0.05, 0.08]",0.00793560800566238,8.224910964011374e-05,False,1.1630096246473934e-19,2.5474369736612048e-05,True,success,1.0363756558590646e-16,-1.877073038172193e-16,8.201021415285902e-05,9.385365190860965e-19,0.0
0.5565332143286603,-1.1064367873509298e-20,0.00010299610886726697,0.004424270758992379,2.9735075069749962e-21,8.134417739318681e-07,typ,0.013732814515635596,3.598886654549653e-09,True,0.007949697601300088,0.45,1.7,2.650783478540119e-18,-0.05159109106680533,8.594010203929633e-10,True,False,33,0.9,354,0.00010845890319091575,0.0144611870921221,0.00010845890319091575,0.00010845890319091575,0.0,3.268603546184324,0.9935363404708152,-0.024191049335782096,-0.024191049335782096,0.49995278911256485,0.5565217711380831,0.0,0.2624751227271755,0.2624751227271755,True,0.004424270758992379,0.004433227734471602,success,0.9999055782251296,0.1462756462979795,0.5,4.891254126446228e-15,0.0075,"[0.005, 0.0075, 0.01, 0.015, 0.02, 0.03, 0.05, 0.08]",0.007897791313457928,0.00018506731712591493,False,-1.988087608905089e-20,5.732075553124472e-05,True,success,4.9566123516996175e-17,-8.96119810910852e-17,0.00018385894947286823,6.720898581831389e-19,0.0
0.5565421607508544,2.0921713797181218e-19,0.00018311668425865474,0.004417321319991892,6.220398206398768e-22,1.436563223234816e-06,typ,0.018311668425865475,6.345761353511424e-09,True,0.007937082994812645,0.45,1.7,-3.7592325025214366e-17,-0.05155103566070504,8.594010203929633e-10,True,False,33,0.9,354,0.0001436563223234816,0.014365632232348161,0.0001436563223234816,0.0001436563223234816,0.0,3.2521139377686312,0.9885241005433851,-0.024191049335782096,-0.024191049335782096,0.49995278911256474,0.5565217711380831,0.0,0.2624751227271755,0.2624751227271755,True,0.004417321319991892,0.004433227734471602,success,0.9999055782251296,0.1462756462979795,0.5,4.891254126446228e-15,0.01,"[0.005, 0.0075, 0.01, 0.015, 0.02, 0.03, 0.05, 0.08]",0.007845070093152471,0.0003290257183958972,False,3.7592325025214364e-19,0.00010191215512684367,True,success,7.808656517125823e-18,-1.4081833210200308e-17,0.00032521139377686317,1.4081833210200307e-19,0.0
0.5565679539462014,1.2197274440461925e-19,0.0004120945500311345,0.004397549302211146,-3.0704944337968387e-21,3.1714369010855005e-06,typ,0.027472970002075634,1.394655013137522e-08,True,0.007901190269816035,0.45,1.7,-1.4610105084180405e-17,-0.051436576403381694,8.594010203929633e-10,True,False,33,0.9,354,0.00021142912673903337,0.014095275115935559,0.00021142912673903337,0.00021142912673903337,0.0,3.205256870877666,0.9742812601051828,-0.024191049335782096,-0.024191049335782096,0.4999527891125648,0.5565217711380831,0.0,0.2624751227271755,0.2624751227271755,True,0.004397549302211146,0.004433227734471602,success,0.9999055782251296,0.1462756462979795,0.5,4.891254126446228e-15,0.015,"[0.005, 0.0075, 0.01, 0.015, 0.02, 0.03, 0.05, 0.08]",0.0076958962472226155,0.0007404209083711782,False,2.191515762627061e-19,0.00022935862054320906,True,success,-2.600009401145502e-17,4.654856940816186e-17,0.0007211827959474747,-6.982285411224279e-19,0.0
0.5566046760396279,2.168404344971009e-19,0.0007328250783490373,0.004370080842424034,-5.929230630780102e-21,5.489467364796195e-06,typ,0.03664125391745186,2.39894161660078e-08,True,0.007851318953189863,0.45,1.7,-1.9478854906499452e-17,-0.051276294354692484,8.594010203929633e-10,True,False,33,0.9,354,0.00027447336823980975,0.013723668411990486,0.00027447336823980975,0.00027447336823980975,0.0,3.140369459247377,0.9545578520555774,-0.024191049335782096,-0.024191049335782096,0.49995278911256474,0.5565217711380831,0.0,0.2624751227271755,0.2624751227271755,True,0.004370080842424034,0.004433227734471602,success,0.9999055782251296,0.1462756462979795,0.5,4.891254126446228e-15,0.02,"[0.005, 0.0075, 0.01, 0.015, 0.02, 0.03, 0.05, 0.08]",0.007490829021795043,0.0013165988535404672,False,3.89577098129989e-19,0.00040789386532818085,True,success,-3.828146100861634e-17,6.783891242033895e-17,0.001256147783698951,-1.3567782484067789e-18,0.0
0.5567137958778531,0.0,0.0016503022473275935,0.004293044864635609,0.0,1.1440306012916484e-05,typ,0.05501007491091978,4.911374697861099e-08,True,0.007711403770524726,0.45,1.7,-0.0,-0.050818078029207576,8.594010203929633e-10,True,False,33,0.9,354,0.00038134353376388284,0.012711451125462762,0.00038134353376388284,0.00038134353376388284,0.0,2.960940667118256,0.9000180392614648,-0.024191049335782096,-0.024191049335782096,0.49995278911256474,0.5565217711380831,0.0,0.2624751227271755,0.2624751227271755,True,0.004293044864635609,0.004433227734471602,success,0.9999055782251296,0.1462756462979795,0.5,4.891254126446228e-15,0.03,"[0.005, 0.0075, 0.01, 0.015, 0.02, 0.03, 0.05, 0.08]",0.006932248944968882,0.002964363842870676,False,0.0,0.0009187460284554961,True,success,0.0,-0.0,0.0026648466004064297,0.0,0.0
0.5570102690584519,0.0,0.0045766325373661765,0.004063163976298225,-2.710505431213761e-20,2.511223685952239e-05,typ,0.09153265074732353,1.0203513617187985e-07,True,0.007294594376449175,0.45,1.7,-0.0,-0.04935100295835658,8.594010203929633e-10,True,False,33,0.9,354,0.0005022447371904478,0.010044894743808956,0.0005022447371904478,0.0005022447371904478,0.0,2.472185420623961,0.7514542590028512,-0.024191049335782096,-0.024191049335782096,0.49995278911256474,0.5565217711380831,0.0,0.2624751227271755,0.2624751227271755,True,0.004063163976298225,0.004433227734471602,success,0.9999055782251296,0.1462756462979795,0.5,4.891254126446228e-15,0.05,"[0.005, 0.0075, 0.01, 0.015, 0.02, 0.03, 0.05, 0.08]",0.005487055527069762,0.008216423989996334,False,0.0,0.002549231321019999,True,success,-8.485460333655858e-17,1.3341846142686006e-16,0.006180463551559903,-6.670923071343004e-18,0.0
0.5556283789582117,0.0,0.011177319118200532,0.003612186230337072,0.0,4.026820089984468e-05,typ,0.13971648897750666,1.4545624081086586e-07,True,0.006501083038828622,0.45,1.7,-0.0,-0.045851249006778574,8.594010203929633e-10,True,False,33,0.9,354,0.0005033525112480585,0.006291906390600731,0.0005033525112480585,0.0005033525112480585,0.0,1.7418554829089197,0.5294605777866828,-0.024191049335782096,-0.024191049335782096,0.49995278911256474,0.5565217711380831,0.0,0.2624751227271755,0.2624751227271755,True,0.003612186230337072,0.004433227734471602,success,0.9999055782251296,0.1462756462979795,0.5,4.891254126446228e-15,0.08,"[0.005, 0.0075, 0.01, 0.015, 0.02, 0.03, 0.05, 0.08]",0.0036026707723030072,0.02011653749428297,False,0.0,0.00621043570274439,True,success,0.0,-0.0,0.011147875090617087,0.0,0.0
0.48332313387686415,-1.1602831433008348e-19,3.974962505202143e-05,0.016238870545830335,-1.9076675162419473e-21,1.3354645551280183e-06,arith,0.007949925010404285,2.1686436029268787e-08,True,0.03359837220199664,0.45,1.9,4.801272945467739e-17,-0.08599622698913106,8.867116356613723e-10,True,False,34,0.9,326,0.00026709291102560367,0.05341858220512073,0.00026709291102560367,0.00026709291102560367,0.0,3.289550344918357,0.9999034037945653,-1.8064417504650354e-05,-1.8064417504650354e-05,0.49995868520770326,0.48333113642840314,0.0,0.31067390732925737,0.48333113642840314,True,0.016238870545830335,0.016239359943664277,success,0.9999173704154066,0.9999173704154066,0.5,3.4183090604451616e-15,0.005,"[0.005, 0.0075, 0.01, 0.015, 0.02, 0.03, 0.05, 0.08]",0.03359690948984448,8.22423390603695e-05,False,-2.4006364727338695e-19,1.9211913350573307e-05,True,success,-1.2954140165236975e-17,2.3495076346079747e-17,8.223875862295893e-05,-1.1747538173039875e-19,0.0
0.4833131101537287,-1.3671641164276441e-19,8.942883640310521e-05,0.01623825744580909,-2.928219368437718e-22,3.0043168040835574e-06,arith,0.011923844853747362,4.8784869713479196e-08,True,0.03359780048309499,0.45,1.9,3.771645027362039e-17,-0.08597138455864169,8.867116356613723e-10,True,False,34,0.9,326,0.00040057557387780765,0.05341007651704102,0.00040057557387780765,0.00040057557387780765,0.0,3.289150741407019,0.999781938892296,-1.8064417504650354e-05,-1.8064417504650354e-05,0.4999586852077033,0.48333113642840314,0.0,0.31067390732925737,0.48333113642840314,True,0.01623825744580909,0.016239359943664277,success,0.9999173704154066,0.9999173704154066,0.5,3.4183090604451616e-15,0.0075,"[0.005, 0.0075, 0.01, 0.015, 0.02, 0.03, 0.05, 0.08]",0.033594497311151855,0.00018503292073881534,False,-2.8287337705215294e-19,4.322212905941377e-05,True,success,-1.3257481634453962e-18,2.404378982338369e-18,0.00018501472920414485,-1.8032842367537768e-20,0.0
0.4832990383009566,-8.470329472543003e-21,0.00015896501293732998,0.016237396560298743,1.8396496823179335e-21,5.339808812912352e-06,arith,0.015896501293732997,8.670459325143593e-08,True,0.0335969974560295,0.45,1.9,1.7526063164372405e-18,-0.08593660881732282,8.867116356613723e-10,True,False,34,0.9,326,0.0005339808812912352,0.053398088129123514,0.0005339808812912352,0.0005339808812912352,0.0,3.288586808287022,0.9996105237786564,-1.8064417504650354e-05,-1.8064417504650354e-05,0.4999586852077033,0.48333113642840314,0.0,0.31067390732925737,0.48333113642840314,True,0.016237396560298743,0.016239359943664277,success,0.9999173704154066,0.9999173704154066,0.5,3.4183090604451616e-15,0.01,"[0.005, 0.0075, 0.01, 0.015, 0.02, 0.03, 0.05, 0.08]",0.03359109475880398,0.0003289164685619349,False,-1.7526063164372405e-20,7.68276378761107e-05,True,success,6.2476123853079365e-18,-1.1329708401751855e-17,0.00032885868082870224,1.1329708401751855e-19,0.0
0.4832585804749683,-9.215718466126788e-19,0.0003575435543853709,0.01623492025296551,3.3457801416544863e-20,1.2006743115294346e-05,arith,0.023836236959024724,1.9492851697464638e-07,True,0.03359468596917431,0.45,1.9,1.271330206845531e-16,-0.08583727336032672,8.867116356613723e-10,True,False,34,0.9,326,0.0008004495410196232,0.05336330273464154,0.0008004495410196232,0.0008004495410196232,0.0,3.286945787423506,0.9991117132498368,-1.8064417504650354e-05,-1.8064417504650354e-05,0.4999586852077033,0.48333113642840314,0.0,0.31067390732925737,0.48333113642840314,True,0.01623492025296551,0.016239359943664277,success,0.9999173704154066,0.9999173704154066,0.5,3.4183090604451616e-15,0.015,"[0.005, 0.0075, 0.01, 0.015, 0.02, 0.03, 0.05, 0.08]",0.03358120421422317,0.0007398597124420657,False,-1.9069953102682967e-18,0.00017278599055024896,True,success,7.578089145210699e-17,-1.3739027107502375e-16,0.0007395628021702888,2.060854066125356e-18,0.0
0.4832012923151669,1.0842021724855044e-19,0.0006353065841353911,0.016231410800159916,-1.0164395367051604e-20,2.132528120048174e-05,arith,0.031765329206769555,3.4613939959394654e-07,True,0.03359140602126746,0.45,1.9,-1.1218949428826611e-17,-0.08569826415755541,8.867116356613723e-10,True,False,34,0.9,326,0.001066264060024087,0.053313203001204346,0.001066264060024087,0.001066264060024087,0.0,3.2845698785886865,0.9983895235637262,-1.8064417504650354e-05,-1.8064417504650354e-05,0.4999586852077033,0.48333113642840314,0.0,0.31067390732925737,0.48333113642840314,True,0.016231410800159916,0.016239359943664277,success,0.9999173704154066,0.9999173704154066,0.5,3.4183090604451616e-15,0.02,"[0.005, 0.0075, 0.01, 0.015, 0.02, 0.03, 0.05, 0.08]",0.03356691357056214,0.0013147865997862726,False,2.2437898857653223e-19,0.0003069809624705553,True,success,-1.727651062390568e-17,3.1310880773689316e-17,0.0013138279514354747,-6.262176154737863e-19,0.0
0.4830331298865508,-4.336808689942018e-19,0.0014271991662639808,0.016221088963451553,1.3552527156068805e-20,4.7843722946486464e-05,arith,0.047573305542132696,7.760772862576854e-07,True,0.03358173168631595,0.45,1.9,2.9927613805431227e-17,-0.08530150345252148,8.867116356613723e-10,True,False,34,0.9,326,0.0015947907648828823,0.05315969216276274,0.0015947907648828823,0.0015947907648828823,0.0,3.2771962648462862,0.9961482137474219,-1.8064417504650354e-05,-1.8064417504650354e-05,0.4999586852077033,0.48333113642840314,0.0,0.31067390732925737,0.48333113642840314,True,0.016221088963451553,0.016239359943664277,success,0.9999173704154066,0.9999173704154066,0.5,3.4183090604451616e-15,0.03,"[0.005, 0.0075, 0.01, 0.015, 0.02, 0.03, 0.05, 0.08]",0.033522807522182285,0.002954661032462069,False,-8.978284141629368e-19,0.0006893844802519664,True,success,1.5383947873939033e-17,-2.784960406913206e-17,0.0029494766383616573,8.354881220739618e-19,0.0
0.48243747898718253,-5.204170427930421e-18,0.003938468208915615,0.016184337939644425,5.421010862427522e-20,0.0001312922653322884,arith,0.0787693641783123,2.1248783909992176e-06,True,0.033547016234355236,0.45,1.9,2.1574486455139967e-16,-0.0840367432121497,8.867116356613723e-10,True,False,34,0.9,326,0.0026258453066457677,0.052516906132915354,0.0026258453066457677,0.0026258453066457677,0.0,3.2449214993387097,0.9863378614184023,-1.8064417504650354e-05,-1.8064417504650354e-05,0.49995868520770326,0.48333113642840314,0.0,0.31067390732925737,0.48333113642840314,True,0.016184337939644425,0.016239359943664277,success,0.9999173704154066,0.9999173704154066,0.5,3.4183090604451616e-15,0.05,"[0.005, 0.0075, 0.01, 0.015, 0.02, 0.03, 0.05, 0.08]",0.03333587028456358,0.008163686240098798,False,-1.0787243227569983e-17,0.0019000646737804135,True,success,3.7188891851747514e-17,-6.699082634883022e-17,0.008112303748346775,3.3495413174415115e-18,0.0
0.48043455629230225,3.469446951953614e-18,0.00979955484183765,0.016061589299832753,0.0,0.00031931066008436277,arith,0.12249443552297062,5.128636681333534e-06,True,0.03343137809192203,0.45,1.9,-9.026845869312218e-17,-0.08100411205341693,8.867116356613723e-10,True,False,34,0.9,326,0.003991383251054534,0.04989229063818167,0.003991383251054534,0.003991383251054534,0.0,3.106310945125536,0.9442053051638047,-1.8064417504650354e-05,-1.8064417504650354e-05,0.49995868520770337,0.48333113642840314,0.0,0.31067390732925737,0.48333113642840314,True,0.016061589299832753,0.016239359943664277,success,0.9999173704154066,0.9999173704154066,0.5,3.4183090604451616e-15,0.08,"[0.005, 0.0075, 0.01, 0.015, 0.02, 0.03, 0.05, 0.08]",0.03258420053134622,0.020397273080155962,False,7.221476695449775e-18,0.004708044782300354,True,success,0.0,-0.0,0.01988039004880343,0.0,0.0
0.5153974140718545,-1.2845153315486427e-19,4.2399139176081276e-05,0.0008959116291935219,-7.64209519425609e-22,7.332057420781705e-08,typ,0.008479827835216254,6.56887550919299e-11,True,0.0017382928294409677,0.45,1.9,4.9845625782265225e-17,-0.06759425413604694,8.793465803400028e-10,True,False,35,0.9,390,1.4664114841563409e-05,0.0029328229683126816,1.4664114841563409e-05,1.4664114841563409e-05,0.0,3.2735627853750913,0.9950437684251371,-0.14947690377388562,-0.14947690377388562,0.49992407851580123,0.515125207233052,0.0,0.1194598547191375,0.1194598547191375,True,0.0008959116291935219,0.0008971968153393113,success,0.9998481570316039,0.05916120613260585,0.5,7.129754261605654e-15,0.005,"[0.005, 0.0075, 0.01, 0.015, 0.02, 0.03, 0.05, 0.08]",0.0017292939345612836,8.226494355319014e-05,False,-2.4922812891132614e-19,2.1852406690224947e-05,True,success,-9.429028046073737e-17,1.705993079057433e-16,8.183906963437728e-05,-8.529965395287167e-19,0.0
0.51543504695771,-1.6953893834886855e-19,9.539569851694247e-05,0.000894175645213131,-2.304990475667296e-22,1.636168196008731e-07,typ,0.012719426468925663,1.4630217523433117e-10,True,0.001734797915840006,0.45,1.9,4.385652840891092e-17,-0.06756775529216034,8.793465803400028e-10,True,False,35,0.9,390,2.181557594678308e-05,0.0029087434595710775,2.181557594678308e-05,2.181557594678308e-05,0.0,3.252988912349279,0.9887900609238898,-0.14947690377388562,-0.14947690377388562,0.4999240785158012,0.515125207233052,0.0,0.1194598547191375,0.1194598547191375,True,0.000894175645213131,0.0008971968153393113,success,0.9998481570316039,0.05916120613260585,0.5,7.129754261605654e-15,0.0075,"[0.005, 0.0075, 0.01, 0.015, 0.02, 0.03, 0.05, 0.08]",0.0017151383358424113,0.00018507802113962462,False,-3.2892396306683186e-19,4.917028634464379e-05,True,success,-1.9056526518244883e-17,3.437043550308867e-17,0.00018298062631964693,-2.57778266273165e-19,0.0
0.5154512174813258,-2.4606307117737425e-19,0.00016960348035587164,0.0008917407876000847,1.6626330312315856e-22,2.875492669190904e-07,typ,0.016960348035587162,2.5641940975625664e-10,True,0.001730019752319998,0.45,1.9,4.773741196688294e-17,-0.06753065587166619,8.793465803400028e-10,True,False,35,0.9,390,2.875492669190904e-05,0.002875492669190904,2.875492669190904e-05,2.875492669190904e-05,0.0,3.2245835439798953,0.980155864288942,-0.14947690377388562,-0.14947690377388562,0.49992407851580123,0.515125207233052,0.0,0.1194598547191375,0.1194598547191375,True,0.0008917407876000847,0.0008971968153393113,success,0.9998481570316039,0.05916120613260585,0.5,7.129754261605654e-15,0.01,"[0.005, 0.0075, 0.01, 0.015, 0.02, 0.03, 0.05, 0.08]",0.001695420791576554,0.0003290388587781659,False,-4.773741196688294e-19,8.742232043850416e-05,True,success,1.0382954628152604e-17,-1.8644801879099646e-17,0.0003224583543979895,1.8644801879099645e-19,0.0
0.5154827978862944,-6.369687763352339e-19,0.00038170214501973725,0.0008848564206973382,2.6469779601696886e-22,6.261842101473154e-07,typ,0.025446809667982486,5.540831188881434e-10,True,0.0017165585822177536,0.45,1.9,8.237827772941993e-17,-0.06742464076520883,8.793465803400028e-10,True,False,35,0.9,390,4.174561400982103e-05,0.002783040933988069,4.174561400982103e-05,4.174561400982103e-05,0.0,3.145189285957611,0.956022903697273,-0.14947690377388562,-0.14947690377388562,0.4999240785158012,0.515125207233052,0.0,0.1194598547191375,0.1194598547191375,True,0.0008848564206973382,0.0008971968153393113,success,0.9998481570316039,0.05916120613260585,0.5,7.129754261605654e-15,0.015,"[0.005, 0.0075, 0.01, 0.015, 0.02, 0.03, 0.05, 0.08]",0.0016405048237675907,0.0007404750392930346,False,-1.2356741659412988e-18,0.00019676088967397423,True,success,1.1245088190947962e-17,-1.9942805772441262e-17,0.0007076675893404624,2.991420865866189e-19,0.0
0.5155259396554721,2.168404344971009e-19,0.0006788243192667033,0.0008754175945859101,-1.6940658945086007e-21,1.0639942995148314e-06,typ,0.033941215963335165,9.314393303343941e-10,True,0.0016981058124271205,0.45,1.9,-2.1030991635650397e-17,-0.06727617456698441,8.793465803400028e-10,True,False,35,0.9,390,5.3199714975741565e-05,0.002659985748787078,5.3199714975741565e-05,5.3199714975741565e-05,0.0,3.038533569850517,0.9236034535026972,-0.14947690377388562,-0.14947690377388562,0.49992407851580123,0.515125207233052,0.0,0.1194598547191375,0.1194598547191375,True,0.0008754175945859101,0.0008971968153393113,success,0.9998481570316039,0.05916120613260585,0.5,7.129754261605654e-15,0.02,"[0.005, 0.0075, 0.01, 0.015, 0.02, 0.03, 0.05, 0.08]",0.0015674074562682227,0.0013167607428645862,False,4.206198327130079e-19,0.0003499515450509534,True,success,-5.5507671966813476e-17,9.675758774930308e-17,0.001215413427940207,-1.935151754986062e-18,0.0
0.5156508261803038,-8.673617379884035e-19,0.0015289273600754866,0.0008497594337263972,-3.3881317890172014e-21,2.1143006133182818e-06,typ,0.050964245335849555,1.7966468919007173e-09,True,0.0016479357553269354,0.45,1.9,5.606906159176272e-17,-0.06685169029500364,8.793465803400028e-10,True,False,35,0.9,390,7.04766871106094e-05,0.00234922290368698,7.04766871106094e-05,7.04766871106094e-05,0.0,2.7645740787896624,0.8403297537896824,-0.14947690377388562,-0.14947690377388562,0.49992407851580123,0.515125207233052,0.0,0.1194598547191375,0.1194598547191375,True,0.0008497594337263972,0.0008971968153393113,success,0.9998481570316039,0.05916120613260585,0.5,7.129754261605654e-15,0.03,"[0.005, 0.0075, 0.01, 0.015, 0.02, 0.03, 0.05, 0.08]",0.0013828653136365445,0.0029650439453400156,False,-1.6820718477528816e-18,0.0007883926563925955,True,success,-7.993351841518015e-17,1.3290552810377707e-16,0.002488116670910696,-3.9871658431133125e-18,0.0
0.5160291087684525,0.0,0.004253226822298301,0.0007798910698733582,-1.5246593050577406e-20,4.178893418009387e-06,typ,0.08506453644596602,3.2590816586580755e-09,True,0.0015113315443282544,0.45,1.9,-0.0,-0.06549111117459665,8.793465803400028e-10,True,False,35,0.9,390,8.357786836018774e-05,0.0016715573672037548,8.357786836018774e-05,8.357786836018774e-05,0.0,2.143321589097294,0.6514916410005424,-0.14947690377388562,-0.14947690377388562,0.49992407851580123,0.515125207233052,0.0,0.1194598547191375,0.1194598547191375,True,0.0007798910698733582,0.0008971968153393113,success,0.9998481570316039,0.05916120613260585,0.5,7.129754261605654e-15,0.05,"[0.005, 0.0075, 0.01, 0.015, 0.02, 0.03, 0.05, 0.08]",0.00098252305663568,0.008242222677028802,False,0.0,0.00219478884650067,True,success,-2.6707004988719995e-16,3.9099288707211913e-16,0.005358303972743235,-1.9549644353605957e-17,0.0
0.5159769376059239,-3.469446951953614e-18,0.010632153478443934,0.0006631237809301244,-1.5246593050577406e-20,5.958836261958166e-06,typ,0.13290191848054916,3.951446031973228e-09,True,0.001285181047057928,0.45,1.9,8.405043663510101e-17,-0.062202735453924095,8.793465803400028e-10,True,False,35,0.9,390,7.448545327447708e-05,0.0009310681659309635,7.448545327447708e-05,7.448545327447708e-05,0.0,1.4040639058744195,0.42678425055804037,-0.14947690377388562,-0.14947690377388562,0.4999240785158011,0.515125207233052,0.0,0.1194598547191375,0.1194598547191375,True,0.0006631237809301244,0.0008971968153393113,success,0.9998481570316039,0.05916120613260585,0.5,7.129754261605654e-15,0.08,"[0.005, 0.0075, 0.01, 0.015, 0.02, 0.03, 0.05, 0.08]",0.0005604543119170878,0.02060586957195404,False,-6.724034930808081e-18,0.0054859459919636725,True,success,-2.4254637108926257e-16,2.874009628562844e-16,0.008986008997596285,-2.2992077028502752e-17,0.0
0.44525569580795205,1.3059287111621678e-19,3.661969165370799e-05,0.013541797517841679,-2.402454000693637e-21,1.1137085924024311e-06,arith,0.007323938330741598,1.5081616252194192e-08,True,0.03041353012513182,0.45,2.1,-5.86597195030804e-17,-0.10446043072906133,8.743087985008929e-10,True,False,36,0.9,309,0.00022274171848048622,0.044548343696097246,0.00022274171848048622,0.00022274171848048622,0.0,3.2896920543527264,0.999946478297436,-2.0840100491094447e-05,-2.0840100491094447e-05,0.49995848283090066,0.4452599520124542,0.0,0.2527690023813727,0.4452599520124542,True,0.013541797517841679,0.01354202372683506,success,0.9999169656618012,0.9999169656618012,0.5,3.4586805337344e-15,0.005,"[0.005, 0.0075, 0.01, 0.015, 0.02, 0.03, 0.05, 0.08]",0.03041283369980699,8.224418463026875e-05,False,2.93298597515402e-19,1.6305126287544404e-05,True,success,-1.9562805544265686e-17,3.548205469072093e-17,8.224230135881817e-05,-1.7741027345360465e-19,0.0
0.4452503672618569,1.0839374746894875e-19,8.239015297920542e-05,0.013541514272311789,7.331301769057484e-21,2.505623500845836e-06,arith,0.010985353730560723,3.3929936397743716e-08,True,0.03041325795099876,0.45,2.1,-3.2459265000508844e-17,-0.10443754399824091,8.743087985008929e-10,True,False,36,0.9,309,0.00033408313344611147,0.044544417792814865,0.00033408313344611147,0.00033408313344611147,0.0,3.2894709481563984,0.9998792700728681,-2.0840100491094447e-05,-2.0840100491094447e-05,0.49995848283090066,0.4452599520124542,0.0,0.2527690023813727,0.4452599520124542,True,0.013541514272311789,0.01354202372683506,success,0.9999169656618012,0.9999169656618012,0.5,3.4586805337344e-15,0.0075,"[0.005, 0.0075, 0.01, 0.015, 0.02, 0.03, 0.05, 0.08]",0.030411686472754024,0.0001850423021229106,False,2.434444875038163e-19,3.668424587275179e-05,True,success,3.980059580561045e-17,-7.21859374722735e-17,0.00018503274083379742,5.413945310420512e-19,0.0
0.44524289179096577,8.512681119905718e-20,0.000146460997273399,0.013541116823244614,1.4293680984916318e-20,4.4538893009550275e-06,arith,0.014646099727339901,6.031063534203131e-08,True,0.030412875922120157,0.45,2.1,-1.9119184779489488e-17,-0.10440550451809519,8.743087985008929e-10,True,False,36,0.9,309,0.00044538893009550274,0.04453889300955027,0.00044538893009550274,0.00044538893009550274,0.0,3.2891594977672027,0.9997846005066306,-2.0840100491094447e-05,-2.0840100491094447e-05,0.4999584828309007,0.4452599520124542,0.0,0.2527690023813727,0.4452599520124542,True,0.013541116823244614,0.01354202372683506,success,0.9999169656618012,0.9999169656618012,0.5,3.4586805337344e-15,0.01,"[0.005, 0.0075, 0.01, 0.015, 0.02, 0.03, 0.05, 0.08]",0.03041007083026305,0.00032894628970777604,False,1.9119184779489489e-19,6.521071796059693e-05,True,success,5.820323625353048e-17,-1.0555762254690733e-16,0.00032891594977672026,1.0555762254690733e-18,0.0
0.4452214323705562,-4.607859233063394e-19,0.00032946975466080725,0.013539975360985551,1.1858461261560205e-20,1.0017657034183051e-05,arith,0.021964650310720483,1.3563882941764212e-07,True,0.030411777997507265,0.45,2.1,6.899726590023769e-17,-0.10431397574317905,8.743087985008929e-10,True,False,36,0.9,309,0.0006678438022788701,0.044522920151924675,0.0006678438022788701,0.0006678438022788701,0.0,3.2882571027576764,0.9995103053151962,-2.0840100491094447e-05,-2.0840100491094447e-05,0.4999584828309007,0.4452599520124542,0.0,0.2527690023813727,0.4452599520124542,True,0.013539975360985551,0.01354202372683506,success,0.9999169656618012,0.9999169656618012,0.5,3.4586805337344e-15,0.015,"[0.005, 0.0075, 0.01, 0.015, 0.02, 0.03, 0.05, 0.08]",0.03040539197443583,0.0007400132399434687,False,-1.0349589885035653e-18,0.00014668699609286033,True,success,3.2198550603022175e-17,-5.83874093583631e-17,0.0007398578481204772,8.758111403754465e-19,0.0
0.44519113223708917,1.6263032587282567e-19,0.0005855526970330889,0.013538362306657727,2.202285662861181e-20,1.7800028211206218e-05,arith,0.029277634851654445,2.409832309920384e-07,True,0.030410224567204075,0.45,2.1,-1.8265225214123978e-17,-0.10418586728063667,8.743087985008929e-10,True,False,36,0.9,309,0.0008900014105603109,0.044500070528015544,0.0008900014105603109,0.0008900014105603109,0.0,3.2869611198196296,0.9991163737394068,-2.0840100491094447e-05,-2.0840100491094447e-05,0.4999584828309007,0.4452599520124542,0.0,0.2527690023813727,0.4452599520124542,True,0.013538362306657727,0.01354202372683506,success,0.9999169656618012,0.9999169656618012,0.5,3.4586805337344e-15,0.02,"[0.005, 0.0075, 0.01, 0.015, 0.02, 0.03, 0.05, 0.08]",0.030398678550020167,0.0013152838289717985,False,3.6530450428247954e-19,0.0002606828681766421,True,success,4.4862166208794154e-17,-8.133500984008119e-17,0.0013147844479278518,1.6267001968016238e-18,0.0
0.4451028126726642,0.0,0.0013163383996968566,0.013533651448577887,0.0,3.998815759055111e-05,arith,0.04387794665656189,5.411857869013228e-07,True,0.030405674966001064,0.45,2.1,-0.0,-0.1038200553204211,8.743087985008929e-10,True,False,36,0.9,309,0.0013329385863517036,0.04443128621172346,0.0013329385863517036,0.0013329385863517036,0.0,3.2830227954771423,0.9979192666875619,-2.0840100491094447e-05,-2.0840100491094447e-05,0.49995848283090066,0.4452599520124542,0.0,0.2527690023813727,0.4452599520124542,True,0.013533651448577887,0.01354202372683506,success,0.9999169656618012,0.9999169656618012,0.5,3.4586805337344e-15,0.03,"[0.005, 0.0075, 0.01, 0.015, 0.02, 0.03, 0.05, 0.08]",0.030378326424086766,0.0029573805471881237,False,0.0,0.0005859059241341046,True,success,0.0,-0.0,0.002954720515929428,0.0,0.0
0.44479881392401066,-1.734723475976807e-18,0.0036439810784147115,0.013517332802312534,5.421010862427522e-20,0.00011039936581029128,arith,0.07287962156829422,1.4923049688219511e-06,True,0.030389768091022454,0.45,2.1,7.800036428483673e-17,-0.1026518660048365,8.743087985008929e-10,True,False,36,0.9,309,0.002207987316205825,0.044159746324116504,0.002207987316205825,0.002207987316205825,0.0,3.266897913215667,0.9930178902170839,-2.0840100491094447e-05,-2.0840100491094447e-05,0.4999584828309006,0.4452599520124542,0.0,0.2527690023813727,0.4452599520124542,True,0.013517332802312534,0.01354202372683506,success,0.9999169656618012,0.9999169656618012,0.5,3.4586805337344e-15,0.05,"[0.005, 0.0075, 0.01, 0.015, 0.02, 0.03, 0.05, 0.08]",0.03029636088514481,0.00819242534904162,False,-3.9000182142418365e-18,0.001620838461640401,True,success,4.43763404757488e-17,-8.020829170530002e-17,0.008167244783039169,4.010414585265001e-18,0.0
0.44382647988509266,0.0,0.009185856640235152,0.013464757347233406,3.2526065174565133e-19,0.0002750002759588433,arith,0.1148232080029394,3.7028119862080495e-06,True,0.030337886443187103,0.45,2.1,-0.0,-0.09982877300911891,8.743087985008929e-10,True,False,36,0.9,309,0.0034375034494855414,0.042968793118569264,0.0034375034494855414,0.0034375034494855414,0.0,3.191204416869646,0.9700098262856665,-2.0840100491094447e-05,-2.0840100491094447e-05,0.49995848283090066,0.4452599520124542,0.0,0.2527690023813727,0.4452599520124542,True,0.013464757347233406,0.01354202372683506,success,0.9999169656618012,0.9999169656618012,0.5,3.4586805337344e-15,0.08,"[0.005, 0.0075, 0.01, 0.015, 0.02, 0.03, 0.05, 0.08]",0.029937357693381496,0.020696954905920405,False,0.0,0.004076926417364671,True,success,1.690307418182778e-16,-3.01955545278061e-16,0.020423708267965735,2.4156443622244883e-17,0.0
0.44962120045235854,-1.4623433692677227e-18,4.222407022455063e-05,2.9420563050929113e-05,-1.4412880171169056e-22,2.5183142983266793e-09,typ,0.008444814044910126,7.409022459597637e-14,True,6.543410991592353e-05,0.45,2.1,6.504779435651506e-16,-0.086239452976061,8.739453535855368e-10,True,False,37,0.9,333,5.036628596653358e-07,0.00010073257193306716,5.036628596653358e-07,5.036628596653358e-07,0.0,3.4238832125235614,1.0407356992380514,-2.3384363557713326,-2.3384363557713326,0.49994569234547237,0.28269645673933813,0.0,0.02034753745482894,0.02034753745482894,True,2.9420563050929113e-05,2.5880799368474086e-05,success,0.9998913846909439,0.014606841269767891,0.5,1.2117997403378397e-14,0.005,"[0.005, 0.0075, 0.01, 0.015, 0.02, 0.03, 0.05, 0.08]",5.964167558774185e-05,9.391031869064336e-05,False,-3.252389717825753e-18,1.8984837142347142e-05,True,success,-5.295053107316841e-16,9.797827557697874e-16,8.559708031308904e-05,-4.8989137788489376e-18,0.0
0.46983680337889466,-1.9467199408067975e-18,8.956499654557485e-05,2.9788017510061137e-05,-1.920399958444155e-22,5.497872941142593e-09,typ,0.01194199953940998,1.6377073543884687e-13,True,6.340077511135057e-05,0.45,2.1,5.524528025636984e-16,-0.08621400149859677,8.739453535855368e-10,True,False,37,0.9,333,7.33049725485679e-07,9.773996339809055e-05,7.33049725485679e-07,7.33049725485679e-07,0.0,3.2811838976889987,0.9973603087860861,-2.3384363557713326,-2.3384363557713326,0.49994569234547237,0.28269645673933813,0.0,0.02034753745482894,0.02034753745482894,True,2.9788017510061137e-05,2.5880799368474086e-05,success,0.9998913846909439,0.014606841269767891,0.5,1.2117997403378397e-14,0.0075,"[0.005, 0.0075, 0.01, 0.015, 0.02, 0.03, 0.05, 0.08]",6.138416963311128e-05,0.00019063001429742437,False,-4.1433960192277376e-18,4.208093167161463e-05,True,success,-4.745407783358599e-16,8.595849915358415e-16,0.00018456659424500617,-6.446887436518811e-18,0.0
0.47371769859105806,-1.8884599559034626e-18,0.0001566924186571199,2.9778569186221865e-05,-2.157648929056288e-22,9.593552978089453e-09,typ,0.01566924186571199,2.8568228109972157e-13,True,6.286142416631247e-05,0.45,2.1,3.9864669644392916e-16,-0.08617953050467983,8.739453535855368e-10,True,False,37,0.9,333,9.593552978089453e-07,9.593552978089452e-05,9.593552978089453e-07,9.593552978089453e-07,0.0,3.2216299306040055,0.979258073479141,-2.3384363557713326,-2.3384363557713326,0.4999456923454724,0.28269645673933813,0.0,0.02034753745482894,0.02034753745482894,True,2.9778569186221865e-05,2.5880799368474086e-05,success,0.9998913846909439,0.014606841269767891,0.5,1.2117997403378397e-14,0.01,"[0.005, 0.0075, 0.01, 0.015, 0.02, 0.03, 0.05, 0.08]",6.122538065534886e-05,0.0003307717214770697,False,-3.9864669644392916e-18,7.422797195291741e-05,True,success,-4.036817627452489e-16,7.245643387240387e-16,0.00032216299306040054,-7.245643387240388e-18,0.0
0.4744847972800338,-7.453889935837843e-19,0.0003512938677403974,2.9534773589186963e-05,-1.9935052762527967e-22,2.080348407046467e-08,typ,0.023419591182693163,6.144261918874317e-13,True,6.224598503154145e-05,0.45,2.1,1.047295927227031e-16,-0.08608187103819584,8.739453535855368e-10,True,False,37,0.9,333,1.386898938030978e-06,9.24599292020652e-05,1.386898938030978e-06,1.386898938030978e-06,0.0,3.130544709369836,0.9515714861958303,-2.3384363557713326,-2.3384363557713326,0.4999456923454724,0.28269645673933813,0.0,0.02034753745482894,0.02034753745482894,True,2.9534773589186963e-05,2.5880799368474086e-05,success,0.9998913846909439,0.014606841269767891,0.5,1.2117997403378397e-14,0.015,"[0.005, 0.0075, 0.01, 0.015, 0.02, 0.03, 0.05, 0.08]",5.92196049543291e-05,0.0007403690692603352,False,-1.5709438908405465e-18,0.00016668359962052146,True,success,-2.5432117953016583e-16,4.499792468320897e-16,0.000704372559608213,-6.749688702481346e-18,0.0
0.47451026907324967,-5.963111948670274e-19,0.0006244982888864016,2.918856692052491e-05,-1.9190590211230242e-22,3.530588070501355e-08,typ,0.03122491444432008,1.0305280616463572e-12,True,6.151303527641697e-05,0.45,2.1,6.283438249204418e-17,-0.08594526300816308,8.739453535855368e-10,True,False,37,0.9,333,1.7652940352506774e-06,8.826470176253387e-05,1.7652940352506774e-06,1.7652940352506774e-06,0.0,3.0239477670439383,0.9191699010884884,-2.3384363557713326,-2.3384363557713326,0.4999456923454724,0.28269645673933813,0.0,0.02034753745482894,0.02034753745482894,True,2.918856692052491e-05,2.5880799368474086e-05,success,0.9998913846909439,0.014606841269767891,0.5,1.2117997403378397e-14,0.02,"[0.005, 0.0075, 0.01, 0.015, 0.02, 0.03, 0.05, 0.08]",5.6534791741336234e-05,0.0013160901451218085,False,-1.2566876498408835e-18,0.0002963308510952704,True,success,-1.8904205105947092e-16,3.2873471081130297e-16,0.0012095791068175753,-6.574694216226059e-18,0.0
0.4745297841525347,1.734723475976807e-18,0.0014053194157158143,2.8296431147411472e-05,-2.9116757561866574e-22,7.070000419662081e-08,typ,0.04684398052386048,2.0005578008713827e-12,True,5.963046386634344e-05,0.45,2.1,-1.2185560906184628e-16,-0.08555492337796029,8.739453535855368e-10,True,False,37,0.9,333,2.356666806554027e-06,7.855556021846757e-05,2.356666806554027e-06,2.356666806554027e-06,0.0,2.776164944944082,0.8438529546242997,-2.3384363557713326,-2.3384363557713326,0.49994569234547237,0.28269645673933813,0.0,0.02034753745482894,0.02034753745482894,True,2.8296431147411472e-05,2.5880799368474086e-05,success,0.9998913846909439,0.014606841269767891,0.5,1.2117997403378397e-14,0.03,"[0.005, 0.0075, 0.01, 0.015, 0.02, 0.03, 0.05, 0.08]",5.030885036239894e-05,0.00296149886192198,False,3.6556682718553885e-18,0.0006668659190049916,True,success,-2.0585786225918243e-16,3.4299681834058364e-16,0.0024985484504496734,-1.0289904550217509e-17,0.0
0.4745778849329225,0.0,0.003903695014152694,2.6075651806772558e-05,-1.0587911840678754e-22,1.4759396960063266e-07,typ,0.07807390028305387,3.8486089600854714e-12,True,5.494493661553177e-05,0.45,2.1,-0.0,-0.08430562663859537,8.739453535855368e-10,True,False,37,0.9,333,2.9518793920126532e-06,5.903758784025306e-05,2.9518793920126532e-06,2.9518793920126532e-06,0.0,2.2640886708312076,0.6882004319994757,-2.3384363557713326,-2.3384363557713326,0.49994569234547237,0.28269645673933813,0.0,0.02034753745482894,0.02034753745482894,True,2.6075651806772558e-05,2.5880799368474086e-05,success,0.9998913846909439,0.014606841269767891,0.5,1.2117997403378397e-14,0.05,"[0.005, 0.0075, 0.01, 0.015, 0.02, 0.03, 0.05, 0.08]",3.7808786051557945e-05,0.008225615095200754,False,0.0,0.0018526073232397807,True,success,-5.397074626880243e-17,8.120918256723143e-17,0.0056602216770780195,-4.0604591283615715e-18,0.0
0.47440928897461454,1.0408340855860843e-17,0.009879158200742333,2.2594568614012003e-05,-1.0587911840678754e-22,2.3775208366230264e-07,typ,0.12348947750927916,5.371905767432219e-12,True,4.762674159025801e-05,0.45,2.1,-2.74244758106375e-16,-0.08127308854861691,8.739453535855368e-10,True,False,37,0.9,333,2.971901045778783e-06,3.7148763072234785e-05,2.9719010457787834e-06,2.971901045778783e-06,0.0,1.6441457107172657,0.4997603684710381,-2.3384363557713326,-2.3384363557713326,0.49994569234547237,0.28269645673933813,0.0,0.02034753745482894,0.02034753745482894,True,2.2594568614012003e-05,2.5880799368474086e-05,success,0.9998913846909439,0.014606841269767891,0.5,1.2117997403378397e-14,0.08,"[0.005, 0.0075, 0.01, 0.015, 0.02, 0.03, 0.05, 0.08]",2.4066026561295236e-05,0.02082412471748833,False,2.1939580648510003e-17,0.0046867644176819025,True,success,-4.568210667749016e-17,5.857553656784948e-17,0.0105225325485905,-4.686042925427959e-18,1.4250692304466286e-16
0.411739285278361,4.6755298450005913e-20,3.386355888812673e-05,0.011420560163600905,6.875542215205672e-21,9.392734272901906e-07,arith,0.006772711777625345,1.0727028686439242e-08,True,0.027737358498302892,0.45,2.3,-2.2711118477993403e-17,-0.12395589330401471,8.605490779778329e-10,True,False,38,0.9,290,0.00018785468545803812,0.03757093709160762,0.00018785468545803812,0.00018785468545803812,0.0,3.2897630723361555,0.9999680651758588,-2.3982081918516758e-05,-2.3982081918516758e-05,0.4999582600497139,0.4117417159046048,0.0,0.20484888371295598,0.4117417159046048,True,0.011420560163600905,0.011420674096791749,success,0.9999165200994278,0.9999165200994278,0.5,3.3416518279083557e-15,0.005,"[0.005, 0.0075, 0.01, 0.015, 0.02, 0.03, 0.05, 0.08]",0.027736996881905392,8.224514905162106e-05,False,1.1355559238996702e-19,1.3942957533578989e-05,True,success,6.638458305920259e-17,-1.2040639192321037e-16,8.22440768084039e-05,6.02031959616052e-19,0.0
0.41173624490797106,1.095848875510251e-19,7.619063951355141e-05,0.011420417650149579,9.371956340225804e-21,2.1132541909297167e-06,arith,0.010158751935140188,2.4134245461346303e-08,True,0.027737217190345255,0.45,2.3,-3.5487083104385234e-17,-0.12393472890842959,8.605490779778329e-10,True,False,38,0.9,290,0.00028176722545729556,0.03756896339430608,0.00028176722545729556,0.00028176722545729556,0.0,3.289631302915968,0.9999280120749949,-2.3982081918516758e-05,-2.3982081918516758e-05,0.4999582600497139,0.4117417159046048,0.0,0.20484888371295598,0.4117417159046048,True,0.011420417650149579,0.011420674096791749,success,0.9999165200994278,0.9999165200994278,0.5,3.3416518279083557e-15,0.0075,"[0.005, 0.0075, 0.01, 0.015, 0.02, 0.03, 0.05, 0.08]",0.02773640179977554,0.00018504720061888433,False,2.6615312328288924e-19,3.137044781044654e-05,True,success,6.032723130598077e-17,-1.0941755520477023e-16,0.0001850417607890232,8.206316640357767e-19,0.0
0.4117319818524886,-1.0376153603865179e-19,0.00013544411058672543,0.011420217792308613,7.795350092699733e-21,3.756618895126074e-06,arith,0.013544411058672544,4.290140594504151e-08,True,0.027737018972696998,0.45,2.3,2.520123298943206e-17,-0.12390509986180245,8.605490779778329e-10,True,False,38,0.9,290,0.0003756618895126074,0.03756618895126074,0.0003756618895126074,0.0003756618895126074,0.0,3.289445931281726,0.9998716658548097,-2.3982081918516758e-05,-2.3982081918516758e-05,0.49995826004971394,0.4117417159046048,0.0,0.20484888371295598,0.4117417159046048,True,0.011420217792308613,0.011420674096791749,success,0.9999165200994278,0.9999165200994278,0.5,3.3416518279083557e-15,0.01,"[0.005, 0.0075, 0.01, 0.015, 0.02, 0.03, 0.05, 0.08]",0.027735564720037752,0.00032896184060642405,False,-2.520123298943206e-19,5.5766672082120094e-05,True,success,3.763568819880888e-17,-6.825920691240944e-17,0.00032894459312817257,6.8259206912409435e-19,0.0
0.41171975754191015,1.8973538018496328e-19,0.0003047109060538898,0.011419644465780896,1.8634724839594607e-20,8.450592416248631e-06,arith,0.020314060403592654,9.650276091878368e-08,True,0.027736449992003257,0.45,2.3,-3.072241522044673e-17,-0.12382045260711808,8.605490779778329e-10,True,False,38,0.9,290,0.0005633728277499088,0.03755818851666059,0.0005633728277499088,0.0005633728277499088,0.0,3.2889104935976037,0.9997089123150438,-2.3982081918516758e-05,-2.3982081918516758e-05,0.49995826004971394,0.4117417159046048,0.0,0.20484888371295598,0.4117417159046048,True,0.011419644465780896,0.011420674096791749,success,0.9999165200994278,0.9999165200994278,0.5,3.3416518279083557e-15,0.015,"[0.005, 0.0075, 0.01, 0.015, 0.02, 0.03, 0.05, 0.08]",0.027733147217100584,0.0007400929891562768,False,4.60836228306701e-19,0.00012545550036088327,True,success,5.998644363526324e-17,-1.0878753651472419e-16,0.0007400048610594607,1.6318130477208627e-18,0.0
0.41170253128608747,1.6263032587282567e-19,0.000541611401014016,0.011418835946903879,8.470329472543003e-21,1.5018719601937233e-05,arith,0.027080570050700803,1.7149629526707079e-07,True,0.027735646684593877,0.45,2.3,-1.9750950445312624e-17,-0.1237019644859099,8.605490779778329e-10,True,False,38,0.9,290,0.0007509359800968616,0.03754679900484308,0.0007509359800968616,0.0007509359800968616,0.0,3.2881459353152,0.9994765144646337,-2.3982081918516758e-05,-2.3982081918516758e-05,0.499958260049714,0.4117417159046048,0.0,0.20484888371295598,0.4117417159046048,True,0.011418835946903879,0.011420674096791749,success,0.9999165200994278,0.9999165200994278,0.5,3.3416518279083557e-15,0.02,"[0.005, 0.0075, 0.01, 0.015, 0.02, 0.03, 0.05, 0.08]",0.027729696187744343,0.0013155406145357322,False,3.9501900890625246e-19,0.0002229827847708746,True,success,2.0453749472032228e-17,-3.708928612307309e-17,0.00131525837412608,7.417857224614618e-19,0.0
0.41165255982985677,0.0,0.0012179801557106545,0.011416486490963091,3.3881317890172014e-20,3.376164217514892e-05,arith,0.04059933852368848,3.8543933180531737e-07,True,0.027733306202885572,0.45,2.3,-0.0,-0.12336354619675019,8.605490779778329e-10,True,False,38,0.9,290,0.001125388072504964,0.03751293575016547,0.001125388072504964,0.001125388072504964,0.0,3.2858564480288615,0.998780593779276,-2.3982081918516758e-05,-2.3982081918516758e-05,0.49995826004971394,0.4117417159046048,0.0,0.20484888371295598,0.4117417159046048,True,0.011416486490963091,0.011420674096791749,success,0.9999165200994278,0.9999165200994278,0.5,3.3416518279083557e-15,0.03,"[0.005, 0.0075, 0.01, 0.015, 0.02, 0.03, 0.05, 0.08]",0.02771936966037844,0.0029587576382716215,False,0.0,0.0005013846489202585,True,success,5.457355935962216e-17,-9.89251171014577e-17,0.0029572708032259754,2.967753513043731e-18,0.0
0.4114838920223,0.0,0.0033766655801403,0.011408509698952714,2.710505431213761e-20,9.346585814108335e-05,arith,0.067533311602806,1.066306149123488e-06,True,0.02772528869327998,0.45,2.3,-0.0,-0.12228191191572207,8.605490779778329e-10,True,False,38,0.9,290,0.001869317162821667,0.03738634325643334,0.0018693171628216666,0.001869317162821667,0.0,3.2770575862213938,0.9961060605001619,-2.3982081918516758e-05,-2.3982081918516758e-05,0.49995826004971394,0.4117417159046048,0.0,0.20484888371295598,0.4117417159046048,True,0.011408509698952714,0.011420674096791749,success,0.9999165200994278,0.9999165200994278,0.5,3.3416518279083557e-15,0.05,"[0.005, 0.0075, 0.01, 0.015, 0.02, 0.03, 0.05, 0.08]",0.02767992740850572,0.008206069898739328,False,0.0,0.0013894434949738683,True,success,2.6248792213715663e-17,-4.751725690275886e-17,0.008192643965553484,2.3758628451379428e-18,2.3199961869476237e-16
0.4109774905902251,0.0,0.00857232569854983,0.011384230790257455,0.0,0.00023580786334012022,arith,0.10715407123187287,2.684491138421419e-06,True,0.027700375448562884,0.45,2.3,-0.0,-0.11965768023119677,8.605490779778329e-10,True,False,38,0.9,290,0.002947598291751503,0.03684497864689378,0.002947598291751503,0.002947598291751503,0.0,3.2364925945128817,0.9837757815771178,-2.3982081918516758e-05,-2.3982081918516758e-05,0.4999582600497139,0.4117417159046048,0.0,0.20484888371295598,0.4117417159046048,True,0.011384230790257455,0.011420674096791749,success,0.9999165200994278,0.9999165200994278,0.5,3.3416518279083557e-15,0.08,"[0.005, 0.0075, 0.01, 0.015, 0.02, 0.03, 0.05, 0.08]",0.027508038265509623,0.020858382502259888,False,0.0,0.0035230329041121074,True,success,0.0,-0.0,0.020713552604882442,0.0,0.0
0.52230859184688,-6.436489318658473e-19,2.519268267496916e-05,3.5458287532173914e-06,-4.739141841544025e-24,2.668852460117905e-10,typ,0.005038536534993832,9.463293791181038e-16,True,6.788762062441596e-06,0.45,2.3,2.464630840514832e-16,-0.10685322741376717,6.880230650941985e-10,True,False,39,0.9,176,5.33770492023581e-08,1.0675409840471619e-05,5.33770492023581e-08,5.33770492023581e-08,0.0,3.010695265749942,0.9151416237365004,-8.350289689861754,-8.350289689861754,0.4999668367853752,1.1972440508771072,0.0,0.008359650512252334,0.008359650512252334,True,3.5458287532173914e-06,4.367860320808889e-06,success,0.9999336735707489,0.007495305145673155,0.5,1.7079597420219636e-14,0.005,"[0.005, 0.0075, 0.01, 0.015, 0.02, 0.03, 0.05, 0.08]",1.059376047621007e-05,4.823333000494589e-05,False,-1.2323154202574162e-18,1.3158354612808432e-05,True,success,-1.5405597455988648e-16,2.6730799321562574e-16,7.526738164374854e-05,-1.3365399660781286e-18,0.0
0.453514360904072,5.2553100421209e-19,7.3382990887501e-05,3.449428985554769e-06,1.4243420069180918e-24,6.209054024353744e-10,typ,0.009784398785000132,2.141769092448129e-15,True,7.605997258120779e-06,0.45,2.3,-1.545062441284709e-16,-0.1068346858895439,6.880230650941985e-10,True,False,39,0.9,176,8.278738699138325e-08,1.1038318265517768e-05,8.278738699138325e-08,8.278738699138325e-08,0.0,3.2000421842986526,0.9726961854556544,-8.350289689861754,-8.350289689861754,0.4999668367853751,1.1972440508771072,0.0,0.008359650512252334,0.008359650512252334,True,3.449428985554769e-06,4.367860320808889e-06,success,0.9999336735707489,0.007495305145673155,0.5,1.7079597420219636e-14,0.0075,"[0.005, 0.0075, 0.01, 0.015, 0.02, 0.03, 0.05, 0.08]",8.461162388260335e-06,0.00016180962988958814,False,1.1587968309635316e-18,3.328024021357435e-05,True,success,3.0777118680929514e-17,-5.505614650551662e-17,0.0001800023728667992,4.1292109879137464e-19,0.0
0.43803252370427315,-1.1206245892174393e-18,0.0001400835197005287,3.424292454802001e-06,5.858118947494684e-24,1.111696921003187e-09,typ,0.01400835197005287,3.80677537861783e-15,True,7.817438819026661e-06,0.45,2.3,2.5583136606860756e-16,-0.10680481239272721,6.880230650941985e-10,True,False,39,0.9,176,1.111696921003187e-07,1.1116969210031869e-05,1.111696921003187e-07,1.111696921003187e-07,0.0,3.246501096727929,0.9868180014498644,-8.350289689861754,-8.350289689861754,0.4999668367853751,1.1972440508771072,0.0,0.008359650512252334,0.008359650512252334,True,3.424292454802001e-06,4.367860320808889e-06,success,0.9999336735707489,0.007495305145673155,0.5,1.7079597420219636e-14,0.01,"[0.005, 0.0075, 0.01, 0.015, 0.02, 0.03, 0.05, 0.08]",7.935957944087774e-06,0.00031980164056288803,False,-2.5583136606860757e-18,6.136113766379984e-05,True,success,9.494663112368039e-17,-1.710753104420052e-16,0.00032465010967279293,1.710753104420052e-18,0.0
0.4343534357103403,-9.432558900623889e-18,0.0003211982501920198,3.4081686396577318e-06,1.1580528575742387e-23,2.4751885893741292e-09,typ,0.021413216679467988,8.435860127543567e-15,True,7.846533167359487e-06,0.45,2.3,1.4477547737436312e-15,-0.1067159943702735,6.880230650941985e-10,True,False,39,0.9,176,1.6501257262494195e-07,1.100083817499613e-05,1.6501257262494195e-07,1.6501257262494195e-07,0.0,3.2277857518520263,0.9811292187645614,-8.350289689861754,-8.350289689861754,0.4999668367853752,1.1972440508771072,0.0,0.008359650512252334,0.008359650512252334,True,3.4081686396577318e-06,4.367860320808889e-06,success,0.9999336735707489,0.007495305145673155,0.5,1.7079597420219636e-14,0.015,"[0.005, 0.0075, 0.01, 0.015, 0.02, 0.03, 0.05, 0.08]",7.706108572803257e-06,0.0007394859204157857,False,-2.1716321606154467e-17,0.00013951356351505327,True,success,1.2608507974331496e-16,-2.265249522571624e-16,0.0007262517941667059,3.397874283857436e-18,0.0
0.4342330307655772,-1.8648277366750676e-17,0.0005714153795959348,3.392527869635079e-06,0.0,4.316365042499857e-09,typ,0.02857076897979674,1.4643388702199366e-14,True,7.812689568211479e-06,0.45,2.3,2.147266104316468e-15,-0.1065910179653181,6.880230650941985e-10,True,False,39,0.9,176,2.1581825212499284e-07,1.0790912606249642e-05,2.1581825212499284e-07,2.1581825212499284e-07,0.0,3.1807881971535217,0.9668436751535173,-8.350289689861754,-8.350289689861754,0.4999668367853752,1.1972440508771072,0.0,0.008359650512252334,0.008359650512252334,True,3.392527869635079e-06,4.367860320808889e-06,success,0.9999336735707489,0.007495305145673155,0.5,1.7079597420219636e-14,0.02,"[0.005, 0.0075, 0.01, 0.015, 0.02, 0.03, 0.05, 0.08]",7.553813209494098e-06,0.001315918732825316,False,-4.294532208632936e-17,0.0002481274321080055,True,success,0.0,-0.0,0.0012723152788614088,0.0,0.0
0.4342308103666779,-2.862293735361732e-17,0.0012857277946961532,3.3489935974680026e-06,-1.4889251025954498e-23,9.206692687684386e-09,typ,0.04285759315653844,3.0833154864910485e-14,True,7.712473453092859e-06,0.45,2.3,2.197213760538029e-15,-0.10623387437848276,6.880230650941985e-10,True,False,39,0.9,176,3.0688975625614624e-07,1.0229658541871542e-05,3.0688975625614624e-07,3.0688975625614624e-07,0.0,3.0545470584373904,0.9284709703562924,-8.350289689861754,-8.350289689861754,0.4999668367853752,1.1972440508771072,0.0,0.008359650512252334,0.008359650512252334,True,3.3489935974680026e-06,4.367860320808889e-06,success,0.9999336735707489,0.007495305145673155,0.5,1.7079597420219636e-14,0.03,"[0.005, 0.0075, 0.01, 0.015, 0.02, 0.03, 0.05, 0.08]",7.160685742085974e-06,0.0029609317533466706,False,-6.591641281614086e-17,0.0005583026222018723,True,success,-8.479375537278627e-17,1.4819627242854368e-16,0.002749092352593651,-4.44588817285631e-18,0.0
0.4342343086345299,-2.42861286636753e-17,0.0035713592961901645,3.2223903337193387e-06,-2.6469779601696886e-23,2.2070222638820082e-08,typ,0.07142718592380329,7.111887209436755e-14,True,7.42085613606234e-06,0.45,2.3,1.1185725393299377e-15,-0.10509100164529282,6.880230650941985e-10,True,False,39,0.9,176,4.4140445277640165e-07,8.828089055528032e-06,4.4140445277640165e-07,4.4140445277640165e-07,0.0,2.739608843519121,0.8327412322271204,-8.350289689861754,-8.350289689861754,0.4999668367853751,1.1972440508771072,0.0,0.008359650512252334,0.008359650512252334,True,3.2223903337193387e-06,4.367860320808889e-06,success,0.9999336735707489,0.007495305145673155,0.5,1.7079597420219636e-14,0.05,"[0.005, 0.0075, 0.01, 0.015, 0.02, 0.03, 0.05, 0.08]",6.179782208517647e-06,0.00822449821484735,False,-5.592862696649689e-17,0.0015508067348666372,True,success,-9.92562572983898e-17,1.6428661248586235e-16,0.006849022108797803,-8.214330624293118e-18,0.0
0.43417261129464413,-1.734723475976807e-17,0.009101313400489225,2.980791518122122e-06,-2.6469779601696886e-23,4.296814909421017e-08,typ,0.11376641750611531,1.2807909436942843e-13,True,6.865452680752487e-06,0.45,2.3,4.994337018415601e-16,-0.1023094026822852,6.880230650941985e-10,True,False,39,0.9,176,5.371018636776271e-07,6.713773295970338e-06,5.371018636776271e-07,5.371018636776271e-07,0.0,2.2523458132355287,0.6846310313066629,-8.350289689861754,-8.350289689861754,0.4999668367853751,1.1972440508771072,0.0,0.008359650512252334,0.008359650512252334,True,2.980791518122122e-06,4.367860320808889e-06,success,0.9999336735707489,0.007495305145673155,0.5,1.7079597420219636e-14,0.08,"[0.005, 0.0075, 0.01, 0.015, 0.02, 0.03, 0.05, 0.08]",4.72109323165385e-06,0.02096243098649253,False,-3.995469614732481e-17,0.003951541005301344,True,success,-7.39624350925734e-17,1.110014715922361e-16,0.014415013204707387,-8.880117727378888e-18,0.0
0.0003462532444720766,2.2379264439974543e-23,2.8548075971956913e-08,7.493343533448772e-09,5.9110919187045035e-27,6.193710312393743e-13,arith,5.709615194391383e-06,4.6411599117430625e-21,True,2.164122258225675e-05,0.75,0.4,-1.292652981438232e-17,-0.010674101965650084,9.51651383252743e-10,True,False,40,1.5,794,1.2387420624787485e-10,2.477484124957497e-08,1.2387420624787485e-10,1.2387420624787485e-10,0.0,3.3062465558912497,1.0049784433689122,-1.8414822472110075e-05,-1.8414822472110075e-05,0.4999585372831639,0.00034598873935225556,0.0,0.00034526390175655956,0.00034598873935225556,True,7.493343533448772e-09,7.481763353217531e-09,success,0.9999170745663278,0.9999170745663278,0.5,3.709473891032088e-15,0.005,"[0.005, 0.0075, 0.01, 0.015, 0.02, 0.03, 0.05, 0.08]",2.1695718893553076e-05,8.244854431756568e-05,False,6.46326490719116e-20,9.884863928725413e-12,True,success,8.676697298308005e-17,-1.5776914250143701e-16,8.265616389728125e-05,7.88845712507185e-19,0.0
0.0003465856492824053,-8.927088267037128e-23,6.44940763719565e-08,7.507951768848315e-09,7.808145239877575e-27,1.405131436926856e-12,arith,8.599210182927534e-06,1.0549659057339363e-20,True,2.1662615819187243e-05,0.75,0.4,3.434298096500489e-17,-0.01067408408694836,9.51651383252743e-10,True,False,40,1.5,794,1.8735085825691415e-10,2.498011443425522e-08,1.8735085825691415e-10,1.8735085825691415e-10,0.0,3.3271543562522186,1.0113336526087056,-1.8414822472110075e-05,-1.8414822472110075e-05,0.4999585372831639,0.00034598873935225556,0.0,0.00034526390175655956,0.00034598873935225556,True,7.507951768848315e-09,7.481763353217531e-09,success,0.9999170745663278,0.9999170745663278,0.5,3.709473891032088e-15,0.0075,"[0.005, 0.0075, 0.01, 0.015, 0.02, 0.03, 0.05, 0.08]",2.1786984417344713e-05,0.00018608409351480497,False,-2.5757235723753667e-19,2.2352721334243577e-11,True,success,7.602014101772474e-17,-1.386644539064979e-16,0.00018715243253918727,1.0399834042987344e-18,0.0
0.00034705440114578387,-1.881835893558138e-22,1.1531643124542155e-07,7.528659660759145e-09,8.91097278537655e-27,2.5275900234649876e-12,arith,1.1531643124542155e-05,1.9029365048598115e-20,True,2.1693024597595154e-05,0.75,0.4,5.4223081088882454e-17,-0.010674058933936621,9.51651383252743e-10,True,False,40,1.5,794,2.5275900234649877e-10,2.5275900234649877e-08,2.5275900234649877e-10,2.5275900234649877e-10,0.0,3.3572908556874785,1.020494049989557,-1.8414822472110075e-05,-1.8414822472110075e-05,0.4999585372831639,0.00034598873935225556,0.0,0.00034526390175655956,0.00034598873935225556,True,7.528659660759145e-09,7.481763353217531e-09,success,0.9999170745663278,0.9999170745663278,0.5,3.709473891032088e-15,0.01,"[0.005, 0.0075, 0.01, 0.015, 0.02, 0.03, 0.05, 0.08]",2.1918732622636042e-05,0.0003322719172115661,False,-5.422308108888246e-19,4.002107498814873e-11,True,success,6.45970921488075e-17,-1.1836068021273815e-16,0.0003357290855687479,1.1836068021273816e-18,0.0
0.00034841654192282166,2.6469779601696886e-23,2.6388288407568444e-07,7.589912535092655e-09,-5.2506581851510546e-27,5.939017320371059e-12,arith,1.7592192271712298e-05,4.5076622006016697e-20,True,2.1784018902219373e-05,0.75,0.4,-5.064776671359508e-18,-0.010673986253680927,9.51651383252743e-10,True,False,40,1.5,794,3.959344880247373e-10,2.6395632534982488e-08,3.959344880247373e-10,3.959344880247373e-10,0.0,3.4777255222560033,1.0571017988944367,-1.8414822472110075e-05,-1.8414822472110075e-05,0.4999585372831639,0.00034598873935225556,0.0,0.00034526390175655956,0.00034598873935225556,True,7.589912535092655e-09,7.481763353217531e-09,success,0.9999170745663278,0.9999170745663278,0.5,3.709473891032088e-15,0.015,"[0.005, 0.0075, 0.01, 0.015, 0.02, 0.03, 0.05, 0.08]",2.250626197744483e-05,0.0007573775992935995,False,7.597165007039262e-20,9.19411619422708e-11,True,success,-2.4730794310200576e-17,4.6119619612427736e-17,0.0007824882425076006,-6.91794294186416e-19,0.0
0.0003503938114470508,1.0587911840678754e-22,4.822172181054395e-07,7.84097333233774e-09,1.2924697071141057e-26,3.640107792168731e-11,arith,2.4110860905271975e-05,2.8541988125229825e-19,True,2.2377602218361715e-05,0.75,0.4,-1.5108588529222255e-17,-0.010673882291017263,9.51651383252743e-10,True,False,40,1.5,794,1.8200538960843654e-09,9.100269480421826e-08,1.8200538960843654e-09,1.8200538960843654e-09,0.0,11.606045697018887,3.527814862287044,-1.8414822472110075e-05,-1.8414822472110075e-05,0.4999585372831639,0.00034598873935225556,0.0,0.00034526390175655956,0.00034598873935225556,True,7.84097333233774e-09,7.481763353217531e-09,success,0.9999170745663278,0.9999170745663278,0.5,3.709473891032088e-15,0.02,"[0.005, 0.0075, 0.01, 0.015, 0.02, 0.03, 0.05, 0.08]",7.548688963181735e-05,0.0013762149968173996,False,3.021717705844451e-19,1.6896592899735874e-10,True,success,2.4192361439999092e-17,-8.241768287769216e-17,0.004642418278807555,1.648353657553843e-18,0.0
0.0003601125815952769,-8.470329472543003e-22,1.756824490705899e-06,9.789604408394632e-08,0.0,1.5611607053461528e-08,arith,5.85608163568633e-05,1.528314572326917e-15,True,0.00027184844153534647,0.75,0.4,7.840445743402389e-17,-0.010673526078189636,9.51651383252743e-10,True,False,40,1.5,794,5.20386901782051e-07,1.7346230059401698e-05,5.20386901782051e-07,5.20386901782051e-07,0.0,177.19030653094853,53.85939476299308,-1.8414822472110075e-05,-1.8414822472110075e-05,0.4999585372831639,0.00034598873935225556,0.0,0.00034526390175655956,0.00034598873935225556,True,9.789604408394632e-08,7.481763353217531e-09,success,0.9999170745663278,0.9999170745663278,0.5,3.709473891032088e-15,0.03,"[0.005, 0.0075, 0.01, 0.015, 0.02, 0.03, 0.05, 0.08]",0.008886264470953911,0.004878542379506078,False,-2.3521337230207168e-18,6.326546027579089e-10,True,success,0.0,-0.0,0.15947127587785367,0.0,0.0
0.0009046465206160551,2.710505431213761e-20,0.00010206251732786937,1.648217153917911e-05,4.235164736271502e-22,3.398410261834675e-06,arith,0.0020412503465573875,5.601318089606571e-11,True,0.01821946048933557,0.75,0.4,-5.992407795628141e-16,-0.010661148831060016,9.51651383252743e-10,True,False,40,1.5,794,6.79682052366935e-05,0.0013593641047338699,6.79682052366935e-05,6.79682052366935e-05,0.0,82.47481841228141,25.069338666657675,-1.8414822472110075e-05,-1.8414822472110075e-05,0.4999585372831639,0.00034598873935225556,0.0,0.00034526390175655956,0.00034598873935225556,True,1.648217153917911e-05,7.481763353217531e-09,success,0.9999170745663278,0.9999170745663278,0.5,3.709473891032088e-15,0.05,"[0.005, 0.0075, 0.01, 0.015, 0.02, 0.03, 0.05, 0.08]",0.033297339227069005,0.11282032816349731,False,2.9962038978140707e-17,9.233050118597286e-08,True,success,5.658811008711858e-17,-5.139085861598104e-16,0.20618704603070354,2.5695429307990522e-17,0.0
0.009591116859376764,-4.336808689942018e-19,0.0020940017455873703,0.00034785729048267917,-2.710505431213761e-20,8.941607550967288e-05,arith,0.026175021819842128,3.1104033752389455e-08,True,0.03626869483324001,0.75,0.4,5.65211637175254e-16,-0.010324466337485627,9.51651383252743e-10,True,False,40,1.5,794,0.001117700943870911,0.013971261798386387,0.001117700943870911,0.001117700943870911,0.0,40.1637745726133,12.208323537723626,-1.8414822472110075e-05,-1.8414822472110075e-05,0.4999585372831639,0.00034598873935225556,0.0,0.00034526390175655956,0.00034598873935225556,True,0.00034785729048267917,7.481763353217531e-09,success,0.9999170745663278,0.9999170745663278,0.5,3.709473891032088e-15,0.08,"[0.005, 0.0075, 0.01, 0.015, 0.02, 0.03, 0.05, 0.08]",0.04270105108465015,0.21832720592286053,False,-4.5216930974020324e-17,2.0083815445667402e-05,True,success,-1.5368869558294802e-16,9.740005116224253e-16,0.25704815726472513,-7.792004092979402e-17,0.0
0.0003461347501936285,-5.539025342421509e-23,2.8533003663488255e-08,7.45556089679602e-09,-1.5946304738701725e-26,6.15669842574328e-13,typ,5.706600732697651e-06,4.5901640036337216e-21,True,2.1539475284193117e-05,0.75,0.4,3.200502312653073e-17,-0.008559231995057068,9.310487231538044e-10,True,False,41,1.5,565,1.231339685148656e-10,2.462679370297312e-08,1.231339685148656e-10,1.231339685148656e-10,0.0,3.303144329966687,1.0040354797611044,-0.00031969032411828275,-0.00031969032411828275,0.4999538521082483,0.0003458902842358846,0.0,0.00034516565289995603,0.00034516565289995603,True,7.45556089679602e-09,7.446208361180882e-09,success,0.9999077042164966,0.7974038054245678,0.5,2.3776931501603155e-15,0.005,"[0.005, 0.0075, 0.01, 0.015, 0.02, 0.03, 0.05, 0.08]",2.157746341168276e-05,8.243322477019957e-05,False,-1.6002511563265366e-19,9.876264095335395e-12,True,success,-2.3536720922636295e-16,4.2776941827554647e-16,8.257860824916717e-05,-2.138847091377732e-18,0.0
0.0003464417644742113,-1.469150316076604e-22,6.443993245888098e-08,7.467336323822694e-09,-9.284103993546088e-27,1.3945314467510714e-12,typ,8.591990994517465e-06,1.0413435327037288e-20,True,2.1554376780050584e-05,0.75,0.4,5.654246366846323e-17,-0.008559214128569165,9.310487231538044e-10,True,False,41,1.5,565,1.8593752623347619e-10,2.4791670164463492e-08,1.8593752623347619e-10,1.8593752623347619e-10,0.0,3.3200152088197483,1.0091636120045404,-0.00031969032411828275,-0.00031969032411828275,0.4999538521082483,0.0003458902842358846,0.0,0.00034516565289995603,0.00034516565289995603,True,7.467336323822694e-09,7.446208361180882e-09,success,0.9999077042164966,0.7974038054245678,0.5,2.3776931501603155e-15,0.0075,"[0.005, 0.0075, 0.01, 0.015, 0.02, 0.03, 0.05, 0.08]",2.1640796219656494e-05,0.00018600509253461503,False,-4.240684775134742e-19,2.2324683903653727e-11,True,success,-9.097938240064765e-17,1.6577270378510467e-16,0.00018675085549611084,-1.243295278388285e-18,0.0
0.000346874307322157,-1.0339757656912846e-23,1.1516763238385334e-07,7.483984053287663e-09,-6.3235090162516306e-27,2.502774850112643e-12,typ,1.1516763238385332e-05,1.873072706721244e-20,True,2.157549260728892e-05,0.75,0.4,2.9808369886876264e-18,-0.008559189002311889,9.310487231538044e-10,True,False,41,1.5,565,2.502774850112643e-10,2.502774850112643e-08,2.502774850112643e-10,2.502774850112643e-10,0.0,3.344174482858754,1.0165071507292553,-0.00031969032411828275,-0.00031969032411828275,0.4999538521082483,0.0003458902842358846,0.0,0.00034516565289995603,0.00034516565289995603,True,7.483984053287663e-09,7.446208361180882e-09,success,0.9999077042164966,0.7974038054245678,0.5,2.3776931501603155e-15,0.01,"[0.005, 0.0075, 0.01, 0.015, 0.02, 0.03, 0.05, 0.08]",2.173158202793388e-05,0.0003320154590662497,False,-2.9808369886876264e-20,3.994869270908194e-11,True,success,-4.620413289308706e-17,8.449388682855033e-17,0.0003344174482858754,-8.449388682855032e-19,0.0
0.0003481283493739708,2.117582368135751e-22,2.6317059012939166e-07,7.532653499124364e-09,-1.4136387421560532e-27,5.79267262412867e-12,typ,1.754470600862611e-05,4.363419571142474e-20,True,2.1637575660442816e-05,0.75,0.4,-4.055175573307447e-17,-0.008559116465844906,9.310487231538044e-10,True,False,41,1.5,565,3.861781749419114e-10,2.5745211662794094e-08,3.861781749419114e-10,3.861781749419114e-10,0.0,3.4178144084002873,1.0388910039868606,-0.00031969032411828275,-0.00031969032411828275,0.4999538521082483,0.0003458902842358846,0.0,0.00034516565289995603,0.00034516565289995603,True,7.532653499124364e-09,7.446208361180882e-09,success,0.9999077042164966,0.7974038054245678,0.5,2.3776931501603155e-15,0.015,"[0.005, 0.0075, 0.01, 0.015, 0.02, 0.03, 0.05, 0.08]",2.20110941016647e-05,0.0007559585153080574,False,6.082763359961171e-19,9.161714314551893e-11,True,success,-6.7674483725380614e-18,1.2511206419007433e-17,0.0007690082418900646,-1.876680962851115e-19,0.0
0.0003499338696407209,4.764560328305439e-22,4.788191475232706e-07,7.612161212508977e-09,4.8467614016778965e-27,1.2458953684629033e-11,typ,2.3940957376163526e-05,9.483956398657892e-20,True,2.1753142158901126e-05,0.75,0.4,-6.807801047091041e-17,-0.008559012951938179,9.310487231538044e-10,True,False,41,1.5,565,6.229476842314516e-10,3.114738421157258e-08,6.229476842314516e-10,6.229476842314516e-10,0.0,4.091792507020009,1.243755780090348,-0.00031969032411828275,-0.00031969032411828275,0.49995385210824833,0.0003458902842358846,0.0,0.00034516565289995603,0.00034516565289995603,True,7.612161212508977e-09,7.446208361180882e-09,success,0.9999077042164966,0.7974038054245678,0.5,2.3776931501603155e-15,0.02,"[0.005, 0.0075, 0.01, 0.015, 0.02, 0.03, 0.05, 0.08]",2.602016596260602e-05,0.0013683132416272734,False,1.3615602094182083e-18,1.6755503715088926e-10,True,success,1.573826545722681e-17,-3.1835646056163845e-17,0.0016367170028080038,6.36712921123277e-19,0.0
0.000356554787637029,4.235164736271502e-22,1.3789258703697384e-06,1.99269626477262e-08,0.0,2.7409210659100386e-09,typ,4.596419567899128e-05,5.461823170075522e-17,True,5.588751950236537e-05,0.75,0.4,-3.9593398481982884e-17,-0.00855868824516849,9.310487231538044e-10,True,False,41,1.5,565,9.136403553033463e-08,3.0454678510111544e-06,9.136403553033463e-08,9.136403553033463e-08,0.0,152.8315130032455,46.455209386014516,-0.00031969032411828275,-0.00031969032411828275,0.4999538521082484,0.0003458902842358846,0.0,0.00034516565289995603,0.00034516565289995603,True,1.99269626477262e-08,7.446208361180882e-09,success,0.9999077042164966,0.7974038054245678,0.5,2.3776931501603155e-15,0.03,"[0.005, 0.0075, 0.01, 0.015, 0.02, 0.03, 0.05, 0.08]",0.00198772183828497,0.0038673604118688153,False,1.1878019544594865e-18,4.916626208768875e-10,True,success,0.0,-0.0,0.13754836170292095,0.0,0.0
0.0006703762341651034,-1.3552527156068805e-20,7.015432917761887e-05,4.81159348113481e-06,-2.117582368135751e-22,1.2603159818982825e-06,typ,0.0014030865835523774,6.0641281626717935e-12,True,0.007177452355731614,0.75,0.4,4.043260027840135e-16,-0.008550614423099956,9.310487231538044e-10,True,False,41,1.5,565,2.520631963796565e-05,0.000504126392759313,2.520631963796565e-05,2.520631963796565e-05,0.0,104.77327204301044,31.847255812435424,-0.00031969032411828275,-0.00031969032411828275,0.49995385210824833,0.0003458902842358846,0.0,0.00034516565289995603,0.00034516565289995603,True,4.81159348113481e-06,7.446208361180882e-09,success,0.9999077042164966,0.7974038054245678,0.5,2.3776931501603155e-15,0.05,"[0.005, 0.0075, 0.01, 0.015, 0.02, 0.03, 0.05, 0.08]",0.017964906751618652,0.10464918892148693,False,-2.0216300139200675e-17,4.702979500447118e-08,True,success,-8.599161916887137e-17,8.802000320427406e-16,0.2619331801075261,-4.4010001602137036e-17,0.0
0.007399036212831087,0.0,0.0018371919542031008,0.0001577417215687125,0.0,5.002767974109624e-05,typ,0.02296489942753876,7.891452328448723e-09,True,0.021319225508744457,0.75,0.4,-0.0,-0.008271742469571174,9.310487231538044e-10,True,False,41,1.5,565,0.0006253459967637031,0.007816824959546288,0.000625345996763703,0.0006253459967637031,0.0,49.55458125985565,15.062786484446953,-0.00031969032411828275,-0.00031969032411828275,0.4999538521082484,0.0003458902842358846,0.0,0.00034516565289995603,0.00034516565289995603,True,0.0001577417215687125,7.446208361180882e-09,success,0.9999077042164966,0.7974038054245678,0.5,2.3776931501603155e-15,0.08,"[0.005, 0.0075, 0.01, 0.015, 0.02, 0.03, 0.05, 0.08]",0.027230513189785997,0.24830152216543044,False,0.0,1.3593449799070655e-05,True,success,0.0,-0.0,0.3171493200630761,0.0,1.7337636733847798e-16
0.00046883468014951197,-1.472567282864787e-23,3.8754816400881046e-08,1.3738396378598728e-08,3.819131405671533e-27,1.1415452905654231e-12,arith,7.75096328017621e-06,1.568300168591044e-20,True,2.930328527364387e-05,0.75,0.8,6.28181892344305e-18,-0.011113188968802546,9.276382233228683e-10,True,False,42,1.5,557,2.2830905811308463e-10,4.5661811622616926e-08,2.2830905811308463e-10,2.2830905811308463e-10,0.0,3.323663866166182,1.0102726708476784,-2.028270661592229e-05,-2.028270661592229e-05,0.4999584137551661,0.00046810203577232415,0.0,0.0004503875823690274,0.00046810203577232415,True,1.3738396378598728e-08,1.3694970977421909e-08,success,0.9999168275103321,0.9999168275103321,0.5,3.258138808328591e-15,0.005,"[0.005, 0.0075, 0.01, 0.015, 0.02, 0.03, 0.05, 0.08]",2.9455572147658822e-05,8.266200868187074e-05,False,-3.140909461721525e-20,1.8169601951560126e-11,True,success,3.04965005271129e-17,-5.559792133557689e-17,8.309159665415456e-05,2.779896066778845e-19,0.0
0.00046976281859501185,5.627413104774816e-23,8.793797374541951e-08,1.3793850330295506e-08,8.761089213384557e-27,2.61335633366671e-12,arith,1.1725063166055935e-05,3.60482461263284e-20,True,2.9363435726034653e-05,0.75,0.8,-1.5972352804494096e-17,-0.011113164644921682,9.276382233228683e-10,True,False,42,1.5,557,3.484475111555614e-10,4.645966815407485e-08,3.484475111555614e-10,3.484475111555614e-10,0.0,3.368143559745261,1.0237928764521207,-2.028270661592229e-05,-2.028270661592229e-05,0.4999584137551661,0.00046810203577232415,0.0,0.0004503875823690274,0.00046810203577232415,True,1.3793850330295506e-08,1.3694970977421909e-08,success,0.9999168275103321,0.9999168275103321,0.5,3.258138808328591e-15,0.0075,"[0.005, 0.0075, 0.01, 0.015, 0.02, 0.03, 0.05, 0.08]",2.971817773778116e-05,0.00018719653890111702,False,1.1979264603370571e-19,4.130999040818242e-11,True,success,4.614408438693915e-17,-8.46859434081049e-17,0.00018945807523567093,6.3514457556078675e-19,0.0
0.0004710867780137937,-1.2076836943274204e-22,1.5826283914619992e-07,1.3874445783765631e-08,4.6448130099413175e-27,4.799868534900247e-12,arith,1.582628391461999e-05,6.659551575667604e-20,True,2.9451995749622544e-05,0.75,0.8,2.563611951537427e-17,-0.011113130238020298,9.276382233228683e-10,True,False,42,1.5,557,4.799868534900247e-10,4.799868534900246e-08,4.799868534900247e-10,4.799868534900247e-10,0.0,3.4595028945347357,1.0515627842650592,-2.028270661592229e-05,-2.028270661592229e-05,0.49995841375516603,0.00046810203577232415,0.0,0.0004503875823690274,0.00046810203577232415,True,1.3874445783765631e-08,1.3694970977421909e-08,success,0.9999168275103321,0.9999168275103321,0.5,3.258138808328591e-15,0.01,"[0.005, 0.0075, 0.01, 0.015, 0.02, 0.03, 0.05, 0.08]",3.0328462201200803e-05,0.0003359526238742491,False,-2.5636119515374273e-19,7.455553097269862e-11,True,success,1.7998890778760092e-17,-3.347746700899702e-17,0.0003459502894534736,3.3477467008997023e-19,0.0
0.0004751639152014285,-1.5881867761018131e-22,3.7670892547577397e-07,1.5500148402427137e-08,-5.169878828456423e-26,9.901764383223683e-11,arith,2.51139283650516e-05,1.534788173858345e-18,True,3.262063449379655e-05,0.75,0.8,2.2282651316631215e-17,-0.011113029038567167,9.276382233228683e-10,True,False,42,1.5,557,6.601176255482456e-09,4.400784170321638e-07,6.601176255482456e-09,6.601176255482456e-09,0.0,28.39188410371947,8.630097909674793,-2.028270661592229e-05,-2.028270661592229e-05,0.4999584137551661,0.00046810203577232415,0.0,0.0004503875823690274,0.00046810203577232415,True,1.5500148402427137e-08,1.3694970977421909e-08,success,0.9999168275103321,0.9999168275103321,0.5,3.258138808328591e-15,0.015,"[0.005, 0.0075, 0.01, 0.015, 0.02, 0.03, 0.05, 0.08]",0.0002628492109847942,0.0007927978397014468,False,-3.3423976974946823e-19,1.7899848792039191e-10,True,success,-4.1730745395648106e-17,2.223582507828068e-16,0.00638817392333688,-3.335373761742102e-18,0.0
0.0004862770177849952,-1.2705494208814505e-21,1.0247877733684912e-06,8.702667229865174e-08,-1.6543612251060553e-24,4.975526773598727e-09,arith,5.123938866842456e-05,4.330035380391444e-16,True,0.00017896521759358598,0.75,0.8,1.3064049650843433e-16,-0.011112855386526795,9.276382233228683e-10,True,False,42,1.5,557,2.4877633867993636e-07,1.2438816933996818e-05,2.4877633867993636e-07,2.4877633867993636e-07,0.0,142.93108773951738,43.4458409671642,-2.028270661592229e-05,-2.028270661592229e-05,0.4999584137551661,0.00046810203577232415,0.0,0.0004503875823690274,0.00046810203577232415,True,8.702667229865174e-08,1.3694970977421909e-08,success,0.9999168275103321,0.9999168275103321,0.5,3.258138808328591e-15,0.02,"[0.005, 0.0075, 0.01, 0.015, 0.02, 0.03, 0.05, 0.08]",0.00485517772840332,0.002107415600343251,False,-2.6128099301686866e-18,4.983307422961554e-10,True,success,-7.950320196380157e-17,9.50490913537829e-16,0.05717243509580695,-1.900981827075658e-17,0.0
0.0007482951220181396,6.776263578034403e-21,1.9469523607401106e-05,4.195046843824534e-06,1.0587911840678754e-22,3.2819405428683343e-07,arith,0.0006489841202467036,1.3767894315979584e-12,True,0.005606139503503059,0.75,0.8,-3.018534345005008e-16,-0.011110442565231284,9.276382233228683e-10,True,False,42,1.5,557,1.0939801809561115e-05,0.00036466006031870386,1.0939801809561115e-05,1.0939801809561115e-05,0.0,86.92633810645393,26.422438399919887,-2.028270661592229e-05,-2.028270661592229e-05,0.49995841375516603,0.00046810203577232415,0.0,0.0004503875823690274,0.00046810203577232415,True,4.195046843824534e-06,1.3694970977421909e-08,success,0.9999168275103321,0.9999168275103321,0.5,3.258138808328591e-15,0.03,"[0.005, 0.0075, 0.01, 0.015, 0.02, 0.03, 0.05, 0.08]",0.016856809694207126,0.026018509321418696,False,9.055603035015024e-18,1.4568949543435259e-08,True,success,9.023531831859323e-17,-8.413026310035974e-16,0.07823370429580852,2.5239078930107922e-17,0.0
0.0063966925594054844,1.0842021724855044e-19,0.0005232850386450213,0.00012105951851889454,0.0,1.2134853097402968e-05,arith,0.010465700772900426,1.4690394732691194e-09,True,0.018925330144387294,0.75,0.8,-3.389883638823096e-16,-0.01102500487211589,9.276382233228683e-10,True,False,42,1.5,557,0.00024269706194805934,0.004853941238961186,0.00024269706194805934,0.00024269706194805934,0.0,40.095494334909326,12.187568834212986,-2.028270661592229e-05,-2.028270661592229e-05,0.49995841375516603,0.00046810203577232415,0.0,0.0004503875823690274,0.00046810203577232415,True,0.00012105951851889454,1.3694970977421909e-08,success,0.9999168275103321,0.9999168275103321,0.5,3.258138808328591e-15,0.05,"[0.005, 0.0075, 0.01, 0.015, 0.02, 0.03, 0.05, 0.08]",0.023189757400334996,0.08180556338847336,False,1.694941819411548e-17,3.347293513148819e-06,True,success,0.0,-0.0,0.10023873583727333,0.0,0.0
0.03606355593659346,0.0,0.004221995340881284,0.0008679950778047105,0.0,0.00011860850470996165,arith,0.052774941761016055,1.0295159827402353e-07,True,0.02406848285651059,0.75,0.8,-0.0,-0.010144466238724094,9.276382233228683e-10,True,False,42,1.5,557,0.0014826063088745206,0.018532578860931508,0.0014826063088745208,0.0014826063088745206,0.0,21.351018381121673,6.4899313630336755,-2.028270661592229e-05,-2.028270661592229e-05,0.499958413755166,0.00046810203577232415,0.0,0.0004503875823690274,0.00046810203577232415,True,0.0008679950778047105,1.3694970977421909e-08,success,0.9999168275103321,0.9999168275103321,0.5,3.258138808328591e-15,0.08,"[0.005, 0.0075, 0.01, 0.015, 0.02, 0.03, 0.05, 0.08]",0.02809299753637429,0.11707096627699025,False,0.0,0.00015226016513990916,True,success,0.0,-0.0,0.1366465176391787,0.0,1.4625624698825762e-16
0.00046537774284725815,1.3039949018305123e-22,3.841065367771748e-08,1.2519860534962672e-08,1.0305128435029192e-25,1.034049082091866e-12,typ,7.682130735543495e-06,1.294615029409633e-20,True,2.6902576943976932e-05,0.75,0.8,-5.604027789779783e-17,-0.0027548932533590564,8.565531878410789e-10,True,False,43,1.5,370,2.068098164183732e-10,4.136196328367464e-08,2.068098164183732e-10,2.068098164183732e-10,0.0,3.3037079900505426,1.004206811881709,-0.00898733227123289,-0.00898733227123289,0.4999569921681826,0.00046486821338961426,0.0,0.0004472761369924566,0.0004472761369924566,True,1.2519860534962672e-08,1.2503497448831502e-08,success,0.9999139843363651,0.23480114975046384,0.5,5.118102090311427e-15,0.005,"[0.005, 0.0075, 0.01, 0.015, 0.02, 0.03, 0.05, 0.08]",2.6920892593185192e-05,8.253650774683536e-05,False,2.802013894889892e-19,1.7875463309823896e-11,True,success,9.056973282408609e-16,-1.6462049886660207e-15,8.259269975126356e-05,8.231024943330103e-18,0.0
0.0004660196350166138,3.2335007132580697e-22,8.693007817049029e-08,1.2540478426665642e-08,1.3332064842597188e-25,2.3428722063150916e-12,typ,1.1590677089398706e-05,2.938073835972894e-20,True,2.6909764062234346e-05,0.75,0.8,-9.251400499874628e-17,-0.0027548691766426806,8.565531878410789e-10,True,False,43,1.5,370,3.1238296084201223e-10,4.165106144560163e-08,3.1238296084201223e-10,3.1238296084201223e-10,0.0,3.3213295401103875,1.0095631208107374,-0.00898733227123289,-0.00898733227123289,0.49995699216818273,0.00046486821338961426,0.0,0.0004472761369924566,0.0004472761369924566,True,1.2540478426665642e-08,1.2503497448831502e-08,success,0.9999139843363651,0.23480114975046384,0.5,5.118102090311427e-15,0.0075,"[0.005, 0.0075, 0.01, 0.015, 0.02, 0.03, 0.05, 0.08]",2.695122626854389e-05,0.00018653737233065553,False,6.938550374905971e-19,4.0511123300977595e-11,True,success,7.777966430045435e-16,-1.4174966737311865e-15,0.0001868247866312093,1.0631225052983899e-17,0.0
0.0004669278756227688,2.7296960214249913e-22,1.5583340835964176e-07,1.2569658427203e-08,1.3700936201878533e-25,4.206605942174641e-12,typ,1.5583340835964175e-05,5.287559983097769e-20,True,2.6919914366727662e-05,0.75,0.8,-5.846076372682263e-17,-0.002754835229982513,8.565531878410789e-10,True,False,43,1.5,370,4.2066059421746407e-10,4.20660594217464e-08,4.2066059421746407e-10,4.2066059421746407e-10,0.0,3.346635047035796,1.0172550725537928,-0.00898733227123289,-0.00898733227123289,0.49995699216818273,0.00046486821338961426,0.0,0.0004472761369924566,0.0004472761369924566,True,1.2569658427203e-08,1.2503497448831502e-08,success,0.9999139843363651,0.23480114975046384,0.5,5.118102090311427e-15,0.01,"[0.005, 0.0075, 0.01, 0.015, 0.02, 0.03, 0.05, 0.08]",2.6994249734090276e-05,0.00033374192567063533,False,5.846076372682263e-19,7.276296231642294e-11,True,success,5.958303078043925e-16,-1.0900006775225684e-15,0.0003346635047035796,1.0900006775225686e-17,0.0
0.0004695891625674665,7.940933880509066e-23,3.5947625578428947e-07,1.2655182275473026e-08,1.078404411873332e-25,9.748411771958276e-12,typ,2.3965083718952633e-05,1.2336792787049897e-19,True,2.694947687097621e-05,0.75,0.8,-1.1273590496413526e-17,-0.002754736627023167,8.565531878410789e-10,True,False,43,1.5,370,6.498941181305517e-10,4.3326274542036786e-08,6.498941181305517e-10,6.498941181305517e-10,0.0,3.42359940765194,1.040649432901503,-0.00898733227123289,-0.00898733227123289,0.4999569921681827,0.00046486821338961426,0.0,0.0004472761369924566,0.0004472761369924566,True,1.2655182275473026e-08,1.2503497448831502e-08,success,0.9999139843363651,0.23480114975046384,0.5,5.118102090311427e-15,0.015,"[0.005, 0.0075, 0.01, 0.015, 0.02, 0.03, 0.05, 0.08]",2.7118374621682925e-05,0.0007655122486619206,False,1.691038574462029e-19,1.6880615391663289e-10,True,success,3.070297937219742e-16,-5.6809634103460505e-16,0.0007703098667216866,8.521445115519076e-18,0.0
0.00047356920366540937,2.117582368135751e-22,6.722548035179639e-07,1.2781182963667462e-08,5.492996255234949e-26,1.8173048318490533e-11,typ,3.3612740175898196e-05,2.3227305556619683e-19,True,2.698905010026316e-05,0.75,0.8,-2.2357686603623462e-17,-0.002754593721908193,8.565531878410789e-10,True,False,43,1.5,370,9.086524159245266e-10,4.543262079622633e-08,9.086524159245266e-10,9.086524159245266e-10,0.0,3.5546491217108582,1.0804837693348217,-0.00898733227123289,-0.00898733227123289,0.4999569921681827,0.00046486821338961426,0.0,0.0004472761369924566,0.0004472761369924566,True,1.2781182963667462e-08,1.2503497448831502e-08,success,0.9999139843363651,0.23480114975046384,0.5,5.118102090311427e-15,0.02,"[0.005, 0.0075, 0.01, 0.015, 0.02, 0.03, 0.05, 0.08]",2.7032976519304134e-05,0.001419549240775656,False,4.471537320724692e-19,3.183591719622484e-10,True,success,1.1397507492654419e-16,-2.1488606613525766e-16,0.0014218596486843434,4.297721322705153e-18,0.0
0.0005036426114729386,-3.3881317890172014e-21,4.0305436885368205e-06,1.3549290573589434e-08,-7.754818242684634e-26,1.3717694813375361e-10,typ,0.0001343514562845607,1.8586503302624344e-18,True,2.690258978278977e-05,0.75,0.8,2.24241801086447e-16,-0.0027539614506094955,8.565531878410789e-10,True,False,43,1.5,370,4.572564937791787e-09,1.5241883125972625e-07,4.572564937791787e-09,4.572564937791787e-09,0.0,11.249211199058958,3.4193501811938862,-0.00898733227123289,-0.00898733227123289,0.49995699216818273,0.00046486821338961426,0.0,0.0004472761369924566,0.0004472761369924566,True,1.3549290573589434e-08,1.2503497448831502e-08,success,0.9999139843363651,0.23480114975046384,0.5,5.118102090311427e-15,0.03,"[0.005, 0.0075, 0.01, 0.015, 0.02, 0.03, 0.05, 0.08]",3.403435336128361e-05,0.008002785301960868,False,-6.727254032593409e-18,2.0299535489504545e-09,True,success,-5.688172739777543e-17,1.9078042501109473e-16,0.010124290079153062,-5.723412750332841e-18,0.0
0.00204394731256909,-4.336808689942018e-19,0.00023302319390516903,2.3846100729174825e-07,-2.6469779601696886e-23,6.870331793227955e-08,typ,0.00466046387810338,1.638306239841661e-14,True,0.00011666690517184637,0.75,0.8,4.243562114613386e-15,-0.002723348418554452,8.565531878410789e-10,True,False,43,1.5,370,1.374066358645591e-06,2.748132717291182e-05,1.374066358645591e-06,1.374066358645591e-06,0.0,115.2445319468496,35.03013715548603,-0.00898733227123289,-0.00898733227123289,0.4999569921681827,0.00046486821338961426,0.0,0.0004472761369924566,0.0004472761369924566,True,2.3846100729174825e-07,1.2503497448831502e-08,success,0.9999139843363651,0.23480114975046384,0.5,5.118102090311427e-15,0.05,"[0.005, 0.0075, 0.01, 0.015, 0.02, 0.03, 0.05, 0.08]",0.0002948346762435975,0.11400645822532293,False,-2.1217810573066932e-16,4.762871309487362e-07,True,success,-2.0680107049010132e-16,2.2200509762430118e-15,0.288111329867124,-1.110025488121506e-16,0.0
0.018871207355390593,-3.469446951953614e-18,0.0032639528019401073,1.012596452048167e-05,-2.117582368135751e-21,3.6871217217936184e-06,typ,0.04079941002425134,3.7335663737579466e-11,True,0.0005365827596393387,0.75,0.8,2.298108758104023e-15,-0.0021381559640284886,8.565531878410789e-10,True,False,43,1.5,370,4.608902152242023e-05,0.0005761127690302528,4.608902152242023e-05,4.608902152242023e-05,0.0,56.894606717706374,17.293886686509936,-0.00898733227123289,-0.00898733227123289,0.49995699216818273,0.00046486821338961426,0.0,0.0004472761369924566,0.0004472761369924566,True,1.012596452048167e-05,1.2503497448831502e-08,success,0.9999139843363651,0.23480114975046384,0.5,5.118102090311427e-15,0.08,"[0.005, 0.0075, 0.01, 0.015, 0.02, 0.03, 0.05, 0.08]",0.0011296492153936718,0.17295940532431028,False,-1.8384870064832184e-16,6.159473012361988e-05,True,success,-3.4655995134709647e-16,2.6140502021468442e-15,0.3641254829933208,-2.0912401617174756e-16,0.0
0.0006386742339143315,1.6710421622634968e-22,5.3082744480474606e-08,2.5496381804751165e-08,-8.541446918062904e-27,2.14233670536886e-12,arith,1.061654889609492e-05,5.462183459441716e-20,True,3.992079287195907e-05,0.75,1.0,-5.232846648664527e-17,-0.011512312861743043,9.017745459838934e-10,True,False,44,1.5,492,4.2846734107377195e-10,8.569346821475439e-08,4.2846734107377195e-10,4.2846734107377195e-10,0.0,3.3610050583250093,1.0216230322121234,-2.170711312337681e-05,-2.170711312337681e-05,0.4999583200628154,0.0006366177166279765,0.0,0.0005709922053795025,0.0006366177166279765,True,2.5496381804751165e-08,2.5330136541933827e-08,success,0.9999166401256308,0.9999166401256308,0.5,4.9530914109888915e-15,0.005,"[0.005, 0.0075, 0.01, 0.015, 0.02, 0.03, 0.05, 0.08]",4.0358439005671126e-05,8.311395960838912e-05,False,2.6164233243322636e-19,3.390258116513733e-11,True,success,-3.6546711495350943e-17,6.700124734146579e-17,8.402512645812523e-05,-3.3500623670732896e-19,0.0
0.0006413301126195594,1.1234146694235807e-22,1.2165481077020215e-07,2.572108476636856e-08,-1.2823722875272768e-26,5.166610722060128e-12,arith,1.6220641436026954e-05,1.3289083233693722e-19,True,4.010584293525362e-05,0.75,1.0,-2.3355931624353062e-17,-0.011512279383485724,9.017745459838934e-10,True,False,44,1.5,492,6.888814296080171e-10,9.185085728106895e-08,6.888814296080171e-10,6.888814296080171e-10,0.0,3.5710335748034994,1.0854640458768579,-2.170711312337681e-05,-2.170711312337681e-05,0.4999583200628153,0.0006366177166279765,0.0,0.0005709922053795025,0.0006366177166279765,True,2.572108476636856e-08,2.5330136541933827e-08,success,0.9999166401256308,0.9999166401256308,0.5,4.9530914109888915e-15,0.0075,"[0.005, 0.0075, 0.01, 0.015, 0.02, 0.03, 0.05, 0.08]",4.246943207054517e-05,0.000189691405995727,False,1.7516948718264796e-19,7.802089349196493e-11,True,success,-3.517763297807736e-17,6.647580116600341e-17,0.00020087063858269683,-4.985685087450256e-19,0.0
0.0006453474394514797,-1.6543612251060553e-23,2.2534994005893394e-07,2.7068703242181712e-08,0.0,3.731739182923833e-11,arith,2.2534994005893395e-05,1.0101334051978687e-18,True,4.1944387762953024e-05,0.75,1.0,2.563520243471018e-18,-0.011512231239019094,9.017745459838934e-10,True,False,44,1.5,492,3.731739182923833e-09,3.7317391829238325e-07,3.731739182923833e-09,3.731739182923833e-09,0.0,13.786176417600188,4.190495137600005,-2.170711312337681e-05,-2.170711312337681e-05,0.4999583200628154,0.0006366177166279765,0.0,0.0005709922053795025,0.0006366177166279765,True,2.7068703242181712e-08,2.5330136541933827e-08,success,0.9999166401256308,0.9999166401256308,0.5,4.9530914109888915e-15,0.01,"[0.005, 0.0075, 0.01, 0.015, 0.02, 0.03, 0.05, 0.08]",0.00016559752276605448,0.00034919165442179903,False,-2.5635202434710183e-20,1.4542900679757744e-10,True,success,0.0,-0.0,0.0013786176417600188,0.0,0.0
0.0006749077419731406,2.117582368135751e-22,1.0288390549102155e-06,2.1429018767888265e-07,6.617444900424222e-24,5.742744371635609e-09,arith,6.85892703273477e-05,1.2306137691896417e-15,True,0.0003175103415651895,0.75,1.0,-2.0917252699308196e-17,-0.01151204313994945,9.017745459838934e-10,True,False,44,1.5,492,3.8284962477570724e-07,2.5523308318380483e-05,3.8284962477570724e-07,3.8284962477570724e-07,0.0,119.10628570929985,36.20396954192616,-2.170711312337681e-05,-2.170711312337681e-05,0.4999583200628154,0.0006366177166279765,0.0,0.0005709922053795025,0.0006366177166279765,True,2.1429018767888265e-07,2.5330136541933827e-08,success,0.9999166401256308,0.9999166401256308,0.5,4.9530914109888915e-15,0.015,"[0.005, 0.0075, 0.01, 0.015, 0.02, 0.03, 0.05, 0.08]",0.005581771360863401,0.0015244143620316633,False,3.137587904896229e-19,6.943714434032335e-10,True,success,1.886381153656436e-16,-2.058717658237832e-15,0.026798914284592468,3.0880764873567475e-17,0.0
0.0008951955196383486,-3.3881317890172014e-21,7.770954724562801e-06,2.7393483694739588e-06,-5.293955920339377e-23,9.223730207774422e-08,arith,0.0003885477362281401,2.526701030513456e-13,True,0.003060055942394162,0.75,1.0,1.892397646486199e-16,-0.011511104232107104,9.017745459838934e-10,True,False,44,1.5,492,4.611865103887211e-06,0.00023059325519436056,4.611865103887211e-06,4.611865103887211e-06,0.0,84.1781416938371,25.587086859695997,-2.170711312337681e-05,-2.170711312337681e-05,0.4999583200628154,0.0006366177166279765,0.0,0.0005709922053795025,0.0006366177166279765,True,2.7393483694739588e-06,2.5330136541933827e-08,success,0.9999166401256308,0.9999166401256308,0.5,4.9530914109888915e-15,0.02,"[0.005, 0.0075, 0.01, 0.015, 0.02, 0.03, 0.05, 0.08]",0.011869494205930217,0.008680734603879832,False,-3.784795292972398e-18,6.9565238527410775e-09,True,success,-1.0531819131406236e-16,9.662801524867725e-16,0.033671256677534844,-1.932560304973545e-17,0.0
0.003614764805190123,5.421010862427522e-20,0.00010787138910756587,4.268961163221808e-05,8.470329472543003e-22,1.7627136766892804e-06,arith,0.003595712970252196,7.524956227666461e-11,True,0.011809789552815116,0.75,1.0,-4.998952126054388e-16,-0.011494846868373976,9.017745459838934e-10,True,False,44,1.5,492,5.8757122556309346e-05,0.0019585707518769784,5.8757122556309346e-05,5.8757122556309346e-05,0.0,45.87932934950465,13.945643863225374,-2.170711312337681e-05,-2.170711312337681e-05,0.4999583200628154,0.0006366177166279765,0.0,0.0005709922053795025,0.0006366177166279765,True,4.268961163221808e-05,2.5330136541933827e-08,success,0.9999166401256308,0.9999166401256308,0.5,4.9530914109888915e-15,0.03,"[0.005, 0.0075, 0.01, 0.015, 0.02, 0.03, 0.05, 0.08]",0.016340882334717678,0.029841883198785942,False,1.4996856378163165e-17,3.8992970083299827e-07,True,success,9.76446188513806e-17,-6.613888132407995e-16,0.041291396414554184,1.9841664397223982e-17,0.0
0.02443892572647241,0.0,0.001180341930638958,0.0004252271008203702,-6.776263578034403e-21,2.4537178372753883e-05,arith,0.02360683861277916,1.0433873221758422e-08,True,0.017399582353972348,0.75,1.0,-0.0,-0.011249924911967411,9.017745459838934e-10,True,False,44,1.5,492,0.0004907435674550776,0.00981487134910155,0.0004907435674550776,0.0004907435674550776,0.0,23.08148123712292,7.015928997491114,-2.170711312337681e-05,-2.170711312337681e-05,0.4999583200628154,0.0006366177166279765,0.0,0.0005709922053795025,0.0006366177166279765,True,0.0004252271008203702,2.5330136541933827e-08,success,0.9999166401256308,0.9999166401256308,0.5,4.9530914109888915e-15,0.05,"[0.005, 0.0075, 0.01, 0.015, 0.02, 0.03, 0.05, 0.08]",0.020788195128737905,0.04829761929184979,False,0.0,2.884628877472654e-05,True,success,-6.633878494851671e-17,3.1871268623101785e-16,0.05770370309280731,-1.5935634311550894e-17,0.0
0.07753836029165637,-1.734723475976807e-18,0.0057300563196000295,0.0016189260575813658,-2.710505431213761e-20,0.00014112355343886217,arith,0.07162570399500037,2.2846859800065034e-07,True,0.020879033958054603,0.75,1.0,2.796556874319592e-16,-0.009847958786862912,9.017745459838934e-10,True,False,44,1.5,492,0.001764044417985777,0.022050555224822212,0.001764044417985777,0.001764044417985777,0.0,13.620483234277653,4.1401304492328865,-2.170711312337681e-05,-2.170711312337681e-05,0.4999583200628153,0.0006366177166279765,0.0,0.0005709922053795025,0.0006366177166279765,True,0.0016189260575813658,2.5330136541933827e-08,success,0.9999166401256308,0.9999166401256308,0.5,4.9530914109888915e-15,0.08,"[0.005, 0.0075, 0.01, 0.015, 0.02, 0.03, 0.05, 0.08]",0.02462865032515298,0.07389963236321649,False,-2.2372454994556736e-17,0.0004442991714006295,True,success,-5.670704587412385e-17,2.092826768184202e-16,0.08717109269937699,-1.6742614145473616e-17,0.0
0.0006217362224407895,-2.4729802355914108e-22,5.14315197176824e-08,1.9395960851645446e-08,4.662884241721096e-26,1.6032021739973609e-12,typ,1.028630394353648e-05,3.1095646604125684e-20,True,3.11964465822845e-05,0.75,1.0,7.955078524725725e-17,-0.0004399631977498668,8.850936432222209e-10,True,False,45,1.5,351,3.2064043479947215e-10,6.412808695989443e-08,3.2064043479947215e-10,3.2064043479947215e-10,0.0,3.3062598677319026,1.0049824896832664,-0.7598274184309946,-0.7598274184309946,0.49995643663674116,0.0006206236702416583,0.0,0.000556646880367449,0.000556646880367449,True,1.9395960851645446e-08,1.9365986806586203e-08,success,0.9999128732734823,0.025862242019797005,0.5,1.3411473118373054e-14,0.005,"[0.005, 0.0075, 0.01, 0.015, 0.02, 0.03, 0.05, 0.08]",3.11715886055409e-05,8.272241162944376e-05,False,-3.9775392623628627e-19,3.197683878366084e-11,True,success,2.644264156115392e-16,-4.808098219403782e-16,8.265649669329756e-05,2.4040491097018906e-18,0.0
0.0006231462176670627,7.392926724692685e-23,1.1684531142618804e-07,1.943381589950727e-08,9.661337278422776e-26,3.6371913290928547e-12,typ,1.5579374856825072e-05,7.06845066808747e-20,True,3.118660652753966e-05,0.75,1.0,-1.581849548863048e-17,-0.00043993089782894677,8.850936432222209e-10,True,False,45,1.5,351,4.849588438790473e-10,6.466117918387297e-08,4.849588438790473e-10,4.849588438790473e-10,0.0,3.3272507838006438,1.011362963068732,-0.7598274184309946,-0.7598274184309946,0.49995643663674116,0.0006206236702416583,0.0,0.000556646880367449,0.000556646880367449,True,1.943381589950727e-08,1.9365986806586203e-08,success,0.9999128732734823,0.025862242019797005,0.5,1.3411473118373054e-14,0.0075,"[0.005, 0.0075, 0.01, 0.015, 0.02, 0.03, 0.05, 0.08]",3.112826081507338e-05,0.0001875086586638269,False,1.186387161647286e-19,7.28117138673591e-11,True,success,3.633918040409585e-16,-6.628540223139421e-16,0.00018715785658878617,4.9714051673545656e-18,0.0
0.0006251584351558082,1.1415092453231782e-22,2.106554391940408e-07,1.9487565495309682e-08,1.214467140805852e-25,6.543247913447342e-12,typ,2.106554391940408e-05,1.275119722653535e-19,True,3.1172202756014634e-05,0.75,1.0,-1.8259519205538352e-17,-0.0004398851405164611,8.850936432222209e-10,True,False,45,1.5,351,6.543247913447342e-10,6.543247913447342e-08,6.543247913447342e-10,6.543247913447342e-10,0.0,3.357652814571521,1.0206040722972403,-0.7598274184309946,-0.7598274184309946,0.49995643663674116,0.0006206236702416583,0.0,0.000556646880367449,0.000556646880367449,True,1.9487565495309682e-08,1.9365986806586203e-08,success,0.9999128732734823,0.025862242019797005,0.5,1.3411473118373054e-14,0.01,"[0.005, 0.0075, 0.01, 0.015, 0.02, 0.03, 0.05, 0.08]",3.106137652311065e-05,0.0003369632837818771,False,1.8259519205538352e-19,1.3169302472360605e-10,True,success,3.401028625203304e-16,-6.232010566420692e-16,0.00033576528145715215,6.2320105664206915e-18,0.0
0.000631254550504334,8.205631676526035e-22,4.997301111845896e-07,1.9646440800828664e-08,1.5428857128674637e-25,1.5262197644179597e-11,typ,3.331534074563931e-05,2.9984786250692113e-19,True,3.112285018006183e-05,0.75,1.0,-8.665951181363349e-17,-0.0004397503653913803,8.850936432222209e-10,True,False,45,1.5,351,1.0174798429453064e-09,6.78319895296871e-08,1.0174798429453064e-09,1.0174798429453064e-09,0.0,3.45263502012161,1.0494752007711248,-0.7598274184309946,-0.7598274184309946,0.4999564366367411,0.0006206236702416583,0.0,0.000556646880367449,0.000556646880367449,True,1.9646440800828664e-08,1.9365986806586203e-08,success,0.9999128732734823,0.025862242019797005,0.5,1.3411473118373054e-14,0.015,"[0.005, 0.0075, 0.01, 0.015, 0.02, 0.03, 0.05, 0.08]",3.0540880572517805e-05,0.000791645954528701,False,1.2998926772045023e-18,3.1545690670930895e-10,True,success,2.817625563383668e-16,-5.235505431607699e-16,0.0007768428795273623,7.853258147411549e-18,0.0
0.0006445195850209355,6.1409888675936775e-21,1.236000000981663e-06,1.9885431209206584e-08,1.6155871338926322e-25,2.8801887067450928e-11,typ,6.180000004908314e-05,5.727379439751322e-19,True,3.085310620709944e-05,0.75,1.0,-4.764004857504992e-16,-0.0004395295735025777,8.850936432222209e-10,True,False,45,1.5,351,1.4400943533725463e-09,7.200471766862732e-08,1.4400943533725465e-09,1.4400943533725463e-09,0.0,3.6209784394964726,1.1006454642995032,-0.7598274184309946,-0.7598274184309946,0.4999564366367411,0.0006206236702416583,0.0,0.000556646880367449,0.000556646880367449,True,1.9885431209206584e-08,1.9365986806586203e-08,success,0.9999128732734823,0.025862242019797005,0.5,1.3411473118373054e-14,0.02,"[0.005, 0.0075, 0.01, 0.015, 0.02, 0.03, 0.05, 0.08]",2.330249760888004e-05,0.0019177074362162552,False,9.528009715009985e-18,7.966262077185774e-10,True,success,2.1347764728082067e-16,-4.062238120198886e-16,0.0014483913757985893,8.12447624039777e-18,1.4359833621593256e-16
0.0009231720541207129,2.778268066994105e-19,2.223993736129047e-05,2.0786420355602996e-08,1.809457589959748e-25,8.854294861055993e-11,typ,0.000741331245376349,1.840490949343653e-18,True,2.251630155269517e-05,0.75,1.0,-1.0031600843320235e-14,-0.000436800252842505,8.850936432222209e-10,True,False,45,1.5,351,2.951431620351998e-09,9.838105401173327e-08,2.951431620351998e-09,2.951431620351998e-09,0.0,4.732948354198686,1.438643788096396,-0.7598274184309946,-0.7598274184309946,0.4999564366367412,0.0006206236702416583,0.0,0.000556646880367449,0.000556646880367449,True,2.0786420355602996e-08,1.9365986806586203e-08,success,0.9999128732734823,0.025862242019797005,0.5,1.3411473118373054e-14,0.03,"[0.005, 0.0075, 0.01, 0.015, 0.02, 0.03, 0.05, 0.08]",3.981258902494599e-06,0.024090782711650847,False,3.0094802529960705e-16,2.0531288657338512e-08,True,success,1.3337719063757163e-16,-2.901666182383358e-16,0.004259653518778817,8.704998547150074e-18,0.0
0.007606169838239885,6.071532165918825e-18,0.0006356233675032452,3.0851965112152704e-08,-4.1359030627651384e-25,1.5936513534355447e-09,typ,0.012712467350064902,4.9167275957128366e-17,True,4.056176205406957e-06,0.75,1.0,-1.596475570501806e-14,-0.0003338736525177377,8.850936432222209e-10,True,False,45,1.5,351,3.187302706871089e-08,6.374605413742178e-07,3.187302706871089e-08,3.187302706871089e-08,0.0,20.661910483073886,6.2804676793712195,-0.7598274184309946,-0.7598274184309946,0.49995643663674116,0.0006206236702416583,0.0,0.000556646880367449,0.000556646880367449,True,3.0851965112152704e-08,1.9365986806586203e-08,success,0.9999128732734823,0.025862242019797005,0.5,1.3411473118373054e-14,0.05,"[0.005, 0.0075, 0.01, 0.015, 0.02, 0.03, 0.05, 0.08]",2.5072258744914823e-06,0.08356681234064219,False,7.98237785250903e-16,4.8346592863836496e-06,True,success,-5.898373605336247e-17,2.681127797033577e-16,0.05165477620768473,-1.3405638985167888e-17,0.0
0.04336649573946502,3.122502256758253e-17,0.004936599453629757,1.761453256267278e-07,-7.279189390466644e-23,4.531834602924924e-08,typ,0.06170749317037196,7.982614818186835e-15,True,4.061783702445421e-06,0.75,1.0,-9.00033021897094e-15,0.0007150292382844471,8.850936432222209e-10,True,False,45,1.5,351,5.664793253656155e-07,7.080991567070194e-06,5.664793253656154e-07,5.664793253656155e-07,0.0,40.199713173630435,12.219247562504144,-0.7598274184309946,-0.7598274184309946,0.4999564366367412,0.0006206236702416583,0.0,0.000556646880367449,0.000556646880367449,True,1.761453256267278e-07,1.9365986806586203e-08,success,0.9999128732734823,0.025862242019797005,0.5,1.3411473118373054e-14,0.08,"[0.005, 0.0075, 0.01, 0.015, 0.02, 0.03, 0.05, 0.08]",9.180073541499869e-06,0.1138344099391291,False,7.200264175176753e-16,0.0002140830191732802,True,success,-8.147238540267523e-16,5.165613510156439e-15,0.2572781643112348,-4.132490808125151e-16,1.8690729505167967e-16
0.0011521527501853436,3.35357114904897e-22,1.0050026148147509e-07,8.43096345863626e-08,8.461637613762661e-26,1.5336597154852497e-11,arith,2.0100052296295018e-05,1.2930229019238623e-18,True,7.317574390444318e-05,0.75,1.2,-5.821400241434116e-17,-0.012129813496761625,9.096258915850569e-10,True,False,46,1.5,457,3.0673194309704994e-09,6.134638861940998e-07,3.0673194309704994e-09,3.0673194309704994e-09,0.0,7.276320069513503,2.211736086010817,-2.3476195126214262e-05,-2.3476195126214262e-05,0.4999581947407542,0.0011368067079682795,0.0,0.0008507524581776512,0.0011368067079682795,True,8.43096345863626e-08,8.077063613055086e-08,success,0.9999163894815084,0.9999163894815084,0.5,4.3007957469795754e-15,0.005,"[0.005, 0.0075, 0.01, 0.015, 0.02, 0.03, 0.05, 0.08]",0.00015260255972248833,8.722824422830037e-05,False,2.910700120717058e-19,1.1579165266022768e-10,True,success,7.441342828918273e-17,-2.0072765479952307e-16,0.00018190800173783757,1.0036382739976154e-18,0.0
0.001197618549810429,1.3499587596865412e-21,3.8862392335119493e-07,2.569995651665513e-07,-2.1713491079516976e-24,1.1827124750262658e-09,arith,5.181652311349267e-05,3.03956591798806e-16,True,0.0002145921714449327,0.75,1.2,-1.5029368184054108e-16,-0.012129734993420568,9.096258915850569e-10,True,False,46,1.5,457,1.5769499667016878e-07,2.1025999556022505e-05,1.5769499667016878e-07,1.5769499667016878e-07,0.0,81.81336626930236,24.868281324509482,-2.3476195126214262e-05,-2.3476195126214262e-05,0.4999581947407542,0.0011368067079682795,0.0,0.0008507524581776512,0.0011368067079682795,True,2.569995651665513e-07,8.077063613055086e-08,success,0.9999163894815084,0.9999163894815084,0.5,4.3007957469795754e-15,0.0075,"[0.005, 0.0075, 0.01, 0.015, 0.02, 0.03, 0.05, 0.08]",0.003043334195248351,0.0003244972478196085,False,1.127202613804058e-18,4.654232195054974e-10,True,success,-1.2454430443897555e-16,1.1265124678554907e-15,0.004602001852648258,-8.44884350891618e-18,0.0
0.0014590381629922603,4.235164736271502e-22,2.1879842139826974e-06,2.196721851000292e-06,-2.6469779601696886e-23,1.6213398136386355e-08,arith,0.00021879842139826974,3.561632596516732e-14,True,0.001505595882766464,0.75,1.2,-2.902710048094861e-17,-0.012129443958867675,9.096258915850569e-10,True,False,46,1.5,457,1.6213398136386355e-06,0.00016213398136386353,1.6213398136386355e-06,1.6213398136386355e-06,0.0,73.80724204570312,22.43471137634148,-2.3476195126214262e-05,-2.3476195126214262e-05,0.4999581947407542,0.0011368067079682795,0.0,0.0008507524581776512,0.0011368067079682795,True,2.196721851000292e-06,8.077063613055086e-08,success,0.9999163894815084,0.9999163894815084,0.5,4.3007957469795754e-15,0.01,"[0.005, 0.0075, 0.01, 0.015, 0.02, 0.03, 0.05, 0.08]",0.007410198863763178,0.001499607254614562,False,2.902710048094861e-19,3.1923524682253792e-09,True,success,-1.4025739435977485e-16,1.2049672829376962e-15,0.007380724204570313,-1.2049672829376961e-17,0.0
0.004102645139504945,-1.3552527156068805e-20,2.435012105516614e-05,2.8628145245706834e-05,-3.1763735522036263e-22,2.725087755372588e-07,arith,0.0016233414036777429,7.801420806810366e-12,True,0.006977972569463152,0.75,1.2,2.2022421625127688e-16,-0.012125566646458101,9.096258915850569e-10,True,False,46,1.5,457,1.8167251702483923e-05,0.0012111501134989282,1.8167251702483923e-05,1.8167251702483923e-05,0.0,42.30627248478684,12.859564810961606,-2.3476195126214262e-05,-2.3476195126214262e-05,0.4999581947407542,0.0011368067079682795,0.0,0.0008507524581776512,0.0011368067079682795,True,2.8628145245706834e-05,8.077063613055086e-08,success,0.9999163894815084,0.9999163894815084,0.5,4.3007957469795754e-15,0.015,"[0.005, 0.0075, 0.01, 0.015, 0.02, 0.03, 0.05, 0.08]",0.011191269847073025,0.005935224770159966,False,-3.303363243769153e-18,9.98999057933344e-08,True,success,-1.137220602785656e-16,7.396854913097488e-16,0.009518911309077038,-1.1095282369646233e-17,0.0
0.010986972119297332,-2.710505431213761e-20,9.670420659129138e-05,0.0001110923868047949,-8.470329472543003e-22,1.2889759805176684e-06,arith,0.00483521032956457,1.431954182097586e-10,True,0.010111283217846172,0.75,1.2,1.2335088329081473e-16,-0.012110142276767719,9.096258915850569e-10,True,False,46,1.5,457,6.444879902588341e-05,0.0032224399512941707,6.444879902588341e-05,6.444879902588341e-05,0.0,29.006847759571997,8.817024446198785,-2.3476195126214262e-05,-2.3476195126214262e-05,0.4999581947407542,0.0011368067079682795,0.0,0.0008507524581776512,0.0011368067079682795,True,0.0001110923868047949,8.077063613055086e-08,success,0.9999163894815084,0.9999163894815084,0.5,4.3007957469795754e-15,0.02,"[0.005, 0.0075, 0.01, 0.015, 0.02, 0.03, 0.05, 0.08]",0.013329058020871512,0.0088017158450272,False,-2.4670176658162947e-18,1.0624864216372877e-06,True,success,-7.078410455262701e-17,3.812290705134716e-16,0.0116027391038288,-7.624581410269432e-18,0.0
0.03475073675630716,-2.168404344971009e-19,0.00045632953736685425,0.00045594783462786227,6.776263578034403e-21,7.453572471000864e-06,arith,0.015210984578895142,3.3984402283946886e-09,True,0.01312052282014162,0.75,1.2,2.0799600693141655e-16,-0.012013206116814557,9.096258915850569e-10,True,False,46,1.5,457,0.0002484524157000288,0.00828174719000096,0.00024845241570002884,0.0002484524157000288,0.0,18.163804192118594,5.5211344205793385,-2.3476195126214262e-05,-2.3476195126214262e-05,0.4999581947407542,0.0011368067079682795,0.0,0.0008507524581776512,0.0011368067079682795,True,0.00045594783462786227,8.077063613055086e-08,success,0.9999163894815084,0.9999163894815084,0.5,4.3007957469795754e-15,0.03,"[0.005, 0.0075, 0.01, 0.015, 0.02, 0.03, 0.05, 0.08]",0.01633374975902285,0.013131506838744412,False,-6.2398802079424966e-18,1.5857787627162985e-05,True,success,1.1623862728162498e-16,-4.953975771932395e-16,0.016347423772906735,1.4861927315797183e-17,2.1819111104850863e-16
0.09119853462100679,-1.734723475976807e-18,0.0021024813445940397,0.0014896533436790118,1.3552527156068805e-20,4.198821044807881e-05,arith,0.04204962689188079,6.254787808907861e-08,True,0.016334180695660904,0.75,1.2,3.8042792752883304e-16,-0.011446956811987579,9.096258915850569e-10,True,False,46,1.5,457,0.0008397642089615761,0.016795284179231523,0.0008397642089615761,0.0008397642089615761,0.0,11.274625905750689,3.4270753256856734,-2.3476195126214262e-05,-2.3476195126214262e-05,0.4999581947407542,0.0011368067079682795,0.0,0.0008507524581776512,0.0011368067079682795,True,0.0014896533436790118,8.077063613055086e-08,success,0.9999163894815084,0.9999163894815084,0.5,4.3007957469795754e-15,0.05,"[0.005, 0.0075, 0.01, 0.015, 0.02, 0.03, 0.05, 0.08]",0.019970788590367328,0.023053893939538713,False,-1.9021396376441652e-17,0.00019174321769498042,True,success,5.4189356734966667e-17,-1.8195544907915276e-16,0.02818656476437673,9.09777245395764e-18,0.0
0.15752005139557151,0.0,0.006779814978157829,0.002994293774979907,0.0,0.00015375020491962762,arith,0.08474768722697286,4.6037328149272603e-07,True,0.019008969007129766,0.75,1.2,-0.0,-0.009545362986739513,9.096258915850569e-10,True,False,46,1.5,457,0.0019218775614953452,0.024023469518691814,0.0019218775614953452,0.0019218775614953452,0.0,8.023083679841342,2.438725004709143,-2.3476195126214262e-05,-2.3476195126214262e-05,0.49995819474075415,0.0011368067079682795,0.0,0.0008507524581776512,0.0011368067079682795,True,0.002994293774979907,8.077063613055086e-08,success,0.9999163894815084,0.9999163894815084,0.5,4.3007957469795754e-15,0.08,"[0.005, 0.0075, 0.01, 0.015, 0.02, 0.03, 0.05, 0.08]",0.0226776402328023,0.043040964741257286,False,0.0,0.0010679568038118867,True,success,0.0,-0.0,0.05134773555098459,0.0,0.0
0.0010265662909102774,-2.979558688584991e-22,8.566656961490052e-08,3.664767310242443e-08,-5.725372183051309e-26,3.037289048034553e-12,typ,1.7133313922980103e-05,1.113095761499442e-19,True,3.569927575736798e-05,0.75,1.2,5.804902644802325e-17,-0.00025488991014651903,6.326702534478996e-10,True,False,47,1.5,122,6.074578096069106e-10,1.2149156192138212e-07,6.074578096069106e-10,6.074578096069106e-10,0.0,3.3151234890638888,1.0076767074974093,-6.268438336067645,-6.268438336067645,0.49995822822910807,0.0010220038839174352,0.0,0.0007648367919219229,0.0007648367919219229,True,3.664767310242443e-08,3.6560966187474015e-08,success,0.9999164564582186,0.008714537352401183,0.5,2.2785644794871143e-14,0.005,"[0.005, 0.0075, 0.01, 0.015, 0.02, 0.03, 0.05, 0.08]",3.545477613599061e-05,8.344962266288542e-05,False,-2.9024513224011626e-19,8.79424126245755e-11,True,success,-1.7160797204622811e-16,3.1245488176287766e-16,8.287808722659723e-05,-1.5622744088143884e-18,0.0
0.0010324999498186158,1.2149215246872594e-22,1.9778005887220842e-07,3.675815137522864e-08,-2.1321332546313507e-26,6.922939311626168e-12,typ,2.637067451629446e-05,2.544744511782759e-19,True,3.560111686367261e-05,0.75,1.2,-1.5689059999801976e-17,-0.0002548356876260446,6.326702534478996e-10,True,False,47,1.5,122,9.230585748834891e-10,1.230744766511319e-07,9.230585748834891e-10,9.230585748834891e-10,0.0,3.3482226947373612,1.0177376595867818,-6.268438336067645,-6.268438336067645,0.49995822822910807,0.0010220038839174352,0.0,0.0007648367919219229,0.0007648367919219229,True,3.675815137522864e-08,3.6560966187474015e-08,success,0.9999164564582186,0.008714537352401183,0.5,2.2785644794871143e-14,0.0075,"[0.005, 0.0075, 0.01, 0.015, 0.02, 0.03, 0.05, 0.08]",3.5003222018956344e-05,0.00019155454574787476,False,1.176679499985148e-19,2.0420790086067808e-10,True,success,-4.226610724338987e-17,7.733915425965256e-17,0.00018833752657897656,-5.800436569473942e-19,0.0
0.0010415933369386477,-3.970466940254533e-22,3.729033562784472e-07,3.691712842777063e-08,-4.5488875238664425e-26,1.2544954036618145e-11,typ,3.729033562784472e-05,4.631236792903116e-19,True,3.5442938350848084e-05,0.75,1.2,3.8119166083801496e-17,-0.0002547568264644303,6.326702534478996e-10,True,False,47,1.5,122,1.2544954036618144e-09,1.2544954036618142e-07,1.2544954036618144e-09,1.2544954036618144e-09,0.0,3.3981391757386246,1.0329104504017064,-6.268438336067645,-6.268438336067645,0.49995822822910807,0.0010220038839174352,0.0,0.0007648367919219229,0.0007648367919219229,True,3.691712842777063e-08,3.6560966187474015e-08,success,0.9999164564582186,0.008714537352401183,0.5,2.2785644794871143e-14,0.01,"[0.005, 0.0075, 0.01, 0.015, 0.02, 0.03, 0.05, 0.08]",3.3641300957481374e-05,0.00035801242486290224,False,-3.81191660838015e-19,3.8841365122168924e-10,True,success,-6.684311878844983e-17,1.2321888829372158e-16,0.0003398139175738625,-1.2321888829372158e-18,0.0
0.0011096419826078516,2.964615315390051e-21,2.0014342714982903e-06,3.740727750762321e-08,-1.308625578453032e-25,3.011353769480567e-11,typ,0.00013342895143321937,1.1264654612858678e-18,True,3.371112313154338e-05,0.75,1.2,-1.781124219556948e-16,-0.0002544165847775621,6.326702534478996e-10,True,False,47,1.5,122,2.0075691796537116e-09,1.3383794531024744e-07,2.0075691796537116e-09,2.0075691796537116e-09,0.0,3.577858487107828,1.087538570455647,-6.268438336067645,-6.268438336067645,0.49995822822910807,0.0010220038839174352,0.0,0.0007648367919219229,0.0007648367919219229,True,3.740727750762321e-08,3.6560966187474015e-08,success,0.9999164564582186,0.008714537352401183,0.5,2.2785644794871143e-14,0.015,"[0.005, 0.0075, 0.01, 0.015, 0.02, 0.03, 0.05, 0.08]",1.5045978838097154e-05,0.001803675692582009,False,2.671686329335422e-18,2.220875493084664e-09,True,success,-1.2329812282057438e-16,2.3322120999696703e-16,0.0008050181595992611,-3.498318149954505e-18,0.0
0.0015875346581096742,3.3881317890172014e-20,1.556863802620836e-05,3.822195517321858e-08,0.0,6.039245391681737e-11,typ,0.000778431901310418,2.308317666409262e-18,True,2.407629652553893e-05,0.75,1.2,-1.0671048256204853e-15,-0.0002525278599521217,6.326702534478996e-10,True,False,47,1.5,122,3.019622695840868e-09,1.5098113479204339e-07,3.019622695840868e-09,3.019622695840868e-09,0.0,3.950115427319456,1.2006911118595984,-6.268438336067645,-6.268438336067645,0.49995822822910807,0.0010220038839174352,0.0,0.0007648367919219229,0.0007648367919219229,True,3.822195517321858e-08,3.6560966187474015e-08,success,0.9999164564582186,0.008714537352401183,0.5,2.2785644794871143e-14,0.02,"[0.005, 0.0075, 0.01, 0.015, 0.02, 0.03, 0.05, 0.08]",3.8791096443473255e-06,0.009806801978576273,False,2.1342096512409706e-17,2.4715752446169964e-08,True,success,0.0,-0.0,0.0015800461709277824,0.0,0.0
0.006860556372032188,2.168404344971009e-19,0.00019111528252147226,4.157235674215134e-08,0.0,2.052453655974639e-10,typ,0.006370509417382409,8.532533558291044e-18,True,6.059618854182966e-06,0.75,1.2,-1.0535609783344237e-15,-0.00022244724713276105,6.326702534478996e-10,True,False,47,1.5,122,6.84151218658213e-09,2.2805040621940432e-07,6.84151218658213e-09,6.84151218658213e-09,0.0,5.485626124923965,1.6674303959898804,-6.268438336067645,-6.268438336067645,0.49995822822910807,0.0010220038839174352,0.0,0.0007648367919219229,0.0007648367919219229,True,4.157235674215134e-08,3.6560966187474015e-08,success,0.9999164564582186,0.008714537352401183,0.5,2.2785644794871143e-14,0.03,"[0.005, 0.0075, 0.01, 0.015, 0.02, 0.03, 0.05, 0.08]",1.0739348674243467e-06,0.02785711131251318,False,3.160682935003271e-17,1.3111571692954184e-06,True,success,0.0,-0.0,0.004937063512431569,0.0,0.0
0.04092657114371355,3.469446951953614e-18,0.0017077888298713561,5.928826883611652e-08,-8.271806125530277e-25,1.425405573069316e-09,typ,0.03415577659742713,8.450982881663233e-17,True,1.4486497935027567e-06,0.75,1.2,-1.6954496088962156e-15,0.00015678209361957114,6.326702534478996e-10,True,False,47,1.5,122,2.850811146138632e-08,5.701622292277263e-07,2.850811146138632e-08,2.850811146138632e-08,0.0,9.616779852414949,2.9231505524234067,-6.268438336067645,-6.268438336067645,0.49995822822910807,0.0010220038839174352,0.0,0.0007648367919219229,0.0007648367919219229,True,5.928826883611652e-08,3.6560966187474015e-08,success,0.9999164564582186,0.008714537352401183,0.5,2.2785644794871143e-14,0.05,"[0.005, 0.0075, 0.01, 0.015, 0.02, 0.03, 0.05, 0.08]",8.346497811305443e-07,0.0417281189737215,False,8.477248044481079e-17,6.989394104416938e-05,True,success,-8.998015477949019e-17,2.7903685797927557e-16,0.02404194963103737,-1.3951842898963776e-17,0.0
0.11189576706435891,2.0816681711721685e-17,0.006918076125821725,1.1673398462716007e-07,-1.6543612251060553e-24,9.10715854627399e-09,typ,0.08647595157277156,1.0631149057378574e-15,True,1.0432386111622826e-06,0.75,1.2,-2.3254545567113126e-15,0.001966673887681417,6.326702534478996e-10,True,False,47,1.5,122,1.1383948182842487e-07,1.4229935228553108e-06,1.1383948182842487e-07,1.1383948182842487e-07,0.0,12.190053542678678,3.7053319608230293,-6.268438336067645,-6.268438336067645,0.49995822822910807,0.0010220038839174352,0.0,0.0007648367919219229,0.0007648367919219229,True,1.1673398462716007e-07,3.6560966187474015e-08,success,0.9999164564582186,0.008714537352401183,0.5,2.2785644794871143e-14,0.08,"[0.005, 0.0075, 0.01, 0.015, 0.02, 0.03, 0.05, 0.08]",1.316429362822637e-06,0.061826075349594466,False,1.8603636453690502e-16,0.0007741034347084503,True,success,-5.073880550963739e-17,1.771507704450814e-16,0.07801634267314354,-1.417206163560651e-17,0.0
0.0200056328548175,2.1673708861932004e-20,6.386631566283079e-06,0.00010405396978651573,4.66735045045912e-22,5.120391073397776e-08,arith,0.0012773263132566158,5.327970180464771e-12,True,0.005201233599638853,0.75,1.36,-2.1667606337894798e-16,-0.012943592171012302,9.216207148595965e-10,True,False,48,1.5,457,1.0240782146795552e-05,0.0020481564293591105,1.0240782146795554e-05,1.0240782146795552e-05,0.0,19.683597209806113,5.983096102909718,-2.515164184626283e-05,-2.515164184626283e-05,0.4999580872556808,0.004231417403847698,0.0,0.002092607236665388,0.004231417403847698,True,0.00010405396978651573,1.119064067650569e-06,success,0.9999161745113616,0.9999161745113616,0.5,5.116967489168081e-15,0.005,"[0.005, 0.0075, 0.01, 0.015, 0.02, 0.03, 0.05, 0.08]",0.008017357851719267,0.0003192416662162793,False,1.0833803168947399e-18,1.277686062940473e-07,True,success,2.0220389572020745e-16,-8.97101852055232e-16,0.0004920899302451529,4.485509260276159e-18,1.654234872127117e-16
0.04096610068548623,7.918434567847623e-20,2.320299362060833e-05,0.0003009720444921652,1.388422658170257e-21,2.389689678452994e-07,arith,0.003093732482747777,7.192297882258223e-11,True,0.007346856045754821,0.75,1.36,-2.5772315598664485e-16,-0.012938221551114423,9.216207148595965e-10,True,False,48,1.5,457,3.1862529046039915e-05,0.004248337206138655,3.1862529046039915e-05,3.1862529046039915e-05,0.0,14.115388069702423,4.290563480379548,-2.515164184626283e-05,-2.515164184626283e-05,0.4999580872556808,0.004231417403847698,0.0,0.002092607236665388,0.004231417403847698,True,0.0003009720444921652,1.119064067650569e-06,success,0.9999161745113616,0.9999161745113616,0.5,5.116967489168081e-15,0.0075,"[0.005, 0.0075, 0.01, 0.015, 0.02, 0.03, 0.05, 0.08]",0.010299057602336839,0.000566394976147409,False,1.9329236698998363e-18,9.505361728665355e-07,True,success,1.637147688900663e-16,-6.150837743144169e-16,0.0007939905789207613,4.613128307358127e-18,0.0
0.061429548899348305,1.181610961419749e-19,5.246086708572779e-05,0.0005396283351873063,2.150669592637872e-21,6.296176166838552e-07,arith,0.005246086708572779,3.397595062957083e-10,True,0.008784507535151883,0.75,1.36,-1.9235221202027816e-16,-0.012927849097897121,9.216207148595965e-10,True,False,48,1.5,457,6.296176166838552e-05,0.006296176166838551,6.296176166838552e-05,6.296176166838552e-05,0.0,11.667615942838017,3.5465299728376762,-2.515164184626283e-05,-2.515164184626283e-05,0.49995808725568086,0.004231417403847698,0.0,0.002092607236665388,0.004231417403847698,True,0.0005396283351873063,1.119064067650569e-06,success,0.9999161745113616,0.9999161745113616,0.5,5.116967489168081e-15,0.01,"[0.005, 0.0075, 0.01, 0.015, 0.02, 0.03, 0.05, 0.08]",0.012001662413527767,0.0008540005262236973,False,1.9235221202027816e-18,3.2226473999449275e-06,True,success,1.1667770721596996e-16,-3.985464536237463e-16,0.0011667615942838015,3.985464536237463e-18,0.0
0.09578677179577619,-1.0842021724855044e-19,0.00015165108000800672,0.0010357607423570668,4.870439446712227e-21,2.1889307940800277e-06,arith,0.01011007200053378,2.267208584244573e-09,True,0.01081319187335573,0.75,1.36,7.54594225040521e-17,-0.012889702273869399,9.216207148595965e-10,True,False,48,1.5,457,0.00014592871960533518,0.009728581307022345,0.00014592871960533518,0.00014592871960533518,0.0,9.392691679820905,2.855035915760976,-2.515164184626283e-05,-2.515164184626283e-05,0.4999580872556808,0.004231417403847698,0.0,0.002092607236665388,0.004231417403847698,True,0.0010357607423570668,1.119064067650569e-06,success,0.9999161745113616,0.9999161745113616,0.5,5.116967489168081e-15,0.015,"[0.005, 0.0075, 0.01, 0.015, 0.02, 0.03, 0.05, 0.08]",0.014433994099906568,0.0015832152724734995,False,-1.1318913375607815e-18,1.4526167393309937e-05,True,success,1.0228746358710305e-16,-3.1348548929866e-16,0.0021133556279597037,4.702282339479901e-18,0.0
0.12246975123907301,1.0842021724855044e-19,0.0003084347637545938,0.001502146573078503,-1.6940658945086007e-21,4.966251585966621e-06,arith,0.01542173818772969,7.46003780090544e-09,True,0.01226544969578786,0.75,1.36,-4.426407996734781e-17,-0.012826012711728847,9.216207148595965e-10,True,False,48,1.5,457,0.00024831257929833103,0.012415628964916551,0.00024831257929833103,0.00024831257929833103,0.0,8.265257989752577,2.5123371678930613,-2.515164184626283e-05,-2.515164184626283e-05,0.49995808725568086,0.004231417403847698,0.0,0.002092607236665388,0.004231417403847698,True,0.001502146573078503,1.119064067650569e-06,success,0.9999161745113616,0.9999161745113616,0.5,5.116967489168081e-15,0.02,"[0.005, 0.0075, 0.01, 0.015, 0.02, 0.03, 0.05, 0.08]",0.01610146510565852,0.0025184566852961003,False,8.852815993469563e-19,3.777392879050736e-05,True,success,-1.9613711599541438e-17,5.638816893336772e-17,0.003306103195901031,-1.1277633786673545e-18,0.0
0.1611354585126206,-6.505213034913027e-19,0.0008023702465375224,0.002302456007207105,0.0,1.463226730972587e-05,arith,0.026745674884584084,3.369015176633848e-08,True,0.014288946880222333,0.75,1.36,1.3457027801246945e-16,-0.01261573449120066,9.216207148595965e-10,True,False,48,1.5,457,0.000487742243657529,0.0162580747885843,0.000487742243657529,0.000487742243657529,0.0,7.061188026044178,2.1463437861596963,-2.515164184626283e-05,-2.515164184626283e-05,0.49995808725568075,0.004231417403847698,0.0,0.002092607236665388,0.004231417403847698,True,0.002302456007207105,1.119064067650569e-06,success,0.9999161745113616,0.9999161745113616,0.5,5.116967489168081e-15,0.03,"[0.005, 0.0075, 0.01, 0.015, 0.02, 0.03, 0.05, 0.08]",0.0182363034682164,0.004979476608959278,False,-4.037108340374083e-18,0.0001292902975727081,True,success,0.0,-0.0,0.00635506922343976,0.0,0.0
0.20823474984609885,-8.673617379884035e-19,0.0025237230846668892,0.0034710079612015375,-2.710505431213761e-20,5.1436472600779854e-05,arith,0.05047446169333778,1.7853640589343163e-07,True,0.016668725867161335,0.75,1.36,8.330614737736608e-17,-0.011844767109911851,9.216207148595965e-10,True,False,48,1.5,457,0.001028729452015597,0.02057458904031194,0.001028729452015597,0.001028729452015597,0.0,5.927554551960681,1.80176052992755,-2.515164184626283e-05,-2.515164184626283e-05,0.4999580872556808,0.004231417403847698,0.0,0.002092607236665388,0.004231417403847698,True,0.0034710079612015375,1.119064067650569e-06,success,0.9999161745113616,0.9999161745113616,0.5,5.116967489168081e-15,0.05,"[0.005, 0.0075, 0.01, 0.015, 0.02, 0.03, 0.05, 0.08]",0.020381187188597216,0.01211960581282476,False,-4.165307368868304e-18,0.0005255268452164346,True,success,-6.414855647467735e-17,1.561797300099238e-16,0.014818886379901705,-7.80898650049619e-18,0.0
0.24676381948162035,-1.734723475976807e-18,0.006923887910199655,0.004576645457979377,-5.421010862427522e-20,0.00015048325241661103,arith,0.08654859887749569,6.88708493674447e-07,True,0.018546663232858,0.75,1.36,8.787367408748175e-17,-0.009789378479943572,9.216207148595965e-10,True,False,48,1.5,457,0.0018810406552076378,0.023513008190095473,0.0018810406552076382,0.0018810406552076378,0.0,5.137607535034326,1.5616454296184137,-2.515164184626283e-05,-2.515164184626283e-05,0.4999580872556808,0.004231417403847698,0.0,0.002092607236665388,0.004231417403847698,True,0.004576645457979377,1.119064067650569e-06,success,0.9999161745113616,0.9999161745113616,0.5,5.116967489168081e-15,0.08,"[0.005, 0.0075, 0.01, 0.015, 0.02, 0.03, 0.05, 0.08]",0.021733923825504525,0.028058764549619745,False,-7.02989392699854e-18,0.0017085650263834813,True,success,-6.53224639649105e-17,1.4806179854329754e-16,0.03288068822421969,-1.1844943883463803e-17,2.305536926028481e-16
0.002346935658523244,2.398074143973654e-21,2.1097481213734454e-07,8.126731785341392e-08,-3.767054259975302e-25,6.798488837965227e-12,typ,4.219496242746891e-05,5.524949533178067e-19,True,3.462699011721077e-05,0.75,1.36,-2.0435789411309112e-16,-0.00023670187908556942,5.153187147026885e-10,True,False,49,1.5,101,1.3596977675930452e-09,2.7193955351860906e-07,1.3596977675930454e-09,1.3596977675930452e-09,0.0,3.346235125036617,1.0171335108428285,-10.892093280611318,-10.892093280611318,0.49994999907780646,0.0023000263667290865,0.0,0.0011373809776576305,0.0011373809776576305,True,8.126731785341392e-08,8.08522610333382e-08,success,0.9998999981556109,0.0065136293515271285,0.5,1.9452729489701556e-14,0.005,"[0.005, 0.0075, 0.01, 0.015, 0.02, 0.03, 0.05, 0.08]",3.222417296686304e-05,8.989373499488932e-05,False,1.0217894705654556e-18,4.951443096553764e-10,True,success,-5.0680129747298e-16,9.270772949022713e-16,8.365587812591545e-05,-4.635386474511357e-18,1.520890583679698e-16
0.002485186032473398,3.7428268356799396e-20,9.387300261586452e-07,8.182335719891813e-08,-3.541606811207837e-25,1.5795897748128147e-11,typ,0.00012516400348781936,1.292473383722676e-18,True,3.292443951066427e-05,0.75,1.36,-2.0080733255770885e-15,-0.00023652411275267143,5.153187147026885e-10,True,False,49,1.5,101,2.10611969975042e-09,2.808159599667227e-07,2.10611969975042e-09,2.10611969975042e-09,0.0,3.4319779776823385,1.0431962127996337,-10.892093280611318,-10.892093280611318,0.4999499990778064,0.0023000263667290865,0.0,0.0011373809776576305,0.0011373809776576305,True,8.182335719891813e-08,8.08522610333382e-08,success,0.9998999981556109,0.0065136293515271285,0.5,1.9452729489701556e-14,0.0075,"[0.005, 0.0075, 0.01, 0.015, 0.02, 0.03, 0.05, 0.08]",1.6826880261587205e-05,0.00037773028412861625,False,1.5060549941828162e-17,2.3329187492728527e-09,True,success,-3.115225865105018e-16,5.771142344433429e-16,0.0001930487612446315,-4.328356758325072e-18,0.0
0.0032133949754325057,3.1340219048409113e-19,5.468966039450454e-06,8.269124384363665e-08,-2.0639125635478376e-25,2.9608881358403803e-11,typ,0.0005468966039450454,2.4483952283450768e-18,True,2.5733295930266666e-05,0.75,1.36,-9.752993107917239e-15,-0.00023579596333695612,5.153187147026885e-10,True,False,49,1.5,101,2.96088813584038e-09,2.96088813584038e-07,2.96088813584038e-09,2.96088813584038e-09,0.0,3.580654974109728,1.088388600574866,-10.892093280611318,-10.892093280611318,0.49994999907780646,0.0023000263667290865,0.0,0.0011373809776576305,0.0011373809776576305,True,8.269124384363665e-08,8.08522610333382e-08,success,0.9998999981556109,0.0065136293515271285,0.5,1.9452729489701556e-14,0.01,"[0.005, 0.0075, 0.01, 0.015, 0.02, 0.03, 0.05, 0.08]",5.413981572534876e-06,0.0017019277372568743,False,9.752993107917238e-17,1.75739479919811e-08,True,success,-1.3190174238567215e-16,2.495926373354054e-16,0.00035806549741097284,-2.4959263733540536e-18,0.0
0.009668657945028004,2.1819568721270777e-18,5.3486260884492756e-05,8.566934245549429e-08,1.0339757656912846e-25,7.802923911489196e-11,typ,0.0035657507256328506,6.684713607275329e-18,True,8.860520554411459e-06,0.75,1.36,-1.5044879268889803e-14,-0.000226852197475503,5.153187147026885e-10,True,False,49,1.5,101,5.201949274326131e-09,3.467966182884087e-07,5.201949274326131e-09,5.201949274326131e-09,0.0,4.048083110577994,1.2304697167389567,-10.892093280611318,-10.892093280611318,0.49994999907780646,0.0023000263667290865,0.0,0.0011373809776576305,0.0011373809776576305,True,8.566934245549429e-08,8.08522610333382e-08,success,0.9998999981556109,0.0065136293515271285,0.5,1.9452729489701556e-14,0.015,"[0.005, 0.0075, 0.01, 0.015, 0.02, 0.03, 0.05, 0.08]",1.4588650959056839e-06,0.005531921926351469,False,2.2567318903334705e-16,5.171403612506914e-07,True,success,3.999161631788255e-17,-8.046252689351821e-17,0.0009108186998800485,1.2069379034027731e-18,0.0
0.024469826725734053,5.095750210681871e-18,0.0001871975295652332,9.042600294892393e-08,5.428372769879244e-25,1.658286684800802e-10,typ,0.009359876478261659,1.4995223664995862e-17,True,3.695408388561497e-06,0.75,1.36,-1.041231363792791e-14,-0.00019543392031284634,5.153187147026885e-10,True,False,49,1.5,101,8.291433424004011e-09,4.1457167120020054e-07,8.291433424004011e-09,8.291433424004011e-09,0.0,4.584651070271971,1.3935668190812005,-10.892093280611318,-10.892093280611318,0.49994999907780646,0.0023000263667290865,0.0,0.0011373809776576305,0.0011373809776576305,True,9.042600294892393e-08,8.08522610333382e-08,success,0.9998999981556109,0.0065136293515271285,0.5,1.9452729489701556e-14,0.02,"[0.005, 0.0075, 0.01, 0.015, 0.02, 0.03, 0.05, 0.08]",8.858485946113594e-07,0.0076501371122650475,False,2.082462727585582e-16,4.5806911119467335e-06,True,success,1.4018230259658315e-16,-3.0015551903501677e-16,0.0018338604281087885,6.003110380700336e-18,0.0
0.06756191380899475,9.324138683375338e-18,0.0007302383923067062,1.0391057339275878e-07,4.1359030627651384e-25,5.068523897380766e-10,typ,0.024341279743556876,5.2667322443173593e-17,True,1.5380051797603876e-06,0.75,1.36,-4.6002933495616795e-15,-2.8501104359129903e-05,5.153187147026885e-10,True,False,49,1.5,101,1.6895079657935888e-08,5.631693219311963e-07,1.6895079657935888e-08,1.6895079657935888e-08,0.0,5.419749920949256,1.6474064311081356,-10.892093280611318,-10.892093280611318,0.4999499990778065,0.0023000263667290865,0.0,0.0011373809776576305,0.0011373809776576305,True,1.0391057339275878e-07,8.08522610333382e-08,success,0.9998999981556109,0.0065136293515271285,0.5,1.9452729489701556e-14,0.03,"[0.005, 0.0075, 0.01, 0.015, 0.02, 0.03, 0.05, 0.08]",6.940916761949629e-07,0.010808432608513335,False,1.3800880048685038e-16,4.933630332104458e-05,True,success,5.699014098031268e-17,-1.3267507908402315e-16,0.00487777492885433,3.980252372520694e-18,0.0
0.146962647268195,1.0408340855860843e-17,0.0026974177036279837,1.3733601653587437e-07,2.481541837659083e-24,2.109456287976494e-09,typ,0.05394835407255967,2.8970432364724393e-16,True,9.344960715442693e-07,0.75,1.36,-1.4164607196911004e-15,0.0007599413514907405,5.153187147026885e-10,True,False,49,1.5,101,4.2189125759529876e-08,8.437825151905975e-07,4.2189125759529876e-08,4.2189125759529876e-08,0.0,6.143927401376083,1.8675299895600517,-10.892093280611318,-10.892093280611318,0.4999499990778065,0.0023000263667290865,0.0,0.0011373809776576305,0.0011373809776576305,True,1.3733601653587437e-07,8.08522610333382e-08,success,0.9998999981556109,0.0065136293515271285,0.5,1.9452729489701556e-14,0.05,"[0.005, 0.0075, 0.01, 0.015, 0.02, 0.03, 0.05, 0.08]",7.820280430202964e-07,0.018354444165022514,False,7.082303598455503e-17,0.0003964196465132639,True,success,1.4579549784152911e-16,-3.6138252735921816e-16,0.01535981850344021,1.8069126367960908e-17,0.0
0.21701096787832408,-2.42861286636753e-17,0.007492791540724106,1.8871363680651588e-07,0.0,7.633807997989856e-09,typ,0.09365989425905133,1.4406036699833336e-15,True,8.696041432907012e-07,0.75,1.36,1.3988998402428841e-15,0.002983108338739532,5.153187147026885e-10,True,False,49,1.5,101,9.54225999748732e-08,1.192782499685915e-06,9.54225999748732e-08,9.54225999748732e-08,0.0,6.320595161381209,1.921230549225531,-10.892093280611318,-10.892093280611318,0.49994999907780646,0.0023000263667290865,0.0,0.0011373809776576305,0.0011373809776576305,True,1.8871363680651588e-07,8.08522610333382e-08,success,0.9998999981556109,0.0065136293515271285,0.5,1.9452729489701556e-14,0.08,"[0.005, 0.0075, 0.01, 0.015, 0.02, 0.03, 0.05, 0.08]",1.0188202830012433e-06,0.03452724815699288,False,-1.1191198721943074e-16,0.0016260179443630574,True,success,0.0,-0.0,0.040451809032839736,0.0,0.0
0.32426057806001934,-2.1559196045881695e-20,2.666928337725593e-05,0.006875418499902742,2.4576844624528905e-21,5.654782075707024e-07,arith,0.005333856675451186,3.8878993296234495e-09,True,0.02120337458545494,0.75,1.5,1.3297451188711059e-17,-0.014364778248855039,9.128277858411152e-10,True,False,50,1.5,378,0.00011309564151414048,0.022619128302828095,0.00011309564151414048,0.00011309564151414048,0.0,3.2898547634806605,0.9999959359417311,-2.6816875619288484e-05,-2.6816875619288484e-05,0.4999579777389073,0.324260882683831,0.0,0.12447487390382984,0.324260882683831,True,0.006875418499902742,0.006875427229476764,success,0.9999159554778148,0.9999159554778148,0.5,5.2984624488979275e-15,0.005,"[0.005, 0.0075, 0.01, 0.015, 0.02, 0.03, 0.05, 0.08]",0.021203352170045667,8.224645603487314e-05,False,-6.648725594355529e-20,8.647797244355474e-06,True,success,3.9415643233678597e-17,-7.149192336401505e-17,8.224636908701652e-05,3.574596168200752e-19,0.0
0.3242601971618503,-5.0769037276054627e-20,6.000559138525126e-05,0.006875407583965412,-1.864878691000801e-21,1.2723174772066265e-06,arith,0.008000745518033502,8.74770123199818e-09,True,0.02120336582825687,0.75,1.5,2.087584300937761e-17,-0.014348109987879675,9.128277858411152e-10,True,False,50,1.5,378,0.00016964233029421688,0.02261897737256225,0.00016964233029421688,0.00016964233029421688,0.0,3.289838034520811,0.999990850947692,-2.6816875619288484e-05,-2.6816875619288484e-05,0.4999579777389073,0.324260882683831,0.0,0.12447487390382984,0.324260882683831,True,0.006875407583965412,0.006875427229476764,success,0.9999159554778148,0.9999159554778148,0.5,5.2984624488979275e-15,0.0075,"[0.005, 0.0075, 0.01, 0.015, 0.02, 0.03, 0.05, 0.08]",0.02120331535503121,0.00018505382995033536,False,-1.5656882257033207e-19,1.9457424893394998e-05,True,success,-1.993901112300501e-17,3.616520025857583e-17,0.00018505338944179564,-2.712390019393187e-19,0.0
0.32425966368311876,-2.295459287059154e-19,0.00010667586897229404,0.00687539229423312,-2.5874209560658706e-21,2.2618765838086087e-06,arith,0.010667586897229403,1.5551288834824043e-08,True,0.0212033535597325,0.75,1.5,7.079077492976063e-17,-0.014324774560815623,9.128277858411152e-10,True,False,50,1.5,378,0.00022618765838086088,0.022618765838086086,0.00022618765838086088,0.00022618765838086088,0.0,3.289814583679546,0.9999837227467088,-2.6816875619288484e-05,-2.6816875619288484e-05,0.4999579777389073,0.324260882683831,0.0,0.12447487390382984,0.324260882683831,True,0.00687539229423312,0.006875427229476764,success,0.9999159554778148,0.9999159554778148,0.5,5.2984624488979275e-15,0.01,"[0.005, 0.0075, 0.01, 0.015, 0.02, 0.03, 0.05, 0.08]",0.021203263733394716,0.00032898285207790304,False,-7.079077492976064e-19,3.459068139606051e-05,True,success,-2.0748365863434983e-17,3.7633066526780215e-17,0.0003289814583679546,-3.7633066526780218e-19,0.0
0.32425813803203696,-2.439454888092385e-19,0.00024001595126443845,0.006875348561457654,-4.235164736271502e-21,5.0890859897863e-06,arith,0.01600106341762923,3.498924003901154e-08,True,0.021203318452344792,0.75,1.5,5.0154585744508796e-17,-0.014258102802629362,9.128277858411152e-10,True,False,50,1.5,378,0.0003392723993190867,0.022618159954605782,0.0003392723993190867,0.0003392723993190867,0.0,3.289747385521712,0.9999632969560378,-2.6816875619288484e-05,-2.6816875619288484e-05,0.4999579777389074,0.324260882683831,0.0,0.12447487390382984,0.324260882683831,True,0.006875348561457654,0.006875427229476764,success,0.9999159554778148,0.9999159554778148,0.5,5.2984624488979275e-15,0.015,"[0.005, 0.0075, 0.01, 0.015, 0.02, 0.03, 0.05, 0.08]",0.021203115722002085,0.0007402002389859054,False,-7.523187861676319e-19,7.782712545499494e-05,True,success,-2.264138830213023e-17,4.106618206009517e-17,0.0007401931617423851,-6.159927309014276e-19,0.0
0.3242559985558225,1.6263032587282567e-19,0.0004266831476383946,0.006875287215995049,-1.3552527156068805e-20,9.046923182060807e-06,arith,0.021334157381919728,6.220019529771192e-08,True,0.021203269165771282,0.75,1.5,-2.5077458334950117e-17,-0.01416476456409663,9.128277858411152e-10,True,False,50,1.5,378,0.0004523461591030403,0.022617307955152016,0.0004523461591030403,0.0004523461591030403,0.0,3.2896528166174432,0.999934551456089,-2.6816875619288484e-05,-2.6816875619288484e-05,0.4999579777389074,0.324260882683831,0.0,0.12447487390382984,0.324260882683831,True,0.006875287215995049,0.006875427229476764,success,0.9999159554778148,0.9999159554778148,0.5,5.2984624488979275e-15,0.02,"[0.005, 0.0075, 0.01, 0.015, 0.02, 0.03, 0.05, 0.08]",0.021202907197375165,0.001315883590554266,False,5.015491666990024e-19,0.00013835457010442906,True,success,-5.434059783153862e-17,9.855971634566374e-17,0.0013158611266469776,-1.971194326913275e-18,0.0
0.32424986261874056,2.168404344971009e-19,0.0009599600703895856,0.006875111166245619,-6.776263578034403e-21,2.0353364102496593e-05,arith,0.03199866901298619,1.399316408117371e-07,True,0.021203127460780184,0.75,1.5,-2.229149590029446e-17,-0.0138980982700216,9.128277858411152e-10,True,False,50,1.5,378,0.0006784454700832198,0.022614849002773996,0.0006784454700832198,0.0006784454700832198,0.0,3.2893793941551026,0.9998514409935327,-2.6816875619288484e-05,-2.6816875619288484e-05,0.4999579777389073,0.324260882683831,0.0,0.12447487390382984,0.324260882683831,True,0.006875111166245619,0.006875427229476764,success,0.9999159554778148,0.9999159554778148,0.5,5.2984624488979275e-15,0.03,"[0.005, 0.0075, 0.01, 0.015, 0.02, 0.03, 0.05, 0.08]",0.021202302814779035,0.0029605565986571465,False,6.687448770088337e-19,0.00031126692094329963,True,success,-1.811474926803148e-17,3.285408004893301e-17,0.0029604414547395918,-9.856224014679904e-19,0.0
0.3242299902099096,1.734723475976807e-18,0.0026658518831530944,0.006874539822383191,2.710505431213761e-20,5.6516799382376874e-05,arith,0.05331703766306189,3.8852698798779153e-07,True,0.02120266486740646,0.75,1.5,-1.070057384175801e-16,-0.013044912237596027,9.128277858411152e-10,True,False,50,1.5,378,0.0011303359876475374,0.022606719752950748,0.0011303359876475374,0.0011303359876475374,0.0,3.288470259397479,0.9995750971643342,-2.6816875619288484e-05,-2.6816875619288484e-05,0.4999579777389073,0.324260882683831,0.0,0.12447487390382984,0.324260882683831,True,0.006874539822383191,0.006875427229476764,success,0.9999159554778148,0.9999159554778148,0.5,5.2984624488979275e-15,0.05,"[0.005, 0.0075, 0.01, 0.015, 0.02, 0.03, 0.05, 0.08]",0.021200277382076606,0.008222101482429791,False,5.350286920879005e-18,0.0008643491299757969,True,success,4.348502120569795e-17,-7.885634533350081e-17,0.008221175648493697,3.9428172666750404e-18,0.0
0.3241798935365353,0.0,0.006819806643749263,0.006873091098795086,-1.0842021724855044e-19,0.00014454319122606354,arith,0.08524758304686579,9.934585210072933e-07,True,0.021201472502860464,0.75,1.5,-0.0,-0.010966259391585544,9.128277858411152e-10,True,False,50,1.5,378,0.0018067898903257943,0.022584873629072428,0.0018067898903257943,0.0018067898903257943,0.0,3.285984909036308,0.9988196412432551,-2.6816875619288484e-05,-2.6816875619288484e-05,0.4999579777389074,0.324260882683831,0.0,0.12447487390382984,0.324260882683831,True,0.006873091098795086,0.006875427229476764,success,0.9999159554778148,0.9999159554778148,0.5,5.2984624488979275e-15,0.08,"[0.005, 0.0075, 0.01, 0.015, 0.02, 0.03, 0.05, 0.08]",0.021194617204953387,0.021037105569228234,False,0.0,0.0022108441917103924,True,success,-1.0877658085027035e-16,1.9718241707060574e-16,0.02103030341783237,-1.577459336564846e-17,0.0
0.3331939194745523,-5.5321934751810876e-18,2.7404089513494267e-05,3.7909669355969795e-07,-2.7329143126081182e-24,3.1179626430491564e-11,typ,0.005480817902698853,1.182009328622592e-17,True,1.13776594170006e-06,0.75,1.5,3.320704941978156e-15,-0.000245403345163148,4.2491865209149164e-10,True,False,51,1.5,94,6.235925286098313e-09,1.2471850572196625e-06,6.235925286098313e-09,6.235925286098313e-09,0.0,3.289886402090877,1.000005552926039,-13.72166615908363,-13.72166615908363,0.49995352409600297,0.3331770432614984,0.0,0.002462829197747399,0.002462829197747399,True,3.7909669355969795e-07,3.7909642418129755e-07,success,0.9999070481920059,0.005770622261531867,0.5,2.015824270748591e-14,0.005,"[0.005, 0.0075, 0.01, 0.015, 0.02, 0.03, 0.05, 0.08]",1.1377727552356065e-06,8.224666751635381e-05,False,-1.660352470989078e-17,9.130875994632632e-06,True,success,-7.949056119318608e-16,1.4418032966450837e-15,8.224716005227193e-05,-7.20901648322542e-18,0.0
0.333193856778192,-1.6983526753150955e-17,6.165913040498283e-05,3.7909752080922775e-07,-1.8142664860379753e-24,7.015481705949151e-11,typ,0.008221217387331045,2.659551722007815e-17,True,1.1377686385784535e-06,0.75,1.5,6.796254455738432e-15,-0.00022827580212923524,4.2491865209149164e-10,True,False,51,1.5,94,9.353975607932202e-09,1.2471967477242937e-06,9.353975607932202e-09,9.353975607932202e-09,0.0,3.2899100607727716,1.0000127443029978,-13.72166615908363,-13.72166615908363,0.49995352409600297,0.3331770432614984,0.0,0.002462829197747399,0.002462829197747399,True,3.7909752080922775e-07,3.7909642418129755e-07,success,0.9999070481920059,0.005770622261531867,0.5,2.015824270748591e-14,0.0075,"[0.005, 0.0075, 0.01, 0.015, 0.02, 0.03, 0.05, 0.08]",1.1377847303182549e-06,0.00018505482364289047,False,-5.097190841803824e-17,2.0544443465225715e-05,True,success,-3.5180082840998933e-16,6.381001849392957e-16,0.0001850574409184684,-4.785751387044717e-18,0.0
0.33319374675763863,-2.0591794464225668e-17,0.00010961625801919339,3.7909868668868755e-07,-6.664296927307108e-25,1.2472109975529743e-10,typ,0.010961625801919339,4.7281605119602045e-17,True,1.1377725133732466e-06,0.75,1.5,6.180126327281859e-15,-0.00020429725025412977,4.2491865209149164e-10,True,False,51,1.5,94,1.2472109975529744e-08,1.2472109975529743e-06,1.2472109975529744e-08,1.2472109975529744e-08,0.0,3.2899375316938855,1.000021094461727,-13.72166615908363,-13.72166615908363,0.4999535240960029,0.3331770432614984,0.0,0.002462829197747399,0.002462829197747399,True,3.7909868668868755e-07,3.7909642418129755e-07,success,0.9999070481920059,0.005770622261531867,0.5,2.015824270748591e-14,0.01,"[0.005, 0.0075, 0.01, 0.015, 0.02, 0.03, 0.05, 0.08]",1.137797458233424e-06,0.00032898654037144044,False,-6.180126327281859e-17,3.65234517149671e-05,True,success,-9.691884568527773e-17,1.7579319478834725e-16,0.00032899375316938854,-1.7579319478834724e-18,0.0
0.33319367098003144,-1.6595069502606252e-17,0.0002466369154319887,3.791016597472442e-07,-1.1632227364026952e-25,2.806285361419953e-10,typ,0.016442461028799246,1.0638674382386992e-16,True,1.1377816950489557e-06,0.75,1.5,3.320405107294852e-15,-0.0001357870377186412,4.2491865209149164e-10,True,False,51,1.5,94,1.870856907613302e-08,1.247237938408868e-06,1.870856907613302e-08,1.870856907613302e-08,0.0,3.2899827957504333,1.0000348530850844,-13.72166615908363,-13.72166615908363,0.4999535240960029,0.3331770432614984,0.0,0.002462829197747399,0.002462829197747399,True,3.791016597472442e-07,3.7909642418129755e-07,success,0.9999070481920059,0.005770622261531867,0.5,2.015824270748591e-14,0.015,"[0.005, 0.0075, 0.01, 0.015, 0.02, 0.03, 0.05, 0.08]",1.1378204907017659e-06,0.000740220889270042,False,-4.980607660942278e-17,8.217785925197587e-05,True,success,-1.1277663290445914e-17,2.045577497037325e-17,0.0007402461290438475,-3.0683662455559875e-19,0.0
0.33319372412638953,-9.974659986866641e-18,0.0004384658552981895,3.791047848625146e-07,-7.754818242684634e-25,4.988980754485059e-10,typ,0.021923292764909473,1.891346475612284e-16,True,1.1377908928401956e-06,0.75,1.5,1.4968259100647072e-15,-3.9872647226691635e-05,4.2491865209149164e-10,True,False,51,1.5,94,2.4944903772425294e-08,1.2472451886212647e-06,2.4944903772425294e-08,2.4944903772425294e-08,0.0,3.2899747996417092,1.0000324225594832,-13.72166615908363,-13.72166615908363,0.4999535240960029,0.3331770432614984,0.0,0.002462829197747399,0.002462829197747399,True,3.791047848625146e-07,3.7909642418129755e-07,success,0.9999070481920059,0.005770622261531867,0.5,2.015824270748591e-14,0.02,"[0.005, 0.0075, 0.01, 0.015, 0.02, 0.03, 0.05, 0.08]",1.1378265135587765e-06,0.0013159487215667583,False,-2.9936518201294144e-17,0.0001460940712290664,True,success,-5.638792014414746e-17,1.0227803172541046e-16,0.0013159899198566837,-2.0455606345082093e-18,0.0
0.33319383432585925,1.951563910473908e-18,0.0009865469609388442,3.7910755037124556e-07,-3.308722450212111e-24,1.1223841867839448e-09,typ,0.032884898697961476,4.2550431962708383e-16,True,1.1377988165305703e-06,0.75,1.5,-1.9523809760990392e-16,0.00023416837911280873,4.2491865209149164e-10,True,False,51,1.5,94,3.7412806226131496e-08,1.2470935408710499e-06,3.7412806226131496e-08,3.7412806226131496e-08,0.0,3.2895507875003247,0.9999035383233518,-13.72166615908363,-13.72166615908363,0.4999535240960029,0.3331770432614984,0.0,0.002462829197747399,0.002462829197747399,True,3.7910755037124556e-07,3.7909642418129755e-07,success,0.9999070481920059,0.005770622261531867,0.5,2.015824270748591e-14,0.03,"[0.005, 0.0075, 0.01, 0.015, 0.02, 0.03, 0.05, 0.08]",1.1376895689951055e-06,0.0029608800022812368,False,5.8571429282971174e-18,0.0003287113646577372,True,success,-1.6040147276870304e-16,2.9092205690021256e-16,0.002960595708750292,-8.727661707006377e-18,0.0
0.33319365547955593,1.0408340855860843e-17,0.0027403941061042852,3.7906234789136697e-07,-4.1359030627651384e-24,3.112618700939032e-09,typ,0.054807882122085705,1.179876552868526e-15,True,1.1376637629722979e-06,0.75,1.5,-6.247622477012907e-16,0.001111096672391094,4.2491865209149164e-10,True,False,51,1.5,94,6.225237401878064e-08,1.2450474803756127e-06,6.225237401878064e-08,6.225237401878064e-08,0.0,3.284545371761436,0.9983820743814931,-13.72166615908363,-13.72166615908363,0.4999535240960029,0.3331770432614984,0.0,0.002462829197747399,0.002462829197747399,True,3.7906234789136697e-07,3.7909642418129755e-07,success,0.9999070481920059,0.005770622261531867,0.5,2.015824270748591e-14,0.05,"[0.005, 0.0075, 0.01, 0.015, 0.02, 0.03, 0.05, 0.08]",1.1358288554210537e-06,0.008224628713773423,False,3.1238112385064536e-17,0.0009130819296675168,True,success,-1.2040709149384302e-16,2.1821756161075748e-16,0.00821136342940359,-1.0910878080537875e-17,0.0
0.3331928250958105,5.204170427930421e-18,0.0070153243243221645,3.786413611967241e-07,3.308722450212111e-24,7.880137753307788e-09,typ,0.08769155405402707,2.983746085330156e-15,True,1.136403105582615e-06,0.75,1.5,-1.9523868897964518e-16,0.0032485922189927777,4.2491865209149164e-10,True,False,51,1.5,94,9.850172191634735e-08,1.2312715239543418e-06,9.850172191634735e-08,9.850172191634735e-08,0.0,3.2518146460883637,0.9884331267814881,-13.72166615908363,-13.72166615908363,0.4999535240960029,0.3331770432614984,0.0,0.002462829197747399,0.002462829197747399,True,3.786413611967241e-07,3.7909642418129755e-07,success,0.9999070481920059,0.005770622261531867,0.5,2.015824270748591e-14,0.08,"[0.005, 0.0075, 0.01, 0.015, 0.02, 0.03, 0.05, 0.08]",1.1232749034834085e-06,0.02105484811176498,False,1.5619095118371615e-17,0.0023374557305842598,True,success,6.057304513292041e-17,-1.0923009176000502e-16,0.02081161373496553,8.738407340800403e-18,0.0
0.443117819214516,2.0667120529334468e-19,3.6383403864842245e-05,0.01340009273109959,-1.2203337415857997e-21,1.0981736460821614e-06,arith,0.007276680772968449,1.4715628692350704e-08,True,0.030240473639387824,0.75,1.7,-9.328047590579691e-17,-0.018997805871614305,9.06893364457336e-10,True,False,52,1.5,347,0.00021963472921643227,0.04392694584328645,0.00021963472921643227,0.00021963472921643227,0.0,3.2781076015495514,0.9964252268878365,-2.9536804481653423e-05,-2.9536804481653423e-05,0.49995780259063066,0.44335042102336875,0.0,0.19964807204202534,0.44335042102336875,True,0.01340009273109959,0.01341500641317096,success,0.9999156051812614,0.9999156051812614,0.5,2.5862432302285624e-15,0.005,"[0.005, 0.0075, 0.01, 0.015, 0.02, 0.03, 0.05, 0.08]",0.030183367399094312,8.21077426525897e-05,False,4.664023795289846e-19,1.612213457618989e-05,True,success,-1.0059796811675849e-17,1.8213810397798062e-17,8.195269003873879e-05,-9.106905198899032e-20,0.0
0.4428247640432933,2.282886141748348e-19,8.163168555266653e-05,0.013381356949606581,1.181627505032e-21,2.4562032560451056e-06,arith,0.010884224740355539,3.2867332509925487e-08,True,0.0302181766607306,0.75,1.7,-6.873708148580896e-17,-0.018975098223326832,9.06893364457336e-10,True,False,52,1.5,347,0.0003274937674726808,0.04366583566302411,0.0003274937674726808,0.0003274937674726808,0.0,3.2631844309562266,0.9918891269632,-2.9536804481653423e-05,-2.9536804481653423e-05,0.4999578025906307,0.44335042102336875,0.0,0.19964807204202534,0.44335042102336875,True,0.013381356949606581,0.01341500641317096,success,0.9999156051812614,0.9999156051812614,0.5,2.5862432302285624e-15,0.0075,"[0.005, 0.0075, 0.01, 0.015, 0.02, 0.03, 0.05, 0.08]",0.030088846498954505,0.000184343090497725,False,5.155281111435671e-19,3.614853189331587e-05,True,success,6.517759966013587e-18,-1.1773868270429683e-17,0.00018355412424128775,8.830401202822263e-20,0.0
0.4424102971246477,7.157428404298838e-20,0.00014453580502463736,0.013354964972730659,2.6205081805679917e-21,4.329595480660507e-06,arith,0.014453580502463736,5.782159599031403e-08,True,0.030186831227773027,0.75,1.7,-1.6178259074928936e-17,-0.018943416544024018,9.06893364457336e-10,True,False,52,1.5,347,0.00043295954806605067,0.043295954806605065,0.00043295954806605067,0.00043295954806605067,0.0,3.2419369796184827,0.9854306762064304,-2.9536804481653423e-05,-2.9536804481653423e-05,0.49995780259063066,0.44335042102336875,0.0,0.19964807204202534,0.44335042102336875,True,0.013354964972730659,0.01341500641317096,success,0.9999156051812614,0.9999156051812614,0.5,2.5862432302285624e-15,0.01,"[0.005, 0.0075, 0.01, 0.015, 0.02, 0.03, 0.05, 0.08]",0.02995517601968931,0.00032670081588068205,False,1.6178259074928935e-19,6.394412844609996e-05,True,success,1.0897841379360303e-17,-1.962197718914857e-17,0.0003241936979618483,1.9621977189148571e-19,0.0
0.44120190306679025,1.0842021724855044e-19,0.0003213027027193282,0.013278747829543733,-5.505714157152952e-21,9.501053002207872e-06,arith,0.021420180181288547,1.2616208693144776e-07,True,0.030096760093832966,0.75,1.7,-1.638255509097952e-17,-0.018853620433591737,9.06893364457336e-10,True,False,52,1.5,347,0.0006334035334805248,0.042226902232034985,0.0006334035334805248,0.0006334035334805248,0.0,3.180036459317711,0.9666151742515782,-2.9536804481653423e-05,-2.9536804481653423e-05,0.4999578025906307,0.44335042102336875,0.0,0.19964807204202534,0.44335042102336875,True,0.013278747829543733,0.01341500641317096,success,0.9999156051812614,0.9999156051812614,0.5,2.5862432302285624e-15,0.015,"[0.005, 0.0075, 0.01, 0.015, 0.02, 0.03, 0.05, 0.08]",0.029570411085235882,0.0007282441451089766,False,2.4573832636469277e-19,0.00014175936390027077,True,success,-1.550062565332614e-17,2.76417336324607e-17,0.0007155082033464848,-4.1462600448691045e-19,0.0
0.43946753597916516,5.963111948670274e-19,0.0005613690295652931,0.013171185400889978,6.776263578034403e-21,1.630487539457613e-05,arith,0.02806845147826465,2.1475453676037134e-07,True,0.029970781280905388,0.75,1.7,-6.784473778460147e-17,-0.01872974776702554,9.06893364457336e-10,True,False,52,1.5,347,0.0008152437697288065,0.04076218848644032,0.0008152437697288065,0.0008152437697288065,0.0,3.0948002966905337,0.940706487592029,-2.9536804481653423e-05,-2.9536804481653423e-05,0.49995780259063066,0.44335042102336875,0.0,0.19964807204202534,0.44335042102336875,True,0.013171185400889978,0.01341500641317096,success,0.9999156051812614,0.9999156051812614,0.5,2.5862432302285624e-15,0.02,"[0.005, 0.0075, 0.01, 0.015, 0.02, 0.03, 0.05, 0.08]",0.029044843117195344,0.0012773845246942363,False,1.3568947556920295e-18,0.0002467034641980745,True,success,1.4622415384313216e-17,-2.5723818212962556e-17,0.0012379201186762134,5.144763642592512e-19,0.0
0.4344840997984848,2.168404344971009e-19,0.0012059725383825341,0.012871553233071544,3.3881317890172014e-20,3.344697282686818e-05,arith,0.04019908461275114,4.305144912261312e-07,True,0.029624912025644698,0.75,1.7,-1.6635854998120932e-17,-0.018387097232087157,9.06893364457336e-10,True,False,52,1.5,347,0.0011148990942289395,0.03716330314096465,0.0011148990942289395,0.0011148990942289395,0.0,2.887243090871043,0.8776166622906476,-2.9536804481653423e-05,-2.9536804481653423e-05,0.49995780259063066,0.44335042102336875,0.0,0.19964807204202534,0.44335042102336875,True,0.012871553233071544,0.01341500641317096,success,0.9999156051812614,0.9999156051812614,0.5,2.5862432302285624e-15,0.03,"[0.005, 0.0075, 0.01, 0.015, 0.02, 0.03, 0.05, 0.08]",0.027734439850286886,0.0027756425124460674,False,4.990756499436279e-19,0.000523975892720829,True,success,5.163764263422442e-17,-8.774211181475494e-17,0.002598518781783938,2.632263354442648e-18,0.0
0.42060403648397304,0.0,0.0030328604390131523,0.012079442695695343,-5.421010862427522e-20,7.606401473774097e-05,arith,0.060657208780263046,9.188109072290681e-07,True,0.02871927430053474,0.75,1.7,-0.0,-0.017372049375944217,9.06893364457336e-10,True,False,52,1.5,347,0.0015212802947548194,0.030425605895096387,0.0015212802947548194,0.0015212802947548194,0.0,2.518792187816655,0.7656210174559711,-2.9536804481653423e-05,-2.9536804481653423e-05,0.49995780259063066,0.44335042102336875,0.0,0.19964807204202534,0.44335042102336875,True,0.012079442695695343,0.01341500641317096,success,0.9999156051812614,0.9999156051812614,0.5,2.5862432302285624e-15,0.05,"[0.005, 0.0075, 0.01, 0.015, 0.02, 0.03, 0.05, 0.08]",0.025079958760809668,0.007210725946346733,False,0.0,0.0012756333427414864,True,success,-5.65545051227272e-17,8.975597631436035e-17,0.006296980469541638,-4.487798815718018e-18,0.0
0.3987142455763323,0.0,0.006999639889356595,0.010894607952983762,0.0,0.00015658326032479461,arith,0.08749549861695743,1.7059132332386343e-06,True,0.02732435089505231,0.75,1.7,-0.0,-0.015145038129994168,9.06893364457336e-10,True,False,52,1.5,347,0.0019572907540599325,0.024466134425749155,0.0019572907540599325,0.0019572907540599325,0.0,2.2457104038377524,0.6826141087042603,-2.9536804481653423e-05,-2.9536804481653423e-05,0.49995780259063066,0.44335042102336875,0.0,0.19964807204202534,0.44335042102336875,True,0.010894607952983762,0.01341500641317096,success,0.9999156051812614,0.9999156051812614,0.5,2.5862432302285624e-15,0.08,"[0.005, 0.0075, 0.01, 0.015, 0.02, 0.03, 0.05, 0.08]",0.02237018800965598,0.01755552997420189,False,0.0,0.0027908561377908165,True,success,0.0,-0.0,0.014372546584561618,0.0,0.0
0.5838271921290337,3.9899121469980646e-19,4.8058519808746915e-05,4.2248813315521386e-06,-2.7383563928223018e-24,3.3935457332270264e-10,typ,0.009611703961749382,1.4337328016079277e-15,True,7.236527158225243e-06,0.75,1.7,-1.366812714717214e-16,-0.0032315226691369205,7.44377910873173e-10,True,False,53,1.5,180,6.787091466454052e-08,1.3574182932908104e-05,6.787091466454052e-08,6.787091466454052e-08,0.0,3.212914604614756,0.9766089320439623,-12.817522846194272,-12.817522846194272,0.4999583555317599,0.45372667702653463,0.0,0.008180466899831292,0.008180466899831292,True,4.2248813315521386e-06,4.182617525085614e-06,success,0.9999167110635171,0.006038038376248226,0.5,1.5408431644202305e-14,0.005,"[0.005, 0.0075, 0.01, 0.015, 0.02, 0.03, 0.05, 0.08]",7.061278097477697e-06,8.231634370008127e-05,False,6.834063573586069e-19,2.8057870677818254e-05,True,success,-7.231957405003522e-17,1.2962997906576862e-16,8.032286511536892e-05,-6.481498953288431e-19,0.0
0.583964633377914,1.582601652605855e-18,0.00010802167761867694,4.186557222645855e-06,1.4878042890213118e-24,7.352699325104479e-10,typ,0.014402890349156925,3.0782496465459456e-15,True,7.169196528955744e-06,0.75,1.7,-3.6134646110361753e-16,-0.003201506232612938,7.44377910873173e-10,True,False,53,1.5,180,9.803599100139305e-08,1.3071465466852407e-05,9.803599100139305e-08,9.803599100139305e-08,0.0,3.1222469374469446,0.9490492659773657,-12.817522846194272,-12.817522846194272,0.4999583555317599,0.45372667702653463,0.0,0.008180466899831292,0.008180466899831292,True,4.186557222645855e-06,4.182617525085614e-06,success,0.9999167110635171,0.006038038376248226,0.5,1.5408431644202305e-14,0.0075,"[0.005, 0.0075, 0.01, 0.015, 0.02, 0.03, 0.05, 0.08]",6.806688701003101e-06,0.00018497982830540776,False,2.7100984582771312e-18,6.30808393674579e-05,True,success,2.6815993224206893e-17,-4.738354085543147e-17,0.00017562639023139062,3.5537655641573605e-19,0.0
0.583895956770572,2.530087413448595e-18,0.00019166105426800424,4.13486635930627e-06,1.0646719212352446e-24,1.242516408968219e-09,typ,0.019166105426800424,5.1376393003287204e-15,True,7.081512230664352e-06,0.75,1.7,-4.3331134324718956e-16,-0.0031595303904712727,7.44377910873173e-10,True,False,53,1.5,180,1.242516408968219e-07,1.2425164089682189e-05,1.2425164089682193e-07,1.242516408968219e-07,0.0,3.00497356141078,0.9134024341682143,-12.817522846194272,-12.817522846194272,0.49995835553175993,0.45372667702653463,0.0,0.008180466899831292,0.008180466899831292,True,4.13486635930627e-06,4.182617525085614e-06,success,0.9999167110635171,0.006038038376248226,0.5,1.5408431644202305e-14,0.01,"[0.005, 0.0075, 0.01, 0.015, 0.02, 0.03, 0.05, 0.08]",6.482884139992148e-06,0.00032824521568542537,False,4.333113432471896e-18,0.00011191011465747286,True,success,1.4853677669193615e-17,-2.574864164204501e-17,0.0003004973561410781,2.574864164204501e-19,2.1303364213658383e-16
0.583055071691357,4.228388472693467e-18,0.00042192633460082425,3.998611385839417e-06,-2.895132143935597e-24,2.4464615516201283e-09,typ,0.028128422306721617,9.782449015326611e-15,True,6.858033794715195e-06,0.75,1.7,-4.83475024114793e-16,-0.003040814720010441,7.44377910873173e-10,True,False,53,1.5,180,1.6309743677467523e-07,1.0873162451645015e-05,1.6309743677467523e-07,1.6309743677467523e-07,0.0,2.719234604830808,0.8265482062879862,-12.817522846194272,-12.817522846194272,0.4999583555317599,0.45372667702653463,0.0,0.008180466899831292,0.008180466899831292,True,3.998611385839417e-06,4.182617525085614e-06,success,0.9999167110635171,0.006038038376248226,0.5,1.5408431644202305e-14,0.015,"[0.005, 0.0075, 0.01, 0.015, 0.02, 0.03, 0.05, 0.08]",5.79831442361775e-06,0.0007236474821784468,False,7.252125361721895e-18,0.000246006289269155,True,success,-2.9271474153699666e-17,4.826895913897086e-17,0.0006118277860869318,-7.240343870845629e-19,0.0
0.5798198028286374,4.174178364069192e-18,0.0007109317774259117,3.831479243913775e-06,-8.68539643180679e-24,3.703764028037986e-09,typ,0.03554658887129558,1.4190894997782019e-14,True,6.6080517174853155e-06,0.75,1.7,-3.5995479489537613e-16,-0.0028808828113477784,7.44377910873173e-10,True,False,53,1.5,180,1.8518820140189928e-07,9.259410070094964e-06,1.8518820140189928e-07,1.8518820140189928e-07,0.0,2.4166671618548747,0.734578731926115,-12.817522846194272,-12.817522846194272,0.49995835553175993,0.45372667702653463,0.0,0.008180466899831292,0.008180466899831292,True,3.831479243913775e-06,4.182617525085614e-06,success,0.9999167110635171,0.006038038376248226,0.5,1.5408431644202305e-14,0.02,"[0.005, 0.0075, 0.01, 0.015, 0.02, 0.03, 0.05, 0.08]",5.209731996294069e-06,0.0012261253823302473,False,7.199095897907522e-18,0.00041221232301170486,True,success,-7.290960622080155e-17,1.1334260058440042e-16,0.0009666668647419501,-2.2668520116880087e-18,0.0
0.5638600932253847,8.673617379884035e-19,0.0013745983317872675,3.462738418160642e-06,-1.9852334701272664e-23,5.932443978185973e-09,typ,0.045819944392908915,2.0542501676850322e-14,True,6.141130503407563e-06,0.75,1.7,-5.127523348489593e-17,-0.0024700263125703803,7.44377910873173e-10,True,False,53,1.5,180,1.9774813260619912e-07,6.591604420206638e-06,1.9774813260619912e-07,1.9774813260619912e-07,0.0,1.9035813925869705,0.5786193595693245,-12.817522846194272,-12.817522846194272,0.49995835553175993,0.45372667702653463,0.0,0.008180466899831292,0.008180466899831292,True,3.462738418160642e-06,4.182617525085614e-06,success,0.9999167110635171,0.006038038376248226,0.5,1.5408431644202305e-14,0.03,"[0.005, 0.0075, 0.01, 0.015, 0.02, 0.03, 0.05, 0.08]",4.315765442893086e-06,0.0024378358183220756,False,1.5382570045468779e-18,0.0007750811435090269,True,success,-1.3851120995768662e-16,1.911043833319444e-16,0.0017132232533282731,-5.733131499958332e-18,0.0
0.5153970620547513,-6.071532165918825e-18,0.003011236087330419,2.8011531101309207e-06,-1.6543612251060553e-23,9.21302733399102e-09,typ,0.060224721746608374,2.580710017033013e-14,True,5.4349419435249915e-06,0.75,1.7,2.356060060456393e-16,-0.001406713292372441,7.44377910873173e-10,True,False,53,1.5,180,1.842605466798204e-07,3.685210933596408e-06,1.842605466798204e-07,1.842605466798204e-07,0.0,1.3156049629233468,0.3998959561473822,-12.817522846194272,-12.817522846194272,0.49995835553175993,0.45372667702653463,0.0,0.008180466899831292,0.008180466899831292,True,2.8011531101309207e-06,4.182617525085614e-06,success,0.9999167110635171,0.006038038376248226,0.5,1.5408431644202305e-14,0.05,"[0.005, 0.0075, 0.01, 0.015, 0.02, 0.03, 0.05, 0.08]",3.0595499877124338e-06,0.005842555786650044,False,-1.1780300302281967e-17,0.0015519822325633426,True,success,-1.029818617155174e-16,1.181200141557941e-16,0.0032890124073083676,-5.9060007077897054e-18,0.0
0.45583035785224035,-3.9898639947466563e-17,0.006698734341283417,2.135259234770585e-06,-1.3234889800848443e-23,1.3170350821469184e-08,typ,0.08373417926604271,2.8122113216710437e-14,True,4.684328715690191e-06,0.75,1.7,1.0941197547553399e-15,0.0007426034758270961,7.44377910873173e-10,True,False,53,1.5,180,1.646293852683648e-07,2.05786731585456e-06,1.646293852683648e-07,1.646293852683648e-07,0.0,0.9637552585392095,0.2929464706101599,-12.817522846194272,-12.817522846194272,0.49995835553176,0.45372667702653463,0.0,0.008180466899831292,0.008180466899831292,True,2.135259234770585e-06,4.182617525085614e-06,success,0.9999167110635171,0.006038038376248226,0.5,1.5408431644202305e-14,0.08,"[0.005, 0.0075, 0.01, 0.015, 0.02, 0.03, 0.05, 0.08]",1.9660954070535457e-06,0.014695674006545313,False,-8.752958038042719e-17,0.0030534864719443115,True,success,-7.892168579666823e-17,7.747823768498076e-17,0.006168033654650941,-6.198259014798461e-18,0.0
0.4477898095350085,1.1521188706549365e-19,3.6810922918257167e-05,0.013711749152652747,-2.702796495645679e-22,1.1265851199478117e-06,arith,0.0073621845836514335,1.5447452563835602e-08,True,0.030620949518460967,0.75,1.9,-5.1458020978695944e-17,-0.026826364329211788,8.950792955083395e-10,True,False,54,1.5,324,0.00022531702398956234,0.04506340479791247,0.00022531702398956234,0.00022531702398956234,0.0,3.2864811262386797,0.998970473186119,-3.268595695157242e-05,-3.268595695157242e-05,0.49995759781252114,0.44785902101322284,0.0,0.21979476252860636,0.44785902101322284,True,0.013711749152652747,0.013716139288276148,success,0.9999151956250423,0.9999151956250423,0.5,2.1500437165152234e-15,0.005,"[0.005, 0.0075, 0.01, 0.015, 0.02, 0.03, 0.05, 0.08]",0.030604642063702718,8.220580757852031e-05,False,2.572901048934797e-19,1.6483556162374256e-05,True,success,-2.174627681684664e-18,3.942307382603746e-18,8.216202815596701e-05,-1.9711536913018728e-20,0.0
0.44770266560932914,1.2980779916672153e-19,8.275594074082624e-05,0.013706225112641883,-3.0986185746236417e-21,2.5304709818912212e-06,arith,0.011034125432110166,3.4683204918809016e-08,True,0.03061457115513827,0.75,1.9,-3.865893121723289e-17,-0.026803367005841336,8.950792955083395e-10,True,False,54,1.5,324,0.0003373961309188295,0.04498615078917727,0.0003373961309188295,0.0003373961309188295,0.0,3.282169263926978,0.9976598242067458,-3.268595695157242e-05,-3.268595695157242e-05,0.4999575978125212,0.44785902101322284,0.0,0.21979476252860636,0.44785902101322284,True,0.013706225112641883,0.013716139288276148,success,0.9999151956250423,0.9999151956250423,0.5,2.1500437165152234e-15,0.0075,"[0.005, 0.0075, 0.01, 0.015, 0.02, 0.03, 0.05, 0.08]",0.03057751454745842,0.00018484576281937998,False,2.8994198412924665e-19,3.7050055264675587e-05,True,success,-1.6638283079226157e-17,3.014317508196226e-17,0.0001846220210958925,-2.26073813114717e-19,0.0
0.4475794633449228,1.2112571145736495e-19,0.00014694697682560287,0.013698422430925963,4.129285617864714e-21,4.487578858042409e-06,arith,0.014694697682560286,6.147275088955725e-08,True,0.030605565162781845,0.75,1.9,-2.7062392575420865e-17,-0.02677120316336181,8.950792955083395e-10,True,False,54,1.5,324,0.00044875788580424087,0.044875788580424084,0.00044875788580424087,0.00044875788580424087,0.0,3.275982238590568,0.9957791940158153,-3.268595695157242e-05,-3.268595695157242e-05,0.49995759781252114,0.44785902101322284,0.0,0.21979476252860636,0.44785902101322284,True,0.013698422430925963,0.013716139288276148,success,0.9999151956250423,0.9999151956250423,0.5,2.1500437165152234e-15,0.01,"[0.005, 0.0075, 0.01, 0.015, 0.02, 0.03, 0.05, 0.08]",0.03053876272234087,0.00032831483314139367,False,2.7062392575420865e-19,6.577044902776215e-05,True,success,1.6654576720959133e-17,-3.014424207376111e-17,0.0003275982238590568,3.014424207376111e-19,0.0
0.44721940108449104,1.4907779871675686e-19,0.00032944744503284355,0.013675671347407102,-6.3527471044072525e-21,1.0022753529311293e-05,arith,0.021963163002189572,1.3706788326292585e-07,True,0.030579333799571503,0.75,1.9,-2.2222917633604227e-17,-0.026679523504983583,8.950792955083395e-10,True,False,54,1.5,324,0.000668183568620753,0.04454557124138353,0.000668183568620753,0.000668183568620753,0.0,3.25728588453022,0.9900961838462432,-3.268595695157242e-05,-3.268595695157242e-05,0.49995759781252114,0.44785902101322284,0.0,0.21979476252860636,0.44785902101322284,True,0.013675671347407102,0.013716139288276148,success,0.9999151956250423,0.9999151956250423,0.5,2.1500437165152234e-15,0.015,"[0.005, 0.0075, 0.01, 0.015, 0.02, 0.03, 0.05, 0.08]",0.030422920803990745,0.0007366573190562513,False,3.333437645040634e-19,0.00014733528905640407,True,success,-1.7159068734272976e-17,3.0968605699013715e-17,0.0007328893240192995,-4.645290854852057e-19,0.0
0.44669392427505733,7.047314121155779e-19,0.0005824505633892295,0.013642634469362369,-5.082197683525802e-21,1.7618051557410718e-05,arith,0.02912252816946147,2.403566374601348e-07,True,0.030541347728208067,0.75,1.9,-7.888303084257205e-17,-0.026551752466724605,8.950792955083395e-10,True,False,54,1.5,324,0.0008809025778705359,0.04404512889352679,0.0008809025778705359,0.0008809025778705359,0.0,3.228491461267259,0.9813437287043382,-3.268595695157242e-05,-3.268595695157242e-05,0.49995759781252114,0.44785902101322284,0.0,0.21979476252860636,0.44785902101322284,True,0.013642634469362369,0.013716139288276148,success,0.9999151956250423,0.9999151956250423,0.5,2.1500437165152234e-15,0.02,"[0.005, 0.0075, 0.01, 0.015, 0.02, 0.03, 0.05, 0.08]",0.030248149224704667,0.0013039142279234993,False,1.5776606168514411e-18,0.0002601771278565529,True,success,-1.0366293338581773e-17,1.8626159393697127e-17,0.0012913965845069038,-3.7252318787394254e-19,0.0
0.4450478719287238,8.673617379884035e-19,0.0012860154380401336,0.013540748468731392,1.3552527156068805e-20,3.818258438238032e-05,arith,0.042867181268004456,5.170207710079234e-07,True,0.03042537516256228,0.75,1.9,-6.49639280548614e-17,-0.02619101616090294,8.950792955083395e-10,True,False,54,1.5,324,0.0012727528127460107,0.04242509375820036,0.0012727528127460107,0.0012727528127460107,0.0,3.1331424445383766,0.9523611030020278,-3.268595695157242e-05,-3.268595695157242e-05,0.49995759781252114,0.44785902101322284,0.0,0.21979476252860636,0.44785902101322284,True,0.013540748468731392,0.013716139288276148,success,0.9999151956250423,0.9999151956250423,0.5,2.1500437165152234e-15,0.03,"[0.005, 0.0075, 0.01, 0.015, 0.02, 0.03, 0.05, 0.08]",0.029690611211145294,0.002889611475877575,False,1.948917841645842e-18,0.000572338433967247,True,success,1.884804416231736e-17,-3.336232899130259e-17,0.0028198282000845387,1.0008698697390778e-18,0.0
0.43878945275897174,0.0,0.003332962629442853,0.013172044682266727,-2.710505431213761e-20,9.290646032960108e-05,arith,0.06665925258885705,1.2237680467327466e-06,True,0.030019054923597188,0.75,1.9,-0.0,-0.02508665473685479,8.950792955083395e-10,True,False,54,1.5,324,0.0018581292065920215,0.037162584131840426,0.0018581292065920215,0.0018581292065920215,0.0,2.821322355660675,0.8575791615363848,-3.268595695157242e-05,-3.268595695157242e-05,0.4999575978125212,0.44785902101322284,0.0,0.21979476252860636,0.44785902101322284,True,0.013172044682266727,0.013716139288276148,success,0.9999151956250423,0.9999151956250423,0.5,2.1500437165152234e-15,0.05,"[0.005, 0.0075, 0.01, 0.015, 0.02, 0.03, 0.05, 0.08]",0.027875038114403217,0.007595812999802569,False,0.0,0.001462468848239333,True,success,-2.4501954394279434e-17,4.11554241819854e-17,0.007053305889151688,-2.05777120909927e-18,0.0
0.4231907540394372,3.469446951953614e-18,0.007509871669861066,0.012313285932354747,0.0,0.0001858462995175997,arith,0.09387339587326332,2.2883786254302473e-06,True,0.029096301879996348,0.75,1.9,-1.0247881477906462e-16,-0.022659786568506923,8.950792955083395e-10,True,False,54,1.5,324,0.002323078743969996,0.02903848429962495,0.002323078743969996,0.002323078743969996,0.0,2.358305042143347,0.7168387747789716,-3.268595695157242e-05,-3.268595695157242e-05,0.49995759781252114,0.44785902101322284,0.0,0.21979476252860636,0.44785902101322284,True,0.012313285932354747,0.013716139288276148,success,0.9999151956250423,0.9999151956250423,0.5,2.1500437165152234e-15,0.08,"[0.005, 0.0075, 0.01, 0.015, 0.02, 0.03, 0.05, 0.08]",0.024746934127176354,0.01774583116048235,False,8.19830518232517e-18,0.0031781082547079117,True,success,0.0,-0.0,0.015093152269717426,0.0,0.0
0.5223570500418575,3.670853411142e-18,4.331721035445579e-05,7.798825950475429e-06,1.2174943156435472e-23,6.339408230530317e-10,typ,0.008663442070891158,4.943994141891736e-15,True,1.4930067374127512e-05,0.75,1.9,-1.4054958809679499e-15,-0.01081556570831785,7.97218599295213e-10,True,False,55,1.5,220,1.2678816461060635e-07,2.535763292212127e-05,1.2678816461060635e-07,1.2678816461060635e-07,0.0,3.25146798802138,0.9883277553644904,-10.209543631830348,-10.209543631830348,0.49992338055543184,0.38988671343699977,0.0,0.011029436037935636,0.011029436037935636,True,7.798825950475429e-06,7.603409084674207e-06,success,0.9998467611108648,0.006878125230031931,0.5,1.9165747449084144e-14,0.005,"[0.005, 0.0075, 0.01, 0.015, 0.02, 0.03, 0.05, 0.08]",1.4634848778710006e-05,8.292643958951965e-05,False,7.02747940483975e-18,2.262705021679613e-05,True,success,1.7315218189305813e-16,-3.122250255038265e-16,8.12866997005345e-05,1.5611251275191323e-18,0.0
0.5236865621344957,3.747564926228643e-18,9.697374878093924e-05,7.762638293227587e-06,1.4197375835864978e-23,1.395781671393586e-09,typ,0.0129298331707919,1.0834948251345055e-14,True,1.4823061836049077e-05,0.75,1.9,-9.541495994484263e-16,-0.0107885889802879,7.97218599295213e-10,True,False,55,1.5,220,1.8610422285247815e-07,2.481389638033042e-05,1.8610422285247815e-07,1.8610422285247815e-07,0.0,3.1965802660132936,0.9716438884806176,-10.209543631830348,-10.209543631830348,0.49992338055543184,0.38988671343699977,0.0,0.011029436037935636,0.011029436037935636,True,7.762638293227587e-06,7.603409084674207e-06,success,0.9998467611108648,0.006878125230031931,0.5,1.9165747449084144e-14,0.0075,"[0.005, 0.0075, 0.01, 0.015, 0.02, 0.03, 0.05, 0.08]",1.4393397068175785e-05,0.00018517517116666815,False,7.156121995863197e-18,5.078384911638431e-05,True,success,1.3639380919869825e-16,-2.438582571125987e-16,0.00017980763996324777,1.8289369283444903e-18,0.0
0.523781924446549,3.4423418976414766e-18,0.0001723219555669691,7.709285462703133e-06,-2.1971985020939798e-25,2.4125750431975194e-09,typ,0.01723219555669691,1.8599229708203018e-14,True,1.4718502305800458e-05,0.75,1.9,-6.572089904169195e-16,-0.010750888786868753,7.97218599295213e-10,True,False,55,1.5,220,2.4125750431975195e-07,2.4125750431975194e-05,2.4125750431975195e-07,2.4125750431975195e-07,0.0,3.129440536181144,0.951235857792557,-10.209543631830348,-10.209543631830348,0.4999233805554319,0.38988671343699977,0.0,0.011029436037935636,0.011029436037935636,True,7.709285462703133e-06,7.603409084674207e-06,success,0.9998467611108648,0.006878125230031931,0.5,1.9165747449084144e-14,0.01,"[0.005, 0.0075, 0.01, 0.015, 0.02, 0.03, 0.05, 0.08]",1.4000392667665183e-05,0.00032899561348752543,False,6.572089904169194e-18,9.02591255112598e-05,True,success,-1.6110974682746944e-18,2.8500676395028293e-18,0.0003129440536181144,-2.8500676395028294e-20,0.0
0.5237837512590703,2.9815559743351372e-18,0.0003876527103540526,7.565193341754564e-06,-1.4475660719677984e-23,5.036837198678286e-09,typ,0.025843514023603506,3.8104647238942686e-14,True,1.4443352478135049e-05,0.75,1.9,-3.79489432062765e-16,-0.010643195655871702,7.97218599295213e-10,True,False,55,1.5,220,3.3578914657855245e-07,2.238594310523683e-05,3.3578914657855245e-07,3.3578914657855245e-07,0.0,2.9590708517232622,0.8994496835344244,-10.209543631830348,-10.209543631830348,0.4999233805554319,0.38988671343699977,0.0,0.011029436037935636,0.011029436037935636,True,7.565193341754564e-06,7.603409084674207e-06,success,0.9998467611108648,0.006878125230031931,0.5,1.9165747449084144e-14,0.015,"[0.005, 0.0075, 0.01, 0.015, 0.02, 0.03, 0.05, 0.08]",1.2993169050921948e-05,0.0007401006797599464,False,5.692341480941475e-18,0.00020304619081499151,True,success,-7.415653395306392e-17,1.2756369921865257e-16,0.0006657909416377339,-1.9134554882797884e-18,0.0
0.5237531246488982,4.607859233063394e-18,0.0006880207977576679,7.381366805550524e-06,-9.926167350636332e-24,8.146967933022011e-09,typ,0.03440103988788339,6.013575866669324e-14,True,1.409321769774391e-05,0.75,1.9,-4.398884718971659e-16,-0.010492534504561588,7.97218599295213e-10,True,False,55,1.5,220,4.073483966511005e-07,2.0367419832555026e-05,4.073483966511005e-07,4.073483966511005e-07,0.0,2.7593019516709907,0.8387272193097525,-10.209543631830348,-10.209543631830348,0.4999233805554319,0.38988671343699977,0.0,0.011029436037935636,0.011029436037935636,True,7.381366805550524e-06,7.603409084674207e-06,success,0.9998467611108648,0.006878125230031931,0.5,1.9165747449084144e-14,0.02,"[0.005, 0.0075, 0.01, 0.015, 0.02, 0.03, 0.05, 0.08]",1.1841165208339394e-05,0.0013136356908970952,False,8.797769437943318e-18,0.00036035304264900623,True,success,-4.047764113682444e-17,6.723800355763522e-17,0.0011037207806683963,-1.3447600711527043e-18,0.0
0.5230951417342555,1.214306433183765e-17,0.0015153086488837852,6.939141188146062e-06,-9.926167350636332e-24,1.4620160025310042e-08,typ,0.05051028829612617,1.0145135460891548e-13,True,1.3265543176601143e-05,0.75,1.9,-7.737957758875286e-16,-0.010066248778228848,7.97218599295213e-10,True,False,55,1.5,220,4.873386675103348e-07,1.624462225034449e-05,4.873386675103347e-07,4.873386675103348e-07,0.0,2.341013363165851,0.7115827346354818,-10.209543631830348,-10.209543631830348,0.4999233805554319,0.38988671343699977,0.0,0.011029436037935636,0.011029436037935636,True,6.939141188146062e-06,7.603409084674207e-06,success,0.9998467611108648,0.006878125230031931,0.5,1.9165747449084144e-14,0.03,"[0.005, 0.0075, 0.01, 0.015, 0.02, 0.03, 0.05, 0.08]",9.648305007748502e-06,0.0028968126980877165,False,2.321387327662586e-17,0.0007926505924590069,True,success,-3.116396212147365e-17,4.76820165565201e-17,0.0021069120268492657,-1.430460496695603e-18,2.172598348242954e-16
0.5144649857560268,1.9081958235744878e-17,0.0037030871928871397,5.979125809479449e-06,0.0,2.458358171639356e-08,typ,0.07406174385774279,1.469883279299358e-13,True,1.1622026717120281e-05,0.75,1.9,-7.418175683114052e-16,-0.008800273100621248,7.97218599295213e-10,True,False,55,1.5,220,4.916716343278711e-07,9.833432686557421e-06,4.916716343278711e-07,4.916716343278711e-07,0.0,1.644627157864326,0.4999067108554422,-10.209543631830348,-10.209543631830348,0.49992338055543195,0.38988671343699977,0.0,0.011029436037935636,0.011029436037935636,True,5.979125809479449e-06,7.603409084674207e-06,success,0.9998467611108648,0.006878125230031931,0.5,1.9165747449084144e-14,0.05,"[0.005, 0.0075, 0.01, 0.015, 0.02, 0.03, 0.05, 0.08]",6.638672122982549e-06,0.007197938237614568,False,3.709087841557026e-17,0.0019051086999420078,True,success,0.0,-0.0,0.004111567894660815,0.0,0.0
0.4846254961888026,1.734723475976807e-17,0.00761931912565127,4.75408826666194e-06,2.6469779601696886e-23,3.144437292833094e-08,typ,0.09524148907064087,1.4948932439112044e-13,True,9.809818724043814e-06,0.75,1.9,-4.474391797426671e-16,-0.00624080179125878,7.97218599295213e-10,True,False,55,1.5,220,3.9305466160413673e-07,4.913183270051709e-06,3.9305466160413673e-07,3.9305466160413673e-07,0.0,1.0334648821111343,0.3141356553248676,-10.209543631830348,-10.209543631830348,0.49992338055543184,0.38988671343699977,0.0,0.011029436037935636,0.011029436037935636,True,4.75408826666194e-06,7.603409084674207e-06,success,0.9998467611108648,0.006878125230031931,0.5,1.9165747449084144e-14,0.08,"[0.005, 0.0075, 0.01, 0.015, 0.02, 0.03, 0.05, 0.08]",4.126926882806369e-06,0.015722076501486628,False,3.5795134379413373e-17,0.00369251631188958,True,success,6.846131482028255e-17,-6.959741310262449e-17,0.0066141752455112605,5.56779304820996e-18,0.0
0.427473177176301,-9.425653286677566e-20,3.5151717844845086e-05,0.012388213567892048,-1.1711809570655369e-20,1.0185094555798442e-06,arith,0.007030343568969017,1.261751265664057e-08,True,0.028980095662897762,0.75,2.1,4.409939051118607e-17,-0.03737941718845181,8.81526040304302e-10,True,False,56,1.5,303,0.00020370189111596884,0.04074037822319377,0.00020370189111596884,0.00020370189111596884,0.0,3.2886402869890192,0.9996267793548145,-3.630170248699878e-05,-3.630170248699878e-05,0.49995736727526613,0.4274979434420485,0.0,0.21297282557971361,0.4274979434420485,True,0.012388213567892048,0.0123896533342425,success,0.9999147345505323,0.9999147345505323,0.5,2.6602637825600213e-15,0.005,"[0.005, 0.0075, 0.01, 0.015, 0.02, 0.03, 0.05, 0.08]",0.028974670884518553,8.223140005424856e-05,False,-2.204969525559304e-19,1.5026416510340806e-05,True,success,-1.0426465914307343e-16,1.8907987832903055e-16,8.221600717472548e-05,-9.453993916451528e-19,0.0
0.42744206673398943,-3.729591945879091e-20,7.906696645085515e-05,0.012386405173521024,-6.654668027989108e-21,2.290228298320462e-06,arith,0.010542262193447354,2.836769564286082e-08,True,0.02897797418060275,0.75,2.1,1.1633832156877633e-17,-0.0373574507464424,8.81526040304302e-10,True,False,56,1.5,303,0.0003053637731093949,0.040715169747919326,0.0003053637731093949,0.0003053637731093949,0.0,3.2870852501222854,0.9991541048269796,-3.630170248699878e-05,-3.630170248699878e-05,0.49995736727526613,0.4274979434420485,0.0,0.21297282557971361,0.4274979434420485,True,0.012386405173521024,0.0123896533342425,success,0.9999147345505323,0.9999147345505323,0.5,2.6602637825600213e-15,0.0075,"[0.005, 0.0075, 0.01, 0.015, 0.02, 0.03, 0.05, 0.08]",0.02896567809698347,0.00018497703573022682,False,-8.725374117658225e-20,3.379654755014053e-05,True,success,-3.9510667423619224e-17,7.163410674594639e-17,0.00018489854531937854,-5.37255800594598e-19,0.0
0.4273982221549687,-8.512681119905718e-20,0.00014050184080775829,0.012383856937882656,5.677767724563982e-21,4.067935053944482e-06,arith,0.014050184080775829,5.0376725740646426e-08,True,0.028974984676919033,0.75,2.1,1.9917446256524523e-17,-0.03732670920512422,8.81526040304302e-10,True,False,56,1.5,303,0.0004067935053944482,0.04067935053944482,0.0004067935053944482,0.0004067935053944482,0.0,3.2848692247893507,0.9984805138978365,-3.630170248699878e-05,-3.630170248699878e-05,0.49995736727526613,0.4274979434420485,0.0,0.21297282557971361,0.4274979434420485,True,0.012383856937882656,0.0123896533342425,success,0.9999147345505323,0.9999147345505323,0.5,2.6602637825600213e-15,0.01,"[0.005, 0.0075, 0.01, 0.015, 0.02, 0.03, 0.05, 0.08]",0.028952895069257037,0.0003287375415352436,False,-1.9917446256524524e-19,6.0050236970736324e-05,True,success,2.5296629106483192e-17,-4.5848137240632116e-17,0.00032848692247893505,4.584813724063212e-19,0.0
0.4272710181594702,-7.047314121155779e-19,0.0003157183920975004,0.012376466650054988,-6.776263578034403e-21,9.129015297668128e-06,arith,0.02104789280650003,1.1298495337943139e-07,True,0.02896631440945457,0.75,2.1,1.09958532510397e-16,-0.03723895209101775,8.81526040304302e-10,True,False,56,1.5,303,0.0006086010198445419,0.04057340132296946,0.0006086010198445419,0.0006086010198445419,0.0,3.2782701614429826,0.9964746391702822,-3.630170248699878e-05,-3.630170248699878e-05,0.4999573672752662,0.4274979434420485,0.0,0.21297282557971361,0.4274979434420485,True,0.012376466650054988,0.0123896533342425,success,0.9999147345505323,0.9999147345505323,0.5,2.6602637825600213e-15,0.015,"[0.005, 0.0075, 0.01, 0.015, 0.02, 0.03, 0.05, 0.08]",0.0289150569816943,0.0007389183414721214,False,-1.6493779876559548e-18,0.00013489731884316984,True,success,-2.01595106157003e-17,3.650079768124179e-17,0.0007376107863246712,-5.475119652186269e-19,0.0
0.4270877875108566,2.168404344971009e-19,0.0005601826818751286,0.012365830450794065,-6.776263578034403e-21,1.616601947931576e-05,arith,0.02800913409375643,1.9990625594545284e-07,True,0.02895383762402648,0.75,2.1,-2.538593245207097e-17,-0.037116290767624474,8.81526040304302e-10,True,False,56,1.5,303,0.0008083009739657881,0.0404150486982894,0.0008083009739657881,0.0008083009739657881,0.0,3.268284233647581,0.9934392810982912,-3.630170248699878e-05,-3.630170248699878e-05,0.4999573672752662,0.4274979434420485,0.0,0.21297282557971361,0.4274979434420485,True,0.012365830450794065,0.0123896533342425,success,0.9999147345505323,0.9999147345505323,0.5,2.6602637825600213e-15,0.02,"[0.005, 0.0075, 0.01, 0.015, 0.02, 0.03, 0.05, 0.08]",0.028858477783001796,0.0013116335757104476,False,5.077186490414194e-19,0.0002392471822039467,True,success,-1.5155738311147794e-17,2.7399144784486626e-17,0.0013073136934590324,-5.479828956897326e-19,0.0
0.42652548710773447,0.0,0.0012520458627402252,0.012333309502381314,-1.3552527156068805e-20,3.5896411657679695e-05,arith,0.04173486209134084,4.4272155499905234e-07,True,0.02891576207089845,0.75,2.1,-0.0,-0.036767288683268944,8.81526040304302e-10,True,False,56,1.5,303,0.00119654705525599,0.039884901841866334,0.00119654705525599,0.00119654705525599,0.0,3.2339172088534194,0.9829929582070611,-3.630170248699878e-05,-3.630170248699878e-05,0.4999573672752661,0.4274979434420485,0.0,0.21297282557971361,0.4274979434420485,True,0.012333309502381314,0.0123896533342425,success,0.9999147345505323,0.9999147345505323,0.5,2.6602637825600213e-15,0.03,"[0.005, 0.0075, 0.01, 0.015, 0.02, 0.03, 0.05, 0.08]",0.028670205082677147,0.002935453801906041,False,0.0,0.0005340294714864982,True,success,-2.0368307954072104e-17,3.6628522548231644e-17,0.002910525487968077,-1.0988556764469491e-18,0.0
0.4242525368323847,0.0,0.003368428957855478,0.012205293417830037,0.0,9.386119653459669e-05,arith,0.06736857915710955,1.1456034442533644e-06,True,0.028768934439282214,0.75,2.1,-0.0,-0.03567075255225182,8.81526040304302e-10,True,False,56,1.5,303,0.0018772239306919338,0.037544478613838674,0.0018772239306919338,0.0018772239306919338,0.0,3.0760816089019234,0.9350166887831088,-3.630170248699878e-05,-3.630170248699878e-05,0.49995736727526613,0.4274979434420485,0.0,0.21297282557971361,0.4274979434420485,True,0.012205293417830037,0.0123896533342425,success,0.9999147345505323,0.9999147345505323,0.5,2.6602637825600213e-15,0.05,"[0.005, 0.0075, 0.01, 0.015, 0.02, 0.03, 0.05, 0.08]",0.027864977325914503,0.007939679001109402,False,0.0,0.0014290645305098523,True,success,0.0,-0.0,0.007690204022254808,0.0,0.0
0.416655664495194,-6.938893903907228e-18,0.007853297158742304,0.011803960367562873,-1.0842021724855044e-19,0.00020243899183997632,arith,0.0981662144842788,2.3895818365284644e-06,True,0.028330252948472825,0.75,2.1,2.0817231395120234e-16,-0.03316383800184082,8.81526040304302e-10,True,False,56,1.5,303,0.002530487397999704,0.0316310924749963,0.0025304873979997045,0.002530487397999704,0.0,2.6797016840143013,0.8145316392980845,-3.630170248699878e-05,-3.630170248699878e-05,0.49995736727526613,0.4274979434420485,0.0,0.21297282557971361,0.4274979434420485,True,0.011803960367562873,0.0123896533342425,success,0.9999147345505323,0.9999147345505323,0.5,2.6602637825600213e-15,0.08,"[0.005, 0.0075, 0.01, 0.015, 0.02, 0.03, 0.05, 0.08]",0.025777579499156083,0.018848410877257832,False,-1.6653785116096188e-17,0.0032721207461539935,True,success,-7.013734451244615e-17,1.148133908794795e-16,0.01715009077769153,-9.18507127035836e-18,1.7138234687002082e-16
0.4943345681395522,4.280328280729014e-19,3.6012586050891274e-05,5.270892120191026e-06,-2.0902826453306109e-23,4.2254327563066083e-10,typ,0.0072025172101782544,2.227180021961355e-15,True,1.0662600716005434e-05,0.75,2.1,-1.7317535760601165e-16,-0.02171775743826088,7.694379888030529e-10,True,False,57,1.5,196,8.450865512613216e-08,1.6901731025226433e-05,8.450865512613216e-08,8.450865512613216e-08,0.0,3.2066167623658144,0.9746946175507958,-11.00822726301927,-11.00822726301927,0.49993394558069665,1.0818508441007648,0.0,0.0098868663805888,0.0098868663805888,True,5.270892120191026e-06,6.10962852749492e-06,success,0.9998678911613917,0.006629038535615844,0.5,1.7607156280809675e-14,0.005,"[0.005, 0.0075, 0.01, 0.015, 0.02, 0.03, 0.05, 0.08]",1.173321113439459e-05,7.285063269280576e-05,False,8.658767880300583e-19,1.7802266173055798e-05,True,success,-4.4292210340635017e-16,7.931418809819447e-16,8.016541905914536e-05,-3.965709404909724e-18,0.0
0.4767718639691776,-4.68329810492823e-19,8.706063611001188e-05,5.2264164892987464e-06,-1.3460466154418202e-23,9.496135074009633e-10,typ,0.01160808481466825,4.963075693541212e-15,True,1.096209085365957e-05,0.75,2.1,1.309724408074829e-16,-0.021694102088267185,7.694379888030529e-10,True,False,57,1.5,196,1.2661513432012844e-07,1.6882017909350457e-05,1.2661513432012844e-07,1.2661513432012844e-07,0.0,3.2301325284574864,0.9818425533147895,-11.00822726301927,-11.00822726301927,0.49993394558069665,1.0818508441007648,0.0,0.0098868663805888,0.0098868663805888,True,5.2264164892987464e-06,6.10962852749492e-06,success,0.9998678911613917,0.006629038535615844,0.5,1.7607156280809675e-14,0.0075,"[0.005, 0.0075, 0.01, 0.015, 0.02, 0.03, 0.05, 0.08]",1.0907495624095937e-05,0.00018260439151174447,False,-9.822933060561218e-19,4.1508061756512654e-05,True,success,-1.9106654521795896e-16,3.433956754621179e-16,0.0001816949547257336,-2.5754675659658835e-18,0.0
0.47500784948693114,-7.53012290109073e-19,0.00015607759695139277,5.202995524721061e-06,-1.6414365280349143e-24,1.6635042308997917e-09,typ,0.015607759695139277,8.655205068726166e-15,True,1.0953493779820602e-05,0.75,2.1,1.5852628349666682e-16,-0.02166004645989908,7.694379888030529e-10,True,False,57,1.5,196,1.6635042308997917e-07,1.6635042308997918e-05,1.6635042308997917e-07,1.6635042308997917e-07,0.0,3.197204808260861,0.9718337265598921,-11.00822726301927,-11.00822726301927,0.49993394558069665,1.0818508441007648,0.0,0.0098868663805888,0.0098868663805888,True,5.202995524721061e-06,6.10962852749492e-06,success,0.9998678911613917,0.006629038535615844,0.5,1.7607156280809675e-14,0.01,"[0.005, 0.0075, 0.01, 0.015, 0.02, 0.03, 0.05, 0.08]",1.065818710303348e-05,0.0003285789847893596,False,-1.5852628349666684e-18,7.413808368096908e-05,True,success,-1.7643527260042723e-17,3.154791350936082e-17,0.0003197204808260861,-3.154791350936082e-19,0.0
0.47483825886377456,-1.1519648082658485e-18,0.0003514826637957106,5.146640101910559e-06,1.5613034061938397e-23,3.5852494933287735e-09,typ,0.023432177586380706,1.845198881772038e-14,True,1.0838722461466755e-05,0.75,2.1,1.6173434311749978e-16,-0.021562427127127554,7.694379888030529e-10,True,False,57,1.5,196,2.3901663288858493e-07,1.593444219257233e-05,2.3901663288858493e-07,2.3901663288858493e-07,0.0,3.096086354796224,0.9410974023805331,-11.00822726301927,-11.00822726301927,0.4999339455806966,1.0818508441007648,0.0,0.0098868663805888,0.0098868663805888,True,5.146640101910559e-06,6.10962852749492e-06,success,0.9998678911613917,0.006629038535615844,0.5,1.7607156280809675e-14,0.015,"[0.005, 0.0075, 0.01, 0.015, 0.02, 0.03, 0.05, 0.08]",1.020035939926926e-05,0.0007402155517897027,False,-2.4260151467624966e-18,0.00016689741609755666,True,success,1.1493855047439838e-16,-2.022424177428229e-16,0.0006966194298291502,3.033636266142343e-18,0.0
0.47483724059620575,-1.3010426069826053e-18,0.0006248421602269886,5.073267718569694e-06,3.8050308177439273e-23,6.029575020405675e-09,typ,0.03124210801134943,3.058964830771832e-14,True,1.0684224582300449e-05,0.75,2.1,1.3699879619267183e-16,-0.021425740062048743,7.694379888030529e-10,True,False,57,1.5,196,3.0147875102028373e-07,1.5073937551014186e-05,3.0147875102028373e-07,3.0147875102028373e-07,0.0,2.971248194893996,0.9031511520054576,-11.00822726301927,-11.00822726301927,0.4999339455806966,1.0818508441007648,0.0,0.0098868663805888,0.0098868663805888,True,5.073267718569694e-06,6.10962852749492e-06,success,0.9998678911613917,0.006629038535615844,0.5,1.7607156280809675e-14,0.02,"[0.005, 0.0075, 0.01, 0.015, 0.02, 0.03, 0.05, 0.08]",9.649757017380661e-06,0.0013159080771390985,False,-2.7399759238534364e-18,0.0002966983271703555,True,success,2.175559355652971e-16,-3.7500788730470145e-16,0.0011884992779575985,7.500157746094029e-18,0.0
0.47481413065631795,-5.637851296924623e-18,0.0014035137054875073,4.888173201603893e-06,4.963083675318166e-23,1.1807852197865073e-08,typ,0.04678379018291691,5.771882668210368e-14,True,1.0294919392662456e-05,0.75,2.1,3.9579356306095546e-16,-0.021035424406140906,7.694379888030529e-10,True,False,57,1.5,196,3.9359507326216914e-07,1.3119835775405639e-05,3.9359507326216914e-07,3.9359507326216914e-07,0.0,2.6839956839296932,0.8158368587600473,-11.00822726301927,-11.00822726301927,0.4999339455806967,1.0818508441007648,0.0,0.0098868663805888,0.0098868663805888,True,4.888173201603893e-06,6.10962852749492e-06,success,0.9998678911613917,0.006629038535615844,0.5,1.7607156280809675e-14,0.03,"[0.005, 0.0075, 0.01, 0.015, 0.02, 0.03, 0.05, 0.08]",8.413065117710156e-06,0.00295592235965573,False,-1.1873806891828663e-17,0.0006664081399352783,True,success,2.0658217720417378e-16,-3.3844161343612604e-16,0.0024155961155367237,1.0153248403083781e-17,0.0
0.4736612850371566,-1.5612511283791264e-17,0.003759788555922669,4.439202157437405e-06,7.279189390466644e-23,2.3344389212637486e-08,typ,0.07519577111845337,1.0363046295679882e-13,True,9.372102592444662e-06,0.75,2.1,6.592268262991573e-16,-0.019805957185436335,7.694379888030529e-10,True,False,57,1.5,196,4.668877842527497e-07,9.337755685054993e-06,4.668877842527497e-07,4.668877842527497e-07,0.0,2.1034761098704617,0.639380067646366,-11.00822726301927,-11.00822726301927,0.4999339455806966,1.0818508441007648,0.0,0.0098868663805888,0.0098868663805888,True,4.439202157437405e-06,6.10962852749492e-06,success,0.9998678911613917,0.006629038535615844,0.5,1.7607156280809675e-14,0.05,"[0.005, 0.0075, 0.01, 0.015, 0.02, 0.03, 0.05, 0.08]",6.208963314137401e-06,0.007937715567418034,False,-3.2961341314957866e-17,0.0017808662788663268,True,success,2.2612016821749674e-16,-3.279503447830663e-16,0.005258690274676154,1.6397517239153314e-17,0.0
0.46401646515694417,-1.0408340855860843e-17,0.00835893795997073,3.7602706202329103e-06,6.617444900424221e-23,3.4730697664441557e-08,typ,0.10448672449963413,1.3059682204779134e-13,True,8.103743945726312e-06,0.75,2.1,2.803871639646567e-16,-0.01707218917569639,7.694379888030529e-10,True,False,57,1.5,196,4.3413372080551947e-07,5.426671510068994e-06,4.3413372080551947e-07,4.3413372080551947e-07,0.0,1.44315983027117,0.43866798656445066,-11.00822726301927,-11.00822726301927,0.4999339455806966,1.0818508441007648,0.0,0.0098868663805888,0.0098868663805888,True,3.7602706202329103e-06,6.10962852749492e-06,success,0.9998678911613917,0.006629038535615844,0.5,1.7607156280809675e-14,0.08,"[0.005, 0.0075, 0.01, 0.015, 0.02, 0.03, 0.05, 0.08]",4.15491750635785e-06,0.01801431325749074,False,-2.243097311717254e-17,0.0038786848446518162,True,success,1.8311504558107643e-16,-2.1997901111218224e-16,0.009236222913735487,1.7598320888974576e-17,0.0
0.4018693534653608,-2.7789572118419384e-20,3.304965719950364e-05,0.010838276204363242,2.614184772525936e-21,8.912672349420916e-07,arith,0.006609931439900728,9.659800464201495e-09,True,0.026969650984589075,0.75,2.3,1.3830152450684305e-17,-0.050140423508575775,8.860789091461867e-10,True,False,58,1.5,289,0.00017825344698841833,0.03565068939768366,0.00017825344698841833,0.00017825344698841833,0.0,3.2893320603263008,0.9998370532348512,-4.042945672640304e-05,-4.042945672640304e-05,0.4999571045873021,0.4018798610960144,0.0,0.1934989290588051,0.4018798610960144,True,0.010838276204363242,0.010838826727037357,success,0.9999142091746043,0.9999142091746043,0.5,2.8808489473950153e-15,0.005,"[0.005, 0.0075, 0.01, 0.015, 0.02, 0.03, 0.05, 0.08]",0.026967518288070993,8.223980483834621e-05,False,-6.915076225342152e-20,1.3281644371016335e-05,True,success,2.65981972748778e-17,-4.823986256178865e-17,8.223330150815752e-05,2.4119931280894325e-19,0.0
0.40185617487706304,-7.5624160322048e-20,7.435142306919409e-05,0.010837585712546947,3.679299364635867e-21,2.0048112732188894e-06,arith,0.009913523075892546,2.1727314010990088e-08,True,0.026968817179087546,0.75,2.3,2.5091617366232468e-17,-0.05011976890214071,8.860789091461867e-10,True,False,58,1.5,289,0.0002673081697625186,0.03564108930166915,0.0002673081697625186,0.0002673081697625186,0.0,3.288655817541222,0.99963150007661,-4.042945672640304e-05,-4.042945672640304e-05,0.49995710458730214,0.4018798610960144,0.0,0.1934989290588051,0.4018798610960144,True,0.010837585712546947,0.010838826727037357,success,0.9999142091746043,0.9999142091746043,0.5,2.8808489473950153e-15,0.0075,"[0.005, 0.0075, 0.01, 0.015, 0.02, 0.03, 0.05, 0.08]",0.026963993296444916,0.0001850199840575795,False,-1.881871302467435e-19,2.987857847125256e-05,True,success,2.496100716605958e-17,-4.526591637934329e-17,0.0001849868897366937,3.3949437284507463e-19,0.0
0.401837641665359,1.6135977645194421e-19,0.00013215439342397102,0.010836614609919915,6.988021814847978e-21,3.5627508800503478e-06,arith,0.013215439342397103,3.860815823825863e-08,True,0.026967644357579607,0.75,2.3,-4.015546572073525e-17,-0.050090857288507165,8.860789091461867e-10,True,False,58,1.5,289,0.00035627508800503476,0.03562750880050348,0.0003562750880050348,0.00035627508800503476,0.0,3.2876973190400074,0.9993401514686224,-4.042945672640304e-05,-4.042945672640304e-05,0.49995710458730214,0.4018798610960144,0.0,0.1934989290588051,0.4018798610960144,True,0.010836614609919915,0.010838826727037357,success,0.9999142091746043,0.9999142091746043,0.5,2.8808489473950153e-15,0.01,"[0.005, 0.0075, 0.01, 0.015, 0.02, 0.03, 0.05, 0.08]",0.02695900444732481,0.00032887509710707017,False,4.0155465720735255e-19,5.310460978920455e-05,True,success,3.556433642020098e-17,-6.448528499344337e-17,0.00032876973190400075,6.448528499344337e-19,1.5215801061989812e-16
0.40178414058232703,1.0842021724855044e-19,0.0002971767723645041,0.010833810921555425,4.235164736271502e-21,8.007246256735526e-06,arith,0.019811784824300273,8.674899194780514e-08,True,0.02696425723985374,0.75,2.3,-1.798979539799842e-17,-0.05000828434723709,8.860789091461867e-10,True,False,58,1.5,289,0.0005338164171157018,0.03558776114104679,0.0005338164171157018,0.0005338164171157018,0.0,3.284879291204891,0.9984835737212493,-4.042945672640304e-05,-4.042945672640304e-05,0.4999571045873021,0.4018798610960144,0.0,0.1934989290588051,0.4018798610960144,True,0.010833810921555425,0.010838826727037357,success,0.9999142091746043,0.9999142091746043,0.5,2.8808489473950153e-15,0.015,"[0.005, 0.0075, 0.01, 0.015, 0.02, 0.03, 0.05, 0.08]",0.02694438799178486,0.0007396428637869828,False,2.6984693096997627e-19,0.0001194009140855021,True,success,1.4379311416244538e-17,-2.606140330450745e-17,0.0007390978405211003,3.9092104956761173e-19,0.0
0.4017078055352928,-4.336808689942018e-19,0.0005278701281742199,0.010829809884953526,1.5246593050577406e-20,1.4211817504111232e-05,arith,0.026393506408710993,1.5391128168917938e-07,True,0.02695942109096522,0.75,2.3,5.397964179664166e-17,-0.04989276373993691,8.860789091461867e-10,True,False,58,1.5,289,0.0007105908752055615,0.03552954376027807,0.0007105908752055614,0.0007105908752055615,0.0,3.280717218281117,0.9972184552561217,-4.042945672640304e-05,-4.042945672640304e-05,0.49995710458730214,0.4018798610960144,0.0,0.1934989290588051,0.4018798610960144,True,0.010829809884953526,0.010838826727037357,success,0.9999142091746043,0.9999142091746043,0.5,2.8808489473950153e-15,0.02,"[0.005, 0.0075, 0.01, 0.015, 0.02, 0.03, 0.05, 0.08]",0.02692294324982284,0.001314064902151479,False,-1.0795928359328331e-18,0.0002120495507964996,True,success,3.8863112630973496e-17,-7.039178532469147e-17,0.0013122868873124468,1.4078357064938294e-18,1.5257755345815038e-16
0.40147923650568695,1.3010426069826053e-18,0.0011844914157795778,0.01081782832789716,2.0328790734103208e-20,3.180823546800089e-05,arith,0.039483047192652596,3.4409603070616323e-07,True,0.026944926024197832,0.75,2.3,-1.080207466689398e-16,-0.04956327755816877,8.860789091461867e-10,True,False,58,1.5,289,0.0010602745156000296,0.03534248385333432,0.0010602745156000296,0.0010602745156000296,0.0,3.267059041988368,0.9930668674909907,-4.042945672640304e-05,-4.042945672640304e-05,0.49995710458730214,0.4018798610960144,0.0,0.1934989290588051,0.4018798610960144,True,0.01081782832789716,0.010838826727037357,success,0.9999142091746043,0.9999142091746043,0.5,2.8808489473950153e-15,0.03,"[0.005, 0.0075, 0.01, 0.015, 0.02, 0.03, 0.05, 0.08]",0.026853918098736215,0.0029503179942477536,False,3.2406224000681938e-18,0.0004755487092547251,True,success,3.4655463667082044e-17,-6.263977734384714e-17,0.002940353137789531,1.879193320315414e-18,0.0
0.40059851538043817,-8.673617379884035e-19,0.0032463065260540406,0.010772022983921149,8.131516293641283e-20,8.613734461938958e-05,arith,0.0649261305210808,9.278734560140012e-07,True,0.026889822528900872,0.75,2.3,4.330329268268467e-17,-0.04851674499888512,8.860789091461867e-10,True,False,58,1.5,289,0.0017227468923877915,0.03445493784775583,0.0017227468923877917,0.0017227468923877915,0.0,3.19855777314855,0.9722449785714337,-4.042945672640304e-05,-4.042945672640304e-05,0.49995710458730214,0.4018798610960144,0.0,0.1934989290588051,0.4018798610960144,True,0.010772022983921149,0.010838826727037357,success,0.9999142091746043,0.9999142091746043,0.5,2.8808489473950153e-15,0.05,"[0.005, 0.0075, 0.01, 0.015, 0.02, 0.03, 0.05, 0.08]",0.02653395294870429,0.008103640930798524,False,-2.1651646341342335e-18,0.0013004655748070765,True,success,8.441646486548305e-17,-1.5097472973792917e-16,0.007996394432871376,7.548736486896458e-18,1.2586900342426503e-16
0.39727960075466373,6.938893903907228e-18,0.007863868701546912,0.010607445177300482,-5.421010862427522e-20,0.00019971563538176028,arith,0.0982983587693364,2.1184726533617546e-06,True,0.026700200959603283,0.75,2.3,-2.1832526420706776e-16,-0.04604959295127684,8.860789091461867e-10,True,False,58,1.5,289,0.0024964454422720032,0.03120556802840004,0.0024964454422720032,0.0024964454422720032,0.0,2.9418552259104516,0.8942167607809318,-4.042945672640304e-05,-4.042945672640304e-05,0.49995710458730214,0.4018798610960144,0.0,0.1934989290588051,0.4018798610960144,True,0.010607445177300482,0.010838826727037357,success,0.9999142091746043,0.9999142091746043,0.5,2.8808489473950153e-15,0.08,"[0.005, 0.0075, 0.01, 0.015, 0.02, 0.03, 0.05, 0.08]",0.025396613672157817,0.01979429270118294,False,1.746602113656542e-17,0.003124154618137653,True,success,-3.724507442136306e-17,6.388214565120113e-17,0.01882787344582689,-5.11057165209609e-18,0.0
0.38983344773612383,7.970307761994466e-18,4.183634456239004e-05,2.5114533628701693e-06,1.0152527437515428e-23,2.1322091774003227e-10,typ,0.008367268912478007,5.354943908924678e-16,True,6.442375269374419e-06,0.75,2.3,-4.089083585967474e-15,-0.035042138849279945,6.940696219711424e-10,True,False,59,1.5,158,4.264418354800645e-08,8.52883670960129e-06,4.264418354800645e-08,4.264418354800645e-08,0.0,3.39597654318146,1.0322530889302803,-14.244793852957853,-14.244793852957853,0.49994235511352003,0.10836281842733786,0.0,0.006009390611528505,0.006009390611528505,True,2.5114533628701693e-06,2.2570819898382303e-06,success,0.9998847102270383,0.005775840345787625,0.5,1.649726409344773e-14,0.005,"[0.005, 0.0075, 0.01, 0.015, 0.02, 0.03, 0.05, 0.08]",5.096547510790731e-06,0.00010731850949513402,False,2.0445417929837372e-17,1.6309206441432944e-05,True,success,4.3872937031084876e-16,-8.08498185760678e-16,8.48994135795365e-05,4.04249092880339e-18,0.0
0.4272912932618233,9.070346436554268e-18,8.298094370795894e-05,2.5362185498739354e-06,9.115849428793309e-24,4.681380521524058e-10,typ,0.01106412582772786,1.1873004117707834e-15,True,5.935572734265531e-06,0.75,2.3,-2.8303397329766177e-15,-0.035017982821276446,6.940696219711424e-10,True,False,59,1.5,158,6.241840695365412e-08,8.322454260487217e-06,6.241840695365412e-08,6.241840695365412e-08,0.0,3.2814420748168134,0.9974387852226247,-14.244793852957853,-14.244793852957853,0.49994235511352003,0.10836281842733786,0.0,0.006009390611528505,0.006009390611528505,True,2.5362185498739354e-06,2.2570819898382303e-06,success,0.9998847102270383,0.005775840345787625,0.5,1.649726409344773e-14,0.0075,"[0.005, 0.0075, 0.01, 0.015, 0.02, 0.03, 0.05, 0.08]",5.641512752614133e-06,0.0001942022807778399,False,2.122754799732463e-17,3.5457034753060336e-05,True,success,2.6455552383300776e-16,-4.792357466852331e-16,0.00018458111670844574,3.594268100139248e-18,0.0
0.4331335824779685,1.0718354914555916e-17,0.00014350207389412438,2.535191417479289e-06,5.056787729083939e-24,8.217253542398072e-10,typ,0.014350207389412437,2.0832310655938876e-15,True,5.853139816532795e-06,0.75,2.3,-2.4746072223806634e-15,-0.034986298116766096,6.940696219711424e-10,True,False,59,1.5,158,8.217253542398071e-08,8.217253542398071e-06,8.217253542398071e-08,8.217253542398071e-08,0.0,3.2412753868378075,0.9852295761155487,-14.244793852957853,-14.244793852957853,0.4999423551135201,0.10836281842733786,0.0,0.006009390611528505,0.006009390611528505,True,2.535191417479289e-06,2.2570819898382303e-06,success,0.9998847102270383,0.005775840345787625,0.5,1.649726409344773e-14,0.01,"[0.005, 0.0075, 0.01, 0.015, 0.02, 0.03, 0.05, 0.08]",5.7262263320743014e-06,0.0003313113545090299,False,2.4746072223806633e-17,6.215556735878025e-05,True,success,1.107913876350994e-16,-1.9946374440285237e-16,0.00032412753868378075,1.9946374440285238e-18,0.0
0.43403463285633753,8.809142651444724e-18,0.00032131841011683455,2.5204824123391914e-06,1.809457589959748e-24,1.802813949803313e-09,typ,0.021421227341122305,4.543960853199e-15,True,5.8070997601093586e-06,0.75,2.3,-1.3530629408491603e-15,-0.03489695394264252,6.940696219711424e-10,True,False,59,1.5,158,1.201875966535542e-07,8.01250644357028e-06,1.2018759665355422e-07,1.201875966535542e-07,0.0,3.1789574901790685,0.9662872069608557,-14.244793852957853,-14.244793852957853,0.49994235511352003,0.10836281842733786,0.0,0.006009390611528505,0.006009390611528505,True,2.5204824123391914e-06,2.2570819898382303e-06,success,0.9998847102270383,0.005775840345787625,0.5,1.649726409344773e-14,0.015,"[0.005, 0.0075, 0.01, 0.015, 0.02, 0.03, 0.05, 0.08]",5.610677424763155e-06,0.000740305924442644,False,2.0295944112737403e-17,0.00013946331816504237,True,success,2.6843004115249638e-17,-4.7860086389320465e-17,0.0007152654352902904,7.179012958398069e-19,2.2023719866865409e-16
0.43404852790368414,3.5236570605778894e-18,0.0005711839275357036,2.499896432166315e-06,8.271806125530277e-25,3.103403100913322e-09,typ,0.028559196376785178,7.758186339547093e-15,True,5.759486028532378e-06,0.75,2.3,-4.059058877121446e-16,-0.034772005146098614,6.940696219711424e-10,True,False,59,1.5,158,1.551701550456661e-07,7.758507752283304e-06,1.551701550456661e-07,1.551701550456661e-07,0.0,3.1035316713341112,0.9433605072331649,-14.244793852957853,-14.244793852957853,0.49994235511352003,0.10836281842733786,0.0,0.006009390611528505,0.006009390611528505,True,2.499896432166315e-06,2.2570819898382303e-06,success,0.9998847102270383,0.005775840345787625,0.5,1.649726409344773e-14,0.02,"[0.005, 0.0075, 0.01, 0.015, 0.02, 0.03, 0.05, 0.08]",5.433281560114162e-06,0.0013159448559688467,False,8.118117754242892e-18,0.0002479215429091167,True,success,9.391181706865079e-18,-1.6544297633886865e-17,0.0012414126685336444,3.308859526777373e-19,0.0
0.43404731364544435,-7.806255641895632e-18,0.0012850098889017228,2.445976868679655e-06,9.926167350636332e-24,6.423304420310715e-09,typ,0.04283366296339076,1.571125403256779e-14,True,5.635277058016017e-06,0.75,2.3,5.994934497142745e-16,-0.0344150272452506,6.940696219711424e-10,True,False,59,1.5,158,2.141101473436905e-07,7.13700491145635e-06,2.141101473436905e-07,2.141101473436905e-07,0.0,2.9178546219486226,0.8869214519763013,-14.244793852957853,-14.244793852957853,0.49994235511352003,0.10836281842733786,0.0,0.006009390611528505,0.006009390611528505,True,2.445976868679655e-06,2.2570819898382303e-06,success,0.9998847102270383,0.005775840345787625,0.5,1.649726409344773e-14,0.03,"[0.005, 0.0075, 0.01, 0.015, 0.02, 0.03, 0.05, 0.08]",4.9986420149658226e-06,0.0029605295287033965,False,-1.7984803491428232e-17,0.0005577550902856237,True,success,7.919106207616183e-17,-1.3527202536458033e-16,0.0026260691597537605,4.05816076093741e-18,0.0
0.43389752569590023,-1.5612511283791264e-17,0.003539907786659062,2.30351444877768e-06,1.3234889800848443e-23,1.4300754649029385e-08,typ,0.07079815573318123,3.294199496246377e-14,True,5.308890492249804e-06,0.75,2.3,7.196404846398404e-16,-0.033275973999214,6.940696219711424e-10,True,False,59,1.5,158,2.860150929805877e-07,5.720301859611754e-06,2.860150929805877e-07,2.860150929805877e-07,0.0,2.4832932403124857,0.7548306313184322,-14.244793852957853,-14.244793852957853,0.4999423551135201,0.10836281842733786,0.0,0.006009390611528505,0.006009390611528505,True,2.30351444877768e-06,2.2570819898382303e-06,success,0.9998847102270383,0.005775840345787625,0.5,1.649726409344773e-14,0.05,"[0.005, 0.0075, 0.01, 0.015, 0.02, 0.03, 0.05, 0.08]",4.0398664346356695e-06,0.008158395881565889,False,-3.598202423199202e-17,0.0015359572298230175,True,success,7.291978530650406e-17,-1.1491041272062616e-16,0.006208233100781214,5.745520636031308e-18,0.0
0.43114082935047787,-3.469446951953614e-17,0.008453264985398268,2.0558288346096368e-06,0.0,2.4672087185330738e-08,typ,0.10566581231747835,5.072158824560584e-14,True,4.768346430345703e-06,0.75,2.3,1.0058914384136398e-15,-0.03059979395897189,6.940696219711424e-10,True,False,59,1.5,158,3.084010898166342e-07,3.855013622707927e-06,3.084010898166342e-07,3.084010898166342e-07,0.0,1.8751627362206553,0.5699811238676448,-14.244793852957853,-14.244793852957853,0.49994235511352003,0.10836281842733786,0.0,0.006009390611528505,0.006009390611528505,True,2.0558288346096368e-06,2.2570819898382303e-06,success,0.9998847102270383,0.005775840345787625,0.5,1.649726409344773e-14,0.08,"[0.005, 0.0075, 0.01, 0.015, 0.02, 0.03, 0.05, 0.08]",2.918645899300214e-06,0.019606737311641947,False,-8.047131507309118e-17,0.0036445476765239646,True,success,0.0,-0.0,0.012001041511812196,0.0,0.0
