crossing_lambdas,disorder_full_width,interaction,lambda_max,lambda_min,log_lambda_typ_range,maximum_log_lambda_typ,minimum_log_lambda_typ,phase_sequence,reentrant_AI_metal_AI,sampled_lambdas,zero_crossings
,0.0833333333,0.0,0.75,0.0,0.11923956592193008,4.3612127304270505,4.24197316450512,M,False,5,0
,0.1666666667,0.0,1.25,0.0,0.3705674762320017,3.9379455392832567,3.567378063051255,M,False,3,0
,0.25,0.0,2.0,0.0,0.8227619298879763,3.923253384109936,3.10049145422196,M,False,4,0
,0.3333333333,0.0,1.5,0.0,0.8000957936404642,3.537058204126606,2.7369624104861416,M,False,2,0
,0.4166666667,0.0,0.1,0.0,0.11804977670119143,2.422577966599086,2.3045281898978947,M,False,2,0
,0.5,0.0,0.5,0.0,0.9215856069990638,2.8709097312433465,1.9493241242442827,M,False,3,0
,0.5833333333,0.0,1.0,0.0,1.881718895234739,3.529184135085812,1.6474652398510732,M,False,4,0
,0.6666666667,0.0,1.5,0.0,1.8871307298567146,3.2698453119436377,1.382714582086923,M,False,4,0
,0.75,0.0,1.5,0.0,1.9527608728224628,3.128048904992426,1.1752880321699632,M,False,4,0
,0.8333333333,0.0,1.5,0.0,0.8855068857117732,1.8267583174200452,0.9412514317082721,M,False,2,0
,0.9166666667,0.0,0.25,0.0,0.2932341347422973,1.043631148966707,0.7503970142244096,M,False,3,0
,1.0,0.0,0.75,0.0,2.1187112805723913,2.6954835015346457,0.5767722209622543,M,False,4,0
,1.0833333333,0.0,1.25,0.0,2.163761484644936,2.5797503160201143,0.4159888313751785,M,False,5,0
1.99085195092,1.1666666667,0.0,2.0,0.0,2.605241361630944,2.583740965670501,-0.021500395960443175,M-I,False,5,1
,1.25,0.0,1.5,0.0,2.0861144406902916,2.2253182815305146,0.13920384084022297,M,False,3,0
,1.3333333333,0.0,1.5,0.0,0.8726101376144944,0.8771582865436867,0.004548148929192308,M,False,3,0
0.109897790219,1.4166666667,0.0,1.5,0.0,0.9276119462148591,0.8198116432870637,-0.10780030292779541,I-M,False,5,1
0.190075448991,1.5,0.0,1.0,0.0,2.705132089839389,2.482447510853888,-0.22268457898550098,I-M,False,6,1
0.178474602033,1.5833333333,0.0,1.5,0.0,2.8203373333403037,2.4781293757617004,-0.34220795757860323,I-M,False,5,1
0.144622352724;1.68495753721,1.6666666667,0.0,2.0,0.0,3.229381484710105,2.4848346584187184,-0.7445468262913866,I-M-I,True,5,2
0.320219270132,1.75,0.0,1.5,0.0,2.1234794310738647,1.5794962042274618,-0.5439832268464029,I-M,False,3,1
0.963247614028,1.8333333333,0.0,1.5,0.0,0.8782673692873773,0.24728503577448935,-0.6309823335128879,I-M,False,4,1
0.420198096166,1.9166666667,0.0,1.5,0.0,2.151009833388775,1.4169825448244189,-0.7340272885643562,I-M,False,6,1
0.454932586988,2.0,0.0,1.25,0.0,3.2148222630298813,2.4373758510756933,-0.7774464119541882,I-M,False,7,1
0.480310860505;1.51072885461,2.0833333333,0.0,2.0,0.0,3.630273142693947,2.4359796919953403,-1.1942934506986067,I-M-I,True,8,2
0.414894849489;1.48216875752,2.1666666667,0.0,2.0,0.0,3.6190555389789045,2.349727123071393,-1.2693284159075116,I-M-I,True,6,2
,2.25,0.0,1.5,0.0,0.8956083123179324,-0.1591252189556589,-1.0547335312735913,I,False,4,0
,2.3333333333,0.0,1.5,0.0,0.9274117592199573,-0.19423871360023393,-1.1216504728201913,I,False,5,0
0.54984166192,2.4166666667,0.0,1.0,0.0,3.5741849592714274,2.3765378052895136,-1.1976471539819138,I-M,False,6,1
0.566922935285;1.42519169371,2.5,0.0,1.5,0.0,3.607843870377481,2.347071137365607,-1.2607727330118739,I-M-I,True,8,2
0.572882149741;1.41295492843,2.5833333333,0.0,2.0,0.0,3.9619881603316194,2.369428336138602,-1.5925598241930174,I-M-I,True,7,2
0.787236778219;1.40161365726,2.6666666667,0.0,2.0,0.0,2.4209042304677943,0.7475603983104251,-1.673343832157369,I-M-I,True,6,2
,2.75,0.0,1.5,0.0,0.9289446434535278,-0.5231047684404504,-1.4520494118939782,I,False,5,0
0.613170628828;1.14396714089,2.8333333333,0.0,1.5,0.0,2.1730587124124856,0.6707427174401883,-1.5023159949722973,I-M-I,True,6,2
0.63123351827;1.36674801712,2.9166666667,0.0,1.5,0.0,3.9285360203262223,2.35483770342131,-1.5736983169049124,I-M-I,True,8,2
0.611070817243;1.35335086641,3.0,0.0,2.0,0.0,4.327128390674785,2.408530192743376,-1.9185981979314088,I-M-I,True,8,2
,0.0,0.0833333333,2.0,0.0,0.06087056364023091,13.035422059822247,12.974551496182016,M,False,8,0
,0.0833333333,0.0833333333,1.5,0.0,2.9099112013586446,7.902485829222474,4.99257462786383,M,False,5,0
,0.1666666667,0.0833333333,0.5,0.25,0.475532743894199,5.396326113554315,4.920793369660116,M,False,2,0
,0.25,0.0833333333,1.0,0.0,1.3120086659026646,5.215237172105631,3.9032285062029666,M,False,2,0
,0.3333333333,0.0833333333,1.5,0.0,1.4678380065843402,4.817772239987505,3.349934233403165,M,False,4,0
,0.4166666667,0.0833333333,2.0,1.25,2.241383339225403,4.347812041089606,2.106428701864203,M,False,3,0
,0.5,0.0833333333,1.5,0.0,0.5492130342811476,2.939205474136575,2.3899924398554275,M,False,2,0
,0.5833333333,0.0833333333,0.25,0.0,0.060742205133959004,2.0858393331012963,2.0250971279673373,M,False,3,0
,0.6666666667,0.0833333333,0.75,0.0,1.7269871306520654,3.4528438588057404,1.725856728153675,M,False,3,0
,0.75,0.0833333333,1.25,0.75,0.02993699290086571,3.2546564189693323,3.2247194260684666,M,False,3,0
,0.8333333333,0.0833333333,2.0,0.0,2.419554148430697,3.1393141898585717,0.7197600414278749,M,False,5,0
,0.9166666667,0.0833333333,1.5,0.0,1.8626923867975136,2.8824205453318137,1.0197281585343,M,False,3,0
,1.0,0.0833333333,1.5,0.0,0.6892223338483272,1.4895302588423882,0.800307924994061,M,False,3,0
,1.0833333333,0.0833333333,0.5,0.0,0.6235072043149485,1.2630556148632253,0.6395484105482767,M,False,4,0
,1.1666666667,0.0833333333,1.0,0.0,2.4081781259306725,2.907379354010342,0.4992012280796696,M,False,4,0
,1.25,0.0833333333,1.5,0.0,2.504483286251853,2.8244964184801122,0.32001313222825933,M,False,4,0
1.8850967276,1.3333333333,0.0833333333,2.0,0.0,3.0650098295421824,2.7950262914656325,-0.26998353807654984,M-I,False,5,1
,1.4166666667,0.0833333333,1.5,0.0,0.757523514272485,0.810878742841636,0.05335522856915098,M,False,2,0
0.294122523005,1.5,0.0833333333,1.5,0.0,0.7863842399364711,0.6743564599332013,-0.11202778000326985,I-M,False,4,1
0.304233579903,1.5833333333,0.0833333333,0.75,0.0,2.0052360397432634,1.7854401615964366,-0.21979587814682677,I-M,False,5,1
0.205856793727,1.6666666667,0.0833333333,1.25,0.0,3.008133232526398,2.714281490776441,-0.2938517417499571,I-M,False,5,1
0.126802183556;1.64859600514,1.75,0.0833333333,2.0,0.0,3.5181255047717728,2.687873436115941,-0.8302520686558319,I-M-I,True,5,2
0.158402357777;1.61159092818,1.8333333333,0.0833333333,2.0,0.0,3.61194992494893,2.694881281003632,-0.9170686439452982,I-M-I,True,5,2
1.18626375939;1.57408684057,1.9166666667,0.0833333333,2.0,0.0,1.179150883698545,0.17471912706043868,-1.0044317566381062,I-M-I,True,4,2
0.477142002665,2.0,0.0833333333,1.5,0.0,0.8347058918978947,0.11781443312308237,-0.7168914587748123,I-M,False,5,1
0.501695591081,2.0833333333,0.0833333333,1.0,0.0,3.4121470426769065,2.598789151644518,-0.8133578910323886,I-M,False,6,1
0.520030882586;1.48784666708,2.1666666667,0.0833333333,1.5,0.0,3.506049277142326,2.603411556706759,-0.9026377204355671,I-M-I,True,8,2
0.432309042112;1.47509276488,2.25,0.0833333333,2.0,0.0,3.8559223743000275,2.5365604907335313,-1.3193618835664962,I-M-I,True,7,2
0.598680025522;1.45819355855,2.3333333333,0.0833333333,1.5,0.0,2.0412208852275207,1.0635903478958624,-0.9776305373316583,I-M-I,True,3,2
,2.4166666667,0.0833333333,1.5,0.0,0.825405115312827,-0.2850402739562701,-1.110445389269097,I,False,4,0
0.573676984561;1.2825044452,2.5,0.0833333333,1.5,0.0,2.06879640189084,0.8844596096864463,-1.1843367922043937,I-M-I,True,6,2
0.588133398455,2.5833333333,0.0833333333,1.25,0.0,3.824204676818197,2.568745992731928,-1.2554586840862687,I-M,False,7,1
0.584982763316;1.40344823792,2.6666666667,0.0833333333,2.0,0.0,4.118136047150843,2.4470344311254437,-1.6711016160253989,I-M-I,True,8,2
0.834184679568;1.38986069775,2.75,0.0833333333,2.0,0.0,2.4274225474816946,0.6962284816046136,-1.7311940658770812,I-M-I,True,6,2
,2.8333333333,0.0833333333,2.0,0.0,1.1902130759315974,-0.6074779015249483,-1.7976909774565457,I,False,5,0
,2.9166666667,0.0833333333,1.5,0.0,0.8708843808131719,-0.6512897947878975,-1.5221741756010694,I,False,5,0
0.64362057114;1.3888736216,3.0,0.0833333333,1.5,0.0,4.1449687687001475,2.569439437128904,-1.5755293315712435,I-M-I,True,7,2
,0.0,0.1666666667,1.5,0.0,0.0003749377016371014,3.2748683063416304,3.2744933686399933,M,False,8,0
,0.0833333333,0.1666666667,1.5,1.25,0.17302947378567257,3.7042046041171255,3.531175130331453,M,False,2,0
,0.25,0.1666666667,0.25,0.0,0.7356946767980825,4.17399028241495,3.4382956056168674,M,False,3,0
,0.3333333333,0.1666666667,0.75,0.0,1.7154249982885186,5.140015505734185,3.4245905074456666,M,False,3,0
,0.4166666667,0.1666666667,1.25,1.0,3.145639474753821,7.765861819158497,4.6202223444046755,M,False,2,0
,0.5,0.1666666667,2.0,0.0,3.8855196303767126,5.652755173105998,1.7672355427292854,M,False,5,0
,0.5833333333,0.1666666667,1.5,0.0,1.5732063875370006,3.866386518923987,2.2931801313869866,M,False,3,0
,0.6666666667,0.1666666667,1.5,0.0,0.4016576833951042,2.365230958561423,1.9635732751663189,M,False,3,0
,0.75,0.1666666667,0.5,0.0,0.5060199425380603,2.1944950051779277,1.6884750626398675,M,False,4,0
,0.8333333333,0.1666666667,1.0,0.0,2.40982361675957,3.8789287837054647,1.4691051669458948,M,False,5,0
,0.9166666667,0.1666666667,1.5,0.0,2.535047394889178,3.7619586684251245,1.2269112735359466,M,False,4,0
,1.0,0.1666666667,2.0,0.0,3.2406757290414765,3.5848993313029163,0.3442236022614398,M,False,5,0
,1.0833333333,0.1666666667,2.0,0.0,1.1737044996656119,1.3491132703381639,0.175408770672552,M,False,3,0
,1.1666666667,0.1666666667,0.25,0.0,0.046267068295928304,0.7312395877118099,0.6849725194158816,M,False,3,0
,1.25,0.1666666667,0.75,0.0,1.7341009359810666,2.222647705319169,0.4885467693381025,M,False,3,0
,1.3333333333,0.1666666667,1.25,0.0,2.916589490149068,3.279714438133993,0.3631249479849248,M,False,5,0
1.83622109018,1.4166666667,0.1666666667,2.0,0.0,3.529472270177257,3.1390632901896365,-0.3904089799876207,M-I,False,5,1
,1.5,0.1666666667,1.5,0.0,2.9978582874688797,3.0787973423431674,0.08093905487428765,M,False,4,0
0.265992247072,1.5833333333,0.1666666667,1.5,0.0,0.6584229024593871,0.5803564045288385,-0.07806649793054854,I-M,False,3,1
0.303819070598,1.6666666667,0.1666666667,1.5,0.0,0.6550871198507626,0.4691645258503443,-0.18592259400041833,I-M,False,5,1
0.355709111554,1.75,0.1666666667,1.0,0.0,3.2467916365310168,2.980863579480617,-0.2659280570503997,I-M,False,5,1
0.350343170383,1.8333333333,0.1666666667,1.5,0.0,3.385558389208266,2.9910007531812846,-0.3945576360269816,I-M,False,5,1
0.14342041978;1.581390414,1.9166666667,0.1666666667,2.0,0.0,3.8731452415930567,2.908081010825255,-0.9650642307678017,I-M-I,True,5,2
0.358607381882;1.54474254648,2.0,0.1666666667,2.0,0.0,2.438985895558424,1.3682134795955538,-1.0707724159628702,I-M-I,True,4,2
1.45249055017;1.50993755158,2.0833333333,0.1666666667,2.0,0.0,1.1816681589289069,0.023485776567898853,-1.158182382361008,I-M-I,True,5,2
0.529051274609;1.35565390408,2.1666666667,0.1666666667,2.0,0.0,2.389190151243577,1.157617874144365,-1.231572277099212,I-M-I,True,6,2
0.540542030891;1.59738534103,2.25,0.1666666667,2.0,0.0,4.127402657268599,2.810393323612622,-1.3170093336559767,I-M-I,True,8,2
0.548368250845;1.46098619083,2.3333333333,0.1666666667,2.0,0.0,4.119377972373671,2.71959798667921,-1.3997799856944617,I-M-I,True,8,2
0.615510334177;1.44638492156,2.4166666667,0.1666666667,2.0,0.0,2.481616468306637,1.0253708413237987,-1.4562456269828383,I-M-I,True,4,2
,2.5,0.1666666667,2.0,0.0,1.1744454473586297,-0.3512469547111725,-1.5256924020698022,I,False,4,0
,2.5833333333,0.1666666667,1.5,0.0,0.7477806647978067,-0.42070982306061033,-1.168490487858417,I,False,5,0
0.604435937167;1.42497485197,2.6666666667,0.1666666667,1.5,0.0,3.918280571406037,2.693438764373029,-1.224841807033008,I-M-I,True,7,2
0.614448532496;1.39249203975,2.75,0.1666666667,1.5,0.0,3.96564947768889,2.6540001042373587,-1.3116493734515318,I-M-I,True,8,2
0.600376889921;1.38223237963,2.8333333333,0.1666666667,2.0,0.0,4.417894026964993,2.6513654837156007,-1.7665285432493925,I-M-I,True,8,2
0.90959319671;1.37173032998,2.9166666667,0.1666666667,1.5,0.0,2.0071817479434584,0.5992072269005555,-1.4079745210429027,I-M-I,True,5,2
,3.0,0.1666666667,1.5,0.0,0.7600684074424857,-0.7130113604888804,-1.473079767931366,I,False,5,0
,0.0,0.25,1.5,0.0,0.0002335786747327262,2.1147194073070286,2.114485828632296,M,False,6,0
,0.0833333333,0.25,1.25,0.0,0.07440616404009859,2.2970720473962722,2.2226658833561737,M,False,3,0
,0.1666666667,0.25,1.5,0.0,0.3995196345678904,3.129997474950786,2.7304778403828958,M,False,3,0
,0.25,0.25,0.0,0.0,0.0,2.8752347684258273,2.8752347684258273,M,False,1,0
,0.3333333333,0.25,0.1,0.0,0.26714298296861827,3.0423158503956063,2.775172867426988,M,False,2,0
,0.4166666667,0.25,0.5,0.0,0.7911537218277713,3.727978837175885,2.9368251153481135,M,False,2,0
,0.5,0.25,1.0,0.0,3.5317933849103738,6.22674469022043,2.6949513053100564,M,False,3,0
,0.5833333333,0.25,1.5,0.0,10.306014364846027,12.701761387302856,2.39574702245683,M,False,4,0
,0.6666666667,0.25,1.5,0.0,4.755062101093335,6.876313443784706,2.1212513426913717,M,False,4,0
,0.75,0.25,1.5,0.0,0.29687560511048083,2.142053944616347,1.8451783395058663,M,False,2,0
,0.8333333333,0.25,0.25,0.0,0.12362415192730669,1.7181341237417915,1.5945099718144848,M,False,3,0
,0.9166666667,0.25,0.75,0.0,1.5903891303775826,2.958335482748311,1.3679463523707285,M,False,3,0
,1.0,0.25,1.25,0.0,3.2603160074432407,4.419614534179097,1.159298526735856,M,False,4,0
,1.0833333333,0.25,2.0,0.0,3.8545261645183393,4.0510160549290966,0.19648989041075726,M,False,5,0
,1.1666666667,0.25,1.5,0.0,1.680789569749686,2.4788121404223795,0.7980225706726936,M,False,3,0
,1.25,0.25,1.5,0.0,0.45293893141547503,1.0929564978342694,0.6400175664187944,M,False,3,0
,1.3333333333,0.25,0.5,0.0,0.5517930363028856,1.0369056186081669,0.4851125823052813,M,False,4,0
,1.4166666667,0.25,1.0,0.0,3.2214678798802616,3.577682068054172,0.35621418817391026,M,False,4,0
,1.5,0.25,1.5,0.0,3.3574124528938314,3.564947873251502,0.20753542035767047,M,False,4,0
1.75020733396,1.5833333333,0.25,2.0,0.0,4.034420308202002,3.4357168892215104,-0.5987034189804916,M-I,False,5,1
0.0402152115872;1.71408833762,1.6666666667,0.25,2.0,0.0,2.4532285734053785,1.7639240084961503,-0.6893045649092282,I-M-I,True,4,2
0.52135687204;1.66820332609,1.75,0.25,2.0,0.0,1.2078814334506605,0.40633934925139936,-0.8015420841992611,I-M-I,True,5,2
0.356738163094;1.52148061661,1.8333333333,0.25,2.0,0.0,2.3597513940555483,1.4564019684315634,-0.9033494256239849,I-M-I,True,6,2
0.38152442778;1.70092594746,1.9166666667,0.25,2.0,0.0,4.271309614484642,3.2925038104325073,-0.9788058040521352,I-M-I,True,7,2
0.133928672926;1.56372179451,2.0,0.25,2.0,0.0,4.176923533330618,3.134831060661924,-1.0420924726686942,I-M-I,True,5,2
0.155970933471;1.51245454981,2.0833333333,0.25,2.0,0.0,4.283903492493877,3.139405913889624,-1.1444975786042535,I-M-I,True,5,2
,2.1666666667,0.25,2.0,0.0,1.2015911786020117,-0.03962502603348561,-1.2412162046354973,I,False,4,0
,2.25,0.25,0.5,0.0,0.5506858692281691,-0.2200221267026099,-0.770707995930779,I,False,4,0
0.558047143959,2.3333333333,0.25,1.0,0.0,3.7873035691750068,2.9408791282548328,-0.846424440920174,I-M,False,6,1
0.575198823388;1.44784831843,2.4166666667,0.25,1.5,0.0,3.861953851350429,2.9472192839166333,-0.9147345674337957,I-M-I,True,8,2
0.559989598383;1.43642416604,2.5,0.25,1.5,0.0,3.9733699373059723,3.010086923152232,-0.9632830141537405,I-M-I,True,5,2
0.673041663465;1.42265341229,2.5833333333,0.25,1.5,0.0,1.9357663618981138,0.8934852320647853,-1.0422811298333285,I-M-I,True,3,2
,2.6666666667,0.25,1.5,0.0,0.6908765564102264,-0.4469967052222863,-1.1378732616325127,I,False,4,0
0.62275843909;1.17871415549,2.75,0.25,1.5,0.0,1.857316675145668,0.6636165304606378,-1.1937001446850302,I-M-I,True,6,2
0.633429615624;1.38252511792,2.8333333333,0.25,1.5,0.0,4.180610074163228,2.894293686516072,-1.286316387647156,I-M-I,True,8,2
0.605792845572;1.37178989334,2.9166666667,0.25,2.0,0.0,4.675523142119601,2.8429916115484493,-1.8325315305711511,I-M-I,True,8,2
0.937259233416;1.36198107851,3.0,0.25,2.0,0.0,2.460305069965058,0.5787329227354845,-1.8815721472295737,I-M-I,True,6,2
,0.0,0.3333333333,1.5,0.0,0.00022238678934805023,1.590201698287831,1.589979311498483,M,False,5,0
,0.0833333333,0.3333333333,1.5,0.0,0.05666152182438289,1.7008497555661735,1.6441882337417906,M,False,4,0
,0.1666666667,0.3333333333,1.0,0.0,0.1920754090520962,2.0443943323283276,1.8523189232762314,M,False,2,0
,0.25,0.3333333333,1.5,0.0,0.9993627376317313,3.2536698313172274,2.254307093685496,M,False,4,0
,0.3333333333,0.3333333333,1.5,0.0,1.1653018591114686,3.498213274714297,2.3329114156028283,M,False,2,0
,0.4166666667,0.3333333333,0.0,0.0,0.0,2.276175405069042,2.276175405069042,M,False,1,0
,0.5,0.3333333333,0.25,0.0,0.37310944387054956,2.840516430952237,2.4674069870816875,M,False,3,0
,0.5833333333,0.3333333333,0.75,0.0,1.6438281074860988,4.005149734295664,2.361321626809565,M,False,3,0
,0.6666666667,0.3333333333,1.25,0.0,3.8797864597830514,6.0186459891982675,2.138859529415216,M,False,3,0
,0.75,0.3333333333,1.5,0.0,6.237134256924941,8.187551019980575,1.950416763055634,M,False,4,0
,0.8333333333,0.3333333333,1.5,0.0,1.522299835267778,3.209412801554134,1.6871129662863562,M,False,3,0
,0.9166666667,0.3333333333,1.5,0.0,0.2809349670201069,1.7511856876283667,1.4702507206082598,M,False,3,0
,1.0,0.3333333333,0.5,0.0,0.5255515959070225,1.8015686030193057,1.2760170071122832,M,False,4,0
,1.0833333333,0.3333333333,1.0,0.0,4.013180200963799,5.096784384825316,1.0836041838615174,M,False,4,0
,1.1666666667,0.3333333333,1.5,0.0,3.9272823472157574,4.8304205794268515,0.9031382322110941,M,False,4,0
,1.25,0.3333333333,1.5,0.0,3.8102730493565375,4.586259358974987,0.7759863096184492,M,False,4,0
,1.3333333333,0.3333333333,1.5,0.0,0.40519374615496373,0.9885919712689715,0.5833982251140077,M,False,2,0
,1.4166666667,0.3333333333,1.5,0.0,0.3957269967901236,0.841483473242401,0.44575647645227745,M,False,4,0
,1.5,0.3333333333,0.75,0.0,1.6803530829546922,1.9798213094179036,0.29946822646321136,M,False,5,0
,1.5833333333,0.3333333333,1.25,0.0,3.762796109189755,3.9365810278723816,0.1737849186826268,M,False,6,0
1.72663297385,1.6666666667,0.3333333333,2.0,0.0,4.379949665761254,3.747149431772223,-0.6328002339890304,M-I,False,6,1
0.0156474726108,1.75,0.3333333333,1.5,0.0,3.6523961401262555,3.5952453715599852,-0.057150768566270216,I-M,False,4,1
0.606080514162,1.8333333333,0.3333333333,1.5,0.0,0.5151866745141271,0.32895386228028967,-0.18623281223383747,I-M,False,3,1
0.368431337253,1.9166666667,0.3333333333,1.5,0.0,0.5405383032929754,0.2507183574320684,-0.289819945860907,I-M,False,5,1
0.419487887652,2.0,0.3333333333,1.0,0.0,3.804085861849526,3.4108760753908283,-0.39320978645869786,I-M,False,6,1
0.436475385781,2.0833333333,0.3333333333,1.5,0.0,3.925472122010709,3.4367842551739254,-0.4886878668367838,I-M,False,7,1
0.138366491254;1.4927617327,2.1666666667,0.3333333333,1.5,0.0,4.019210233542971,3.463086215917395,-0.5561240176255753,I-M-I,True,4,2
0.459139854569;1.48098714489,2.25,0.3333333333,1.5,0.0,1.8135206818037903,1.1473929841224804,-0.66612769768131,I-M-I,True,3,2
,2.3333333333,0.3333333333,1.5,0.0,0.5773024607452615,-0.1776333852977472,-0.7549358460430087,I,False,4,0
0.557022562321,2.4166666667,0.3333333333,0.75,0.0,1.7670023700465918,0.9402267839572525,-0.8267755860893393,I-M,False,5,1
0.576697166022,2.5,0.3333333333,1.25,0.0,4.086178740110076,3.1600446095325627,-0.9261341305775128,I-M,False,7,1
0.563359057891;1.42386741982,2.5833333333,0.3333333333,2.0,0.0,4.709660541211554,3.1281537152201193,-1.581506825991435,I-M-I,True,8,2
0.792598921392;1.41066085789,2.6666666667,0.3333333333,1.5,0.0,1.8633953932620022,0.8033058441562066,-1.0600895491057956,I-M-I,True,4,2
,2.75,0.3333333333,1.5,0.0,0.6205360633178847,-0.5246142212660065,-1.1451502845838912,I,False,3,0
,2.8333333333,0.3333333333,1.5,0.0,0.6064015544446035,-0.5857777344566464,-1.19217928890125,I,False,5,0
0.644180778486;1.41377068448,2.9166666667,0.3333333333,1.5,0.0,4.340135044299901,3.064922462079091,-1.2752125822208096,I-M-I,True,7,2
0.654369511156;1.36311597351,3.0,0.3333333333,1.5,0.0,4.326205845872437,3.0028076790644413,-1.3233981668079953,I-M-I,True,8,2
,0.0,0.4166666667,2.0,0.0,0.0002462707109636142,1.3718902367833503,1.3716439660723867,M,False,8,0
,0.0833333333,0.4166666667,1.5,0.0,0.020358867608798903,1.4396877383432085,1.4193288707344096,M,False,2,0
,0.1666666667,0.4166666667,1.5,0.0,0.14198797125120066,1.670603573627171,1.5286156023759703,M,False,4,0
,0.25,0.4166666667,0.75,0.0,0.37869107199168006,2.048882401231866,1.6701913292401858,M,False,3,0
,0.3333333333,0.4166666667,1.25,0.0,0.5425579184818288,2.4896767291202626,1.9471188106384338,M,False,3,0
,0.4166666667,0.4166666667,2.0,0.0,1.6583379471560686,3.5120298767636435,1.853691929607575,M,False,4,0
,0.5,0.4166666667,1.5,0.0,1.0633889409109134,2.900625484217772,1.8372365433068585,M,False,2,0
,0.5833333333,0.4166666667,0.1,0.0,0.16727841349189276,2.2138263714889193,2.0465479579970265,M,False,2,0
,0.6666666667,0.4166666667,0.5,0.0,0.7626203808566236,2.799725021300121,2.037104640443497,M,False,4,0
,0.75,0.4166666667,1.0,0.0,2.9506333753188607,4.84980473337523,1.899171358056369,M,False,3,0
,0.8333333333,0.4166666667,1.5,0.0,4.043967976779683,5.758643613416181,1.7146756366364984,M,False,4,0
,0.9166666667,0.4166666667,1.5,0.0,5.627308580671272,7.187263665881444,1.5599550852101722,M,False,4,0
,1.0,0.4166666667,1.5,0.0,0.2719300615185931,1.6162386063133218,1.3443085447947287,M,False,2,0
,1.0833333333,0.4166666667,0.25,0.0,0.14001838007352463,1.2998055036790759,1.1597871236055513,M,False,3,0
,1.1666666667,0.4166666667,0.75,0.0,1.593684947369379,2.5783734539397734,0.9846885065703943,M,False,3,0
,1.25,0.4166666667,1.25,0.0,5.01086977051612,5.837236198311704,0.8263664277955844,M,False,4,0
1.91698525258,1.3333333333,0.4166666667,2.0,0.0,5.474573864740818,5.2792935936474645,-0.19528027109335344,M-I,False,5,1
,1.4166666667,0.4166666667,1.5,0.0,1.561618826045152,2.114556318846217,0.5529374928010649,M,False,3,0
,1.5,0.4166666667,1.5,0.0,0.3430688973973246,0.73349972941763,0.3904308320203054,M,False,3,0
,1.5833333333,0.4166666667,1.5,0.0,0.5111189268820531,0.7776813165193923,0.26656238963733925,M,False,5,0
,1.6666666667,0.4166666667,1.0,0.0,4.171285357590094,4.302673463511608,0.1313881059215145,M,False,5,0
,1.75,0.4166666667,1.5,0.0,4.163560345258846,4.182987834797132,0.019427489538286213,M,False,5,0
0.0226795781002;1.63750666937,1.8333333333,0.4166666667,2.0,0.0,4.92036142270539,4.0539926638222585,-0.8663687588831313,I-M-I,True,5,2
0.135241169339;1.59671484571,1.9166666667,0.4166666667,2.0,0.0,2.470385203571728,1.493934405003865,-0.9764507985678632,I-M-I,True,4,2
1.02857958266;1.5583294735,2.0,0.4166666667,2.0,0.0,1.1998189886599504,0.13996961979937117,-1.0598493688605792,I-M-I,True,5,2
0.43220490686;1.41753832625,2.0833333333,0.4166666667,2.0,0.0,2.427238899287276,1.2962199937909387,-1.1310189054963375,I-M-I,True,6,2
0.464112484939,2.1666666667,0.4166666667,1.25,0.0,4.16170699863271,3.6591230746569985,-0.5025839239757119,I-M,False,7,1
0.221290138019;1.4820981179,2.25,0.4166666667,2.0,0.0,4.872602642516288,3.568434249787494,-1.3041683927287941,I-M-I,True,6,2
0.159128635621;1.46673847988,2.3333333333,0.4166666667,1.5,0.0,4.226882897573889,3.5542647891518464,-0.672618108422042,I-M-I,True,4,2
,2.4166666667,0.4166666667,1.5,0.0,0.5037054420211553,-0.2507570502094203,-0.7544624922305756,I,False,3,0
,2.5,0.4166666667,1.5,0.0,0.5506294067292734,-0.2846749780402491,-0.8353043847695225,I,False,5,0
0.581082467722;1.45088348526,2.5833333333,0.4166666667,1.5,0.0,4.373663740241525,3.46092873643865,-0.9127350038028743,I-M-I,True,7,2
0.595957234771;1.41105920684,2.6666666667,0.4166666667,1.5,0.0,4.3695368860035835,3.3706850564992963,-0.9988518295042872,I-M-I,True,8,2
0.571859538753;1.39875902353,2.75,0.4166666667,2.0,0.0,4.991442139942968,3.276760406336567,-1.7146817336064009,I-M-I,True,8,2
0.845605351218;1.38767746831,2.8333333333,0.4166666667,1.5,0.0,1.8231426220899931,0.6869349188810028,-1.1362077032089903,I-M-I,True,6,2
,2.9166666667,0.4166666667,1.5,0.0,0.5907801019946897,-0.6129982317241298,-1.2037783337188195,I,False,4,0
0.650590650139;1.06038825482,3.0,0.4166666667,1.5,0.0,1.725742670237088,0.48012478287394345,-1.2456178873631445,I-M-I,True,6,2
,0.0,0.5,1.5,0.0,0.00022193741030474,1.2974308620424044,1.2972089246320997,M,False,8,0
,0.0833333333,0.5,1.5,0.0,0.025308559977946565,1.3422177963896105,1.316909236411664,M,False,4,0
,0.1666666667,0.5,0.0,0.0,0.0,1.4815916288847384,1.4815916288847384,M,False,1,0
,0.25,0.5,0.1,0.0,0.020234428791581216,1.88704652216478,1.8668120933731989,M,False,2,0
,0.3333333333,0.5,0.5,0.0,0.2743762810262149,1.9975902372677399,1.723213956241525,M,False,3,0
,0.4166666667,0.5,1.0,0.0,0.4582349081304553,2.033851511888266,1.5756166037578105,M,False,3,0
,0.5,0.5,1.5,0.0,1.9116287441631545,3.3969246596076705,1.485295915444516,M,False,4,0
,0.5833333333,0.5,2.0,0.0,1.1439966198917313,2.629216700494671,1.4852200806029399,M,False,3,0
,0.6666666667,0.5,1.5,0.0,0.7327695583208449,2.3818599171832937,1.6490903588624488,M,False,2,0
,0.75,0.5,0.25,0.0,0.3001574984084687,2.033898637703491,1.7337411392950224,M,False,3,0
,0.8333333333,0.5,0.75,0.0,1.6479077267927007,3.3039523432043674,1.6560446164116667,M,False,4,0
,0.9166666667,0.5,1.25,0.0,3.370385877870832,4.87439739241524,1.5040115145444077,M,False,5,0
,1.0,0.5,2.0,0.0,5.203874035394425,5.609075311864508,0.4052012764700832,M,False,5,0
,1.0833333333,0.5,2.0,0.0,2.4591088068352533,2.700918555415527,0.2418097485802737,M,False,4,0
,1.1666666667,0.5,0.1,0.0,0.06276632806944926,1.0932616470287941,1.0304953189593449,M,False,2,0
,1.25,0.5,0.5,0.0,0.5400002254738645,1.4559283380410784,0.9159281125672138,M,False,4,0
,1.3333333333,0.5,1.0,0.0,6.977572065515522,7.728341568115834,0.7507695026003112,M,False,5,0
,1.4166666667,0.5,1.5,0.0,5.776192902541585,6.399341482782617,0.6231485802410321,M,False,4,0
1.81302893555,1.5,0.5,2.0,0.0,6.300464152207352,5.832191477739867,-0.4682726744674852,M-I,False,5,1
,1.5833333333,0.5,1.5,0.0,1.5981722287968814,1.9370610839650735,0.3388888551681921,M,False,3,0
,1.6666666667,0.5,1.5,0.0,0.33749011584935973,0.5655736244158094,0.22808350856644966,M,False,4,0
,1.75,0.5,0.75,0.0,1.6370992873066958,1.7259327035201761,0.08883341621348029,M,False,4,0
,1.8333333333,0.5,1.25,0.0,4.761664704435098,4.78787227998272,0.026207575547620987,M,False,5,0
0.0292220192613;1.60587877841,1.9166666667,0.5,2.0,0.0,5.515408745073193,4.540103617720748,-0.9753051273524451,I-M-I,True,5,2
0.0518281789281,2.0,0.5,1.5,0.0,4.5969562659976795,4.358704394118824,-0.23825187187885577,I-M,False,4,1
1.24624650908,2.0833333333,0.5,1.5,0.0,0.38477325689311925,0.06974111224903323,-0.315032144644086,I-M,False,3,1
0.436329817806,2.1666666667,0.5,0.5,0.0,0.5412757618509025,0.11837040269472299,-0.42290535915617955,I-M,False,4,1
0.493103441144,2.25,0.5,1.0,0.0,4.488900454738379,3.9913876312136627,-0.49751282352471593,I-M,False,6,1
0.519904094978;1.47048890262,2.3333333333,0.5,1.5,0.0,4.544199884339987,3.9354627197803826,-0.6087371645596038,I-M-I,True,8,2
0.234543147906;1.45296434499,2.4166666667,0.5,2.0,0.0,5.287254775262217,3.867393548815222,-1.419861226446995,I-M-I,True,6,2
0.547303667076;1.4454342774,2.5,0.5,1.5,0.0,1.7216944607652507,0.9678627071968751,-0.7538317535683756,I-M-I,True,3,2
,2.5833333333,0.5,1.5,0.0,0.47517960454396757,-0.37775993340731384,-0.8529395379512814,I,False,4,0
0.588607870765,2.6666666667,0.5,0.75,0.0,1.6827657147013613,0.7674045139729704,-0.9153612007283909,I-M,False,5,1
0.600526949112,2.75,0.5,1.25,0.0,4.5432722166814585,3.545726872325663,-0.9975453443557951,I-M,False,7,1
0.567660132171;1.39106684842,2.8333333333,0.5,2.0,0.0,5.3769216715833,3.6110467186044652,-1.7658749529788356,I-M-I,True,8,2
0.859838385428;1.37886295616,2.9166666667,0.5,2.0,0.0,2.4683958573193188,0.6683706152149291,-1.8000252421043894,I-M-I,True,7,2
,3.0,0.5,1.5,0.0,0.5398930558838897,-0.6656380512034565,-1.2055311070873462,I,False,4,0
,0.0,0.5833333333,1.5,0.0,0.00025276763848136596,1.271852056058837,1.2715992884203557,M,False,5,0
,0.0833333333,0.5833333333,1.0,0.0,0.019242111821589525,1.3093380259318148,1.2900959141102253,M,False,2,0
,0.1666666667,0.5833333333,1.5,0.0,0.11848118054454293,1.4590899855900248,1.3406088050454819,M,False,4,0
,0.25,0.5833333333,1.5,0.0,0.16930354073269616,1.8493867491822011,1.680083208449505,M,False,2,0
,0.3333333333,0.5833333333,0.0,0.0,0.0,1.6706825259159968,1.6706825259159968,M,False,1,0
,0.4166666667,0.5833333333,0.25,0.0,0.37628836532494336,1.803678233109753,1.4273898677848096,M,False,3,0
,0.5,0.5833333333,0.75,0.0,0.9047576156599764,2.1755883350075593,1.270830719347583,M,False,4,0
,0.5833333333,0.5833333333,1.25,0.0,2.0905947948314094,3.272846835545447,1.1822520407140376,M,False,3,0
,0.6666666667,0.5833333333,2.0,0.0,2.1776574594422504,3.359554655078392,1.1818971956361417,M,False,4,0
,0.75,0.5833333333,1.5,0.0,0.8489017664882015,2.1460818539487456,1.2971800874605441,M,False,2,0
,0.8333333333,0.5833333333,0.1,0.0,0.1245638445494448,1.5978170118051138,1.473253167255669,M,False,2,0
,0.9166666667,0.5833333333,0.5,0.0,0.719188990115339,2.135539158745033,1.4163501686296942,M,False,4,0
,1.0,0.5833333333,1.0,0.0,2.9958042329465733,4.307685068662357,1.3118808357157836,M,False,4,0
,1.0833333333,0.5833333333,1.5,0.0,3.694652503066288,4.882927624074471,1.188275121008183,M,False,4,0
,1.1666666667,0.5833333333,2.0,0.0,5.463840318468775,5.530858995929574,0.06701867746079859,M,False,5,0
,1.25,0.5833333333,1.5,0.0,0.27742429352311815,1.1784025414709145,0.9009782479477964,M,False,2,0
,1.3333333333,0.5833333333,1.5,0.0,0.23289886136662163,1.006041560825003,0.7731426994583814,M,False,4,0
,1.4166666667,0.5833333333,0.75,0.0,1.5708782027765702,2.2232241129929116,0.6523459102163414,M,False,5,0
,1.5,0.5833333333,1.25,0.0,8.496324243773062,9.00945718628613,0.5131329425130695,M,False,4,0
1.78393513291,1.5833333333,0.5833333333,2.0,0.0,7.553709331396192,7.039547788324995,-0.514161543071197,M-I,False,5,1
1.73296277483,1.6666666667,0.5833333333,2.0,0.0,7.046646124836814,6.389202856093963,-0.6574432687428513,M-I,False,5,1
,1.75,0.5833333333,1.5,0.0,0.2969097097329212,0.44114365372932207,0.14423394399640088,M,False,3,0
,1.8333333333,0.5833333333,1.5,0.0,0.5281984817187069,0.5683386604050447,0.04014017868633779,M,False,5,0
0.14681407623,1.9166666667,0.5833333333,1.0,0.0,5.249920180797345,5.17687112114813,-0.07304905964921415,I-M,False,5,1
0.150955871885,2.0,0.5833333333,1.5,0.0,5.216956654910035,5.055934478492604,-0.16102217641743044,I-M,False,6,1
0.0517026233099,2.0833333333,0.5833333333,1.5,0.0,5.14730881447318,4.881179445778871,-0.26612936869430914,I-M,False,4,1
0.276266616548;1.49989692967,2.1666666667,0.5833333333,1.5,0.0,1.638438423950804,1.2763217521057215,-0.36211667184508256,I-M-I,True,3,2
,2.25,0.5833333333,1.5,0.0,0.3825093465726468,-0.067411504909066,-0.4499208514817128,I,False,4,0
0.507873224464,2.3333333333,0.5833333333,0.75,0.0,1.6910553332227054,1.144218652509922,-0.5468366807127834,I-M,False,5,1
0.527158682388,2.4166666667,0.5833333333,1.25,0.0,4.87164198582388,4.251437969626011,-0.6202040161978695,I-M,False,6,1
0.522991772024;1.44771511145,2.5,0.5833333333,2.0,0.0,5.564353891380927,4.117364130235645,-1.4469897611452827,I-M-I,True,7,2
0.580817901992;1.42761465359,2.5833333333,0.5833333333,2.0,0.0,2.4672104848177945,0.9118946108098998,-1.5553158740078945,I-M-I,True,4,2
,2.6666666667,0.5833333333,2.0,0.0,1.2130714013258284,-0.41794248792214184,-1.6310138892479702,I,False,4,0
,2.75,0.5833333333,1.5,0.0,0.5061084262899769,-0.426478214135646,-0.9325866404256229,I,False,5,0
0.606781545586;1.43611490589,2.8333333333,0.5833333333,1.5,0.0,4.812902957449374,3.8101831561336215,-1.0027198013157523,I-M-I,True,7,2
0.621595066772;1.38108662063,2.9166666667,0.5833333333,1.5,0.0,4.939809691499447,3.8652440239547876,-1.0745656675446595,I-M-I,True,8,2
0.883687584273;1.36727491756,3.0,0.5833333333,1.5,0.0,1.7344790367293856,0.594032900147274,-1.1404461365821117,I-M-I,True,6,2
,0.0,0.6666666667,1.5,0.0,0.0002246574305910798,1.2699442849170626,1.2697196274864715,M,False,6,0
,0.0833333333,0.6666666667,1.5,0.0,0.01337808083676073,1.308051398429488,1.2946733175927272,M,False,4,0
,0.1666666667,0.6666666667,0.75,0.0,0.14442659853522422,1.4619153610997864,1.3174887625645622,M,False,3,0
,0.25,0.6666666667,1.25,0.0,0.46060696586481775,1.8512706431209929,1.3906636772561751,M,False,3,0
,0.3333333333,0.6666666667,1.5,0.0,0.5135957989366311,2.1264916292851024,1.6128958303484713,M,False,3,0
,0.4166666667,0.6666666667,1.5,0.0,1.083831036996786,2.46031590797149,1.376484870974704,M,False,2,0
,0.5,0.6666666667,0.1,0.0,0.1643116096587538,1.3091217708849414,1.1448101612261876,M,False,2,0
,0.5833333333,0.6666666667,0.5,0.0,1.0209897887704247,2.0075453502138108,0.9865555614433861,M,False,4,0
,0.6666666667,0.6666666667,1.0,0.0,1.7411038345022858,2.649685999823156,0.9085821653208703,M,False,3,0
,0.75,0.6666666667,1.5,0.0,2.2262423655349437,3.146228120917242,0.9199857553822981,M,False,4,0
,0.8333333333,0.6666666667,1.5,0.0,1.9667355453473645,3.056507913317527,1.0897723679701623,M,False,3,0
,0.9166666667,0.6666666667,1.5,0.0,0.5388904350366497,1.7625117638747896,1.22362132883814,M,False,2,0
,1.0,0.6666666667,0.25,0.0,0.2425365381053446,1.451605263385558,1.2090687252802135,M,False,3,0
,1.0833333333,0.6666666667,0.75,0.0,1.6333956338688296,2.798897297033182,1.1655016631643522,M,False,4,0
,1.1666666667,0.6666666667,1.25,0.0,3.3397093504326816,4.350426705641462,1.0107173552087807,M,False,3,0
,1.25,0.6666666667,1.5,0.0,3.911113399945471,4.814559437419673,0.9034460374742022,M,False,4,0
,1.3333333333,0.6666666667,1.5,0.0,1.471164416125462,2.2715334789084385,0.8003690627829765,M,False,3,0
,1.4166666667,0.6666666667,1.5,0.0,0.2248869473699724,0.9291155567615674,0.704228609391595,M,False,3,0
,1.5,0.6666666667,0.5,0.0,0.5668946920677147,1.0967074652316575,0.5298127731639428,M,False,4,0
,1.5833333333,0.6666666667,1.0,0.0,8.99670772790702,9.414592247399204,0.4178845194921834,M,False,4,0
,1.6666666667,0.6666666667,1.5,0.0,11.307620793842709,11.613043834314158,0.30542304047144997,M,False,4,0
1.68647544062,1.75,0.6666666667,2.0,0.0,8.508514608832604,7.727569223369038,-0.780945385463566,M-I,False,5,1
,1.8333333333,0.6666666667,1.5,0.0,1.5307629526008437,1.6495357333470513,0.11877278074620756,M,False,3,0
0.10737425257,1.9166666667,0.6666666667,1.5,0.0,0.2671661359582034,0.2601546488848241,-0.0070114870733792856,I-M,False,4,1
0.257158812271,2.0,0.6666666667,0.75,0.0,1.6016115603620187,1.4792811617237125,-0.12233039863830619,I-M,False,5,1
0.20118744172,2.0833333333,0.6666666667,1.25,0.0,5.605473742530297,5.388745137971643,-0.21672860455865317,I-M,False,5,1
0.0538806635622;1.50522805898,2.1666666667,0.6666666667,2.0,0.0,6.7309822869937115,5.5462498903172595,-1.1847323966764516,I-M-I,True,5,2
0.0730161371998;1.48580050463,2.25,0.6666666667,1.5,0.0,5.381189255602512,4.98827560261722,-0.3929136529852917,I-M-I,True,4,2
,2.3333333333,0.6666666667,1.5,0.0,0.3359580342480273,-0.14683330924410543,-0.4827913434921327,I,False,3,0
,2.4166666667,0.6666666667,1.5,0.0,0.5051743116227465,-0.06552956872683025,-0.5707038803495768,I,False,5,0
0.53371826096,2.5,0.6666666667,1.0,0.0,5.239068866779098,4.600100256147389,-0.6389686106317094,I-M,False,6,1
0.551333113285;1.43016040008,2.5833333333,0.6666666667,1.5,0.0,5.1595379606331555,4.437473143493772,-0.7220648171393838,I-M-I,True,7,2
0.231585052591;1.41877622908,2.6666666667,0.6666666667,2.0,0.0,5.9869388647016955,4.3892190903127375,-1.5977197743889584,I-M-I,True,6,2
0.706149509954;1.40353364576,2.75,0.6666666667,2.0,0.0,2.469062639232419,0.7793023178349263,-1.689760321397493,I-M-I,True,5,2
,2.8333333333,0.6666666667,1.5,0.0,0.42713341149264616,-0.528913510213846,-0.9560469217064922,I,False,4,0
0.610858991116;1.13710052417,2.9166666667,0.6666666667,1.5,0.0,1.6654527356854125,0.650352448555843,-1.0151002871295696,I-M-I,True,6,2
0.626782134166;1.36872102227,3.0,0.6666666667,1.5,0.0,5.1998397174170305,4.102219740432025,-1.0976199769850055,I-M-I,True,8,2
,0.0,0.75,2.0,0.0,0.00019259947842353853,1.2741896466763891,1.2739970471979656,M,False,9,0
,0.0833333333,0.75,1.5,0.0,0.022793325576538237,1.3132159612072898,1.2904226356307515,M,False,3,0
,0.1666666667,0.75,0.1,0.0,0.042669302200076586,1.470929609617731,1.4282603074176543,M,False,2,0
,0.25,0.75,0.5,0.0,0.4352290739289666,1.8574760260649925,1.422246952136026,M,False,2,0
,0.3333333333,0.75,1.0,0.0,0.18746498678680812,1.6367009729605386,1.4492359861737305,M,False,2,0
,0.4166666667,0.75,1.5,0.0,1.0058226681602784,2.3528066028384145,1.346983934678136,M,False,4,0
,0.5,0.75,1.5,0.0,1.1673909351744354,2.2815279082544992,1.1141369730800639,M,False,2,0
,0.5833333333,0.75,1.5,0.0,1.4396419789326118,2.3416951895712876,0.9020532106386758,M,False,2,0
,0.6666666667,0.75,0.25,0.0,0.472881464007902,1.2237100293801295,0.7508285653722275,M,False,3,0
,0.75,0.75,0.75,0.0,1.917189251548042,2.5899875677630013,0.6727983162149593,M,False,4,0
,0.8333333333,0.75,1.25,0.0,2.2472307239282414,2.950586176724888,0.7033554527966466,M,False,3,0
,0.9166666667,0.75,2.0,0.0,2.284937205386929,2.8668454085170487,0.5819082031301197,M,False,4,0
,1.0,0.75,1.5,0.0,1.8369961082786839,2.8264851392095305,0.9894890309308466,M,False,3,0
,1.0833333333,0.75,1.5,0.0,0.4418066377919292,1.435159211186558,0.9933525733946289,M,False,3,0
,1.1666666667,0.75,0.5,0.0,0.7151582427993888,1.652314883712942,0.9371566409135532,M,False,4,0
,1.25,0.75,1.0,0.0,3.1453808482741574,4.009373740124737,0.8639928918505793,M,False,3,0
,1.3333333333,0.75,1.5,0.0,3.6193999208236036,4.406211371610032,0.7868114507864288,M,False,4,0
,1.4166666667,0.75,1.5,0.0,4.227843938096592,4.892010083598974,0.6641661455023815,M,False,4,0
,1.5,0.75,1.5,0.0,1.5199892882238055,2.0606654471318095,0.540676158908004,M,False,3,0
,1.5833333333,0.75,1.5,0.0,0.22153136386781025,0.6622910967458249,0.4407597328780146,M,False,4,0
,1.6666666667,0.75,1.5,0.0,1.5652443179564606,1.9291943661423923,0.3639500481859317,M,False,6,0
,1.75,0.75,1.25,0.0,7.7832939442973075,8.004703478562504,0.2214095342651965,M,False,5,0
1.64884892824,1.8333333333,0.75,2.0,0.0,11.721381524343835,10.856468821975266,-0.8649127023685685,M-I,False,5,1
1.61460784921,1.9166666667,0.75,2.0,0.0,10.80737367196363,9.878690548479039,-0.9286831234845914,M-I,False,5,1
0.356915617099,2.0,0.75,1.5,0.0,0.25426257005990527,0.17787444810876218,-0.07638812195114308,I-M,False,3,1
0.26784771419,2.0833333333,0.75,1.5,0.0,0.5547379530858803,0.37331680966920633,-0.18142114341667392,I-M,False,5,1
0.345555746666,2.1666666667,0.75,1.0,0.0,6.467773730364781,6.1979534035512245,-0.2698203268135564,I-M,False,6,1
0.337340369041;1.48892104488,2.25,0.75,1.5,0.0,6.3471206640251046,6.005250289629146,-0.3418703743959588,I-M-I,True,6,2
0.0748572368532;1.47381079218,2.3333333333,0.75,2.0,0.0,6.844036974782074,5.525816662786507,-1.3182203119955664,I-M-I,True,5,2
0.417899715295;1.45771712209,2.4166666667,0.75,1.5,0.0,1.5779836686651012,1.0504325279646354,-0.5275511407004658,I-M-I,True,3,2
,2.5,0.75,1.5,0.0,0.30837986774301296,-0.29288474492814,-0.6012646126711529,I,False,4,0
0.536580012798;1.30869734667,2.5833333333,0.75,1.5,0.0,1.6105091939723994,0.9319522273793459,-0.6785569665930535,I-M-I,True,6,2
0.557260471617;1.41669996005,2.6666666667,0.75,1.5,0.0,5.531923093339602,4.771853868811769,-0.7600692245278324,I-M-I,True,8,2
0.533428365566;1.40976060431,2.75,0.75,2.0,0.0,6.385033396136772,4.7009979523216945,-1.6840354438150775,I-M-I,True,8,2
0.761829027436;1.39190304147,2.8333333333,0.75,1.5,0.0,1.6053595294743368,0.7210357610346327,-0.8843237684397041,I-M-I,True,5,2
,2.9166666667,0.75,1.5,0.0,0.38088929144410644,-0.5948033949967235,-0.97569268644083,I,False,3,0
,3.0,0.75,1.5,0.0,0.5214873960176647,-0.5280651254495168,-1.0495525214671815,I,False,5,0
,0.0,0.8333333333,1.5,0.0,0.0002671572602341854,1.2788914617783917,1.2786243045181576,M,False,7,0
,0.0833333333,0.8333333333,1.5,0.0,0.03162152346592073,1.3184421103105106,1.2868205868445899,M,False,4,0
,0.1666666667,0.8333333333,1.5,0.0,0.09951069361461684,1.4804829024264152,1.3809722088117984,M,False,2,0
,0.25,0.8333333333,0.0,0.0,0.0,1.8632904213575512,1.8632904213575512,M,False,1,0
,0.3333333333,0.8333333333,0.25,0.0,0.25181375111208304,1.895005086505622,1.643191335393539,M,False,3,0
,0.4166666667,0.8333333333,0.75,0.0,0.6376949327297972,1.9687412231304706,1.3310462904006735,M,False,3,0
,0.5,0.8333333333,1.25,0.0,0.7601170473585208,1.822994712744514,1.0628776653859933,M,False,3,0
,0.5833333333,0.8333333333,1.5,0.0,1.2553136406086312,2.1023310960517043,0.8470174554430732,M,False,3,0
,0.6666666667,0.8333333333,1.5,0.0,1.4903322020882541,2.1475373208788464,0.6572051187905923,M,False,2,0
,0.75,0.8333333333,0.1,0.0,0.17003795799418153,0.7043066044344939,0.5342686464403124,M,False,2,0
,0.8333333333,0.8333333333,0.5,0.0,1.1313491358591587,1.5942974541854675,0.4629483183263088,M,False,4,0
,0.9166666667,0.8333333333,1.0,0.0,2.27109458107096,2.751059154138266,0.4799645730673059,M,False,4,0
,1.0,0.8333333333,1.5,0.0,2.144107033639272,2.7144878797857097,0.5703808461464379,M,False,4,0
,1.0833333333,0.8333333333,1.5,0.0,0.6368408508480883,1.423661509583885,0.7868206587357967,M,False,2,0
,1.1666666667,0.8333333333,1.5,0.0,0.4558787984151751,1.2944771305027456,0.8385983320875705,M,False,2,0
,1.25,0.8333333333,1.5,0.0,0.3746603615942776,1.1669401508314583,0.7922797892371807,M,False,4,0
,1.3333333333,0.8333333333,0.75,0.0,1.6964588126153064,2.393548659661033,0.6970898470457265,M,False,5,0
,1.4166666667,0.8333333333,1.25,0.0,3.4580253603342412,4.072668650483866,0.6146432901496248,M,False,3,0
,1.5,0.8333333333,1.5,0.0,3.9214741865724423,4.448455993590448,0.5269818070180059,M,False,4,0
,1.5833333333,0.8333333333,1.5,0.0,4.413778213249813,4.8444176176650355,0.4306394044152224,M,False,3,0
,1.6666666667,0.8333333333,1.5,0.0,0.26172690999371806,0.592153360035272,0.3304264500415539,M,False,3,0
,1.75,0.8333333333,1.5,0.0,0.5616461513460322,0.8154555205048406,0.25380936915880836,M,False,5,0
,1.8333333333,0.8333333333,1.0,0.0,6.422736352068418,6.561182457828734,0.13844610576031524,M,False,4,0
,1.9166666667,0.8333333333,1.5,0.0,7.755188301136091,7.792552467651948,0.037364166515856834,M,False,6,0
0.00755448173334,2.0,0.8333333333,1.5,0.0,8.747001104829973,8.68092204476202,-0.06607906006795305,I-M,False,4,1
0.943625197225,2.0833333333,0.8333333333,1.5,0.0,0.24689221229904312,0.09157640394967315,-0.15531580834936998,I-M,False,2,1
1.14095625811,2.1666666667,0.8333333333,1.5,0.0,0.29072220144236294,0.04276029366114775,-0.24796190778121519,I-M,False,4,1
0.360657050459,2.25,0.8333333333,0.75,0.0,1.5969036669588625,1.278137951617007,-0.3187657153418555,I-M,False,5,1
0.422437032878,2.3333333333,0.8333333333,1.25,0.0,6.975818074099123,6.559800125838256,-0.41601794826086635,I-M,False,7,1
0.164604382431;1.45867630267,2.4166666667,0.8333333333,2.0,0.0,7.568333405819151,6.141116868550647,-1.427216537268504,I-M-I,True,6,2
,2.5,0.8333333333,1.5,0.0,0.2802967512471737,-0.2877907931967938,-0.5680875444439675,I,False,2,0
,2.5833333333,0.8333333333,1.5,0.0,0.3100399421269193,-0.3395919294783849,-0.6496318716053042,I,False,3,0
,2.6666666667,0.8333333333,1.5,0.0,0.5230653910706078,-0.20501280302948333,-0.7280781941000911,I,False,5,0
0.558601852698;1.45787770285,2.75,0.8333333333,1.5,0.0,5.999199736216268,5.203415155833824,-0.7957845803824446,I-M-I,True,7,2
0.579013221354;1.39402061698,2.8333333333,0.8333333333,1.5,0.0,5.8545211895267695,4.98999709830635,-0.8645240912204186,I-M-I,True,8,2
0.540761742473;1.38288547749,2.9166666667,0.8333333333,2.0,0.0,6.582692471333545,4.772887813875425,-1.8098046574581208,I-M-I,True,7,2
,3.0,0.8333333333,2.0,0.0,1.348477716776574,-0.5024982580607311,-1.8509759748373051,I,False,5,0
,0.0,0.9166666667,1.5,0.0,0.0002578768860477254,1.282146449240988,1.2818885723549402,M,False,4,0
,0.0833333333,0.9166666667,1.5,0.0,0.03166798556810413,1.322689086734337,1.291021101166233,M,False,6,0
,0.1666666667,0.9166666667,1.25,0.0,0.17484604389415193,1.488209846509465,1.3133638026153132,M,False,3,0
,0.25,0.9166666667,1.5,0.0,0.3490662933838742,1.8647304387565584,1.5156641453726842,M,False,2,0
,0.3333333333,0.9166666667,1.5,0.0,0.17868509115887843,1.800979136405457,1.6222940452465786,M,False,2,0
,0.4166666667,0.9166666667,0.1,0.0,0.1608536487099741,1.4887758518777354,1.3279222031677613,M,False,2,0
,0.5,0.9166666667,0.5,0.0,0.9435961776994395,1.9894116235948585,1.045815445895419,M,False,4,0
,0.5833333333,0.9166666667,1.0,0.0,0.9064821059543333,1.7328193473190372,0.8263372413647039,M,False,3,0
,0.6666666667,0.9166666667,1.5,0.0,1.7037840759383598,2.3061977954704163,0.6024137195320565,M,False,4,0
,0.75,0.9166666667,1.5,0.0,1.5135342924773694,1.9549524884536607,0.4414181959762913,M,False,2,0
,0.8333333333,0.9166666667,1.5,0.0,1.48899938601437,1.8243982646630381,0.33539887864866813,M,False,2,0
,0.9166666667,0.9166666667,1.5,0.0,1.422991670669473,1.6986278741554046,0.27563620348593165,M,False,4,0
,1.0,0.9166666667,1.5,0.0,2.3206484186288168,2.611875091293285,0.2912266726644681,M,False,6,0
,1.0833333333,0.9166666667,1.5,0.0,2.1698337092152435,2.548748656168645,0.37891494695340144,M,False,4,0
,1.1666666667,0.9166666667,1.5,0.0,2.1333535474098104,2.7546242330634194,0.621270685653609,M,False,4,0
,1.25,0.9166666667,1.5,0.0,0.5104410954857874,1.1652780355311196,0.6548369400453322,M,False,2,0
,1.3333333333,0.9166666667,1.5,0.0,0.42463279801121256,1.0453174715809435,0.6206846735697309,M,False,3,0
,1.4166666667,0.9166666667,1.5,0.0,0.7206045120414082,1.2665310140246366,0.5459265019832285,M,False,5,0
,1.5,0.9166666667,1.5,0.0,3.3683874141479415,3.846629555432133,0.4782421412841913,M,False,5,0
,1.5833333333,0.9166666667,1.5,0.0,3.6729664077818973,4.07069097794956,0.39772457016766305,M,False,4,0
1.74185208342,1.6666666667,0.9166666667,2.0,0.0,5.125897933618312,4.499272453220634,-0.6266254803976783,M-I,False,5,1
,1.75,0.9166666667,1.5,0.0,0.2244180997787999,0.4654128049013564,0.2409947051225565,M,False,2,0
,1.8333333333,0.9166666667,1.5,0.0,0.2524506823844148,0.40020008199529267,0.14774939961087785,M,False,4,0
,1.9166666667,0.9166666667,1.5,0.0,1.596517341259605,1.6453023789285264,0.048785037668921394,M,False,6,0
0.0404023317992,2.0,0.9166666667,1.5,0.0,6.635299940375315,6.585546569410244,-0.049753370965071486,I-M,False,6,1
0.0178063014396;1.55035448559,2.0833333333,0.9166666667,2.0,0.0,8.09830090792456,7.007505892951553,-1.0907950149730072,I-M-I,True,5,2
0.0242390669369,2.1666666667,0.9166666667,1.5,0.0,8.82364023653082,8.609763430210721,-0.2138768063200991,I-M,False,3,1
,2.25,0.9166666667,1.5,0.0,0.25278951695447693,-0.05233790890359824,-0.3051274258580752,I,False,3,0
0.396133348706;1.09838585277,2.3333333333,0.9166666667,1.5,0.0,0.563968616797895,0.17845279231222477,-0.38551582448567023,I-M-I,True,5,2
0.438102448893;1.49029270385,2.4166666667,0.9166666667,1.5,0.0,8.590628621647406,8.151808184052696,-0.4388204375947109,I-M-I,True,7,2
0.492614107632;1.44585230384,2.5,0.9166666667,1.5,0.0,7.885330790928406,7.340447420767772,-0.5448833701606342,I-M-I,True,8,2
0.171264389151;1.43268636139,2.5833333333,0.9166666667,1.5,0.0,7.44192048562525,6.842213391409439,-0.5997070942158107,I-M-I,True,5,2
,2.6666666667,0.9166666667,1.5,0.0,0.34486633279158196,-0.34862437530379253,-0.6934907080953745,I,False,2,0
,2.75,0.9166666667,1.5,0.0,0.2751068995896113,-0.47828115323628984,-0.7533880528259012,I,False,4,0
0.572430698422;1.1957513381,2.8333333333,0.9166666667,1.5,0.0,1.6115177811770383,0.7751392694016164,-0.8363785117754219,I-M-I,True,6,2
0.588778576966;1.38286468697,2.9166666667,0.9166666667,1.5,0.0,6.340403889698785,5.456364882159727,-0.8840390075390578,I-M-I,True,8,2
0.540353003579;1.37558481762,3.0,0.9166666667,2.0,0.0,7.029361864193911,5.1672919486433955,-1.8620699155505152,I-M-I,True,7,2
,0.0,1.0,1.5,0.0,0.0002504968929875062,1.2868713962245342,1.2866208993315467,M,False,5,0
,0.0833333333,1.0,1.5,0.0,0.020160553565727213,1.3263735068296874,1.3062129532639601,M,False,3,0
,0.1666666667,1.0,1.5,0.0,0.15537071276489023,1.4953762985238712,1.340005585758981,M,False,3,0
,0.25,1.0,1.5,0.0,0.529518102482534,1.8746981062079748,1.3451800037254409,M,False,4,0
,0.3333333333,1.0,1.5,0.0,0.3580678773344541,1.7504756376863262,1.392407760351872,M,False,3,0
,0.4166666667,1.0,1.5,0.0,0.8290956740430033,2.1425666106280823,1.313470936585079,M,False,2,0
,0.5,1.0,1.5,0.0,1.0500098424965798,2.08420813915181,1.03419829665523,M,False,2,0
,0.5833333333,1.0,0.25,0.0,0.4957743050548955,1.2773956093212795,0.781621304266384,M,False,3,0
,0.6666666667,1.0,0.75,0.0,1.241051517800845,1.8102329169810756,0.5691813991802306,M,False,4,0
,0.75,1.0,1.25,0.0,1.9678798703183897,2.3570067115564313,0.38912684123804153,M,False,3,0
,0.8333333333,1.0,1.5,0.0,2.2570600974015798,2.503171785426575,0.24611168802499517,M,False,3,0
,0.9166666667,1.0,1.5,0.0,1.5111171986773848,1.6610722807750382,0.1499550820976534,M,False,2,0
,1.0,1.0,1.5,0.0,1.4318072585447785,1.5303043022726448,0.09849704372786627,M,False,3,0
,1.0833333333,1.0,1.5,0.0,1.2808569120878257,1.396439458960772,0.11558254687294633,M,False,5,0
,1.1666666667,1.0,1.5,0.0,2.2705067877088707,2.4792889575721646,0.2087821698632939,M,False,5,0
,1.25,1.0,1.5,0.0,2.2853937596072607,2.673192640246817,0.3877988806395565,M,False,4,0
,1.3333333333,1.0,1.5,0.0,2.4195545605864095,2.8752366212604668,0.45568206067405725,M,False,4,0
,1.4166666667,1.0,1.5,0.0,0.4361317037155086,0.8956024857917075,0.45947078207619896,M,False,2,0
,1.5,1.0,1.5,0.0,0.3956345505334973,0.8012320866552911,0.40559753612179383,M,False,4,0
,1.5833333333,1.0,1.5,0.0,1.705127933647696,2.0624880221582313,0.35736008851053525,M,False,6,0
,1.6666666667,1.0,1.5,0.0,3.6134005433989227,3.8956985148406926,0.28229797144176993,M,False,5,0
1.68996679486,1.75,1.0,2.0,0.0,5.0889299442227784,4.322419811048356,-0.7665101331744224,M-I,False,5,1
,1.8333333333,1.0,1.5,0.0,4.405914714842632,4.5221303993041175,0.11621568446148478,M,False,4,0
,1.9166666667,1.0,1.5,0.0,0.2521705324536616,0.30233044013809707,0.050159907684435456,M,False,3,0
,2.0,1.0,1.5,0.0,0.5409692806616215,0.5579788475400034,0.017009566878381843,M,False,5,0
0.195702272017,2.0833333333,1.0,1.5,0.0,5.95609792981759,5.834907097169246,-0.12119083264834352,I-M,False,7,1
0.0929696847067,2.1666666667,1.0,1.5,0.0,6.371183238902798,6.171261446952343,-0.19992179195045523,I-M,False,5,1
0.0393317802212;1.48977406751,2.25,1.0,1.5,0.0,7.395886345658291,7.104992969370084,-0.29089337628820733,I-M-I,True,4,2
,2.3333333333,1.0,1.5,0.0,0.24604950268638337,-0.11093796985288096,-0.35698747253926433,I,False,2,0
,2.4166666667,1.0,1.5,0.0,0.23569273164179183,-0.2002358122117287,-0.43592854385352053,I,False,4,0
0.477160879214;1.35892520817,2.5,1.0,1.5,0.0,1.5882787772841143,1.073887309213203,-0.5143914680709112,I-M-I,True,6,2
0.507287372831;1.43211517102,2.5833333333,1.0,1.5,0.0,10.376655049698384,9.790276942077949,-0.5863781076204346,I-M-I,True,8,2
0.507694070501;1.42582586602,2.6666666667,1.0,2.0,0.0,9.355776412151188,7.749279905479867,-1.606496506671321,I-M-I,True,8,2
,2.75,1.0,1.5,0.0,0.2552045196498254,-0.44691613377788775,-0.7021206534277131,I,False,2,0
,2.8333333333,1.0,1.5,0.0,0.2789929165858762,-0.5271081403753177,-0.8061010569611939,I,False,3,0
,2.9166666667,1.0,1.5,0.0,0.5399432548057188,-0.32483408967968286,-0.8647773444854017,I,False,5,0
0.593406394035;1.45243487855,3.0,1.0,1.5,0.0,7.139423197768667,6.19803294110852,-0.9413902566601469,I-M-I,True,7,2
,0.0,1.0833333333,1.5,0.0,0.00021927489974959968,1.2897004233518605,1.289481148452111,M,False,8,0
,0.0833333333,1.0833333333,1.5,0.0,0.03573652973502117,1.330388697960784,1.2946521682257628,M,False,4,0
,0.1666666667,1.0833333333,1.5,0.0,0.1331213005230234,1.5008822108617461,1.3677609103387227,M,False,2,0
,0.25,1.0833333333,0.25,0.0,0.2681566074959614,1.887066025795257,1.6189094182992956,M,False,3,0
,0.3333333333,1.0833333333,0.75,0.0,0.21626864660081413,1.6181119312476846,1.4018432846468705,M,False,3,0
,0.4166666667,1.0833333333,1.25,0.0,0.2224923063762887,1.5427155225485625,1.3202232161722738,M,False,3,0
,0.5,1.0833333333,1.5,0.0,1.0327289317251158,2.05805255603479,1.0253236243096744,M,False,2,0
,0.5833333333,1.0833333333,1.5,0.0,1.1557515924687718,1.9245119535166686,0.7687603610478968,M,False,2,0
,0.6666666667,1.0833333333,1.5,0.0,1.2376438460074897,1.781795114671851,0.5441512686643613,M,False,3,0
,0.75,1.0833333333,0.5,0.0,1.2173707590057306,1.5658175966441576,0.3484468376384271,M,False,4,0
,0.8333333333,1.0833333333,1.0,0.0,1.9351337474867458,2.1275662359623024,0.1924324884755566,M,False,4,0
,0.9166666667,1.0833333333,1.5,0.0,2.358408201603236,2.422708387555238,0.06430018595200204,M,False,5,0
0.006856583692,1.0,1.0833333333,1.5,0.0,1.5131439575570749,1.496998035522354,-0.016145922034720872,I-M,False,3,1
0.0556202700495,1.0833333333,1.0833333333,1.5,0.0,1.4441801471062972,1.3906296872515038,-0.05355045985479334,I-M,False,2,1
0.039485056561,1.1666666667,1.0833333333,1.5,0.0,1.3056055119161885,1.245314978107849,-0.060290533808339486,I-M,False,4,1
,1.25,1.0833333333,1.5,0.0,2.3418600720831555,2.3529791733367547,0.011119101253599162,M,False,6,0
,1.3333333333,1.0833333333,1.25,0.0,2.4041158604733175,2.55905245839296,0.15493659791964243,M,False,4,0
,1.4166666667,1.0833333333,1.5,0.0,2.4885573885536907,2.7698371483360416,0.28127975978235087,M,False,5,0
,1.5,1.0833333333,1.5,0.0,0.4764966383217719,0.7761243604875565,0.2996277221657846,M,False,2,0
,1.5833333333,1.0833333333,1.5,0.0,0.41074402761928397,0.676400696442371,0.265656668823087,M,False,3,0
,1.6666666667,1.0833333333,1.5,0.0,0.7570316711071321,0.976730127088381,0.21969845598124893,M,False,5,0
,1.75,1.0833333333,1.5,0.0,3.5306596822511622,3.701651383459016,0.1709917012078539,M,False,6,0
,1.8333333333,1.0833333333,1.5,0.0,3.8947705670658523,3.977895548205225,0.08312498113937261,M,False,5,0
,1.9166666667,1.0833333333,1.5,0.0,4.195474667832108,4.233359314392722,0.037884646560613966,M,False,5,0
0.048057595841,2.0,1.0833333333,1.5,0.0,0.6423173997774727,0.5805809397771822,-0.06173646000029054,I-M,False,3,1
0.188069640282,2.0833333333,1.0833333333,1.5,0.0,0.5892287077629814,0.4875647859801111,-0.10166392178287031,I-M,False,5,1
0.262369084019,2.1666666667,1.0833333333,1.5,0.0,1.6421307576783293,1.4290268807936966,-0.21310387688463273,I-M,False,6,1
0.318156403988;1.49007482726,2.25,1.0833333333,1.5,0.0,5.804961876440457,5.540111626475955,-0.2648502499645011,I-M-I,True,8,2
0.295851602073;1.47702237609,2.3333333333,1.0833333333,2.0,0.0,7.483453926419608,6.146917872691763,-1.336536053727845,I-M-I,True,6,2
0.380222989853;1.46231345103,2.4166666667,1.0833333333,2.0,0.0,8.22526514733398,6.801706484684182,-1.423558662649798,I-M-I,True,6,2
0.434547575289;0.753451759295,2.5,1.0833333333,1.5,0.0,0.597426268269917,0.09149140631855657,-0.5059348619513604,I-M-I,True,4,2
,2.5833333333,1.0833333333,1.5,0.0,0.547911223944137,-0.008469465866217885,-0.5563806898103549,I,False,5,0
0.523168659842;1.4815600165,2.6666666667,1.0833333333,1.5,0.0,11.082024180506242,10.452905482728376,-0.6291186977778653,I-M-I,True,7,2
0.539437601546;1.40963419201,2.75,1.0833333333,1.5,0.0,11.90908154879736,11.190882707416307,-0.7181988413810525,I-M-I,True,8,2
0.514785786682;1.39601404808,2.8333333333,1.0833333333,1.5,0.0,8.904934679304029,8.12656827654644,-0.7783664027575896,I-M-I,True,7,2
,2.9166666667,1.0833333333,1.5,0.0,0.5137046843016031,-0.3209723566935643,-0.8346770409951674,I,False,4,0
,3.0,1.0833333333,1.5,0.0,0.5562716782860564,-0.3457338541118138,-0.9020055323978702,I,False,5,0
,0.0,1.1666666667,1.5,0.0,0.0001992166045514665,1.291267718165035,1.2910685015604835,M,False,6,0
,0.0833333333,1.1666666667,1.5,0.0,0.036928758425466945,1.3334506559769328,1.2965218975514659,M,False,5,0
,0.1666666667,1.1666666667,1.5,0.0,0.17801274229453767,1.5044619739723992,1.3264492316778616,M,False,4,0
,0.25,1.1666666667,1.5,0.0,0.4006857587868682,1.8768358799788083,1.4761501211919401,M,False,2,0
,0.3333333333,1.1666666667,1.5,0.0,0.13136180253879637,1.747725435005837,1.6163636324670407,M,False,3,0
,0.4166666667,1.1666666667,0.5,0.0,0.6164639238992189,1.9275897087756282,1.3111257848764093,M,False,4,0
,0.5,1.1666666667,1.0,0.0,0.9402899555622959,1.9515951794275979,1.011305223865302,M,False,4,0
,0.5833333333,1.1666666667,1.5,0.0,1.1300910803298487,1.8803402689758735,0.7502491886460247,M,False,5,0
,0.6666666667,1.1666666667,1.5,0.0,1.2012667255279421,1.729018968204103,0.5277522426761609,M,False,3,0
,0.75,1.1666666667,0.0,0.0,0.0,0.326992945281535,0.326992945281535,M,False,1,0
,0.8333333333,1.1666666667,0.25,0.0,0.5389407729259408,0.6844693567915114,0.14552858386557066,M,False,3,0
,0.9166666667,1.1666666667,0.75,0.0,2.0903297816381814,2.09501660437595,0.004686822737768548,M,False,4,0
0.0437169503144,1.0,1.1666666667,1.25,0.0,2.4371241006060975,2.329800747878974,-0.10732335272712357,I-M,False,4,1
0.0662772970692,1.0833333333,1.1666666667,1.5,0.0,2.478948406615939,2.3239855572950545,-0.15496284932088455,I-M,False,4,1
0.206000162648,1.1666666667,1.1666666667,1.5,0.0,1.4507394598507855,1.2515044167243476,-0.1992350431264378,I-M,False,2,1
0.172216629416,1.25,1.1666666667,1.5,0.0,1.3174635905271526,1.1060439485770543,-0.2114196419500982,I-M,False,3,1
0.10547427082,1.3333333333,1.1666666667,1.5,0.0,1.1992676536597342,1.0238366713583091,-0.17543098230142506,I-M,False,5,1
0.0380170618908,1.4166666667,1.1666666667,1.5,0.0,2.571980322226781,2.4842942834418014,-0.08768603878497983,I-M,False,5,1
,1.5,1.1666666667,1.5,0.0,2.560922223208753,2.6868001583239525,0.1258779351151995,M,False,5,0
,1.5833333333,1.1666666667,1.5,0.0,2.733093038759584,2.8795107316346145,0.14641769287503026,M,False,5,0
,1.6666666667,1.1666666667,1.5,0.0,0.7877779803781362,0.9302752104219816,0.1424972300438454,M,False,3,0
,1.75,1.1666666667,1.5,0.0,0.7460107275081396,0.8331011178058567,0.08709039029771715,M,False,5,0
,1.8333333333,1.1666666667,1.5,0.0,1.7319598196765305,1.780698184261722,0.04873836458519154,M,False,6,0
0.00678972197379,1.9166666667,1.1666666667,1.5,0.0,3.748151590816714,3.7387203137294684,-0.009431277087245338,I-M,False,6,1
0.0520731942827,2.0,1.1666666667,1.5,0.0,4.087076023091241,4.016381764521732,-0.07069425856950806,I-M,False,5,1
0.115955543224,2.0833333333,1.1666666667,1.5,0.0,4.420130900531792,4.269061941699411,-0.15106895883238147,I-M,False,5,1
1.22193954758,2.1666666667,1.1666666667,1.5,0.0,0.2682503439813848,0.039025988525861255,-0.22922435545552355,I-M,False,3,1
0.308010288073;1.34700438619,2.25,1.1666666667,1.5,0.0,0.6150917450413793,0.3286808211817642,-0.2864109238596151,I-M-I,True,5,2
0.354615933816;1.48842873597,2.3333333333,1.1666666667,1.5,0.0,5.527765570150189,5.169065822179855,-0.35869974797033377,I-M-I,True,7,2
0.393716958997;1.4619759222,2.4166666667,1.1666666667,1.5,0.0,5.895989338671312,5.5131803374391755,-0.3828090012321361,I-M-I,True,8,2
0.426402443103;1.4477644103,2.5,1.1666666667,1.5,0.0,6.471072203093444,6.0051045700877985,-0.4659676330056448,I-M-I,True,5,2
0.478262532921;1.43504860682,2.5833333333,1.1666666667,1.5,0.0,1.4918667100311302,0.9392232050928064,-0.5526435049383238,I-M-I,True,4,2
,2.6666666667,1.1666666667,1.5,0.0,0.5683461255747306,-0.0548906904350388,-0.6232368160097694,I,False,5,0
0.533833449532;1.2443783468,2.75,1.1666666667,1.5,0.0,1.5716159529821665,0.9027046674549868,-0.6689112855271797,I-M-I,True,6,2
0.552364852155;1.39964467694,2.8333333333,1.1666666667,1.5,0.0,10.188864641094133,9.456551401781567,-0.7323132393125653,I-M-I,True,8,2
0.512909481015;1.38703565362,2.9166666667,1.1666666667,2.0,0.0,12.632365129041844,10.835614654000434,-1.7967504750414094,I-M-I,True,8,2
0.74868142833;1.37994236126,3.0,1.1666666667,1.5,0.0,1.5583990330924191,0.6763504278842514,-0.8820486052081677,I-M-I,True,6,2
,0.0,1.25,1.5,0.0,0.00022916309924880807,1.2938049396045854,1.2935757765053366,M,False,6,0
,0.0833333333,1.25,1.5,0.0,0.02905031225233401,1.3347018524945171,1.305651540242183,M,False,4,0
,0.1666666667,1.25,1.0,0.0,0.1963760794804248,1.50689629481955,1.310520215339125,M,False,4,0
,0.25,1.25,1.5,0.0,0.5509848806043083,1.8834555084520042,1.3324706278476959,M,False,5,0
,0.3333333333,1.25,1.5,0.0,0.046633810611057314,1.6650169672910509,1.6183831566799936,M,False,2,0
,0.4166666667,1.25,1.5,0.0,0.7444280146911533,2.0461919382655442,1.301763923574391,M,False,2,0
,0.5,1.25,1.5,0.0,0.9950421775088074,2.0010751102657607,1.0060329327569533,M,False,4,0
,0.5833333333,1.25,1.5,0.0,1.1246967239235506,1.8685164521265532,0.7438197282030026,M,False,5,0
,0.6666666667,1.25,1.25,0.0,1.2596665814457326,1.766078994823285,0.5064124133775523,M,False,4,0
,0.75,1.25,1.5,0.0,1.7457101663093137,2.0603718619474214,0.31466169563810764,M,False,4,0
,0.8333333333,1.25,1.5,0.0,1.299198115973919,1.4121309451032293,0.11293282912931035,M,False,3,0
0.0237632066363,0.9166666667,1.25,0.1,0.0,0.2099455280676099,0.16005573840913767,-0.04988978965847224,I-M,False,2,1
0.0742556170475,1.0,1.25,0.5,0.0,1.2814561207701098,1.1114265982336717,-0.1700295225364381,I-M,False,4,1
0.123151952307,1.0833333333,1.25,1.0,0.0,2.2198165169188258,1.9795826395019982,-0.24023387741682756,I-M,False,5,1
0.126178256855,1.1666666667,1.25,1.5,0.0,2.5680688001169782,2.25566388985088,-0.3124049102660984,I-M,False,5,1
0.149291094898,1.25,1.25,1.5,0.0,1.4625358097631151,1.114604756737267,-0.34793105302584815,I-M,False,3,1
0.154246779036,1.3333333333,1.25,1.5,0.0,1.352975839857376,0.9995262445098647,-0.3534495953475112,I-M,False,3,1
0.181049639731,1.4166666667,1.25,1.5,0.0,1.2176507740576454,0.8956102503121635,-0.322040523745482,I-M,False,5,1
0.13109682316,1.5,1.25,1.5,0.0,2.3078362768094847,2.0510322967366856,-0.25680398007279903,I-M,False,6,1
0.0631277209621,1.5833333333,1.25,1.5,0.0,2.728311606510263,2.596825130961396,-0.13148647554886717,I-M,False,5,1
0.0105038724243,1.6666666667,1.25,1.5,0.0,2.804614355597446,2.7860050263960994,-0.018609329201346725,I-M,False,5,1
0.00793146171707,1.75,1.25,1.5,0.0,2.997024912568438,2.984088100489846,-0.012936812078591764,I-M,False,5,1
0.0460401899347,1.8333333333,1.25,1.5,0.0,0.7739437406367244,0.7330872028115394,-0.04085653782518506,I-M,False,4,1
0.0965645891476,1.9166666667,1.25,1.5,0.0,0.7406742638228092,0.6574807765830295,-0.0831934872397797,I-M,False,5,1
0.155286160326,2.0,1.25,1.5,0.0,3.7518830285937175,3.6140192153668225,-0.137863813226895,I-M,False,7,1
0.13571725514,2.0833333333,1.25,1.5,0.0,4.035353434397093,3.8459553952514143,-0.18939803914567932,I-M,False,6,1
0.184318948279,2.1666666667,1.25,1.5,0.0,4.344247344542327,4.099348594173366,-0.2448987503689617,I-M,False,5,1
0.233197427394;1.35684984554,2.25,1.25,1.5,0.0,0.6519090787303927,0.34786203862044784,-0.3040470401099449,I-M-I,True,3,2
0.34626687732;1.17020805769,2.3333333333,1.25,1.5,0.0,0.6316390294967489,0.2633463898278552,-0.3682926396688937,I-M-I,True,5,2
0.388918649035;1.39171864046,2.4166666667,1.25,1.5,0.0,1.6056041341816831,1.199981208575998,-0.40562292560568514,I-M-I,True,6,2
0.436505879364;1.44781561036,2.5,1.25,1.5,0.0,5.752889473702364,5.264841306166911,-0.48804816753545266,I-M-I,True,8,2
0.467330729106;1.43497824776,2.5833333333,1.25,2.0,0.0,7.2083714746410825,5.678904150160328,-1.5294673244807544,I-M-I,True,8,2
,2.6666666667,1.25,1.5,0.0,0.5708043005347561,-0.03809945648971125,-0.6089037570244673,I,False,3,0
,2.75,1.25,1.5,0.0,0.5789232458610782,-0.11303643641399708,-0.6919596822750753,I,False,4,0
,2.8333333333,1.25,1.5,0.0,0.5782882368021438,-0.17407562708060942,-0.7523638638827532,I,False,5,0
0.555715411963;1.46371708461,2.9166666667,1.25,1.5,0.0,8.146670472101091,7.331723370267399,-0.8149471018336913,I-M-I,True,7,2
0.576596669955;1.37724769519,3.0,1.25,1.5,0.0,9.560627064833358,8.704195013219934,-0.8564320516134236,I-M-I,True,8,2
,0.0,1.3333333333,1.5,0.0,0.00029400894925224463,1.2958067419160835,1.2955127329668312,M,False,7,0
,0.0833333333,1.3333333333,1.5,0.0,0.028800801040834045,1.3361661225769486,1.3073653215361145,M,False,3,0
,0.1666666667,1.3333333333,1.5,0.0,0.1647776201905664,1.5096229741197527,1.3448453539291862,M,False,5,0
,0.25,1.3333333333,1.5,0.0,0.5315479619808228,1.8767390527607701,1.3451910907799474,M,False,4,0
,0.3333333333,1.3333333333,1.25,0.0,0.26713379082500843,1.6242557325436668,1.3571219417186584,M,False,4,0
,0.4166666667,1.3333333333,1.5,0.0,0.7215837220406964,2.019144584933817,1.2975608628931208,M,False,3,0
,0.5,1.3333333333,1.5,0.0,0.9793904908918352,1.984168968758269,1.004778477866434,M,False,2,0
,0.5833333333,1.3333333333,0.1,0.0,0.20849810250477185,0.9535451778990591,0.7450470753942873,M,False,2,0
,0.6666666667,1.3333333333,0.5,0.0,1.1806103059471988,1.6762556587358461,0.4956453527886473,M,False,4,0
,0.75,1.3333333333,1.0,0.0,1.5614378099192203,1.8474695196617206,0.28603170974250025,M,False,4,0
,0.8333333333,1.3333333333,1.5,0.0,2.020158959659284,2.1059083882182184,0.08574942855893442,M,False,5,0
0.0351282371309,0.9166666667,1.3333333333,1.5,0.0,1.3566395273905871,1.266100204941059,-0.09053932244952811,I-M,False,3,1
0.0834312895884,1.0,1.3333333333,1.5,0.0,1.5004945892405823,1.285844019006904,-0.21465057023367828,I-M,False,3,1
0.162227778364,1.0833333333,1.3333333333,1.5,0.0,1.5562270026299636,1.2499024126826757,-0.30632458994728795,I-M,False,4,1
0.197261813104,1.1666666667,1.3333333333,1.5,0.0,2.265093274845716,1.8929333932075427,-0.3721598816381735,I-M,False,6,1
0.187540763169,1.25,1.3333333333,1.25,0.0,2.566947677016687,2.1200048005395318,-0.44694287647715525,I-M,False,4,1
0.201146835824,1.3333333333,1.3333333333,1.5,0.0,1.4579267116738497,0.9794102927002784,-0.47851641897357133,I-M,False,3,1
0.207548823594,1.4166666667,1.3333333333,1.5,0.0,1.341528570523098,0.8740582552616476,-0.46747031526145033,I-M,False,3,1
0.221225165269,1.5,1.3333333333,1.5,0.0,1.1959121498821434,0.753930065411792,-0.4419820844703515,I-M,False,4,1
0.194513868472,1.5833333333,1.3333333333,1.5,0.0,1.1961838575676875,0.796159778816349,-0.4000240787513385,I-M,False,5,1
0.149656466941,1.6666666667,1.3333333333,1.5,0.0,2.870075336454564,2.5397894767875955,-0.33028585966696866,I-M,False,7,1
0.0968130686546,1.75,1.3333333333,1.5,0.0,2.90437013013797,2.72360708219053,-0.18076304794744003,I-M,False,5,1
0.0924036551011,1.8333333333,1.3333333333,1.5,0.0,3.0568479380600926,2.8990343258365665,-0.15781361222352608,I-M,False,5,1
0.104717521202,1.9166666667,1.3333333333,1.5,0.0,0.8123414842047643,0.6422087110140544,-0.17013277319070985,I-M,False,3,1
0.178806352462,2.0,1.3333333333,1.5,0.0,0.39159055262786113,0.19142469400172946,-0.20016585862613168,I-M,False,4,1
0.241249971933,2.0833333333,1.3333333333,1.5,0.0,1.7456200195553935,1.513259331025909,-0.23236068852948444,I-M,False,6,1
0.22835615813,2.1666666667,1.3333333333,1.5,0.0,3.9123822356144995,3.6379206941074176,-0.2744615415070819,I-M,False,7,1
0.24529489885;1.49014851919,2.25,1.3333333333,1.5,0.0,4.267867203099341,3.929300425994668,-0.3385667771046723,I-M-I,True,5,2
0.283599345035;1.48402196367,2.3333333333,1.3333333333,1.5,0.0,4.494506233610151,4.110269003154313,-0.38423723045583813,I-M-I,True,4,2
0.366360673998;0.978284055215,2.4166666667,1.3333333333,1.5,0.0,0.6479834240035109,0.19149305468034683,-0.4564903693231641,I-M-I,True,4,2
0.41881455162;0.841636143093,2.5,1.3333333333,1.5,0.0,0.647577251620779,0.1371975317292562,-0.5103797198915228,I-M-I,True,5,2
0.473627826854;1.46906669119,2.5833333333,1.3333333333,1.5,0.0,5.42062808076936,4.862171805230551,-0.5584562755388087,I-M-I,True,7,2
0.502122104225;1.42384205618,2.6666666667,1.3333333333,1.5,0.0,5.657935070062994,5.046871752795482,-0.6110633172675111,I-M-I,True,8,2
0.508364276191;1.40953143225,2.75,1.3333333333,1.5,0.0,6.199686956625021,5.510282592241936,-0.6894043643830856,I-M-I,True,7,2
,2.8333333333,1.3333333333,1.5,0.0,0.5743429970054121,-0.1574775749230204,-0.7318205719284325,I,False,3,0
,2.9166666667,1.3333333333,1.5,0.0,0.5773983084000538,-0.23205989961167228,-0.8094582080117261,I,False,5,0
0.572318593619;1.15739480178,3.0,1.3333333333,1.5,0.0,1.5999332253061125,0.7324025967282339,-0.8675306285778785,I-M-I,True,6,2
,0.0,1.4166666667,1.5,0.0,0.00029246574336028175,1.2973441163015287,1.2970516505581684,M,False,8,0
,0.0833333333,1.4166666667,1.5,0.0,0.0368295124136635,1.337805032669587,1.3009755202559234,M,False,5,0
,0.1666666667,1.4166666667,1.5,0.0,0.1660858555324758,1.511899629179037,1.3458137736465612,M,False,3,0
,0.25,1.4166666667,1.5,0.0,0.4760849187371283,1.8937976514691077,1.4177127327319794,M,False,4,0
,0.3333333333,1.4166666667,0.5,0.0,0.34114955473253605,1.8931696302615006,1.5520200755289646,M,False,4,0
,0.4166666667,1.4166666667,1.0,0.0,0.6149196370785326,1.9103068270181827,1.29538718993965,M,False,4,0
,0.5,1.4166666667,1.5,0.0,0.9633705759528137,1.9702748294748376,1.0069042535220238,M,False,5,0
,0.5833333333,1.4166666667,1.5,0.0,1.0754673596524116,1.8340385839204907,0.7585712242680791,M,False,3,0
,0.6666666667,1.4166666667,1.5,0.0,1.182347594216497,1.672053612287081,0.4897060180705841,M,False,2,0
,0.75,1.4166666667,0.25,0.0,0.5489665034090723,0.8183877216008044,0.26942121819173215,M,False,3,0
,0.8333333333,1.4166666667,0.75,0.0,1.938654154672394,2.004273523315787,0.06561936864339302,M,False,5,0
0.0449002797675,0.9166666667,1.4166666667,1.25,0.0,2.1933055707866878,2.076325671952827,-0.11697989883386084,I-M,False,4,1
0.0941545339392,1.0,1.4166666667,1.5,0.0,2.2931235391115257,2.048648282295862,-0.24447525681566384,I-M,False,4,1
0.138728515448,1.0833333333,1.4166666667,1.5,0.0,1.5410246102834066,1.1835742726377614,-0.35745033764564527,I-M,False,3,1
0.374559276171,1.1666666667,1.4166666667,1.5,0.0,1.5453335853334873,1.1107702023029113,-0.43456338303057596,I-M,False,3,1
0.267253166582,1.25,1.4166666667,1.5,0.0,1.551218843411113,1.027915388303525,-0.5233034551075879,I-M,False,5,1
0.289965069841,1.3333333333,1.4166666667,1.0,0.0,2.332007479029193,1.761020565068271,-0.570986913960922,I-M,False,6,1
0.244284081644,1.4166666667,1.4166666667,1.5,0.0,2.5253867547157087,1.9585449449568118,-0.566841809758897,I-M,False,5,1
0.258490524601,1.5,1.4166666667,1.5,0.0,1.3135384559939425,0.7400764208011688,-0.5734620351927737,I-M,False,3,1
0.24887083623,1.5833333333,1.4166666667,1.5,0.0,1.2369590659197796,0.6591283157798498,-0.5778307501399298,I-M,False,3,1
0.360261425909,1.6666666667,1.4166666667,1.5,0.0,1.1401788841988623,0.596384189672031,-0.5437946945268313,I-M,False,4,1
0.221070940879,1.75,1.4166666667,1.5,0.0,2.2364001059493805,1.7847461537951612,-0.45165395215421933,I-M,False,6,1
0.200761614039,1.8333333333,1.4166666667,1.5,0.0,2.9556098583917887,2.6389456895908894,-0.3166641688008993,I-M,False,6,1
0.161027389845,1.9166666667,1.4166666667,1.5,0.0,3.085652767078515,2.804978884826109,-0.28067388225240597,I-M,False,5,1
0.171760930378,2.0,1.4166666667,1.5,0.0,3.265404874312659,2.9782381386305414,-0.2871667356821175,I-M,False,4,1
0.224000613662,2.0833333333,1.4166666667,1.5,0.0,0.7951268741968462,0.4853044467661185,-0.30982242743072774,I-M,False,4,1
0.291591951745,2.1666666667,1.4166666667,1.5,0.0,0.7197996998337168,0.4092368013623928,-0.310562898471324,I-M,False,5,1
0.309632162015;1.49085344541,2.25,1.4166666667,1.5,0.0,3.922304643589548,3.539338647244898,-0.3829659963446499,I-M-I,True,7,2
0.353865508114;1.47325528573,2.3333333333,1.4166666667,1.5,0.0,4.185646866965662,3.7578484831122165,-0.42779838385344515,I-M-I,True,8,2
0.341108527662;1.45955552107,2.4166666667,1.4166666667,1.5,0.0,4.360449237744074,3.913587567683361,-0.4468616700607133,I-M-I,True,5,2
0.386377527165;0.911679840286,2.5,1.4166666667,1.5,0.0,0.6811255621642442,0.15478234136878877,-0.5263432207954555,I-M-I,True,3,2
0.452357449878;0.711429115393,2.5833333333,1.4166666667,1.5,0.0,0.6606517946901178,0.08882678607116601,-0.5718250086189518,I-M-I,True,5,2
0.497398543729;1.29505213269,2.6666666667,1.4166666667,1.5,0.0,1.646216652024533,1.0197508233390171,-0.6264658286855158,I-M-I,True,6,2
0.518030162946;1.41513439259,2.75,1.4166666667,1.5,0.0,5.542283240795631,4.85369225906998,-0.6885909817256506,I-M-I,True,8,2
0.511469576152;1.4016765209,2.8333333333,1.4166666667,1.5,0.0,5.615937028889661,4.866909523190323,-0.7490275056993383,I-M-I,True,7,2
0.665754030908;1.38884142157,2.9166666667,1.4166666667,1.5,0.0,1.5267484069893218,0.7234887547632085,-0.8032596522261133,I-M-I,True,6,2
,3.0,1.4166666667,1.5,0.0,0.583393056625839,-0.26429836539219576,-0.8476914220180347,I,False,4,0
,0.0,1.5,1.5,0.0,0.0002734778511968017,1.2988236772384458,1.298550199387249,M,False,5,0
,0.0833333333,1.5,1.5,0.0,0.037469459749715384,1.3391512810660147,1.3016818213162993,M,False,5,0
,0.1666666667,1.5,1.5,0.0,0.2042293189787534,1.5139862940371223,1.3097569750583689,M,False,5,0
,0.25,1.5,1.5,0.0,0.4597368463263054,1.876893569400535,1.4171567230742297,M,False,3,0
,0.3333333333,1.5,1.5,0.0,0.07344212802066519,1.6236438162267466,1.5502016882060814,M,False,3,0
,0.4166666667,1.5,0.25,0.0,0.4074156600810719,1.7018400794178121,1.2944244193367402,M,False,3,0
,0.5,1.5,0.75,0.0,0.9102521871650882,1.9260614832544962,1.015809296089408,M,False,4,0
,0.5833333333,1.5,1.25,0.0,1.0754428380521603,1.8097402210018978,0.7342973829497375,M,False,4,0
,0.6666666667,1.5,1.5,0.0,1.1964660343877607,1.6840203864715115,0.48755435208375086,M,False,3,0
,0.75,1.5,1.5,0.0,1.2511959697773904,1.5091942559209657,0.25799828614357523,M,False,3,0
,0.8333333333,1.5,0.1,0.0,0.23338020065753584,0.28292201447716714,0.0495418138196313,M,False,2,0
0.0459864370481,0.9166666667,1.5,0.5,0.0,1.2622454562577001,1.1762051855760305,-0.08604027068166964,I-M,False,4,1
0.117634099144,1.0,1.5,1.0,0.0,2.227428098540513,1.9686939927279004,-0.25873410581261247,I-M,False,5,1
0.152122017042,1.0833333333,1.5,1.5,0.0,2.3670019869454033,1.9692660531969008,-0.39773593374850247,I-M,False,5,1
0.191070771451,1.1666666667,1.5,1.5,0.0,1.5267202597855802,1.0425447400200594,-0.48417551976552087,I-M,False,3,1
0.229787695339,1.25,1.5,1.5,0.0,1.5941319558826659,1.0107043598510996,-0.5834275960315662,I-M,False,3,1
0.307559841109,1.3333333333,1.5,1.5,0.0,1.5392418255545381,0.8984859626740445,-0.6407558628804937,I-M,False,5,1
0.323234535745,1.4166666667,1.5,1.5,0.0,2.3106293848542734,1.6796393325116532,-0.6309900523426202,I-M,False,6,1
0.341321298369,1.5,1.5,1.25,0.0,2.531573924906273,1.853772388357465,-0.6778015365488081,I-M,False,6,1
0.326125988684,1.5833333333,1.5,1.5,0.0,2.5015704071472817,1.7883090537061421,-0.7132613534411396,I-M,False,5,1
0.303030063172,1.6666666667,1.5,1.5,0.0,1.2457342264547715,0.5451061750544834,-0.700628051400288,I-M,False,3,1
0.286958716294,1.75,1.5,1.5,0.0,1.2308600549298623,0.5679391109584908,-0.6629209439713715,I-M,False,4,1
0.270642273467,1.8333333333,1.5,1.5,0.0,1.1573398621390343,0.5792959245052445,-0.5780439376337898,I-M,False,5,1
0.272243142271,1.9166666667,1.5,1.5,0.0,3.0750132754872728,2.5671748701199086,-0.5078384053673641,I-M,False,7,1
0.244245590923,2.0,1.5,1.5,0.0,3.121203921134511,2.7250603746742112,-0.3961435464602996,I-M,False,6,1
0.256948081536,2.0833333333,1.5,1.5,0.0,3.310023837288922,2.9157101853343312,-0.39431365195459067,I-M,False,6,1
0.254564615725,2.1666666667,1.5,1.5,0.0,0.7880779253361525,0.38684441688740323,-0.4012335084487493,I-M,False,3,1
0.33538349168;1.31259637865,2.25,1.5,1.5,0.0,0.7779613531099647,0.33093928930108163,-0.4470220638088831,I-M-I,True,5,2
0.361681697825;1.43144563506,2.3333333333,1.5,1.5,0.0,1.7669019350115969,1.2997041421289608,-0.4671977928826361,I-M-I,True,6,2
0.391674290777;1.45956027036,2.4166666667,1.5,1.5,0.0,4.122149076262055,3.6175928968952396,-0.5045561793668156,I-M-I,True,8,2
0.420979659012;1.44763553276,2.5,1.5,1.5,0.0,4.365607429079765,3.814903299015492,-0.5507041300642732,I-M-I,True,7,2
0.45410745011;0.684541011214,2.5833333333,1.5,1.5,0.0,0.6680865116234154,0.06683637025796463,-0.6012501413654507,I-M-I,True,4,2
0.482950086184;0.566072643745,2.6666666667,1.5,1.5,0.0,0.6605458688990704,0.025852416233815845,-0.6346934526652546,I-M-I,True,4,2
,2.75,1.5,1.5,0.0,0.6344606187393644,-0.059915015564443674,-0.6943756343038081,I,False,5,0
0.52777169952;1.45010341772,2.8333333333,1.5,1.5,0.0,5.333841738747667,4.598223991920857,-0.7356177468268101,I-M-I,True,7,2
0.547031518833;1.38867029307,2.9166666667,1.5,1.5,0.0,5.746451558113916,4.9823063283095355,-0.7641452298043805,I-M-I,True,8,2
0.523783321367;1.379744729,3.0,1.5,1.5,0.0,5.822981469287171,4.965617661310159,-0.857363807977013,I-M-I,True,7,2
,0.0,1.5833333333,1.5,0.0,0.0002013012720025742,1.299834894894428,1.2996335936224255,M,False,5,0
,0.0833333333,1.5833333333,1.5,0.0,0.02919461195235762,1.3404910241916466,1.311296412239289,M,False,5,0
,0.1666666667,1.5833333333,1.5,0.0,0.19854836881852833,1.5156963036188746,1.3171479348003463,M,False,4,0
,0.25,1.5833333333,1.25,0.0,0.5545990505351899,1.87834144155384,1.32374239101865,M,False,4,0
,0.3333333333,1.5833333333,1.5,0.0,0.07035708922831407,1.6185101011766503,1.5481530119483362,M,False,3,0
,0.4166666667,1.5833333333,1.5,0.0,0.6786795457988433,1.972812120263598,1.2941325744647547,M,False,3,0
,0.5,1.5833333333,0.1,0.0,0.18456807681542964,1.1999305502193214,1.0153624734038917,M,False,2,0
,0.5833333333,1.5833333333,0.5,0.0,1.0851216852665857,1.810732703158465,0.7256110178918793,M,False,4,0
,0.6666666667,1.5833333333,1.0,0.0,1.1594049560389683,1.6494178276524125,0.4900128716134442,M,False,4,0
,0.75,1.5833333333,1.5,0.0,1.5806773872613809,1.8299300652101356,0.24925267794875472,M,False,5,0
,0.8333333333,1.5833333333,1.5,0.0,1.3176200247026428,1.358602453037236,0.0409824283345932,M,False,3,0
0.0598870636361,0.9166666667,1.5833333333,1.5,0.0,1.3399112247573006,1.1808620072789284,-0.1590492174783722,I-M,False,3,1
0.14033278362,1.0,1.5833333333,1.5,0.0,1.3558691955523727,1.045796770045376,-0.31007242550699665,I-M,False,4,1
0.200885435404,1.0833333333,1.5833333333,0.75,0.0,2.3404486536152413,1.910485122938987,-0.42996353067625437,I-M,False,5,1
0.202348311304,1.1666666667,1.5833333333,1.25,0.0,2.407726966402244,1.8836826156647972,-0.5240443507374466,I-M,False,4,1
0.243312379499,1.25,1.5833333333,1.5,0.0,2.4659424849435228,1.8344030079793021,-0.6315394769642206,I-M,False,4,1
0.275561248335,1.3333333333,1.5833333333,1.5,0.0,1.5618212767832516,0.8633375880621301,-0.6984836887211214,I-M,False,3,1
0.324371574351,1.4166666667,1.5833333333,1.5,0.0,1.4983241124674893,0.778610414402332,-0.7197136980651573,I-M,False,4,1
0.367794659207,1.5,1.5833333333,0.5,0.0,1.1595743076521687,0.39173806044967696,-0.7678362472024918,I-M,False,4,1
0.382032850641,1.5833333333,1.5833333333,1.0,0.0,2.6144155889641785,1.7992582994094133,-0.8151572895547652,I-M,False,6,1
0.388894500787,1.6666666667,1.5833333333,1.5,0.0,2.7367856598905327,1.9285650429247316,-0.8082206169658008,I-M,False,7,1
0.365617058055,1.75,1.5833333333,1.5,0.0,2.434434491684736,1.6250493521238947,-0.8093851395608416,I-M,False,5,1
0.318429991129,1.8333333333,1.5833333333,1.5,0.0,1.2293575543012758,0.44642892407929713,-0.7829286302219787,I-M,False,3,1
0.324651041728,1.9166666667,1.5833333333,1.5,0.0,1.1861186188764905,0.472983237766913,-0.7131353811095775,I-M,False,5,1
0.301500048284,2.0,1.5833333333,1.5,0.0,2.2486055866493513,1.5961159373605533,-0.6524896492887979,I-M,False,6,1
0.315050339924,2.0833333333,1.5833333333,1.5,0.0,3.186732962608432,2.678089321596754,-0.5086436410116781,I-M,False,7,1
0.306511088779,2.1666666667,1.5833333333,1.5,0.0,3.345666212107102,2.860216181969087,-0.48545003013801535,I-M,False,6,1
0.308945281564;1.49024162999,2.25,1.5833333333,1.5,0.0,3.4933890388818747,2.991257111928992,-0.5021319269528828,I-M-I,True,4,2
0.354272916641;1.12586473299,2.3333333333,1.5833333333,1.5,0.0,0.7731029350296508,0.25089129922334363,-0.5222116358063071,I-M-I,True,4,2
0.402638885884;0.95920377047,2.4166666667,1.5833333333,1.5,0.0,0.720235140520451,0.18862724621669136,-0.5316078943037597,I-M-I,True,5,2
0.42029225139;1.46231616663,2.5,1.5833333333,1.5,0.0,4.090442175339112,3.509892321205418,-0.5805498541336935,I-M-I,True,7,2
0.45756139711;1.43716327977,2.5833333333,1.5833333333,1.5,0.0,4.225731389637182,3.5909152875868124,-0.6348161020503693,I-M-I,True,8,2
0.463977332706;1.42150077749,2.6666666667,1.5833333333,1.5,0.0,4.532357248381011,3.8502638800206808,-0.6820933683603303,I-M-I,True,7,2
,2.75,1.5833333333,1.5,0.0,0.6745460073733396,-0.04631558496819865,-0.7208615923415382,I,False,4,0
,2.8333333333,1.5833333333,1.5,0.0,0.6497555120319474,-0.11428957499103687,-0.7640450870229842,I,False,5,0
0.545814008584;1.19254941749,2.9166666667,1.5833333333,1.5,0.0,1.6578766122194422,0.8287334504051853,-0.8291431618142568,I-M-I,True,6,2
0.56046073614;1.37651834194,3.0,1.5833333333,1.5,0.0,5.547281855393296,4.701201796792951,-0.846080058600345,I-M-I,True,8,2
,0.0,1.6666666667,1.5,0.1,8.881784197001252e-16,1.3008081761297592,1.3008081761297583,M,False,7,0
,0.0833333333,1.6666666667,1.5,0.5,0.002461714844117502,1.3144860603680981,1.3120243455239806,M,False,2,0
,0.1666666667,1.6666666667,1.5,0.1,0.11669185170315455,1.4645207423096793,1.3478288906065248,M,False,3,0
,0.25,1.6666666667,1.5,0.1,0.47967474782231,1.896088767813668,1.416414019991358,M,False,4,0
,0.3333333333,1.6666666667,1.0,0.5,0.20616746115192086,1.5461541976542503,1.3399867365023295,M,False,3,0
,0.4166666667,1.6666666667,1.5,0.5,0.6152340760672432,1.9741109485242299,1.3588768724569866,M,False,4,0
,0.5,1.6666666667,1.5,0.0,0.9648636757950717,1.9677954143596303,1.0029317385645586,M,False,2,0
,0.5833333333,1.6666666667,1.5,0.0,1.1004706096731431,1.8205556642463203,0.7200850545731772,M,False,2,0
,0.6666666667,1.6666666667,1.5,0.0,1.132939016725266,1.6564842483229953,0.5235452315977294,M,False,4,0
,0.75,1.6666666667,0.75,0.0,1.518127488839733,1.7602323728191398,0.24210488397940688,M,False,5,0
,0.8333333333,1.6666666667,1.25,0.0,1.930394297628065,1.9959596238485697,0.0655653262205047,M,False,4,0
0.0627069134568,0.9166666667,1.6666666667,1.5,0.0,2.1770295221855243,2.0102249690595113,-0.16680455312601294,I-M,False,4,1
0.120860881652,1.0,1.6666666667,1.5,0.0,1.359097990915401,1.0305744280496065,-0.32852356286579454,I-M,False,3,1
0.428006137821,1.0833333333,1.6666666667,1.5,0.0,1.3556634931541245,0.8995674089872794,-0.4560960841668451,I-M,False,3,1
0.262852906478,1.1666666667,1.6666666667,1.5,0.0,1.3624983419082457,0.8060849525667289,-0.5564133893415169,I-M,False,5,1
0.301692224698,1.25,1.6666666667,1.0,0.0,2.4242607659206867,1.7499043011742015,-0.6743564647464853,I-M,False,6,1
0.304425600989,1.3333333333,1.6666666667,1.5,0.0,2.489083386770394,1.7439305256768756,-0.7451528610935183,I-M,False,6,1
0.315790009203,1.4166666667,1.6666666667,1.5,0.0,1.5301000347917713,0.7504134171588253,-0.779686617632946,I-M,False,3,1
0.353331675311,1.5,1.6666666667,1.5,0.0,1.5225662288104074,0.6855104914814567,-0.8370557373289507,I-M,False,3,1
0.403082339153,1.5833333333,1.6666666667,1.5,0.0,1.4864025534587033,0.5865695708972001,-0.8998329825615032,I-M,False,5,1
0.416098833132,1.6666666667,1.6666666667,0.75,0.0,2.3671485863232977,1.4633257530925303,-0.9038228332307672,I-M,False,5,1
0.423944176749,1.75,1.6666666667,1.25,0.0,2.83391116027568,1.910878447289576,-0.923032712986104,I-M,False,6,1
0.419612305392,1.8333333333,1.6666666667,1.5,0.0,2.450150883471782,1.5388433861109498,-0.9113074973608319,I-M,False,6,1
0.372649968275,1.9166666667,1.6666666667,1.5,0.0,2.3504037799140534,1.4758138565392813,-0.8745899233747718,I-M,False,5,1
0.36116003635,2.0,1.6666666667,1.5,0.0,1.1788816178427188,0.35933262635640206,-0.8195489914863168,I-M,False,4,1
0.356291088448,2.0833333333,1.6666666667,1.5,0.0,1.0887008663937308,0.361493937690585,-0.7272069287031457,I-M,False,5,1
0.36293310289;1.49945792324,2.1666666667,1.6666666667,1.5,0.0,3.2322873059581627,2.6085008046032576,-0.6237865013549051,I-M-I,True,7,2
0.374559273287;1.48764934567,2.25,1.6666666667,1.5,0.0,3.3792535668814607,2.769802654509386,-0.6094509123720746,I-M-I,True,7,2
0.377566938778;1.4698357492,2.3333333333,1.6666666667,1.5,0.0,3.539453200749927,2.937755101491502,-0.6016980992584249,I-M-I,True,6,2
0.401126900186;0.936678342416,2.4166666667,1.6666666667,1.5,0.0,0.7771707817513738,0.17400022163838225,-0.6031705601129915,I-M-I,True,4,2
0.439188859798;0.789788757297,2.5,1.6666666667,1.5,0.0,0.7393536753563619,0.11959315256377101,-0.6197605227925909,I-M-I,True,5,2
0.466692863161;1.32240660018,2.5833333333,1.6666666667,1.5,0.0,1.7587410967984498,1.1183828376331548,-0.640358259165295,I-M-I,True,6,2
0.498038375653;1.42081460583,2.6666666667,1.6666666667,1.5,0.0,4.310425858910746,3.5999506242195225,-0.7104752346912226,I-M-I,True,8,2
0.506794627706;1.40815061316,2.75,1.6666666667,1.5,0.0,4.490139665230748,3.755860162271691,-0.734279502959057,I-M-I,True,7,2
,2.8333333333,1.6666666667,1.5,0.0,0.6785318459636631,-0.11974836551216272,-0.7982802114758258,I,False,5,0
,2.9166666667,1.6666666667,1.5,0.0,0.6789084308359306,-0.1587642867519956,-0.8376727175879262,I,False,4,0
,3.0,1.6666666667,1.5,0.0,0.6542639814681233,-0.22822688584626372,-0.882490867314387,I,False,5,0
,0.0,1.75,1.5,0.1,0.0,1.3016428499650092,1.3016428499650092,M,False,6,0
,0.0833333333,1.75,1.5,0.1,0.0314880256249257,1.3350404890921017,1.303552463467176,M,False,6,0
,0.1666666667,1.75,1.5,0.5,0.008921856413532936,1.3571396141550278,1.3482177577414949,M,False,2,0
,0.25,1.75,0.5,0.5,0.0,1.4161635009531683,1.4161635009531683,M,False,1,0
,0.3333333333,1.75,0.25,0.1,0.14745720892917547,1.8877967324598601,1.7403395235306847,M,False,2,0
,0.4166666667,1.75,0.75,0.5,0.48295557616470663,1.8978040318354679,1.4148484556707612,M,False,2,0
,0.5,1.75,1.25,0.5,0.5729495188993461,1.9367460067403983,1.3637964878410522,M,False,3,0
,0.5833333333,1.75,1.5,0.0,1.095884627873926,1.811953041450097,0.716068413576171,M,False,4,0
,0.6666666667,1.75,1.5,0.0,1.170853028351488,1.6540577316320033,0.48320470328051535,M,False,2,0
,0.75,1.75,1.5,0.0,1.244698041838543,1.480856311810268,0.23615826997172507,M,False,3,0
,0.8333333333,1.75,0.5,0.0,1.3076988036174573,1.327398324107126,0.01969952048966883,M,False,4,0
0.0793812910276,0.9166666667,1.75,1.0,0.0,2.161181699346307,1.972924209692946,-0.1882574896533611,I-M,False,5,1
0.125098003457,1.0,1.75,1.5,0.0,2.3086276887986736,1.9652000712872835,-0.34342761751139017,I-M,False,5,1
0.175844905017,1.0833333333,1.75,1.5,0.0,2.38833805302075,1.9108028656483111,-0.47753518737243894,I-M,False,4,1
0.639150437671,1.1666666667,1.75,1.5,0.0,1.368160683996511,0.7851870173423059,-0.5829736666542051,I-M,False,2,1
,1.25,1.75,0.25,0.0,0.5188539133481238,-0.18761709303909635,-0.7064710063872202,I,False,3,0
0.340783353156,1.3333333333,1.75,0.75,0.0,2.450159403098619,1.6668010080584215,-0.7833583950401977,I-M,False,5,1
0.365850466663,1.4166666667,1.75,1.25,0.0,2.5078463491345824,1.6805101289638054,-0.8273362201707772,I-M,False,6,1
0.379546248947,1.5,1.75,1.5,0.0,2.5827579272226613,1.6900215999018893,-0.892736327320772,I-M,False,5,1
0.390227237896,1.5833333333,1.75,1.5,0.0,2.6443420807059876,1.6782953300083912,-0.9660467506975967,I-M,False,4,1
0.425870340543,1.6666666667,1.75,1.5,0.0,1.4635742226739008,0.48344949222255496,-0.9801247304513458,I-M,False,4,1
0.452421809373,1.75,1.75,1.5,0.0,1.3945909315456961,0.40982409055304503,-0.9847668409926511,I-M,False,5,1
0.461941652646,1.8333333333,1.75,1.0,0.0,2.896136908610221,1.877008462743333,-1.0191284458668879,I-M,False,6,1
0.454467867452,1.9166666667,1.75,1.5,0.0,3.022078532282629,2.0094662901055016,-1.0126122421771275,I-M,False,7,1
0.413063295453,2.0,1.75,1.5,0.0,2.372618642365487,1.3847159690248305,-0.9879026733406568,I-M,False,5,1
0.402617458382,2.0833333333,1.75,1.5,0.0,2.2653083650284223,1.3228202249641172,-0.942488140064305,I-M,False,5,1
0.400904150645;1.49926957643,2.1666666667,1.75,1.5,0.0,2.1567927225075962,1.266343103951114,-0.8904496185564821,I-M-I,True,6,2
0.405223877945;1.45215153339,2.25,1.75,1.5,0.0,2.0861170646834566,1.3225444984001498,-0.7635725662833068,I-M-I,True,6,2
0.409595956638;1.46935441227,2.3333333333,1.75,1.5,0.0,3.4106747235430523,2.6976871758895773,-0.712987547653475,I-M-I,True,7,2
0.427494990401;1.45662187261,2.4166666667,1.75,1.5,0.0,3.518765273460625,2.829812984110353,-0.6889522893502718,I-M-I,True,7,2
0.446573428899;1.44207953408,2.5,1.75,1.5,0.0,3.63676566807466,2.982370588712198,-0.654395079362462,I-M-I,True,6,2
0.474197822999;1.43229681251,2.5833333333,1.75,1.5,0.0,1.667940344835464,0.9427494333124944,-0.7251909115229696,I-M-I,True,5,2
,2.6666666667,1.75,1.5,0.0,0.7472102251392614,-0.0089439218505043,-0.7561541469897657,I,False,5,0
0.514150324063;1.43942179526,2.75,1.75,1.5,0.0,4.236206689333033,3.4551054219439608,-0.7811012673890723,I-M-I,True,7,2
0.526425844324;1.39866800476,2.8333333333,1.75,1.5,0.0,4.369627950256084,3.5417542856056774,-0.8278736646504066,I-M-I,True,8,2
0.52000358719;1.39016343689,2.9166666667,1.75,1.5,0.0,4.614522917602055,3.7491312083966855,-0.8653917092053693,I-M-I,True,7,2
0.686019984174;1.38050279842,3.0,1.75,1.5,0.0,1.535208127773843,0.6400006132063187,-0.8952075145675242,I-M-I,True,5,2
,0.0,1.8333333333,1.5,0.1,0.0,1.3022865021571035,1.3022865021571035,M,False,5,0
,0.0833333333,1.8333333333,1.5,0.1,0.029724813098767733,1.3357893053431913,1.3060644922444236,M,False,4,0
,0.1666666667,1.8333333333,1.25,0.5,0.03875443380958821,1.3482972609739128,1.3095428271643246,M,False,3,0
,0.25,1.8333333333,1.5,0.5,0.08918577641005587,1.4386424912241362,1.3494567148140804,M,False,3,0
,0.3333333333,1.8333333333,1.5,1.5,0.0,1.591427117384836,1.591427117384836,M,False,1,0
,0.4166666667,1.8333333333,0.1,0.1,0.0,1.4519434869222931,1.4519434869222931,M,False,1,0
,0.5,1.8333333333,0.5,0.1,0.7413667681752791,1.9207803262387366,1.1794135580634575,M,False,3,0
,0.5833333333,1.8333333333,1.0,0.5,0.4343274780769546,1.7956515101904515,1.361324032113497,M,False,3,0
,0.6666666667,1.8333333333,1.5,0.0,1.178955629627866,1.6527617220982314,0.4738060924703653,M,False,5,0
,0.75,1.8333333333,1.5,0.0,1.530070600177177,1.761219638771911,0.2311490385947339,M,False,4,0
,0.8333333333,1.8333333333,1.5,0.0,1.323997930090444,1.344156539974668,0.02015860988422391,M,False,3,0
0.0849423476401,0.9166666667,1.8333333333,1.5,0.0,1.3583200594735967,1.1555303055977153,-0.20278975387588138,I-M,False,4,1
0.155678576464,1.0,1.8333333333,0.75,0.0,2.3069255505026827,1.9513771060765017,-0.35554844442618094,I-M,False,5,1
0.180689399097,1.0833333333,1.8333333333,1.25,0.0,2.400487361025703,1.9051948926109845,-0.49529246841471863,I-M,False,4,1
0.22314764105,1.1666666667,1.8333333333,1.5,0.0,2.4352439069871434,1.8302310830017317,-0.6050128239854118,I-M,False,4,1
0.271347431473,1.25,1.8333333333,1.5,0.0,2.4870528672441847,1.7539866482174369,-0.7330662190267478,I-M,False,4,1
0.321176471936,1.3333333333,1.8333333333,1.5,0.0,1.4228463783818033,0.6078791285445626,-0.8149672498372407,I-M,False,4,1
0.373055274438,1.4166666667,1.8333333333,0.5,0.0,1.2663661582686743,0.40007691400477974,-0.8662892442638945,I-M,False,4,1
0.405354282703,1.5,1.8333333333,1.0,0.0,2.442459388383478,1.504044367942552,-0.9384150204409263,I-M,False,6,1
0.424831581504,1.5833333333,1.8333333333,1.5,0.0,2.62524342787837,1.6048211758760957,-1.020422252002274,I-M,False,7,1
0.443954810665,1.6666666667,1.8333333333,1.5,0.0,2.6354739901794324,1.593150103206185,-1.0423238869732474,I-M,False,5,1
0.461756632424,1.75,1.8333333333,1.5,0.0,1.4426032404466524,0.38364886126019115,-1.0589543791864613,I-M,False,3,1
1.1133132489,1.8333333333,1.8333333333,1.5,0.0,1.4033728588168928,0.29835256390829246,-1.1050202949086003,I-M,False,4,1
0.496282926518,1.9166666667,1.8333333333,0.75,0.0,2.410832685760033,1.2921740229734904,-1.1186586627865425,I-M,False,5,1
0.48748259338,2.0,1.8333333333,1.25,0.0,3.0862386668034123,1.9766777522946275,-1.109560914508785,I-M,False,6,1
0.457657145234,2.0833333333,1.8333333333,1.5,0.0,3.190912236491292,2.1051416545736026,-1.0857705819176893,I-M,False,7,1
0.444524494475;1.49602670831,2.1666666667,1.8333333333,1.5,0.0,2.2729294463445417,1.2389501982385318,-1.03397924810601,I-M-I,True,6,2
0.434139652729;1.47994874502,2.25,1.8333333333,1.5,0.0,2.166719469480402,1.1760209459185238,-0.9906985235618784,I-M-I,True,5,2
0.436691633237;0.96966553668,2.3333333333,1.8333333333,1.5,0.0,1.0849880200575421,0.15385025068048197,-0.9311377693770602,I-M-I,True,5,2
0.452215023326;1.45785682425,2.4166666667,1.8333333333,1.5,0.0,3.4603751074061764,2.6533823935562943,-0.8069927138498822,I-M-I,True,7,2
0.469044332141;1.44441845011,2.5,1.8333333333,1.5,0.0,3.567042558656392,2.778166807311877,-0.7888757513445153,I-M-I,True,7,2
0.489034888877;1.42983235396,2.5833333333,1.8333333333,1.5,0.0,3.7304788834951994,2.948670649427157,-0.7818082340680423,I-M-I,True,7,2
0.508614485527;1.41840463803,2.6666666667,1.8333333333,1.5,0.0,1.689344075461049,0.87165463681445,-0.8176894386465989,I-M-I,True,5,2
0.546742135506;1.40997097678,2.75,1.8333333333,1.5,0.0,1.6853828136567568,0.8632074596568713,-0.8221753539998855,I-M-I,True,6,2
0.529401550279;1.3972245302,2.8333333333,1.8333333333,1.5,0.0,1.7712879619087767,0.9106867063050452,-0.8606012556037315,I-M-I,True,7,2
0.542702919874;1.38660020061,2.9166666667,1.8333333333,1.5,0.0,4.348002055195825,3.4611055899048844,-0.8868964652909406,I-M-I,True,8,2
0.529250806341;1.37614075783,3.0,1.8333333333,1.5,0.0,4.490530306228928,3.5948131705601525,-0.8957171356687761,I-M-I,True,7,2
,0.0,1.9166666667,1.5,0.1,0.0,1.3028082202590316,1.3028082202590316,M,False,6,0
,0.0833333333,1.9166666667,1.5,0.1,0.02901446963311649,1.3363761433319579,1.3073616736988414,M,False,4,0
,0.1666666667,1.9166666667,1.5,0.1,0.11801086868846156,1.4665524906862317,1.3485416219977702,M,False,4,0
,0.25,1.9166666667,1.0,0.5,0.09590423194003339,1.4159331109606144,1.320028879020581,M,False,3,0
,0.3333333333,1.9166666667,1.5,0.5,0.25359322646242255,1.5859479952800695,1.332354768817647,M,False,4,0
,0.4166666667,1.9166666667,1.5,0.5,0.5091790633062585,1.9365268765393613,1.4273478132331028,M,False,3,0
,0.5,1.9166666667,1.5,1.5,0.0,1.9405260265179423,1.9405260265179423,M,False,1,0
,0.5833333333,1.9166666667,0.25,0.0,0.5139871156074016,1.224553781739596,0.7105666661321943,M,False,3,0
,0.6666666667,1.9166666667,0.75,0.0,1.1742012882208792,1.6422177902785813,0.46801650205770207,M,False,5,0
,0.75,1.9166666667,1.25,0.0,1.5217628646669032,1.74863364271024,0.22687077804333677,M,False,4,0
,0.8333333333,1.9166666667,1.5,0.0,1.9524779596969948,1.9552933925135716,0.0028154328165768128,M,False,4,0
0.0782516343691,0.9166666667,1.9166666667,1.5,0.0,1.3702145227549498,1.1562036618745033,-0.21401086088044652,I-M,False,3,1
0.292258304417,1.0,1.9166666667,1.5,0.0,1.3813077887767151,1.015843874129542,-0.3654639146471732,I-M,False,3,1
0.220235712531,1.0833333333,1.9166666667,0.5,0.0,1.3816788319454778,0.8715297009943623,-0.5101491309511155,I-M,False,4,1
0.276658280736,1.1666666667,1.9166666667,1.0,0.0,2.470347617935044,1.8305633899489515,-0.6397842279860924,I-M,False,6,1
0.276632091485,1.25,1.9166666667,1.5,0.0,2.504249537313707,1.7489586336022236,-0.7552909037114834,I-M,False,5,1
0.315586947856,1.3333333333,1.9166666667,1.5,0.0,2.5083956561909457,1.6670348081920534,-0.8413608479988923,I-M,False,4,1
0.352663209336,1.4166666667,1.9166666667,1.5,0.0,1.473263984419912,0.5496447158495115,-0.9236192685704006,I-M,False,3,1
0.870738367019,1.5,1.9166666667,1.5,0.0,1.5058871938938105,0.5295302609303709,-0.9763569329634396,I-M,False,4,1
0.434338296514,1.5833333333,1.9166666667,0.75,0.0,2.4745787327925717,1.4186141288983518,-1.05596460389422,I-M,False,5,1
0.462934280682,1.6666666667,1.9166666667,1.25,0.0,2.6162101377184186,1.5224296887864264,-1.0937804489319924,I-M,False,7,1
0.4917208212,1.75,1.9166666667,1.5,0.0,2.623126506991297,1.5037102118085355,-1.1194162951827618,I-M,False,6,1
0.514896294878,1.8333333333,1.9166666667,1.5,0.0,2.640101337146864,1.464864909168727,-1.1752364279781369,I-M,False,5,1
0.765760461405,1.9166666667,1.9166666667,1.5,0.0,1.4028351612160832,0.19866114822242054,-1.2041740129936627,I-M,False,4,1
0.794070035666,2.0,1.9166666667,1.5,0.0,1.3439728441778114,0.14594501156730688,-1.1980278326105045,I-M,False,5,1
0.511707652369,2.0833333333,1.9166666667,1.0,0.0,3.1419277065101383,1.9499669762417358,-1.1919607302684025,I-M,False,6,1
0.49130509723;1.49441543493,2.1666666667,1.9166666667,1.5,0.0,3.2522722123247263,2.078929722790161,-1.173342489534565,I-M-I,True,7,2
0.475320695317;1.47881566554,2.25,1.9166666667,1.5,0.0,3.3293420443630346,2.1977865986460867,-1.1315554457169477,I-M-I,True,7,2
0.473419818747;1.4656462246,2.3333333333,1.9166666667,1.5,0.0,2.173419239127858,1.1000786749369929,-1.073340564190865,I-M-I,True,5,2
0.46529221936;0.760718408622,2.4166666667,1.9166666667,1.5,0.0,1.0593268603552102,0.08894738452684914,-0.970379475828361,I-M-I,True,5,2
0.488839435324;1.34337413058,2.5,1.9166666667,1.5,0.0,2.025136438392357,1.1351358602527664,-0.8900005781395905,I-M-I,True,6,2
0.502605773887,2.5833333333,1.9166666667,1.25,0.0,3.6262657527802924,2.741097194116757,-0.8851685586635358,I-M,False,7,1
0.507441689394;1.42010855864,2.6666666667,1.9166666667,1.5,0.0,3.7331028601591907,2.8617045517879975,-0.8713983083711929,I-M-I,True,7,2
0.513997252953;1.40718148642,2.75,1.9166666667,1.5,0.0,3.8651243896346736,2.9870830869809404,-0.8780413026537333,I-M-I,True,7,2
0.59734842674;1.39896476931,2.8333333333,1.9166666667,1.5,0.0,1.65677647021937,0.7457581224996543,-0.9110183477197156,I-M-I,True,5,2
,2.9166666667,1.9166666667,1.5,0.0,0.7557156101791822,-0.18965970662160458,-0.9453753168007868,I,False,5,0
0.554692189929;1.41939679384,3.0,1.9166666667,1.5,0.0,4.337444138231879,3.3713110218121956,-0.9661331164196831,I-M-I,True,7,2
,0.0,2.0,1.5,0.0,0.0002012069732693078,1.3032947175963394,1.30309351062307,M,False,8,0
,0.0833333333,2.0,1.5,0.0,0.03989185810430751,1.3445284437847849,1.3046365856804774,M,False,5,0
,0.1666666667,2.0,1.5,0.0,0.17267215804794933,1.521474996460722,1.3488028384127726,M,False,3,0
,0.25,2.0,0.5,0.0,0.4944448791404934,1.910217056023852,1.4157721768833587,M,False,4,0
,0.3333333333,2.0,0.75,0.0,0.2438572030170265,1.6110718538607567,1.3672146508437302,M,False,3,0
,0.4166666667,2.0,1.25,0.0,0.5868908989798518,1.8852909760860466,1.2984000771061948,M,False,4,0
,0.5,2.0,1.5,0.0,0.9402094559178322,1.9286194281962934,0.9884099722784612,M,False,4,0
,0.5833333333,2.0,1.5,0.0,1.092621684968548,1.8012111020579336,0.7085894170893856,M,False,2,0
,0.6666666667,2.0,0.1,0.0,0.20625035402884695,0.6699979767479802,0.4637476227191333,M,False,2,0
,0.75,2.0,0.5,0.0,1.2442845078476115,1.4674838487693536,0.2231993409217421,M,False,4,0
0.00304867836909,0.8333333333,2.0,1.0,0.0,1.9369433387776271,1.929528199099249,-0.0074151396783781465,I-M,False,5,1
0.0811193407923,0.9166666667,2.0,1.5,0.0,2.196687871145774,1.973627920202056,-0.2230599509437181,I-M,False,5,1
0.133653317902,1.0,2.0,1.5,0.0,2.3128889239028747,1.939293797417338,-0.3735951264855366,I-M,False,4,1
0.566258586688,1.0833333333,2.0,1.5,0.0,1.3846193995215903,0.8619176500061232,-0.5227017495154671,I-M,False,2,1
0.387353221748,1.1666666667,2.0,1.5,0.0,1.3835043238946718,0.7284529515699312,-0.6550513723247406,I-M,False,4,1
0.321846162429,1.25,2.0,0.75,0.0,2.4907339409704914,1.7270343971852768,-0.7636995437852145,I-M,False,5,1
0.331159004049,1.3333333333,2.0,1.25,0.0,2.5238024373424293,1.6602184205821753,-0.863584016760254,I-M,False,5,1
0.358485053894,1.4166666667,2.0,1.5,0.0,2.534011784962711,1.583737578334285,-0.9502742066284258,I-M,False,4,1
0.392328533788,1.5,2.0,1.5,0.0,2.5151271244260873,1.5069208340019782,-1.0082062904241091,I-M,False,4,1
0.433545709857,1.5833333333,2.0,1.5,0.0,1.5566494964516897,0.4626559916980453,-1.0939935047536444,I-M,False,4,1
0.472358235788,1.6666666667,2.0,1.5,0.0,1.537559824831432,0.40067614217246517,-1.1368836826589668,I-M,False,5,1
0.50077359496,1.75,2.0,1.0,0.0,2.6131781485308085,1.4435586914447893,-1.1696194570860192,I-M,False,6,1
0.524328019766,1.8333333333,2.0,1.5,0.0,2.7169903779507854,1.4833849344010281,-1.2336054435497574,I-M,False,7,1
0.561393160606,1.9166666667,2.0,1.5,0.0,2.6339206260262102,1.3775684943590831,-1.2563521316671273,I-M,False,5,1
1.09330126401,2.0,2.0,1.5,0.0,1.3884200331110086,0.11234872473966195,-1.2760713083713466,I-M,False,4,1
1.36752199241,2.0833333333,2.0,1.5,0.0,1.3100491342666443,0.026887739576035408,-1.2831613946906089,I-M,False,5,1
0.526387137541,2.1666666667,2.0,0.75,0.0,2.4967463420772478,1.2133342265726959,-1.283412115504552,I-M,False,5,1
0.517057893822,2.25,2.0,1.25,0.0,3.321357243025516,2.054228243202305,-1.267128999823211,I-M,False,6,1
0.505457660738;1.46224215464,2.3333333333,2.0,1.5,0.0,3.400303641504078,2.167995453966577,-1.2323081875375008,I-M-I,True,7,2
0.504367440393;1.45710282112,2.4166666667,2.0,1.5,0.0,3.489364305785922,2.2904283890293073,-1.1989359167566147,I-M-I,True,7,2
0.503835348096;1.43852807359,2.5,2.0,1.5,0.0,2.0802212368661523,0.9675995522036045,-1.1126216846625478,I-M-I,True,5,2
,2.5833333333,2.0,1.5,0.0,0.9535222293588459,-0.054270832734776064,-1.007793062093622,I,False,5,0
0.519539697912;1.42839508586,2.6666666667,2.0,1.5,0.0,3.614528422028646,2.6430326537170994,-0.9714957683115468,I-M-I,True,7,2
0.526397693744;1.40909933114,2.75,2.0,1.5,0.0,3.785526916629564,2.8130611368727387,-0.9724657797568255,I-M-I,True,8,2
0.525004219124;1.39476681697,2.8333333333,2.0,1.5,0.0,3.877257383135061,2.8999840588704067,-0.9772733242646545,I-M-I,True,7,2
0.665744129509;1.38294918895,2.9166666667,2.0,1.5,0.0,1.6642867130341457,0.690884254471174,-0.9734024585629717,I-M-I,True,5,2
0.700414222892;1.3750005131,3.0,2.0,1.5,0.0,1.6522605335476974,0.6586180776158219,-0.9936424559318755,I-M-I,True,6,2
,0.0,2.0833333333,1.5,0.0,0.00020609056813825077,1.3035490704886343,1.303342979920496,M,False,7,0
,0.0833333333,2.0833333333,1.5,0.0,0.04037614038892556,1.3451490641974257,1.3047729238085002,M,False,6,0
,0.1666666667,2.0833333333,1.5,0.0,0.20117924502965412,1.5222360451913368,1.3210568001616827,M,False,4,0
,0.25,2.0833333333,1.5,0.0,0.4807715560158785,1.896386726761666,1.4156151707457876,M,False,3,0
,0.3333333333,2.0833333333,1.5,0.0,0.16737071274770798,1.7434909923310786,1.5761202795833706,M,False,3,0
,0.4166666667,2.0833333333,0.5,0.0,0.5833522688523409,1.8834317341897289,1.300079465337388,M,False,4,0
,0.5,2.0833333333,1.0,0.0,0.9185736825348623,1.9052701487852786,0.9866964662504163,M,False,4,0
,0.5833333333,2.0833333333,1.5,0.0,1.1114590109351696,1.8184129725466742,0.7069539616115046,M,False,5,0
,0.6666666667,2.0833333333,1.5,0.0,1.182643249761962,1.6431113626976086,0.4604681129356467,M,False,4,0
,0.75,2.0833333333,1.5,0.0,1.263042120458838,1.4830642444057411,0.22002212394690313,M,False,2,0
0.00602414651766,0.8333333333,2.0833333333,1.5,0.0,1.318792011343083,1.3039712799693794,-0.014820731373703655,I-M,False,4,1
0.0935019697169,0.9166666667,2.0833333333,0.75,0.0,2.1828149726792763,1.952284902831519,-0.23053006984775726,I-M,False,5,1
0.136284418218,1.0,2.0833333333,1.25,0.0,2.312327220738931,1.9320701209640805,-0.38025709977485045,I-M,False,4,1
0.190442775196,1.0833333333,2.0833333333,1.5,0.0,2.414349491671242,1.8810057906512143,-0.5333437010200277,I-M,False,4,1
0.237813683591,1.1666666667,2.0833333333,1.5,0.0,1.415358532155139,0.7473256490868807,-0.6680328830682583,I-M,False,3,1
0.300067423741,1.25,2.0833333333,1.5,0.0,1.3780408236213566,0.5987454817224585,-0.7792953418988982,I-M,False,4,1
0.357412066311,1.3333333333,2.0833333333,1.5,0.0,1.3686589426936582,0.48622207028047226,-0.8824368724131859,I-M,False,5,1
0.390404394548,1.4166666667,2.0833333333,1.5,0.0,2.535057834751762,1.5602202941261223,-0.9748375406256398,I-M,False,7,1
0.406331185163,1.5,2.0833333333,1.5,0.0,2.5520983490371965,1.497362197893891,-1.0547361511433055,I-M,False,6,1
0.434205069032,1.5833333333,2.0833333333,1.5,0.0,2.5494995147679833,1.4233022248376446,-1.1261972899303387,I-M,False,5,1
0.477007698505,1.6666666667,2.0833333333,1.5,0.0,2.5480322295060973,1.3746884404309623,-1.173343789075135,I-M,False,4,1
1.16724666582,1.75,2.0833333333,1.5,0.0,1.4943116991074197,0.2824806271037277,-1.211831072003692,I-M,False,4,1
0.521742881427,1.8333333333,2.0833333333,0.75,0.0,2.5001286805944876,1.2174001614368728,-1.2827285191576148,I-M,False,5,1
0.53367906014,1.9166666667,2.0833333333,1.25,0.0,2.7894848982242486,1.4766151985393496,-1.312869699684899,I-M,False,7,1
0.609401767763,2.0,2.0833333333,1.5,0.0,2.6300794458605568,1.2891122361214218,-1.3409672097391352,I-M,False,6,1
0.620372023176,2.0833333333,2.0833333333,1.5,0.0,2.589205523264156,1.2391521637418994,-1.3500533595222566,I-M,False,6,1
,2.1666666667,2.0833333333,1.5,0.0,1.3005162343629817,-0.07137098471554504,-1.3718872190785267,I,False,4,0
,2.25,2.0833333333,1.5,0.0,1.2233330112217493,-0.14537260722054546,-1.3687056184422948,I,False,5,0
0.529658978551;1.45189403511,2.3333333333,2.0833333333,1.5,0.0,3.3734420507577374,2.0188361320679538,-1.3546059186897834,I-M-I,True,7,2
0.520785054692;1.44728287458,2.4166666667,2.0833333333,1.5,0.0,3.4330556665232264,2.1383056976200803,-1.294749968903146,I-M-I,True,7,2
0.519552172976;1.43555244811,2.5,2.0833333333,1.5,0.0,3.534701700569719,2.2515617719632464,-1.2831399286064729,I-M-I,True,7,2
0.577481569486;1.42531142864,2.5833333333,2.0833333333,1.5,0.0,2.090981640094811,0.9298568678052934,-1.1611247722895175,I-M-I,True,5,2
0.596344282205;1.41628387343,2.6666666667,2.0833333333,1.5,0.0,1.9611830553636604,0.8584896666771549,-1.1026933886865056,I-M-I,True,6,2
0.530428098809,2.75,2.0833333333,0.75,0.0,2.021268061788548,0.9590590143876887,-1.0622090474008594,I-M,False,5,1
0.542591805879,2.8333333333,2.0833333333,1.25,0.0,3.804477095781669,2.7681608268630753,-1.0363162689185936,I-M,False,7,1
0.53574561272;1.38572204971,2.9166666667,2.0833333333,1.5,0.0,3.916656134616094,2.8697860244554563,-1.046870110160638,I-M-I,True,7,2
0.723897438204,3.0,2.0833333333,1.25,0.0,1.6835047811677577,0.6287944745588252,-1.0547103066089325,I-M,False,5,1
,0.0,2.1666666667,1.25,0.0,0.00020248043718495978,1.3037394237508608,1.3035369433136759,M,False,5,0
,0.0833333333,2.1666666667,0.5,0.0,0.031242758835593243,1.3457577475210596,1.3145149886854663,M,False,4,0
,0.1666666667,2.1666666667,1.0,0.0,0.213577571309993,1.522906002964676,1.309328431654683,M,False,4,0
,0.25,2.1666666667,1.5,0.0,0.5726880975498796,1.8905396466527278,1.3178515491028482,M,False,5,0
,0.3333333333,2.1666666667,1.5,0.0,0.23391328240034692,1.6101869389491106,1.3762736565487637,M,False,4,0
,0.4166666667,2.1666666667,0.0,0.0,0.0,1.302063082490831,1.302063082490831,M,False,1,0
,0.5,2.1666666667,0.25,0.0,0.47493395569624886,1.4602371462079966,0.9853031905117478,M,False,3,0
,0.5833333333,2.1666666667,0.75,0.0,1.0802180129258216,1.7858011299318721,0.7055831170060505,M,False,5,0
,0.6666666667,2.1666666667,1.25,0.0,1.1714317590077394,1.6292350637607353,0.4578033047529959,M,False,4,0
,0.75,2.1666666667,1.5,0.0,1.501938501969009,1.7191908430066412,0.21725234103763214,M,False,4,0
,0.8333333333,2.1666666667,0.0,0.0,0.0,-0.020527384281014527,-0.020527384281014527,I,False,1,0
0.0945720072839,0.9166666667,2.1666666667,0.1,0.0,0.25039329906436514,0.013591330034901539,-0.2368019690294636,I-M,False,2,1
0.165620339951,1.0,2.1666666667,0.5,0.0,1.3946090188741618,1.0088836246244028,-0.38572539424975893,I-M,False,4,1
0.225611542601,1.0833333333,2.1666666667,1.0,0.0,2.408116898386631,1.8656424976556658,-0.5424744007309652,I-M,False,6,1
0.240534252037,1.1666666667,2.1666666667,1.5,0.0,2.4795189008166902,1.8003754351007912,-0.679143465715899,I-M,False,5,1
0.285668998182,1.25,2.1666666667,1.25,0.0,2.5168989867118334,1.7242691169693676,-0.7926298697424656,I-M,False,3,1
0.327553939371,1.3333333333,2.1666666667,0.5,0.0,1.3715952175979242,0.47305238410534844,-0.8985428334925758,I-M,False,2,1
0.393355789593,1.4166666667,2.1666666667,0.5,0.0,1.3542161887343214,0.3599422418650584,-0.994273946869263,I-M,False,4,1
0.423498902349,1.5,2.1666666667,0.75,0.0,2.5530274082514226,1.4754627089710834,-1.0775646992803392,I-M,False,5,1
0.452611597135,1.5833333333,2.1666666667,1.25,0.0,2.5621448361976213,1.4079291855712968,-1.1542156506263246,I-M,False,6,1
0.487330664681,1.6666666667,2.1666666667,1.5,0.0,2.544260387095197,1.3398907233926303,-1.2043696637025667,I-M,False,6,1
0.531653890737,1.75,2.1666666667,1.25,0.0,2.541155690282971,1.2935261618546874,-1.2476295284282837,I-M,False,4,1
,1.8333333333,2.1666666667,0.5,0.0,1.1897008380215688,-0.13476527361571078,-1.3244661116372796,I,False,3,0
,1.9166666667,2.1666666667,0.5,0.0,1.1499856419233718,-0.21073413308886035,-1.3607197750122322,I,False,4,0
0.549571724559,2.0,2.1666666667,1.0,0.0,2.8658351358181564,1.4701345412835054,-1.3957005945346508,I-M,False,6,1
0.579849178275;1.49813362596,2.0833333333,2.1666666667,1.5,0.0,2.9763912491391027,1.5638016132516346,-1.4125896358874679,I-M-I,True,7,2
0.648264652548,2.1666666667,2.1666666667,1.25,0.0,2.613743722831706,1.1686975188660567,-1.445046203965649,I-M,False,5,1
0.672398789546,2.25,2.1666666667,1.25,0.0,2.5788430060153296,1.1274298497816582,-1.4514131562336714,I-M,False,4,1
,2.3333333333,2.1666666667,0.5,0.0,1.1276092904998563,-0.3237986341206667,-1.451407924620523,I,False,4,0
0.549631963941,2.4166666667,2.1666666667,0.75,0.0,2.4531440106596563,1.0357565877649884,-1.417387422894668,I-M,False,5,1
0.538461009478,2.5,2.1666666667,1.25,0.0,3.5100881748006687,2.1166542762601925,-1.3934338985404762,I-M,False,7,1
0.536755628133;1.4261834332,2.5833333333,2.1666666667,1.5,0.0,3.565122012707799,2.219702678369748,-1.3454193343380505,I-M-I,True,7,2
0.536648906836,2.6666666667,2.1666666667,1.25,0.0,3.6596151423103747,2.3509243587918713,-1.3086907835185033,I-M,False,6,1
0.643174384982,2.75,2.1666666667,1.25,0.0,1.9964926997701067,0.7826924025573381,-1.2138002972127686,I-M,False,4,1
,2.8333333333,2.1666666667,0.5,0.0,0.9347032893156773,-0.20399948774574517,-1.1387027770614224,I,False,4,0
0.557458226889,2.9166666667,2.1666666667,1.0,0.0,3.8314754975133614,2.7209001253370686,-1.110575372176293,I-M,False,6,1
0.565746326644;1.37304740533,3.0,2.1666666667,1.5,0.0,3.936527635664479,2.812509398507491,-1.1240182371569882,I-M-I,True,8,2
,0.0,2.25,1.5,0.0,0.00019624271133711346,1.3039683564152917,1.3037721137039546,M,False,7,0
,0.0833333333,2.25,1.25,0.0,0.03819020925422034,1.3462250029461305,1.3080347936919101,M,False,3,0
,0.1666666667,2.25,0.5,0.0,0.17432412747611892,1.5235490364038102,1.3492249089276913,M,False,4,0
,0.25,2.25,0.75,0.0,0.5521623852585025,1.8880335444597072,1.3358711592012047,M,False,3,0
,0.3333333333,2.25,1.25,0.0,0.2841879971203536,1.6098806540247428,1.3256926569043892,M,False,4,0
,0.4166666667,2.25,1.25,0.0,0.5766173937958285,1.8810452203863037,1.3044278265904752,M,False,3,0
,0.5,2.25,0.5,0.0,0.918091748389017,1.9022314757322438,0.9841397273432269,M,False,2,0
,0.5833333333,2.25,0.1,0.0,0.19631640874871037,0.9007361843968971,0.7044197756481867,M,False,2,0
,0.6666666667,2.25,0.5,0.0,1.1716419046801119,1.6272262612357111,0.45558435655559926,M,False,4,0
,0.75,2.25,1.0,0.0,1.4870619033663912,1.7018927784519007,0.21483087508550947,M,False,4,0
0.00942996698922,0.8333333333,2.25,1.5,0.0,1.9501462396973621,1.925103237080115,-0.025043002617247012,I-M,False,5,1
0.0869535177319,0.9166666667,2.25,1.5,0.0,2.1995612282739345,1.9574317352261619,-0.24212949304777265,I-M,False,4,1
,1.0,2.25,0.0,0.0,0.0,-0.3901622877930473,-0.3901622877930473,I,False,1,0
0.229601069903,1.0833333333,2.25,0.25,0.0,0.6042930800740947,0.05394330116818713,-0.5503497789059075,I-M,False,3,1
0.280402098155,1.1666666667,2.25,0.75,0.0,2.479366809932596,1.7906474426456538,-0.688719367286942,I-M,False,5,1
0.304888065649,1.25,2.25,1.25,0.0,2.52511885300549,1.7210139608763302,-0.8041048921291603,I-M,False,5,1
0.330270776229,1.3333333333,2.25,1.5,0.0,2.5528292556022283,1.6404372102982125,-0.9123920453040155,I-M,False,4,1
0.3702144248,1.4166666667,2.25,1.5,0.0,2.569778472642769,1.5588005965384455,-1.0109778761043235,I-M,False,4,1
0.4139909554,1.5,2.25,0.5,0.0,1.3466148227080932,0.2494420889117488,-1.0971727337963444,I-M,False,3,1
0.457377487648,1.5833333333,2.25,0.5,0.0,1.3138634909301556,0.14097214960193316,-1.1728913413282225,I-M,False,4,1
0.490651104638,1.6666666667,2.25,1.0,0.0,2.606279606404018,1.3752840793506071,-1.2309955270534108,I-M,False,6,1
0.531831699549,1.75,2.25,1.5,0.0,2.66087467459664,1.3826132986251847,-1.2782613759714554,I-M,False,6,1
0.670467180621,1.8333333333,2.25,1.5,0.0,2.5757995576524593,1.215586228757195,-1.3602133288952643,I-M,False,4,1
,1.9166666667,2.25,0.1,0.0,0.14906573060739992,-1.2525394477977962,-1.4016051784051962,I,False,2,0
,2.0,2.25,0.25,0.0,0.4539172244136662,-0.9884395902163343,-1.4423568146300005,I,False,3,0
0.563801557108,2.0833333333,2.25,0.75,0.0,2.4586792308417955,0.9930375781590941,-1.4656416526827016,I-M,False,5,1
0.569811100194,2.1666666667,2.25,1.25,0.0,3.0623985973165158,1.5557499603601097,-1.506648636956406,I-M,False,7,1
0.72880722401;1.47182367433,2.25,2.25,1.5,0.0,2.6857593641283755,1.165311799894325,-1.5204475642340505,I-M-I,True,5,2
0.753739212261;1.45402688358,2.3333333333,2.25,1.5,0.0,2.575691414627406,1.0447629141242651,-1.5309285005031408,I-M-I,True,5,2
0.76757537257,2.4166666667,2.25,1.25,0.0,2.5008831904670155,0.986430617075901,-1.5144525733911145,I-M,False,3,1
,2.5,2.25,0.5,0.0,1.1498013917026506,-0.3497537509475688,-1.4995551426502194,I,False,4,0
0.555837750599,2.5833333333,2.25,1.0,0.0,3.562118120361904,2.0887813645259965,-1.4733367558359074,I-M,False,6,1
0.550408281823;1.41222118563,2.6666666667,2.25,1.5,0.0,3.6456189234664307,2.201896460892599,-1.4437224625738319,I-M-I,True,7,2
0.549062179379;1.40160832126,2.75,2.25,1.5,0.0,3.6901646437565447,2.304891161387696,-1.3852734823688486,I-M-I,True,7,2
0.772393663778;1.39369790326,2.8333333333,2.25,1.5,0.0,2.0930228838095406,0.777371336036091,-1.3156515477734496,I-M-I,True,5,2
0.808864190254;1.3811535384,2.9166666667,2.25,1.5,0.0,1.8868427240976655,0.6813541596516344,-1.2054885644460311,I-M-I,True,5,2
0.573093170883,3.0,2.25,0.75,0.0,1.9794360654006335,0.7744880129739178,-1.2049480524267158,I-M,False,5,1
,0.0,2.3333333333,1.25,0.0,0.00016355508344823022,1.3041881640294304,1.3040246089459822,M,False,7,0
,0.0833333333,2.3333333333,1.5,0.0,0.041235303094051545,1.346617960603608,1.3053826575095564,M,False,6,0
,0.1666666667,2.3333333333,1.5,0.0,0.20644148583552102,1.5241733201479897,1.3177318343124687,M,False,4,0
,0.25,2.3333333333,1.5,0.0,0.5685951725095517,1.904114761610742,1.3355195891011902,M,False,4,0
,0.3333333333,2.3333333333,1.5,0.0,0.34663522475258457,1.8850599564893131,1.5384247317367286,M,False,5,0
,0.4166666667,2.3333333333,1.5,0.0,0.6031467952109022,1.910646109191671,1.307499313980769,M,False,4,0
,0.5,2.3333333333,1.5,0.0,0.9335443048394234,1.916694814752685,0.9831505099132616,M,False,5,0
,0.5833333333,2.3333333333,1.5,0.0,1.0832456703933175,1.7866636306931434,0.7034179602998258,M,False,3,0
,0.6666666667,2.3333333333,0.0,0.0,0.0,0.45373231689323923,0.45373231689323923,M,False,1,0
,0.75,2.3333333333,0.25,0.0,0.5645500658498337,0.7772660454819578,0.21271597963212407,M,False,3,0
0.0114924030115,0.8333333333,2.3333333333,0.75,0.0,1.9395335137437408,1.9108705724841957,-0.02866294125954516,I-M,False,5,1
0.0839256335225,0.9166666667,2.3333333333,1.25,0.0,2.204616464689165,1.9579180200581967,-0.24669844463096835,I-M,False,4,1
0.127298298174,1.0,2.3333333333,1.5,0.0,2.3194736457670277,1.9257869154141871,-0.39368673035284063,I-M,False,4,1
0.173054502293,1.0833333333,2.3333333333,1.5,0.0,2.41471983108393,1.8575489796905749,-0.5571708513933551,I-M,False,3,1
0.23669263569,1.1666666667,2.3333333333,1.5,0.0,2.4856061646245142,1.78858847750073,-0.6970176871237843,I-M,False,4,1
0.330190714927,1.25,2.3333333333,1.5,0.0,1.4142734524573355,0.6002338043272979,-0.8140396481300376,I-M,False,5,1
0.364734383664,1.3333333333,2.3333333333,1.5,0.0,2.5564255393096813,1.6320531492826196,-0.9243723900270617,I-M,False,7,1
0.327996288782,1.4166666667,2.3333333333,1.5,0.0,2.587651660659213,1.56223378790559,-1.0254178727536227,I-M,False,6,1
0.351149584526,1.5,2.3333333333,1.5,0.0,2.5874283440381975,1.4733150843408098,-1.1141132596973877,I-M,False,5,1
0.345649501861,1.5833333333,2.3333333333,1.5,0.0,2.5872581825169902,1.3948788465518391,-1.1923793359651509,I-M,False,3,1
1.39084384219,1.6666666667,2.3333333333,1.5,0.0,1.341145096004737,0.07391912540278422,-1.2672259706019529,I-M,False,4,1
0.51602075517,1.75,2.3333333333,1.5,0.0,2.570106749996013,1.2654773015762335,-1.3046294484197796,I-M,False,6,1
0.525966253725,1.8333333333,2.3333333333,1.5,0.0,2.770455975523463,1.3794209571183065,-1.3910350184051563,I-M,False,8,1
0.482605194028,1.9166666667,2.3333333333,1.5,0.0,2.5975910810770957,1.1607857581528642,-1.4368053229242312,I-M,False,6,1
0.46430154204;1.49842083844,2.0,2.3333333333,1.5,0.0,2.6497009871409847,1.1672362624654058,-1.4824647246755789,I-M-I,True,5,2
0.480508755452;1.44939832801,2.0833333333,2.3333333333,1.5,0.0,2.480418465450704,0.9693162815745127,-1.511102183876191,I-M-I,True,4,2
,2.1666666667,2.3333333333,1.5,0.0,1.4334129120817543,-0.1257758382028782,-1.5591887502846324,I,False,5,0
0.585854701074;1.44563660658,2.25,2.3333333333,1.5,0.0,3.1268811982572684,1.547872623228344,-1.5790085750289244,I-M-I,True,7,2
0.589954623423;1.45007207607,2.3333333333,2.3333333333,1.5,0.0,3.2525443598844586,1.6547995657709014,-1.5977447941135574,I-M-I,True,8,2
0.543847589694;1.44569664329,2.4166666667,2.3333333333,1.5,0.0,2.565074063122773,0.9706394135132843,-1.5944346496094883,I-M-I,True,6,2
0.504803662303;1.42747384566,2.5,2.3333333333,1.5,0.0,2.5066051229608206,0.9210040200288563,-1.5856011029319645,I-M-I,True,5,2
0.530979808386;1.25649511916,2.5833333333,2.3333333333,1.5,0.0,2.4656431810705146,0.8925007230451478,-1.5731424580253668,I-M-I,True,5,2
0.571163802306;1.23635390787,2.6666666667,2.3333333333,1.5,0.0,2.447034250717782,0.882503177829411,-1.564531072888371,I-M-I,True,6,2
0.569097772875;1.39887532999,2.75,2.3333333333,1.5,0.0,3.7041421627376407,2.1701083989396435,-1.5340337637979973,I-M-I,True,8,2
0.570097154909;1.39008974309,2.8333333333,2.3333333333,1.5,0.0,3.7583159412114555,2.2749776471751315,-1.483338294036324,I-M-I,True,8,2
0.517923401492;1.38272998913,2.9166666667,2.3333333333,1.5,0.0,3.8271395525177985,2.390963486704559,-1.4361760658132394,I-M-I,True,7,2
0.52620915276,3.0,2.3333333333,1.25,0.0,2.0490984904151803,0.7586275845043393,-1.2904709059108408,I-M,False,5,1
,0.0,2.4166666667,1.25,0.0,0.000175183982365823,1.3044137717332842,1.3042385877509184,M,False,6,0
,0.0833333333,2.4166666667,1.0,0.0,0.04144285706798545,1.3469617075080378,1.3055188504400523,M,False,4,0
,0.1666666667,2.4166666667,1.5,0.0,0.21566010889995102,1.5246832971458937,1.3090231882459427,M,False,5,0
,0.25,2.4166666667,1.25,0.0,0.5503391589538884,1.8855245996603247,1.3351854407064363,M,False,3,0
,0.3333333333,2.4166666667,0.75,0.0,0.24791231310614137,1.6094681323413256,1.3615558192351842,M,False,2,0
,0.4166666667,2.4166666667,0.25,0.0,0.38159042817033395,1.6932506865934296,1.3116602584230956,M,False,3,0
,0.5,2.4166666667,0.75,0.0,0.918522599691336,1.9008338926099193,0.9823112929185833,M,False,5,0
,0.5833333333,2.4166666667,1.25,0.0,0.798591695247687,1.5011447550895238,0.7025530598418368,M,False,4,0
,0.6666666667,2.4166666667,1.5,0.0,1.1755877312683274,1.6277193706622604,0.45213163939393297,M,False,4,0
,0.75,2.4166666667,0.75,0.0,1.4833912185904814,1.6942517694290031,0.21086055083852173,M,False,2,0
0.012645810359,0.8333333333,2.4166666667,0.75,0.0,1.9402804743840552,1.9086925649236757,-0.03158790946037948,I-M,False,3,1
0.0867825657166,0.9166666667,2.4166666667,0.5,0.0,1.4024386964972306,1.1517890214340984,-0.2506496750631322,I-M,False,4,1
0.157288662644,1.0,2.4166666667,1.0,0.0,2.320069825605156,1.9236076611395743,-0.3964621644655817,I-M,False,5,1
0.174602904352,1.0833333333,2.4166666667,1.5,0.0,2.4359345384225035,1.8727947820838948,-0.5631397563386087,I-M,False,5,1
0.212017583778,1.1666666667,2.4166666667,1.5,0.0,2.511933652427538,1.8076741259852924,-0.7042595264422458,I-M,False,4,1
0.24350084645,1.25,2.4166666667,1.5,0.0,2.5339470234975705,1.7112560300565067,-0.822690993441064,I-M,False,3,1
0.833279654398,1.3333333333,2.4166666667,1.5,0.0,1.3946110262912297,0.4598159226799128,-0.9347951036113169,I-M,False,4,1
0.399470394352,1.4166666667,2.4166666667,1.5,0.0,2.59404120351316,1.5560706663933899,-1.0379705371197703,I-M,False,6,1
0.398511438884,1.5,2.4166666667,1.25,0.0,2.601933448790075,1.473101861144221,-1.128831587645854,I-M,False,6,1
0.377944013847,1.5833333333,2.4166666667,1.5,0.0,2.6031793398247554,1.3938544931523027,-1.2093248466724527,I-M,False,5,1
0.398073723948,1.6666666667,2.4166666667,1.5,0.0,2.596230512004576,1.308744712963009,-1.2874857990415671,I-M,False,4,1
0.416330711831,1.75,2.4166666667,1.5,0.0,2.6212522348435963,1.2547276440424793,-1.3665245908011168,I-M,False,4,1
1.37198114024,1.8333333333,2.4166666667,1.5,0.0,1.4449408295436437,0.027173441384607422,-1.4177673881590362,I-M,False,5,1
0.549563766119;1.498017032,1.9166666667,2.4166666667,1.5,0.0,2.84420260022661,1.3768979641983798,-1.46730463602823,I-M-I,True,7,2
0.503851724676;1.49205336739,2.0,2.4166666667,1.5,0.0,2.9045562284762143,1.3873736458072785,-1.517182582668936,I-M-I,True,7,2
0.515735748601;1.47634270508,2.0833333333,2.4166666667,1.5,0.0,2.6439095346794446,1.0935364535876917,-1.5503730810917529,I-M-I,True,6,2
0.500469533546;1.46710573615,2.1666666667,2.4166666667,1.5,0.0,2.6812932351049534,1.0768578925344419,-1.6044353425705113,I-M-I,True,5,2
0.536445040676;1.3466798754,2.25,2.4166666667,1.5,0.0,2.50041550461095,0.871150990920627,-1.6292645136903232,I-M-I,True,5,2
0.598835837106;1.30686496565,2.3333333333,2.4166666667,1.5,0.0,2.4530199603999696,0.7982808099121392,-1.6547391504878306,I-M-I,True,6,2
0.603762739112;1.43717258524,2.4166666667,2.4166666667,1.5,0.0,3.3037006378357967,1.641831864807918,-1.6618687730278785,I-M-I,True,8,2
0.606324413307;1.42733673533,2.5,2.4166666667,1.5,0.0,2.5601135666746826,0.9025674887054169,-1.6575460779692655,I-M-I,True,7,2
0.55273216389;1.41569468401,2.5833333333,2.4166666667,1.5,0.0,2.5215029227359054,0.8664887264586754,-1.6550141962772302,I-M-I,True,6,2
0.546729097679,2.6666666667,2.4166666667,1.25,0.0,2.4864215934148928,0.8261629246126385,-1.6602586688022543,I-M,False,5,1
0.583256755304,2.75,2.4166666667,0.75,0.0,2.4603207055534058,0.8166221293786471,-1.6436985761747587,I-M,False,5,1
0.581228300374,2.8333333333,2.4166666667,1.0,0.0,3.7538790735903245,2.137674636497825,-1.6162044370924995,I-M,False,6,1
0.582415045789;1.38078405213,2.9166666667,2.4166666667,1.5,0.0,3.832712260065651,2.2400815286275075,-1.5926307314381436,I-M-I,True,8,2
0.587067748095;1.36930834178,3.0,2.4166666667,1.5,0.0,3.8526071732977725,2.3537189072289153,-1.498888266068857,I-M-I,True,8,2
,0.0,2.5,1.5,0.0,0.00018792497930064656,1.3046169477024896,1.304429022723189,M,False,7,0
,0.0833333333,2.5,1.25,0.0,0.039357491490496166,1.3472513776707165,1.3078938861802203,M,False,5,0
,0.1666666667,2.5,0.75,0.0,0.2074642372163753,1.525189946455661,1.3177257092392858,M,False,3,0
,0.25,2.5,1.25,0.0,0.5693744664013751,1.8848314394813008,1.3154569730799257,M,False,4,0
,0.3333333333,2.5,1.5,0.0,0.24851750773102488,1.609321704143611,1.360804196412586,M,False,4,0
,0.4166666667,2.5,0.75,0.0,0.07791282927965337,1.3964063179530535,1.3184934886734,M,False,2,0
,0.5,2.5,0.1,0.0,0.18644285898148416,1.1680230442548458,0.9815801852733617,M,False,2,0
,0.5833333333,2.5,0.5,0.0,1.0853233741712427,1.7871255348171222,0.7018021606458795,M,False,4,0
,0.6666666667,2.5,1.0,0.0,1.117825002109306,1.568562962195307,0.4507379600860011,M,False,3,0
,0.75,2.5,1.5,0.0,1.4884779430456891,1.697701526473557,0.20922358342786795,M,False,5,0
0.0130861896451,0.8333333333,2.5,0.75,0.0,1.945716627800746,1.9117672720846106,-0.03394935571613544,I-M,False,2,1
0.0868761825958,0.9166666667,2.5,0.75,0.0,2.193574106254776,1.9394816467981362,-0.25409245945663983,I-M,False,2,1
0.169353407951,1.0,2.5,0.25,0.0,0.6189220346860056,0.22044573676160573,-0.39847629792439987,I-M,False,3,1
0.231796888002,1.0833333333,2.5,0.75,0.0,2.42324159940923,1.8548707055216567,-0.5683708938875731,I-M,False,5,1
0.213458639286,1.1666666667,2.5,1.25,0.0,2.5032336622551794,1.7926314646359436,-0.7106021976192358,I-M,False,4,1
0.245053978406,1.25,2.5,1.5,0.0,2.5465672302559894,1.7163019656969962,-0.8302652645589932,I-M,False,4,1
0.275279920053,1.3333333333,2.5,1.5,0.0,2.592420249907997,1.6485102402124192,-0.9439100096955781,I-M,False,4,1
0.331377875215,1.4166666667,2.5,1.5,0.0,2.606555011817919,1.5576143636254005,-1.0489406481925183,I-M,False,4,1
0.431818341729,1.5,2.5,1.5,0.0,1.3735037046402447,0.23181760461237166,-1.141686100027873,I-M,False,5,1
0.463837311073,1.5833333333,2.5,1.5,0.0,2.6184749520180093,1.3943490216006356,-1.2241259304173737,I-M,False,7,1
0.439876431642;1.49784701032,1.6666666667,2.5,1.5,0.0,2.6598365002324185,1.3546833764447865,-1.305153123787632,I-M-I,True,7,2
0.420079459233;1.4821876372,1.75,2.5,1.5,0.0,2.6319239243262746,1.244948892979607,-1.3869750313466676,I-M-I,True,5,2
0.437815413057,1.8333333333,2.5,0.75,0.0,2.614001936034327,1.1729255929481917,-1.4410763430861353,I-M,False,3,1
0.489185667502,1.9166666667,2.5,0.75,0.0,2.5920165770050287,1.0981357542444332,-1.4938808227605953,I-M,False,4,1
0.563963485499,2.0,2.5,0.75,0.0,2.5597389281461576,1.012322353456859,-1.5474165746892983,I-M,False,5,1
0.576937362539,2.0833333333,2.5,1.25,0.0,2.9690804476230115,1.3845584461784566,-1.5845220014445547,I-M,False,7,1
0.535603667747;1.47264234992,2.1666666667,2.5,1.5,0.0,2.679536177089603,1.0358345284412716,-1.6437016486483316,I-M-I,True,6,2
0.545729563874;1.45226775484,2.25,2.5,1.5,0.0,2.689969863512185,1.0171929407619054,-1.6727769227502798,I-M-I,True,6,2
0.533083169828;1.30865008041,2.3333333333,2.5,1.5,0.0,2.476068789719956,0.7721786616920232,-1.7038901280279326,I-M-I,True,4,2
0.609681575225,2.4166666667,2.5,0.75,0.0,2.446575940968579,0.7269845283841265,-1.7195914125844527,I-M,False,5,1
0.617075929872,2.5,2.5,1.0,0.0,3.3525772267726266,1.6337475120999438,-1.7188297146726828,I-M,False,6,1
0.618636778921;1.41226942065,2.5833333333,2.5,1.5,0.0,3.445507288058437,1.7215210134769845,-1.7239862745814527,I-M-I,True,8,2
0.614495660368;1.40320139962,2.6666666667,2.5,1.5,0.0,2.5328285910801887,0.7930809185662984,-1.7397476725138903,I-M-I,True,7,2
0.562936413922;1.39682705036,2.75,2.5,1.5,0.0,2.5016501074363795,0.7692566697992591,-1.7323934376371202,I-M-I,True,6,2
0.561706822389;1.16780151311,2.8333333333,2.5,1.5,0.0,2.478259379244688,0.7596974910877523,-1.7185618881569358,I-M-I,True,5,2
0.597278036461,2.9166666667,2.5,0.75,0.0,2.43972453003983,0.7340328942326697,-1.70569163580716,I-M,False,5,1
0.59530922829,3.0,2.5,1.25,0.0,3.860332282880716,2.226112286826933,-1.634219996053783,I-M,False,7,1
,0.0,2.5833333333,1.5,0.0,0.00018686314828109118,1.304805114563838,1.3046182514155569,M,False,8,0
,0.0833333333,2.5833333333,1.5,0.0,0.039546198548962685,1.3475637057028194,1.3080175071538567,M,False,4,0
,0.1666666667,2.5833333333,1.5,0.0,0.20782486392253485,1.525564651208239,1.3177397872857042,M,False,4,0
,0.25,2.5833333333,1.5,0.0,0.5678311207710554,1.9025057074998384,1.334674586728783,M,False,6,0
,0.3333333333,2.5833333333,1.0,0.0,0.2871256792851158,1.6092107652640775,1.3220850859789617,M,False,3,0
,0.4166666667,2.5833333333,1.5,0.0,0.5757608141922406,1.9049847359193648,1.3292239217271242,M,False,5,0
,0.5,2.5833333333,1.5,0.0,0.9307899551143404,1.9117374818593462,0.9809475267450058,M,False,4,0
,0.5833333333,2.5833333333,1.5,0.0,1.081290428564472,1.7824271669271314,0.7011367383626594,M,False,2,0
,0.6666666667,2.5833333333,1.5,0.0,1.1741281859070116,1.6236558154739549,0.44952762956694325,M,False,4,0
,0.75,2.5833333333,0.75,0.0,1.4798237641652738,1.6876205052489381,0.2077967410836643,M,False,5,0
0.0138796645655,0.8333333333,2.5833333333,1.25,0.0,1.9426380121232967,1.9067866161395348,-0.03585139598376186,I-M,False,4,1
0.0867963585887,0.9166666667,2.5833333333,1.5,0.0,2.1997422226772394,1.94636813214917,-0.2533740905280695,I-M,False,4,1
0.129857610113,1.0,2.5833333333,1.25,0.0,2.317349249833325,1.91760463380639,-0.3997446160269349,I-M,False,3,1
,1.0833333333,2.5833333333,0.1,0.0,0.22377907465525926,-0.34919604226231105,-0.5729751169175703,I,False,2,0
0.291386446973,1.1666666667,2.5833333333,0.5,0.0,1.4345912391313616,0.7183962404246809,-0.7161949987066807,I-M,False,4,1
0.333461367699,1.25,2.5833333333,1.0,0.0,2.5478166926767583,1.710888340530269,-0.8369283521464892,I-M,False,6,1
0.30272285291,1.3333333333,2.5833333333,1.5,0.0,2.5929557771328944,1.6410343245622703,-0.9519214525706241,I-M,False,6,1
0.302866934092,1.4166666667,2.5833333333,1.5,0.0,2.6213846713405093,1.562810353360661,-1.0585743179798486,I-M,False,4,1
0.33013765835,1.5,2.5833333333,1.5,0.0,2.619285156965237,1.4663189326022494,-1.1529662243629877,I-M,False,3,1
,1.5833333333,2.5833333333,0.25,0.0,0.5047473506048594,-0.7323634072421874,-1.2371107578470468,I,False,3,0
0.499978395374,1.6666666667,2.5833333333,0.75,0.0,2.623668619447586,1.3030135918179968,-1.3206550276295892,I-M,False,5,1
0.460084502699,1.75,2.5833333333,1.25,0.0,2.757710720811896,1.3528117481451534,-1.4048989726667427,I-M,False,6,1
0.476573681212;1.46637239959,1.8333333333,2.5833333333,1.5,0.0,2.635920068732131,1.174418844371464,-1.461501224360667,I-M-I,True,6,2
0.460243002211;1.47272689799,1.9166666667,2.5833333333,1.5,0.0,2.611219564603773,1.094064138544523,-1.51715542605925,I-M-I,True,5,2
0.477154367553,2.0,2.5833333333,0.75,0.0,2.5815180586884883,1.0076347973619804,-1.573883261326508,I-M,False,3,1
0.579478418678,2.0833333333,2.5833333333,0.75,0.0,2.5532309082157982,0.9388422471206006,-1.6143886610951976,I-M,False,5,1
0.588780754733,2.1666666667,2.5833333333,1.0,0.0,3.0595340268765057,1.3815381543076524,-1.677995872568853,I-M,False,6,1
0.600608228914;1.44775470393,2.25,2.5833333333,1.5,0.0,3.1045443168541107,1.3938231083862829,-1.7107212084678276,I-M-I,True,8,2
0.561822099587,2.3333333333,2.5833333333,1.25,0.0,2.685714969980916,0.9390791616667946,-1.7466358083141211,I-M,False,5,1
0.551036188361,2.4166666667,2.5833333333,1.25,0.0,2.6792921465454764,0.9097491661375146,-1.769542980407962,I-M,False,4,1
0.584489037699,2.5,2.5833333333,0.75,0.0,2.436047347241758,0.6643484285252925,-1.7716989187164653,I-M,False,4,1
0.629813642029,2.5833333333,2.5833333333,0.75,0.0,2.4146538648775118,0.631576515417609,-1.7830773494599028,I-M,False,5,1
0.631526088617,2.6666666667,2.5833333333,1.25,0.0,3.5181080602264916,1.7110888103198545,-1.807019249906637,I-M,False,7,1
0.62734122339;1.39359382891,2.75,2.5833333333,1.5,0.0,2.535904038789517,0.7293152844633357,-1.8065887543261814,I-M-I,True,7,2
0.579517120285;1.39386134077,2.8333333333,2.5833333333,1.5,0.0,2.506088850112142,0.7037716892523611,-1.802317160859781,I-M-I,True,6,2
0.575491402081;1.37511744136,2.9166666667,2.5833333333,1.5,0.0,2.5082968836926605,0.7121077817265982,-1.7961891019660623,I-M-I,True,6,2
0.607746151592,3.0,2.5833333333,0.75,0.0,2.454581017592593,0.7127063170908374,-1.7418747005017554,I-M,False,5,1
,0.0,2.6666666667,1.0,0.0,0.00018576639049605603,1.3049561728749661,1.30477040648447,M,False,6,0
,0.0833333333,2.6666666667,1.5,0.0,0.04195542699986632,1.3478316464223181,1.3058762194224518,M,False,6,0
,0.1666666667,2.6666666667,1.25,0.75,0.0020324906360524864,1.3197846946111516,1.317752203975099,M,False,2,0
,0.25,2.6666666667,0.0,0.0,0.0,1.8839099311689522,1.8839099311689522,M,False,1,0
,0.3333333333,2.6666666667,0.25,0.0,0.27535786143570906,1.8844705050779855,1.6091126436422765,M,False,3,0
,0.4166666667,2.6666666667,0.75,0.0,0.5568108092232569,1.876656443292998,1.319845634069741,M,False,3,0
,0.5,2.6666666667,1.25,0.0,0.4619204671974204,1.4423096402592948,0.9803891730618743,M,False,4,0
,0.5833333333,2.6666666667,1.5,0.0,1.0816384581754912,1.7821857947541244,0.7005473365786332,M,False,4,0
,0.6666666667,2.6666666667,1.5,0.0,1.1740159847225624,1.6224629550607337,0.44844697033817127,M,False,2,0
,0.75,2.6666666667,0.1,0.0,0.21737779127224632,0.4239405169661947,0.2065627256939484,M,False,2,0
0.0148934922076,0.8333333333,2.6666666667,0.5,0.0,1.3318482750315024,1.2944773095431468,-0.03737096548835561,I-M,False,4,1
0.0904757634964,0.9166666667,2.6666666667,1.0,0.0,2.189643705945744,1.9333025867233729,-0.256341119222371,I-M,False,4,1
0.130157359649,1.0,2.6666666667,1.5,0.0,2.341163615925457,1.9409343161133887,-0.40022929981206845,I-M,False,5,1
0.177984858025,1.0833333333,2.6666666667,1.5,0.0,2.431656821532105,1.854592696004897,-0.5770641255272078,I-M,False,4,1
,1.1666666667,2.6666666667,0.0,0.0,0.0,-0.7211500748410082,-0.7211500748410082,I,False,1,0
,1.25,2.6666666667,0.25,0.0,0.5475328365965242,-0.2952860912337103,-0.8428189278302345,I,False,3,0
0.366973112138,1.3333333333,2.6666666667,0.75,0.0,2.5847412323954035,1.6257455775639902,-0.9589956548314136,I-M,False,5,1
0.375665323287,1.4166666667,2.6666666667,1.25,0.0,2.6569056928786505,1.5898312824091776,-1.067074410469473,I-M,False,5,1
0.33176835259,1.5,2.6666666667,1.25,0.0,2.6292980892099793,1.4663869509197123,-1.1629111382902668,I-M,False,3,1
,1.5833333333,2.6666666667,0.0,0.0,0.0,-1.2485503440550159,-1.2485503440550159,I,False,1,0
,1.6666666667,2.6666666667,0.1,0.0,0.18383110748036358,-1.1504698017516106,-1.3343009092319742,I,False,2,0
,1.75,2.6666666667,0.5,0.0,1.29424151765743,-0.1264390586440034,-1.4206805763014334,I,False,4,0
0.539842412742,1.8333333333,2.6666666667,1.0,0.0,2.8304713167752857,1.3509934921597222,-1.4794778246155635,I-M,False,6,1
0.494495204841;1.4559563793,1.9166666667,2.6666666667,1.5,0.0,2.8676208637875598,1.3547901537858675,-1.5128307100016922,I-M-I,True,7,2
0.774910451723,2.0,2.6666666667,1.25,0.0,2.603923319213122,1.006760103311902,-1.5971632159012201,I-M,False,3,1
,2.0833333333,2.6666666667,0.0,0.0,0.0,-1.640639593073901,-1.640639593073901,I,False,1,0
,2.1666666667,2.6666666667,0.25,0.0,0.47598743966412105,-1.2321234647484314,-1.7081109044125524,I,False,3,0
0.602521363514,2.25,2.6666666667,0.75,0.0,2.550986728170347,0.8069806538732278,-1.744006074297119,I-M,False,5,1
0.613005147013,2.3333333333,2.6666666667,1.25,0.0,3.174856194739221,1.39079189819314,-1.784064296546081,I-M,False,7,1
0.619702156226;1.42369875005,2.4166666667,2.6666666667,1.5,0.0,2.6982701614165796,0.8851370811172159,-1.813133080299364,I-M-I,True,7,2
0.590505067539;1.4161629166,2.5,2.6666666667,1.5,0.0,2.6607359157925607,0.8429962486466258,-1.8177396671459352,I-M-I,True,5,2
0.57894074767,2.5833333333,2.6666666667,0.75,0.0,2.4394842019300675,0.6051803608120223,-1.834303841118045,I-M,False,3,1
0.64104821694,2.6666666667,2.6666666667,0.75,0.0,2.4367078509454774,0.5718023889010211,-1.8649054620444563,I-M,False,5,1
0.643299686732,2.75,2.6666666667,1.0,0.0,3.5663305409151977,1.696396369923694,-1.869934170991504,I-M,False,6,1
0.639556307512;1.38200129314,2.8333333333,2.6666666667,1.5,0.0,3.661528240190376,1.7885850840242719,-1.8729431561661043,I-M-I,True,8,2
0.632730259192;1.37045872433,2.9166666667,2.6666666667,1.5,0.0,3.7619556232519646,1.8903190287070246,-1.87163659454494,I-M-I,True,8,2
0.594922899205,3.0,2.6666666667,1.25,0.0,2.4623924502706718,0.6264872301185922,-1.8359052201520798,I-M,False,4,1
,0.0,2.75,1.25,0.0,0.00018489487819906003,1.3051016104824549,1.3049167156042558,M,False,4,0
,0.0833333333,2.75,0.75,0.0,0.03984341304746586,1.3480839263903523,1.3082405133428865,M,False,4,0
,0.1666666667,2.75,1.25,0.0,0.21750891557004515,1.5262493374840749,1.3087404219140297,M,False,4,0
,0.25,2.75,1.25,0.0,0.5492952363192449,1.883597977745446,1.334302741426201,M,False,3,0
,0.3333333333,2.75,0.0,0.0,0.0,1.6090377476453956,1.6090377476453956,M,False,1,0
,0.4166666667,2.75,0.1,0.0,0.1345197836029559,1.447695743061344,1.313175959458388,M,False,2,0
,0.5,2.75,0.5,0.0,0.9210418499660236,1.9009390317848678,0.9798971818188442,M,False,3,0
,0.5833333333,2.75,1.0,0.0,0.7887545437507875,1.4887829458101867,0.7000284020593992,M,False,3,0
,0.6666666667,2.75,1.5,0.0,1.1741776355891451,1.6216742720540736,0.44749663646492843,M,False,5,0
,0.75,2.75,1.5,0.0,1.4801092537170781,1.6856477129284095,0.2055384592113314,M,False,3,0
,0.8333333333,2.75,0.0,0.0,0.0,-0.038570347729460774,-0.038570347729460774,I,False,1,0
0.0935281498135,0.9166666667,2.75,0.25,0.0,0.6475676209430485,0.3885982964678285,-0.25896932447522003,I-M,False,3,1
0.162144250172,1.0,2.75,0.75,0.0,2.303777991565371,1.9039801103947567,-0.3997978811706142,I-M,False,4,1
0.178761433179,1.0833333333,2.75,1.25,0.0,2.4363107334974323,1.8556195356453924,-0.5806911978520399,I-M,False,4,1
0.216529911217,1.1666666667,2.75,1.5,0.0,2.513098957384112,1.787550831888439,-0.7255481254956728,I-M,False,4,1
,1.25,2.75,0.0,0.0,0.0,-0.8480480806027644,-0.8480480806027644,I,False,1,0
,1.3333333333,2.75,0.1,0.0,0.21711594090856567,-0.7481537893757464,-0.9652697302843121,I,False,2,0
0.40407438038,1.4166666667,2.75,0.5,0.0,1.4099503185070439,0.3353450492771777,-1.0746052692298662,I-M,False,4,1
0.435649968454,1.5,2.75,1.0,0.0,2.6393321465436657,1.466184044259442,-1.1731481022842236,I-M,False,6,1
0.423463470074,1.5833333333,2.75,1.5,0.0,2.6652891839132056,1.4066087780957468,-1.2586804058174588,I-M,False,6,1
0.381744162755,1.6666666667,2.75,1.25,0.0,2.6501672747852627,1.3037891354902134,-1.3463781392950491,I-M,False,3,1
,1.75,2.75,0.0,0.0,0.0,-1.4346318592482667,-1.4346318592482667,I,False,1,0
,1.8333333333,2.75,0.25,0.0,0.4977767612342927,-0.9975912462982441,-1.4953680075325368,I,False,3,0
0.555900026998,1.9166666667,2.75,0.75,0.0,2.6159911771492776,1.0855758521536503,-1.5304153249956274,I-M,False,5,1
0.569776980059,2.0,2.75,1.25,0.0,2.9708259902708205,1.353098816725455,-1.6177271735453655,I-M,False,7,1
0.528806825979;1.44212742705,2.0833333333,2.75,1.5,0.0,2.6070276480466013,0.943209864447764,-1.6638177835988373,I-M-I,True,6,2
0.544750165332,2.1666666667,2.75,1.25,0.0,2.619638961064462,0.8849560899430036,-1.7346828711214581,I-M,False,4,1
,2.25,2.75,0.1,0.0,0.18283367714172982,-1.5905204650530487,-1.7733541421947785,I,False,2,0
,2.3333333333,2.75,0.5,0.0,1.1823662134255362,-0.6346573363711556,-1.8170235497966918,I,False,4,0
0.62279409513,2.4166666667,2.75,1.0,0.0,3.2398301332928634,1.3884018261350328,-1.8514283071578306,I-M,False,6,1
0.631868484324;1.41051338515,2.5,2.75,1.5,0.0,3.265381525882224,1.4072511239509748,-1.8581304019312492,I-M-I,True,8,2
0.640016978736;1.40625883342,2.5833333333,2.75,1.5,0.0,2.7058339264270943,0.8267297628512837,-1.8791041635758108,I-M-I,True,6,2
0.914075228751;1.39307684807,2.6666666667,2.75,1.5,0.0,2.651291493769458,0.7360142183653826,-1.915277275404075,I-M-I,True,4,2
,2.75,2.75,1.5,0.0,1.3327210294381162,-0.592049687907104,-1.9247707173452202,I,False,4,0
0.655296433256;1.07601141308,2.8333333333,2.75,1.5,0.0,2.42730509841605,0.4936945895988276,-1.9336105088172226,I-M-I,True,6,2
0.64945727231;1.37089806485,2.9166666667,2.75,1.5,0.0,3.7108617641637442,1.7748575305181888,-1.9360042336455556,I-M-I,True,8,2
0.645674359208;1.35901210295,3.0,2.75,1.5,0.0,3.7766841854613515,1.8628163667970061,-1.9138678186643454,I-M-I,True,7,2
,0.0,2.8333333333,1.5,0.0,0.0002130681671719259,1.3052408509217082,1.3050277827545362,M,False,7,0
,0.0833333333,2.8333333333,1.25,0.0,0.03997598624891108,1.34831224788307,1.308336261634159,M,False,4,0
,0.1666666667,2.8333333333,0.5,0.0,0.1763691228273645,1.5265615480694783,1.3501924252421138,M,False,3,0
,0.25,2.8333333333,1.0,0.0,0.5695919968801011,1.883356970180595,1.313764973300494,M,False,3,0
,0.3333333333,2.8333333333,1.5,0.0,0.2888569718626286,1.608999176458053,1.3201422045954243,M,False,5,0
,0.4166666667,2.8333333333,1.25,0.0,0.09147862081746538,1.4007336637835448,1.3092550429660794,M,False,2,0
,0.5,2.8333333333,0.0,0.0,0.0,0.979460962018146,0.979460962018146,M,False,1,0
,0.5833333333,2.8333333333,0.25,0.0,0.5115088793367204,1.2110641353292007,0.6995552559924803,M,False,3,0
,0.6666666667,2.8333333333,0.75,0.0,1.1768030567554937,1.6234491647101277,0.446646107954634,M,False,4,0
,0.75,2.8333333333,1.25,0.0,1.4772820058810128,1.682194782926103,0.20491277704509026,M,False,4,0
0.0153268938445,0.8333333333,2.8333333333,1.25,0.0,1.9386050524668375,1.8990931738725139,-0.03951187859432359,I-M,False,3,1
0.089445447331,0.9166666667,2.8333333333,1.25,0.0,2.1948137648244024,1.933506157469726,-0.2613076073546763,I-M,False,3,1
,1.0,2.8333333333,0.1,0.0,0.185090721268943,-0.2130113422803821,-0.3981020635493251,I,False,2,0
0.238234095731,1.0833333333,2.8333333333,0.5,0.0,1.4668663974653722,0.8829272689511871,-0.5839391285141851,I-M,False,4,1
0.294370616681,1.1666666667,2.8333333333,1.0,0.0,2.5186845838577394,1.7892069576175342,-0.7294776262402052,I-M,False,5,1
0.248792204921,1.25,2.8333333333,1.5,0.0,2.5705488504734557,1.7178388286525927,-0.8527100218208628,I-M,False,5,1
0.28052078682,1.3333333333,2.8333333333,1.5,0.0,2.595683479740836,1.624826449255234,-0.9708570304856021,I-M,False,4,1
0.307678122316,1.4166666667,2.8333333333,0.75,0.0,2.6358006568657775,1.554496394326096,-1.0813042625396816,I-M,False,2,1
,1.5,2.8333333333,0.25,0.0,0.5381824999706328,-0.6428533301414037,-1.1810358301120365,I,False,3,0
0.470683363985,1.5833333333,2.8333333333,0.75,0.0,2.682041455455694,1.414363500811294,-1.2676779546444,I-M,False,5,1
0.445726439341,1.6666666667,2.8333333333,1.25,0.0,2.6973532264753515,1.3402516872791765,-1.357101539196175,I-M,False,6,1
0.46516853698,1.75,2.8333333333,1.25,0.0,2.6746307437823433,1.2276144156706281,-1.4470163281117152,I-M,False,4,1
0.711230816097,1.8333333333,2.8333333333,1.25,0.0,2.6529145808425705,1.143446898947484,-1.5094676818950867,I-M,False,2,1
,1.9166666667,2.8333333333,0.1,0.0,0.13618703710387892,-1.409826901705088,-1.5460139388089669,I,False,2,0
,2.0,2.8333333333,0.5,0.0,1.2396495005451862,-0.3963153262252441,-1.6359648267704303,I,False,4,0
0.583744585745,2.0833333333,2.8333333333,1.0,0.0,3.0584145466233985,1.3514303950107922,-1.7069841516126063,I-M,False,6,1
0.594485034297;1.42765725827,2.1666666667,2.8333333333,1.5,0.0,3.11389124323704,1.355662726379601,-1.758228516857439,I-M-I,True,7,2
0.561164379605;1.42000024649,2.25,2.8333333333,1.5,0.0,2.602087391214444,0.8027403794426062,-1.7993470117718378,I-M-I,True,5,2
,2.3333333333,2.8333333333,0.0,0.0,0.0,-1.8461890889891839,-1.8461890889891839,I,False,1,0
,2.4166666667,2.8333333333,0.25,0.0,0.47372697797844454,-1.411533370783837,-1.8852603487622814,I,False,3,0
0.634299449396,2.5,2.8333333333,0.75,0.0,2.534269060049067,0.6404916944623071,-1.8937773655867602,I-M,False,5,1
0.644024120822,2.5833333333,2.8333333333,1.25,0.0,3.322309383571294,1.4037517662261885,-1.9185576173451055,I-M,False,7,1
0.650845894602;1.39216463223,2.6666666667,2.8333333333,1.5,0.0,2.695155376151542,0.7356714844388326,-1.9594838917127095,I-M-I,True,7,2
0.628403331684,2.75,2.8333333333,1.25,0.0,2.6471340054992485,0.6744101895015038,-1.9727238159977445,I-M,False,4,1
0.637164652117,2.8333333333,2.8333333333,0.75,0.0,2.436076666170665,0.4496861753076504,-1.9863904908630148,I-M,False,4,1
,2.9166666667,2.8333333333,0.5,0.0,1.1290319042213515,-0.8627233579645912,-1.9917552621859427,I,False,4,0
0.66324810446,3.0,2.8333333333,1.0,0.0,3.742020117311721,1.7616989412261055,-1.9803211760856154,I-M,False,6,1
,0.0,2.9166666667,1.5,0.0,0.00018357954641334828,1.305369774211766,1.3051861946653527,M,False,8,0
,0.0833333333,2.9166666667,1.25,0.0,0.042351295409090106,1.3485063872749996,1.3061550918659095,M,False,4,0
,0.1666666667,2.9166666667,0.75,0.0,0.20904014276442417,1.5268422234997368,1.3178020807353126,M,False,2,0
,0.25,2.9166666667,0.25,0.0,0.24638875837503083,1.8831562217249807,1.6367674633499498,M,False,2,0
,0.3333333333,2.9166666667,0.75,0.0,0.2509416035840841,1.6089685808934173,1.3580269773093332,M,False,3,0
,0.4166666667,2.9166666667,1.25,0.0,0.09247555437916954,1.399327439972541,1.3068518855933715,M,False,4,0
,0.5,2.9166666667,1.5,0.0,0.9227976433737917,1.9018667295853597,0.9790690862115681,M,False,3,0
,0.5833333333,2.9166666667,0.0,0.0,0.0,0.6991353241408276,0.6991353241408276,M,False,1,0
,0.6666666667,2.9166666667,0.1,0.0,0.21519165146480956,0.6610706286276398,0.4458789771628302,M,False,2,0
,0.75,2.9166666667,0.5,0.0,1.2617930647826654,1.4666250144398565,0.2048319496571911,M,False,3,0
0.0158671649243,0.8333333333,2.9166666667,1.0,0.0,1.9357559258162285,1.8934160509764912,-0.042339874839737224,I-M,False,4,1
0.0901084130383,0.9166666667,2.9166666667,1.5,0.0,2.1939810051287516,1.9305849298342612,-0.2633960752944904,I-M,False,5,1
0.128551645624,1.0,2.9166666667,1.25,0.0,2.2994453431995034,1.9060914801910394,-0.3933538630084641,I-M,False,3,1
0.179507101587,1.0833333333,2.9166666667,0.75,0.0,2.451960831662824,1.865101655534255,-0.5868591761285691,I-M,False,2,1
,1.1666666667,2.9166666667,0.25,0.0,0.5763840891368233,-0.15660676843606502,-0.7329908575728883,I,False,3,0
0.33604328837,1.25,2.9166666667,0.75,0.0,2.5849017730498662,1.7280192597584212,-0.856882513291445,I-M,False,5,1
0.281432865643,1.3333333333,2.9166666667,1.25,0.0,2.600581009877129,1.6247290552811875,-0.9758519545959414,I-M,False,4,1
0.309131216453,1.4166666667,2.9166666667,1.25,0.0,2.6379308547141047,1.5506418226643057,-1.0872890320497992,I-M,False,3,1
0.335458009851,1.5,2.9166666667,0.75,0.0,2.656242874195234,1.468165609851091,-1.188077264344143,I-M,False,2,1
,1.5833333333,2.9166666667,0.1,0.0,0.1749672862783027,-1.1007390046188332,-1.275706290897136,I,False,2,0
,1.6666666667,2.9166666667,0.5,0.0,1.3386746081621947,-0.027991877367120832,-1.3666664855293156,I,False,4,0
0.525409745037,1.75,2.9166666667,1.0,0.0,2.7973263949148954,1.3392759680886326,-1.4580504268262628,I-M,False,6,1
0.483132339222;1.45388596271,1.8333333333,2.9166666667,1.5,0.0,2.86270216297114,1.3406770098527407,-1.5220251531183995,I-M-I,True,7,2
0.443316365774;1.43756890451,1.9166666667,2.9166666667,1.5,0.0,2.6390463025172126,1.0791364145949949,-1.5599098879222175,I-M-I,True,4,2
0.781220198065,2.0,2.9166666667,1.25,0.0,2.6436195904563204,0.9914203744041625,-1.6521992160521581,I-M,False,2,1
,2.0833333333,2.9166666667,0.25,0.0,0.5257708690673637,-1.1998568966040835,-1.7256277656714472,I,False,3,0
0.595779196093,2.1666666667,2.9166666667,0.75,0.0,2.6465422790366526,0.8673678181297722,-1.7791744609068803,I-M,False,5,1
0.608214152536,2.25,2.9166666667,1.25,0.0,3.176649580845534,1.3541881633172523,-1.8224614175282818,I-M,False,7,1
0.61949615516,2.3333333333,2.9166666667,1.25,0.0,2.6098474728414267,0.7377386563518651,-1.8721088164895616,I-M,False,6,1
0.589486110941,2.4166666667,2.9166666667,1.25,0.0,2.6238075023907848,0.7085155342392135,-1.9152919681515712,I-M,False,5,1
0.581376329839,2.5,2.9166666667,0.75,0.0,2.5460779043989934,0.6206783385723624,-1.925399565826631,I-M,False,3,1
0.64792004628,2.5833333333,2.9166666667,0.75,0.0,2.5147191474587687,0.56121604296438,-1.9535031044943887,I-M,False,5,1
0.655723338089,2.6666666667,2.9166666667,1.0,0.0,3.399143117037924,1.4006012873146996,-1.9985418297232245,I-M,False,6,1
0.662489931944;1.37764689234,2.75,2.9166666667,1.5,0.0,3.4448031301730375,1.4298174548839566,-2.014985675289081,I-M-I,True,8,2
0.669718583771;1.37112303574,2.8333333333,2.9166666667,1.5,0.0,2.648766154223393,0.6160246799262254,-2.0327414742971674,I-M-I,True,6,2
0.65208354429,2.9166666667,2.9166666667,1.25,0.0,2.6172274840282927,0.5766599471358109,-2.040567536892482,I-M,False,4,1
,3.0,2.9166666667,0.25,0.0,0.43170514641198543,-1.6062075173007637,-2.037912663712749,I,False,3,0
,0.0,3.0,0.75,0.0,0.00021186533145289843,1.305508920944488,1.305297055613035,M,False,5,0
,0.0833333333,3.0,1.25,0.0,0.04242841166578426,1.348655723271683,1.3062273116058987,M,False,4,0
,0.1666666667,3.0,1.25,0.0,0.20925196823579917,1.5270741506934304,1.3178221824576313,M,False,3,0
,0.25,3.0,0.75,0.0,0.5490919808736754,1.8830022932530972,1.3339103123794218,M,False,2,0
,0.3333333333,3.0,0.1,0.0,0.14693782929248655,1.7558671144048135,1.608929285112327,M,False,2,0
,0.4166666667,3.0,0.5,0.0,0.5653936569280518,1.8703608632113906,1.3049672062833388,M,False,4,0
,0.5,3.0,1.0,0.0,0.4531063652530509,1.431824690613253,0.9787183253602021,M,False,3,0
,0.5833333333,3.0,1.5,0.0,1.087724415869943,1.7864803313896815,0.6987559155197385,M,False,5,0
,0.6666666667,3.0,1.25,0.0,1.1148633799331713,1.5600579164827573,0.44519453654958596,M,False,3,0
,0.75,3.0,0.0,0.0,0.0,0.20426334375139632,0.20426334375139632,M,False,1,0
0.017152669498,0.8333333333,3.0,0.25,0.0,0.6175147015103373,0.5739900051679054,-0.043524696342431834,I-M,False,3,1
0.101882403469,0.9166666667,3.0,0.75,0.0,2.1941198647902542,1.9288446678429074,-0.2652751969473468,I-M,False,4,1
0.141096654681,1.0,3.0,1.25,0.0,2.344247107426034,1.9037948842183554,-0.44045222320767863,I-M,False,4,1
0.1799865162,1.0833333333,3.0,1.25,0.0,2.4563674596583187,1.86688343089727,-0.5894840287610488,I-M,False,3,1
0.217903436594,1.1666666667,3.0,0.75,0.0,2.5337963555627634,1.7976324442199307,-0.7361639113428327,I-M,False,2,1
,1.25,3.0,0.1,0.0,0.19090379143962655,-0.6697260953621496,-0.8606298868017761,I,False,2,0
0.368662073722,1.3333333333,3.0,0.5,0.0,1.4301812663781637,0.44984736442381346,-0.9803339019543502,I-M,False,4,1
0.406165002695,1.4166666667,3.0,1.0,0.0,2.640568726184065,1.547914874136087,-1.0926538520479776,I-M,False,6,1
0.336225439405,1.5,3.0,1.5,0.0,2.66424496704462,1.4698623874082206,-1.1943825796363994,I-M,False,5,1
0.602896479999,1.5833333333,3.0,1.25,0.0,2.6598469891007683,1.3769570794488133,-1.2828899096519548,I-M,False,2,1
,1.6666666667,3.0,0.0,0.0,0.0,-1.37522004307623,-1.37522004307623,I,False,1,0
,1.75,3.0,0.25,0.0,0.5265170299529918,-0.9413982528416831,-1.4679152827946749,I,False,3,0
0.544073834491,1.8333333333,3.0,0.75,0.0,2.6914288353252016,1.158180446874618,-1.5332483884505836,I-M,False,5,1
0.558426281952,1.9166666667,3.0,1.25,0.0,2.9120893684373854,1.3397624526843397,-1.5723269157530455,I-M,False,7,1
0.519655784831,2.0,3.0,1.25,0.0,2.660224482717842,0.9935225105227041,-1.6667019721951377,I-M,False,4,1
0.81712417925,2.0833333333,3.0,1.25,0.0,2.666904356834931,0.9246264227698404,-1.742277934065091,I-M,False,3,1
,2.1666666667,3.0,0.1,0.0,0.1869558909534037,-1.610918523022157,-1.7978744139755607,I,False,2,0
,2.25,3.0,0.5,0.0,1.2303525598289053,-0.612739903745747,-1.8430924635746524,I,False,4,0
0.620916351481,2.3333333333,3.0,1.0,0.0,3.2479507308176174,1.3527179775383513,-1.8952327532792659,I-M,False,6,1
0.628223578159;1.39530992953,2.4166666667,3.0,1.5,0.0,3.299194802563628,1.3571327983200878,-1.94206200424354,I-M-I,True,8,2
0.906214203344,2.5,3.0,1.25,0.0,2.613287925354652,0.6597140805841577,-1.9535738447704942,I-M,False,4,1
0.936616301313,2.5833333333,3.0,1.25,0.0,2.6836875706644205,0.6990845063748421,-1.9846030642895787,I-M,False,3,1
,2.6666666667,3.0,0.25,0.0,0.47600856405809444,-1.557233310410184,-2.0332418744682785,I,False,3,0
0.667281803916,2.75,3.0,0.75,0.0,2.502231353126797,0.44976614957337535,-2.0524652035534214,I-M,False,5,1
0.67213975271,2.8333333333,3.0,1.25,0.0,3.5002985408753426,1.4265544197124407,-2.073744121162902,I-M,False,7,1
0.681033498771;1.36188825089,2.9166666667,3.0,1.5,0.0,2.64508281090144,0.5614269379779908,-2.0836558729234493,I-M-I,True,7,2
1.00919042526;1.35118112312,3.0,3.0,1.5,0.0,2.6131485997456805,0.5247527721445806,-2.0883958276011,I-M-I,True,4,2
